aa	codon	count	freq_within_aa	freq_global
K	AAA	45204	0.76701451	0.03378551
N	AAC	29053	0.55295864	0.02171424
K	AAG	13731	0.23298549	0.01026256
N	AAT	23488	0.44704136	0.01755495
T	ACA	9278	0.12873238	0.00693439
T	ACC	31537	0.43757631	0.02357078
T	ACG	19325	0.26813464	0.01444352
T	ACT	11932	0.16555667	0.00891799
R	AGA	2632	0.03561329	0.00196716
S	AGC	21587	0.27843056	0.01613414
R	AGG	1461	0.01976862	0.00109195
S	AGT	11643	0.15017219	0.00870199
I	ATA	5591	0.06952510	0.00417872
I	ATC	33912	0.42170188	0.02534586
M	ATG	37401	1.00000000	0.02795354
I	ATT	40914	0.50877302	0.03057916
Q	CAA	20630	0.34689760	0.01541888
H	CAC	13032	0.43068178	0.00974013
Q	CAG	38840	0.65310240	0.02902905
H	CAT	17227	0.56931822	0.01287548
P	CCA	11281	0.19039984	0.00843143
P	CCC	7299	0.12319195	0.00545528
P	CCG	31356	0.52922412	0.02343550
P	CCT	9313	0.15718409	0.00696054
R	CGA	4685	0.06339219	0.00350157
R	CGC	29653	0.40123131	0.02216268
R	CGG	7137	0.09656992	0.00533420
R	CGT	28337	0.38342467	0.02117910
L	CTA	5203	0.03637876	0.00388873
L	CTC	14960	0.10459856	0.01118112
L	CTG	71314	0.49861910	0.05330015
L	CTT	14734	0.10301840	0.01101221
E	GAA	53330	0.69056159	0.03985889
D	GAC	25727	0.37407488	0.01922838
E	GAG	23897	0.30943841	0.01786064
D	GAT	43048	0.62592512	0.03217411
A	GCA	27072	0.21230277	0.02023364
A	GCC	34433	0.27002886	0.02573526
A	GCG	45521	0.35698265	0.03402244
A	GCT	20490	0.16068572	0.01531424
G	GGA	10494	0.10646781	0.00784323
G	GGC	40020	0.40602648	0.02991098
G	GGG	14722	0.14936336	0.01100324
G	GGT	33329	0.33814234	0.02491013
V	GTA	14648	0.15396744	0.01094793
V	GTC	20542	0.21592020	0.01535311
V	GTG	35338	0.37144329	0.02641165
V	GTT	24609	0.25866908	0.01839279
Y	TAC	16389	0.43222216	0.01224915
Y	TAT	21529	0.56777784	0.01609079
S	TCA	9465	0.12208020	0.00707415
S	TCC	11568	0.14920483	0.00864593
S	TCG	11958	0.15423508	0.00893742
S	TCT	11310	0.14587713	0.00845310
C	TGC	8661	0.55765888	0.00647324
W	TGG	20410	1.00000000	0.01525445
C	TGT	6870	0.44234112	0.00513464
L	TTA	18509	0.12941275	0.01383364
F	TTC	22242	0.42700814	0.01662369
L	TTG	18303	0.12797242	0.01367968
F	TTT	29846	0.57299186	0.02230693
