aa	codon1	codon2	ligand_codon1	ligand_codon2	background_codon1	background_codon2	mu_codon1	mu_codon2	mu_ligand_weighted	mu_background_weighted	OR_enrichment	p_fisher	enriched_codon	enriched_mu	depleted_codon	depleted_mu	delta_mu_enriched_minus_depleted	delta_mu_lig_minus_bg
ASP	GAC	GAT	112	131	2470	3484	6.695742e-05	3.315149e-05	4.873282399176955e-05	4.7175784104803494e-05	1.205946163117718	0.1633909840564442	GAC	6.695742e-05	GAT	3.315149e-05	3.380593e-05	1.5570398869660569e-06
CYS	TGC	TGT	197	116	717	513	0.005808007	0.00946587	0.0071636367380191685	0.007333603519512194	1.2150844034049921	0.13894114871896354	TGC	0.005808007	TGT	0.00946587	-0.003657863	-0.00016996678149302537
GLU	GAA	GAG	154	48	4811	2009	0.0003089001	0.0001179011	0.000263514199009901	0.0002526366115835777	1.3397509180350586	0.08444214304184519	GAA	0.0003089001	GAG	0.0001179011	0.00019099900000000002	1.0877587426323307e-05
HIS	CAC	CAT	118	127	1236	1323	0.001948674	0.001779026	0.0018607340163265306	0.001860966182883939	0.9945340570292791	1.0	CAT	0.001779026	CAC	0.001948674	-0.0001696480000000001	-2.3216655740845686e-07
