aa	codon1	codon2	ligand_codon1	ligand_codon2	background_codon1	background_codon2	tai_codon1	tai_codon2	tai_ligand_weighted	tai_background_weighted	OR_enrichment	p_fisher	enriched_codon	enriched_tai	depleted_codon	depleted_tai	delta_tai_enriched_minus_depleted	delta_tai_lig_minus_bg
ASP	GAC	GAT	112	131	2470	3484	0.5	0.295	0.3894855967078189	0.3800436681222707	1.205946163117718	0.1633909840564442	GAC	0.5	GAT	0.295	0.20500000000000002	0.00944192858554821
CYS	TGC	TGT	197	116	717	513	0.166666666666667	0.0983333333333333	0.141341853035144	0.13816666666666685	1.2150844034049921	0.13894114871896354	TGC	0.166666666666667	TGT	0.0983333333333333	0.06833333333333369	0.003175186368477134
GLU	GAA	GAG	154	48	4811	2009	0.666666666666667	0.213333333333333	0.558943894389439	0.533126099706745	1.3397509180350586	0.08444214304184519	GAA	0.666666666666667	GAG	0.213333333333333	0.453333333333334	0.025817794682694073
HIS	CAC	CAT	118	127	1236	1323	0.166666666666667	0.0983333333333333	0.1312448979591838	0.1313384134427512	0.9945340570292791	1.0	CAT	0.0983333333333333	CAC	0.166666666666667	-0.06833333333333369	-9.351548356742456e-05
