name	p_kappa_a	p_rho_A	p_alpha_g	p_alpha_n	tr_max	fold_is_j_max	j_lo	j_crit	j_at_first_cross	cross
draw2	1.26522334974	1.06377591444	0.819080397641	0.117203008073	-0.389238310610378	1.0	0.0015231546342581	0.2389819117094907		0
draw5	0.0520275964052	0.015419866799	0.181569030368	1.92435255292	-0.4275507095011902	1.0	1.1875494864324576e-05	0.0557333739241402		0
draw7	0.0452413012648	0.0516869717376	37.3151898774	3.28483176559	-0.2407834782999259	1.0	0.0022677943784246	0.092598588606605		0
draw10	5.85019067138	0.264299113249	0.042298854273	1.19529861597	-0.1158181268704223	1.0	0.0055766953727636	0.0761478374671758		0
draw11	0.022510881111	0.0790187789617	35.1104426003	0.0121505306174	-0.0984982250269767	1.0	0.0068786513927856	0.0378554175089827		0
draw13	7.57726968538	0.0323035156109	35.0256534047	0.0668374789831	-0.3975273876035195	1.0	0.0367415704180704	0.2042986538462546		0
draw14	0.429342474437	0.819323310162	33.8688689274	0.0025583892486	-1.8188813150512404	1.0	0.1538689606997909	0.2650229883529441		0
draw17	6.77911873147	0.710930946756	0.158978201398	0.00119072788347	-0.0262603593404971	1.0	0.011636702643408	0.0234142204218222		0
draw19	0.550190691553	0.235712139134	0.0121806389656	0.877253522906	-0.1671239335083491	1.0	0.0045396078391069	0.0647508331539574		0
draw21	0.14510435193	1.07960783704	0.210171536742	0.256148397222	-0.1804559384964927	1.0	0.0778034346256602	0.5209728495420378		0
draw23	0.0383166460249	0.176338242908	1.42105992596	2.26312503357	-3.2195234823807786	1.0	0.0008564285651689	0.2257895540517043		0
draw25	0.206204256992	2.24749106103	6.94910658963	0.00163584802546	-0.0259340417895769	1.0	0.2713169199770844	0.582334907390931		0
draw26	0.334950514793	1.63353238822	7.6016373819	0.00416191254058	-0.054103578805626	1.0	0.0092730229094066	0.2537697030709441		0
draw28	0.0739459894521	0.178323798682	0.187313301176	0.0337649022218	-0.0036941324891159	1.0	0.0087133596860863	0.0261547546429032		0
draw30	0.609617736337	0.736422862829	0.301203533788	0.00139893054011	-2.8392606988132894	1.0	0.0282736575573578	0.1505045718766268		0
draw34	0.025199967477	9.36409899477	0.258654237931	0.0322206929647	0.0966146822455006	1.0	0.0007903185238526	0.0444443976124912	0.0400072918654414	1
draw37	0.0771122792173	0.129625978973	0.033077264414	0.0124533699849	-0.4004478074153503	1.0	0.0026221970533309	0.0115919991266561		0
draw39	0.135597343259	0.137154503883	0.323951406728	0.00383411179025	-0.0352769559953079	1.0	0.0076809088896731	0.0391242179474028		0
draw42	0.631521509239	0.546523907481	2.0405591706	1.80497293453	-0.27182553970308	1.0	0.002912481272173	0.1706838854008711		0
draw44	0.591926749127	0.0147990502375	0.223579870561	0.00138214131619	-0.0346304139867493	1.0	0.0105724498159141	0.0146883731688285		0
draw45	1.60877698997	0.0234517565345	12.7141304118	0.0167239564221	-10.116698664673946	1.0	0.0024273499650629	0.0225041033792606		0
draw47	0.277986531768	0.27779242698	0.343822920544	0.00170006702575	-0.0144028253832744	1.0	0.0087799531876427	0.0153181251744441		0
draw48	0.0846811694491	0.0443859810776	0.284008989093	0.00174061627857	-7.249790123932535	1.0	0.0140526007538435	0.1818139586089272		0
draw49	8.40321557262	0.230266506803	0.0675743200153	1.49401252423	-0.4683691046151917	1.0	0.005092741612993	0.1475716018037798		0
draw50	2.78455404941	0.0979395211233	12.5213885957	0.372667283823	-0.4269051966011175	1.0	0.0104515152958784	0.0141621981001443		0
draw51	0.1973546023	0.260903603922	10.996473852	0.0074670440939	-0.0229052863344406	1.0	0.028948149639801	0.1399575075234753		0
draw54	0.0998125162663	0.0249073402746	2.8019537696	0.0801398128633	-0.6898537297610299	1.0	0.0175211691172735	0.1508533836683239		0
draw56	1.16908179658	0.721438289209	0.898202534276	0.00199922977103	-0.039712258015539	1.0	0.0010883542668368	0.0773136741009143		0
draw58	6.3312110607	2.31465413405	25.6704067478	0.114117355361	-5.608624865705	1.0	0.2040478362945022	0.3663061430538372		0
draw59	0.927659060698	0.0381316336755	10.640404726	0.384907457778	-2.3741949871914625	1.0	0.0014327514135754	0.0186681080535574		0
draw60	4.27220804848	0.90247778627	23.2241028303	0.00359487053263	-0.169435149888853	0.0	0.0034807401202381	0.0034807396559569		0
draw64	2.13556033866	0.149433310667	0.11665231926	0.0033211527581	-0.0299509257594834	1.0	0.0050608115593789	0.0212551196731259		0
draw65	4.12929668172	4.54433450205	39.4729046135	9.77729497054	-1.521878849459952	1.0	0.1688765807082781	0.3464133190628198		0
draw66	2.78625452695	4.75579571533	0.416931176015	3.47164799734	-0.7264548447062285	1.0	0.0093839683740528	0.4269523675316526		0
draw68	1.31609308918	2.14001879573	0.021080994998	0.00343625779687	-0.0476184493983163	1.0	0.0143806335761813	0.0475561734153136		0
draw69	0.0940998229009	3.2852027263	9.74223226115	3.32972841277	-0.6984567912186374	1.0	0.0014108033126	0.1162532209874119		0
draw71	4.37543110679	0.625176073649	39.3529337466	0.830994481733	-2.2659650445140445	1.0	0.0113977330911998	0.0653331673020418		0
draw73	0.147730347734	9.13604187088	8.17423888799	5.92932063876	-2.179415492080368	1.0	0.0022361936659469	0.6576187964148993		0
draw75	0.856616880394	0.016557670614	14.3289713624	0.0971950403596	-0.7367390207791781	1.0	0.0085806489847862	0.0449721403147306		0
draw77	1.23699560793	3.56810862503	0.628880162196	0.00923003574031	-0.0107907141339143	1.0	0.1093978898792038	0.4228438569691459		0
draw79	0.0140868695416	0.01733907318	0.0538926713155	0.0018590895132	-0.0924809536286716	1.0	0.0004752933525944	0.1369169800102714		0
draw80	0.0228422954514	3.73727159245	0.879853898096	0.481677309339	-0.0981660463792681	1.0	0.0698227579322043	0.7471071293234754		0
draw82	0.279135318152	5.33769775267	0.148946297189	4.79883046914	-1.900399807328443	1.0	0.0257959252868474	0.5219798038232699		0
draw85	7.43837866887	0.0178709417253	2.40550811066	0.0173658177046	-8.442384725465624	1.0	0.0042522434044244	0.3650763538308586		0
draw89	2.49388086976	0.472239824276	15.498754136	0.0570297945559	-1.25487401927655	1.0	0.0198938697436036	0.028212668534424		0
draw90	2.88438317457	0.0931730154056	0.23008071979	0.871947162749	-10.587241214676448	1.0	0.0025616069770922	0.5319137668588758		0
draw93	0.0904556434248	1.20620993721	0.422830808883	0.139053665891	-0.590995926004825	1.0	0.0019907918259525	0.8436359200855512		0
draw94	0.0129699583013	0.789292662102	0.0223865070128	1.00495174847	-0.6956088138936115	1.0	0.0026636106432458	0.226474285292844		0
draw95	0.231635528101	0.18891205059	34.2087349231	2.09752954114	-0.7629788744880217	1.0	0.0711834705609739	0.1077912309816948		0
draw96	0.606413353763	0.549937689369	3.0011775863	5.59429685461	-0.1558743012584018	1.0	0.0003156388211349	0.0222003085060602		0
draw98	1.554167627	7.17451998869	0.299010068765	0.00697030055587	-0.065489999362435	1.0	0.0013587220305678	0.3704392356615355		0
draw99	1.61373905411	0.0204009733601	0.102458682265	5.1002663795	-1.2935824440827268	1.0	0.0007517707255326	0.327679257466211		0
draw104	1.29259441855	0.0510697475595	12.5978872453	0.0470116487008	-0.2206581782868946	1.0	0.0012562607737133	0.0034106144337475		0
draw109	3.97179915581	1.83818450688	0.443600970024	9.95434326357	-0.1986578600818435	1.0	0.0005052793774092	0.0677620693225367		0
draw110	7.80676131033	0.0204303730922	3.86220350886	0.438852510685	-0.7998111992989743	1.0	0.0131935042893978	0.0408827795091374		0
draw111	1.9325835144	0.764149302791	3.48807400325	2.88393797288	-1.8681962457821384	1.0	0.0034228850345084	0.1654164332817344		0
draw112	0.339779789579	0.0427860505144	1.13559828166	0.113592347469	-0.5474693599108371	1.0	0.0081279589684529	0.0468792373922161		0
draw113	3.53350672477	7.87377188888	9.92118859767	0.00547867933903	-1.6630624886072027	1.0	0.5721511074395413	1.7862947598790777		0
draw114	4.12146111637	0.0467381408637	27.6403008525	0.915005111934	-3.067318924706088	1.0	0.0023615752325487	0.0042631466021493		0
draw115	0.391966127648	0.0870570856374	66.8711117671	0.00478724156089	-0.0170528061220229	0.0	0.0003960775546263	0.000396160821949		0
draw118	0.190527870098	0.051775348153	0.754337350507	0.103744015826	-0.9675698914327352	1.0	0.0420873053601125	0.6012661712018057		0
draw119	0.348162108274	0.0419130911334	0.0348100762801	0.731626458018	-0.1291863214069879	1.0	2.1830355479276585e-05	0.0496121959092044		0
draw120	0.03179198778	0.620523456023	72.1344316312	0.00137812655442	-0.1105612620119797	1.0	0.0048614729239581	0.026975262099425		0
draw122	0.0275751879749	0.281289035174	10.839483699	0.170947380342	0.9812060104130136	1.0	0.0215492903365083	0.3168357593157284	0.2653528191905006	1
draw125	4.48008248178	4.77489625962	12.3249334912	0.0391874661987	-4.213859239744827	1.0	0.3164151529637337	0.8000289724061793		0
draw128	3.65849433416	0.0393788334819	0.12168523679	0.0828854950054	-1.7052517115542702	1.0	0.0075357884059752	0.5989742575083494		0
draw129	0.0873963343103	0.110051631351	0.820380642654	0.121543913164	-0.229312180551769	1.0	0.013740542379548	0.1068335739844629		0
draw130	0.427564288532	1.09248310512	4.24121827187	1.23094954392	-1.321009592515765	1.0	0.1106769688955189	0.2217176091765307		0
draw132	0.912493382152	3.96678822281	0.0392539795971	1.72889790821	-1.077818661408945	1.0	0.0022873579299592	0.6285499790883387		0
draw133	9.06655806539	2.91419644699	2.43866087552	5.22143937972	-0.8251637566255269	1.0	0.0843879175687603	0.5956596804257345		0
draw135	0.0590909300778	0.411550926073	0.114062466232	0.00152357353937	-0.1042878317890704	1.0	0.0606519430408001	0.1474911634268766		0
draw136	0.340039259802	0.0529809677712	0.0322346029699	0.00288664365267	-0.023277506983298	1.0	0.0263351899373521	0.2905886710089329		0
draw139	0.0306043261242	1.16714221312	0.281268070487	6.34753924398	-2.409441962337824	1.0	0.003386117275277	0.8357876473831102		0
draw141	5.65282907533	0.199007335545	3.72171267019	0.015055668625	-0.187380056094653	1.0	0.0080227799108917	0.0107100160737722		0
draw142	2.20788585935	4.50348311124	0.0681844997021	0.118814691604	-0.0777072895114268	1.0	0.072328583276069	0.3153873721997498		0
draw143	3.98362637838	0.0425594932679	22.8842527621	0.609103088396	-1.9851915064655865	1.0	0.0065318748761187	0.0669669331854194		0
draw144	5.17189359369	0.338474498822	0.0431256067595	0.121223122415	-0.42148166841618	1.0	0.0030501913911136	0.0043624548721552		0
draw146	0.887459220456	0.467041552445	5.95451969957	0.102264157261	-1.6566504990101905	1.0	0.0174837424787648	0.2219082321068774		0
draw148	1.70203001399	0.0549608245849	0.763187479045	0.00381773567023	-14.46553135502431	1.0	0.4408201991910804	0.5414917921124086		0
draw149	3.204454192	0.61184365865	11.4688541702	0.144157216485	-0.7361325655487019	1.0	0.0021170879414466	0.0878713831767386		0
draw150	0.0593412692567	0.0123610336499	0.20526829554	0.0180965542085	-0.144827543301847	1.0	0.0061385256313081	0.1738436518427872		0
draw152	0.0601443632302	0.220245876947	0.0381686083331	0.0377768473701	-0.0954140455984074	1.0	0.026160764062107	0.1974936747976257		0
draw158	0.295951458188	0.238999315089	0.0190983755079	0.0128896383977	-0.0421160349658838	1.0	0.0491342348933298	0.1662000450034046		0
draw159	0.274157301888	1.38881721227	40.1107866023	5.44681540164	-0.2936449771047385	1.0	0.023602527486913	0.1128982729806121		0
draw161	8.78864795266	0.0302304334645	0.123554307727	1.0485588062	-0.949996972684856	1.0	0.0266898335961238	0.7959158568270426		0
draw162	2.98903299968	0.0742030840988	0.0248517814699	0.0161055549282	-0.4399448882542106	1.0	0.0017779432576895	0.5504779297881648		0
draw164	0.111329449332	0.0208791047184	0.962155360144	5.0907281527	-14.863946615109407	1.0	0.0170438435459797	0.7660837352145347		0
draw165	0.504591639298	5.0971492101	0.072474069108	0.115524804968	-0.3456222955155429	1.0	0.0016481365960402	0.1493962167246919		0
draw166	2.99807087531	0.0554344972187	45.6822795239	0.00136180364744	-3.249414665669131	1.0	0.0019724815063075	0.0051898940352674		0
draw168	0.42516342942	6.77635140078	0.941142821924	0.563754897196	-0.3611626884937408	1.0	0.0011603883602787	0.1149660075839141		0
draw170	0.0496483254832	0.0158995635176	0.166951639359	0.7456272822	-0.4027681176998153	1.0	0.0005228538649806	0.0470644697139404		0
draw173	0.130799253199	8.38437245094	0.0260297430532	0.0232382817335	-5.261653276278042	1.0	0.1267964617659831	2.3760883274724645		0
draw174	6.82121611453	0.61790306029	2.97658718402	0.183827785081	-13.490072964183964	1.0	0.0019729768064455	0.2318178769387248		0
draw175	9.16425672549	0.204547144378	8.11361714898	2.48737961552	-0.8370444210511889	1.0	0.0183074935923188	0.0264138713829378		0
draw178	0.043943089202	0.139610050322	7.01098009606	1.4671554829	-0.4536837083849003	1.0	0.0175826913137955	0.17235832731101		0
draw179	0.146301422047	0.0210227090298	0.339280140752	0.0732179486976	-0.3746785918334169	1.0	0.0238904831245269	0.2242143837130598		0
draw180	0.0815854870533	0.0183112591233	0.0108739152718	0.00609833901508	-0.0787349066428196	1.0	0.0009043146432041	0.2591021354645543		0
draw182	6.50850438601	0.0594576283136	0.16925732201	0.00111467907207	-0.0024116321666129	1.0	0.0079991326900369	0.0154325219922169		0
draw183	8.50990505872	0.0818134535548	0.036798973967	0.0115446916893	-5.268767441088078	1.0	0.0240287918950816	0.0961171562642068		0
draw187	0.0261932531319	0.0183275237468	10.9512863939	0.186764991529	-0.0984439933927862	1.0	0.0010862211972827	0.0179444104838303		0
draw188	0.124590042552	0.0991272031733	0.251285606893	0.0526101109525	-1.1646877076469326	1.0	0.1263502067491762	0.3247636950238873		0
draw190	5.20600948352	1.45230687706	0.147832967102	0.854423494515	-0.0654617923823731	1.0	0.0001140700810084	0.0173439894411874		0
draw191	9.86167287145	1.02016329775	0.0107276698748	0.0356988271253	-0.5176359836154463	1.0	0.0088811099152367	0.0327559989167116		0
draw194	4.49156054393	4.00082138709	6.59070889428	0.0236929526587	-0.4964161101874569	1.0	0.0759364961288866	0.2464078538923224		0
draw196	0.394878123573	4.79394936938	0.0501589552192	0.208270717548	-0.1739131279775719	1.0	5.524602433523133e-05	0.0925764948726942		0
draw197	0.0849789777986	0.0284792789516	5.53607863404	1.06648051511	-2.1724119454299946	1.0	0.0020561525481071	0.2001222433971497		0
draw198	0.0443201925824	1.09557610083	13.5865787572	0.00346239651433	-0.4548786930504084	1.0	0.0615997983320116	0.4011617381571222		0
draw199	0.547656995944	0.307494270411	0.0946042988881	0.00394353555344	-0.3077685791861185	1.0	0.0094512465950405	0.0863289946316938		0
draw202	0.0197458007377	1.65413229619	1.23722157726	0.141804173801	-0.3883161924278444	1.0	0.0201728469704994	0.746042548976489		0
draw203	0.116661977649	0.117953580103	2.83165318721	0.00261679793836	-0.0923304430383144	1.0	0.0409093282945138	0.1135289170801593		0
draw206	7.35206795157	0.585841870749	0.0123285112691	0.298684664972	-0.1714118163422176	1.0	0.0033365706710718	0.2669416607990381		0
draw208	0.588744994818	0.307106327325	0.381797710148	0.384093301907	-0.1189100670434322	1.0	0.0039825386678006	0.0844597172652818		0
draw210	0.0236523119513	0.105151474272	1.60891850146	0.340308712293	-0.3049781421207381	1.0	0.0165686346737648	0.0293505068361234		0
draw214	0.759033044807	5.54098297103	42.1694925808	0.106705439259	-0.710927436045252	1.0	0.1844258530437231	0.6301123957063687		0
draw215	0.123945320953	0.340577943693	0.0522403193175	3.83875239362	-0.1785599653571218	1.0	0.0150073265081035	0.3076068622020985		0
draw218	0.0305301908237	0.0698402587563	65.167828921	0.0282718804714	-2.691907168894341	1.0	0.0416300104199389	0.1780645087881728		0
draw219	1.10062426155	0.0156121617119	0.120274110266	2.56294376577	-0.2257104324035054	1.0	0.0009503441354343	0.0463496801949587		0
draw222	0.103415938747	8.43362082168	32.4306755181	0.00131060564284	-0.1289227553290797	0.0	0.0510842423470112	0.0510766779013161		0
draw225	0.70506135143	0.0524101053503	0.127268681176	2.55717584268	-0.2030309807618632	1.0	0.0007046833384069	0.0355415325583885		0
draw226	3.05078135918	0.217749880351	33.68939539	0.186185972369	-3.4689875669999752	1.0	0.0241946979017786	0.5743741750764841		0
draw227	0.120658219449	0.111951205031	0.0647844796532	0.0024230954844	-0.0761638453722146	1.0	0.0262085466261709	0.1574767588627068		0
draw228	0.0165970433955	0.0360222863582	1.1056290566	0.634722856571	-0.0480814867311486	1.0	1.772380375419664e-05	0.0194240942855368		0
draw229	0.0336828146586	0.0651398427543	0.0526425852722	3.65910135507	-1.3670849920477437	1.0	0.0016784115718007	0.146601495260224		0
draw234	7.5958870987	0.308292956598	79.1412595252	3.53078660398	-0.2392136499113006	1.0	0.0013825168664271	0.022024154483882		0
draw235	0.0302080855829	0.0106395809531	20.0363254191	0.679091765078	-0.4102240069690162	1.0	0.0019527256197522	0.0023787659391457		0
draw236	0.345562647594	0.010948261374	34.7995931301	0.13928877245	-4.857657386942528	1.0	0.0030771732118381	0.0043362580711162		0
draw237	0.874751065308	0.0845450475614	0.0568191467686	0.00814063776053	-0.0482124694493247	1.0	0.0093070352292374	0.1415701325829091		0
draw238	0.840160228071	0.173488261813	6.12277284535	9.6287970099	-1.6625203018959889	1.0	0.0002281200122412	0.0128561490206738		0
draw239	8.28317476055	0.439625635765	0.312339168311	0.0317204488616	-0.1664009218236802	1.0	0.0347935410337439	0.3303598432439969		0
draw244	1.16557945374	2.26593689686	0.0343796810317	0.104160445163	-0.1913063396028741	1.0	0.0888025163400916	0.1453705769671653		0
draw245	0.683605569888	3.52494617451	38.7619699406	0.00236468082863	-0.241878371482781	1.0	0.0151687570174917	0.1051139202481647		0
draw248	8.3473202031	0.0424389941187	96.230638803	0.357107559817	-0.2137938122456233	1.0	0.0001145046551858	0.0010711203385156		0
draw249	0.0916519384267	0.0197753825958	57.6152302422	0.00120927096596	-0.9747573714121646	1.0	0.0050793974015926	0.0094298068108517		0
draw250	0.40391492833	0.0747852536774	0.738064222016	4.41415974831	-0.1131482482600982	1.0	0.0054828064069117	0.0575885513418939		0
draw252	0.0188288840688	5.90177586067	0.0186821354864	8.52339098266	-4.111781347446195	1.0	0.0134174902616905	1.7475097290564163		0
draw256	0.192737115843	0.578731936963	0.154369468891	1.6358079301	-0.0719702575245043	1.0	0.0038375220582263	0.0449680769219352		0
draw257	2.3336743709	8.30285895567	0.013717279964	0.840717606926	-0.7609733691816458	1.0	0.0001177212226995	0.1917001065108114		0
draw261	0.085042478622	3.64592035398	3.96211323097	0.00210408348863	-0.5666834593806965	1.0	0.1790080787555142	0.3636858899961472		0
draw262	4.46465000199	5.53431322298	3.52035326232	0.732827804259	-0.1223743642332789	1.0	0.0198087519895193	0.0885247418094006		0
draw263	0.798275501449	0.533991080277	2.55930704921	0.594483366612	-0.4363260515829865	1.0	0.000146934158386	0.1495862273595293		0
draw264	4.64138147755	0.527549230205	0.0126034686308	0.0365336723553	-0.0218917319783486	1.0	0.0001597844853033	0.0143880021140633		0
draw268	0.0749522452731	1.4656320914	0.330040828378	8.43439511249	-1.6494456513421432	1.0	0.0458400514071004	0.2430910007000825		0
draw272	0.0339214273165	0.0290571125594	25.7803451324	0.0100241099501	-0.1551392685623969	1.0	0.0193666079085485	0.0583787219710698		0
draw273	0.0395862269556	5.41286745664	2.5795775753	0.256474310967	0.4037338194916132	1.0	0.0812737968337254	0.4687575071778409	0.1988480438927258	1
draw274	0.985061501695	2.11325611652	10.937705092	0.00633945089609	-0.2039050543951155	1.0	0.0189469854458683	0.0837304707296137		0
draw276	0.050402339346	0.115879527116	30.0034531625	1.14702632083	-0.2459048346418882	1.0	0.0054181432583897	0.087335969444123		0
draw278	0.599032612729	0.0235534164845	4.990171405	0.282139007324	-7.104534020682231	1.0	0.1946532378573349	1.154761464058684		0
draw280	0.0509432846007	1.33453331774	8.35155741513	0.10458766689	-0.1089500155130282	1.0	0.0148935090945	0.4203819505677516		0
draw281	7.11422281843	0.158018372997	96.5506722799	0.00133695760666	-0.2592300082177395	1.0	0.0207378041056836	0.0564883128179442		0
draw283	0.112476690919	0.0687786239539	27.1695591904	0.377697020529	-1.7145557955436126	1.0	0.0309525937311512	0.0413248025555416		0
draw284	0.0134017046912	0.0161141724642	0.394390054367	1.04526244177	-0.0174715392519088	1.0	0.0036699382176408	0.0422838726058853		0
draw285	2.1019994161	0.012465146289	0.222721325004	0.0908010879864	-0.867321028893703	1.0	0.0466313550197229	2.1093533730442133		0
draw286	1.12743061767	0.755048867448	0.0176671130323	0.0280185197219	-0.4844350758755397	1.0	0.0133591845980758	0.0915491573250172		0
draw287	0.37144541851	0.0671549655576	23.6755333408	0.0118443663465	-0.0703301697919755	1.0	0.0018885023008653	0.007175638160645		0
draw288	0.0611051120909	8.41171962049	23.7571620471	1.43215820655	-0.7440337310446385	1.0	0.0020182446549664	0.5270798656212975		0
draw292	7.91195472562	0.660569723263	0.117421585818	0.0186126103398	-0.3700242806203138	1.0	0.0348038653863543	0.591570079436421		0
draw294	0.0186661646077	3.03200461253	1.61928800984	0.31559404012	0.4021941106800941	1.0	0.0402870173788803	1.7691860070176193	1.7645855467004312	1
draw295	0.0594202057307	0.0245355377971	1.28586124628	0.490371718106	-0.5923565046901644	1.0	8.440195588945599e-05	0.0638686672677543		0
draw296	0.0212046354095	2.10799704045	0.0453579342184	0.485776732733	-0.4596479772478874	1.0	0.0031705092795157	0.2847755418324171		0
draw299	0.0215480311954	0.0750937068056	2.81969486869	1.19696162617	-0.3331477405019968	1.0	0.0145125455300277	0.3803410135953698		0
draw300	3.19180745418	1.38622570996	3.13126734348	0.0420768202872	-0.3856640930773128	1.0	0.0561532539928422	0.1631685214975498		0
draw302	0.0531162961548	7.43308236165	1.01766757396	7.94482476325	-0.659122384137727	1.0	0.0033828389300046	0.3261952154639527		0
draw305	0.0332531722568	6.90898679958	0.273496536165	2.06165846518	-2.126830144763604	1.0	0.0286208317482495	2.2605563819994487		0
draw306	6.25850829864	0.0734362093896	0.510555452836	0.623990606059	-0.3399305731372061	1.0	0.0010365090100857	0.0136764172668924		0
draw307	0.352791229899	1.86078330664	38.5155700956	7.1176254887	-6.408733996039482	1.0	0.0025289213886533	0.9400348281352966		0
draw308	0.138633292951	0.258985019178	0.0206618802176	0.426245445483	-1.5409206412478649	1.0	0.0016756680835749	1.2339410405093696		0
draw310	5.04540701169	3.08585716374	3.45801986839	1.34038977469	-2.19066779796215	1.0	0.0010983412625887	0.2897280327002735		0
draw313	0.560030354278	3.96012788018	0.014242994259	0.820248276628	-0.2580640025024852	1.0	0.0492712343012845	0.0852672830892447		0
draw314	5.11479238254	0.200873567079	0.869672016017	3.04584130899	-0.4668759456420502	1.0	0.0018378889447343	0.1121272699009901		0
draw317	0.0402590604333	0.442078815443	15.5088187867	0.00217309516749	-0.0527074500047159	1.0	0.031135309508706	0.1299861287613633		0
draw321	0.0285852110044	0.0455192672783	42.5050144111	0.059883251091	-0.541469546487777	1.0	0.0017438200869477	0.0203374303623058		0
draw322	0.054207692137	6.20247724962	0.0244933201632	0.042927502366	-5.379418845662757	1.0	0.0315252817114392	0.6584735503642286		0
draw324	1.28877221086	0.292629032968	0.0695590386551	6.96459404342	-12.033343618739536	1.0	0.1322543279945263	0.4939681027541825		0
draw325	4.60346735622	0.264835680458	1.72810161924	0.00587288654833	-0.4838003247538586	1.0	0.0688047083900284	0.3001298725111017		0
draw326	3.11437830059	0.214347054384	25.5054022514	0.0464038724066	-0.8150539400683714	1.0	0.0064491468234234	0.0242710238472761		0
draw327	0.72360976862	0.0199074192063	10.5027994069	0.0102891431436	-0.0553766311979938	1.0	0.0001545346160827	0.0027287747995837		0
draw330	0.0935524002612	0.999775254926	50.1777792442	0.336111801745	-1.2954693950102631	1.0	0.3369436197513221	0.3935610516887867		0
draw331	0.0215700641133	0.432052962726	1.04023486314	0.0771784861958	-3.1115221230823	1.0	0.2028184891731767	1.2233823887405233		0
draw333	0.0845545611475	0.0199897929525	2.44186117083	0.0739957826158	-2.033762024596055	1.0	0.0265854370968111	0.2749985066519255		0
draw334	9.84109973899	0.769351006004	33.0024648039	9.82627986024	-5.742505887965962	1.0	0.0008244135342408	0.130719783942639		0
draw335	1.99298454246	0.0627677256547	21.1488632907	0.0539783273617	-0.4313561776281696	1.0	0.0004980297565551	0.0005917169616822		0
draw337	4.35457103848	6.03626905619	0.0146386367146	0.00806598231214	-1.279845123305151	1.0	0.0717321331709202	0.2160917432419696		0
draw341	5.47691008518	0.0491901610369	62.4648165113	0.430650533769	-0.240537417117904	1.0	0.0460087418196957	0.1158895030096247		0
draw344	0.872185925681	7.11526859421	2.64303699316	0.11377073722	-0.4472206919377086	1.0	0.0079949465770172	1.3777857048991111		0
draw346	0.288287970491	1.4776325178	71.1418435764	0.262736321112	-1.7977281929659414	1.0	0.0186189576171007	0.3484520479345115		0
draw348	0.0146456040066	0.0188535739996	0.077794593824	0.404490248435	-0.3893557720530913	1.0	0.0122112070881447	0.0458506436400146		0
draw349	0.763748618545	1.24238699789	1.8121309845	0.017763281066	-0.1715018308702296	1.0	0.3495764378961133	2.51148290266121		0
draw352	0.365426216604	0.0763894403102	1.41133045353	0.0166789902612	-0.1510871143163513	1.0	0.0010887647658366	0.043172976049297		0
draw353	0.0395983513826	1.59511417294	0.249240900496	0.00442595019087	-4.792803664159451	1.0	1.1595435209074514	2.068043660447616		0
draw355	1.94826554101	0.16158617083	0.267289760454	0.132241975164	-0.127128326135637	1.0	0.0049858009170493	0.0721152943443676		0
draw356	1.76638182656	1.88825417525	0.178294556325	0.180490902625	-0.0828682739385889	1.0	0.006915652196506	0.1247018216362719		0
draw357	7.78104786905	0.286681636519	14.9570914793	0.0566726152943	-4.775773751846085	1.0	0.026621718019441	0.0435726600334752		0
draw358	4.74129645002	0.0593279970017	2.24022850774	1.38283865773	-1.6143447401642996	1.0	0.0072520531419663	0.372206938480539		0
draw360	0.0544190526231	0.496817367739	5.59537385756	0.00106418215079	-0.121658158731632	1.0	0.0066193394730156	0.0621806613446406		0
draw362	9.69056632155	0.156577259502	0.0635362833572	1.31494149857	-0.3506665993754977	1.0	0.0011014747923032	0.0601399905791076		0
draw363	0.286261108593	0.0715546051746	0.0373089777168	0.00739247910471	-0.0266196484590234	1.0	0.013225798550334	0.0734650852996464		0
draw364	0.311724895567	0.965799783509	0.15156279399	0.0169413026918	-0.040404781419059	1.0	0.0414903947836158	0.0798364824074288		0
draw365	0.596294147059	0.0739649839502	0.0108997399356	0.18111208151	-0.5731418597694968	1.0	0.0398179394943785	0.5030858905619271		0
draw370	0.0243237808019	6.19531674828	0.0116786922736	3.64294210871	-2.6157063025936966	1.0	0.0069864659009066	1.238940283808896		0
draw372	0.0534425144429	0.080746659013	58.5523285561	0.0390604438285	-0.5620596417877782	1.0	0.0282932232797573	0.0393856432020847		0
draw374	1.34490598464	0.466693179042	16.7100757191	1.25600605637	-0.2858026148202595	0.0	0.0357426438612364	0.0357421880883016		0
draw375	7.66565445528	0.494088776945	0.733146890147	0.0213382490348	-0.0570791225003026	1.0	0.0383664258090163	0.0865077061896277		0
draw376	0.0115856749769	1.21743834265	0.0112284324144	3.01433893945	-1.7086869396456374	1.0	0.0017761375354338	0.3903276719790194		0
draw379	0.510164916333	0.241507141832	0.0343444054954	0.137186676419	-0.4144847649545622	1.0	0.003966687329951	0.0337298479364329		0
draw380	0.0128631653836	0.0298110753216	0.0144896698312	0.0428004173328	-0.0924456958990558	1.0	0.0314659557238488	0.1375989229039688		0
draw383	9.1790036411	0.183368850094	8.61506720751	0.305318159784	-0.2528169354351975	1.0	0.0003481092145996	0.0561669239547768		0
draw384	0.546593277368	8.85094720581	60.8507772366	9.43663873581	-1.6340803250672291	1.0	0.0001116357136203	0.4446151003899783		0
draw386	0.0430353070181	0.0124352538257	0.0197793929403	0.14857223559	-0.0226560475213427	1.0	0.0002246138255403	0.0192421090027122		0
draw387	0.615654008744	2.28951940578	0.0755035299567	5.94715870046	-2.788062669610812	1.0	0.0628584501719451	1.003074814809828		0
draw388	0.560830191118	4.39742396996	0.132247051968	0.774827940232	-0.6176687016646243	1.0	0.2771721498991509	0.4541600893650176		0
draw390	0.264557844865	0.603965290432	31.6723946714	1.02987789416	-0.4496499915045069	1.0	0.0306525741887703	0.031460253287552		0
draw393	0.54052676441	0.0227971332383	17.2142400828	0.00665702213187	-10.27402041773786	1.0	0.4893422560872894	0.5223535849455573		0
draw396	2.48429179835	1.99035545668	0.123191727764	0.501625266342	-0.4329945927355127	1.0	0.0001919015185879	0.2801317271498335		0
draw398	1.48505458439	0.589625108213	0.0118241737238	4.61126931434	-0.1546437583114232	1.0	0.003977937623825	0.179845580015433		0
draw399	0.821002886512	0.214858735092	5.51565759184	0.280716777849	-0.0232356127359419	1.0	0.0020124008785439	0.0069594202651316		0
draw400	4.64606193852	0.521087435071	0.681201900681	0.00264625107656	-0.0149779725675545	1.0	0.0009185801781351	0.0163081120384761		0
draw401	0.258714339497	0.170904186757	2.32487629672	0.00153284310267	-0.1160742216510969	1.0	0.0142310744936965	0.0540523011973108		0
draw404	3.85843650675	0.157046419597	1.17039714786	1.50166271824	-0.0424697363961734	1.0	0.0018751080149482	0.0161245238923722		0
draw410	0.0182008831141	0.18548390253	0.0731058901057	0.0838670520878	-0.701016312395781	1.0	0.0744577171155231	0.9386706910866268		0
draw412	0.0180682379484	0.179084028386	1.00494174312	0.0722873159461	-0.2681253861814348	1.0	0.0281296774499855	1.4977639363771265		0
draw413	0.0160649006665	1.75027837889	77.3482992266	1.08564725708	-2.2466264301562813	1.0	0.1172476700970202	0.5513219476490537		0
draw414	0.648411551392	0.410779110794	3.61504631888	0.424526932017	-0.1692957180597748	1.0	0.0003601401608686	0.0849808009727827		0
draw417	4.40611269505	0.549353382974	11.3397105678	0.0195087937431	-0.0700730118152388	1.0	0.0026954275883843	0.0134771736206776		0
draw418	3.19458626756	0.0602666232634	0.204725224276	0.0215231476863	-0.1171197826389074	1.0	0.0278273716071388	0.5810153762915787		0
draw421	1.58426309839	3.31477037869	0.396534462169	0.0591026387641	-0.1202215845429572	1.0	0.0012737077479273	0.1203810287102679		0
draw422	1.01603680848	0.260501186201	0.0130851847976	0.90792170301	-0.6093519884415023	1.0	0.0095949797484079	0.0377186159472559		0
draw424	0.026482960254	0.121521725369	0.0479832413785	0.00260251911801	-0.0321954871369185	1.0	0.018731443501608	0.1664838137652007		0
draw426	0.225913037055	0.986305913942	2.61149345051	0.156496433239	0.8813113552419496	1.0	0.0065894381180715	0.1402076834447081	0.1143449648317169	1
draw429	0.208439140805	0.0567623966192	0.0950362704056	0.0352195370621	-0.0235782579720376	1.0	0.0053233285885664	0.1767976775455652		0
draw430	0.0329117277293	0.856529207364	44.1135112777	0.0124951764248	-0.0061684396858877	1.0	0.0018710418091082	0.1196543605448535		0
draw431	0.690045649825	0.0150400381834	0.0135489250672	0.00149074505961	-0.0242601016293635	1.0	0.0804896037004803	0.3433382426384135		0
draw433	4.47039855504	0.563209721801	0.634513768543	8.37597891502	-0.1979009026665439	1.0	0.007400631233755	0.0777214777125858		0
draw435	1.04858933831	0.172792744097	0.907493177222	7.95965133333	-0.1840117758413348	1.0	0.0004768455998101	0.0403280458083556		0
draw436	4.34830679382	0.0598100242841	2.26738085758	9.28314651108	-8.860077789353566	1.0	0.0011026220551567	0.0454583811867086		0
draw437	0.0821704715728	1.42599898065	0.557408265615	1.99545249036	-0.926943401157317	1.0	0.0012868859103857	0.3399849809378298		0
draw438	3.50814175144	7.19441339046	0.4713492845	0.0180136963582	-0.0176121857854226	1.0	0.0118771075626725	0.037219257394924		0
draw439	2.00803019927	0.0547597225217	0.675954726505	0.00110973870957	-0.3254219792281955	1.0	0.0539860372448395	0.0573944701912255		0
draw441	4.72152132715	0.0172129525932	55.9726566193	0.687827410259	-0.2204250217115681	1.0	0.009120112691085	0.0380915383766238		0
draw443	0.0689010491866	3.95458919394	0.0141975512498	0.0911066906162	-0.1895063409119667	1.0	0.011462596987433	0.094913912184973		0
draw446	0.230272399996	0.0922624231197	0.134830180334	0.473720461737	-2.9091719786969894	1.0	0.0015603828804349	0.9711638097598846		0
draw448	0.071468202195	0.0195063464266	7.20684545317	0.303188056025	-0.5416401401695444	1.0	0.0073156542506146	0.1784942822831871		0
draw450	2.12559917725	0.0197096966321	13.3718239938	5.66834726365	-1.822591767162127	1.0	0.0036767417737881	0.0183543262739193		0
draw451	1.20518148319	0.0989908213591	5.72351114476	9.53988629072	-0.1581527132658169	1.0	2.6418356072173164e-05	0.0083201354965698		0
draw452	0.771268694008	0.652542693374	0.369112341797	0.0141747709436	-0.0080643463965611	1.0	0.005297162427353	0.0102859307257498		0
draw453	0.197674672642	0.808295093454	0.0715008758056	0.0271123132889	-0.1627144901977736	1.0	0.0096562829332535	0.1155996390260065		0
draw454	1.61158143768	0.0354168306702	12.8953334593	0.158880004127	-1.1948284365014976	1.0	0.0234568348138025	0.1953127505558162		0
draw455	0.199908922615	7.12383216687	9.44241297728	0.00300628310238	0.0687306483259208	0.0	0.2874488002177437	0.2874486887815737	0.3040138110795093	0
draw457	3.96177410365	0.0491382020821	0.257715730968	0.0361601961571	-0.0303655695550426	1.0	0.000490832888003	0.0163196599890883		0
draw458	4.93961014604	0.163903139111	8.27738815906	0.0252075108827	-1.286347951398635	1.0	0.0020423598971204	0.0613178636639408		0
draw460	0.0177051431345	0.0826139091012	0.0523066460009	5.95690595854	-0.5872224169970189	1.0	0.0092878096763518	0.0539892808736385		0
draw461	0.816562169577	9.52105431314	1.75048540155	0.0869489807396	-0.2077168087416075	1.0	0.0124875788610047	1.405528843988577		0
draw462	1.43582656431	3.36080635931	48.554251736	0.0101775382316	-4.098159118279331	1.0	0.3561762813198055	0.5284837708582252		0
draw464	0.0684980794859	2.8952993455	0.0104978924375	0.00520639215996	-9.994493234030523	1.0	0.164317361656682	0.1718201176688742		0
draw465	0.122908720467	0.0458849177906	50.0277055882	0.115798895916	-5.712670815941575	1.0	0.0034069789755548	0.0482640753001689		0
draw467	1.13869409657	6.3321120678	19.5310246263	0.0017802968655	-1.3785432754209976	1.0	0.4711866015872493	1.4916572383721896		0
draw468	7.08357420502	0.0167066704397	0.0115495987024	0.0452340662781	-0.108797540542528	1.0	0.0019662853315492	0.2320892509015086		0
draw469	0.062082900026	0.0121505311656	0.0180923079181	6.81549843691	-0.6741379354476751	1.0	9.996835308533488e-05	0.0348781003987606		0
draw470	3.30685348804	3.74642649258	60.7642623573	0.00599430621384	-12.815522674075178	1.0	0.1281369316158755	0.2818248899860595		0
draw473	0.0758478293408	0.0985767071277	73.5170679616	0.238791171917	-9.732633186440522	1.0	0.0576399676785175	0.0631400473559921		0
draw474	0.0329872526656	0.914239954925	1.65321341447	0.00681393415753	-0.1458206524209121	1.0	0.0111945930332213	0.13029541762051		0
draw475	0.843467557372	6.5758696272	0.358386428139	0.125021086285	-0.0712371535143727	1.0	0.00125500374902	0.2843994387105868		0
draw476	0.0140352666433	3.26114644939	2.21111010859	0.00447011457299	-18.469003642891167	1.0	0.1631293411548151	0.178688670072521		0
draw478	0.482198462612	0.141169153636	1.79313804417	0.166483810824	-0.7272123167042601	1.0	0.0221586342431861	0.3080960552862741		0
draw484	0.0471017270509	0.192907687592	7.84291604149	0.0103788715684	-0.2467172835734766	1.0	0.0120897549217455	0.0819013078245388		0
draw487	0.118433830466	0.391372253906	7.27596088914	0.766215192788	-0.0303399463064523	1.0	0.006813588699456	0.007358899902287		0
draw488	0.747148725724	1.12173664583	0.0460958660297	0.00719000617636	-0.066405558439135	1.0	0.00769269678036	0.1195428071044909		0
draw490	0.0259118786557	0.129499362722	5.0364714615	0.458762432239	-0.8737215977667464	1.0	0.0366044982517204	0.4787697909614729		0
draw492	1.55270792668	0.0600507895387	0.39337164066	0.653764600393	-0.0826268479683274	1.0	0.0017980652383721	0.025590102762401		0
draw493	4.97145128086	2.26460126884	0.0463128197087	0.0350812449618	-0.0561804955767134	1.0	0.0107846169378156	0.0799257779730661		0
draw494	0.262248014247	0.158978669736	0.0407148249552	0.0198208130822	-0.2335435720813687	1.0	0.0033813694218306	0.2423919456093369		0
draw497	0.463902904571	0.0164114956732	58.7865635686	5.84071220914	-0.1678820525027597	1.0	0.000292727062329	0.0012990944313871		0
draw501	1.72709308763	0.300404626644	17.8395864824	0.0995140682732	-0.2009181982198692	1.0	0.0004039791015891	0.0218961874143076		0
draw502	0.0485984588319	0.448191214944	0.878820968556	1.08101549837	-0.412233175178549	1.0	0.0016535144049802	0.1771175025927922		0
draw503	3.81744786434	0.749546516513	93.1330204774	0.0552236090641	-0.0394189723126949	1.0	0.0014873073585283	0.0091561200245458		0
draw504	0.233093477585	0.124063862106	0.309509173418	0.730196126626	-0.2145151666786295	1.0	0.0037422255983516	0.1455903409191115		0
draw507	0.0624440349622	0.213357042416	0.0772110680417	0.69803952918	-0.6668547390436936	1.0	0.0098735303047945	0.066683589852789		0
draw508	0.0284159631364	0.0771820150103	55.4954637485	0.188781121272	-0.1829653440849777	1.0	0.0129796292266625	0.1233583182623597		0
draw509	0.252896960856	0.0773960645613	1.31095163187	4.69105364802	-0.2003978521555077	1.0	0.0024692690900215	0.0374769572325674		0
draw511	1.40367943429	9.39762603816	0.0152146268664	0.0140722872322	-0.1628399649042201	1.0	0.0259335142778853	0.0766003331099958		0
draw513	0.0198125225825	0.284876379635	16.7198639973	4.07029098736	-0.3647929749853587	1.0	0.0013042536708498	0.1171177143612572		0
draw515	0.770150362998	4.72071757984	0.0131692307405	0.0138424550695	-0.0385380156453898	1.0	0.0428369639210979	0.0499749618824015		0
draw517	0.0195849336822	2.39180470106	11.8921173102	0.246346695406	0.8642565962539761	1.0	0.0723625916478356	0.6289835083193567	0.5586208732056795	1
draw518	0.0192619677846	0.163206408387	0.153711814349	0.00463918817475	-1.7243843638051883	1.0	0.0067694283739378	0.0697114751295559		0
draw521	4.87684169696	0.0255271242921	4.68501956569	0.266209962019	-0.0644332355743582	1.0	9.96580759200298e-05	0.0255253142247443		0
draw525	1.2412475866	0.721514251589	0.486268151049	0.984064737466	-1.316631283712426	1.0	0.0358275753121532	1.444694139692121		0
draw526	9.9649334181	1.0621558745	0.0536250289147	0.714433210342	-0.1338572732089172	1.0	0.0022489688028496	0.0477616459954828		0
draw528	0.191380188319	0.0244041540634	0.663143156057	3.31080943924	-0.522522127623035	1.0	0.0001536802293233	0.0520521562884343		0
draw529	0.396717414469	0.0815808539501	54.7437541982	0.134379324012	-0.0720397314942259	1.0	0.0088006280588824	0.0151591710921569		0
draw530	3.81032133605	0.0846518011415	1.03906639815	1.63047742018	-6.200286975507217	1.0	0.0008594222774136	0.4964166851397689		0
draw531	0.0588516204339	0.927008790084	35.2668581418	1.83022762976	-18.50702310154526	1.0	0.023121407186537	0.2511705755886008		0
draw532	0.33665156234	0.0558956234811	2.96711586876	0.940084192908	-0.110567193770537	1.0	0.001755199967855	0.0535586675291848		0
draw533	4.31156088646	0.814766550448	0.197850786115	6.43753870713	-0.3365987424666044	1.0	3.013616954255914e-05	0.0280731053301086		0
draw535	5.2191017113	0.0363300216341	51.8767660694	0.033207432388	-0.2541917281970529	1.0	0.0003648907779687	0.0017707157631323		0
draw537	1.6318411235	0.267684632636	0.538995693403	0.254748132397	-1.205545180078878	1.0	0.0029433168762131	0.7250955836815198		0
draw538	1.39031012468	0.0917111695754	0.0190080642752	0.0824507770485	-0.0431984233771073	1.0	0.0103373817836025	0.0578971798473378		0
draw539	6.16130064555	0.292250346682	1.37825890431	0.531386673862	-0.5313054251515845	1.0	0.003921659920526	0.0193688593836503		0
draw543	0.129427073507	1.30850406575	5.41721090632	4.39077854465	-0.3389558511323486	1.0	0.0294998935032875	0.1202012776948503		0
draw544	4.33606194175	0.0228201802467	29.5812973532	0.00522668095785	-0.0774826658833669	1.0	0.0018132372216047	0.0051494993552923		0
draw547	0.326067406224	1.42865067444	7.07044709339	0.292216069882	-0.0022916385065618	1.0	0.0063634845763423	0.0333335175305593		0
draw548	0.0294885178035	0.0124179644497	0.475237118386	4.33648980287	-1.1623797322570777	1.0	0.0004464257460506	0.0597254187514546		0
draw549	0.0106881468703	6.01668753261	7.19085336148	0.118990823418	1.3560319384550952	1.0	0.034769399918127	0.7790429844701616	0.7641781153990804	1
draw552	0.580558280125	0.0231945022994	0.158309144375	0.315962452529	-0.071067365029519	1.0	0.0006987563781451	0.0328903128014758		0
draw555	1.10191683118	0.0152797747856	0.0964117197163	0.0399645909649	-0.0279960346685018	1.0	0.0016312174506319	0.0151362738192393		0
draw557	0.0642798521991	0.100129810586	5.92737940203	0.130853682541	-0.0150075090525287	1.0	0.0010396823332141	0.0282883968958562		0
draw558	0.215768837221	3.24243366176	0.0800678124955	0.00764873029997	-15.148169524240826	1.0	0.2626921302982929	0.575151067420783		0
draw567	0.228999821639	2.51676239639	38.2760389877	4.281554848	-0.5354618270042104	1.0	0.0121178609197047	1.0273668999277576		0
draw568	8.16369204541	2.08108402203	0.0109773468577	0.293598629307	-0.4040312648824381	1.0	0.0038390653975964	0.1546840699228885		0
draw569	1.41270441902	0.835379566034	0.0235565879996	0.0141480035477	-0.3760950986181191	1.0	0.2805663916700088	3.4492735039987656		0
draw573	0.195269961242	1.72513237006	0.0592954449904	5.54282326598	-2.70187789373771	1.0	0.0385404445849431	3.40300364319475		0
draw577	6.2252037568	2.33084471631	27.0242950817	0.00225564109148	-0.0392413368989244	1.0	0.0143287903921946	0.0152639436623629		0
draw579	6.84884571542	0.102902941346	0.105293732132	0.00134133775682	-0.0014089184286827	1.0	6.5736561500192105e-06	0.0008280268570552		0
draw580	0.322036836117	0.972128531564	99.3740582996	0.0715284116833	-2.364150689887851	1.0	0.1395354077546441	2.318228293517521		0
draw582	0.0862001868105	0.0711333284234	0.0830785391999	0.301986713329	-0.161049271484988	1.0	0.0190492371004691	0.162689973199842		0
draw583	2.95514201766	0.104867339462	0.33273106389	0.0230066615178	-0.3455704042555008	1.0	0.1692088914722249	0.7404092987873733		0
draw584	1.73181512283	0.0136861244145	0.103533826057	0.506230443726	-0.1817751686813341	1.0	0.0028250701445792	0.0676374343508076		0
draw585	0.0596681418376	4.92108974475	0.651258984602	0.00108016136981	1.91216791531098	1.0	0.0145312383147569	0.5836601708123301	0.2713936283814878	1
draw588	9.89984123685	2.49199339502	28.6212802863	0.0110283052863	-0.1394510574921769	1.0	0.0198713549968723	0.0582066084392172		0
draw589	0.0142755532745	0.0811555672853	5.75246561367	7.46711371654	-0.0061698008347206	1.0	0.0006298608833883	0.033540934113432		0
draw590	0.807667743501	0.0712716361012	0.474495459723	0.127530549577	-0.2163159715233555	1.0	0.0113286834434395	0.9512489128206272		0
draw592	0.0313926385155	0.242995956279	3.17788346053	0.00827434278344	0.1479912105838229	1.0	0.0016435722831994	0.0246059238475078	0.0227415886698673	1
draw594	0.143103689127	1.57419427444	0.781090328367	0.00676519277375	-0.2615517753209389	1.0	0.0024330428379223	0.1119582402037517		0
draw595	1.52406638617	0.644779489544	7.47570021372	0.00400306107988	-0.0092266975187989	1.0	0.0008574185140413	0.0068186007167069		0
draw596	0.0203717956782	0.17369405202	0.0698551678966	0.00704499828092	-1.5999962514073214	1.0	0.128198451571497	0.1794797347642432		0
draw597	0.238299292855	0.190918362311	3.27831431706	0.00434677193096	-0.114342795410127	1.0	0.0089295300795447	0.2732955570938872		0
draw598	0.121344260827	1.73948211109	47.1421968517	0.249334896219	-7.556752709413199	1.0	0.0944862605453911	0.1107836344314003		0
draw602	0.0129104657424	0.0359500731229	10.8490792964	3.42166469843	-0.303998373563154	1.0	0.0001381279912564	0.0441413753640063		0
draw603	0.0166171395001	0.0134618735837	0.0652829978088	0.00419670708949	-0.0867997151517335	1.0	0.0137862759960281	0.1021056983604086		0
draw605	0.356774605993	0.0314844219524	0.0173369065493	0.0682001580636	-0.097737685499622	1.0	0.0009334353655249	0.0377950345753424		0
draw606	8.39024228828	0.0300168164084	93.0360279976	0.270841768967	-0.6462942628583516	1.0	0.0209882814966377	0.0445698563310384		0
draw607	0.0208933674414	0.0298266977276	8.30395138984	0.00346917656402	-3.462045423271144	1.0	0.1450813448796659	0.3745959283735535		0
draw608	2.54311990026	0.537748636741	20.7710561906	1.42829797485	-0.576205701225984	1.0	0.0106459623928572	0.0263074733344852		0
draw609	0.240831276351	0.134218972064	3.39525052907	0.0197850827178	-0.111230915774796	1.0	0.2503884697668751	0.9425441989515232		0
draw610	1.05600670239	0.0427129590684	0.0303372663545	0.141980676376	-0.0173364346367728	1.0	0.0049628085564314	0.0270254665548096		0
draw611	0.825860090273	1.72389321409	0.0717279829937	0.0795252392373	-0.0888904244841971	1.0	0.008136574399876	0.0939715198524235		0
draw612	5.617628194	0.0100754058916	20.6197259878	0.015091564029	-0.0281034725512097	1.0	0.004285198059962	0.004327659134249		0
draw614	0.0156406985494	0.0287658175501	0.0597144420306	0.590316149704	-0.0778971838900032	1.0	0.0003337016521846	0.008861857415148		0
draw618	0.590327133442	0.889265392672	0.256890624576	6.78586057555	-0.2779838472207119	1.0	0.0028714480055739	0.0926395844415812		0
draw621	1.62762618866	0.196826087001	5.22924265711	0.0139833777799	-0.0271361530811027	1.0	0.0007421789424913	0.0076309794098557		0
draw626	0.0122314543705	0.947687957137	29.1903806168	0.0670530766056	0.2705360277738332	0.0	0.0987848007385434	0.0987836920875903	0.1039919979938252	0
draw627	7.68696439528	0.0880458558277	68.481131878	3.99147239341	-0.3284351676120133	1.0	5.571078573137807e-06	0.0019578780943673		0
draw629	0.149247878911	0.221433690079	0.0349674116643	1.57941038013	-0.064977748622807	1.0	0.0080609590636361	0.0331878227124344		0
draw630	8.33601695699	0.0270275959316	0.298328841966	6.68322810538	-0.063470837909187	1.0	0.000970421720955	0.023950969400495		0
draw632	0.0455125434467	0.519362474852	0.0125719183077	1.48207964453	-0.4797164143306458	1.0	0.0536437380914399	0.4623637970805108		0
draw634	0.0143848574843	0.418364985701	2.42092085234	0.492966840429	0.3865163724353959	1.0	0.0182517433771683	0.3821007232098466	0.3471315632762287	1
draw637	0.13371788615	5.68092173961	1.53638222601	1.67232438365	-0.9353384877645806	1.0	0.010327329390008	0.9958370580441188		0
draw638	9.3134821666	2.50042117481	0.75240619694	6.67132988884	-0.0393095441861236	1.0	0.0033488204484904	0.003706073947851		0
draw640	0.0696593983875	8.90165998065	0.0404287233743	0.00646178604696	0.310534847267386	1.0	0.2356186044748775	0.7372603030383432	0.7285180940189955	1
draw641	0.172561160257	0.619576256093	12.2561440339	0.0513182759666	-0.2892661640565044	1.0	0.0311027218944687	0.2040729460106426		0
draw645	0.161583183474	3.7843139551	2.44386215216	2.8353322318	-0.9316992096751274	1.0	0.0124018346514649	0.2891482967926566		0
draw646	5.24521834032	0.153727134278	40.0507540236	0.00384730584627	-0.5453101433736948	1.0	0.0005067654871549	0.0130446996138944		0
draw648	0.0618737759418	1.91866443866	0.0186113432533	0.00365337941176	-0.0111484425877411	1.0	0.0344748867432874	0.1396909217008444		0
draw649	0.910792599517	0.314303604836	0.796696006367	0.00546135494639	-0.0160003065687185	1.0	0.0503380134038347	0.2033017312600966		0
draw655	0.729480353801	2.5919101114	31.5098592704	0.406217411855	-0.6205053841990626	1.0	0.0001761555282072	0.0269701632350259		0
draw657	0.375114429503	0.0162366860772	0.0160926137284	0.0234787440275	-0.1433207639156998	1.0	0.0016588912009996	0.0529781472823763		0
draw658	1.2382772289	0.0503442550949	0.715130151998	0.242615631388	-0.5914151134436466	1.0	0.0033190365193953	0.6040627757531187		0
draw659	1.90816146565	0.0347605671889	0.028188832846	7.08112150924	-1.3471751537313743	1.0	0.000574047728065	0.0882925261048023		0
draw660	6.13515889605	0.0934120006726	0.0662233326914	0.892587866279	-0.1454285448335986	1.0	0.0028866599919453	0.0244059706224488		0
draw663	4.43438002075	5.08984867841	3.80010337045	0.0510341466142	-0.0900849307124447	1.0	0.0186689069747124	0.1440861291028434		0
draw668	0.179496143779	0.0480086315865	1.0106749638	0.0182175522665	-0.0138852982272338	1.0	0.0088254869236624	0.0166644395733964		0
draw669	0.108165779041	0.094182591412	0.0158584409362	2.65955333415	-14.981272920683269	1.0	0.0543665003785619	4.858895957712553		0
draw670	0.0549398861909	0.0236615478731	37.3635106825	3.69179010055	-0.698180381676455	1.0	0.0002497021479988	0.0182177829981574		0
draw677	0.181685673758	0.322206178812	0.225296840569	4.1070109711	-0.0901358632663236	1.0	0.0136942356768228	0.0596508581827813		0
draw678	1.4398055147	0.438187214525	25.3909674252	1.27333564363	-31.13426533769033	1.0	0.007298366211915	0.545782922607363		0
draw679	2.31209631597	0.0697551599793	1.51889613424	9.14434238328	-1.6371741718873176	1.0	0.012285952683027	0.1740235745658711		0
draw680	0.140994765387	0.535845936177	1.69553170535	0.00372087264619	-0.328806852730628	1.0	0.0162577069632303	0.0858820051292844		0
draw681	2.03144411628	1.0941661044	20.8243746611	0.00381367696388	-0.3594641749693447	1.0	0.066923233109305	0.1400890229829075		0
draw682	8.84346846548	0.0253669940863	0.221284465061	0.0787321734643	-0.7336763557193826	1.0	0.0031202874961474	0.6417119275363871		0
draw683	0.113771420102	0.113629633294	0.225863436327	0.00112592458616	-0.0819989431023687	1.0	0.002627601497976	0.2310866270224332		0
draw684	0.0613890584704	8.5164436438	0.0274276602964	0.00173470505756	-0.1014564794041414	1.0	0.0875070551912731	0.5467455482598153		0
draw686	0.0174478231653	0.361764570437	0.0969891647724	0.012587438955	0.0643854618139265	1.0	0.0285390393457099	0.1054182985128677	0.1045673325066291	1
draw697	0.480298805606	0.0388771367849	20.023503471	0.00572261972995	-0.1422560378860753	1.0	0.0019265965442127	0.0020161295214793		0
draw698	2.2224255359	1.173387959	0.119848477488	1.19080529474	-0.3337319419541031	1.0	0.0013927975778262	0.0236041043941152		0
draw699	4.44413342599	0.62814549856	0.0478895597996	0.0487876924668	-0.6212240675573838	1.0	0.0161111906060578	0.127360953683321		0
draw703	0.0510174316165	0.174990788354	0.0457604905738	1.51743224615	-1.8083250984386927	1.0	0.0002093625542156	0.2055474260931728		0
draw705	0.515041415369	0.0373562455945	49.2523355097	1.91440181902	-0.5780216863972445	1.0	0.0015185064244132	0.1553181216167973		0
draw707	0.225685068553	0.120326369691	69.0810351409	0.568456513927	-0.6862767180365156	1.0	0.0025560906954377	0.0221072860889581		0
draw708	1.18100390884	0.0310055218662	0.090548049412	7.41052333826	-0.0571326563908763	1.0	0.0026848357193655	0.0599518517841385		0
draw709	3.91176425333	0.0102676669314	0.0147585425996	0.00215629907877	-0.7909648470568423	1.0	0.000996853231246	0.1260971547365066		0
draw713	0.0891269874313	1.17994865356	1.84934632308	0.00627874602223	0.0166230506343607	1.0	0.0081594639613556	0.287394367867151	0.0335057436473321	1
draw715	5.18651109777	3.34804565851	4.91626320508	3.40771391546	-7.786033564689188	1.0	0.0011724629134256	0.1903873844415373		0
draw716	0.961538742832	1.28322790615	0.0464480263321	0.00155857088615	-0.0555601993786413	1.0	0.0247783449542956	0.6092375078993406		0
draw717	8.09053870018	0.0185887581633	0.0424945272398	0.0571851550832	-0.0592152285129139	1.0	0.0165109371069643	0.0640456737037185		0
draw719	0.131254616589	0.0506491621775	1.04791608918	6.32341770325	-0.3638977833506829	1.0	0.007256111840444	0.0823780084730776		0
draw720	2.52014632626	0.0382459162957	0.317891092743	0.0777310241864	-0.0110323397390449	1.0	0.000143329925588	0.001719273303034		0
draw721	3.68455979255	0.090901608141	15.7100701149	9.13328077184	-0.0761285367475129	1.0	0.0006817058437401	0.0144723523204909		0
draw722	0.0110774451472	0.0410272258054	0.0710045127835	0.301059244104	-0.0438167679609653	1.0	0.0003024921994838	0.0121867443152951		0
draw723	0.0785977106676	0.408928434676	0.276305045025	0.00309488522445	-0.0526666051945272	1.0	0.0151528658146963	0.1014143583516006		0
draw724	5.46091477167	0.397230696118	27.909914581	0.441169218195	-0.0938511472904381	1.0	0.0009524436288308	0.0020182977135171		0
draw731	0.384079761358	0.0785779017613	1.35932898783	0.558679279067	-0.1155742656768591	1.0	0.0012368696911268	0.0248411661686704		0
draw732	0.0299479713565	4.19648807541	16.5586905586	0.146562324444	1.3787772019612472	1.0	0.5230088822081191	1.731472449470694	0.5230088822081191	1
draw736	4.78818886607	0.215819706059	0.464608723977	0.0119102341956	-0.0983195854793032	1.0	0.0602783883411148	0.1475042433565628		0
draw738	6.60182249574	0.413842497877	0.0311190382798	8.92266827156	-0.0975889890693152	1.0	0.0366316294135499	0.2535922799527244		0
draw739	0.0164106743103	0.0678668524689	0.0849556315868	9.9327401978	-0.9713530589266632	1.0	0.0022732348278211	0.0932902585309861		0
draw743	1.17342911099	6.75179708151	0.107514981644	3.31487465668	-0.7240961626186609	1.0	0.0011023937682751	0.2293847513773183		0
draw744	0.0106199127979	0.441556978211	0.0962169204807	0.0037941017227	-67.92743304482923	1.0	0.05243842509222	0.1082084439401257		0
draw745	0.613905751075	0.322614208955	0.213682799735	0.0634027262497	-0.6601517650759003	1.0	0.0221789879056588	0.0749795613616243		0
draw747	0.0466262493923	0.0202642073857	0.182368907118	0.00582924308932	-0.0689891994307009	1.0	0.006040329932112	0.1094163960628929		0
draw748	3.68835205583	5.43693892066	0.0573750941656	0.0513945488627	-0.3668814270856015	1.0	0.0016028076769396	0.2553446012312276		0
draw749	0.0579609716195	3.83553678858	0.0155782558359	0.0237877304655	-0.5733180102227835	1.0	0.0404642953095549	0.408035878947675		0
draw750	0.717256757646	0.41225195819	0.0403639994581	0.0378977147638	-0.1299136580831948	1.0	0.000887837887146	0.140874462880102		0
draw753	0.129939037917	0.0156570117444	10.0165774855	0.162915818914	-0.0418219596991894	1.0	0.0008762237113313	0.0008824554020789		0
draw754	0.584475993016	3.39460949903	18.0025883317	0.365978391646	-0.0942446173991114	1.0	4.95088988769133e-05	0.1099492595188151		0
draw755	0.153773290081	0.505589655058	47.662186622	1.41742844296	-0.2244881732095286	1.0	0.0003605962838631	0.042531559046922		0
draw756	0.0742231567256	0.0127609667201	0.277677890257	0.00189537327112	-0.0220380182568402	1.0	0.0244631478229472	0.0996480049612529		0
draw757	2.29084708625	0.0546731005239	49.4613504794	8.65604765956	-0.3983449077167483	1.0	0.0002804142563525	0.0281818768162382		0
draw759	0.0390024222417	0.0448945212652	0.0446874847391	2.89096805856	-0.4593485250896835	1.0	0.0048088787678559	0.0987047579474057		0
draw763	0.136756474451	0.602590971308	0.0170183487432	0.00239121547948	-0.3308205273872019	1.0	0.2263674344382991	0.8044542831927715		0
draw765	0.227958317404	0.0575840979956	0.349379280267	1.12506027158	-0.979966192495818	1.0	0.0015023360665504	0.1984920387998715		0
draw766	0.559007616008	0.861616116574	0.0366611362193	0.00174432106905	-0.0016096289270505	1.0	0.0095771907947399	0.049121061553678		0
draw767	3.25416112582	0.0589787759491	1.25197921909	3.2961303137	-0.9444979193349076	1.0	0.0060478565417729	0.1670528518584705		0
draw770	0.0360927138273	0.606433063241	2.15500344139	0.337420197681	-0.5271952983549839	1.0	0.1911609616785405	1.6209494744429496		0
draw772	0.271404805075	1.04025832369	47.7319428113	0.00426149019216	-0.5157608208232632	1.0	0.0062020934489198	0.0939940024441917		0
draw775	0.038870074775	0.80422296592	0.0902371350107	4.68979234658	-4.06120606278593	1.0	0.0015372482256536	0.2638299761051206		0
draw777	2.30129564796	0.282590371688	7.98144479489	1.71448123972	-0.6177341300447466	1.0	0.0073188037935131	0.272237819758061		0
draw778	2.46925688171	0.0393050844317	9.58330615096	0.0596101674457	-3.4706713554271	1.0	0.0254230622778228	0.0478740666407261		0
draw781	0.403788186983	0.148560956009	25.9056472188	2.45166826782	-0.0696235797749724	1.0	0.0012691729441757	0.0354201325845446		0
draw782	0.0302492532365	0.0241130543055	0.0387023930556	0.094905206055	-0.4484917352697292	1.0	0.1028641055930008	0.5320486549609548		0
draw783	0.0188927492063	0.991581951883	0.9943916104	0.0980684507551	-0.2022567548630863	1.0	0.0040832081056457	0.1369016436537724		0
draw786	0.0937757305483	0.179720518533	15.244363678	0.129233442752	-0.3376062641285154	1.0	0.0300395774715759	0.0491529261952362		0
draw787	0.829330526278	2.20976691685	27.4574178333	9.49431717263	-0.6926138647081683	1.0	0.0488499930832616	0.442132204933821		0
draw788	0.0923600865489	1.86307083458	0.102087661056	0.789854989206	-0.8519696103634403	1.0	0.0009633423341536	0.4172445957209829		0
draw790	0.042881560245	0.0225967466157	10.8735400034	0.0930268504886	-0.2760892641195917	1.0	0.0213005492542667	0.1537256693511027		0
draw791	0.0900831261195	0.0129645661499	5.26725777504	5.89626879844	-0.3986187810247042	1.0	0.0032857868261672	0.0146818319433515		0
draw795	3.90211953197	4.24043234359	13.2328866689	0.00285915549505	-1.0870858257984777	1.0	0.1324653851182305	0.2343996304342661		0
draw796	0.0200003334093	0.0200115415081	87.0783841786	5.99814902057	-0.363570619757458	1.0	0.0071697291894885	0.018361739612011		0
draw798	1.61950758415	0.0172626245323	0.0832176757551	0.106933805753	-0.1192606034640561	1.0	0.0005610920938804	0.0501951513686963		0
draw799	0.958270102396	5.85230366649	10.7887026149	0.13532260135	-0.1388049643364794	1.0	0.0364483810557974	0.9202195642177008		0
draw801	0.282412072641	9.10713230579	9.4225724104	2.49893427464	-2.0551043920058536	1.0	0.0008556203531107	0.4059447744899747		0
draw803	0.0115325989061	1.36997380508	0.138363808895	8.2369473034	-0.807315095722639	1.0	0.0246978126522185	0.159872880734661		0
draw806	2.68022455003	0.0217158314646	4.78298727014	0.00785682887434	-0.8223953721625453	1.0	0.2412868575717941	0.3125903383132026		0
draw808	4.30409150929	0.531946716766	20.9672729781	0.021870709232	-0.2346614464141035	1.0	0.0633327430831464	0.1645389634039187		0
draw810	0.952934459719	8.98201112372	0.0144378441644	0.0183933230768	-0.3786180097439018	1.0	0.005185539726377	0.3339463117224088		0
draw811	0.0604410526277	4.32939628819	0.0607218276398	0.0607884561798	-0.1128356254674577	1.0	0.0100960486867053	0.0657883751645403		0
draw812	1.2092455439	0.013542153568	3.04639190049	0.0150081768616	-1.468281406974901	1.0	0.0034969049181869	0.0299256919420651		0
draw814	0.203303138661	0.515606325835	0.0264598925847	0.00315539891935	0.0182027837939867	1.0	0.0440598857842919	0.0531421563494881	0.0522969891564488	1
draw815	1.40136820734	1.62344327721	0.175308406073	0.0213969318952	-0.173864633559236	1.0	0.0190804104000785	0.1202605769597704		0
draw817	0.0622771814033	0.0488628608699	0.0258713480205	0.00924872448661	-0.0905266603907274	1.0	0.0035112851097114	0.0842448402014299		0
draw819	2.36118701079	0.144659062417	0.015484016456	0.962270912471	-2.1816753179930948	1.0	0.0003390976261629	0.1844381437905324		0
draw820	0.182865044222	6.58394392974	0.0121181462211	0.00314703311155	0.0272199621521641	1.0	0.1383173777013172	0.1865994741554727	0.1392577169534951	1
draw821	0.552659201374	0.0225709109156	0.0112338753546	1.82165912505	-3.7238982737637145	1.0	0.0384670663236605	0.7475429121998267		0
draw824	2.14140045287	1.2582200757	0.0259752015561	0.00575742534146	0.0089837195583547	1.0	0.0472525246546503	0.0958885244376751	0.047834486935605	1
draw825	8.0157676381	5.29694068458	37.2048274483	0.779768785223	-10.845074041523118	1.0	0.3892075634556972	0.5317719727197381		0
draw826	0.0153431073351	0.151875236064	7.90894141191	0.00999435749515	-0.1944380779876778	1.0	0.1015567554816285	0.1074770919248653		0
draw828	0.0262987016693	0.0159453822241	0.473931888108	4.12023402018	-0.4921978818564084	1.0	0.002803877046709	0.0697262335131217		0
draw829	0.0170630773865	0.141517072637	1.9660895877	0.00726974981995	-0.3183794497807443	1.0	0.0082623577148528	0.1072503411778957		0
draw830	0.0312991698052	0.0196295887419	0.0519828508295	0.666541884752	-0.2117663497480387	1.0	0.0044472483852453	0.0620010692680477		0
draw831	0.010918989212	0.899786153251	0.0804718529844	0.385715571028	-1.0099489115063145	1.0	0.0622219776959613	0.4583842149708413		0
draw833	2.58103831388	0.509711144299	16.1183112224	0.0102492277281	-1.6636908601617368	1.0	0.0218720080214445	0.1220701399374889		0
draw834	0.0668327661068	0.392886488593	32.7938943473	1.17432115065	0.0716868461307118	1.0	0.0058741761626599	0.0523360275344183	0.052122288025321	1
draw835	0.0676472126354	5.79911411956	7.26910550285	0.0707930405459	-7.136856701252529	1.0	0.1674191466483117	0.3792121700050225		0
draw837	0.849955738397	0.453963252479	0.0924235442093	0.014112345234	-0.0463985909909324	1.0	0.0048210395282813	0.0582827849081655		0
draw838	1.66952400963	0.0108965947465	0.0514058611889	0.0902898529753	-2.182298150614251	1.0	0.0039461468590353	0.0145735149065468		0
draw839	9.10336128881	1.23792105366	0.0613002418852	0.01003871489	-0.1128098254265432	1.0	0.0894432636129224	0.8673770819705795		0
draw841	9.82111261965	0.147527360047	0.546242018123	0.18933210933	-0.0664213447780153	1.0	0.0085272615665362	0.0534405663202426		0
draw844	0.0643733020568	0.0392093523932	7.13646901807	0.904269539049	-0.4260901409684521	1.0	0.0004163914326626	0.0618233189581979		0
draw846	2.2170335773	7.10248895905	0.0627585240199	0.00348538220983	-0.0040184856218483	1.0	0.0024422530184145	0.0326166131978592		0
draw848	9.1398479162	0.716434055192	0.0243563455944	0.106639776134	-0.4142771096519692	1.0	0.0144797030556992	0.2375591815946266		0
draw849	2.04129900625	0.464451719778	0.0136700594652	0.610197339367	-0.2291763319006227	1.0	0.0078966056533914	0.1025841045654304		0
draw852	0.256474999407	0.273542892125	0.167503073942	0.00378732613492	-0.0644400293497294	1.0	0.0004015389439828	0.0292514641504969		0
draw855	1.54145145382	0.0173245421638	27.093957131	0.639915427794	-0.0725361022351637	1.0	0.0028326153459096	0.01736333439269		0
draw856	0.600202557365	0.878425203065	0.0572412720082	1.72505376107	-0.104584141729942	1.0	0.0215551235803758	0.1392096808762424		0
draw860	7.10173333393	0.652019906771	6.21529565413	8.84293497113	-0.1837334992668056	1.0	0.0095109948516187	0.0547791446007989		0
draw861	0.0654778013625	0.543664446733	0.0895690470678	0.00789862427225	0.0001163483490095	1.0	0.0024143227039922	0.1484107639572541	0.1484054309292146	1
draw863	0.0245998207459	0.0255716551809	0.0225950331634	0.376103485705	-0.2579177923595412	1.0	0.0002341534221872	0.1064451972669024		0
draw864	0.029208328155	2.56868707448	0.0625504914385	1.64438818525	-1.0298005797176817	1.0	0.0142334038436431	0.3862536457832093		0
draw865	0.165265503078	7.39908013231	0.108426898305	2.37097010685	-1.690481088875275	1.0	0.0068695701474066	0.5121373909107866		0
draw867	0.187429127237	0.431175742138	0.0354415574312	0.691869962841	-0.4684994113897213	1.0	0.0037824781922018	0.1878340475160825		0
draw869	2.26362221688	0.0139832053126	15.7638515816	0.00672335804266	-0.0382032074199172	1.0	0.0032166489381978	0.0144078439871999		0
draw873	0.0363236557467	0.147219204747	0.212729488177	0.633087446895	-0.2115658229682318	1.0	0.0061411380901373	0.0200060310689838		0
draw874	0.149802199064	0.0137647356309	0.398076201318	0.350394756439	-0.1241778836460113	1.0	0.0093548743341834	0.0694885292313826		0
draw875	2.13905676573	0.0231000107964	0.158780981108	0.00114385007355	-0.0680307122560615	1.0	0.0329330540038484	0.1116695655472706		0
draw877	0.0386013963134	0.189537673342	1.28442782421	0.183526875407	-0.1405748014721168	1.0	0.0091188819499311	0.0785109360172074		0
draw878	0.0374177762124	1.52729733896	9.56100560148	0.00761986612285	0.1119126681228316	0.0	0.1856502017269987	0.185648479882848	0.1922911484677113	0
draw879	0.714779608918	0.0236206791722	34.1097365499	0.00298192051455	-0.1622071537737447	1.0	0.0030225299368909	0.0030323490789668		0
draw881	0.0118512771703	0.404801382573	0.0347772223235	2.61634556384	-0.7162417965243983	1.0	0.0009461449653566	0.1140286741549453		0
draw882	1.74465445094	0.305784484016	0.268474486807	1.44911235252	-0.4698893078494103	1.0	0.0096137655497689	0.1786588565878586		0
draw883	2.34959372233	0.0295652007849	0.850614260303	0.0548356145678	-0.0600231130387152	1.0	0.0460886904907467	0.2858772130718578		0
draw886	0.162696866755	0.131063010529	8.85898185435	0.950285031892	-0.0429226672472111	1.0	0.0374724267674598	0.2192906726622469		0
draw889	0.909660395775	3.68178853237	3.32919655048	0.923237752162	-0.5247993606025199	1.0	0.0006992177207237	0.201468993670117		0
draw890	0.250076327715	0.0279057285323	5.71464736231	0.345286582008	-9.829748278867994	1.0	0.0056563092297252	0.0757668948632083		0
draw893	1.8211714998	3.12898413207	0.426454434478	2.98616745909	-0.5742851950346693	1.0	0.0001427122205617	0.0745284502121305		0
draw896	0.39638180832	2.31980111705	0.13149999798	2.60398999054	-0.9512895749374366	1.0	0.0238976664283074	0.4339630207118738		0
draw897	0.665684289686	0.0473181555487	28.6455495991	0.0375003805246	-1.90517042466369	1.0	0.007292265486413	0.0172958113840512		0
draw898	6.06104077397	0.0126663700784	2.38020189663	0.0465695798959	-0.0701973568557589	1.0	0.0014188814892031	0.0215233962436123		0
draw903	2.27532823534	0.0839441969276	0.109688205446	0.967325314293	-0.1099937479933656	1.0	0.0049358688099789	0.0462303998119446		0
draw905	0.014190602339	8.10537373189	1.9442031652	0.861264260997	-1.2642210300274128	1.0	0.0130992198802105	1.335242681274484		0
draw908	0.0967356206393	0.0201602206317	6.08747611068	0.235165729775	-5.431488203182076	1.0	0.0013216966030829	0.1372854636206313		0
draw912	1.19902772083	0.255979480196	0.0234067398481	3.16852596401	-0.5929228360892357	1.0	0.0003726975053169	0.1749948903240205		0
draw915	6.71015520242	3.30455410822	0.0524141473261	1.8352958881	-7.903138795580984	1.0	0.0200489514948851	0.9464285586641348		0
draw919	0.718817700584	3.57839815817	0.0224606874755	0.00934858210568	-0.0857614388294807	1.0	0.034103765117017	0.2445141007796746		0
draw920	0.0894988499547	6.11026152133	2.67276378483	8.14175683933	-0.4023643502428879	1.0	0.0010212683156914	0.2090541927610831		0
draw923	0.224667398927	0.186692205691	42.2705735909	0.00405077543992	-1.520322305176866	1.0	0.0722552523664432	0.1084526777125798		0
draw925	0.151701943061	9.12381801207	22.8294460432	4.16192084569	-0.5527015623941773	1.0	0.0231038810987696	1.2315966401838194		0
draw927	5.91891693116	0.0402960936773	13.8347654024	0.00164732993627	-0.3857624510127541	1.0	0.001665880808196	0.004290520661529		0
draw930	0.0164699761047	0.0583272957712	0.0149992783997	0.00866462709952	-1.823663997190745	1.0	0.0121519231623148	0.0303518894786197		0
draw931	0.219618998718	0.964212044199	0.726485266698	0.0201341416858	-0.1807527323451896	1.0	0.0701818690772166	0.3233210898938847		0
draw932	0.0238363229527	2.08448590014	0.248103529787	5.65053355935	-0.8415141075028635	1.0	0.0004107783208039	0.1636601716881306		0
draw933	6.81696282786	1.21284837449	22.4939673365	0.786200825673	-0.6136066665046487	1.0	0.0015964087010098	0.0031523361770201		0
draw934	7.47206983982	3.72681367387	1.4106769174	0.380951722479	-0.3953141134433652	1.0	3.797963618486263e-05	0.2423758040248114		0
draw935	2.77702806046	0.177349892348	10.9793174469	2.25614534211	-0.4676113577493853	1.0	0.0192862457574801	0.2698991009065836		0
draw937	1.95439745096	2.19027033566	1.90982530409	0.0176669111532	-0.1259623212695298	1.0	0.0062241633971827	0.0267713861787905		0
draw939	0.348992103387	0.92502093764	0.229246946788	0.461399540339	-0.1670619619101673	1.0	0.0154299647300519	0.1640102362630474		0
draw941	0.104695375166	0.111881101065	0.0196067348915	0.0107409296571	-0.0757971766209159	1.0	0.0028947192831225	0.1737088849102949		0
draw942	2.75662514204	0.249268500915	30.9676083658	1.13310524009	-2.107298783325972	1.0	0.0199819314106589	0.0295223702283798		0
draw943	4.24712347492	4.43854114234	0.0145257820308	0.0045455901568	-0.0803959093899495	1.0	0.027228317067379	0.6430012424778204		0
draw946	0.577869566801	6.45100637658	0.0601766473091	3.19768582472	-1.5364558659240934	1.0	0.0701203111780262	0.5555296105686771		0
draw949	0.0125383334052	0.320645191227	8.07954968073	0.0416941605132	-0.3463397950984546	1.0	0.0066835830373815	0.3903146367944748		0
draw950	0.0128863307714	0.0437672983483	11.3299615984	0.52731828131	-0.0960620342397338	1.0	0.0227231577349679	0.0415655920445978		0
draw951	0.0230035706765	0.553654636167	0.188044775386	0.445209039552	-0.7206231217553669	1.0	0.0060926983561204	0.27484789007888		0
draw952	4.48333511197	0.238718064502	0.479162273753	0.0130418493884	-0.0431076490698688	1.0	0.0005294670188776	0.0549017472842082		0
draw953	0.110186388572	0.0130470338802	11.6088235638	0.132731834674	-0.0373033908380485	1.0	4.906815296869808e-06	0.0025858623457161		0
draw954	5.12857300876	1.91977167193	11.8301768365	0.164145757342	-5.0787951474193	1.0	0.1543555383363345	0.3019280724958861		0
draw957	1.87053808447	0.726212369919	0.0298926584173	1.20447251183	-0.3500358477733912	1.0	0.0057445365350441	0.1864305445113954		0
draw958	8.77290910638	0.838980544753	50.299533632	0.363783721643	-2.810804447475831	1.0	0.0269976642944404	0.0807634259513729		0
draw959	0.17397863038	0.310900013428	12.1153922064	0.318203530316	-3.200259158778638	1.0	0.00489784459339	0.1802667983578562		0
draw961	0.062779387715	8.78052571751	22.6832808304	3.62731643445	-1.4320925382829612	1.0	0.0017112596350771	1.8981746139033733		0
draw964	0.0803204633277	0.0138881032959	5.07988092835	4.89761062544	-1.8562076464254025	1.0	0.0012498220341177	0.1631204194089934		0
draw966	0.0101179249251	0.297003599295	4.52087751487	0.0701165807114	-0.6884533734914715	1.0	0.0270348971914417	0.1364271471281696		0
draw969	0.358877338992	0.128549692039	0.159809666458	0.629975619851	-0.0888304888583218	1.0	0.0002570281260416	0.0515012927154714		0
draw970	2.85990823801	0.0214530677879	28.9087793243	0.237531609861	-0.0584855028799844	1.0	0.0001464507200148	0.0004596260790421		0
draw971	0.0442597304203	0.89550754134	0.0220385163357	5.32483032419	-0.1677174350911001	1.0	0.0019633865584247	0.0617756210828312		0
draw972	9.06049957549	0.036100412787	55.2100364337	0.334304283441	-0.2333854130501032	1.0	0.0009289980975533	0.0018022376431689		0
draw977	0.0152902300122	2.65809350546	0.137311155868	3.45348965755	-0.8413927412455718	1.0	0.0334433032587265	0.3005058597549359		0
draw979	0.0227692488166	0.139894692016	0.019937358523	0.537394776366	-0.9533335337034669	1.0	0.0797454671862737	0.4516539160725335		0
draw982	8.98633138824	0.0125258765228	0.0195623310205	4.52691557047	-0.2510665115836117	1.0	4.500102155872553e-05	0.0056486114181748		0
draw984	0.0214546481187	4.47590449991	95.850801394	0.0241895904949	-0.7552726067165071	0.0	0.0308707897423635	0.0308707688947226		0
draw985	0.0229192384603	0.314607317056	0.0131140110982	3.72084569083	-0.7562183090124495	1.0	0.0002994420096748	0.2619271174351738		0
draw986	1.5797662654	0.12902515307	0.124943894943	0.0158834516664	-0.0476861422896133	1.0	0.0008965935809573	0.0776886909380787		0
draw987	0.151211441766	0.133773189503	0.0739394523981	0.00725676501899	-0.0438801203940213	1.0	0.0368954417377959	0.1704997780049795		0
draw989	1.8363234172	0.212203320256	21.6124232175	0.405490337346	-0.3891625138217395	1.0	0.0335268555771667	0.231399857102418		0
draw992	7.16869025335	0.100942052232	10.1947366971	0.18977957493	-0.3809773765501483	1.0	0.0202621108873924	0.1961727094911212		0
draw994	3.55702844918	6.24807479709	0.013611070925	0.00264025619628	-0.132184735204919	1.0	0.1626391613853516	0.4914859728598537		0
draw995	0.586343261045	8.48949201043	78.466020266	0.0353971406031	-0.1901942022317716	1.0	0.0236447530304792	0.0538564347497463		0
draw996	1.29106197569	0.0403326743807	53.9043906619	7.21522272655	-0.5899009468856943	1.0	0.0017313516061603	0.0203400848188149		0
draw998	0.0253927275519	0.0125621396976	11.1332177816	0.344221711706	-0.6131540234590287	1.0	0.0200366914586119	0.0848459278334909		0
draw1001	0.440555994294	0.791390806131	0.0909202589516	6.29026434876	-1.8002947612642752	1.0	0.0001972358380939	0.3756453763922626		0
draw1004	1.14580141743	0.171327195362	0.0462215457799	9.90727941316	-0.1933759043898139	1.0	0.0100664640986729	0.1198680524140532		0
draw1005	5.47186747869	0.0198778840651	0.808818239127	0.400605163152	-0.9511808196402382	1.0	0.0046873346765151	0.1027601636900205		0
draw1006	1.70407746971	0.0408734404433	4.697224237	0.154191865666	-0.8282401327864881	1.0	0.0019629477838153	0.0090214573286591		0
draw1007	0.0655774797291	5.93612245494	0.0430731971585	0.0012887797224	-0.0410074005058366	1.0	0.0229221999202219	0.2179236988458373		0
draw1009	0.131057266035	0.110696133858	1.14160204043	0.606500719714	-1.859958643585656	1.0	0.0288808200415699	0.5738714687270372		0
draw1013	6.90313614588	0.0159168200177	2.10961825561	0.00303379679833	-0.4118892811099754	1.0	0.0584729295778977	0.2631203226460493		0
draw1016	0.0571605497617	0.010419814978	0.382523553503	1.7422416454	-0.1070885483484704	1.0	0.0018006870929867	0.0735214379689193		0
draw1017	1.56537794575	0.0608401812723	0.106337139734	0.815578329023	-0.5181646355802493	1.0	0.0038014689048995	0.0254073307623744		0
draw1020	0.524211685477	0.612418237205	3.27089864723	2.64941928748	-0.0791675988829109	1.0	0.0040837861547228	0.0710786760985058		0
draw1022	0.0145340399225	8.31604310303	0.0681654796975	2.59705630416	-2.547970510089952	1.0	0.0020245997005038	2.0284213052786093		0
draw1025	0.426945574785	0.0903668866025	0.101730039264	0.00125387676898	-1.9574976494638137	1.0	0.013156323885581	0.0220189908468019		0
draw1026	0.0187773406038	0.860298972923	11.305273289	6.33385981466	-0.7239451295509863	1.0	0.0001971921497295	0.06786501885392		0
draw1030	0.128422723601	0.0193331074618	0.843305260617	7.50274894802	-6.488366069552828	1.0	0.001217522629721	0.0679403325278243		0
draw1031	0.107311385136	0.0617721131982	0.0954450522563	0.581197150372	-1.101477870101387	1.0	0.0115515241954699	0.2117964435998613		0
draw1032	0.0131564232798	2.16967323657	0.519005645205	0.127220538501	-1.303686399001062	1.0	0.2306775946292585	0.2839470358432004		0
draw1033	0.387955034707	0.199528454569	61.8842006704	0.00275189155261	-0.9271898009611358	1.0	0.0035023912372998	0.016151978343687		0
draw1035	3.08790470576	1.30018490063	0.0936367781596	0.0654656214675	-0.2699232908449174	1.0	0.0416575979736968	0.4695111223872762		0
draw1036	0.871699118206	0.160506107519	0.0469046250034	2.68017404897	-0.0731611862561939	1.0	0.0097435971430379	0.048150425537007		0
draw1038	0.0241314647336	2.3675441639	0.0159165201883	2.45636674931	-0.9295150216635356	1.0	0.0172473830218717	0.4792328589347968		0
draw1039	0.221679040746	0.0128123535082	0.144362400479	0.00532172744379	-0.0531423857091887	1.0	0.0167196865526686	0.2177780447700378		0
draw1042	0.53211056459	0.520366952969	9.45780671121	0.00298035984643	-0.0571676981411489	1.0	0.0066216999122866	0.0075537141127098		0
draw1044	1.60162430079	0.21077077978	0.602851737975	0.39189687151	-2.2448398016225792	1.0	0.021722117849833	0.1791371004345419		0
draw1045	0.0213224486193	0.045709635127	0.0670569169056	1.76476324013	-21.59009697595384	1.0	0.0811409627002215	0.1702940576353172		0
draw1048	0.1223672548	8.9774227276	0.453801714762	0.487604130323	-0.5343961412235232	1.0	0.6246542077018966	1.417184498374902		0
draw1049	0.15895422548	0.0119654812587	1.11110391409	7.59722687016	-1.7970366495747474	1.0	0.0013827182353413	0.2029833580317914		0
draw1051	0.261480289389	0.756636454461	53.6239475181	0.0181473481513	-4.237187818816779	1.0	0.2901214589396789	0.3754550553684045		0
draw1054	0.494134902743	0.440377591673	1.62288527358	0.0644767615332	-0.0178828982537429	1.0	0.0001011610372657	0.02512270196718		0
draw1056	0.164482959051	0.0241452208579	4.0475008089	0.792016030343	-0.0488817135213572	1.0	3.574113286353629e-06	0.006329339985607		0
draw1057	0.0358176938214	0.100286620229	2.40106867654	4.72186928693	-0.7899008902561222	1.0	0.0258512340786318	0.3086852401345062		0
draw1058	0.0944347201807	0.0160046503256	0.177733765191	5.11133246941	-3.996985948191032	1.0	0.1464239285940543	0.5538573057003152		0
draw1060	3.79824982848	5.02160330852	0.0257333169404	0.328098858519	-0.4741683469748282	1.0	0.0254511417171443	0.4096566549920913		0
draw1061	0.274848771422	0.511416163384	0.259708246134	0.161452035525	-1.619787096695385	1.0	0.0023184235784587	0.2481444280198655		0
draw1062	7.50918339671	2.18015922434	0.243424008328	0.00413023580032	-0.1178053137567776	1.0	0.0514432955270636	0.0703937423525185		0
draw1063	4.45358521162	0.170132155764	97.8804227358	0.0622575874642	-0.3449504049882815	1.0	0.0001551261987878	0.0133457796893886		0
draw1064	1.76873700927	1.15728635409	0.368060511846	0.0336318041867	-0.014322192016906	1.0	0.2762005453002421	0.3040017365367959		0
draw1065	6.5259297348	5.40508767379	0.166393619641	3.2310686815	-0.174815686213787	1.0	3.431339477374566e-05	0.0700981766583546		0
draw1068	0.674312904189	0.45109471382	56.070455235	0.0376619330901	-10.448233376955711	1.0	0.0721685423256546	0.213964594214895		0
draw1069	5.96126917073	1.64452853055	0.238334906571	0.165489412061	-0.169604437986176	1.0	0.0173182757775413	0.1767422250657763		0
draw1070	1.25848340759	0.219004509507	0.135176652175	1.4371341924	-0.0359263223513246	1.0	0.0041089616436945	0.0197974251200925		0
draw1071	1.5014791694	0.921825603992	0.42943582773	1.58466364643	-0.5785844623775758	1.0	0.0423930121080546	0.4163452864067523		0
draw1072	0.0336240351923	3.07996165688	0.0527956361699	1.60533080952	-1.1920261074753218	1.0	0.0154074073566856	0.6640537804261268		0
draw1073	1.10594784702	0.480038991403	0.309006608984	4.38457286892	-1.9539467338296683	1.0	0.1651763402698525	1.43857851084801		0
draw1074	0.0791472646013	0.0901062216928	0.146073002573	5.13047312263	-0.5363153401559903	1.0	0.0006188337937089	0.0958513660060487		0
draw1075	4.50140009865	2.74663056169	0.200870257375	6.1826401441	-0.0317619160100259	1.0	0.0268694017287833	0.1390628756401798		0
draw1077	0.773823168854	1.4938076728	80.1541388491	0.0474479645589	-0.4713249599309352	1.0	0.1011031931995527	0.4534869694391684		0
draw1080	0.0210945268989	0.472910776949	0.207627480955	0.0225492902329	-1.2128520976607258	1.0	0.1255380624816939	0.2363412373611293		0
draw1081	2.08856714515	6.64480009114	0.692506899682	5.21182375276	-0.4419610755012127	1.0	0.0002530697201201	0.2727920335402943		0
draw1082	1.08675793078	0.140356020994	0.360432691326	0.0272450000076	-0.0258334574044138	1.0	0.1173624975343306	0.4742076445516585		0
draw1083	4.95775763271	0.0441929412701	25.568501179	0.0164815065201	-1.0147610055180096	1.0	0.0249219496184868	0.2918885680702262		0
draw1085	0.214909773773	0.0953876684285	0.282810079439	0.00134886520277	-0.2752771948789252	1.0	0.1725368358632063	3.0938663650963973		0
draw1086	0.0802862969771	0.328498907178	0.0177076298527	0.0252124801692	-1.0382092208124547	1.0	0.0045376930865606	0.0337826389901972		0
draw1087	0.244797758932	0.372009691949	1.8314373	0.125946605917	-0.4014605242407106	1.0	0.0004565927635622	0.0415025371805747		0
draw1088	6.48733126502	0.163706249949	0.0570841981856	4.59020356269	-2.3099850607500967	1.0	0.0003620319487803	0.1118869946859928		0
draw1089	0.191939250018	1.76950876162	3.58088901312	0.0706733913452	-1.4604258235339402	1.0	0.1516527484529463	0.2929257414796762		0
draw1091	0.072892008736	0.133486165746	2.83127796943	7.77641376571	-0.0205182568910932	1.0	0.0071588478992623	0.0336299570690864		0
draw1092	3.47694353613	2.68370289205	92.2003141061	0.00716252540787	-0.1625599108138402	1.0	0.0364513007817976	0.0665374611940829		0
draw1093	0.0599449265013	7.22934677146	8.65028371205	0.177270012121	-11.983850827884162	0.0	0.0909496718006135	0.0909414951927607		0
draw1095	0.0651661329974	0.859565631918	3.09724530473	0.0432540512619	0.2820488055577269	1.0	0.0410487447161218	0.2738404744691383	0.2496639732968884	1
draw1099	5.51985010517	0.0132479222393	9.14369554285	2.47138745113	-0.1345585674893293	1.0	0.0030322651451122	0.0180947873808837		0
draw1100	2.52420869412	4.46727704187	0.722299096504	0.0625563835876	-0.190338331927254	1.0	0.0021863175328157	0.6502497958332117		0
draw1102	0.331024705528	0.0141463323691	14.3930215075	1.88707940235	-0.517333359144727	1.0	0.0115533975143451	0.055323154926531		0
draw1103	2.47566405809	5.84270989672	0.244372063268	0.0448655823694	-0.2669178192069854	1.0	0.0579257853312713	0.460411878191047		0
draw1104	0.0153108180562	0.0136014483287	0.0118652806083	0.322700233064	-0.122851759686798	1.0	0.0089624535199642	0.0533520830286584		0
draw1106	1.69796766673	4.70007344241	0.933278860101	0.0039135984489	-0.0925397548632999	1.0	0.0201340774218964	0.068514490489649		0
draw1109	0.485654466353	0.0142049424629	0.0194839712322	2.62512854136	-0.2339625852843337	1.0	0.0005880317071193	0.0292638757640104		0
draw1110	0.0452033424895	0.426150093844	6.16857694088	0.020695399392	-1.27957587598068	1.0	0.0279118217212137	0.1219698468845412		0
draw1111	5.87941083038	8.70104741441	67.1278237093	0.00430523857342	-0.0527589812129974	1.0	0.0088415789310919	0.0095251191716207		0
draw1115	2.380526526	0.203571027096	0.0157756050121	1.97490107343	-0.2326762947453701	1.0	0.000416045982575	0.050198226166737		0
draw1116	0.880130622062	0.124688826428	1.38856616336	0.0125487439298	-0.0277736517120871	1.0	0.0015189240989239	0.0395002147780846		0
draw1117	1.30922437597	0.159285093874	15.5395800921	7.35118845132	-0.033859271261803	1.0	1.6963152431185458e-05	0.0014017770300294		0
draw1118	0.278778193187	0.320003438213	0.226423868924	4.63992235048	-0.0775804383912587	1.0	0.0018824129559334	0.0623135528943176		0
draw1120	2.12345060423	0.0105179195541	64.4765147723	0.0133669193383	-5.2858540047902975	1.0	0.064149285698678	0.1803192892037972		0
draw1121	0.290697549481	2.57728282292	4.63177317984	0.00184411099116	-0.0050035117706002	1.0	0.0008197652222788	0.091191450440096		0
draw1122	0.0692962912679	0.0198459078418	0.229844116808	3.53722467948	-0.3150172413546724	1.0	0.0001217969880796	0.0430273001116849		0
draw1123	2.49651183444	0.0213703274112	3.87200627725	0.112991833463	-0.1175767898139176	1.0	0.0001915784539623	0.0135381386549038		0
draw1125	2.51101657783	0.112556098412	0.507461604706	0.176027882011	-0.0279791260519625	1.0	0.0027543239900478	0.0284340959020075		0
draw1126	1.32281923913	2.28342178076	8.02767220328	0.565081686715	-0.0527859256888045	1.0	0.1485606789839754	0.3175253081608877		0
draw1129	0.033205151779	9.80223122818	0.0213241591576	2.26803346226	-2.869976171839591	1.0	0.0014988709195221	1.3536177805146257		0
draw1130	0.0143798349965	0.0261447249717	0.0123877141158	8.58379144197	-0.1765987834757189	1.0	0.0220294188082165	0.2196575426068438		0
draw1131	0.0971899822254	0.16121685747	1.06696574082	0.67188096529	-0.1075432930533083	1.0	0.0109432381405654	0.1117613617111002		0
draw1132	0.702822359513	0.0206653160112	1.04462257875	0.00898958777788	-0.0452772960389525	1.0	0.006485520135711	0.033245614633377		0
draw1133	1.09284698811	0.011799200532	1.65407854069	0.165133989464	-2.2790840747038867	1.0	0.0556465562895112	0.541081870617467		0
draw1134	0.0177860521219	3.16204395438	0.292911067091	2.47726530705	-0.606181971845232	1.0	0.0013499396202011	0.2222274806315077		0
draw1135	0.0516306442063	0.0944388604443	0.740880108371	0.0553931566976	-0.1224181827671494	1.0	0.0128856881262892	0.0950629433545934		0
draw1136	0.0623176795039	3.55757255891	18.4087913279	0.257640122976	-2.042747536236749	1.0	0.2202359241852501	0.9400474110597686		0
draw1138	0.071203466852	0.0395585668284	0.0199603572074	0.450171691543	-0.0765867249558596	1.0	0.0142915288626323	0.0898802282379051		0
draw1142	0.0224208442534	0.0545974509429	0.0120660380027	0.0359701709682	-0.0658741297148673	1.0	0.0060960068690474	0.0432355465424842		0
draw1144	0.435709837676	0.0557426290597	38.9539972647	2.33926347816	-0.0518350967490437	1.0	0.0079065551911565	0.0157906109179215		0
draw1147	6.2294641928	0.284638174083	93.6261050993	0.0160687210076	-51.368682373368046	1.0	0.0052533334397966	0.0133839347984787		0
draw1151	0.0957956504727	2.72202065047	0.50376072438	0.00111995135687	-0.4088946492259079	0.0	0.0052089322140563	0.0052086544485741		0
draw1157	0.0219641499403	6.71673713518	12.0178871129	3.0054670551	0.2877083237242301	1.0	0.074215160994558	1.0623134705620938	1.0591433950731388	1
draw1158	2.57206571776	0.461355735037	0.0177486182993	9.46529677154	-1.083467586963189	1.0	0.0272829833057046	0.3105083219634669		0
draw1160	0.231916590482	2.46472695109	0.0939337764775	0.0528230920745	-0.5652353212625865	1.0	0.0218303926226268	0.4885577340742965		0
draw1161	0.0203622478659	1.46140396238	2.62389487658	0.104750873322	0.440947298159455	1.0	0.1361438153870149	0.2056397261770275	0.1837204721404347	1
draw1162	0.998549305275	4.99798037483	0.0674266951411	1.0367173164	-0.4913700324293237	1.0	0.0512798567200601	1.9287480379879745		0
draw1163	0.460302659183	1.03371234677	1.11567845201	1.09744781887	-118.49482626682853	1.0	0.1982495850710951	0.7442381555186763		0
draw1164	0.06927678593	0.071076101097	0.328282468284	1.6345704361	-0.6281516258938575	1.0	0.0002195968161964	0.0410373680027317		0
draw1171	2.58907029125	1.94495578279	2.72226882431	1.3398422809	-0.2499783222257026	1.0	0.1129512336353973	0.8521617341344152		0
draw1173	2.10652161082	7.82593740333	5.11642123554	0.0885711260299	-0.0332588368802834	1.0	0.0235344694401118	0.9230450612464908		0
draw1175	0.161736907858	0.750792107949	1.15403460269	2.72298388428	-1.0587418949146303	1.0	0.0007809330208327	0.2171891634849866		0
draw1179	4.58752037298	2.72047805662	7.83945464107	2.24224061893	-1.2924072449598716	1.0	0.0485875034673568	0.0670758565278004		0
draw1182	3.26280461968	0.0350517716308	1.19074775842	0.795964420834	-4.1886522409585485	1.0	0.0182070955815455	0.0564035125744345		0
draw1183	3.84284583646	0.665040694809	19.3197160707	0.193014736059	-1.005816862005348	1.0	0.0053274004501318	0.422851451860142		0
draw1184	0.0226250287226	7.15883699857	0.0384843343529	0.0122907964501	-53.96025604168086	1.0	0.261499939395617	0.4642358971156566		0
draw1185	1.17224930624	0.177175432187	0.0309474036059	0.00950500698035	-0.7774952330947451	1.0	0.019596817645691	0.3591112784332739		0
draw1186	0.52661131266	7.91574098533	3.41638324959	2.18688042234	-2.684229602583657	1.0	0.0057142616027547	2.4648929114255207		0
draw1189	0.0268012204694	0.0265050470077	0.0643220071339	0.494341066829	-0.0558902023603607	1.0	0.0001141261961209	0.0120550434637003		0
draw1191	1.62377218581	2.87959447906	6.64202083356	0.222341258838	-0.1828997711599841	1.0	0.0013595355571947	0.3168640286626168		0
draw1192	4.04779092378	0.152899148184	0.0129288792806	2.05417122227	-0.1075239011946867	1.0	0.0026520445371733	0.0423592739464045		0
draw1197	3.73722821757	0.836577274679	0.0459284442868	0.0204633530925	-0.0046859039355978	1.0	0.0306229909668248	0.056746568467256		0
draw1198	0.0101383472381	0.194735350646	0.0273802456731	0.00302167709415	-0.4847228277971267	1.0	0.0279338771932754	0.0357881670271211		0
draw1199	0.433018957351	0.0203935753882	0.0162344528275	2.46180176573	-0.0881866655791942	1.0	0.0010839561588091	0.0627235264307984		0
draw1200	3.22434095	3.57357835149	73.8404467105	0.0382632177837	-10.446974875298576	1.0	0.2151469357324273	0.3778454767306683		0
draw1202	0.249640940804	0.489711667357	0.0541925787476	0.205036095572	-0.0816367625841768	1.0	0.0005789076446448	0.0682989754491436		0
draw1205	1.77410190381	0.0305428215437	0.290829707323	0.503765611138	-0.1300877897622011	1.0	0.0029592543876578	0.1472098555521653		0
draw1206	0.166962049708	3.54836466553	0.115684799788	0.0744171331537	-0.243939987550997	1.0	0.010160330305025	0.2909619087905097		0
draw1208	1.67264828977	0.641786564872	0.0203893787591	1.37145328204	-0.1671069582294699	1.0	0.001780231004986	0.2150527680494866		0
draw1213	0.131765015086	0.245918374255	0.0180553251684	5.79332731117	-1.9210875920081407	1.0	0.0013835813045592	0.1602932906085865		0
draw1214	2.53649744509	4.27735203107	4.00732649642	1.33384794964	-0.4493129751416909	1.0	0.1607137072685042	0.3381717194077046		0
draw1215	0.0178893817369	0.0109144959469	43.8238056305	7.36064349263	-1.4556745352061713	1.0	0.0023959416172958	0.1308256527092977		0
draw1216	0.0284378708583	1.88094485031	2.63467155972	0.189931537494	-0.4016636365756879	1.0	0.0232825797827553	0.2283573081971175		0
draw1217	1.49709807099	0.242578640996	36.2457003816	0.0116584556774	-0.07404567547924	1.0	3.653630515866324e-05	0.0019873897960025		0
draw1218	0.0783203821858	0.0921457985963	46.4801555055	3.11121279867	-2.185393220548794	1.0	0.0027009304673427	0.2161187420101569		0
draw1219	0.487556332084	5.4183279311	2.95707558828	0.385988492925	-0.0550887763903128	1.0	0.0107963526357468	0.3232501316564124		0
draw1220	1.72424136448	0.0417847601123	30.2069295728	0.912752036087	-0.1331039653512027	1.0	6.27365100576934e-05	0.0016166968017108		0
draw1221	4.2409668725	1.00640503998	0.152896276015	1.55966726585	-0.7579863441776705	1.0	0.0083067779217943	0.123715612505382		0
draw1222	4.25713802041	0.16948794261	0.134602065391	3.36461369788	-0.1977610423334593	1.0	0.0008837128539546	0.0121717175851474		0
draw1223	0.0137829263567	0.108191793513	23.3947991317	0.00401885302673	-1.184052052446679	1.0	0.0140764469595538	0.7908933003558724		0
draw1225	3.08582520223	0.142970883227	1.45572636005	0.0240463330959	-0.0519348064305212	1.0	0.0194609492709353	0.0430426701381484		0
draw1227	0.038900829452	0.0108254952179	0.0595340750448	0.00157767734364	-0.0711369057017149	1.0	0.0192075308994676	0.2205287117027757		0
draw1228	0.0257338542324	0.701343518206	0.579618079849	0.122801577489	0.1834267260211736	1.0	0.1077105533532443	1.0762197725244853	1.0205394409920043	1
draw1229	0.488692730237	0.15938446059	6.25760781304	0.0221824410404	-1.1328328841680118	1.0	0.0727696654864341	1.0027582884542077		0
draw1230	2.08503501493	8.08334545941	0.240140929182	0.0228739432734	-0.0458926308051862	1.0	0.003498720951527	0.2840393679524607		0
draw1232	3.5599962665	0.0952017930637	0.0115971898578	0.00143708726906	-0.0199255758504129	1.0	0.0176124420646311	0.1698694806165717		0
draw1235	0.0609553657756	0.415690091741	21.0234146856	1.8380400666	-0.0535879534922581	1.0	0.0037902179045034	0.0380948570794721		0
draw1236	2.36756342662	0.192336729115	28.1696454914	0.0200895484793	-2.6309549598343485	1.0	0.037042374755812	0.0641396804480633		0
draw1237	2.19695610972	0.0197934046853	60.3766912113	0.00701199657775	-0.1509620531730856	1.0	0.0349790450326174	0.0643109233634833		0
draw1239	0.141784353911	5.9992463662	0.273186178341	0.0241563462986	0.2532754748921659	1.0	0.0050906758895212	1.0611551837158308	0.8702985385825678	1
draw1240	0.0117569319126	1.17146672035	14.6481454418	0.626637342492	0.0528159368837549	1.0	0.006826352212964	0.1398955798495004	0.1319410218904945	1
draw1241	0.0882507580111	0.088133198685	0.427150640548	9.18927309254	-0.2780572010585816	1.0	0.000889130055893	0.1164943027125989		0
draw1242	4.31992185029	0.528210258654	26.0422034738	0.128445024723	-3.1220855534402614	1.0	0.0307389118601007	0.0588012727356163		0
draw1243	0.139370785088	3.10415678879	95.2577892962	0.0012449564249	-1.4838446903232971	1.0	0.0315684946108515	0.3803334614086489		0
draw1245	0.0406131555936	2.48864926967	27.5268965706	0.0423024063331	-0.025313629077043	1.0	0.0005137747850182	0.4583645885932666		0
draw1248	1.32109917258	0.869122503932	0.610439660055	0.155746839845	-0.4444606821159678	1.0	0.0113995016066986	0.4700858488596827		0
draw1249	0.505630019632	0.132466684386	7.36334885043	5.43088932229	-1.14961452838519	1.0	0.0001054610872199	0.0414425563052617		0
draw1256	0.0123239545261	0.323238066771	44.789129203	0.00374074321676	-0.1747568199290985	1.0	0.0145922194493288	0.0579870944560377		0
draw1257	0.0227125389012	0.559721161939	0.0123447424012	4.42642542029	-0.4709610937602715	1.0	0.0005164833294949	0.1089456121595108		0
draw1258	0.0587057923837	4.86563561153	0.0116597888186	6.45417740241	-2.967731214434736	1.0	0.0001201371209202	0.9553578399906548		0
draw1259	0.0127811766748	0.193975879871	0.0120344204389	0.0805490330496	-0.0943636210789337	1.0	0.0089223649026363	0.091249267665351		0
draw1260	0.65374251782	4.00280763552	0.0113289419678	0.899840385966	-0.823467326253577	1.0	0.0006900001345633	0.2325376616231915		0
draw1262	0.0323889445604	0.160845899595	2.21613639382	0.216816896166	-0.140558749994234	1.0	0.0068319597154587	0.1558305671580287		0
draw1263	0.0841339049871	0.254646625231	15.6505865383	0.0191838795253	-0.0610603146410076	1.0	0.0049828204618824	0.0216276605573714		0
draw1265	0.060211482074	4.01811320597	6.78848434687	0.0346534446129	1.2110888731609557	1.0	0.1939642344681509	1.8036258866823485	1.7613813373222162	1
draw1267	0.140457965111	0.475843377549	2.07552451978	0.0906983258834	-0.1332467657153168	1.0	0.0008598483353728	0.0180833957928806		0
draw1268	4.74683790768	0.0364943092778	0.782273907837	0.408648664178	-0.0863581981433906	1.0	0.0060198325093163	0.0454886455833136		0
draw1269	0.0382815578571	3.35518313158	2.27705387667	0.879081844188	-0.7648964302921741	1.0	0.0037369785202204	0.3533438822735921		0
draw1270	0.537971217028	0.0188563072849	36.5932716936	0.489914095074	-0.3046317139118191	1.0	0.0397265913094566	0.3736674803609006		0
draw1271	0.147229092129	3.1340140251	0.0167619859342	0.00315869243598	-5.04165057526515	1.0	0.0159336239560704	0.2253452610636227		0
draw1272	0.0281677829387	0.09641765863	0.0467901132729	0.280216053889	-0.4221906668113185	1.0	0.0095457960722312	0.1003992617240291		0
draw1274	0.0375164819756	0.0159946111844	2.55003302456	0.00196740628581	-0.0238665348774708	1.0	0.0285738343480303	0.1102202877186197		0
draw1275	0.509181726186	0.0110911457646	28.1544770647	0.230765063547	-0.0495598213063988	1.0	0.0069636350290447	0.0107739973435838		0
draw1276	1.30653331441	0.0389642149137	0.455330955036	0.354361021463	-0.0867465560393033	1.0	0.0031957331509295	0.047167834982356		0
draw1277	1.45649642483	0.0975285875462	0.011905991564	0.0027072842803	-0.2564832493129962	1.0	0.1068956325353884	0.3205073804600296		0
draw1278	0.332557761089	2.98857239151	0.440940824512	0.0144080140463	-0.1309646011357909	1.0	0.004299430263191	0.0474778385108915		0
draw1279	0.188299941979	0.0487423193532	24.3255033498	0.299442904642	-1.2519843970925106	1.0	0.0429298846138509	0.1192277120216463		0
draw1282	1.62140926352	0.0163249639378	82.3650392788	0.00514624671718	-1.041103261722501	1.0	0.0002045751824654	0.0009253404966331		0
draw1283	6.37476157807	0.0283952550542	29.3498208175	0.230135366152	-0.2512753723356496	1.0	0.0012218371048176	0.0072080189258641		0
draw1284	0.0952238689308	0.0215818305906	4.53019034013	0.0041703709615	-0.0553763050346618	1.0	0.0001726596256482	0.0036930438337004		0
draw1286	0.0535734389584	0.0151142527169	0.146926923274	0.578653373141	-0.2409192839934232	1.0	0.0002148477974988	0.0875972772302828		0
draw1288	0.0355222717903	1.62637592467	1.3693063733	0.206619654458	-11.794990121525444	1.0	0.1120609131116375	0.6806623214544422		0
draw1290	1.35702673	0.117201115915	2.00423352574	0.009737105986	-0.0180392499596576	1.0	0.0024596007836521	0.0810887710449002		0
draw1292	0.453317908165	5.80233097848	1.68906960594	0.0164648838404	-0.5626610324978805	1.0	0.0525047826061692	0.978910148136142		0
draw1294	9.2061030034	0.692638485427	0.017515085451	0.00360327979321	-0.0374438609754766	1.0	0.0005888912126381	0.0792178759741219		0
draw1295	0.450721547774	0.013661100285	0.0482265475239	0.00191823269182	-0.0812718213631423	1.0	0.0609078509140279	1.1150713764943505		0
draw1296	5.98035842574	0.205477339178	2.72933179837	7.17489016624	-1.6530384749201965	1.0	0.0030587780195708	0.0546100428267946		0
draw1299	0.0191372481886	0.0372203521859	3.82298709601	0.919955777149	-0.3423759791396517	1.0	0.0001967688479315	0.0603299964367018		0
draw1300	0.0203169651757	0.473739924908	13.2784775809	0.00481898368321	-4.420198704903098	1.0	2.8214093170047856	4.387657555361118		0
draw1301	0.0159545629214	0.276553140255	10.6519938347	0.13803897923	-0.3618712551119781	1.0	0.0012823195875062	0.2506486083832797		0
draw1303	0.066626601009	0.0277763376131	15.977673826	1.92133222976	-0.4218795522199328	1.0	0.0007558247234515	0.01731247787299		0
draw1304	4.7121660374	0.559074455383	0.321242538401	0.237989764284	-0.2769951801637734	1.0	0.0017601388700974	0.080637270601758		0
draw1305	0.10102683528	0.0203423485633	0.201564928454	0.0286686456216	-0.0666288838912768	1.0	0.0067395864430235	0.0859736649979324		0
draw1307	1.27488739555	0.337092199899	0.0834141990653	0.00597779529851	-0.0232223351509879	1.0	0.0088767530493934	0.0492210118708587		0
draw1309	2.20994248967	3.11537294608	32.5720161025	6.36436849753	-1.5634877238654818	1.0	0.3008007062359464	0.3916878882558415		0
draw1312	0.7245353113	3.12300697017	0.799498410768	5.01546721248	-1.5473802386377056	1.0	0.011917350960975	0.8949592175961136		0
draw1313	0.0835393909771	0.0746125972178	0.109385310971	1.87664434213	-1.0500436628480176	1.0	0.0011358355656416	0.179163399829447		0
draw1315	0.0100767439342	2.712728942	0.737498498179	1.22097180889	-0.1790456954164205	1.0	0.0009827007276717	0.1225166410204492		0
draw1318	0.484071985893	0.0321970029709	0.186024579508	5.77601652861	-4.982330310724273	1.0	0.0490963563882614	0.235642785040772		0
draw1320	0.0390853509239	0.0122149486195	0.0261564883807	0.00188776150347	-0.3859539777800186	1.0	0.0063117009665157	0.0450741633452092		0
draw1321	0.627397588568	0.0509791446713	0.0641918344871	0.456178343853	-0.1707613739971354	1.0	0.0001102639700343	0.0402924741095381		0
draw1322	0.0212456223073	0.016130944666	58.4065692049	0.00397359894139	-0.1668719676011882	1.0	0.0380720243329084	0.0413127626484491		0
draw1323	9.12165878648	0.0814319106174	0.215375666851	0.443219244465	-0.1352967407870236	1.0	0.0288126079543696	0.1663034196266385		0
draw1325	0.335818211045	0.0119211360647	0.490093990932	0.0871875996223	-0.0665777850310369	1.0	8.928426275990309e-05	0.0203151144319525		0
draw1326	1.11881603153	0.0401330924033	0.729076826851	0.45312081273	-0.0614369499433144	1.0	0.0005216482354102	0.022273060474525		0
draw1327	0.0438896305017	2.60316454134	0.0168117180981	1.76148321231	-0.626197946024204	1.0	0.1752892283704829	0.2046195046960715		0
draw1329	0.0356375419503	0.199927535333	0.020298846303	1.73848929778	-3.522611112849238	1.0	0.0064644620730549	0.151713471645999		0
draw1336	0.030870078753	0.0195809988816	0.0164688014025	0.283562190444	-0.0108633994895592	1.0	0.0013830993619345	0.0063755099209089		0
draw1338	0.0161240137782	3.0968987698	8.95506208114	1.06375342128	-2.281775935355667	1.0	0.1491055458873927	0.279695108761533		0
draw1339	0.207777376179	0.0157991767728	0.0102410443471	0.671680605385	-0.2113110106061665	1.0	0.0023724724130407	0.1221413128340051		0
draw1340	0.106314385497	0.020903351135	0.0430097943718	0.00138849779788	-0.0440971223974285	1.0	0.0143770412678079	0.2185156184244398		0
draw1341	0.0316878929558	0.189279554513	7.54990292846	0.139772003962	0.0144197983171724	1.0	0.0330537552673224	0.3342783902641443	0.3326295545392822	1
draw1345	1.9157682397	0.0822757082072	0.050839124975	0.22543326158	-0.010415328483807	1.0	0.0019759355242446	0.0237975703652148		0
draw1347	0.0212865197022	0.479715064471	37.6184532473	0.437082425174	-0.7347690050721016	1.0	0.0208459770758547	0.1703563857133146		0
draw1348	0.0151527274252	0.0368272709454	1.697266015	0.266824206172	-0.052417664517722	1.0	0.0044977678650329	0.0274359692759167		0
draw1353	1.25346324298	0.112138366942	0.0251241115139	0.0358596763161	-0.0288699648952003	1.0	1.003085735300564e-05	0.0052253066152992		0
draw1356	0.641049897959	2.37815955966	2.59658083215	0.19941095506	-0.2199430076973236	1.0	0.0002601397419901	0.1902111118140542		0
draw1357	0.196697158414	0.135691358155	13.8069916931	3.36960900562	0.0025273414462687	0.0	0.0641372148218446	0.0641304524228252	0.0658982857712528	0
draw1362	7.69478757201	0.0127726088921	0.992106416569	1.15648190161	-0.1404754170106602	1.0	0.0048455333642254	0.0508745591504947		0
draw1363	0.0120639579849	0.129001529691	4.82482538885	0.00136549818277	-0.1842146125857451	1.0	0.0261278547272297	0.667004524003943		0
draw1365	6.54376499687	0.0280046375922	0.12927913642	0.0220424467442	-1.0315592585297166	1.0	0.0065431685184664	0.8546497910711733		0
draw1367	0.861758816635	0.0498807417728	0.3217574372	0.268316796849	-0.0169859929607081	1.0	0.2395306119041017	0.278952978024791		0
draw1368	0.182682194382	0.0383188937452	7.75039735011	0.0107150166558	-3.0857653267103786	1.0	0.0179980248365443	0.0986115900112478		0
draw1372	0.0185586713215	2.67671085697	0.0141030472904	0.00103240320287	0.0862062606107933	1.0	0.0271468640257211	0.1161080979377148	0.1150714126360082	1
draw1374	4.09912827932	0.605363769986	0.021470709042	0.00285092655884	-0.0558807625715241	1.0	0.0110557421780538	0.126933816145905		0
draw1377	1.26991222429	0.02845648159	0.0217903982934	0.0300328075459	-0.2324619094281665	1.0	0.0079979757636026	0.5069067141982008		0
draw1378	0.200961401707	0.0369991539656	0.021423966437	1.94667282975	-0.9404670238934209	1.0	5.557111939319722e-05	0.0106204747635282		0
draw1379	0.145353841268	0.302407474064	0.307422751409	0.0464744570521	0.0164390425072587	1.0	0.0224877310514841	0.1486665900694063	0.0985874791528371	1
draw1381	0.0207791563766	0.0421296724549	57.6685019734	0.00553258858471	-0.8590666831673496	1.0	0.0399495566456168	0.1120338738549602		0
draw1382	0.0585749307644	0.149106811541	5.43891185139	0.215927862523	-3.904796401077809	1.0	0.1226183542240592	2.742421291051954		0
draw1384	0.0170161686541	1.30316262241	0.0972143307115	0.00127633954034	-20.950330963367925	1.0	0.0688626149290334	0.2687036043909577		0
draw1386	9.23006501147	0.114088942695	0.480969542225	6.42565587285	-0.1774719137388363	1.0	0.0001243352908407	0.0159092057687924		0
draw1387	0.0107383243444	0.0107111908136	7.95356006887	2.9293679503	-0.08474036296694	1.0	0.0077839132562726	0.0128818969451174		0
draw1389	8.18156341539	1.41637508025	0.18675459929	0.173509201099	-0.1236884195493303	1.0	0.0017666617067355	0.0489004621543509		0
draw1391	2.44646453401	0.428811135483	0.0286398180317	0.0721282266752	-0.0736311017935139	1.0	0.0064496627009504	0.1303300967350892		0
draw1393	1.18513262039	0.26248684771	2.08375478868	0.0508811221236	-0.0682501529342886	1.0	0.0043229144580248	0.630101856738499		0
draw1394	0.12216677279	1.13276143097	0.157392264516	0.00651852215967	0.160405911213108	1.0	0.0141929907840174	0.3391186302837249	0.2233126813128741	1
draw1395	0.0478953780088	0.108719096233	8.36838898925	0.00847485426402	-0.0157389897862461	1.0	0.0181753423640902	0.0390040020768017		0
draw1396	0.0184630873333	4.55529184037	83.6945334185	1.12022837218	-1.6826357144494275	0.0	0.1749766032814592	0.1749465423442823		0
draw1397	0.693136969944	8.92891444409	74.3946713057	4.891174003	-6.502281133616783	1.0	0.697752244966546	1.588351082617888		0
draw1399	2.07837376612	0.771357911489	23.0853823801	0.00126980926267	-2.048228335642986	1.0	0.0735729234633437	0.1727408219637119		0
draw1401	0.227728680441	0.014522799322	6.07956549538	6.05383984864	-7.392815595703539	1.0	0.0012027288019678	0.084484771883797		0
draw1403	3.02251912399	0.20877083941	33.484844347	7.10586317678	-0.2893056840136496	1.0	2.816972179125612e-05	0.0038687673980041		0
draw1405	0.0357464947489	0.239792270347	6.69327796498	0.133217503729	-0.2203648492590944	1.0	0.0538997439163606	0.0908193282325646		0
draw1407	0.479306728946	0.592440699483	0.553115192294	7.29545670734	-0.0369388388653896	1.0	0.0005688983764264	0.0670056630350077		0
draw1410	7.39608255619	0.149590640663	86.5128152453	0.102122167605	-0.1900454788604399	1.0	0.0079826264478919	0.014464230073162		0
draw1411	0.186561776404	0.240213933891	15.1448035198	2.57983777075	-0.1141827104905369	1.0	0.0518558012757202	0.0942793758905702		0
draw1412	0.0111575081718	0.565646544132	0.26053507517	5.02628820428	-0.6703201513783472	1.0	0.0008425188416641	0.0660039313739918		0
draw1416	0.0209912885492	0.0367134358509	0.087439749199	7.02755613049	-0.3588011536208897	1.0	9.025703691654716e-05	0.0173512394465388		0
draw1417	0.0337412586659	0.116491614417	0.0546422189856	0.0362632337965	-0.067924229865185	1.0	0.0168119390580185	0.0823458316953282		0
draw1418	0.0292855915352	0.0542636622113	0.217279543702	0.00173369014929	0.0018340911123442	1.0	0.0026652358838003	0.0514695330420682	0.0514636886907991	1
draw1419	3.81858524768	1.97491480542	0.17582768526	0.0735103597763	-0.0806405248855516	1.0	0.0004383574208614	0.1055614257600357		0
draw1420	5.53522428839	2.40562985599	3.72706480858	2.72755443625	-0.2155792679887497	1.0	0.0056721230517733	0.0838043347630062		0
draw1421	0.612760953307	2.06441210232	11.0679014719	2.97461392112	-0.0490682759314938	1.0	0.0136417005876117	0.0867650392702499		0
draw1423	3.51119032563	3.24420654621	0.052563332905	4.87762611644	-0.7346369569936614	1.0	0.0275253230006492	0.4761632078147055		0
draw1425	0.0124303813198	0.0686413213053	0.0231739429711	0.00682144765602	-0.76280674494891	1.0	0.1544951059925824	0.4028401123118724		0
draw1428	0.858657717001	0.077677888738	4.65291279095	0.398674657221	-0.1302842043826115	1.0	0.0004088850363595	0.030262884145007		0
draw1429	0.161140247958	0.0331571378958	0.354462262305	1.77497228599	-0.1751416706057495	1.0	0.0021680957859353	0.0791122432114288		0
draw1430	0.0685764044066	0.735103440632	2.11756655762	8.0929937441	-0.5021844628980616	1.0	0.0034394105248856	0.1377238105321446		0
draw1431	0.0772648725451	0.149233616933	0.0277828281987	6.03985169318	-0.1556285675336401	1.0	0.0005714746941135	0.0263861886873851		0
draw1432	0.0900538139307	0.662561840299	1.80429336912	0.0153647230094	0.0120422014869123	1.0	0.0013912965772576	0.1361731115580693	0.1356470038683767	1
draw1435	0.644113294473	0.0132954629975	0.414927060523	0.30635432868	-0.4495639021742852	1.0	0.0109763358059443	0.1571664567032979		0
draw1438	0.0102193376505	3.06079240929	28.4734858814	0.107289949296	2.9435016413936337	1.0	0.0218591061691534	0.967159424853468	0.832796139709876	1
draw1439	0.0106486365495	0.451714767947	0.0262998080215	3.00071001977	-0.1879808200366574	1.0	0.0038340259296668	0.047694552244746		0
draw1443	0.0335181429354	3.29521144578	5.05283971509	1.9602925111	-3.809069036372184	1.0	0.0233257154243877	2.0417605307843543		0
draw1445	2.51561974	3.01424321499	0.0584333916366	0.645318179215	-0.1097750590884671	1.0	0.0598707913633111	0.08876143148006		0
draw1446	2.47340894284	1.81194036665	88.246505707	0.0883670798003	-1.922001943039643	1.0	0.0210464119558285	0.0334715314546612		0
draw1447	0.0241574481729	0.0877662359695	0.101372416195	0.0290999133588	-0.3886742788319141	1.0	0.0082609603159899	0.0292968112014601		0
draw1448	4.94572479814	0.0570271405351	1.89072888601	4.34443503803	-4.4202296137216965	1.0	0.0353371751369762	0.396907410947303		0
draw1450	0.0719802489799	0.305928806741	0.886543848875	0.383334193587	-0.2105076606787594	1.0	0.0077087438012862	0.2381090506777865		0
draw1451	0.342791346528	0.38397287957	0.490291145857	0.137644393721	-0.036803492368927	1.0	0.0414440225965953	0.0570413073094397		0
draw1453	0.0798518186466	0.370965363892	1.98494096523	0.0175861342605	0.0172494068659797	1.0	0.014772181568765	0.1272105796911057	0.0501770229132231	1
draw1454	6.38697461447	2.01762325332	0.0291230775564	7.82116378461	-0.3037984642821623	1.0	2.9804114808915397e-05	0.0202660772665242		0
draw1456	8.83774943507	0.0619709911555	0.502375527928	3.25436187825	-0.5430483972973733	1.0	4.822013067017267e-05	0.0148216163231917		0
draw1457	3.35899747528	0.0281944927997	12.8048348275	0.00107558345596	-1.050902799128431	0.0	0.0007655179928476	0.0007656001481695		0
draw1459	0.61082557735	0.0168057706564	1.10309925098	0.00192978721536	-0.0723387955063352	1.0	0.0027617688235441	0.0030314953916909		0
draw1461	0.232258314617	5.74278187314	0.0215097376442	0.0202353849427	-0.906661204108588	1.0	0.0020209983068437	0.0441783751275817		0
draw1463	1.07926627162	8.00027931747	0.0427863022009	6.20069695397	-1.2739567184962493	1.0	0.0050886439054307	0.4312483991918631		0
draw1466	0.940548178261	3.53916007776	0.6679924347	0.00172226535078	-0.006409995484944	0.0	0.0093066202151695	0.0093066197165725		0
draw1467	3.45646351943	0.294967521118	0.352694652298	0.148791987626	-0.1038080730051487	1.0	0.0008690290218663	0.0514084505639484		0
draw1469	0.0756705709592	0.23340476184	0.207276668701	0.0361992523755	-0.6382678645269367	1.0	0.0053476259617064	0.0527157614000834		0
draw1471	5.09228397976	0.0818871090651	0.383330589856	0.154647931922	-0.1014956287190534	1.0	0.0131015208480188	0.0687225705028032		0
draw1474	0.021119537273	0.0260036362875	25.1287443644	0.005653213439	-2.536119837455572	1.0	0.2295590379476217	0.2993208482555138		0
draw1476	8.76840813567	0.685767198709	20.1832352168	1.05179852254	-0.0689039358921892	1.0	0.0004663208586221	0.0010240981211487		0
draw1478	2.00232562305	0.0171479449857	6.1731171596	6.60341205235	-0.0961981107206248	1.0	0.0005268597704024	0.0010784297867515		0
draw1480	1.07297381232	0.0427415383166	47.4743777139	0.0328628857825	-0.0307981311104393	1.0	0.0094681806862706	0.0123411586354488		0
draw1481	2.67259475854	1.88625891459	10.5128515381	0.612082228611	-1.645364351703159	1.0	0.0029362720314848	0.1068344924802757		0
draw1482	0.815030043034	1.92712565303	0.756324138954	0.327340642096	-1.1760784483579836	1.0	0.0009177605013859	0.1674918925326155		0
draw1483	0.0996841834913	4.15802081913	68.8238999582	0.162077918844	-0.0656310976987241	1.0	0.0086201325159386	0.2746003733887824		0
draw1485	0.923681471879	0.0330314387083	2.29456360617	0.936283548653	-0.0484753584505955	1.0	0.0001056097520648	0.0072646843791336		0
draw1487	0.0397704636847	0.235159779197	82.6911064711	3.38247149379	-0.0029765234020801	1.0	0.0011928256428711	0.0629247314047084		0
draw1488	8.01987095436	0.0107760707584	12.7874232587	0.0642407906643	-0.5947507432346418	1.0	0.0031557717006746	0.0055351242750119		0
draw1492	0.210410064696	0.0194876401228	85.1877710621	0.00318455590245	-14.027841447132182	1.0	0.0204280957824238	0.0224730121522298		0
draw1493	0.115856819282	0.049637904446	0.0285024376501	0.116818155158	-0.0133634152035451	1.0	0.0106755453333544	0.0249787085902326		0
draw1496	2.59386478806	3.77124890885	11.4251327696	3.90154733552	-1.008453581979854	1.0	0.0136305067096217	0.2045382126219281		0
draw1500	8.43893750679	0.231878494618	3.93513631329	0.179418591452	-0.0059959603360848	1.0	0.0004466124666388	0.0006070632136436		0
draw1502	0.14350960309	2.08455264021	0.0187281056263	0.224459981171	-0.2087118354285181	1.0	0.0023620870390746	0.1189834589365509		0
draw1503	1.90136503305	0.0246923007194	1.17236620084	4.02004032499	-1.2489210158768318	1.0	0.0174877550996281	0.3957101531864241		0
draw1504	0.839007673041	0.315060102074	6.49425189598	1.24702184101	-0.8571579540098183	1.0	0.0043123322614343	0.2706893449933883		0
draw1505	0.0736695413035	0.488266998151	1.48681438023	3.27142401176	0.0130839363014966	1.0	0.0004005468218007	0.0137230450668234	0.0119120902337046	1
draw1506	1.57779048334	4.3267410223	19.1581147895	0.577675347575	-0.2477007116702643	1.0	0.0433988106032022	0.051890756597182		0
draw1509	0.0296008335635	0.495680260912	0.13289450184	0.00275999098433	-1.8775419021398323	1.0	0.0815202175053747	0.8964308022874676		0
draw1510	0.0520922430477	0.773287178859	0.0205193893023	0.66905702188	-0.7930953316306303	1.0	7.769111544881153e-05	0.1916633700256618		0
draw1511	8.46192881303	0.644130096885	0.279718949268	0.0356316606612	-0.1262623049256267	1.0	0.0009959770150603	0.0731190835511497		0
draw1512	1.74364702507	0.0151576828622	29.2538518422	0.136575978383	-0.4519206092662328	1.0	4.516589984022613e-05	0.0004146280899531		0
draw1513	0.0130147585924	0.168222968101	0.0127960020321	0.25249595862	-0.6100913680878435	1.0	0.2827224739850508	0.2835892678946369		0
draw1514	2.66044631015	0.0103305709211	0.182727781265	3.0572541371	-7.103517238480246	1.0	0.1450287365559302	0.7390384171209371		0
draw1515	2.24949253829	9.9175807529	0.0478290544595	0.0461019706145	-0.3354553730777481	1.0	0.0478964140771117	0.1088136874438785		0
draw1517	0.172804376857	7.53515742595	0.407160505171	0.0847660983289	-1.3187186921240928	1.0	0.0879253052847182	0.5239248432337841		0
draw1523	0.254845913241	0.0132244445008	0.0230777040755	0.062933616868	-0.1523574362979104	1.0	0.0001982753353757	0.0953567293078215		0
draw1524	3.59576658893	0.453075856486	0.0611963364839	2.85684361597	-2.4141005152846358	1.0	0.0003832406661276	0.1737623532419983		0
draw1525	7.98736914099	0.526047945986	1.41883383989	0.0904462465445	-0.0451294588020729	1.0	0.0026289669925438	0.0172295994336749		0
draw1527	0.800125524314	0.0780253339626	4.27736868288	1.70450057104	-0.0785073355021803	1.0	0.0002295450919993	0.0279213224046776		0
draw1528	7.65358044939	0.761951736907	4.55106056457	0.24728574932	-3.6509769412530297	1.0	0.0128090471596955	0.1791443485840756		0
draw1529	0.0805428347753	3.41659335319	0.582528735291	0.0169267656857	-4.034574105715324	1.0	0.2950928714624639	0.5747343562247004		0
draw1530	0.167221872069	0.0191755623769	0.169913622588	0.945784011418	-0.4249571478680128	1.0	0.0089894788814814	0.0916974374314811		0
draw1531	0.213405973928	0.184838889968	0.0134353547442	0.0199384799073	-0.2944594675048358	1.0	0.0151017807596524	0.9120552035311968		0
draw1532	0.0632429427929	0.463410743398	0.128028511713	0.0131906796556	0.0344212099221503	1.0	0.0025684666177782	0.0649258797150334	0.0476333439657638	1
draw1533	0.0776413565729	0.0833142673999	0.0378181427011	0.696420037265	-0.0408792724513123	1.0	0.001248185676323	0.0110735695610861		0
draw1535	1.78087708612	2.5958914699	17.8924956743	2.99323826083	-1.0759860039924647	1.0	0.0093223972778526	0.4262286442945435		0
draw1538	0.240130786175	0.479258417418	0.0468184926837	0.246876024642	-0.7749920857521093	1.0	0.0024681203040072	0.4455664456043932		0
draw1539	0.0468026683073	0.0133153143833	0.0203508963415	0.0166914087654	-0.1145821356951899	1.0	0.0183324217186878	0.1823910327739474		0
draw1541	0.0112719319834	0.0958539536795	0.156599647126	0.3406528826	-0.8340019999155934	1.0	0.0108386847279217	0.9956789840385252		0
draw1542	1.42027984522	0.250376579601	0.195721888484	0.155396295555	-0.5459494935056309	1.0	0.0007940134987156	0.1019641118494352		0
draw1544	4.93133611786	0.175413894281	0.016543301551	0.281259337145	-0.0273494606410362	1.0	0.0005641124028784	0.0822744241934636		0
draw1545	8.23951124697	0.117333875952	1.75077844768	0.028187698336	-0.1047297584607669	1.0	0.0018969528184684	0.0839428396064364		0
draw1546	0.0167035137892	0.168017776832	0.0983953844886	1.777099046	-0.7097923700485627	1.0	0.0161977361548586	0.3283620617339701		0
draw1547	0.0366457657952	0.0909566472901	66.1072512572	0.00226023171556	-0.1071522035134259	1.0	0.0340549454564824	0.1116162896526228		0
draw1549	0.466596299788	0.26728777186	31.4482348906	0.212200815516	-0.0731330371884374	1.0	0.0061298283534788	0.0151486065476555		0
draw1552	0.0480150952972	0.772207105712	17.4321200341	0.169537885104	2.608949014468866	1.0	0.0912703545651738	0.3342567557030118	0.0920011261106137	1
draw1554	0.367369017411	0.433604910351	0.216748843528	2.6585918603	-1.1594783518749796	1.0	0.0005901228292412	0.1272222322557814		0
draw1555	0.384329347997	0.114675747405	1.06098504986	0.00186647528789	-0.0518363221210314	1.0	0.0110488346954629	0.0608001131786476		0
draw1556	0.0701156609393	0.0133971280604	50.4310625116	0.887579312971	-5.997582566256853	1.0	0.0307308052674585	0.5050381711266478		0
draw1557	8.26710072456	2.33774916032	0.0505408848031	0.00317864495404	-19.05478729516396	1.0	0.0382184515335067	0.257960301135593		0
draw1560	0.268403492024	0.287026561563	40.4787062128	0.131275729729	-1.0444361804450502	1.0	0.0462264362583805	0.1290747952015309		0
draw1562	1.31321651159	0.138081869123	0.0363124075561	0.0262396868566	-0.0197701354863823	1.0	0.0015163375663729	0.0271639063514466		0
draw1563	0.116612015146	0.387862757781	0.0357466126785	0.0727704386488	-2.5752571034198315	1.0	0.0771328249539409	0.269961606996868		0
draw1565	1.66337626055	0.72830535403	0.074187403604	0.0843454670401	-0.3244796437016629	1.0	0.0007655834916184	0.1923501599519033		0
draw1569	0.582251207173	5.45828540044	6.89044380842	0.312965845462	-0.012011849165673	1.0	0.0048452762428985	0.0687648871177803		0
draw1570	0.0126221915868	2.68421313639	7.77746141099	0.0461990932072	0.531259602733024	1.0	0.0229737553308905	0.2367706843127586	0.2302755354428023	1
draw1571	0.0334454206967	0.041453524559	0.0132414290852	0.025040455928	0.0049375997724483	1.0	0.0144034259079031	0.0173723068844719	0.0144236798320734	1
draw1572	0.0443904111027	0.374510046822	0.685303600474	1.16424078137	-0.3753630397067337	1.0	0.000456769258583	0.0264832309090126		0
draw1573	0.0615793516906	0.0286142502144	0.177022797926	0.071850666783	-0.125474857622	1.0	0.0198712286611661	0.1253052732557701		0
draw1574	2.10021352027	0.0530411793643	0.34039506134	0.0402088517194	-0.0417330480952497	1.0	0.0049618133583965	0.0946690455423736		0
draw1575	0.956020608051	0.164164981576	0.260644557344	0.0348288580041	-1.712997895469913	1.0	0.0465844445600945	0.0550196387948724		0
draw1577	1.2453697903	0.104722145669	4.35647803318	0.380726717923	-0.0256967761124546	1.0	0.0081170580802669	0.0340815387029345		0
draw1580	0.0119328989046	0.936639782593	0.408010865707	9.51409621933	-1.8627970233732916	1.0	0.0170534694986404	0.660379886282612		0
draw1581	4.81764699989	0.0314616528438	55.1028820967	0.954072895613	-0.8062327424100261	1.0	0.1688246018070855	0.401366957245961		0
draw1582	0.895350797544	0.272322333826	13.5116051778	0.0161503091048	-0.1738635540627586	1.0	0.0020572191421986	0.0034241370997909		0
draw1583	1.43033490307	0.52873883153	2.33136896347	0.00553742309322	-0.0245984154589875	1.0	0.0092497963596259	0.0826911491238011		0
draw1587	1.63754169884	0.800130825884	0.239640300694	0.0258209938676	-0.0257439856996228	1.0	0.0331288162738152	0.2096079658059533		0
draw1589	0.21449962802	0.303284841947	0.0185701846954	0.00547278382437	-0.9733654975257524	1.0	0.0076777680861752	0.1562699246518369		0
draw1590	0.0116029438062	0.423423181156	0.608235473542	0.012185220556	-0.3164065509615124	1.0	0.0222743052611406	0.1321414661398931		0
draw1591	0.792372746702	0.542945815214	24.7059522415	0.0352536268191	-1.3872384940362243	1.0	0.0831166473328837	0.1406397328204407		0
draw1595	1.06373315416	0.0340146189133	0.0557474128453	4.05208680842	-11.66816846792597	1.0	0.0861660907603362	0.3430826617698002		0
draw1597	2.01512813859	0.0460227913254	1.10094629069	0.559557777814	-0.2510846038729258	1.0	0.0093380810326158	0.013939087568045		0
draw1599	0.627532146316	0.184454047336	5.11427749345	0.0177795156545	-4.3965932274952335	1.0	0.0349776601140043	0.6797085773466772		0
draw1600	2.85428364558	0.110199568575	0.723354650406	0.0115002119418	-0.4155644046021211	1.0	0.0559059964348206	0.5077545509085208		0
draw1601	0.0142212189938	0.697665283897	1.93003186856	8.28646419723	-9.926734002580307	1.0	0.1325608013434205	0.3765380687402573		0
draw1603	1.21344804302	0.0101807169786	0.0246816894471	0.0136632397812	-0.0526021921779236	1.0	0.0151168713131102	0.0685423323069425		0
draw1605	2.17432927978	0.0968193127633	0.0159528070902	0.47006605672	-1.0584366961638472	1.0	0.0503716002123641	0.1456263694040064		0
draw1609	0.0530389850348	0.183085749914	6.8219131184	2.81938529985	-0.2381958006277906	1.0	0.0020226591197381	0.0576047751014018		0
draw1610	0.629517379158	2.54720345348	6.00967401397	8.53659930149	-0.2927333573759762	1.0	0.0090802666260907	0.1601330778945956		0
draw1611	6.27131488619	1.89320640097	0.0148272417015	0.299886260513	-0.0360657008499257	1.0	0.0037657957163365	0.0421686117082655		0
draw1615	0.114458438608	0.0411637611421	0.379850498466	0.00109327866949	-0.0952476722485181	1.0	0.0824833059802484	0.9961738977790652		0
draw1617	0.524794928862	0.0228592456885	0.0121431081531	0.973287946896	-0.1298984034388489	1.0	0.0003802332776117	0.0338352632969132		0
draw1618	1.01273065111	1.14847156922	0.27458784313	0.00576618650134	-0.0404116297482626	1.0	0.0303012632263639	0.4934678888092357		0
draw1619	0.280331917199	0.0352450713596	0.0173850246121	5.87985916425	-0.4801854169789085	1.0	4.679216321255203e-05	0.0124794589336794		0
draw1620	0.0227341358614	9.1744940315	0.209428893191	0.837975387842	-0.6107771947042921	1.0	0.2557099090961371	0.5300942311341548		0
draw1621	0.620884196918	4.2472186252	3.47499994963	0.00214934558451	-0.1508282532259174	1.0	0.1426683381497743	1.424631508912998		0
draw1622	0.0897989098424	0.0275270207845	17.4604383716	3.75242643648	-0.0741631398889485	1.0	0.0011924117181021	0.0109782598448802		0
draw1623	0.0326149735839	0.104648452978	2.91724119814	0.00126259250279	-0.0326220056143151	1.0	0.0710306036607721	0.1586673429003447		0
draw1624	3.79399064189	0.0379712032967	8.8838082497	0.00206644042291	-0.5905788789889592	1.0	0.0882458628130034	0.9220872066975936		0
draw1626	4.17902749589	0.0590654249238	0.170447925095	1.3611365177	-12.167207314589634	1.0	0.0460351239150881	1.2281274128955886		0
draw1631	0.680469002027	0.226204736081	0.0207657069511	0.0203022073213	-0.3297867799091973	1.0	0.0126832476765058	0.0492026703032223		0
draw1632	0.0170339097992	0.01681663503	0.0140379736526	1.38707402405	-0.0174694677077482	1.0	0.0025100996796664	0.0293770750563097		0
draw1633	1.75599162555	7.45123111372	7.49216510568	2.06498638929	-0.4354428760679809	1.0	0.0086460530240056	0.1716017507344813		0
draw1635	0.235671397746	0.143369006712	0.0499819466872	0.00495911557077	-0.0361818794776686	1.0	0.0067749119935351	0.0076860577348099		0
draw1638	1.5478478953	0.315839634493	0.133943368039	3.22126402391	-0.3017088317515341	1.0	0.0003424007386026	0.1069341933556989		0
draw1639	1.45445659676	0.147381758803	0.296961513551	8.94402795916	-1.4918791411954446	1.0	0.0490278620599664	1.6033598518701533		0
draw1640	0.0231298250199	0.0178457667861	0.361781521798	0.0127147042626	-0.088969455917876	1.0	0.0068888612299915	0.0426931407825703		0
draw1641	4.569154209	2.70549648172	0.056416162172	0.0450878981396	-0.0457854328261325	1.0	0.0051042759659893	0.0388488610353517		0
draw1642	1.4703177734	0.36647397508	0.0310128703737	0.128920455323	-2.2362893726366724	1.0	0.0082172674534913	0.6158440334082084		0
draw1645	3.57455951048	0.0737974385203	0.0333791096014	0.161796986429	-0.7894444259345879	1.0	0.021313285236146	0.4158854918177862		0
draw1646	0.136121447064	0.0890957034419	0.0797695265832	0.0538459432163	-0.1050326341785062	1.0	0.0476997958517395	0.1776630643944518		0
draw1647	0.0250475534255	6.26235061089	72.5753638376	0.382518951635	-0.2198286601754677	1.0	0.038911497447982	0.6239528435728532		0
draw1648	4.63674382238	2.03800495223	5.9027090946	8.48410280221	-4.554033968961439	1.0	0.276378355644957	0.4117967033315484		0
draw1649	0.0111983020715	0.016205342827	2.49838688408	0.0074491774882	-0.0230035833325175	1.0	0.0021165444232818	0.0202339737798799		0
draw1650	0.164229853781	0.270618276644	23.7077884929	0.0385688015295	-0.2298788418540631	1.0	0.0318348783852965	0.1144296843723975		0
draw1651	0.0640072127953	1.18589461676	65.3712017274	2.19511455229	-0.4877408375867567	1.0	0.0031115154430351	0.218604320288511		0
draw1652	0.251205132585	0.0407407852728	2.16145209564	4.45209214818	-0.1434604362587381	1.0	9.920802582499264e-06	0.0159191640385906		0
draw1653	0.071837487506	2.19381481404	0.998927836697	0.00491357540652	-1.4013819064067623	1.0	0.1994559492405325	1.3152138854920328		0
draw1654	1.0447629413	1.94244989766	0.794189887211	5.43613683506	-5.999305923616432	1.0	0.0080723222122424	0.6796861454196399		0
draw1655	0.0150559599172	6.39823303149	0.0133950848366	2.10461839022	-0.7937918423095256	1.0	0.0032416378485773	0.2318282326663808		0
draw1656	0.112277758203	0.718861001349	0.463728259725	1.73442086508	-0.5135759929913517	1.0	0.0016280695688014	0.0668905381609396		0
draw1658	6.52051710736	7.21617546336	14.4920831387	0.0103969311487	-0.0267731203570428	1.0	0.0170008861744779	0.0250353500716876		0
draw1660	1.06224227611	0.278778502853	0.562118185443	0.0892325524805	-0.2098262248369599	1.0	0.000389976249124	0.0681789322114174		0
draw1661	0.0159768196694	0.030290296365	1.52546324595	0.841131788404	-0.814524486547068	1.0	0.0083765965255658	0.0824667841418607		0
draw1664	3.58242407287	1.84654345046	1.96160579461	0.389861499769	-0.0592020974760744	1.0	0.0088156041616324	0.1001754853459475		0
draw1665	2.92942683532	0.0474307104673	3.31262776572	0.302542367918	-0.7231067472698728	1.0	0.0070940149024108	0.0134195323054791		0
draw1668	8.86087022096	0.0178005017043	2.7564423699	0.0433978062905	-0.1543907399002471	1.0	0.0044016534791093	0.0307343873897162		0
draw1670	0.0154041143205	0.103255720914	7.33009195545	0.0660708954865	-0.0682664441118688	1.0	0.0037673231714594	0.1179141788655154		0
draw1671	1.66060307933	2.07716150583	0.184463738634	2.20489121634	-0.189521568014305	1.0	0.0028884571986738	0.0647354214980916		0
draw1672	0.73598502837	0.0400115750252	0.0100402296217	4.0053052214	-0.0479379445855406	1.0	0.0165137296065033	0.205243736698343		0
draw1673	8.32466215204	2.20605565899	2.47371819659	6.30490929774	-0.8530978202839712	1.0	0.0094799732002745	0.148741318189482		0
draw1674	0.0108859184788	1.56373157179	0.029831427689	0.00229582423562	-14.540056932324765	1.0	1.0316394288682682	1.2512457772378938		0
draw1675	1.22972672102	0.0804297441801	24.5302571163	9.85967413979	-0.3169620831404375	1.0	0.0023055282440502	0.0292703952498937		0
draw1676	3.83586307591	0.530669086005	52.5065975408	6.23495375816	-0.5577655372090866	1.0	0.005234752928609	0.0299314173784328		0
draw1679	0.421079317355	6.52141432217	0.387563740029	6.03209128204	-0.6755279554627693	1.0	0.0004159997091092	0.4733346815102746		0
draw1680	1.00534530135	1.33656950647	40.6442759433	0.61853951696	-0.4595856718480944	1.0	0.0520468189424712	0.1056485116654693		0
draw1681	4.61213375412	1.82391655618	1.52033647492	0.700274176556	-0.3744269864006509	1.0	0.0043977376160846	0.0554000470618489		0
draw1682	0.0285402164503	0.0286576970375	8.61107078619	0.482732967785	-0.0679629492915811	1.0	0.0001078723920943	0.0074011017813006		0
draw1683	0.983112875727	0.231658031547	1.05523167455	0.00220914370748	-0.6261511047118548	1.0	0.1137761704607048	0.1708175460251073		0
draw1685	1.18149576186	0.635765782035	0.0307976242302	0.00760906949881	-0.2035029560155278	1.0	0.0589553834341024	2.1553870193133293		0
draw1686	0.0134262924329	6.4436719667	0.0980139859632	0.801261642235	-0.6105263278826337	1.0	0.1568835515789723	0.3464199969087723		0
draw1688	0.786820337075	0.0867962415598	0.105803160238	0.00832202713707	-0.3618912034249222	1.0	0.0563492505265036	1.7542409011805848		0
draw1691	0.0261018685031	0.774595797126	16.4020897344	4.08224188533	0.8308564628347289	1.0	0.0039289795237179	0.2282754013222024	0.1144503806814261	1
draw1693	0.0291112516864	1.39557462795	1.78091285106	0.00876632389899	-0.0958939949178886	1.0	0.0054133704749998	0.4233853851273603		0
draw1695	3.06316208722	5.166189602	21.7730007446	0.0289736092214	-7.632736703520675	1.0	0.3737043122033495	0.7665734381444448		0
draw1697	4.9029643729	0.0190305710769	0.25067405367	0.0506743413243	-0.0187115291753125	1.0	0.0012862319492489	0.0067778540468728		0
draw1698	3.02372531535	0.0344541905154	59.0103689088	0.00509545035573	-0.3902767082217891	1.0	0.0119512708307873	0.0139564430702064		0
draw1699	2.73196174434	0.591400974917	0.110697205642	2.12549786303	-0.1009593189541683	1.0	0.0071088840579826	0.1098494672513476		0
draw1700	5.27711069793	0.123483377477	43.3808145084	0.0345691492056	-0.2568063068746459	0.0	0.0006199539225669	0.0006201077890162		0
draw1701	1.91977463364	0.0675642802616	0.508153936491	0.152343189659	-0.0217625129034275	1.0	1.5012119428192294e-05	0.0010107000363122		0
draw1702	0.0562989613297	0.010495905583	1.55074164817	0.0130161687327	-1.883314403635824	1.0	0.0102521942654753	0.3725784891262277		0
draw1704	0.127416013649	0.0293789399063	24.3705257781	4.43877348822	-0.8585652860984891	1.0	9.27712633714806e-05	0.0074456317127067		0
draw1706	0.0955209223515	0.034941010109	0.0270612312389	0.0326150983538	-0.3885403196835532	1.0	0.0033106312705693	0.2079050694144159		0
draw1707	0.0603549910649	0.641474247785	4.72273546938	0.125603297889	-0.0831093282653243	1.0	0.0003595447279149	0.0207348563763541		0
draw1710	0.0196621152039	0.166280608621	0.126083805454	0.0752872841778	-0.0329117197784566	1.0	0.0921445088864523	0.1526906289061549		0
draw1711	3.24491541867	0.50242570474	0.445620925661	6.6609309592	-0.2923856076340524	1.0	0.0102584284210739	0.0985063258967011		0
draw1712	0.12429548364	0.386296397269	2.0246655925	2.6411829858	-0.1178251968406594	1.0	0.0086364695622295	0.0807561375493425		0
draw1714	7.12152714586	0.0603620542047	0.0254148522195	4.06141114802	-0.0571200864491787	1.0	0.0001167182258835	0.0041284146527298		0
draw1716	1.36453115693	0.0859419930959	0.362493269827	0.421488636748	-0.1985747014537763	1.0	0.0107564067539178	0.0472011017097341		0
draw1717	1.18464492806	0.115452068887	0.588293048368	0.0108717895478	-0.0536324964921042	1.0	0.1923698988650395	0.7654237291722233		0
draw1718	0.0234953513094	0.0329602814996	0.211382964413	3.79854624538	-0.3388188676513	1.0	0.0007175249927438	0.0733132333838504		0
draw1719	0.0188152613034	6.05496389842	0.0149500187273	7.89399653273	-1.9827983963438325	1.0	0.0919012759624426	0.3967264719417906		0
draw1720	0.15131019997	0.0171063944305	0.429275729318	0.00713856782005	-1.0114532546483157	1.0	0.0121081539169394	0.2630089847049699		0
draw1721	0.0166636584755	0.740609207986	0.0608547458993	0.00331412135514	-0.7542288530213704	1.0	0.0282215620636854	0.1169477560205645		0
draw1724	0.0861665245969	0.0985173950696	3.20152273256	1.67634199596	-0.29386046096417	1.0	0.0097792080133212	0.080117423807344		0
draw1725	0.566917134345	0.068017133333	8.22398182393	0.136095962738	-4.676898396107238	1.0	0.0295083048868937	0.2058043155204654		0
draw1728	7.77538859956	3.94711197988	2.66134927548	3.55968529021	-0.05309840089386	1.0	0.0054609008106021	0.0297971081193403		0
draw1729	0.0198187155501	0.0257180276611	1.82244912442	0.00405748853201	-0.0307480777117555	1.0	0.0087780462743517	0.0367995716621894		0
draw1730	0.292218747314	0.535302356904	8.58980888627	0.0650238068964	-0.6430662962558426	1.0	0.0001039717794463	0.0689712441285286		0
draw1731	0.0287398775128	0.0896463378642	0.0156815223066	1.78227823957	-0.6837846547589599	1.0	0.0024116640044485	0.0505666806589522		0
draw1734	0.109079221894	0.0515368839817	0.0216838684816	1.84952115156	-0.6813862623932883	1.0	0.0097258622218013	0.113781493888695		0
draw1736	0.454490154545	0.130139293032	39.216304487	0.314466545464	-0.5110790570165543	1.0	0.0263430783476825	0.1234477447611933		0
draw1738	0.163976973108	0.0120889612873	8.32441014746	0.985724007065	-0.2508994370142228	1.0	0.015872328000062	0.0621335772622973		0
draw1739	4.07702582135	1.13048723669	86.4295155305	0.219141360104	-0.514463177326934	1.0	0.0050068864158847	0.0062974485377719		0
draw1740	1.77700462711	0.541635700694	0.580626608525	1.2715292018	-0.0889048827741943	1.0	0.0006491203977418	0.1055638020229361		0
draw1741	0.0138767894881	0.0242879079375	0.0443008515397	0.681340411512	-0.3336251388595421	1.0	0.0020074321521078	0.0512386895487904		0
draw1743	0.0158087618332	5.03171560966	60.6295733517	1.48389380889	2.3306990297918526	1.0	0.0718746891821567	1.3127041755719202	0.8188970091265493	1
draw1744	0.0204889253842	7.91965630576	0.0275504145854	8.79908894417	-6.87175784578463	1.0	0.0047495344683278	1.983938413021732		0
draw1746	0.186485221393	1.63630804869	0.390115152683	0.00114980180877	-0.6958835762808708	1.0	0.0797229091194546	0.4784858551690906		0
draw1747	2.86341129588	0.175892556549	28.3667245698	0.210349200103	-11.666660623028188	1.0	0.0019494134668969	0.0873810328794373		0
draw1748	1.71305879424	7.96892492194	0.123122260964	8.38963724072	-0.0786706543226037	1.0	9.078524544060266e-05	0.0331135128056912		0
draw1752	0.385396976751	0.0116536384889	0.119719782221	3.93054225868	-0.1241335392255861	1.0	0.0003391582386575	0.0153194196142378		0
draw1753	0.557926198388	0.567683338708	33.1865473001	0.0624851445092	-0.095170916960013	1.0	0.0078983552853651	0.0130168108878674		0
draw1755	0.0266068141438	0.18048743623	14.9411882766	0.417910215708	-0.3241486971626601	1.0	0.0092842598209527	0.1677613670370085		0
draw1756	0.113990134142	0.476445853808	0.764549116428	3.92713226241	-0.4667808688127922	1.0	0.0039135399824774	0.1094960928369757		0
draw1757	0.102210452684	2.8918146957	0.0783595435445	0.0144698093463	-1.0127133693137582	1.0	0.0036386248987406	0.096984420051235		0
draw1758	7.06403877919	0.552075367063	0.161693081449	0.14041873827	-7.734763805598255	1.0	0.0831262926070523	0.5183482424152102		0
draw1760	0.795899163081	0.326497051753	24.8379288939	0.185465582974	-3.124711535463108	1.0	0.0035974591429655	0.2057456410284235		0
draw1762	0.205927901848	0.185902974108	17.1581596466	0.111061004135	0.0358180920360171	1.0	0.0091627458260288	0.0324574097143975	0.0225413452413393	1
draw1764	0.0379656878655	4.98892714126	0.0240895621193	1.65930687757	-1.3585299381962177	1.0	0.0059427822068602	0.4670377838070431		0
draw1768	0.159545043125	0.0322612530558	7.44722536523	0.00160973896907	-0.0771043066116255	1.0	0.0024284078466083	0.0030421385573062		0
draw1769	0.0422235102144	0.0110945581274	0.0456450580628	0.0827331736242	-0.2044169823688022	1.0	0.0034402448236484	0.1791792976370858		0
draw1771	0.793102821485	0.0636962561626	1.2085552108	0.00228229801368	-0.1777748417836551	1.0	0.0114752185341953	0.0263991575028915		0
draw1772	0.281238099835	0.536669721392	2.82472403897	1.58623696043	-0.3947253948865988	1.0	0.0416235742238327	0.3269451814167358		0
draw1776	0.433847580242	0.0147297604529	0.0415260416719	2.25744461321	-0.1949069799606319	1.0	0.0017274397816662	0.0534228210957879		0
draw1777	0.188529359842	2.06740719088	0.0500659532491	0.00255337309214	-0.2471786951580923	1.0	0.1484939252296637	0.8834328200960251		0
draw1779	0.0965987147038	2.56356738724	1.03466447942	0.0103243674501	-0.2621881081180413	1.0	0.0401270488667623	0.0703307506071556		0
draw1781	0.081950200303	2.16621679122	0.716776399153	0.659685861361	-0.3737675067365205	1.0	0.0059930951339811	0.4678671386849632		0
draw1789	0.222458442746	1.07685611394	15.1982838734	0.0011611949605	-0.1868848094002457	1.0	0.0552532828170928	0.073318262295532		0
draw1790	5.05770946244	0.400757224083	0.0226268185575	0.00914484739917	0.0011114008482689	1.0	0.0275078382941955	0.0339941961247734	0.0275078382941955	1
draw1793	0.0734981726073	0.393511577984	0.0638723331778	7.90761395973	-0.480970011187215	1.0	2.3254668843617828e-05	0.0672792335121331		0
draw1796	0.246751257414	0.0248503550913	15.3822062176	1.86695619943	-0.150960553167096	1.0	0.013513760860007	0.0571375479205214		0
draw1797	0.0174007272212	0.0256424377631	0.235927046774	0.0605302530253	-0.5309534425652616	1.0	0.0551758929792762	0.484702946419729		0
draw1798	5.5213981105	0.0272287145851	16.8678240566	0.00292270749111	-2.119194201719318	1.0	0.0160257139313011	0.022894115104618		0
draw1799	0.477833839498	0.108501432091	1.22146148195	0.843610335786	-0.2829353496308386	1.0	0.0225644615613597	0.2229022238005367		0
draw1801	0.4920450044	8.95109360389	94.6792218994	1.16049955534	-2.6024751743526298	1.0	0.0002452196816925	0.2103201085946969		0
draw1802	7.94276195161	7.49246610646	27.3068713077	0.0918434331543	-0.4006036145055612	1.0	0.0091629868185349	0.0094506301342902		0
draw1803	0.128528914097	8.12803534566	0.0134071902979	0.324256458295	-0.5051229538147319	1.0	0.0295131771222975	0.8802636878637146		0
draw1804	9.6825529368	1.44156111748	2.14007174245	0.387915259823	-4.869801969288677	1.0	0.0131508407395703	0.1048978657998842		0
draw1809	6.16925070144	0.0169136101861	0.0442110425418	0.0145373045177	-0.1283164083299491	1.0	0.0004897027131165	0.0650852504638472		0
draw1811	7.37671881375	0.243297764848	0.172772106798	0.0477755850573	-0.0390669642660463	1.0	0.0428135719984274	0.1436346800035052		0
draw1812	0.049438864861	2.77834461845	9.83124630214	0.846076456709	1.12922588547832	1.0	0.0907669398370019	1.7576100873284286	1.358511976289591	1
draw1813	1.40614882322	1.36809539809	0.217086057925	0.658242426072	-0.1563370023374672	1.0	0.0070566844817121	0.1394923978480898		0
draw1814	0.349349213259	0.587919792279	0.0346200444409	0.128050383002	-0.3299422514118809	1.0	0.0118146611421933	0.1447098022446069		0
draw1816	0.0165357654908	0.040851208775	0.0379283051427	0.0504953631902	-0.1173947186954812	1.0	0.01909162843337	0.0796048898959938		0
draw1820	0.681041190168	0.45424979571	27.6753370606	0.010668864801	-0.5754858022249976	1.0	0.072396466296386	0.1691394441668922		0
draw1821	0.0409540214714	0.0883481380234	6.5233186188	0.00613253625929	-0.3454279321934435	1.0	0.001379247983206	0.0285475525235286		0
draw1822	0.0136419297897	0.0242366492398	1.38183146418	0.161151381155	0.0177003981536506	1.0	0.0006659699021253	0.0172863307506654	0.0159984470678101	1
draw1824	1.48376073304	0.897174337776	16.6295780991	0.00344796995661	-0.0156482273545652	1.0	0.0023839913200901	0.0058434124755955		0
draw1826	1.62831213912	2.92627036166	0.236177632302	0.00881337961732	-0.0796740978854639	1.0	0.0058365720557879	0.1330908167516044		0
draw1829	0.0122800379419	0.0802926503289	9.12318706132	4.24786610532	-0.5917226787603915	1.0	0.0001732413479106	0.061057237314936		0
draw1831	0.0221659300858	0.640237664863	0.0100287262148	0.101459858812	-0.6450962904769114	1.0	0.0159220286892243	0.1822004578997996		0
draw1832	7.46519214191	0.470219106889	5.01519517372	0.24858151969	-0.5473258785806616	1.0	0.0112308700937131	0.1635108026580261		0
draw1834	0.0977858237529	0.0526566348063	0.638142875541	0.0142217315089	-0.2214690981799734	1.0	0.0048781242206066	0.0285597776870035		0
draw1835	0.207016611518	0.0369121358054	1.26869794449	0.191702734584	-0.3695010240064271	1.0	0.0142283844113499	0.1208438100397647		0
draw1836	0.170765945245	0.132791809132	0.59010053599	0.0313580173902	-3.046053051785518	1.0	0.0030482223940379	0.0644659948524045		0
draw1837	1.50722613865	0.0529091666733	0.255009412319	0.110432725029	-0.0288572488633726	1.0	0.0005038828223904	0.0104812327150732		0
draw1840	1.8522326457	0.0265340428302	0.0636096215059	0.00429913408275	-0.0923148831043698	1.0	0.0110219552974996	0.2259921168934854		0
draw1846	3.07306393103	0.0425265140635	0.52915624122	0.0521234735969	-0.8401182941888028	1.0	0.0291248514663423	0.2024322379484444		0
draw1849	0.630621094556	0.0643425690931	5.28915292744	0.198173285571	-4.071054110952498	1.0	0.1138214043221546	0.8366035949934527		0
draw1850	0.0100438231388	1.74786130636	0.0194781234514	6.74894817368	-7.085759644758834	1.0	0.0530058163689055	4.0378866039377606		0
draw1852	3.34260909256	0.597957019212	11.792652996	0.00456640876679	-0.0016947827021832	1.0	0.0007439931709816	0.0012921214475723		0
draw1853	0.0575052519897	0.0153851057847	0.0509765345462	0.145252630923	-0.1280435578673623	1.0	0.0034011848197887	0.0835452497760324		0
draw1855	0.0474713725597	2.9362786782	0.0342083248403	8.91749023497	-3.566630434054736	1.0	0.0022982509203857	0.5616012581451841		0
draw1858	3.01019107818	4.12547566759	1.72290911527	3.71170729198	-0.044479718550796	1.0	6.566015974781825e-06	0.0141777681573137		0
draw1860	0.0727600206639	0.01698640188	0.138593478462	0.509613254813	-2.61963908191695	1.0	0.0178183186998233	2.241497693858977		0
draw1861	1.54311391591	0.0412351706228	7.14101261859	0.00750353438563	-0.3138448710097327	1.0	0.0002925644666287	0.0024011990842466		0
draw1862	1.9756871068	0.0179346283839	0.137778808578	0.00604403056802	-0.0314649117246535	1.0	0.0085884433432296	0.0204964142499433		0
draw1863	6.09883239458	0.0292996368155	0.0708218765381	4.94704917256	-0.208495994794884	1.0	0.0040241860914925	0.039533138019113		0
draw1864	1.99069961036	0.20237483541	3.8221646031	0.00232992896667	-4.162756999611615	1.0	0.1211185921279257	1.0737581845871538		0
draw1865	0.0583302646626	0.108586991062	0.0185154099949	3.65505761906	-0.2664057173685208	1.0	0.000548349726004	0.011271039451215		0
draw1866	0.0233261555665	0.356911518199	0.0356269291564	5.45894952166	-5.068492275788295	1.0	0.0014727450839288	1.298378072391012		0
draw1868	0.0320364695737	0.0930889100193	1.74332787391	0.00579059525916	-0.0401265979315834	1.0	0.0438125515964385	0.076760797197988		0
draw1871	1.35855117672	0.0182414285361	90.3800971007	2.96015360483	-0.2371719671953373	1.0	0.003196303901528	0.0607926167279022		0
draw1872	1.63978343841	0.0463209900101	0.418512638843	0.0133920609404	-0.0361330920925481	1.0	0.0002943948790007	0.0082168211189231		0
draw1873	0.228752071616	5.32313624326	0.889903086184	0.0063615674089	-0.0145760871649293	1.0	0.0095095068635433	0.1847475082988013		0
draw1874	0.0413310217572	3.36916618571	0.222197009372	0.00411622126487	0.2171301385857993	1.0	0.0284973413768217	0.1709592257142465	0.1484107476201948	1
draw1875	6.54113703031	0.786066637318	0.976967052982	0.0489297251803	-0.7174815783871742	1.0	0.0001304438869652	0.0646407411187973		0
draw1877	3.29679997834	1.52206150803	3.56169042019	1.699136089	-0.0106001077427618	1.0	0.0049823446703938	0.0330207431162042		0
draw1878	0.067845393516	0.0240837509087	0.0101547350313	0.957159200699	-0.0435096330018999	1.0	0.011681958952621	0.0317765900344377		0
draw1880	2.46208700833	0.257461347072	0.028083607343	2.58699038146	-0.3882982511762597	1.0	0.0041035080022533	0.0657546271846145		0
draw1882	0.0220475609188	1.52856993009	1.49053248868	7.92321114953	-3.140452646408919	1.0	0.008856952628472	0.285288019420618		0
draw1887	0.514072364347	0.0276734095629	0.282024152768	3.71467113617	-0.133236514297362	1.0	0.0011984757563757	0.037100141003998		0
draw1888	0.323653264234	1.51748624967	0.385096208978	5.38142056268	-4.751561520644403	1.0	0.0035051610031992	0.521313935645616		0
draw1889	0.115141542328	0.554518321569	3.69797253451	2.43602237451	-0.2846609317278298	1.0	0.0002862731783785	0.0456121677186723		0
draw1890	8.71298695528	0.336831451308	42.8845430407	4.49511635819	-4.740944479934644	1.0	0.0260639555586782	0.0817889305014553		0
draw1891	0.502333526251	0.0357034006432	0.221711181819	0.00398295543507	-0.3920224148738188	1.0	0.0104866945247274	0.4938299981204236		0
draw1895	0.020302230587	5.65323322701	0.203924701555	6.39410670297	-2.691736926324232	1.0	0.0031749074633797	0.851057158794799		0
draw1899	0.646154296815	0.40689195933	0.232082589266	5.69904677277	-0.2332611866266246	1.0	0.0004555920203866	0.0842978721263945		0
draw1900	0.0422546335658	0.0384271696791	22.3843366342	5.1398662786	-0.4323553820144114	1.0	0.0219287067267327	0.0640874972184455		0
draw1902	3.26609793239	0.111441914178	25.4032158099	5.81606833494	-5.81178593535549	1.0	0.000578627422822	0.0281721902910298		0
draw1903	2.78005633948	0.0100359305086	0.160330224646	0.00732713745736	-0.0684093578875806	1.0	0.0018330073864215	0.014088328275244		0
draw1904	0.118367360396	0.371361851883	0.279249999342	0.00496848755233	-0.0080670145264054	1.0	0.0204403678978517	0.2831549584111323		0
draw1905	1.53013832977	0.0118155307472	0.532272052268	0.0723920845546	-0.0855405318475284	1.0	0.0042760952436889	0.063928897717355		0
draw1907	0.0127587908485	2.51358839079	0.295881251576	9.15882351839	-0.6271199919382511	1.0	0.0091630139991102	0.1545200227814767		0
draw1908	0.0206516320688	1.02366760446	0.039809812449	0.487013991445	-15.702228077908403	1.0	0.3536658560339856	3.9268093925849943		0
draw1910	0.720624947028	0.0483101203717	0.11523752001	0.00141486708746	-2.9631058229767366	1.0	0.0523719070070478	0.2142108116377276		0
draw1911	0.0166330375602	0.0107518493857	46.9645324423	0.284829615132	-0.0599046818176113	1.0	0.0006430175797722	0.015373465117775		0
draw1914	1.15105525324	0.0141064941152	1.22946978391	1.78742475609	-0.0198789523408214	1.0	0.0715864306163322	0.2027659892219979		0
draw1915	2.53104358837	0.48558049501	26.4233882837	0.0783159421248	-2.745615919388263	1.0	0.0054031156652292	0.0333905962751127		0
draw1919	0.325037510877	1.49457931508	0.31360310259	3.59744846453	-0.3139431302031287	1.0	0.0005068913457955	0.0100425213301094		0
draw1920	0.185984286605	0.582520080788	0.446833532677	2.71763041071	-0.1604387021632234	1.0	0.0002672749065893	0.1082273649631648		0
draw1923	1.33267416087	7.05737901236	21.0631442259	5.33782060662	-1.167928466039719	1.0	0.001114849860176	0.2525240783192625		0
draw1924	0.123012583369	0.0945480236648	2.73931085314	1.03165208069	-0.3502025715458501	1.0	0.0576925095363454	0.0681976696302131		0
draw1925	3.33847585575	3.48782596737	0.324628395449	0.439947704674	-0.0798505383223838	1.0	0.3206329476054826	0.4604932463574411		0
draw1926	5.6871801015	7.30915007464	17.9751236476	0.0773256566743	-0.4705456453242479	1.0	0.0051708932205007	0.0507819118510345		0
draw1927	8.57845211082	0.0730528016817	89.8787031584	0.508019579182	-1.3721844596138628	1.0	0.0116004207533727	0.0659275539557643		0
draw1929	0.0235792340242	8.91575200109	9.80215214052	0.378234487223	1.58489039357271	1.0	0.2201756716947101	0.444664917861288	0.3510806135543776	1
draw1932	2.63670008525	0.0199281190527	3.30771481805	0.599926804727	-0.7937152429459328	1.0	0.0088547066424391	0.0664660738294302		0
draw1933	0.183047440479	0.833679334647	2.67619411805	0.00249705557909	-0.2515709349936187	1.0	0.020435718457985	0.079272895779276		0
draw1934	0.69514041492	0.0898505809439	0.338708406387	1.15859278607	-0.98793852055702	1.0	0.0336823598634938	0.4315180863831859		0
draw1935	0.174543746365	0.061463453377	0.650385250864	0.0125326064688	-0.4474760735586658	1.0	0.0318913172567803	0.1629837272691425		0
draw1936	8.21421033853	0.425308246539	0.0256071649448	0.040785595047	-0.0646898011266175	1.0	0.0032914278838077	0.0632684808241262		0
draw1938	6.11934572843	0.0303934155148	0.0376981382535	0.138698043294	-0.2428128431586604	1.0	0.0073318797558179	0.1302163461730238		0
draw1940	0.0888990051279	3.99184768691	0.957601743448	1.48801802617	-0.9651124008810984	1.0	0.0286614021382841	0.9134764107054368		0
draw1941	2.66805909595	0.424622558537	0.270131383549	0.0577154428676	-0.0717724795251257	1.0	0.0012807210380403	0.0965164624541554		0
draw1945	1.01868025214	0.0797132244783	0.076615358423	5.14385878959	-1.1818517768631518	1.0	0.010353107577802	0.2499001611297573		0
draw1946	1.17537008631	0.0644584344094	0.552346968495	0.772645266685	-0.0759294118584801	1.0	0.0025295670154518	0.0074060286035222		0
draw1948	0.0158600260787	0.169160384579	0.066614485152	2.46723107446	-2.392602611504924	1.0	0.0054120247528404	0.3557365050656683		0
draw1949	2.45317263844	8.01320031964	2.72483772306	2.73536742326	-1.0466628816048722	1.0	0.002948210399877	1.504665063289902		0
draw1951	2.7663898787	0.101918945562	0.041878737514	0.0318969918677	-0.1387966398440016	1.0	0.0001034393294057	0.0645500399319494		0
draw1953	8.50378797137	9.04344150942	0.0169321494797	0.136507222531	-0.2528563242662508	1.0	0.0015528422261271	0.1042805854153771		0
draw1955	0.733754058955	2.04310351976	7.67692052198	0.765334578217	-0.4271198354239659	1.0	0.004620939871968	0.0889530585177915		0
draw1956	0.0495894012842	7.28189263048	0.918807823796	1.26996799343	-0.6098680355015106	1.0	0.128354999749546	0.4227619882481392		0
draw1959	0.0616287199824	1.42431175329	1.06343388743	0.0459216184886	0.1223038065150785	1.0	0.0003471198566792	0.1037731836986162	0.100702637418337	1
draw1962	0.0118604245613	0.484952407506	0.0727052966532	0.153039406575	-13.463539302664469	1.0	0.2776917376943413	2.09790008108417		0
draw1963	0.172095882259	0.191688805784	0.729846885205	2.51446153261	-0.1821516889351042	1.0	0.0004433782136398	0.0536135944593457		0
draw1964	0.480907568933	1.26281137609	1.22685590766	8.22323344501	-0.1134814170967438	1.0	0.0024988311783123	0.0212341259711063		0
draw1965	2.61547533276	1.69961197772	4.56905446979	5.96475644331	-0.1350055795225493	1.0	0.0015651478473592	0.0334813380303667		0
draw1966	0.44781819729	1.22377152969	0.0581198492655	0.576647775428	-0.6081720274158335	1.0	0.0003424477231402	0.1999671492340345		0
draw1967	1.03718569715	0.628540313172	1.99365109967	1.0158208897	-1.2975951582865282	1.0	0.0029569994356178	0.5185575439365311		0
draw1968	0.373193603776	4.81201118719	0.861626740866	0.00239522708983	-1.049956513182344	0.0	0.143042887259826	0.1430214108630997		0
draw1970	0.189404241963	0.50123344503	0.415399667327	0.0114422466157	-0.018816860368846	1.0	0.0050895527638975	0.0533752416017094		0
draw1974	0.167468246354	0.266352095464	0.0192081698108	0.00226865520348	-0.2041021976704841	1.0	0.0392478441515275	0.0757076827779639		0
draw1975	8.43419604745	1.66713684022	0.687945910679	0.918243615288	-0.3888039126824178	1.0	0.031247325569269	0.069098079989141		0
draw1977	0.0419354570596	0.0171852037775	1.5991058928	0.349411174913	-0.0034275445417876	1.0	0.0008782260660412	0.0043974569501389		0
draw1978	3.13550236403	1.64975813199	0.141652947609	5.47579379939	-0.2120965791705188	1.0	0.015762361584618	0.2264646131075576		0
draw1979	1.74012341078	1.82024266874	0.0486493057174	0.658510437212	-0.1558521230905135	1.0	0.0001433075417456	0.0725807648757117		0
draw1980	3.00395655067	0.182649107745	4.46952986446	0.0520203553083	-0.4771468350992827	1.0	0.0181725404049594	0.2661097889326436		0
draw1981	7.81728924823	0.0280973585705	7.99707362831	5.06817036907	-0.6810322233457486	1.0	6.804131063034268e-05	0.0015780394367656		0
draw1983	1.06539765835	0.0218129054024	0.703874669581	0.00145342756897	-0.0691339252810011	1.0	0.0002441967960717	0.0309469705535728		0
draw1984	0.0559322631423	0.0214108428204	0.435769670514	0.0048556015362	-0.047306948691486	1.0	0.0111657984004868	0.0579652013353291		0
draw1985	0.103803919022	0.132041504514	0.242382335926	0.239760318887	-0.0019636844434922	1.0	0.0556095765304309	0.1089842886571386		0
draw1986	2.13084084296	6.41880600286	20.6897657776	0.00756210077857	-0.512718344652507	1.0	0.0834313630188264	0.2162868498101039		0
draw1987	1.47904076995	0.0339063062621	22.3252340571	0.050374372108	-0.5145205511880467	1.0	0.0032975677053826	0.0367429873621086		0
draw1988	0.0415757363245	0.864176126515	0.640578707345	0.00386307928716	-0.3487034617476382	1.0	0.0206973141510481	0.0444210564772271		0
draw1989	0.0119700817285	0.0336494766218	0.0664506023472	3.754194331	-0.3555549720144294	1.0	0.0051282854293812	0.0642821413267419		0
draw1993	0.283075648464	7.09648987783	20.2282687555	0.164924528284	1.3032190113595417	1.0	0.971155675063325	2.1658419616183475	0.971155675063325	1
draw1994	0.174926338267	1.11583928941	0.0647203854438	7.05854465825	-0.4249136379732153	1.0	0.0052591512689252	0.0760559283888837		0
draw1995	0.17541383723	0.0810719094958	0.266107582118	0.0510539439254	-0.3097474549301105	1.0	0.0119963650474292	0.2203865350779501		0
draw1997	2.88986900046	9.89550408732	0.178880434453	0.287473261265	-0.5281789491799838	1.0	0.0016315019960797	0.7981224776542226		0
draw2001	7.33127608698	0.989096368927	16.5932904043	0.968940653924	-2.784107735241152	1.0	0.0017260377468293	0.0293350931277983		0
draw2002	0.0490192781855	0.367392729676	4.47308861059	1.07873752995	-0.4136078162626754	1.0	0.0157799734825955	0.4607838054313318		0
draw2004	0.129895610311	0.8818087841	0.352335861029	0.00441927686112	-0.0186362658284837	1.0	0.0863447969130006	0.1119913347458365		0
draw2005	3.30253454229	0.0962646543186	2.85239864806	3.01774896842	-0.1022381926713967	1.0	8.702036685934288e-05	0.013622954527208		0
draw2008	6.66799274119	1.71149672841	0.0210083260449	0.260830441074	-0.0847492152863435	1.0	0.0599013503628454	0.1598886773579595		0
draw2010	0.478193865772	0.46777272873	98.693902675	0.0206503095755	-1.267201846747183	1.0	0.0354171800628374	0.0560222177875437		0
draw2014	9.65777684267	0.877634928406	0.059823361836	0.851797515341	-1.0708363366449511	1.0	0.0144888659122526	0.2793377373266557		0
draw2016	0.456418470471	0.152137076144	0.359865632669	0.291710179024	-0.2119246445464776	1.0	0.0243789238697404	0.2599639428500775		0
draw2017	7.53554958773	0.572510500903	9.04005474542	6.95031892242	-1.4808535740604511	1.0	0.0219189265254785	0.2673516590451126		0
draw2018	0.0270371591982	0.0359183704706	84.8785401723	0.00694333801116	-4.13261874305172	1.0	0.0116834092816186	0.026846785074793		0
draw2021	0.177286629143	0.0269108861995	18.6167902993	0.204597242939	-35.37957043299916	1.0	0.0223317655547584	0.7063407517583358		0
draw2023	0.0371183406328	1.35814802292	1.15679214498	1.33023178245	-0.6173456142323872	1.0	0.0008514009434634	0.3424556066323801		0
draw2025	0.110976185149	0.33088950598	0.0259272270372	6.44212156731	-0.7484572064942734	1.0	0.0016026852472881	0.1382898569902626		0
draw2026	3.62713209823	0.755221634195	2.39823218681	4.19538441835	-0.3435463143267966	1.0	0.0005243257686662	0.0631183473313727		0
draw2031	0.880958042486	0.0315494785433	1.06572014987	0.0261695391201	-0.3746778114499061	1.0	0.0092942550432666	0.2207248160698642		0
draw2033	0.0904277624223	0.344149219211	0.162648295326	0.00170348017064	-0.0944544970020401	1.0	0.008269207693315	0.2155681423862329		0
draw2038	9.08688836434	0.0522226979772	0.04806002352	0.717965133686	-0.1088937823829026	1.0	1.0785488179087975e-05	0.0083724626872029		0
draw2039	2.8709544962	0.420855678119	43.1644636203	0.058198486285	-2.04278294033289	1.0	0.0011569256950014	0.0109409445190783		0
draw2040	3.5639108135	9.41381854842	6.54999185788	0.00348913679214	-0.9583758724493562	1.0	0.0779229359018799	0.0962572224780864		0
draw2041	0.120164116858	0.0177820043751	81.274057033	0.0418069685805	-2.7297687137866826	1.0	0.0048284339577352	0.0076429953992595		0
draw2042	0.119280084106	6.79177319888	0.0212481825737	0.0120360442804	-1.238220949510202	1.0	0.0439822001647024	0.2967807109344039		0
draw2045	2.72370367633	5.70330424747	14.2759148779	2.69571079662	-4.895111399394849	1.0	0.0069000236436325	1.9633098975461736		0
draw2048	9.80126848221	0.318832357566	1.83705379805	2.38576186452	-0.2504660070310509	1.0	0.0005424208430899	0.0517989973534251		0
draw2051	0.0139637735858	4.22041906837	0.0155549189109	0.0142574741358	-0.2025373592919239	1.0	0.1863998533012429	0.2386953679760643		0
draw2052	0.0843475600215	0.11864894685	4.06110207614	0.145858766018	0.1599659175717664	1.0	0.0158377642925888	0.1422686651224775	0.1299310012297788	1
draw2053	0.0973747722454	0.024574296201	1.44537295623	0.00231840023758	-0.1387971449162199	1.0	0.0137809212501818	0.0329964834770235		0
draw2054	0.0148753630324	1.49991311427	1.60371343928	0.198680861164	-0.8104339667429812	1.0	0.0035398820630421	0.3536537884571136		0
draw2055	0.302397644926	0.0216077824759	0.745325663946	0.783774437017	-0.1795130852332925	1.0	0.0102062684418282	0.0654589299640619		0
draw2056	0.171736515245	4.61644692047	0.0124055437624	1.59428447695	-0.7792417795492539	1.0	0.0246270066176535	0.1863520204087124		0
draw2058	0.107922520554	0.0962173557696	0.0484905196257	0.0962913309967	-0.303022664482507	1.0	0.0250291802666987	0.0807948251579347		0
draw2060	1.51018912493	0.0102049758044	0.406856794199	0.0088470514744	-0.1219073219126926	1.0	0.0018234203101962	0.1493703744658592		0
draw2061	0.260215694527	0.0117585179106	0.0171046961497	0.0137430471548	-0.0846736512944652	1.0	0.0003984229916809	0.0437879782371899		0
draw2062	9.28637414748	0.0318328071682	3.10169981835	0.00361516727322	-0.1085188942234093	1.0	0.0067235087079812	0.0215554238312292		0
draw2064	0.490138880068	3.37941904729	2.98270202691	4.92696385148	-1.0424339245516507	1.0	0.1178793632914769	0.1930355024127288		0
draw2065	0.0255411898629	0.0125843202389	0.049765139661	0.947979647722	-0.269667284788403	1.0	0.0002335799617739	0.0360021850581846		0
draw2066	0.100783422008	1.32307482961	72.8511949264	0.0243503246556	-3.324224712230585	1.0	0.0491886044166063	1.0581960107522117		0
draw2069	0.0458463605014	8.55833081034	11.7335424627	0.00902050406669	-5.78409306046762	1.0	0.6929841562177912	1.799776162783138		0
draw2070	0.236644819003	2.76072991739	60.9514590249	7.48721056415	-0.4655552343490151	1.0	0.2242530056563726	0.6141450913140959		0
draw2072	0.0346776099939	0.132126771067	0.189213456696	0.0896111036851	-0.3563485357774283	1.0	0.0026340295885768	0.1972177364426619		0
draw2074	0.563367357224	0.219927319736	0.130087979542	0.0264832897888	-0.62909194137968	1.0	0.0096398000193074	0.1798614893538468		0
draw2076	0.234832815702	0.0274903558557	12.9636106052	0.176579688129	-0.1079443217978575	1.0	0.001180838616803	0.0255208010181955		0
draw2078	0.8905801531	0.348033853772	0.0345525062851	0.0955207113992	-0.0624846493941416	1.0	0.0008795717143727	0.028551170888867		0
draw2079	0.143883372106	2.30189451026	3.28195127102	0.125253499151	-1.2306494515980029	1.0	0.0300739898524579	0.0642366180801525		0
draw2084	0.324217258219	0.0149679519967	0.0168514004006	0.710214697215	-0.4979776590926653	1.0	0.0152609912501926	0.3278020412316451		0
draw2087	0.321068173112	0.576190776103	0.152578259424	0.00398067999639	-6.287765155962278	1.0	0.0137036294039398	0.0305072647490893		0
draw2088	0.418225259437	0.0860690877773	58.7105848016	0.0640776224919	-0.1648814466105143	1.0	0.0004796043593852	0.019540485852096		0
draw2089	0.191146807319	2.94751136877	0.187451501187	0.0178335900208	-0.0093058957404576	1.0	0.0353064425641799	0.2019969558055494		0
draw2090	0.493722686682	0.0806178835052	0.0516759785489	8.21004727868	-0.3893477373113005	1.0	0.0028687173945466	0.1814092426667795		0
draw2092	0.0386469193458	0.166396767509	0.0151148822348	5.51082933635	-0.958768906198239	1.0	0.000423024068762	0.3041691584698166		0
draw2095	0.405313978316	1.94947066307	0.504553318983	5.31015118249	-2.68608744309287	1.0	0.0120742565648589	0.959788964215316		0
draw2096	0.044608161685	0.234651419415	0.198356915087	7.28039248683	-0.4767822270352821	1.0	0.0048003396472143	0.2498427904302188		0
draw2098	0.392738452382	0.0101165746518	0.11459096161	0.236801492809	-2.5720574176568376	1.0	0.0229987987781883	0.5051142541428603		0
draw2099	6.67833719909	0.0698762309314	3.90179454628	4.48621290689	-0.3983266732787819	1.0	0.0003260752861236	0.0290681565965704		0
draw2102	0.18065990562	0.0292235591801	36.435145821	0.0403102975244	-0.0676541353164826	1.0	0.0002344272314359	0.0055941061255482		0
draw2104	0.198749665015	0.0449427234101	0.0517500948046	0.00649628431727	-0.0727699193990229	1.0	0.0446646481622651	0.1641921785041612		0
draw2105	0.0341708035033	8.65568187914	0.0300228039834	1.9668366511	-2.163865894889019	1.0	0.0007496738514293	1.2978763738933574		0
draw2106	0.0179157153056	1.75561308668	0.01626406973	0.0443209005132	-2.2376806710735213	1.0	0.0755271278089016	0.1896833464670496		0
draw2111	2.01085499012	0.0112827160477	0.0240135089992	0.0749121009144	-0.0967316158378841	1.0	0.0093077235493285	0.0644948755825019		0
draw2113	0.0133543540894	0.0683055136803	70.2670769505	2.20369806505	-0.0148714274117279	1.0	0.0020486668737909	0.0588548547803587		0
draw2116	0.041635134324	3.98832641306	0.0110600701031	0.0926066213783	-0.2360578080985282	1.0	0.0034191504978877	0.1968031072800145		0
draw2117	0.365066985908	0.0156706666356	0.119395332359	4.83084958751	-4.506738800905888	1.0	0.0200552338995634	0.3400346227863106		0
draw2118	0.0572428674225	5.30418772367	0.0239616651539	0.169134132732	-0.8359220597402736	1.0	0.0056587358887742	0.2217711915716179		0
draw2122	8.03320908631	0.0144725046269	51.3117404182	0.0258599360171	-0.4573196096570191	1.0	0.0050699509415478	0.0335386408094426		0
draw2123	2.1493891632	0.0235086067429	0.0894153369764	0.312501253358	-3.004251474263792	1.0	0.0018342770707368	0.2663374673710975		0
draw2126	0.0331539204317	0.303492649602	0.0323091471008	0.00141133749832	-0.3914441280976197	1.0	0.0038188490252448	0.1975659195448051		0
draw2127	0.0557278282066	0.356457588693	1.09055092777	0.117727926065	-0.155556524238946	1.0	0.0202941638419466	0.1705372935914983		0
draw2128	0.541931617654	4.29836470535	19.7649357816	0.020983699821	-0.0253259159146136	1.0	0.0021468390334495	0.8481905552405016		0
draw2130	0.0136150373402	0.0334470537205	0.0759102068071	0.662192336378	-0.1564957194002882	1.0	0.0038950767727379	0.1057403954064426		0
draw2134	0.138207492614	0.174185654542	4.73184770943	0.0897089316471	-0.2800427623929786	1.0	0.0324247230178047	0.2915102188596509		0
draw2135	7.30405999334	0.198313059086	0.0227834664322	0.00319765981727	-0.3691465828241922	1.0	0.0009107679016516	0.0946075980392654		0
draw2136	0.350851236643	0.631298959989	0.105014335621	0.00742379977388	-0.0619775499769482	1.0	0.0097143991131035	0.1689057200680397		0
draw2138	2.14666703861	0.0586854629237	1.06881775601	0.100777952531	-1.8305418239443343	1.0	0.0438875308216257	0.3415307438588367		0
draw2139	0.0307565731212	0.0166506912565	0.373587895329	0.0017681583175	-0.0167782994866121	1.0	0.0008493399515328	0.0040082326643247		0
draw2140	0.0275647423711	0.0523287921539	0.285601237562	0.0685011783066	-0.2030407308527916	1.0	0.0088856661240855	0.5507510127999132		0
draw2141	0.0504772288542	0.0969755617087	78.2989032196	2.63331045538	-0.1002767460682387	1.0	0.0005009580042117	0.037522427072036		0
draw2142	0.0349192268528	2.47599474762	99.6396747325	0.22394266277	-1.694701941147729	1.0	0.1252836107525725	3.387458569519727		0
draw2144	0.319876234675	0.0960510033567	1.16901161211	7.4217586271	-0.0650800930582363	1.0	0.0013006409030081	0.0318493513428786		0
draw2145	0.277464529822	9.25652857144	0.972500989904	5.20353309192	-2.122715587397105	1.0	0.0040376707769346	0.5130964068161863		0
draw2147	6.90930649756	0.434447550911	46.769865551	0.230866239007	-0.526592225612918	1.0	0.0005474213791103	0.0030556417821283		0
draw2149	0.015945921039	0.345877375748	0.139612656985	2.20819666246	-1.1793230172200335	1.0	0.0344083199077994	1.271994654831185		0
draw2150	9.44990729836	0.188347968194	0.204199073661	0.0137089203318	-0.0142874991638109	1.0	0.0035301564045346	0.0165028413048238		0
draw2151	0.0989139354289	0.109612054297	0.093232418256	2.99028501378	-0.4170731104301464	1.0	0.0008709259965657	0.0198523635370278		0
draw2152	0.157137911582	0.0126274422318	0.0193048896158	0.124461994554	-0.2225947674211212	1.0	0.0001586851604128	0.1133977118605605		0
draw2155	0.0494838827535	0.168629724646	0.0428594826849	0.366692676138	-0.7268257552452906	1.0	0.0056300525569624	0.6034661791792703		0
draw2156	7.02477181402	0.0330453938926	0.572727227676	0.0436275409735	-0.2793806249301157	1.0	0.0061207316312373	0.0126795940933607		0
draw2157	2.0662788569	0.135044456244	2.76986916172	6.56396074512	-0.446209611775908	1.0	0.0001660263911077	0.0393542407709387		0
draw2158	0.374392619582	0.0216562424567	98.2440166017	0.369981811962	-0.418294595136001	1.0	0.0046308419664137	0.0184001252099824		0
draw2159	0.917531002864	0.0372987146507	0.0305663179206	0.377202151399	-0.1068342749363834	1.0	0.0027106598591989	0.0740050821656132		0
draw2160	0.021362349998	0.615294598953	0.0142723620659	0.0380097271161	-0.4843352119737847	1.0	0.0250358241631823	0.3418348431042442		0
draw2162	0.0260659834591	0.10636015495	0.460799872117	0.00141819391696	-0.1855079203591467	1.0	0.0173661685486391	0.0299331667877626		0
draw2163	0.345413018332	0.316408251939	2.20463632034	7.75982255414	-0.1621102978272176	1.0	0.03279267039531	0.0786006916383238		0
draw2164	0.182128208968	1.58040868954	0.315717631079	0.051633973918	0.050576281006788	1.0	0.001120812914015	0.2649377295834764	0.2155319304525391	1
draw2165	0.0500755917866	0.016282508207	1.58498932293	0.0880131773852	-1.2494024265106711	1.0	0.0105368379295247	1.039184778008439		0
draw2167	6.6530090274	0.0165171977224	0.0314387749095	0.00875226044647	-0.0146619341171353	1.0	4.675160957418498e-05	0.004906624477786		0
draw2168	0.867020546714	0.215621743751	24.8445350093	0.0476174031427	-0.0903445006699186	0.0	0.0059363777341992	0.0059318993188962		0
draw2170	0.0224783257121	0.556264568651	37.8858823861	3.09950201336	-0.4967505479151524	1.0	0.0026190359470359	0.2729611001439394		0
draw2173	1.28930160032	2.83419220472	0.990754293289	0.0253216341318	-0.1714661908584771	1.0	0.1131322421384133	0.4966624049040261		0
draw2175	0.0731881174203	0.0236940359709	79.5057986031	0.0822334406205	-0.4742398589065927	1.0	0.0112630477575061	0.0114657807841517		0
draw2178	0.17374825767	0.377048099689	30.5614955964	0.00258010082166	-0.3807237355626773	1.0	0.0115973900711744	0.0254181816973794		0
draw2181	1.14116981789	0.187423270887	0.199712469879	0.0395423980445	-0.0943218555755599	1.0	0.002814976018476	0.0291708859632616		0
draw2185	3.52048899733	5.73514715253	38.4862021105	0.943143885901	-1.6187592014001415	1.0	0.2599322822786624	0.3774507133632476		0
draw2186	0.0696708250993	2.34063099234	0.400070504396	2.08173493086	-0.8024675085231268	1.0	0.0056601029867474	0.2982107245256949		0
draw2187	0.148492691168	5.81261005717	0.0660306553142	1.30154069497	-1.4449110431280023	1.0	0.0116939111392687	0.6369185547708646		0
draw2188	0.0318458105172	1.42320264717	86.7752109995	0.0227159360046	-1.5302938548702345	1.0	0.0910739672113446	0.542634997717122		0
draw2190	3.36615422883	0.0423951826413	1.84281940538	0.144707205373	-0.3402213885045008	1.0	0.0024793603931278	0.121763906452604		0
draw2191	0.252393145622	1.04846280356	0.0411260855402	1.70978451542	-0.7635116909373478	1.0	0.0008198332748577	0.2158320094784415		0
draw2193	0.0690110614533	0.0726810982769	0.466271535478	7.93105970193	-0.5950975021563935	1.0	0.0014764190168122	0.1778878246017745		0
draw2196	4.99869825522	8.27390285912	0.107331309931	0.136910846793	-0.6601529823370585	1.0	0.4931560737316312	3.0770046573048395		0
draw2197	0.0608042996893	0.93983388353	18.7184432379	0.596006940748	-0.1820276056591183	1.0	0.0109448697651282	0.4026220192782804		0
draw2199	3.41246812736	0.116433918655	3.59222258816	1.70229824689	-0.0881533574833411	1.0	0.0010778176522852	0.0102041458984572		0
draw2200	0.222192373055	0.168844341675	1.04166030071	0.240910791444	-0.243031352041448	1.0	0.0034636589556682	0.3979857545379479		0
draw2203	3.21722533235	0.210367624633	0.0461449062778	0.246060044012	-0.878768041111657	1.0	0.0025974223771567	0.0490415953264333		0
draw2204	2.43866536172	0.0121025094425	9.63591121141	0.0116366009192	-0.3131568690890224	1.0	0.0014748682396479	0.002070618457892		0
draw2205	1.27372138441	0.38722176574	28.8474211084	0.0134933774135	-0.2406910893990058	1.0	0.0008879110408455	0.0307168625265878		0
draw2207	0.0669942417313	0.0102614677122	0.253514124481	0.0283553571044	-0.0166116017796607	1.0	0.0021322774999042	0.0150735517335615		0
draw2208	0.0134434113171	2.47912695941	21.519823337	2.03689491207	-1.1517324102685929	1.0	0.0005813395933946	0.6136773770894755		0
draw2211	0.0298765044742	0.870607578523	24.0455983856	8.88398404224	0.2381740585401141	1.0	0.0417964864494511	0.4045249627301957	0.3738772146851792	1
draw2212	1.04054207079	0.145047873431	16.5033927657	0.613120821133	-0.0575863667180866	1.0	0.0028767722801096	0.003193905291728		0
draw2213	0.688782281834	7.04255333497	35.7917655704	5.23913613834	-0.3366007605392032	1.0	0.006506634333523	0.8863026701026607		0
draw2214	0.171380715408	0.15752391439	0.541761824119	2.13277599111	-0.1495564815625694	1.0	0.0002241775729275	0.0285163955167208		0
draw2215	0.123173061149	0.088994158408	0.0559664164906	0.431325240386	-0.3226173858723085	1.0	0.0012027058175137	0.0590226005923948		0
draw2216	0.284114788524	0.923580727626	22.7799725245	0.0449068569449	-0.1786951803685297	1.0	0.0132260921715537	0.1811590997049775		0
draw2217	2.06775467248	0.0418968564264	2.04586912037	3.68945240099	-0.9690422098682326	1.0	0.0070310902273409	0.0080643905976512		0
draw2218	0.0415123913325	0.0501322159118	0.0183152092387	0.0482527446295	-0.0103037130542349	1.0	0.006810849210191	0.0181567650730116		0
draw2219	0.0150165645956	4.48307503393	0.232613884279	0.757109615356	-0.0987599316546395	1.0	0.0025989382376445	0.136309845553734		0
draw2221	0.491780997116	0.828787990285	0.549126955991	0.214763123409	-0.1733249445907198	1.0	0.0894226571543075	0.745138258848489		0
draw2222	0.0461689713031	0.686909479422	45.8758164699	0.056954444539	-0.640579070412801	1.0	0.0393100959224139	0.2903104673914367		0
draw2224	0.150136849846	1.17803745544	34.9160698309	0.00948328861442	-0.1878773559116632	1.0	0.0125372128031654	0.1521446296855458		0
draw2225	0.193022153451	0.934817068183	0.418195902281	6.61816496322	-0.5099620055915014	1.0	0.0191671785003084	0.2126354638011759		0
draw2226	1.08025803137	0.0724107732656	88.8504946288	0.0601528877958	-3.909529624463359	1.0	0.0022521726115687	0.0064175132586077		0
draw2227	0.923884966016	0.233827172913	28.7219759368	0.00146682417877	-3.42368789842814	1.0	0.031273724660332	0.0728079057234407		0
draw2228	2.97495630232	0.209541104391	4.11608806848	0.188828484001	-0.1147313421185133	1.0	0.0096554820405354	0.0132731486656302		0
draw2229	0.800517865086	0.809872279136	18.0483526637	0.0167981540172	-2.874174323318344	1.0	0.1106099126059913	0.2523693957591269		0
draw2231	0.0287219239244	0.493305975043	5.06745422571	0.063055761762	0.4796265608503577	1.0	0.0081819229684843	0.1782649237715957	0.1657202390208209	1
draw2232	0.0157956729406	0.0659193022653	0.0101854736963	4.85377363287	-0.1512297993123393	1.0	0.0034319775553939	0.0366898009732897		0
draw2233	0.676806350847	5.62420265329	7.4740584643	1.32197831087	-0.0434016153410772	1.0	0.0096342840521706	0.1065725052407868		0
draw2234	6.45036514135	0.057229857576	0.214690256731	2.59607629762	-0.908276016760718	1.0	0.01340417338962	0.2336370579791112		0
draw2235	0.996350743783	1.29385646911	0.173223761941	0.00193138482649	-0.0811496499329117	1.0	0.0024666720964626	0.1484231238976105		0
draw2236	0.0437305211969	1.48311723959	0.301891283608	9.76215267691	-0.5831848436269125	1.0	0.0008764001265394	0.0848946284192896		0
draw2240	9.93839157747	3.80004206434	0.220868740119	3.20465951318	-0.8549203628287675	1.0	3.967864825917079e-05	0.3779650666798966		0
draw2241	0.0148899268559	0.493984862165	3.2588472432	0.392404399975	-0.5207769874914645	1.0	0.0289796173578676	0.2586042936183417		0
draw2242	0.0360779182329	2.25877239771	0.55523206808	0.676388490119	-0.6514143439975963	1.0	0.1174242978208365	1.3996194356308007		0
draw2243	0.263505296395	2.73145839821	5.91281058641	0.0856470639213	-1.039252465959153	1.0	0.0926822070381301	0.7746734343913964		0
draw2244	0.462782603863	0.0433653180309	0.935113447909	0.0349386601358	-0.0885759040231462	1.0	6.379605474100544e-05	0.0298086745210694		0
draw2246	7.85861941358	1.07450209852	41.2017328785	3.42682848844	-1.0574152472216325	1.0	0.0056757012902126	0.0174024453830602		0
draw2247	1.4679909573	1.41406561961	1.83529348807	0.656974678471	-0.1983682067145397	1.0	4.9174620135218656e-05	0.0115243670397852		0
draw2248	1.9367716002	1.24369692728	12.7578590113	0.00227106587351	-0.4566711149788939	1.0	0.0146468913004809	0.0179151341745011		0
draw2252	0.381540249371	0.0255018246	61.1700400854	0.00135767747953	-0.1047201495114767	1.0	0.0004628145752275	0.0042233511323079		0
draw2253	0.0153722045487	0.265085326326	6.76460831641	0.00821540622711	0.0987747963727546	1.0	0.0100440970532232	0.0687964814674785	0.0614730541466891	1
draw2259	0.98787840702	2.49674567103	7.08080420341	3.1195142979	-0.2900021576472154	1.0	0.0095011574339382	0.3976532971910422		0
draw2260	6.87327725726	8.57320151853	1.32318267849	7.49335734377	-1.1805275619597568	1.0	0.0002556118237573	1.0805798272542697		0
draw2262	9.47054071197	0.223421977289	1.07885545948	0.160651274501	-0.2041000809984808	1.0	6.789363850009803e-05	0.0147932528250795		0
draw2263	1.20030233249	0.0220086703072	0.151753125881	2.50751007089	-0.0532210981212249	1.0	0.0089061598604191	0.0730441384920848		0
draw2265	8.60052198606	0.051600406415	0.149157196367	0.00767819986711	-0.0537036942753812	1.0	0.0006173882451845	0.0244521788898426		0
draw2266	7.36046978861	1.7931395958	21.3103913185	0.777857035125	-0.5992417674709687	1.0	0.005841170174456	0.0684302989702753		0
draw2267	0.0411877831867	0.0431054279163	0.496572239412	0.0149119940191	-0.0327340757488978	1.0	0.0183558527619806	0.0379332764374656		0
draw2268	3.33107167958	4.31690473918	0.0411834430895	0.141018151976	-0.0193886020944557	1.0	0.0121056967352681	0.0299294998471723		0
draw2269	0.146846268488	0.025047646542	0.111571264853	0.105012257616	-0.1534741449157034	1.0	0.0059359303556145	0.0652051736539004		0
draw2271	0.0421056338538	1.22856448111	0.0423682860276	2.91110292358	-0.1153921082380838	1.0	0.0120038872183712	0.0221134314240178		0
draw2273	8.99856758459	0.0268168559166	0.0493270978313	0.256927689128	-0.0372611560520692	1.0	0.0004357866995288	0.0420879391130846		0
draw2277	2.16261014284	0.213997178386	0.234968834503	0.0118569521512	-0.2648453543674363	1.0	7.149822123347558e-05	0.034298550798342		0
draw2278	0.22752632428	0.0690083557113	0.413756305108	2.97586491835	-0.1500102513175931	1.0	0.0091515445796632	0.0730622175854068		0
draw2279	0.0230489800105	0.0662285342107	0.170804860209	0.0852910223822	-0.1016538090821551	1.0	0.0095571066913534	0.6784768064501894		0
draw2283	0.455729491193	0.504555431245	3.16320969496	0.744630557773	-0.2327509507278737	1.0	0.0034833215831871	0.1511947006849521		0
draw2285	0.211920243234	0.873887541339	23.2021891725	0.138513267543	-0.166931362304513	1.0	0.0247748696139287	0.0433918434919114		0
draw2286	0.0339796082474	0.607501568876	0.0243121133703	1.68409663168	-0.4346559374681535	1.0	0.0002704867389113	0.0783664186245156		0
draw2288	3.87060533204	0.130584213262	16.9958047293	0.0471913251142	-0.0991224044510379	1.0	0.0107807614901605	0.0572560719888945		0
draw2290	0.0186843568915	1.25701742867	0.0139856168163	0.165992776383	-0.3099280448306109	1.0	0.0035981279000312	0.1698136938208871		0
draw2294	0.254189694773	0.463712902885	26.1396282125	0.00364490593113	-0.1609060537354196	1.0	0.5074238180967221	1.1969793581718116		0
draw2295	0.266407230428	0.909944962573	0.0632481964793	0.00291166001452	-0.0568941378197939	1.0	0.0426493322632676	0.1089540292398325		0
draw2297	1.50471936105	0.0105833212501	0.161405277286	0.0586275652269	-0.1651480191996436	1.0	0.7219142652281878	1.2503437679190572		0
draw2298	0.46794310177	0.103884281192	5.39062180456	0.0514547936501	-1.3020723536969492	1.0	0.0996921652008558	0.190960867036584		0
draw2299	0.100101138686	0.0743966454701	4.21925969607	0.00113606768246	-0.037604480922578	1.0	0.0459387136103971	0.1506734936390099		0
draw2300	0.0736193430648	0.395349925759	4.30789453281	3.57562774573	-0.4297699693038364	1.0	0.030914217927886	0.3732758856099011		0
draw2301	0.0364916700419	0.125287579634	61.4089877182	0.263871870055	-0.2906976768132099	1.0	0.0305403938010899	0.0591469757397451		0
draw2307	2.7547048466	0.450306608113	2.51631058722	0.362246802164	-2.365020882030481	1.0	0.0901052303230914	0.8631452711728687		0
draw2308	0.166122653642	0.0940344045917	0.254074331856	0.00549562224851	-0.1955518688684062	1.0	0.1556599966649679	0.9488726232979668		0
draw2309	0.166763468489	7.8972869685	3.66576882719	2.14333515771	-1.31452478560997	1.0	0.0028229870805826	0.4729241059127179		0
draw2311	4.79412953299	0.0386279076116	0.614499287905	0.00149960676139	-0.0126355831188765	1.0	0.0770217027183813	0.1643627616066806		0
draw2313	1.09732044579	0.0616064045559	0.015256784569	6.58210846258	-0.2919566591596969	1.0	0.0010508127624947	0.0543943715954884		0
draw2316	0.0122115934366	0.270163865063	0.0168990201291	0.0339580497934	-3.989598194415014	1.0	0.0460256634899699	0.4730379005657307		0
draw2317	3.37870706482	1.18163400595	0.0308348772208	0.890323611971	-0.1883456715507985	1.0	0.0107215969310584	0.2341105395782143		0
draw2318	0.134383240555	0.034860121554	0.0330119379133	0.184474268707	-0.1477916405654199	1.0	0.0198160670761918	0.1640162386148258		0
draw2321	0.0240848325544	0.0212411305097	0.604854049072	3.7897421283	-0.0245976203009211	1.0	0.0003940786436431	0.0077349806944231		0
draw2322	0.0385176229626	0.0131232444732	3.83026848996	0.862098965678	-0.2836473249688029	1.0	0.0001101869462501	0.0362206241167959		0
draw2324	0.010038519798	4.55759481654	62.3882973735	5.86882202037	-1.980589762828924	1.0	0.0050143059804654	0.5871538854525986		0
draw2325	0.673487870279	0.0480463647712	42.0999660135	4.22415862719	-0.8784446306201822	1.0	0.000238689460987	0.0145228353739208		0
draw2327	0.200218897104	0.0525817325636	0.137090334853	0.0104797526106	-0.1735131055531641	1.0	0.0034318808286947	0.1173729072239492		0
draw2330	0.0311911676107	0.327470127943	77.4466036511	7.75125841214	-6.373830192041735	1.0	0.0139744724520018	0.3298557340343276		0
draw2331	0.412552019803	0.0541578791997	0.165994543969	0.238414599399	-0.3214934240779021	1.0	0.0277534273401205	0.4167718588141326		0
draw2333	0.810711083161	0.352280689338	36.4535415082	7.60723859029	-1.090489530917651	1.0	0.0004779503749909	0.0890367372678205		0
draw2335	1.72117364518	1.71389601251	0.129706514074	2.09425510836	-0.3871310184444353	1.0	0.0011683430929122	0.1914931650837736		0
draw2336	0.0277920083281	2.50578323687	0.0263164413924	4.87390044538	-0.9603134071910276	1.0	0.020193944760565	0.290534195433872		0
draw2337	0.034452293196	0.026044368879	52.2677451477	9.59515500868	-0.4137177525760779	1.0	0.0001717663301317	0.0245610821909506		0
draw2339	0.278243049767	0.0464112322057	0.0218496362114	0.268867489242	-0.8971307843772967	1.0	0.0079538243825683	0.6072278764329028		0
draw2340	7.12872163286	7.67640186855	9.34347470668	0.00165190669412	-4.959779534027886	1.0	0.3034458107279873	0.5151558604591664		0
draw2343	0.0672211966567	0.0244505175917	94.0337323472	0.0793613924503	-0.097331371055538	1.0	0.000975625095889	0.0044947568100127		0
draw2344	0.376063816176	7.69368946059	2.26344113896	0.635957904748	-0.6467874985980119	1.0	0.0005232013765593	1.1495516627838775		0
draw2346	2.39505798026	0.251231309351	2.19917835848	0.0273115376025	-5.527531211837433	1.0	0.0203849127825672	0.0906536112888184		0
draw2349	4.85499182067	2.47320172645	0.0258078532225	0.00739450573815	-0.0382020637578343	1.0	0.0355975077352229	0.1764092881514653		0
draw2351	0.242978241833	1.61513216214	0.0160394706765	0.00851813888823	-0.1030191852916032	1.0	0.0059626908392681	0.0877834236109738		0
draw2353	1.22814986707	0.0272056709613	2.09581631866	0.0255490189026	-0.0814749522001172	1.0	0.0003692602995863	0.0197210465959579		0
draw2359	2.03383479288	0.0134116592518	1.26258414331	0.0463792232409	-0.0316824049258774	1.0	0.0222291358983878	0.1435733024933381		0
draw2360	0.41007178366	0.642599112299	0.0886496039142	0.00466535734724	0.0081189152393292	1.0	0.0254004495443279	0.1202757138867908	0.0744690797907265	1
draw2362	0.010446797775	0.354779955433	0.0281137678672	3.44173714693	-0.4542804149406387	1.0	0.0006560204798405	0.0096566887544786		0
draw2367	5.74965714846	6.10114203832	0.0207031233272	7.1355433207	-14.687227542683388	1.0	0.0174853352557955	0.1918274661917105		0
draw2369	0.0254121523419	0.291222012096	2.11575001881	0.00229238579493	-0.0438541221385045	1.0	0.0158614000070443	0.3039553893510945		0
draw2372	0.255322881792	0.0209840219794	0.0172510296541	0.0154001865345	-0.0376507705311671	1.0	0.0107732147483197	0.4323956688095672		0
draw2377	5.76259328772	0.0494233795161	1.02961833243	9.0516931422	-0.97439166803091	1.0	0.0298707637980658	1.649736751595546		0
draw2378	0.216261598241	0.121353375521	0.183591260871	0.0636777518184	-0.6608645947566643	1.0	0.0005432102612685	0.3734040784195201		0
draw2379	0.292685685055	0.18510583629	29.7768618057	0.400076008389	-1.432610299460813	1.0	0.02131258772624	0.1251319167779224		0
draw2380	2.98238658644	0.0405892647261	0.0300755889951	7.37486513018	-1.385803998297291	1.0	0.0001505055591116	0.015250713897979		0
draw2382	0.224234826088	6.07223686812	0.255504257166	0.872652428747	-0.5167612447209412	1.0	0.0135818112161286	0.4510975178669654		0
draw2384	1.27727376692	1.23468712847	0.482471391163	0.813961556391	-0.1319476062959863	1.0	0.0042921454182301	0.026075663333285		0
draw2386	0.0267479566416	6.84131625548	17.9541754527	1.50999473034	-0.250088019173915	1.0	0.0277720830343846	1.0048014663675244		0
draw2387	4.0844093989	8.28700222483	4.44364335128	0.856929832736	-0.6903970839419344	1.0	0.0310830506852187	2.1532542107582198		0
draw2388	2.46409053896	1.51002501985	0.0684952559816	0.00373359210084	-0.039352003835158	1.0	0.0770778780920158	0.198739311978349		0
draw2390	0.868317991665	3.08807871977	23.847777895	6.83046840757	-0.2564239955234195	1.0	0.0002893262963521	0.807592366762742		0
draw2391	0.756701869716	0.0447585935766	2.70897194355	4.71213867935	-0.5057181926508483	1.0	0.0197122573147156	0.0965779144880952		0
draw2393	1.0174441509	0.0688797084173	3.33391503184	0.0976722362811	-0.0704529780085994	1.0	0.1614118505395909	1.1754106743485893		0
draw2394	2.28004409998	0.0274479885771	0.119039590599	1.05714894601	-0.2396818149564791	1.0	0.0301867758644082	0.3778136616902884		0
draw2396	1.94239615783	1.98850253359	0.135311912246	0.00106771621701	0.017036271247295	1.0	0.0276029286567072	0.1023603668755976	0.0276029286567072	1
draw2400	1.8413630168	1.26431614464	10.4218913487	0.276752497323	-0.2932210641992979	1.0	0.0032270305692856	0.022066965132948		0
draw2401	0.0141070100379	4.21175038895	0.0166681220713	1.34836491484	-2.805631493918617	1.0	0.0232234489994611	2.543718214044153		0
draw2404	5.10666943185	1.10579952964	0.457418825988	0.367699445256	-0.0158844406913101	1.0	0.0099642861854611	0.084941776451494		0
draw2406	1.31145306073	0.0231405792316	3.2079958153	1.08902536954	-3.1899742158004685	1.0	0.6465152981109975	1.6640879074378947		0
draw2409	0.0115083632606	0.0114004038981	0.010462484692	0.00385573188209	-0.3623360270764679	1.0	0.0262804934866213	0.0279877825563549		0
draw2412	2.11938662802	0.0996796002284	1.05816796515	3.72975133209	-0.4658368463167036	1.0	0.0027390313641086	0.0456262998645906		0
draw2413	0.0172160170227	3.09258012774	3.94802194947	0.0101598016061	-1.2101110964252828	1.0	0.0641351441624799	0.0714204163701526		0
draw2420	0.766644353307	0.101058697447	0.0155929557508	1.39059969893	-0.2826229937739924	1.0	0.0002278009474648	0.050824022004031		0
draw2423	0.0204258255195	1.35251562119	0.0336184087784	0.00108357578212	-0.0196469961442433	1.0	0.0070190662900668	0.0654784777194304		0
draw2424	2.90450644722	0.137515833807	0.0547584473762	1.29169988818	-1.4014421770697916	1.0	0.0069761752234615	0.0524165200314495		0
draw2426	0.535845216122	0.124917745374	21.4834457506	0.0310442420538	-0.2267860225018274	1.0	0.0105682763034029	0.0526828403445282		0
draw2428	3.32644902062	1.96266877245	12.3821314046	0.265482525579	-2.888760655473717	1.0	0.0163682334142764	0.1181117599109759		0
draw2429	0.125596721402	2.23751349756	7.10487248537	0.00665537656575	-0.7425406085733073	1.0	0.0166525107181343	0.0407133457994172		0
draw2431	0.0107770995144	1.94555761062	0.565522208478	0.00717070996853	0.3182626671795662	1.0	0.0095570379615415	0.3331917821608429	0.3316300865872156	1
draw2436	3.78858672101	0.0649230406696	2.95277583162	4.47719185471	-0.1082801780639027	1.0	6.530352754087436e-05	0.0131532725578836		0
draw2438	0.336393140322	0.0565713841562	0.508638931356	0.00352748711008	-0.9986701551387318	1.0	0.0118701695096512	0.4402797541783316		0
draw2439	2.69012621997	8.63442614259	60.2721816682	0.332761952919	-5.855440671629137	1.0	0.2693990458914065	0.7043601759377395		0
draw2440	2.6558985087	0.417699752305	0.0117100318452	0.01619257939	-0.0421121406942489	1.0	0.0025036676136857	0.0045897452972378		0
draw2442	6.59223561159	0.0128051152265	0.928460972597	0.890563244382	-0.6424611658627548	1.0	0.000360558117313	0.0630545613612042		0
draw2443	3.91601065348	0.0155507053071	0.822100060248	0.0562112102411	-0.0239461631279935	1.0	4.056638401485775e-06	0.0012437651126304		0
draw2444	0.108084244142	0.0789438419934	16.7636616317	4.56863554381	-0.1097671161701629	1.0	0.0042032613472997	0.0403952124295614		0
draw2445	0.153625769106	0.870546870766	0.0212009050591	0.0423282172027	-58.13445509845315	1.0	0.3620446097075063	0.4630659639036179		0
draw2447	5.56284892448	0.289570517562	14.606522456	0.120330220265	-0.054095763939692	1.0	4.905974105294556e-05	0.0009877376766041		0
draw2448	0.0584441051716	0.0190383433286	0.0212171499269	0.211629439847	-0.032656209172825	1.0	0.0008004127321306	0.0186781969025916		0
draw2449	0.0983122498289	0.0106057036557	9.89803834027	0.00177015006356	-0.6117981901680701	1.0	0.0318750527638598	0.1493798005041446		0
draw2451	2.50342795547	7.97905066102	35.1740377703	0.0126325640819	-4.85173964769324	1.0	0.4912560031976001	1.3365014763790954		0
draw2454	1.15349763916	5.24487995424	9.74692449152	2.31055949149	-0.1428795262288635	1.0	0.0006629357754799	0.0390607896228913		0
draw2455	4.53181299887	4.40541468861	0.64173639789	1.10057599799	-0.2343569754123126	1.0	0.0022377718542378	0.1314965581032594		0
draw2456	0.434442902463	0.0328816691668	15.1707523643	0.00943758833034	-0.2610889940625904	1.0	0.0744624467549608	0.2537912676763201		0
draw2457	0.248677567211	0.0591679663528	0.0121623981838	0.0122373847891	-0.1029529418904662	1.0	0.029691484050075	0.3182335771652178		0
draw2460	9.5823116462	0.033825001614	69.7654018153	0.0155055851377	-1.7491861918935692	1.0	0.0115543915461436	0.051243084794817		0
draw2461	0.235565363967	0.0650703787501	12.3509910595	0.160102501636	-0.1326098820560099	1.0	0.0167188413403499	0.0372532860972595		0
draw2464	1.11441752021	5.17662995086	8.81986316067	0.00741860332001	-0.3679735921345729	1.0	0.1370536860391933	1.0375703820634852		0
draw2466	2.09773899656	0.0134444732639	0.922538461441	2.37536468401	-0.0754879449872302	1.0	0.000705329909356	0.0181590466279773		0
draw2467	0.0924868903094	0.258193865795	2.42136400762	0.0297136687139	-0.1301342944586881	1.0	0.0010355822460854	0.1553288056875813		0
draw2468	0.678784875545	0.796016312632	0.010628772415	4.60199313237	-0.2080730258531708	1.0	0.0026366343327081	0.0552128089087092		0
draw2469	7.18796113142	3.01727970251	48.1887571087	0.0767694743589	-1.3254718111208477	1.0	0.0268809012687482	0.1211770232618843		0
draw2470	1.89174719405	0.065670114722	0.0627366623203	0.616219946205	-0.7414982876038942	1.0	0.0049825505261901	0.2391424684236424		0
draw2471	0.876852332439	0.0217059845215	28.5444065296	0.0233707706684	-0.4392337424813256	1.0	0.0003881206255078	0.0021114189359818		0
draw2473	0.0446710928939	0.0158367548725	62.2769724743	2.32141515134	-10.2086035764255	1.0	0.0759175834873171	0.4476033048793065		0
draw2475	0.414475214022	0.0112506800629	0.270886702039	0.0916179614933	-0.1618517336656669	1.0	0.0347857461784024	0.2326783063178595		0
draw2476	0.0920861484965	2.42500061718	2.45324335792	0.0313026765227	-0.098431745504037	0.0	0.0483403379669093	0.0483401844289633		0
draw2481	0.941333145367	0.192731529707	17.696817999	0.00285446061791	-0.075891196810948	1.0	0.2979728215674255	0.5416320086362643		0
draw2482	2.31901131075	0.0533259837209	0.0854749836303	4.96285333607	-7.124980841832971	1.0	0.0058996927017095	1.0692482941817394		0
draw2485	0.0476801233552	0.0125487049304	7.81299824472	1.918148469	-0.026432143652465	1.0	0.0062071405886745	0.0148660250079523		0
draw2487	0.0219065997179	0.0267496207522	0.823011724771	0.585321420823	-0.1615386923777111	1.0	7.843409723223354e-05	0.035802092003041		0
draw2488	0.0886652087478	0.028051773901	15.0273190115	0.133417260852	-0.1382155026370461	1.0	0.0003301639924556	0.0163516480095372		0
draw2491	0.434522015074	0.911416432675	0.192887935339	0.00289955028593	-0.0330267433140876	1.0	0.0150752488713243	0.0272846683412294		0
draw2492	0.304066675975	5.76977446084	0.343186307422	0.0631800612865	-0.0373730864847536	1.0	0.0152959014494092	0.1689717215529879		0
draw2493	0.127923938565	0.449011459778	0.666359405449	0.0613901350779	-0.2011208169692364	1.0	0.0257131864929304	0.4960691492133899		0
draw2495	0.285652098398	0.218839776165	0.6559100427	0.863509712844	-0.452234315750634	1.0	0.196831012039033	4.640225315437993		0
draw2496	0.0417464596915	0.0485926191386	0.177416457193	0.0327707285174	-0.1770389006686109	1.0	0.0001916691822214	0.1289282448678485		0
draw2499	4.49695444741	0.880818174787	0.023111942546	3.34369499811	-1.2203951278069378	1.0	0.0008482276963622	0.343089616278271		0
draw2501	1.99729768469	0.0920706586944	0.0119594918932	0.467064754356	-0.0270375867956791	1.0	3.3518963170240986e-05	0.0048862773270434		0
draw2503	0.238802578485	0.0182694728968	82.763355907	0.00205642525848	-0.0569175620509001	1.0	0.0036236800087853	0.0036428383802936		0
draw2506	0.0119148363141	4.60880918302	0.0166244140967	0.811194654535	-6.124781207987578	1.0	0.0639647799292533	0.5906980326426632		0
draw2507	6.24367361141	0.0875751566584	0.283605515372	1.89948922768	-0.2120557930902004	1.0	0.0048986983255859	0.0600109683907121		0
draw2508	0.041224647429	0.0445734742429	0.275857206201	1.68546573392	-1.7602485209272372	1.0	0.0055350928128685	0.5378409763923059		0
draw2509	0.370663714959	0.298815312145	31.9385383805	0.0479328032197	-0.1181192577625673	1.0	0.0435417270286236	0.1388602710081609		0
draw2511	1.10828383825	0.227989042353	4.38394191903	0.0077857761782	-0.2774116443085442	1.0	0.0464376003674339	0.3530337211551629		0
draw2512	0.359729022686	0.0596585014865	81.4826701789	0.0600049362776	-0.3824983702245719	1.0	0.0095109535155371	0.0152791870046944		0
draw2513	0.362145250052	0.12423907351	0.466717237519	0.0953260095306	-0.1842804030017199	1.0	0.0331149079020154	0.4881451531899646		0
draw2514	3.68289753048	4.25466933359	0.0363847932701	5.97716705586	-0.3734481609076835	1.0	0.0138067648681355	0.1257415505946458		0
draw2515	0.0664377346567	1.20244609578	0.42181666925	0.127318890448	-0.2260804085481937	1.0	0.0061249883496529	0.3343717742543455		0
draw2521	0.307150803033	0.242360256888	32.7170707746	0.323654534403	-0.4619642207588634	1.0	0.0020004712500312	0.1522766099175958		0
draw2523	2.44831974256	0.0669465387677	2.0675529849	1.79651546358	-8.653491262949185	1.0	0.0151817378604629	0.3817137368460703		0
draw2524	0.132529994945	0.0287755851159	1.07241399305	0.0883972970652	-0.0695236467424317	1.0	0.002359306667323	0.0329637944052148		0
draw2527	0.0156121493962	2.90669818335	2.21971082704	2.52411874461	-0.4577543655813251	1.0	0.006338672716752	0.2261183395684745		0
draw2528	0.0440997192358	0.0279237798508	5.99124100834	4.18885255982	-0.2768002090034914	1.0	9.928112763783196e-05	0.0317022518415489		0
draw2534	0.111478322575	0.0195288815747	0.142978753283	0.00896732489731	-0.0791804689107893	1.0	0.059095569692742	0.1877840295423158		0
draw2536	0.0240386876813	3.33669145207	1.12898997247	0.152906962324	-2.78169891773965	1.0	0.0402097445656495	0.3716345679489077		0
draw2537	0.014169468986	1.00759364691	1.04951913599	7.55449426727	-0.3258859030481044	1.0	0.0060482229066267	0.1475202449013233		0
draw2538	0.80598324899	0.348775631686	0.543352907307	0.00394536364531	-0.2551451271066823	1.0	0.0204746057619633	0.0912262280769522		0
draw2540	0.156556846364	0.0490359354005	14.7151929517	0.00727973746852	-1.3758279134157805	1.0	0.0032510230387113	0.1310245665388428		0
draw2543	0.0425079121895	1.0310534734	0.049181071173	0.0957595973213	-0.3237717433829806	1.0	0.0013588381831372	0.1532972915526726		0
draw2544	0.0354877359149	0.0213212520176	80.7987187405	0.00789954121511	-0.0106799773407064	1.0	0.0029644523384698	0.0065819555929074		0
draw2548	0.0595177872929	0.0320906832854	0.104580375249	4.58590996056	-0.598324345335603	1.0	0.0003359915589261	0.2097540265272064		0
draw2549	1.37330031703	4.87424724573	0.432567992366	0.39574270288	-0.6942632818846382	1.0	0.0183134470233272	1.0486229233366349		0
draw2550	0.083435006648	0.0170754817133	21.7402045987	0.0471450307651	-0.2204144314910322	1.0	0.0110103265007696	0.0663851816523421		0
draw2551	5.69948918187	0.16447164652	19.2822982787	0.195856563413	-0.2889822714798132	1.0	0.0018687922269619	0.0314530085678124		0
draw2552	0.462251976066	0.0120817257196	64.7382106241	0.00216099003772	-0.0067643106597146	1.0	0.000478474088166	0.0005786913920176		0
draw2553	0.0294541536331	0.30879559969	0.374129597418	0.0164409647013	-8.203085642252018	1.0	0.2650057675814481	0.7503995285000479		0
draw2554	0.713772564732	0.0554923079503	14.3527789938	0.00519821191324	-0.6380433552244984	1.0	0.0047435985539457	0.0059359990344557		0
draw2556	0.11735159686	5.24733546947	7.59087176189	0.194979273003	-0.3878703777560607	1.0	0.0024202626890239	0.2462101355757829		0
draw2557	0.196134943844	0.0417748144612	0.0339948875469	6.01414028717	-0.3398306831989246	1.0	0.0109617302391994	0.2191193475077143		0
draw2559	0.926340250051	3.20358566634	19.347584213	0.991906466164	-1.7949477042971769	1.0	0.0235598667647665	0.1653694249243124		0
draw2560	0.0524417511715	0.148260549915	3.85498098856	0.163410727741	-0.0963606069649918	1.0	0.0343633490878161	0.3080984544123709		0
draw2563	0.0192228975828	1.66233863076	18.5839730927	5.6194395459	1.7907156695738244	1.0	0.0024575899868209	1.0072823478307178	0.6932271702778493	1
draw2565	1.80302022242	4.13618304556	6.23333714025	9.78277510502	-2.022108685295567	1.0	0.0001301203608535	0.6848560007490921		0
draw2568	0.29993602431	0.0128976243807	0.144705226942	1.74913441906	-0.6430474621125942	1.0	0.0009817617528563	0.0384755586027915		0
draw2570	1.66422595032	0.336507797977	0.381501487861	0.00210623929879	-0.0758490753182691	1.0	0.0049564816969372	0.1900146950437617		0
draw2572	0.017657950336	0.0262408075003	9.18783938539	0.254051398452	-0.2316453901883108	1.0	0.0003206683407159	0.0324099933652525		0
draw2576	3.76727513994	7.20595423712	0.0512316168946	0.0537340373042	-0.7847775861696893	1.0	0.0014303564047871	0.7987948734927649		0
draw2577	1.25381576565	0.0484375774434	22.141974354	0.441421652051	-0.0719658993182989	1.0	0.0001267749617975	0.0044989867517535		0
draw2587	3.31488280738	0.0168811558751	0.202003944658	9.38316357414	-0.177647459458023	1.0	0.0045139680211363	0.0920100055398144		0
draw2589	0.304731445035	0.430460146005	25.1790361159	7.22399548227	-0.8986690240643054	1.0	0.0025250974766044	0.2082997505319872		0
draw2590	1.85075643232	5.67001986997	12.6690538229	0.997210710518	-3.264342094349563	1.0	0.0331349433304013	3.5397677075288607		0
draw2592	0.208785691896	0.0154908146713	0.635840127104	2.23043341434	-0.0425666176381224	1.0	8.390186016725784e-05	0.0057928518518651		0
draw2596	0.14423710421	0.038378828462	0.0404845515226	1.26635128785	-2.600747866229029	1.0	0.0022142438173598	0.2727879778064784		0
draw2597	6.62180839536	0.197122418499	1.66703784938	0.610556142131	-2.138401482297701	1.0	0.0142315538799646	0.0602256397694021		0
draw2599	5.35143640894	6.1452943837	0.358880305597	0.02856200636	-0.4002339220180805	1.0	0.0059153450486628	1.0490057744348804		0
draw2600	0.471744603848	0.27916267845	0.0179644999454	0.0357513126445	-0.0371657350359332	1.0	0.0045593458022459	0.1426460845664652		0
draw2601	0.737939120564	0.0466875284915	2.68736012518	0.00113112736707	-0.0180522056706272	1.0	0.0011207109733693	0.0063982392419369		0
draw2602	0.561757284634	0.743465283172	0.0324149823703	2.06946120792	-0.7548586737555092	1.0	0.0023489824021888	0.2367922915068595		0
draw2603	0.246402579858	0.369283409296	0.0233107401966	0.72979110505	-1.2979343825979994	1.0	0.0082984553363943	1.060930769764891		0
draw2607	1.0757819597	5.38636870442	0.10693012387	0.0172553311835	-0.2698772839887168	1.0	0.0199745833898247	0.2378510063087405		0
draw2608	0.0157581732945	0.0605451889392	0.632378305153	0.0657182564875	-0.1795281624539638	1.0	0.0117565602591164	0.2388436675969062		0
draw2611	0.0536714424878	0.0104394294613	1.8673845131	0.200373083674	-73.18345382777422	1.0	0.2499176489823106	0.3484830807967519		0
draw2613	0.0634645333744	0.0252993003245	9.20945372755	3.88986879082	-0.4945630384651855	1.0	0.0001942375267784	0.06262161831345		0
draw2614	3.54386158794	0.968636951501	3.96739406552	0.975400123493	-0.5528709040898349	1.0	0.0035701093050007	0.1545172453301738		0
draw2615	3.98680692343	0.0301860195737	0.496866700189	0.11165040497	-0.3525281558324206	1.0	0.0006528316500396	0.011202513760164		0
draw2616	1.95720747052	3.19924726303	4.55983490912	0.933797883394	-0.510564497833123	1.0	0.0450978040978397	0.3868781255289081		0
draw2617	0.962076099886	0.0612353065559	0.173634773728	1.8592245129	-0.131202979665082	1.0	0.0269752657929458	1.477790600514984		0
draw2618	0.017524560748	2.08902953107	0.86098116225	0.00306986987534	-4.007954258282007	1.0	0.0326106726719492	0.0650062136367889		0
draw2623	1.87297529624	7.94046343447	5.09446111278	0.14829975962	-0.7617858857492156	1.0	0.3445617602104611	1.4725208444001514		0
draw2628	0.830223466288	5.94029031806	4.06827560008	0.447891019982	-0.4557155816099867	1.0	0.0191282562996737	0.3113391052378672		0
draw2629	0.0781209064158	9.46272023421	0.0835003083665	0.294829937899	-0.4567585232586075	1.0	0.007002584669433	0.2221474401747701		0
draw2631	1.14654907022	0.0173946018049	0.0104748375438	1.06681869104	-5.377593866117286	1.0	0.0060669543728865	0.0753328240657696		0
draw2632	0.0670939617974	1.04120392307	2.51682766563	0.203664021528	-0.0556749395848509	1.0	0.0004176057493189	0.3207835692436536		0
draw2635	0.0435217178686	8.53219875745	0.298045290014	4.15590469131	-0.602332490773771	1.0	0.0051480717009025	0.0952603912645721		0
draw2636	0.692381155872	0.182969719742	9.07945613982	3.91078515468	-0.6799331406434774	1.0	6.011763221731448e-05	0.0426891123116705		0
draw2637	9.97396584868	1.61807491274	0.791648688765	0.807983601843	-0.6970639586708953	1.0	0.0197164865651529	0.3161040394482305		0
draw2638	9.42259463398	0.875375541605	0.0288038079723	1.46141942756	-0.4019927525811066	1.0	0.007276263452974	0.1188375566642415		0
draw2639	0.585438189516	0.0622681028536	0.0163644803429	2.13637198415	-2.7431351641925725	1.0	0.0747693142976892	0.9248674745050108		0
draw2640	0.157468467332	0.195876678994	0.287932153627	0.00860595235636	-0.0016409339710367	1.0	0.0009523634751838	0.0653801602324918		0
draw2641	0.0231891609303	0.060477688708	11.544893805	0.00290031029612	-0.1193783580511915	1.0	0.0065979415941457	0.0138594897740134		0
draw2642	4.80529212062	0.175771665498	1.11312797778	0.741394612231	-1.7319137613540116	1.0	0.0179851777243641	0.5116543132109816		0
draw2644	0.0113330476595	0.258551211224	0.450804504519	3.83250323737	-0.9683705353671992	1.0	0.0001708324017901	0.0431626631213853		0
draw2645	0.47916998691	0.691708644523	20.5364114424	0.465923380941	-0.6306440291465814	1.0	0.002578713409058	0.1096684763307555		0
draw2647	0.106952373592	0.0130273239397	0.0603567454864	0.239441729735	-0.0511737834617262	1.0	0.0272757258165709	0.1440788242451817		0
draw2650	0.642214128469	0.0474829609796	0.391757663901	0.143346092417	-3.050246771657364	1.0	0.0222453627989048	0.1149565346030914		0
draw2651	0.126885656476	1.01885783177	0.0201255151475	2.48396844601	-0.6513218470571226	1.0	0.0065291128572512	0.3755768940785828		0
draw2652	3.2316484369	0.112735482222	11.5191027245	2.1101117089	-0.7405030004077611	1.0	0.0037337932947508	0.0417852409430739		0
draw2654	6.61297395067	0.169594669023	0.401104042783	0.00228414344802	-1.0890042098095292	1.0	0.0822647999426967	0.0887217852704144		0
draw2658	2.11497706044	0.0331254573791	45.3399280515	0.0603521923312	-0.2161997831135432	1.0	0.0001044312986899	0.0014718661355649		0
draw2666	0.0228749288692	0.051701760544	4.32417301352	5.46826124377	-0.065165196603848	1.0	0.0070453855084409	0.0924556455851499		0
draw2667	5.79391095459	5.69348552989	0.0311979551439	0.00316802475456	-0.0333180054780598	1.0	0.0054015228072345	0.0372692976791609		0
draw2668	0.0117389575916	0.0306381266729	0.596121830292	0.207408526021	-0.2116159382681391	1.0	0.0001468907713987	0.1087883844277855		0
draw2670	1.22573006431	0.848643274892	48.0695056467	0.0341934522986	-1.0957832078899226	1.0	0.0227544629526579	0.0287953514571831		0
draw2674	8.88131224783	0.230070663924	2.53991991723	8.71009364638	-0.8102435580658814	1.0	0.007959531163748	0.0134477677524747		0
draw2677	5.61041084905	0.104354669141	0.090041682251	9.33511126677	-0.6644950198469634	1.0	0.0001090121111449	0.0075770683227669		0
draw2678	0.0658721182726	0.47516797213	0.0216333805859	7.65320698163	-0.5568487789631733	1.0	0.0001695571102186	0.1090542771953402		0
draw2680	0.229297892157	2.8672530369	0.330695606726	0.564666624806	-0.4061334843248617	1.0	0.00561042345458	0.2314588625386852		0
draw2681	0.124259995133	1.38370859638	0.0120074267605	0.0508549424346	-0.4878881721360848	1.0	0.0171516929930247	0.0759532747754508		0
draw2682	0.038944219517	0.0370614385142	0.1717750656	8.7267407172	-1.4554742899915811	1.0	0.0089577680012391	0.2612311118470184		0
draw2683	0.309278548056	0.0266821943725	30.6646557411	0.0284670952655	-0.3993419265880428	1.0	0.0427361775632584	0.1033045333325447		0
draw2686	0.0102366297119	1.92299918791	0.0191405947324	0.177835481555	-0.6830266894998069	1.0	0.0402752419932128	0.3705176554552282		0
draw2687	4.59697512081	0.0165991561394	8.91454737172	4.51110177862	-0.7692249061352392	1.0	0.0003514913432359	0.0061000390165429		0
draw2688	0.0528200796837	2.09347398949	0.334561335568	0.121849634952	0.139026391332571	1.0	0.0238015502545399	0.6176911673003956	0.6046262785328985	1
draw2689	0.100391403408	1.49653096056	0.142713674372	0.0854875749052	-0.06802882438379	1.0	0.0018204245574597	0.0421692185721459		0
draw2690	0.32881008493	0.0153184482717	0.440365791315	1.54266905438	-0.2077923735604796	1.0	0.0029483524716671	0.0312871368418256		0
draw2691	0.0500228961585	0.0416800922108	31.2395301463	0.0212144661018	-0.7213183417840473	1.0	0.0136348621263196	0.0837320423564963		0
draw2692	0.161970503444	9.64920402581	4.05047669509	0.25528524327	-0.5372904867320573	1.0	0.0476004513576986	0.5029534948811051		0
draw2693	0.0314611390377	0.0216416272646	0.335682221328	1.35538319264	-0.4810659271981658	1.0	0.0073446081123036	0.0853741101580504		0
draw2696	6.04208997128	0.0123951526537	3.66370450171	2.18274272159	-0.328052389243283	1.0	0.0037595376186586	0.0041243653027529		0
draw2697	7.49762051273	0.579402054232	1.59305713223	0.00237950317509	-4.050813827739793	1.0	0.062815937458597	0.4802565529630658		0
draw2699	3.0807949366	0.0153913831151	93.3663224979	0.296714109135	-2.1305200742711508	1.0	0.0483882307944863	0.0772238332344009		0
draw2701	6.74174066222	0.0485543672728	0.535378227228	0.123960968913	-0.0422124423677621	1.0	0.0005285867962687	0.056783056685437		0
draw2702	0.220002016155	0.0535830039446	0.563910019137	0.151571408663	-0.3244060077009036	1.0	0.0022248692581515	0.249004039571745		0
draw2707	0.197763498762	0.0353360779621	0.113144464438	2.9336381692	-0.0866350104942969	1.0	8.995121666601619e-05	0.0140202964353191		0
draw2708	6.4699543317	0.0375633403886	17.0524906988	0.0412658702062	-0.1746504890861444	1.0	0.0627525154455045	0.6362065091287673		0
draw2709	0.498348033262	0.0233188902653	44.3440185503	0.00127123310012	-0.1117598627328208	1.0	0.045585144526599	0.0955687418059286		0
draw2710	4.22482008542	0.280820893106	3.04804657053	0.901711620455	-0.6650641046541397	1.0	0.0154527260433303	0.1943332351350969		0
draw2712	0.25988474089	0.419595073117	0.795586175157	3.28900285153	-0.0978301386828697	1.0	0.0093697786960811	0.0781332216231955		0
draw2716	3.31909070961	0.35535258322	0.491982659484	0.00146187520111	-0.1509719670360669	1.0	0.0055051119874404	0.04873954605041		0
draw2717	0.636588141819	1.15413656918	0.0890237484423	0.667709176045	-2.457473190494891	1.0	0.0027040003683948	0.111721700302893		0
draw2721	0.44504538556	0.782517448506	4.42782682781	3.15341317112	-0.859064798064507	1.0	0.0031618966738051	0.2308298972515349		0
draw2722	0.575644702952	2.76544058103	0.619808353268	2.01482670415	-0.6264842709869597	1.0	0.0330841830762176	0.2509131787236183		0
draw2723	1.60548361568	0.0117272254652	5.80440157403	1.96592402287	-0.3870441285246183	1.0	3.895221069110529e-05	0.0053531815781001		0
draw2724	0.0142966862796	0.194256767365	51.6553454127	5.41449106852	-0.6330250651578612	1.0	0.0384688336311465	0.0406688939350963		0
draw2725	1.11738381374	0.855428841884	46.6064793611	0.631138165623	-0.2508290024711391	1.0	0.062910521405064	0.216899563549635		0
draw2726	0.0710624697845	0.932711800341	4.51006191542	7.32558009173	-3.752058301083816	1.0	6.830073157550099e-05	0.7331678315374358		0
draw2727	0.0444632924635	0.162496467427	18.9301196361	2.90528545899	-0.0190776227506025	1.0	0.0121407804243607	0.0519726142628558		0
draw2728	2.05601133067	0.269934331691	1.86468164392	0.188351005938	-0.056950204171967	1.0	0.0002941334893875	0.0066871701590826		0
draw2732	0.0202587742899	0.0131792218238	0.99477131388	4.61515690042	-0.1363281215532615	1.0	0.0027499649634154	0.0209971606333907		0
draw2734	0.0176215988286	4.84150169122	21.8813465149	0.0387536353852	0.2154152846742758	1.0	0.0219859659795502	0.5534287421072003	0.5503985902431932	1
draw2735	0.298974707365	0.277268374548	0.141191499985	0.0900871524764	-0.0766473618179349	1.0	1.0916505443297598e-05	0.0222637206579125		0
draw2736	0.992786140728	0.460019939287	0.755517893727	7.80880445379	-0.264764451320012	1.0	0.0013750663089912	0.1671091668816839		0
draw2737	0.511011464953	0.575146936921	62.8486411069	0.210831170597	-0.1711418731726706	1.0	0.0081707015779979	0.0095480485870137		0
draw2738	0.170411493359	0.929049122433	0.109602327682	0.29485557321	-0.331218358300107	1.0	0.0004792542289566	0.3353532548847872		0
draw2739	5.8000290138	0.0231978327365	0.166818739126	1.5677174167	-0.9903766509323066	1.0	0.0071118517324814	0.0871799940404913		0
draw2742	8.93199444516	8.24679209408	23.9511502974	0.00157612791837	-3.5160016229285147	1.0	0.5170324721985213	1.495240555972062		0
draw2743	1.16026963086	0.424212410222	7.36792792864	1.52013950858	-8.72036214732254	1.0	0.0029573159742682	0.1917627389566615		0
draw2745	0.601018329854	4.38012332161	3.78484274867	0.0764554259549	-0.1724097365792516	1.0	0.3166378733812583	0.6690319725797536		0
draw2747	0.866890169855	0.182452551348	0.615199906122	0.0123173309035	-0.0969731016903381	1.0	6.62031731282565e-05	0.0336347511548585		0
draw2749	4.29813316775	0.025114309115	19.4978513709	0.526577460528	-12.959704493351444	1.0	0.0021904360980174	0.0021984778539666		0
draw2750	0.0233169122166	0.530015282016	0.493976137343	0.00630574841101	-0.5578604640925003	1.0	0.0019069025418302	0.1102061191714594		0
draw2751	0.254331199154	0.0120635162644	0.060429158689	0.118376151555	-0.2403222738540777	1.0	0.0002950269789219	0.0566586225358665		0
draw2752	0.0246994330615	6.69696265273	6.20103388357	0.0261291488645	-23.24838550415772	0.0	0.0383807174084923	0.0383807119364171		0
draw2754	0.0273883953057	0.164853858078	5.73684178942	0.00280030145033	-0.0712265714783026	1.0	0.0106470313768638	0.0635581717518787		0
draw2755	0.214080575429	8.58153087051	0.423609399311	3.61383664294	-1.409870546428222	1.0	0.0164881328065844	0.6252404604475458		0
draw2756	6.30015521342	0.0669061406159	0.114214957245	0.461306121486	-7.465103645388302	1.0	0.0029753749433357	0.0112155403536026		0
draw2757	0.422133840899	4.05963545986	44.6069164366	0.233287327026	-0.4500226720889824	1.0	0.0024336400376634	0.6110212608214167		0
draw2759	0.0369896106609	0.103663613967	0.174957731488	1.4653579215	-0.1314397861953873	1.0	0.0296226422493525	0.227223824505873		0
draw2760	6.96227714635	0.0624050169691	3.43718239469	0.0207877465594	-0.2167582145797935	1.0	0.0007395915536718	0.0438469789008357		0
draw2761	0.0963255989938	7.58810592829	1.3367920274	0.0170126155654	-0.5300477041720665	0.0	0.0604090454569688	0.0604085924794876		0
draw2762	8.70748538598	1.16379873307	3.76074489379	9.64139535407	-0.0874916767340352	1.0	8.660764349025769e-06	0.0004140336743912		0
draw2763	0.0775083213304	0.0120207581158	4.83907967155	0.278383416578	-0.1825218000583237	1.0	0.0006470163979604	0.0426587601687531		0
draw2764	0.40199352489	0.0186352579439	0.0925708225874	0.535487766483	-0.0588867275384666	1.0	0.0003718561345706	0.0220904180523688		0
draw2766	1.11005748715	4.14004811482	0.0307517653162	2.27857566802	-0.8702342280439159	1.0	0.0008593335766913	0.0934829631446068		0
draw2767	0.246947610162	0.218306793109	0.721713108449	2.85029100639	-0.0929982298422029	1.0	0.012101725567341	0.1433561577532374		0
draw2768	0.608378827443	0.784229086942	5.46299046583	5.77447231044	-0.4929829704881336	1.0	0.0157566550096053	0.232576240871985		0
draw2771	0.0946238372878	0.0107631071848	0.0183816409506	0.20287317342	-0.186411518731633	1.0	0.0004978795272814	0.0238356997724568		0
draw2772	0.751554542557	0.175159323201	16.8395204192	0.0500527603904	-4.83695203047353	1.0	0.0429057372871457	0.0473971596327394		0
draw2774	1.00467580908	0.0395015242984	1.8190975595	0.264640754495	-0.1073102253878384	1.0	0.0490369270598092	0.406703940184443		0
draw2776	0.10554768224	0.0869780805905	4.34620442982	0.00104276418021	-0.4030651286305163	1.0	0.0280027059240872	0.1451807554914204		0
draw2777	0.700505417282	0.0109332257376	80.1990694771	0.0967852216521	-1.735417360065791	1.0	0.0036691781543858	0.008021311089836		0
draw2778	6.7961773129	0.621337034407	0.63357993637	0.0449594203536	-0.1181901520835309	1.0	0.0033523646553484	0.0376843792715214		0
draw2780	0.269702491227	0.460846705668	14.431459969	0.439152870914	-0.379674776934227	1.0	0.024128057333919	0.0385777143305078		0
draw2781	1.58644337706	0.399012067404	0.22490543059	1.18226847561	-0.324035061193987	1.0	0.0028445254450612	0.064860157833013		0
draw2785	0.565318551948	0.0492972011633	0.0149029242621	8.49864148511	-0.1735211834063218	1.0	0.0069585288338964	0.0728743341616302		0
draw2786	0.390279081232	0.0441092580978	3.70347791509	1.23581756814	-0.3797063362628788	1.0	0.009095645050986	0.1335397809620176		0
draw2787	1.38022424957	0.189935208307	40.4721744971	1.82543002147	-0.8910645677864165	1.0	0.0001263247152447	0.0275666079696425		0
draw2791	0.0110956371602	0.0240622763963	0.355113078476	0.0216351720827	-0.0371872570375258	1.0	0.0227011316377806	0.0392605682874256		0
draw2792	7.05933649027	3.88681013374	1.71483948715	7.16392679959	-8.949879901116734	1.0	0.0267547806391285	0.8120966648789308		0
draw2793	0.0321085790001	3.44424132447	0.686010310858	1.30475862267	-1.1768329729382785	1.0	0.0205345905231846	0.457966163063544		0
draw2795	0.0196084343841	1.15205249838	17.2828828497	0.00311831101748	-0.2335701024107623	0.0	0.022733315736731	0.0227322498776704		0
draw2797	0.120867985581	1.34464353467	0.908670421723	0.788319992892	-0.1683393318462746	1.0	0.0215948760664525	0.1048326138720214		0
draw2798	1.51280751358	1.72869932503	91.8379762104	0.00711022159111	-5.459270885068956	1.0	0.1373618177592272	0.2154768634119314		0
draw2800	1.88828853313	6.37744490805	20.9965033988	0.884442418399	-1.4132961764168144	1.0	0.1726706574075331	0.2880750665607821		0
draw2802	0.124742378953	0.0611292930254	0.0318077539886	6.64108032167	-0.3784809071512813	1.0	0.0182342760223788	0.2126044150230178		0
draw2803	0.209346897182	0.14558393239	0.156071508981	3.9847809311	-0.2188337351618275	1.0	5.71300820226732e-06	0.0185394407319654		0
draw2804	4.52798678792	0.569583210518	0.0139468356936	1.69077507582	-1.071879055356477	1.0	0.0038990042956465	0.190542823844231		0
draw2805	0.0145435800892	0.252283351262	0.118300834289	0.0365029276526	-0.6664324243628207	1.0	0.0791233684354412	0.1203715917610499		0
draw2806	0.119802550305	2.04036400739	0.0661812220243	6.32061313689	-0.2321595960239194	1.0	0.0093742147925696	0.2190828748561557		0
draw2812	2.15988522119	1.31998420178	3.83718202923	0.00892590603794	-0.2878974252379528	1.0	0.0217273011535256	0.1998737567304659		0
draw2813	1.42876831886	0.0113007281981	0.11821928039	0.0184536890432	-7.333059859975675	1.0	0.3099244257826035	0.3558845101704143		0
draw2815	0.0541066221281	4.05163451699	21.6458638278	0.112300964891	-1.1787560214321309	1.0	0.1325828523930443	0.3987893439560522		0
draw2817	0.0166774567693	0.792415582919	0.29955303561	0.0302658513421	-0.2422178735391196	1.0	0.0192637814258239	0.5784841550679606		0
draw2822	0.352449592068	0.117837404783	22.0046092871	0.68952662878	-1.8285787522797268	1.0	0.0041474737799807	0.0281082889383296		0
draw2824	8.39358071333	0.211303771808	0.0816638558012	0.0447468338882	-0.3931155717099115	1.0	0.0010227596904344	0.0666957181666932		0
draw2825	1.91725238818	8.74204561804	29.901132424	1.53876854096	-2.096435627380264	1.0	0.6012985268398343	1.500192496134219		0
draw2829	0.202342177843	0.33577570603	52.8832776473	0.12370812235	-0.4158252405895454	1.0	0.0121228295020088	0.0512666200351382		0
draw2830	0.353954857417	2.09258091274	0.693154660314	3.88428355584	-0.4574913199976725	1.0	0.0026865531247523	0.175561662622309		0
draw2831	0.207214034226	0.114903211492	0.67388658274	1.16657735703	-0.8268819568691904	1.0	0.0038974888875343	0.2590406556832499		0
draw2833	0.120406966329	0.942831271446	0.0245676849515	0.0796853770099	-0.1316569834585575	1.0	0.002443316366877	0.0613855521442923		0
draw2835	0.263654470171	0.187153050748	0.949575987008	0.00702566344346	-0.1587180275821398	1.0	0.0188073915092853	0.037782993052539		0
draw2838	1.37016557389	2.14560604985	13.3532216305	8.12575982949	-0.5174838969338957	1.0	0.0058299070873278	0.1675699108424602		0
draw2839	0.011696700698	0.0103196116873	0.996912841957	1.37456925263	-0.3233372069985455	1.0	0.002851120456703	0.0960195765230724		0
draw2840	0.058272257625	0.0507065285833	10.1293193774	1.59988711299	-2.5096685164726327	1.0	0.0028132542675164	0.7304503475475579		0
draw2841	0.111951972858	0.0305287892591	0.155826360213	0.00969305500528	-0.0823592140003997	1.0	0.0006577022538871	0.0233647564326457		0
draw2843	7.99773675936	0.110451258463	71.9041269331	0.126175356691	-0.3552606257505976	1.0	0.0007572952520543	0.0053989471673152		0
draw2845	0.914779593742	1.66022743915	0.0663600679923	0.0850249369063	-0.5451608831379896	1.0	0.0228569598129864	0.539258234134821		0
draw2846	0.0171515447981	3.9247676318	0.112730275686	0.0532845367589	-0.1112610394084882	1.0	0.0618456323099477	0.0950641386478836		0
draw2847	0.283276486896	0.312076525958	0.949798698958	0.0158553399014	-0.0229328235641208	1.0	0.0157009288707571	0.0647662928206291		0
draw2848	0.0158669911076	0.0319677624757	3.68365482367	0.0156594692476	-0.1910565895446103	1.0	0.0337088784332279	0.2046087903824291		0
draw2849	0.973375576939	0.211169083979	13.1681526766	0.0932896116097	-0.2917641995487045	1.0	0.0239886428368304	0.1252651874074438		0
draw2851	2.06282396556	5.05769510992	3.24687775555	0.00201133920493	-0.0283448773860446	1.0	0.1842602421000224	0.7048722073071786		0
draw2853	1.48028569343	0.255898091904	1.35609822168	0.410546874507	-0.0109494940930422	1.0	0.0021797117950119	0.0024673879473212		0
draw2854	1.81731499924	0.0180236448252	0.709365878099	0.0169761831321	-0.580679837147758	1.0	0.0100156279415624	0.0262131144517645		0
draw2856	0.0434825257077	7.29583494486	0.398282294752	1.02236366557	-0.3123198179872137	1.0	0.0008898644378552	0.1116762877539777		0
draw2860	0.0559002548867	0.116633512867	0.0130960457924	0.0231962053296	-0.036288910568058	1.0	0.0425638754569647	0.1369005017961738		0
draw2862	0.132364133908	0.0109667888524	4.20557101062	0.017624374444	-0.0123742409586107	1.0	0.0067104372545877	0.0093115063573486		0
draw2863	0.056116000258	0.0613789864296	3.55012024106	0.00529625800933	0.0004561806473279	1.0	0.0011978259442411	0.0099653298293036	0.0070285993871539	1
draw2864	1.80255426986	2.8148417991	0.0290412762598	0.2438202686	-1.6540776357369784	1.0	0.0133484488798247	0.8502774410409701		0
draw2865	0.253417165884	4.12354648873	1.95132333789	0.964902187679	-0.9242767779499496	1.0	0.0164694024664797	1.4727038251800133		0
draw2867	3.89036837602	0.128679824822	0.506338362367	2.92431584375	-1.0304528681952	1.0	0.0247165279347254	0.0670663724733646		0
draw2872	8.47709626596	2.05001121354	0.520030124368	0.00837372135551	-0.0098692756622337	1.0	0.0007860444910738	0.0043625730580365		0
draw2874	0.0817378952938	1.02271620059	0.140419541822	0.212815748125	-0.3930826457375763	1.0	0.0813784472620243	0.7258831605457146		0
draw2877	0.0268798269136	0.55139857258	1.90894378368	0.0152604185625	-0.194230470078567	1.0	0.0008079203530814	0.3126261838727857		0
draw2878	0.0429477784638	0.310192026203	0.716233262902	0.0398324020829	0.0930720876935743	1.0	0.0005666263789645	0.082158992660776	0.073089095490385	1
draw2880	0.0336386830653	2.78362544176	0.0654813102041	8.85643498455	-3.902006236169013	1.0	0.0190539152959087	0.9372490931159708		0
draw2881	0.797185865729	0.0488238249343	0.0444712914242	2.7960332062	-3.423627900019147	1.0	0.002043121939377	0.7193970866949159		0
draw2884	0.811852276644	0.624057941174	0.558356098241	4.3640962141	-5.398716192924841	1.0	0.0660646838603727	2.3955387480998955		0
draw2891	4.22119071716	1.33385680844	0.0746669246838	0.431889317031	-0.134614488839842	1.0	0.003221648413999	0.009841742636032		0
draw2892	3.60057842016	0.407679079491	4.7132948597	2.10658316207	-0.4905006570492449	1.0	0.0089731088431021	0.0885860962668988		0
draw2893	0.283576028626	1.85329947801	12.6375052565	0.0244790966732	-0.3002655508513918	1.0	0.0431140704146222	0.2510072095511563		0
draw2895	0.198090092966	0.0665997943805	0.0136456364196	6.15238039373	-0.1700242202882072	1.0	1.9747281606852907e-05	0.0164417877154906		0
draw2896	2.16469250505	3.89449103824	0.0606021721665	0.396092563814	-0.1985585300189656	1.0	0.0004141214348049	0.0752277155151227		0
draw2897	0.755421637124	0.0693911860448	0.0238413955267	7.8677152124	-0.0903977817234808	1.0	0.0177935683254229	0.0876280648394464		0
draw2898	0.237361203952	0.165943697677	2.4771599036	0.586629215082	-0.197743804722576	1.0	0.0003723344664749	0.0616188076089614		0
draw2900	1.13171494959	3.0276583102	7.40552333946	0.19321200904	-0.1610571766296255	1.0	0.0240516332218315	0.3302932400470432		0
draw2902	4.02337285476	0.0476247268735	0.0993992873073	0.0123780792925	-0.478194854942735	1.0	0.1337373419188786	1.1034884161066632		0
draw2903	0.973853583042	0.0245070999651	1.98351058401	2.16173905122	-0.2130742678338144	1.0	5.600078068144172e-05	0.0399086959513929		0
draw2904	2.74115762007	0.163519183518	9.33841643204	0.0992456744782	-0.4658644993442701	1.0	0.0156953337520512	0.140176717755572		0
draw2905	8.31567764345	0.0212255879978	0.01267196408	0.545785069753	-0.5419865208097976	1.0	0.0013596643875333	0.210264542868851		0
draw2909	0.266982846743	0.412528925986	0.244936546663	1.6529984925	-1.0937456404145094	1.0	0.0005893899329792	0.0748369909539636		0
draw2911	2.05334186602	7.78865371043	10.240716918	2.75788632984	-1.363539412584378	1.0	0.0564448763648727	0.6249581398858469		0
draw2913	0.0151789613482	7.32967179184	0.310617353676	0.0454180989527	0.196631835920489	1.0	0.0136119523884128	0.4240275820649887	0.2002360365705674	1
draw2916	9.51517452027	3.3957773041	0.140714120696	0.00573261004288	-0.0853975737961332	1.0	0.0036009388715742	0.0743230226187399		0
draw2918	0.0496892798697	0.44257866318	0.072162480876	3.04934988099	-0.5944548471557275	1.0	0.0005399139057362	0.1351893044102633		0
draw2919	0.176019382492	1.22652825495	67.8558918176	0.00127816070124	-0.6317921210398417	1.0	0.1013391897419892	0.2905155060746848		0
draw2921	0.272485554003	0.0318942582126	0.0319414135082	1.13084848846	-0.1180346817748035	1.0	0.0021711541012021	0.0336926036620933		0
draw2922	0.287129152398	0.678203488498	0.0269853546223	0.0138644472567	-0.1282002370637497	1.0	0.0123938095534303	0.2387750858729647		0
draw2923	6.47843407408	1.98254468695	0.0328909725671	1.7834092432	-4.32721182073406	1.0	0.0017347328486144	0.2885766000459614		0
draw2924	0.0133804796984	0.495127386581	2.13215512921	0.326072861036	0.4906177615865248	1.0	0.0169717417882367	0.4736178941429767	0.353027040586297	1
draw2925	3.73191626634	9.01160214819	0.265711795779	0.0575583023906	-0.8650289623447418	1.0	0.0159775727423174	1.30913134088965		0
draw2927	1.78026593093	5.66153951549	1.3511976995	5.74069771373	-1.4631391198683965	1.0	0.0024173860555898	1.0582972913270083		0
draw2929	3.10670857013	0.0278607425029	0.452583051298	0.00456084748444	-0.1736189214725057	1.0	0.0552117853303157	0.2746579489282482		0
draw2930	0.0477447120197	1.70722844272	4.85732159942	3.82468172857	-1.9928235044952076	1.0	0.0595055474571108	2.587974018965332		0
draw2933	0.0591237035792	0.476723948928	0.0220871735427	0.0136826707542	-0.1951721639593748	1.0	0.0911992564211931	0.2511661225716406		0
draw2934	0.966953598044	0.71315533814	0.0497083183905	8.68243213067	-1.8791581791841527	1.0	0.0035706853719204	0.2757821291332251		0
draw2935	6.6907540614	0.0662861644397	2.93488498225	8.28824816688	-0.7577279609320462	1.0	0.0042379364362439	0.022721091530621		0
draw2937	0.39757760626	0.35177575727	0.742137676875	0.0642800140817	-0.4589727459787162	1.0	0.0054938187813357	0.228746581134153		0
draw2938	0.0324263892598	0.471666648288	7.6273462329	0.00147479438085	-0.4084266226855505	1.0	0.0812836725325155	0.947880608683599		0
draw2939	6.72523908843	0.699993971599	0.710049785061	0.00483677209597	-0.5847236853299719	1.0	0.0112219344446424	0.0254361993921792		0
draw2940	0.419474580771	0.11771443771	0.244219821317	0.0477099026245	-0.1192624402408327	1.0	0.0002328681683922	0.0074506810392261		0
draw2943	0.726158443401	5.44716753778	2.37278692981	1.21777883257	-0.182162681792076	1.0	0.006344588421831	0.2108646160179393		0
draw2946	0.437975293339	1.47274494574	3.51352045259	0.448394873253	-0.2792354244226646	1.0	0.0052436769750083	0.5602054256085863		0
draw2948	3.78202387143	9.88562606999	2.92272730698	0.0174922750324	-0.0200152996096432	1.0	0.0117966228417865	0.1094552439677974		0
draw2949	0.0148082421058	2.84745346902	19.8949614421	0.207843050852	4.642712950345232	1.0	0.0165145038249111	1.080354224602749	0.4309594791094157	1
draw2951	8.96071213265	0.0867016611071	0.811207321336	0.233583125326	-1.0439502404335752	1.0	0.0114871052555981	0.3932141611615729		0
draw2953	1.1259294311	4.54032641968	1.30444946437	2.2905457245	-0.7366719551942914	1.0	0.0143272441413398	0.4011152185369166		0
draw2955	0.0814286513832	0.0176917315009	0.0133554972873	0.0230892748234	-0.0268394909177873	1.0	0.0228791489656031	0.1432801895283484		0
draw2958	1.88211431675	0.303836365955	0.853282560561	1.89808552143	-0.4667715685737222	1.0	0.0086628658108294	0.1215861866981147		0
draw2959	2.2933911297	8.08543136325	14.8308760392	0.989419063187	-0.9842728480046748	1.0	0.2974654628624358	1.0766498304337533		0
draw2961	1.79937679289	0.0264687392625	3.07913257499	0.17814579129	-0.1574480219267603	1.0	0.0075310266181406	0.0544846834979567		0
draw2963	0.38607186896	0.594773181939	1.05326666377	1.05906683841	-1.4709645159563394	1.0	0.0268109459778785	0.2033302891251486		0
draw2964	0.518812370526	0.0943907987737	1.37163232785	0.00406836081517	-0.320286649779922	1.0	0.0059320686347967	0.0069846577213949		0
draw2966	0.351488317321	6.56902074746	15.8405565773	0.0276796368541	-0.482872067108395	1.0	0.0873615526544848	0.2455288543483982		0
draw2967	0.295394415419	0.759895141266	0.0401865181338	0.627739133833	-0.3123553117066854	1.0	0.0003756647379014	0.10274664499826		0
draw2968	0.238919161048	0.0998006452904	70.0085657449	0.0501759752096	-0.2797769441917972	1.0	0.0058821328039631	0.0196735262400347		0
draw2970	0.461157938069	3.38220974678	0.213312588237	7.85462436008	-3.2655676974633203	1.0	0.0359277357551434	1.4900263565952796		0
draw2971	0.118816647303	9.85571282509	56.7877543719	0.00582121875759	-0.048079511562259	1.0	0.0088530779250014	1.65002029951412		0
draw2972	5.39131992223	3.61717349827	0.707599541258	1.26535945843	-0.6204549430069118	1.0	0.0199798634833999	0.7191278631253504		0
draw2974	1.90500632015	0.236206793823	0.255967431288	0.00353499557658	-0.043845837219262	1.0	0.009483583290017	0.0649362436200581		0
draw2975	0.191770788937	0.0232290846636	0.0102866749535	1.48045696457	-0.1446304885982633	1.0	0.0080232269867307	0.0594136279819917		0
draw2976	0.070910719074	0.0210862083217	17.2644886248	0.0314467156177	-0.3267859713112978	1.0	0.0088916387107511	0.0174698144378344		0
draw2979	0.0262243425968	0.062502119604	0.325184896071	1.50723873668	-0.0661291811775404	1.0	7.431928747795261e-05	0.0147245336582648		0
draw2982	0.303779939545	0.405351952679	1.76158341516	2.14863206544	-0.0329916549159976	1.0	0.000589637328428	0.0047491117535127		0
draw2984	1.08484246581	0.817266028914	0.351639336845	0.0836403853124	-0.192622751076522	1.0	0.0009733100913381	0.1989557049017676		0
draw2985	0.0472692266791	7.70870526595	0.902732283266	0.0674071735783	0.324039326750409	1.0	0.007259619490146	0.2280345077900786	0.1770770883814939	1
draw2987	0.0636439445019	1.43724615927	0.0891673289073	0.011276572418	-15.94152020301937	1.0	0.1975892786496274	0.2762224670345842		0
draw2988	0.25603501165	0.0366624669982	0.012453495582	5.0391549639	-1.139469383688673	1.0	0.0022645830519148	0.1943059676378151		0
draw2991	0.0255865139858	0.0234777031263	0.0620616259892	0.0966787011795	-0.0492358330680938	1.0	0.0147688216279041	0.0621801746034759		0
draw2993	0.486457109195	0.545434082988	0.0590771612787	1.92933652296	-0.2465968600154599	1.0	0.0008204066849546	0.0517964876912366		0
draw3005	0.0312600596257	6.96560203134	0.176331893253	3.58727914008	-3.73816523318304	1.0	0.0329620127845694	1.3076430438920257		0
draw3006	4.68245294573	0.207052438694	0.0209337789558	0.467688388305	-0.6026380864928966	1.0	0.0804581163642464	0.1843799128303573		0
draw3007	2.3219474171	7.68700979495	24.4247200028	0.178848131238	-1.2361881067663705	1.0	0.308545046030816	0.4836856775021781		0
draw3010	0.0325124719771	0.72250902792	0.0974686224436	3.96235578406	-0.3014337439726491	1.0	0.0015831660116089	0.1053086407110565		0
draw3012	0.0505217894257	1.22237173237	1.73056178163	0.434192048427	-0.4788503432718901	1.0	0.0005959356524217	0.2719356680226865		0
draw3013	0.994072256535	0.344766847973	10.543296311	0.177550199121	-0.5309887516233972	1.0	0.0436409471499273	0.1533446758554658		0
draw3016	0.0885335191544	0.0320289616761	0.0152906694957	0.00474213930493	-0.0129615042479164	1.0	0.0013987230789556	0.0314521828782985		0
draw3017	0.037995143187	0.0610927009238	2.42808023515	2.88878428165	-0.1422191589118959	1.0	3.883621643606725e-05	0.0216714872858325		0
draw3018	0.413508090688	0.0102966952743	0.840407772031	0.0380387662486	-0.2324312420447154	1.0	0.0010200256287616	0.1562541631798243		0
draw3021	0.0402293916085	2.57991710514	0.0418228056386	3.81191506872	-4.392886777044904	1.0	0.1477924520310142	2.383749799976859		0
draw3022	0.134779552301	0.0278118953926	0.550691128738	0.0112257001598	-0.0120152212487323	1.0	0.001860636284332	0.0073025098742458		0
draw3024	0.0236040072539	0.31349327683	20.8671988988	6.14117069441	-0.8356253160300167	1.0	0.029543402446237	0.3690966271463153		0
draw3027	0.393298051302	0.616054986617	9.17738907255	0.168505357747	-0.516037521399739	1.0	0.0169831195492322	0.3456116884948467		0
draw3028	0.0243956069009	1.43387985634	0.143239689125	0.00245387158481	-1.978832096936088	1.0	0.0629270414756262	0.2096758550618614		0
draw3029	1.03529581729	2.53538343131	0.12646715554	0.00190256490204	-0.2954494283831953	1.0	0.0070131552926392	0.3060027573505647		0
draw3031	0.579069015823	1.34558706684	5.59803285439	0.222796572708	-1.2719513474670952	1.0	0.0168690138669971	1.5963563276540425		0
draw3032	0.239432742807	0.04521226245	2.20002901348	0.033728309382	-0.4215265596519475	1.0	0.0048072830051821	0.2099823655116716		0
draw3034	6.06784292118	0.0193757295113	0.0696859590621	0.465422071528	-2.6729558383210303	1.0	0.0025960862964516	0.7692755905314104		0
draw3037	1.40962951911	0.0495414647651	0.0545200527968	2.30030048887	-0.8118800231550475	1.0	0.0163199230660094	0.261158663273482		0
draw3038	0.959885219581	0.0563758367439	91.1967885535	2.82415055506	-1.6362994992345692	1.0	0.0019474598638727	0.0094887929241558		0
draw3042	0.0176867722313	0.379077458606	66.254755784	0.205428195458	-1.4740404437786077	1.0	0.0440212964821287	0.6115931812940607		0
draw3050	1.08843678662	0.45967644423	6.10432694447	0.00500944850951	-0.2403745544561721	1.0	0.0086470165048284	0.0416145165575283		0
draw3053	0.084282555604	0.0157855217158	0.1520011175	0.00511865708437	-0.0409399043344216	1.0	0.0072241042471491	0.0258514345217511		0
draw3056	0.28704272724	0.0126456305456	0.0317543071953	0.380008156723	-0.0241986365943416	1.0	0.0013492884447001	0.0100275815449012		0
draw3057	0.173547803971	0.812377280356	0.206425315762	6.27708325835	-2.32287273265868	1.0	0.0049487874188455	0.2321945156302252		0
draw3059	0.0128293815681	0.136462108772	16.5186439787	0.949342899636	-1.348562851641666	1.0	0.006298090503894	0.042758188015177		0
draw3060	8.82190962244	0.0932552537439	0.235447095523	0.706647234539	-0.0502786746581744	1.0	0.0016020345817017	0.0107718908794247		0
draw3064	0.284409054692	1.58159193443	0.670746313585	0.251640116008	-0.964645856748338	1.0	0.0112088205549183	0.567719221252336		0
draw3068	6.64538250467	0.0246760209723	2.48360872853	6.62806749584	-0.0880482135383106	1.0	1.7206428963702447e-05	0.0026455712281408		0
draw3069	6.03061510531	0.166884503981	0.0567391972211	1.77154400851	-0.4161562569897458	1.0	0.005973516763952	0.1992038560708814		0
draw3071	1.35245917033	0.251010116857	0.247069169304	0.715240213375	-0.0792944042205403	1.0	0.0033379683234661	0.0180120399071971		0
draw3074	5.26631273801	0.0325586623337	0.256739870238	8.74433316733	-1.0359388612473936	1.0	0.0003900742643949	0.039021334769247		0
draw3077	2.95253717119	0.0871947655057	0.0110148403016	0.0457075485272	-0.191399653957785	1.0	0.0009133776035632	0.0239636144827639		0
draw3079	0.0137754222662	0.0332286881313	5.21330265044	0.116592186854	-0.0570158700715081	1.0	0.0005648239003618	0.00887458111174		0
draw3081	6.4577527008	0.0505408964955	0.326677031893	0.425452905164	-1.7946630217818849	1.0	0.000710996384798	0.0178906491049579		0
draw3084	0.0866892217992	0.0947038159267	6.91075607458	1.59051965302	-0.4688041085124849	1.0	0.0035407699726211	0.1403029640391967		0
draw3085	0.0195398091823	0.0392214639254	8.06080847997	0.0323281458819	-53.74218569095352	1.0	0.0638148101504824	0.2285301094433942		0
draw3086	1.29841444656	8.25897763322	1.88224456507	3.59815793382	-2.349616956997142	1.0	0.0012295541377352	1.3317395220531485		0
draw3087	3.8717272158	0.0618017390879	7.54230710956	0.00123259616377	-0.0256384144652125	1.0	0.000542746904766	0.0018636020531453		0
draw3088	0.0254675560024	0.655812786085	0.0828397346674	0.0103493945416	0.0433557657316542	1.0	0.0116341652720845	0.1107757118763238	0.1102752172704979	1
draw3089	0.308390862708	1.15935053027	0.0506286288039	0.0185951927573	-0.2031251510603672	1.0	0.0002842879891487	0.2813106311466038		0
draw3090	0.634949336265	0.0146050582579	4.31498469735	6.26833374597	-0.2652609945584457	1.0	0.00306689543658	0.0230675998897895		0
draw3091	0.056956500887	0.0295885261823	0.376601879934	0.124584508954	-0.0422697139126968	1.0	0.0061927830397688	0.037112628291202		0
draw3093	3.63907913879	0.0646841308104	4.96675390027	2.80909917713	-1.6222525139234256	1.0	0.0095712962006245	0.661496552038203		0
draw3095	1.13768442918	0.035684354523	0.0669199492518	0.1152932464	-0.8241736543313913	1.0	0.0029156461468351	0.7263860799928561		0
draw3096	9.86712377073	4.70787178116	0.0392111974969	0.131015461525	-0.1729443118269973	1.0	0.0433809605491303	0.1332869510315777		0
draw3098	0.0177293190796	0.153861785549	11.0594519418	0.320654318131	0.4277600981577125	1.0	0.0074684600168077	0.0653924295568246	0.0599915154043026	1
draw3100	3.03088378319	0.0727417659848	19.079882967	0.00294339892491	-0.2376149653432719	1.0	0.0019943495138895	0.0096231022377801		0
draw3101	0.368756124511	0.0285551558213	6.41532791117	1.5030892503	-0.1911083361069659	1.0	0.0005016344444319	0.0059349362845163		0
draw3102	0.0296245183128	1.6595188014	0.120617512725	0.0129928562593	-13.566639984310012	1.0	0.2560514544784923	0.6537324479725996		0
draw3103	0.0158243796573	0.345114236513	0.0196446665059	9.25855716685	-0.4910788920057023	1.0	0.0001552464241545	0.1197175964057579		0
draw3105	0.393629321701	1.99166116673	0.0195276833616	0.0981878805763	-0.0674715467350831	1.0	0.0014527524674112	0.0458048049242798		0
draw3106	0.662429180348	0.171947934249	45.0876125876	0.00843085706678	-30.971399366405905	1.0	0.3820373701254533	0.7710363909954087		0
draw3107	0.419955999248	0.0748626080806	0.462959950656	2.08052850369	-0.0600644377020939	1.0	3.363341064454709e-05	0.0156163368714927		0
draw3108	0.654080377294	0.262228809303	0.146528259456	2.60905409166	-0.081058103085943	1.0	5.281459218819567e-05	0.0192080320842346		0
draw3111	0.270706902417	0.125723437823	0.584910490373	0.499541446579	-0.0349194765121293	1.0	0.0034050628006963	0.0206763730320857		0
draw3113	0.018992284374	0.0677024155593	1.14457916865	0.00125657344271	-0.1059215452804679	1.0	0.0188608851788932	0.4063264037902103		0
draw3116	0.618757928708	5.25489709514	0.115335110076	0.032147143044	-3.003492760018397	1.0	0.1815729661449421	0.4229218222541187		0
draw3117	0.0343282407599	0.410403919171	0.0653785542805	1.46378080477	-1.0628449865905876	1.0	0.0003969182149235	0.2203648512875551		0
draw3120	0.0960248358847	0.018183399509	0.243886764937	3.77467887211	-0.773035953111307	1.0	0.0090302763341692	0.1709904911289836		0
draw3121	0.0274188393906	0.0179138975892	53.1198525066	0.0360733616992	-0.1650442937368026	1.0	0.0175279035657173	0.0210058541411093		0
draw3122	0.0479174550458	9.44533369549	0.0238884440527	0.695171501466	-1.801461633652312	1.0	0.1578946335207894	4.003954436366002		0
draw3125	1.93862519059	0.0815390975411	0.200566034981	5.18679749059	-19.375846388287115	1.0	0.0265813454841437	0.036107380944107		0
draw3127	0.265712195938	4.0147686677	0.108616536338	0.00679761888235	-0.5807310091673967	1.0	0.0585266695966824	1.4927140598705395		0
draw3128	9.83172995966	5.29605157528	90.5934867221	0.603972502419	-15.574312668082213	1.0	0.0919922130030779	0.4621698709966415		0
draw3130	3.70414539046	0.0323983653287	0.139527694796	0.088113847214	-0.0549858788303813	1.0	0.0016018774107158	0.0303951492576788		0
draw3131	0.220379333331	0.0380006894408	0.784705743304	0.133912766967	-0.1014732204613995	1.0	0.0134446024741281	0.0646194553171548		0
draw3132	2.76225868129	0.0523626780182	0.0618759004194	0.763830874274	-0.0735875666765644	1.0	0.0003268187063022	0.0089961894193403		0
draw3133	0.0797484353942	0.324333569581	2.65004767855	0.0168493476125	0.1803834260563593	1.0	0.0902779722192757	0.1315165125087069	0.0902779722192757	1
draw3134	0.0327263040158	0.813910640856	0.0159812136242	0.893780620825	-0.6636828183360195	1.0	0.0312738465374853	0.5681138131078601		0
draw3136	0.594245257261	0.0999571145275	6.45160784511	0.0076696598314	-0.2677599800352925	1.0	0.0292572817723229	0.1121111453415056		0
draw3137	0.809987078447	4.08072428644	4.17709937948	0.781209859368	-2.145849747273921	1.0	0.000633559488377	0.3629621851634355		0
draw3138	4.68740908051	0.0173671639789	1.04527438691	0.191487015918	-0.9744448354425522	1.0	0.0006656811058513	0.0906954003413348		0
draw3141	1.00121308558	0.0225126716914	0.172313455256	0.0467754078641	-1.658699972000785	1.0	0.0196808220149633	0.2783873370138534		0
draw3142	0.644767970068	0.0354712588318	0.0631628089186	0.0205161325061	-0.0803240047188733	1.0	0.0040676070117724	0.1423359917429652		0
draw3143	2.4838219028	0.233130605723	0.0435155090446	0.0339036973026	-0.2568147051021988	1.0	0.0215139331446184	0.2149807884284029		0
draw3144	9.63506063373	0.0221171557399	0.127782942159	0.00592211591737	-0.02875179512658	1.0	0.0139675731758589	0.2281611418631402		0
draw3148	0.12804230049	0.274831584398	20.1250065603	6.9014351446	-1.1608818778328809	1.0	0.0022103483979435	0.160147874859725		0
draw3149	0.142579860396	0.0101333555961	7.38187003401	1.34617423195	-4.863625114797793	1.0	0.0057238476475151	0.0877018909928516		0
draw3150	3.35010049858	0.969704266186	0.0194150007274	1.28532662431	-0.2148055027517176	1.0	0.024453789057591	0.0861355696895425		0
draw3151	0.0168696175473	0.364314964418	0.238975952503	0.129723051096	-0.1386893116802258	1.0	0.0001498965080494	0.037007363472305		0
draw3152	0.15200898484	0.0171956624528	3.10819097105	0.0065824311347	-0.05587515049109	1.0	0.0231970359667538	0.0702543234296552		0
draw3154	0.803370255486	0.0176318144301	29.9757921584	0.135540815557	-0.0247784881304523	1.0	0.0008088884483049	0.0008648327876165		0
draw3157	5.08423068104	0.120009584535	0.766414711438	0.332150779112	-0.6173666370084218	1.0	0.003610394162517	0.2200217565165538		0
draw3160	0.0539671484863	0.136956078857	3.71594398694	2.19618376592	-0.1342436558028125	1.0	0.0001168051999088	0.0651092869208884		0
draw3161	0.152447261926	2.11734340919	0.0641371496859	0.181714966892	-0.8617933092414191	1.0	0.0055303781482974	0.697356306487666		0
draw3162	0.334448297365	0.632678239657	46.3672374642	0.0252689138876	-0.3789512019684424	1.0	0.1128686262280515	0.6780198518753889		0
draw3163	0.0182421753095	4.04690979489	19.25565371	0.324779179424	0.0581426301428833	1.0	0.1061576310844834	0.5376730157388014	0.3430412761318133	1
draw3169	2.74696222601	0.339118710155	1.50916475749	0.0445985658676	-0.0283565320665088	1.0	0.0015320018706493	0.0705594123078653		0
draw3172	0.0296827684037	3.69324254522	0.230412048862	0.0556195499809	-0.3224605808524895	1.0	0.0042730075336906	0.5878739701488948		0
draw3173	0.309461175251	0.511997088677	39.5814092363	2.86135707239	-0.2852499369467255	1.0	0.0002295206518376	0.1042694230548102		0
draw3175	0.013112742473	0.0214964459816	0.0149794546985	1.21188052519	-0.1172893411198636	1.0	0.0002515861194704	0.0197356242136506		0
draw3179	2.82775165021	0.0204801223723	31.9919756334	0.00445661361832	-1.1187402024758366	1.0	0.0479390929401096	0.088889147137219		0
draw3181	0.168804672539	0.11229864536	0.0588662201704	0.00530614287348	-0.2184131174533946	1.0	0.0076210416470098	0.118082182758629		0
draw3183	0.893890982751	0.0194166862011	1.76990852124	0.300518350599	-0.0367967484750807	1.0	0.0025157289236787	0.0033550260118675		0
draw3184	0.154138706167	0.0198233739462	0.113347209948	0.156157137562	-0.1276225137633798	1.0	0.0001046525006032	0.0409602516507077		0
draw3185	0.0865732775053	0.541231913463	1.138314974	0.0021656585513	-0.2654818193473305	1.0	0.1079242761993143	0.571928399557354		0
draw3186	0.0553468505399	0.0224648636732	34.3278010065	0.11634689362	-1.2520470024958386	1.0	0.0013060410820391	0.0056696699620825		0
draw3187	0.81333853927	0.211617075381	55.631927949	1.87007541793	-2.0433278317293806	1.0	0.0029805232516481	0.0414144269611124		0
draw3190	0.157830558778	0.115180332989	9.79127107323	1.81713919124	-0.2232950140977696	1.0	0.0030670209084229	0.0775509280275446		0
draw3191	0.619174361789	0.136662980898	0.628607586911	8.34881443589	-11.160558070430596	1.0	0.001508150211265	0.4125202037274431		0
draw3195	0.0733482901631	0.0157424844394	0.433425772255	0.0175112121901	-0.3607262245681646	1.0	0.0079342072210127	0.6305878734127847		0
draw3196	0.522896823248	0.0301563645677	1.00317985452	0.149596539598	-0.045484227938638	1.0	0.0001440785241641	0.009382359693968		0
draw3198	0.145882655733	1.18405389994	19.1782010195	0.0324039460592	-0.1677316908029633	1.0	0.1859071506400667	0.4879571619943851		0
draw3199	0.520242420662	3.59033174965	37.1408191296	0.00636819742498	-0.1058371865050734	1.0	0.0230218182618548	0.0507366110910519		0
draw3202	0.0189690733243	0.0108877506705	46.4018238687	0.060428488717	-0.46178245373604	1.0	0.0016520980984126	0.0167343582371203		0
draw3204	4.62877754571	1.76021527168	0.0367524408924	0.0691351888417	-0.0954680105394902	1.0	0.0003380919753802	0.0298207012236374		0
draw3205	0.0483623516098	4.20972322195	8.69426378392	0.094214564428	0.083684387575069	1.0	0.0257711671951025	0.4147601064350854	0.4146415595241701	1
draw3206	0.964274991578	0.0486581164455	10.9165503849	0.472702262261	-1.43730678329206	1.0	0.0083305849013912	0.1666729966978308		0
draw3207	4.00919196429	0.127735606449	2.88076898528	2.17651796763	-0.1582025062990295	1.0	0.0104612332295878	0.086114562425802		0
draw3209	0.201619579436	0.0118884044644	0.327241366341	9.61128745031	-0.0729615197898668	1.0	0.0070543740406382	0.0429010588052291		0
draw3210	0.124943354249	0.0331813160706	0.250027306666	0.0171437620219	-0.7246079755540823	1.0	0.0204940695418895	0.2854551696601738		0
draw3211	4.14457418938	0.0967003036794	0.014407367934	3.31828127281	-4.715422263618964	1.0	0.0020624505677845	0.118005664199989		0
draw3215	0.319517204369	2.59682360611	11.97026913	0.00439590211875	-0.3537785586793113	1.0	0.1036785666908296	1.0803669447413096		0
draw3216	0.179011456111	0.0472608780029	84.8817491312	4.74840816102	-1.2735482079407872	1.0	0.0028860036257256	0.0068990634667816		0
draw3217	0.0184014541026	2.72827271292	0.0859933131327	0.100954961228	-0.2409164052721792	1.0	0.0137801807697705	0.335442965412018		0
draw3220	0.0103967351251	0.0541945581413	0.100550636254	4.66018387079	-2.482581130753041	1.0	0.0069771851379426	0.61082766519372		0
draw3223	0.26292063645	0.684710886637	44.1491530807	2.37721832745	-3.1880023715661063	1.0	0.0145137902881382	0.3388868242811014		0
draw3226	0.0271075212296	0.129286672272	0.0181721109778	0.0424405273762	-0.1438110734119652	1.0	0.0936519080058627	0.8084997148224945		0
draw3227	2.2646478261	0.207774602775	0.571549819873	0.11019552407	-1.9435098788647864	1.0	0.0005003428851046	0.1625934952121003		0
draw3228	0.0465058985922	0.178738682068	73.5399283044	0.0710978911688	-2.363478956770617	1.0	0.0221436359262481	0.1055460132993939		0
draw3229	3.13803736966	0.0276847281454	0.0933175692405	0.038645144837	-0.1320845964105281	1.0	0.0021422581008906	0.1119845917777286		0
draw3230	6.20557971586	0.0325272246359	0.54002385113	0.0311592967559	-0.0682213875050779	1.0	0.002805304016382	0.0055180833057435		0
draw3234	4.01335988524	3.16467313412	0.261660723494	4.11264409314	-1.0314716887923	1.0	0.0197870837729294	0.9897228729745488		0
draw3235	0.155938034271	0.0683381777781	0.0723253073956	0.0320592122123	-0.622710757876368	1.0	0.0049363450269313	0.0343878823183076		0
draw3236	6.97910599076	0.514969177807	53.7575519667	0.00367092406312	-0.1370023041876185	1.0	0.0069617164639213	0.0146933117155938		0
draw3240	0.0108441381129	0.0123006769873	58.9104301091	0.0872936901409	-0.4996825878065243	1.0	0.0022633808673891	0.0115777876923725		0
draw3242	1.44203927648	0.517332579097	1.03731475511	8.04063787045	-0.1462140825423681	1.0	0.008162878367747	0.0576339067658073		0
draw3244	0.0951489320563	0.0661433894879	0.194226578312	0.103389085706	-0.0276449128266854	1.0	0.0225903135178388	0.1790611977005711		0
draw3245	0.0175599560977	0.0341937741654	0.14092677497	0.173931397612	-0.2445924891910356	1.0	0.0096316920693925	0.1460595165266278		0
draw3247	0.0116576464685	0.0419662075031	0.487967567696	0.468415457219	-0.2288168336190138	1.0	0.0081759622047141	0.1592913451646097		0
draw3248	0.261766379504	0.194618840813	18.1546458736	0.560417945173	-0.554651231278137	1.0	0.0072933544574738	0.0634172978161875		0
draw3249	2.33866291007	1.47374788941	0.0151625925427	0.0306200093971	-0.0713720411882862	1.0	0.0001158721368146	0.0597426381780684		0
draw3250	9.40610585923	2.95000582034	1.16328047966	0.0435438841925	-0.2189242857346385	1.0	0.0103456931917894	0.3999143355030267		0
draw3251	0.0180142082838	0.107098582374	5.02193216793	1.5335143876	-0.7060968159454907	1.0	0.0033693928317756	0.2310530256698847		0
draw3253	0.118126300554	1.1612570413	0.0781187530606	0.478759091471	-0.6818361897091864	1.0	0.0003950117757803	0.3966834043664209		0
draw3254	0.0167641194219	0.0518449093738	0.063081851078	6.52022214457	-0.1961283979587237	1.0	0.0334556968012758	0.2129520277473516		0
draw3255	0.0506112177668	0.747324363559	54.3970312197	0.572528398942	-0.5686579315896975	1.0	0.0432987938082017	0.4644832478711058		0
draw3256	2.0442717697	9.55450085577	1.46436035973	0.0010232366031	-0.3547053905184149	1.0	0.0134527932232707	0.1741297273273196		0
draw3257	0.0382419532729	0.0123289044519	0.0249141951873	0.0238645424324	-0.0469450092948514	1.0	0.0108270602383326	0.0644065234519135		0
draw3258	0.243535105011	0.0537177153847	41.5430266783	0.0950696579151	-8.214286696914701	1.0	0.1200331833398839	1.3836350326038132		0
draw3259	0.782652193015	0.0592476917749	0.0132721836121	0.00534744078384	-1.3994132735922813	1.0	0.0576197694804807	0.1268289437830551		0
draw3260	0.193368973392	0.388375686093	0.412568977538	0.197343506481	-0.1718804085678261	1.0	0.0023150429362372	0.2894867004868637		0
draw3263	1.64683249989	1.6087445509	0.3172999263	0.273787782005	-0.1781053798134886	1.0	0.0297254752788322	0.1534954456946741		0
draw3264	0.108519565061	0.0114413415947	7.22966689913	0.0013084954044	-0.7588356596400353	1.0	0.0273855327298716	0.0708640951937714		0
draw3265	2.22891064981	0.0893530376209	0.0337245377166	4.49714553838	-0.3563639697042328	1.0	0.0072201640580814	0.1451995875705466		0
draw3266	2.31622275676	1.01149317751	0.242906171281	0.028808915298	-0.1010826830603091	1.0	0.0167679069114372	0.5434509343432722		0
draw3267	1.90805586241	0.0346402146568	68.3978226438	0.250456358634	-0.1831328023166272	1.0	0.0007985948741422	0.1131352755711962		0
draw3269	0.485027904713	0.0641759565595	63.387946897	0.0526917694806	-7.605414842170009	1.0	0.0044655518208862	0.0044782012367416		0
draw3270	8.05599733532	0.0229699876139	14.6225230493	1.29476411149	-0.0716329285939039	1.0	0.0004549903836691	0.0010079276896831		0
draw3274	8.52272889156	2.15662729825	0.847719707996	0.739769871039	-0.0581647853495686	1.0	0.0004129725941034	0.0104982715346707		0
draw3276	3.74845484374	0.385282128905	0.0365972639929	0.82414538504	-0.1230953894499145	1.0	0.0001249994163268	0.0235959779676458		0
draw3277	0.0180996300583	0.068170406038	0.271458196251	0.0475167487803	-0.0779438802596899	1.0	0.0020390231653209	0.1711729645468248		0
draw3279	0.344195269589	0.0719490411654	7.19276379493	0.00489069834311	-0.042899238576664	1.0	0.2685148786427087	0.49759425241018		0
draw3282	4.51269895089	0.0775605743241	0.385201451588	0.00307643286839	-0.4412125112189969	1.0	0.0780097371490323	0.1078538323916406		0
draw3285	6.05185797466	0.0919505620884	0.695489406033	0.207223019775	-0.129739289389635	1.0	0.0245302477172509	0.3618727262809943		0
draw3286	0.897219839173	0.0381870551905	3.09228050349	0.342429226562	-0.0341290338944371	1.0	0.0177567458965144	0.1089920914631691		0
draw3287	0.051923022206	0.0525404658141	32.1555673253	0.220743758856	-0.0146751357077671	1.0	0.0021089062035928	0.0143886048193666		0
draw3289	0.0894397522578	0.0521548140052	48.484028107	0.0181853408535	-0.5336843868079013	1.0	0.0071616962493345	0.1873959318577022		0
draw3290	4.36034387646	0.0598523408119	3.45163898547	4.40858995752	-0.1918617048702555	1.0	0.0178065075497978	0.1305942316796596		0
draw3291	4.10768075573	0.0705052133687	0.011390964215	0.00354892937131	-0.0186722599334313	1.0	0.0211645569486548	0.2694542915368518		0
draw3296	0.0105045242413	0.0194035071818	0.0295553850818	0.407255294587	-0.3153063601294892	1.0	0.0003636702395607	0.1045269998740759		0
draw3297	4.38701229024	9.49388922951	0.180474588181	1.27731550462	-0.7690792141773094	1.0	0.0452759776533121	0.2525185290271087		0
draw3298	0.928593853141	0.0184137365334	0.0292602750765	1.7573186809	-0.1004261849761641	1.0	1.1360544161874496e-05	0.0026746007471298		0
draw3300	0.0131374265441	0.0924204902337	0.0352479495963	2.29825740087	-0.4633817085071576	1.0	0.0003023735779388	0.1367757706221966		0
draw3301	8.13217401652	4.92727517815	2.30509821013	3.16275994402	-0.1055393407454761	1.0	0.0050311885611168	0.0219995717628361		0
draw3303	0.0821051349536	0.408411823792	0.174334996331	0.0114674502016	-0.3936547938547045	1.0	0.1144737931715052	0.6024711354361988		0
draw3304	2.79379915021	0.52554617212	43.9551072418	0.1071464377	-1.02350128333965	1.0	0.0075931625141974	0.0158821004517873		0
draw3305	0.0969315452586	0.0295318832161	0.837595934125	0.00363522716504	-0.0932690609855218	1.0	0.0143527345591929	0.1518643516644051		0
draw3306	7.23329541094	0.395677036865	47.1648096829	0.0746550140202	-0.0471084523847384	1.0	0.0003359677851147	0.0234008584264529		0
draw3308	0.121870522439	0.537430160919	1.18707719641	0.109678577553	-1.945142750094297	1.0	0.0444136184523107	1.9080013907011264		0
draw3310	0.265122725194	5.96710209629	0.0116127336454	4.23143111855	-0.7451058302927912	1.0	0.0048681263767198	0.1714330633481024		0
draw3311	3.18915682952	0.313816338549	1.91997259513	0.275518474167	-1.1345095039914987	1.0	0.0065581284886171	0.0770328422380842		0
draw3316	0.0200705624726	0.974053771643	0.0746059125979	0.142371314553	-0.6475753434144815	1.0	0.0189892709236945	0.1582246748091599		0
draw3317	1.21931344522	0.0199762551923	0.0350057599972	0.247886574496	-1.6598614304328596	1.0	0.0092788900737767	0.3482849298535964		0
draw3318	0.526391768911	0.254141756986	0.0289220341721	1.56381759485	-0.4172796639282307	1.0	0.0061313686063708	0.4914940246447289		0
draw3319	3.43357002912	0.0163351351942	1.42930529816	1.06896476597	-1.334187791116893	1.0	0.0005365876004184	0.1337840420249889		0
draw3321	1.42336869462	0.709052583427	1.65853731031	0.0285216625673	-0.3689255417957572	1.0	0.017137463684338	0.1526691856681423		0
draw3327	0.0310690014076	0.0799677928688	0.437005301941	3.43054093554	-0.2001287491749651	1.0	0.0065422969355588	0.0312233239990128		0
draw3328	4.55171124299	0.0552745963312	0.266480007576	0.00160094378135	-0.0407470514524646	1.0	0.018441455676846	0.0578316127838122		0
draw3332	1.36664538633	0.130795241883	0.164615251726	2.2205067094	-0.9271070600639272	1.0	6.476969250200339e-05	0.0389386365276917		0
draw3335	0.893164190845	7.26589559755	0.030405145099	0.0265707173409	-0.0349717478639098	1.0	0.0001762258223415	0.062302456256562		0
draw3336	3.65092974812	0.428402369585	22.9940849844	2.01348941397	-1.4033717737995817	1.0	0.0141787956638845	0.0167474974457499		0
draw3338	0.472621124676	0.150954585431	1.34264440929	0.543751627443	-0.1086720131296141	1.0	0.0390015354212752	0.2149875982897064		0
draw3340	8.90951041185	9.15964562044	0.0399489783813	6.09411304248	-0.914732987510002	1.0	0.0681423695409748	0.3016443068641053		0
draw3341	2.53517370543	0.212431436675	29.650809611	0.00908610359764	-0.0306033766643005	1.0	0.0001556143272651	0.0042050041368241		0
draw3343	0.0959307412755	3.76605674983	0.0114274182294	0.0580890448764	-0.5153801912359397	1.0	0.0090043160290867	0.5756654583107773		0
draw3349	0.0103084295867	1.81642164882	78.8214541821	4.55481792835	0.9661001362304924	1.0	0.0026700549605147	0.176853433083148	0.1630971008074399	1
draw3350	0.822490074119	2.427275058	0.0494247810594	0.00603261300989	-0.5124530342275921	1.0	0.01155452253109	0.2303417650671713		0
draw3352	0.0895782183982	8.205877396	0.0237348745704	0.0608348460092	-0.840276438863348	1.0	0.0042645674081768	0.6055657076712305		0
draw3354	1.2450145291	0.0732897000363	11.8574494862	0.00403641354937	-0.0765082433348322	1.0	0.0094735621790039	0.0190307511437985		0
draw3356	2.63404830254	0.0465370311699	10.707828814	0.0139752967579	-0.0213245003043885	1.0	0.0014062346939592	0.0015305539390092		0
draw3357	1.52823028639	2.97448758729	0.0133071725915	0.00386676325932	-0.0775954177487653	1.0	0.0235809377069476	0.1434578815901564		0
draw3358	9.61511644388	2.61305571606	0.0385539227308	7.45847625166	-9.097643753103185	1.0	0.0052890772388938	0.3338014767014183		0
draw3363	0.0222132322637	0.0159654590174	70.9003161923	0.0439931673896	-0.0617293486940909	1.0	5.490961892057135e-05	0.0039146244765345		0
draw3366	0.628900754088	0.123659862791	0.0123640356116	2.12250632395	-0.7278407009642419	1.0	0.0147012429373567	0.2996046478986783		0
draw3368	0.0259901853136	0.195135452159	0.111474593342	0.00463053489002	-0.0934985117473841	1.0	0.0014832628722751	0.2545256383349493		0
draw3369	5.602512431	8.80861521062	18.9135922717	0.0119793446308	-0.3754126921124218	1.0	0.069043514793015	0.0787856114752117		0
draw3374	0.268208531694	6.37175347757	52.8279809739	2.32488664582	-0.9349247546513898	1.0	0.0092343591530826	1.0626672636290138		0
draw3375	6.28898923804	0.0371079756572	0.0569671154492	0.112884311248	-0.1006489568734932	1.0	0.0120290513398502	0.0402301500460259		0
draw3376	0.331668021121	2.66616762188	28.0460537481	0.00393129781264	-0.069636505905205	1.0	0.0176588889553111	0.4860899162135517		0
draw3377	0.0327729638013	0.330993169406	0.028972326663	3.9729937765	-0.3507177985921412	1.0	0.0042320878500722	0.0606120599295432		0
draw3378	0.363208884895	0.0222172690557	0.592257093923	0.0036780231894	-1.4720731757220191	1.0	0.0163170029952273	0.2615106081640754		0
draw3379	0.0942956506869	0.198759198086	28.2729576189	0.399277594678	-0.7131179357903952	1.0	0.0102376966276466	0.0778641359742389		0
draw3380	0.0250180740489	0.0155930762107	0.424787862052	0.0262681049479	-0.0397145895721764	1.0	0.085944670917356	0.3715262977577761		0
draw3383	6.07403612992	0.734162601472	0.355716276215	0.00113497286867	-0.0870416983746641	1.0	0.0058524720842488	0.1741884960733285		0
draw3386	7.04126986675	4.60578665434	19.5739313168	0.00990745824024	-0.4552290690564543	1.0	0.1072401040711641	0.3706107645553587		0
draw3388	0.506720120945	2.36591123872	0.0154656726454	0.0391520679579	-0.5229812233874692	1.0	0.0688431149824746	1.2783586852820403		0
draw3390	0.016580468767	0.578071748999	74.5719366693	1.01836572164	-0.7951040443571386	1.0	0.0354551417657532	0.1339377332444604		0
draw3391	0.102603933361	1.420104141	0.0998420345407	0.0269426030931	-0.0296707655202957	1.0	0.0022138343405013	0.160366494129178		0
draw3392	0.571199031482	8.04601030249	41.7544109636	0.311579743642	-2.1211985998683005	1.0	0.0008002066789325	1.0833387265679455		0
draw3394	0.138967622925	0.0364595047068	0.699085663778	0.00325941217199	-0.0518964289564519	1.0	0.1916538246073796	1.170247637217647		0
draw3395	0.135375500787	0.43714405259	0.430839302483	0.0730841591258	-0.0764868805957034	1.0	0.0010255621560176	0.0476282875029017		0
draw3396	4.89502686253	0.0299314453759	44.6856900199	0.76768843255	-1.5734764926034426	1.0	0.0004391191179562	0.0585458806652083		0
draw3397	7.38324622007	0.0150548106988	1.87256905615	0.972256929594	-0.1249221468432577	1.0	5.54590793014765e-05	0.0606145612890379		0
draw3399	0.403190287426	1.80893145593	12.2831881561	0.264093582605	-0.0758526991273674	1.0	0.0017657669812009	0.0669744425809642		0
draw3400	1.69628028009	3.92239412516	1.44896798497	0.0253989745348	-0.088006323048037	1.0	0.0096902746997912	0.1727645602565182		0
draw3401	0.713109605255	1.83521853888	0.135798690984	1.43350677999	-0.303038400092218	1.0	0.0004872041365436	0.0957920046637139		0
draw3405	0.0745218667956	0.361195367897	1.46944167868	0.00511174250252	-0.0549402063365903	1.0	0.0459262471203014	0.3097959216817825		0
draw3407	0.0104237871248	0.0114295157136	24.1838242268	0.0560301998386	-0.0479494686378949	1.0	0.1639186644785014	0.5160616113004899		0
draw3409	0.129666824717	0.305274330742	0.64730792289	0.0621726740337	0.0091932204397455	1.0	0.0025923731763158	0.1651775596208234	0.1561547828159278	1
draw3410	0.14890140845	0.0105296351569	0.771430101416	0.16771700324	-0.24991202214923	1.0	0.0158475118577905	0.1427647035677912		0
draw3413	0.015235277299	2.83802632806	2.50640041768	0.058025558291	-0.0575626350927687	0.0	0.0773395935587441	0.077339582949065		0
draw3414	1.27168415297	0.491688841377	1.86277143252	0.023448851709	-1.037251453534393	1.0	0.0272543026512274	0.3039808482203682		0
draw3417	0.772433228887	4.63064283601	92.7566771237	0.0165540943826	-1.7440147849825989	1.0	0.1246004263255219	0.1739046968224068		0
draw3419	0.0152599801649	0.0848238358433	0.0119812258561	6.16201370823	-2.4772113282741466	1.0	0.0491621653704692	0.1953641385926842		0
draw3420	5.88972193112	1.20402623568	4.75458182254	0.0156029564379	-1.6378536831354875	1.0	0.0067764141534432	0.0470722521346136		0
draw3421	1.009820996	0.150690035195	2.33716754515	0.317528345737	-0.2580233437230421	1.0	0.0022365492695098	0.0676860517381243		0
draw3422	1.58963631732	1.38082776183	74.8508416379	0.202479846198	-0.9263698791164507	1.0	0.0300033626271807	0.0621465665778303		0
draw3423	1.75762609797	0.852151517301	5.97728719531	0.529760660348	-0.5071349915326085	1.0	0.0414691800462657	0.1137371066734608		0
draw3424	5.31613583272	2.42203470961	85.9700454298	0.00278852986713	-0.843670647282988	1.0	0.0024405224475631	0.0265891574398642		0
draw3425	0.991402645396	0.0194616198242	92.6083675236	0.0713029031512	-0.0912525621188884	1.0	0.001848346306962	0.0044617803168758		0
draw3426	0.438368337415	0.178167208571	96.6811341658	0.90972396005	-0.3242208160620438	1.0	0.0213852178584694	0.0438720454495799		0
draw3428	2.96207901265	1.1688556788	0.938466726637	0.651969733731	-0.3875988266942728	1.0	0.0008712614222348	0.1840858039574096		0
draw3431	0.0284951636993	0.0102922969503	0.0284094849346	0.75821937511	-1.1643831124564243	1.0	0.0020263766892736	0.1869210119654379		0
draw3432	0.0183434258491	0.0394792021599	4.96193086474	5.56944149382	-1.1231530877575575	1.0	0.0168701046579085	0.1715924132681147		0
draw3435	0.0159000340236	2.88633473049	0.183838343888	0.0212692151354	-0.2592550245020789	1.0	0.0026768463589501	0.0717560383531384		0
draw3436	0.0222964096571	2.41438959469	2.34877271359	5.49236231951	-3.536699054913127	1.0	0.0092132548680617	0.2229100745566552		0
draw3437	0.144825732208	0.0215401818901	0.100575044915	7.09470462501	-0.2942886402575847	1.0	0.0061799451532426	0.0709965072180942		0
draw3440	0.0239876750536	0.396877561679	23.9437578017	0.420586716211	-0.6322269266523725	1.0	0.0039436986468822	0.4792927599180717		0
draw3442	0.447188217246	0.181671716798	3.73482740367	0.721376383241	-0.5490796334430346	1.0	0.0020377120114765	0.0919930970317067		0
draw3444	1.73284776892	0.0118409212493	10.4852574506	0.669620568582	-0.0141655373572996	1.0	0.0100376846867992	0.0214119413695694		0
draw3445	0.114829667598	0.0182270872518	0.0129896574841	0.575452782361	-0.4676372171848497	1.0	0.0021144974049712	0.0796831146087641		0
draw3447	4.10842595025	9.18798324858	66.5680099212	0.00197201499044	-0.0904225280916718	1.0	0.101425674343084	0.201531981085627		0
draw3449	4.96921509405	2.18245829794	6.60297595262	1.86347360014	-1.3865647625844162	1.0	0.0083397922131058	0.3844571739992233		0
draw3451	0.705763758677	0.581766797324	2.34106451382	4.76426003754	-0.328750881410317	1.0	0.0421180060804463	0.0774677085255776		0
draw3452	1.4465213686	0.072035231768	29.7262885614	0.101521752903	-0.2376725749153626	1.0	0.0001505203498106	0.0269812404597711		0
draw3453	0.291748664223	0.753725522481	0.0477710475241	0.0145857487892	-0.1448537454897898	1.0	0.1294234221424297	0.9619414953950844		0
draw3456	0.0388243354754	0.297259192766	0.337067796479	0.00168553213036	0.1990979514438748	1.0	0.0056083609089003	0.1317050868970965	0.1005440745633045	1
draw3457	0.0230201412383	0.0293751183302	0.219071148239	0.911773420658	-0.8662901815094971	1.0	0.010876928221693	0.3107278564577865		0
draw3458	0.06653521475	0.918916343398	21.2164022132	4.17973616834	-0.185849289040896	1.0	0.0052415012480375	0.1019771515724407		0
draw3459	4.83577476753	0.779810065866	0.0138576711699	0.00985230480477	-0.5158341991113056	1.0	0.0014025686481822	0.0427112872718836		0
draw3460	5.15841253263	0.0761313981808	88.5930676877	1.42018459837	-13.839564522969315	1.0	0.0035627404240162	0.0053742315923581		0
draw3461	4.87353996082	0.160209091755	0.26807555262	0.242025521161	-0.1337379780677174	1.0	0.0018359318502771	0.1832157377711202		0
draw3462	1.67652986928	3.40699962599	0.0996875797949	0.00323180760145	-0.0672393448314077	1.0	0.0155974045200432	0.2089315898041708		0
draw3463	0.76320363565	0.0728673607105	0.0236909681011	1.26115482007	-0.0156010179955388	1.0	7.284625065722603e-06	0.005005356138331		0
draw3464	2.405011708	0.0561570741369	4.23364555281	0.0235312028243	-0.0817452868390534	1.0	0.0113278601212047	0.1817597576580661		0
draw3466	3.09389193706	1.72039678616	12.5737127289	0.178534448403	-1.8659840613056304	1.0	0.018403997444223	0.0768254581580474		0
draw3467	0.0148504299155	0.0700345177914	32.6399965166	0.27734003503	-0.1440892682935478	1.0	0.0144461772786305	0.1060656427420064		0
draw3468	0.0823235326205	0.664744044838	9.48744409474	0.369116389646	-0.5352037683375616	1.0	0.0486835166093145	0.2567966805577336		0
draw3471	0.0139215747553	0.0566322310845	2.68093414578	0.258097058262	-1.640872761782877	1.0	0.015794099162685	1.1444380901100424		0
draw3472	4.4080824045	0.522561030948	2.56807707151	0.156265738301	-0.619823515652048	1.0	0.036807843501022	0.2782600073168714		0
draw3475	0.0416869803738	0.663134072193	0.0439256040845	0.00278250425358	-0.958268379978783	1.0	0.1508944535243125	0.5820729813426233		0
draw3476	2.20384120187	3.25100178112	1.39367004071	0.00321399426449	-0.1247682096651615	1.0	0.0027699070623273	0.1035294132575408		0
draw3477	3.61131785003	1.77388309888	0.353773286059	1.29660574956	-2.555304204061804	1.0	0.0330885945270163	1.549296618726469		0
draw3479	6.26457466664	0.0269660083967	13.9778512287	1.64252167452	-0.9808993114058258	1.0	0.0103936914410906	0.1274422275947165		0
draw3480	0.064978945155	0.178704989677	6.4635279572	0.00773851181812	-1.0816370048158277	1.0	0.07703126830883	0.0803223082728042		0
draw3481	0.0372538125996	6.4095684786	42.6598114828	0.885829735379	0.263033210799329	1.0	0.0071423634471148	0.1930283487913541	0.1773438873233288	1
draw3482	0.550641154529	0.0249967003332	0.952713999311	6.80297329871	-0.392013564993932	1.0	0.0005184956126079	0.0266913870753531		0
draw3483	0.210759971176	0.0166130757719	2.15729286542	0.0419374140271	-0.2480274582752764	1.0	0.000165285882203	0.0342917091623655		0
draw3484	0.516410006477	1.24802257442	0.020195479409	0.629359538923	-0.5255427440718722	1.0	0.0025735882612861	0.1322661390510886		0
draw3486	1.94724954335	0.747849925091	10.6887721793	0.394837243299	-0.4757168974807161	1.0	0.0026186433805321	0.0521019080325877		0
draw3488	5.01811863725	4.43307261118	7.03685702975	8.62998268355	-0.3658362551698366	1.0	0.0545467505577041	0.0738581336177571		0
draw3490	1.30449269824	0.090456785311	42.3756795819	0.0308767855142	-0.313412012920148	1.0	0.036114973161503	0.1512217459714816		0
draw3493	1.09865988561	0.231374707547	6.02997022436	0.402712938673	-0.1655662510761298	1.0	0.0016999563740778	0.0437147263585042		0
draw3495	0.0893131062014	0.845754334069	8.9339605136	0.00696325342951	-0.2007506456862836	1.0	0.0108038268801443	0.0681699210423174		0
draw3496	2.64247548936	0.0706466685108	1.42683395164	1.11495933973	-10.139248213274158	1.0	0.0033661962815052	0.7246688121025758		0
draw3497	0.0907142370807	0.0479494649677	0.0992657628592	0.00769202354701	-0.2788424202192853	1.0	0.0479975267878253	0.7547473194426895		0
draw3500	0.564441187448	0.0577070908598	24.998175594	0.0811564780934	-0.7912790833321213	1.0	0.0574041267909511	0.1718269187629811		0
draw3505	0.574510912313	0.0113257719796	17.5212959082	0.00650298202168	-5.289754673967213	1.0	0.4726010778435708	2.616861232647661		0
draw3507	2.60600868032	0.22366421444	12.2395005372	9.11816067199	-0.2128461920463205	1.0	0.0006176427391993	0.0026382650074376		0
draw3512	0.347788282504	0.143536597412	30.1949928681	0.0415718690922	-1.2118686865957626	1.0	0.011531577792928	0.0339368281775753		0
draw3514	7.53153378544	0.380851161875	0.0164921827781	1.04236138012	-0.6719690649742167	1.0	0.0080380028166677	0.0087832376260265		0
draw3515	0.0108177425604	3.14796609466	1.38723177173	2.0447168619	-2.5477648006781344	1.0	0.0064095058180817	1.1420572073418571		0
draw3516	4.44671283494	0.072333726167	0.201079235757	2.07208135113	-1.1019783363039348	1.0	0.0170378715902066	0.924879022677114		0
draw3521	1.43357376675	0.186448826097	0.0213065766026	0.00210929719196	-0.0154659512053833	1.0	0.0009225613856421	0.0158397949305062		0
draw3522	6.09318751837	0.105882399894	1.2543183614	0.00355368584976	-0.0322023900385708	1.0	0.0107283822557303	0.0581201755763216		0
draw3523	0.0200261888913	0.0144393873011	0.0106054889071	2.27773102862	-0.0136757416388963	1.0	0.0139671252481668	0.0581799828613256		0
draw3524	0.072632982559	0.317155465911	0.025546278781	5.80498133922	-0.5211960622961159	1.0	0.0008055264626039	0.3226849358455289		0
draw3525	7.96880127617	0.0211173074142	23.158092877	0.708099033209	-0.1493599513957934	1.0	0.0009006337247614	0.0011544410762663		0
draw3529	0.0135199972491	0.0220364135053	33.2541438689	0.0633007237591	-0.1664489601786266	1.0	0.0019726987196243	0.0031535235350335		0
draw3530	6.19245223562	0.122058509325	11.2477080749	9.69550016101	-25.2079008136157	1.0	0.0027969769121873	0.1386760692901941		0
draw3531	0.0400396965336	0.180321729327	7.12524208162	0.055317016761	-0.170097118133617	1.0	0.0102307813089832	0.0522471051936967		0
draw3532	0.156764858734	2.10039600021	10.6804510513	0.194212642564	-0.0614277719863638	1.0	0.0053197491027435	0.1021971222161269		0
draw3533	0.0113698973548	5.97650819302	0.025652482392	0.00920207303813	0.0432441847954734	1.0	0.0240065732827421	0.1251558614230869	0.1110415769112902	1
draw3537	0.833085819809	0.0580974177752	0.347327400342	3.18211840393	-3.846964496394028	1.0	0.0132609486923568	0.4823516933406762		0
draw3539	0.086039293006	2.53686939886	3.52892698922	1.31680199854	0.0316925195496607	1.0	0.0027570843977692	0.1214720636960552	0.1148451741522012	1
draw3542	0.749402363391	0.213076921854	0.14582259326	0.00543015888021	-0.2677535178564914	1.0	0.0265676382308194	0.119431704892916		0
draw3543	1.92952299954	0.444295545364	0.139098820981	0.199569648573	-1.5279007888125316	1.0	0.0131047551554536	1.7326613390634409		0
draw3544	0.218191893205	0.0302737918719	30.8687444775	0.241646883368	-11.331799204831077	1.0	0.018911737884319	0.0807763853074123		0
draw3545	0.0545307483226	8.49872411005	0.0475891131296	1.36283919259	-1.2287019492106173	1.0	0.0225703227168341	1.204396528355959		0
draw3546	0.0725107948536	0.167554431074	0.0137911146642	0.0208814542263	-0.1311249867787781	1.0	0.0035584530023457	0.0245993167313089		0
draw3549	0.202078631626	0.0507915419456	1.02079178843	0.375759574385	-0.0276217302733261	1.0	0.0010365002261351	0.005914620592213		0
draw3550	0.0460423903859	0.0116648962111	0.058343810213	0.00184236704395	-0.0074047480626568	1.0	0.0048322447395584	0.0342397030637504		0
draw3556	0.0674986516403	0.0556143563844	14.1902565106	0.055093312272	-0.017686126526028	1.0	0.0052450739246054	0.0434535253497549		0
draw3557	1.83438721255	0.239255835622	0.0880271085376	0.00979349397496	-0.7541273853988532	1.0	0.01451661022153	0.0825793674429427		0
draw3558	0.025251182934	0.0170522703452	4.41331337826	0.0199029502487	-0.7529840476524411	1.0	0.0247293906993037	0.1261835785340948		0
draw3559	1.44440547629	0.0112735903565	0.0530681640466	0.00743810075739	-1.0280544792361628	1.0	0.0170537698473928	0.0908521722469547		0
draw3560	0.0512182530139	0.162378941413	0.0103676798651	7.99478560424	-0.2840740355226759	1.0	0.0001435872204946	0.0266125428941116		0
draw3561	4.78046297992	0.0129129535268	10.3877527874	0.289486260006	-0.0281590040950866	1.0	0.0006845702899089	0.0088874774790709		0
draw3562	0.4233774432	0.0388067838285	1.56818621887	0.00145978868831	-0.3153043744275374	1.0	0.02727199549592	0.2059637667443438		0
draw3566	5.6733604465	0.462647310433	0.198982106601	0.0224402689169	-0.0159323603582589	1.0	0.0077464263201096	0.03192709039692		0
draw3568	1.2334922825	3.05852290957	0.160819658047	0.0127685855061	-0.1201569676587254	1.0	0.0053020041342371	0.4490046678473505		0
draw3569	0.0646866865669	0.662209082771	95.5925757401	1.07707540002	-0.5951699657997306	1.0	0.0387856114495986	0.2232572516738335		0
draw3571	2.2477520006	0.0115676234278	6.86943584354	0.492642261059	-0.0456703725874951	1.0	0.0016693374271752	0.005976747090493		0
draw3572	1.84627512078	7.76886115587	0.386510041937	0.0141135609382	0.014032877965904	1.0	0.239521303245827	0.7579690676869937	0.2954944259765081	1
draw3573	0.100904429437	0.0948705124531	1.51104946585	7.31521089003	-0.5189743272344994	1.0	0.0095608175708144	0.0735095676391764		0
draw3574	1.02440917511	0.287084441429	0.169467962826	8.18845699886	-1.8552291438390531	1.0	0.0001838728428784	0.0364856547853463		0
draw3576	0.201442905686	0.347508470628	9.94228563662	0.00207346253418	-1.1510618461934172	1.0	0.0624235262798674	0.4736121705332244		0
draw3577	0.659542886044	0.656589011269	0.133506088921	0.0142905553177	-0.0149089669865748	1.0	0.1412419294786554	0.2028212411419463		0
draw3579	0.102754728154	2.55879719244	2.17362507349	0.108141845649	-0.0542667812153685	1.0	0.1046565835547081	0.4628204143581165		0
draw3586	1.20182636594	5.5492346828	11.7773049683	0.0224745590114	-0.5137934022448706	1.0	0.0195627700625396	0.202491928775071		0
draw3587	2.64980644671	1.22597384164	0.153249634253	0.0126519731558	0.1028299856781499	1.0	0.1539857420051934	0.2128126204758557	0.1539857420051934	1
draw3589	0.0800867193049	0.413353068207	0.594552344956	0.00248722729038	-1.2571375365273063	1.0	0.0151843546268138	0.1146110057505554		0
draw3594	0.469497673096	0.0816755034743	0.0807962111474	0.00946980046132	-0.8146217020325595	1.0	0.073565686357102	0.2063594517869846		0
draw3595	0.987184411908	4.00961932675	0.0166393493604	2.66813204375	-2.353285996605228	1.0	0.0444035637116869	1.5387978755554212		0
draw3598	0.0354356183723	0.0337758500523	34.5164625736	0.03473682137	-0.1117402762097667	1.0	0.0126378178021014	0.0583632226051899		0
draw3599	0.562425036062	1.60713783045	0.0297396322637	3.15724486383	-0.1354140367637112	1.0	0.0002586539248155	0.091940901828044		0
draw3600	3.18214120162	5.89242313631	20.9282478198	0.00328409369607	-0.4460178158733141	1.0	0.0125130944114586	0.0356500183118976		0
draw3603	3.75097874849	0.0282714861453	2.89687223823	0.147521574183	-0.7004292194253777	1.0	0.0002780325141143	0.0190408238603399		0
draw3605	0.346362606501	2.48461518832	2.25666165377	2.78025943697	-0.533103530815704	1.0	0.0104709751719129	0.5967560719821239		0
draw3608	5.03666338957	0.0203315737349	9.70209367246	0.898357283474	-0.0410539720044143	1.0	0.0047040831373765	0.0126956474118082		0
draw3611	7.84670807494	0.290269811304	0.483629148309	0.134779774686	-0.1248028530505776	1.0	0.0168621740543765	0.023002777331727		0
draw3612	0.573219275121	2.69245236612	3.88048332736	1.61966688161	-0.7355016908278307	1.0	0.0002919758630959	0.2353449104048067		0
draw3613	6.76107232461	0.0335005536954	0.0248398703216	1.57852768589	-0.2831668145773466	1.0	0.0005176041163179	0.0129778935270898		0
draw3614	0.0517042829019	3.4993561595	85.7168581829	2.7432036623	-0.3646996479256885	1.0	0.0152246787714574	0.6099079603176069		0
draw3615	0.0277553634768	4.48779132107	8.99275297466	4.03398475195	-0.6844840326298387	1.0	0.6264319058262471	1.316295449169767		0
draw3616	1.12986157183	0.159590717685	20.4165402142	0.00946170195084	-0.0601294828576204	1.0	0.0250846307492231	0.0521861273144319		0
draw3618	7.25682244345	8.73228829461	0.199268531637	4.54523852804	-1.6152443015339335	1.0	0.023354972178435	0.5807107054458142		0
draw3620	0.135093071656	9.50288221469	0.0280402602314	2.01920191825	-1.1566256341396115	1.0	7.765579820117988e-05	0.1365457241898711		0
draw3622	0.213008537846	0.151125962224	3.55658438908	0.0108340446874	-0.08394295105979	1.0	0.0407085883127441	0.0764883052656301		0
draw3624	1.70759528542	0.998392429663	0.019990096812	0.988524812251	-0.3814230640638833	1.0	0.0005464086208993	0.228268626725389		0
draw3625	0.312678634258	0.255558228486	0.0369941941978	1.95440059037	-2.5724717342382224	1.0	0.0061004100932607	0.2988063153589696		0
draw3627	1.07525850279	0.206600020436	0.0266239352331	0.00304979138126	-0.0181616469040537	1.0	0.0082381287001169	0.0851724049293384		0
draw3628	0.0210169826258	3.87261187647	0.0224995028901	3.93807441162	-3.4570365365219127	1.0	0.0246650924454239	1.7726222577231587		0
draw3629	0.0126824215164	0.125523680119	0.0227791684743	0.0226676688659	-0.1952374257918643	1.0	0.0141590810125165	0.0659008460196836		0
draw3631	3.12691321268	2.95760567671	1.37435114581	0.0846672580224	-0.0206582217536739	1.0	0.0117239101066239	0.0680033593468158		0
draw3633	0.0120880441454	1.95697229978	1.39755592564	1.07590135581	-1.351182641131635	1.0	0.000443041450195	0.7695728983292708		0
draw3634	3.72241946036	0.0378490595107	1.50319924045	0.0568837324459	-0.1568469661080648	1.0	0.0191195401783765	0.0768288934782581		0
draw3635	1.81092913841	0.0296835648529	0.0111974320446	0.0106975162777	-0.7567184873162118	1.0	0.0199000995980707	0.0301603645742748		0
draw3636	4.39644016209	2.75349475147	64.0341675397	0.588029396391	-251.40563984534657	1.0	0.3170857546599274	0.519233845253992		0
draw3640	0.0242607331068	0.668130385698	1.67397313924	1.52944752394	-0.7611937326408005	1.0	0.0013975335135547	0.4509730908713658		0
draw3642	0.183733797904	0.0150757049856	78.913921576	0.602000720597	-2.3485026556611865	1.0	0.0025347633101234	0.139206214394649		0
draw3644	0.325737533359	0.0386003957918	0.690423011665	0.702832040698	-1.36082611720306	1.0	0.0013370000449421	0.1791381180806987		0
draw3648	0.0197842490141	0.158508808229	0.0323452610171	0.728142290619	-0.0395648031821685	1.0	0.0006896559262499	0.0313455177020456		0
draw3649	5.21142559838	0.0175943743828	12.2961256567	0.213899312095	-0.0127261024720194	1.0	3.429841375646013e-05	0.00289604480391		0
draw3651	0.0473202978691	0.18091200647	1.9882084695	0.0813242599165	-0.1187171953819731	1.0	0.0074647140692316	0.0568181868794589		0
draw3652	0.0151746206594	4.51951215822	6.65950635339	1.00355986485	-0.9272064925987006	1.0	0.0080979405340637	1.1269090426218016		0
draw3655	0.0150756815302	1.34156498005	0.0866506060851	0.04932686189	-0.0687135272243805	1.0	0.0100863622331937	0.2924604904239963		0
draw3656	0.0320895002351	1.013646364	0.303411555972	0.0171740403361	-0.3649357968535964	1.0	0.0467118840293204	0.288552458123722		0
draw3657	1.8982459635	5.31421671442	0.0127693955988	5.36232427798	-1.1354536674419753	1.0	0.0031800593919828	0.6556299457062545		0
draw3659	0.127197715832	2.10692937013	0.112296431322	5.25697058157	-0.7281482849738987	1.0	0.0031094933033712	0.1034990282368538		0
draw3662	3.14995603462	1.35062765206	1.34902698555	1.62730082261	-0.0579263932833771	1.0	0.0001017382271082	0.0358442674630059		0
draw3663	0.160901705502	0.218459439661	2.59345452956	0.0774988077911	-0.0915343482447101	1.0	7.896372685207633e-05	0.027731091852039		0
draw3666	5.07776584797	0.349719624022	0.513117282094	8.31371282647	-0.7217462487307488	1.0	0.0119902616346107	0.1737605391206914		0
draw3669	0.102958184483	0.146298857694	0.967697353886	0.0109268831658	-0.0845748085089155	1.0	0.0043432760590189	0.1156080602633979		0
draw3671	0.865221580467	0.281780210734	2.44917894281	0.017944379061	-0.0831371587710526	1.0	0.0085131943395511	0.0370079494445159		0
draw3672	0.087500283573	3.17661319774	2.84849978107	0.69403730345	-1.2494418830429488	1.0	0.0384615312346996	0.572302375534747		0
draw3674	8.25917772064	0.13673570032	0.0118346958653	0.0026658665395	-0.0018356777308663	1.0	0.0012028362044928	0.0120605269447634		0
draw3675	0.514621787642	7.47699972712	0.527012341876	0.0989760526905	-0.1921516928462441	1.0	0.0025360232391053	0.7629614542014677		0
draw3677	0.885668106772	0.0137347077984	0.374794271615	0.00238741693039	-3.0699387647098098	1.0	0.0298382762184655	0.0998081217422186		0
draw3678	0.643120790305	0.039822523008	1.93575652333	1.14520767049	-0.0983759227938042	1.0	0.0014178335459027	0.0282700237575294		0
draw3679	0.305197455981	4.39310841025	0.0786597035616	0.174245697419	-0.3139736096395983	1.0	0.0056419849252396	0.2086314652799136		0
draw3681	0.899345418128	0.154707794835	0.0244405722945	0.359580120492	-0.2084139098879435	1.0	0.0962013913403012	0.548474905798601		0
draw3682	0.116423889693	0.132303208004	0.0148537681994	0.0209260823875	-1.5984874737933716	1.0	0.0010166963034202	0.2445407876815783		0
draw3684	1.29724663581	2.76966547269	2.17869433891	0.167290820055	-0.5223401037392281	1.0	0.0053873781082716	0.4806698013565593		0
draw3685	0.0395148030795	3.46649207943	0.760781940896	0.139834066616	-0.9166259357856984	1.0	0.0018032691756257	0.020068930171333		0
draw3686	0.235286818877	0.0327656362148	1.07481721242	0.00668029989444	-0.2576797837835041	1.0	0.0421394982785868	0.1123039849668689		0
draw3687	0.113280292126	0.0228940308623	0.226596805109	0.0321639373778	-1.968571017592745	1.0	0.0012556851836637	0.0607374993160241		0
draw3690	2.10906164672	0.225092618878	0.0183562564035	0.955207203348	-0.2822396503701195	1.0	0.0164736910891686	0.2548360080842655		0
draw3692	0.0113068822305	0.177758806287	0.0357895602589	2.84069052012	-1.2652509822115872	1.0	0.0334514779681275	1.2266997740068328		0
draw3694	0.186908393396	0.0152477666612	7.30269132379	0.539743982444	-7.292176352126923	1.0	0.0021398187302891	0.1899748802228159		0
draw3695	0.042371329299	0.0175164283137	0.0521084048125	0.00780932774365	-0.0249678949720207	1.0	0.0031851530698232	0.1791016927165185		0
draw3696	0.248088267866	0.054083342013	1.96597061781	1.39807408574	-0.119444127291661	1.0	0.0046195393027512	0.076237310776995		0
draw3699	0.533349270445	1.95605854726	1.80234704841	9.402910797	-0.1728399021462719	1.0	0.0158196329489396	0.1336989699183624		0
draw3700	1.34295204305	0.0210476076212	3.03377550015	0.0473369186425	-101.9062235252804	1.0	0.2498490123552397	1.2818558981013544		0
draw3701	0.284846071148	0.0983668252334	10.4056635881	0.867895347246	-0.282187303980116	1.0	0.0032740813697428	0.0056195564679326		0
draw3702	5.42632331248	0.272576038153	0.0165295103532	0.0226092121367	-0.0647572345841299	1.0	0.0033321755261993	0.0968404658824089		0
draw3703	0.289783514077	0.226696318645	11.9464401892	0.882932061121	-0.1695101392009353	1.0	0.0013814344620286	0.1416675303916647		0
draw3704	9.38149880839	0.293672365538	0.018925867615	2.44739782305	-0.4527413605530018	1.0	0.0021345670337616	0.0561932873137302		0
draw3705	0.0554924601416	3.82825280627	0.54374414923	0.00281717279346	1.337062544949248	1.0	0.0160336402096635	0.7037980447113488	0.3795318457228098	1
draw3709	0.0366343730606	0.121112679177	36.1464915689	5.71604774161	-5.713189320322438	1.0	0.0008783542672473	0.2945970071130633		0
draw3710	0.0801275922985	2.15224782815	0.0410019472878	0.120967920952	-0.1054503914205954	1.0	0.0044242689035654	0.0499431822632354		0
draw3712	0.0391571883124	0.109081251132	0.0977285210336	0.146146193524	-1.258141964654038	1.0	0.1658179498466426	4.210545654346485		0
draw3714	0.121126933026	0.155509330872	6.96686266261	0.00435521586947	-0.0683667853822199	1.0	0.0012440149329026	0.0024759099550139		0
draw3715	9.48929437395	2.68854649859	17.6137291509	0.0489874017144	-5.061299997796124	1.0	0.0472731824522982	0.0595087501155202		0
draw3716	0.413096269993	5.14799117496	0.250935991124	9.45786279434	-0.9520098312527336	1.0	0.0024947430511906	0.1714258677040196		0
draw3717	5.31935782629	0.212726774163	89.6633677331	1.4534254733	-8.817220908011432	1.0	0.0108042488524442	0.08080109704354		0
draw3718	0.598336743618	0.0636667790216	2.61617969233	5.98625708446	-0.1573599938251804	1.0	0.0063500885186513	0.0196315736674184		0
draw3720	1.56734252391	0.138480727962	1.40170121305	2.03278102872	-0.2439019404544435	1.0	0.0010517052271845	0.0237650429280337		0
draw3722	0.707371856948	1.85030611071	0.0177847001631	0.0371967995222	-0.0191872350508935	1.0	0.0024554732262119	0.0219224184488068		0
draw3723	0.010209001326	0.276907243175	22.4795427683	2.31762972312	-0.1916272068201013	1.0	0.0041313556640401	0.0891809172853144		0
draw3725	1.38135467822	0.368702951982	6.85486493674	0.73517901655	-0.5093423219550653	1.0	0.0014548830946624	0.1591315516154404		0
draw3728	0.017321186112	0.0119821379318	5.13803999902	3.67813910646	-5.397576165715943	1.0	0.0017246957505426	0.1854742458169532		0
draw3729	0.0309996768187	0.017726500423	3.50235208394	0.00162333778193	-1.0302481801819297	1.0	0.0220185459223596	0.1470001064697026		0
draw3731	0.0631886750467	0.127802361965	0.0116381740636	0.607252428544	-0.6583711341309195	1.0	0.0101229126423429	0.39901471838804		0
draw3732	0.620079275369	7.60148808884	0.0316778274751	0.0404141167524	-0.1211397077174204	1.0	0.0003446090921867	0.0692076682352214		0
draw3733	0.490788373852	2.02907347257	11.2702868938	0.0680322372462	-0.1266676687286666	1.0	0.0056326250589746	0.0707696446764592		0
draw3734	4.02567597852	2.17007514023	0.0227319662125	0.273104500339	-0.2421414824887844	1.0	0.0013642693202012	0.0976226111936443		0
draw3735	0.203979233957	0.533045214332	2.59155969204	0.0200428339007	-0.2723322362094632	1.0	0.0027911174277953	0.2747240881933889		0
draw3737	0.0231596847959	0.200560230676	6.52046879588	0.234073721068	-0.0016710074108451	1.0	0.003143772933283	0.0583818598400686		0
draw3738	0.395778905805	8.19197378528	0.228750184183	0.319446948882	-0.5277907030144722	1.0	0.0069666745684272	0.2507891010601845		0
draw3741	2.18581821928	0.146796998048	0.832685036808	1.93784219561	-0.1972351003183368	1.0	0.0044220451387442	0.1434555398161362		0
draw3743	0.0487611066856	0.0103980802405	0.768962353586	0.00271657769208	-0.1254954659629374	1.0	0.0529537489225507	0.2280321590159671		0
draw3745	0.268725294349	0.217993897019	4.78780075613	2.30717980349	-0.437043435103411	1.0	0.0053990542227784	0.0844702588190179		0
draw3748	0.1742219595	1.37774533101	54.6256305549	0.279271412035	-1.4382182500115688	1.0	0.1892064460152682	0.2764826340068024		0
draw3750	0.0146213379194	2.28381338178	1.82545094056	3.2639943956	-1.3886423649379318	1.0	0.0038511592459402	0.6726009964760766		0
draw3752	0.789653159243	0.150413362879	1.69211029393	2.15631946454	-0.0718181606935428	1.0	4.404442372806806e-05	0.0363007922921604		0
draw3753	0.184422919579	0.0289228140023	1.9777975883	0.00540911355144	-0.5403994445186191	1.0	0.0162623585189027	0.103366857056601		0
draw3754	0.247867336545	0.137862453761	25.7445938198	6.58392888424	-0.3392568850868173	1.0	5.550791664597225e-06	0.0727348288024536		0
draw3756	6.93269766831	0.723775612139	39.059248844	0.0486090824229	-1.2559646437149214	1.0	0.0331249719652348	0.1629983201470052		0
draw3757	0.0279801747478	0.260107718401	15.4592712655	0.770695529058	-0.8595781206474098	1.0	4.810292972853371e-05	0.0718539426618853		0
draw3758	0.131977795636	0.232315213439	0.0145399811464	0.0486933521913	-2.0507349000903385	1.0	0.0344460286471798	0.2968135569297185		0
draw3762	0.746039119804	0.698808286055	1.263791995	1.05058399385	-0.406566792470195	1.0	0.0006092345749449	0.1092286965334749		0
draw3764	1.64394305774	0.241590263977	0.0515973102733	0.0010181468165	-0.0542577728380417	1.0	0.0052405738771514	0.198952695748855		0
draw3765	0.0550598446364	0.0269450100721	1.85741704877	0.188002582371	-0.1165422464093793	1.0	0.0002256776073034	0.065385621564608		0
draw3767	7.92695904517	3.36289074681	4.33064983106	0.00378012802982	-7.605133676012127	1.0	0.3424606966528635	0.5798776509559491		0
draw3769	4.85583438005	0.0209431708189	2.81138274971	0.0985517443663	-0.1213475861927853	1.0	4.885705653874233e-05	0.0073353898675157		0
draw3770	9.32385793715	0.967558581797	0.0449548115164	0.790436683869	-0.4010431347929817	1.0	0.0116446960935945	0.2819005166359928		0
draw3771	2.22602916826	4.76831014018	11.9137864337	0.605703267162	-1.6375224572952014	1.0	0.0340285890624278	0.0623373222397367		0
draw3774	1.45830616706	0.0133417731119	0.0129941599351	0.00196082002705	-0.1465819160623359	1.0	0.000281798534302	0.0765585432127367		0
draw3777	0.101375108992	2.80205669804	2.22889809118	0.0010243407907	-2.7371461830970523	1.0	0.0355658290191856	0.0369807523744211		0
draw3778	0.0863001403897	0.167401366665	0.0160673643706	0.13796843295	-0.1004474532001907	1.0	0.0040421159465324	0.1165918486400695		0
draw3779	0.2121430562	0.0384650320741	0.0128091235206	0.0128407837281	-1.835081902812344	1.0	0.0145169310523367	0.2444819297535138		0
draw3780	6.88384212443	0.195633839131	1.39088172993	0.0221551013808	-0.0712817911023784	1.0	0.0028251179020933	0.0457942920497817		0
draw3782	7.27118484212	0.140153234317	0.0842890462969	0.570155589147	-0.4454753961499411	1.0	0.0048828323698923	0.0504096344655816		0
draw3783	0.0115134154027	0.199217750328	3.2897746844	3.70400495665	-0.7744000583041968	1.0	0.1354523296958034	1.409813663803297		0
draw3785	1.5900193115	5.88681993183	16.4162439115	2.71209872974	-1.3294461022740276	1.0	0.0009589890228886	0.0858094728061821		0
draw3786	3.39971452805	0.237732720171	3.98725854966	0.00916138757051	-2.471403582333663	1.0	0.0044800545564114	0.0077102985553191		0
draw3788	0.01010963558	5.48271337867	6.02104487416	4.33005851025	-0.6373591062586743	1.0	0.0074734035914744	1.224901579566812		0
draw3791	1.12479943516	0.049084819436	0.668837308355	0.594994961742	-9.200491876595535	1.0	0.0128626424469823	0.4719917210410301		0
draw3792	7.98172607042	3.21583751525	0.613642545339	1.81616444738	-0.1937668061373158	1.0	0.0587178705729708	0.3247750651822388		0
draw3794	0.0349133685024	0.0973542272186	2.69754526181	0.0393642881194	-0.6660825567733176	1.0	0.1422350740942579	0.5717255466738046		0
draw3795	0.0243736455613	0.758916253888	0.0186420131546	2.74724975757	-2.035480507894963	1.0	0.0033422962843341	0.5385348432415135		0
draw3796	0.0915177286276	0.446598042816	1.70914645078	0.00164927175214	-1.3879781694485334	1.0	0.1415255793860702	0.1789370570578619		0
draw3797	2.02759222841	0.0202449785828	0.0135679149085	0.498129067663	-0.1626499939219194	1.0	0.0001215826058322	0.038401368456195		0
draw3798	0.330139281408	0.0181144621272	6.07013193822	7.13855221392	-0.0481350558028429	1.0	0.0013801733111439	0.001966780809633		0
draw3799	0.0456224484705	5.22179072853	0.0704750853902	0.0394667900753	-17.108633481498128	1.0	0.055277467628272	0.0823693568655323		0
draw3800	0.203050947652	0.524776148852	1.2660517053	4.63637312712	-0.4984482545454708	1.0	0.0015010249493978	0.0467595213119331		0
draw3801	0.109154514358	0.222597792134	30.741856087	0.0246302454123	-0.0472840979847587	1.0	0.0001087845071419	0.0150551341082206		0
draw3805	1.81971686598	1.45663793739	0.0226836440805	5.39490294482	-0.3444130824418772	1.0	0.008769305263587	0.2152161352241476		0
draw3806	2.62850849324	4.56710577291	0.0372144484519	0.881172330053	-0.8071582164252802	1.0	0.0016992760816271	0.458932705759189		0
draw3807	0.237165258471	2.7727420325	0.38844712751	0.172959926228	-0.1179463552093298	1.0	0.0235720530081335	0.4671986034966324		0
draw3808	0.415554750447	0.106760273719	0.632109791686	0.00366233546379	-0.0134601361103508	1.0	0.0092657347929727	0.0235715645924439		0
draw3812	0.679067743423	6.97462953454	0.0188444770893	5.04246296179	-0.8139399671765783	1.0	0.0593565630603721	0.4028623050353201		0
draw3813	0.74046725817	4.0375965876	19.6232781388	0.0430970738981	-0.2747398333076729	1.0	0.0137371835354828	1.3969448029544589		0
draw3814	1.14311920255	0.024355442924	0.0615153995996	0.0189863791771	-0.2098819191748412	1.0	0.0100115335745445	0.124419094762048		0
draw3815	1.84372469205	0.116852737367	33.458480122	0.00920730046884	-0.2102327302788469	1.0	0.0005174372750149	0.0025370167992405		0
draw3816	0.205225912533	0.1704858493	0.121845326319	0.39769870985	-0.2214029874507538	1.0	0.0039817971371118	0.047794074386804		0
draw3820	0.0129518724927	2.6423964444	0.0164009381436	0.44706756493	-0.2620298643189117	1.0	0.0136003816345206	0.0589169946791016		0
draw3821	1.14838452644	4.44567401245	0.31995907378	0.0807430362769	-0.1153285843718455	1.0	0.0666723192077484	0.6471300769026237		0
draw3823	0.0848471876619	2.91996299125	67.4170355625	2.70332707812	-0.042085053487219	1.0	5.658452412507248e-05	0.1703944186536254		0
draw3827	0.162869718891	0.955457490351	1.62338869382	0.22340703979	-3.0566588373080528	1.0	0.0112224927928227	0.2296273766214559		0
draw3830	3.09546113836	3.20944997532	0.212043992872	0.414969051671	-0.0759227758741971	1.0	0.0003701245188685	0.0466991851231586		0
draw3832	2.42403958224	0.0305859759669	0.865728302382	0.272209455587	-0.0173822790309247	1.0	0.0003846875417554	0.006923668885965		0
draw3836	0.576797987249	0.018973319643	7.96955053013	0.0197074805267	-0.1337229774447193	1.0	0.0002039148689829	0.0249430630300595		0
draw3837	0.0785324490393	0.0370405287081	2.74664900593	0.0118090102009	-0.2107176923754725	1.0	0.0102376811411903	0.0149163625564852		0
draw3841	0.0481870125944	0.432639862501	1.84468281892	0.772938306483	-0.2844173101390798	1.0	0.0030235180697422	0.300643653184693		0
draw3842	6.83331957267	0.728865182791	0.0692652677139	0.00266346097987	-0.0311468121324218	1.0	0.0002575655007124	0.0195183706105608		0
draw3845	0.0121735364273	0.0115791407719	34.4049838818	0.33398707977	-0.3252005531146423	1.0	0.0001288926973234	0.0086967674747027		0
draw3846	0.527622695013	1.85402162949	69.8603465307	0.115217333708	-1.3074358803393495	1.0	0.0614482843059852	0.1039573126951572		0
draw3847	8.68219698703	1.50509403498	0.0563233315816	0.352471180647	-0.3759730752437166	1.0	0.0088514250570854	0.4909115018176457		0
draw3849	8.6037775126	0.214578292467	0.0892129134926	0.032929939295	-0.0645561700867809	1.0	0.0002696511187117	0.0252100211517015		0
draw3851	0.210989101991	1.71731543071	0.750641379358	0.00646486689791	-0.0183714795187844	1.0	0.0149197146305696	0.1129890697131271		0
draw3852	0.314691218025	6.01045042751	0.627415861432	0.25086594812	-0.4293391260209331	1.0	0.0029160865135481	0.0594658809206314		0
draw3854	1.86475224323	0.0777695225046	11.6238300711	0.181532011207	-0.012693258852565	1.0	0.0024375998713256	0.0043481580681896		0
draw3855	0.260531769899	0.0253168616613	0.0100731190351	1.18881328094	-0.1283011770188585	1.0	0.0054240787058452	0.050756841157694		0
draw3857	0.0171878881698	1.19010870068	0.68404019657	1.64796571931	-0.1947471340659221	1.0	0.0125094380686819	0.1158547345900933		0
draw3858	0.0762569012054	0.0717922011428	0.790864491223	0.0959990073531	-0.0188240293158312	1.0	0.0008937821606177	0.0521350155105537		0
draw3860	0.0236318791472	0.92581709658	0.0455557853997	0.209281621522	-0.0779565087860013	1.0	0.002733571584952	0.0943786660230943		0
draw3861	7.71344560623	0.0116940575163	36.2092393547	0.226427326119	-0.1045134617276199	1.0	0.0002296295814567	0.000251522588539		0
draw3863	0.1506188328	0.507878285305	83.6274752037	0.761621571112	-8.440685193992167	1.0	0.2336880049163548	0.3018459420285241		0
draw3866	0.542157026436	1.37235078952	0.0586504813135	0.0111386703467	-0.0191861033213644	1.0	0.0066208392205098	0.0634074075057732		0
draw3867	7.89170742807	0.0230530355588	12.0293681012	0.176948210313	-3.047730142223428	1.0	0.0008464172224575	0.0013364099562697		0
draw3871	1.82390024287	0.718341512476	0.0190605167602	0.0295679013664	-0.1181518100606865	1.0	0.0086781009647268	0.1005575071267127		0
draw3873	0.273199320629	1.50122066488	65.9673651089	3.87827982282	-0.5734501833158657	1.0	0.0002022679152779	0.0400889068415205		0
draw3874	8.28896427683	0.0100052318576	0.0260616108351	0.00349891573202	-0.0804794203713585	1.0	0.0090083467263063	0.5811372465403162		0
draw3876	0.0890829788778	0.0291583846882	1.5640171552	3.62125597885	-0.3576889218839698	1.0	0.0002950926228497	0.0343456112143482		0
draw3878	0.0481411934736	0.0121892428331	31.7852677411	0.0497857118317	-0.1253366301282586	1.0	0.0058240385270787	0.0193378444637681		0
draw3879	0.464798141029	0.339994154786	0.031977437703	0.0131412985827	-83.54133161704509	1.0	0.1258679735754259	0.2292529512124904		0
draw3881	0.221388551892	0.180212360835	42.0213181806	0.0473373136108	-0.9009354437144896	1.0	0.0215447259655602	0.0456006866982872		0
draw3882	0.607527677143	0.224119509058	0.0484110563121	0.0287219267758	-0.1567627290447516	1.0	0.0038879765603158	0.340922331517521		0
draw3884	0.0397201942209	0.017255775763	1.2593086431	0.0532007844245	-0.107456773663676	1.0	0.0059581642810818	0.0315351105828835		0
draw3885	3.06540706757	4.72280519145	1.0881836326	0.00312446084512	-5.198242067113306	1.0	0.1314604597790717	0.2154427553795337		0
draw3887	0.280716538723	0.775738557611	0.0271872183101	0.00382999674991	-0.1245029845475683	1.0	0.0016556511619456	0.0282076843595096		0
draw3888	1.11507058825	0.0365758353527	97.3851393725	2.56932036743	-2.2759515316317467	1.0	0.0875298046184839	1.129169900351968		0
draw3889	0.321079540278	1.82859217126	0.182109399353	0.0269975579572	-0.0039599785568543	1.0	0.0064873976229768	0.0814680064539353		0
draw3893	0.017812379227	0.0481111915834	26.8136968027	6.47783080027	-2.854589340256209	1.0	0.0435849356876061	0.2028538810248653		0
draw3894	6.03479612032	0.939285122571	26.3879440503	3.24837429982	-12.365218995836774	1.0	0.0230559655768589	0.1646708944247994		0
draw3895	2.17851767344	0.432883859399	2.0134035808	0.00129822126712	-0.0705798567851703	1.0	0.0821784350762618	0.116392857998599		0
draw3899	2.69654132353	0.229679592925	0.121446996515	3.45670417316	-0.2334752116035446	1.0	1.4882336325238712e-05	0.0073386667305892		0
draw3900	3.14552845438	0.401639610992	0.262212934925	0.141597187437	-1.155984792441489	1.0	0.0015150105151687	0.0569205721693692		0
draw3901	0.827605755523	3.91889246809	33.9427734274	0.0612026784447	-8.481678921434636	1.0	0.9303912011863515	1.1437630987309937		0
draw3902	7.67528192317	0.979502006507	53.2226505736	0.112381794542	-0.1427149427816855	1.0	0.0005455569383017	0.1200927455704454		0
draw3903	0.932638649638	0.0135619446785	0.214327413527	0.0128523358586	-0.0156132472588945	1.0	0.0042213453537297	0.0491963330780028		0
draw3904	2.62131268134	0.0257858624401	0.306459736234	0.00148618237747	-0.5643741939152372	1.0	0.0477364762777739	0.382996155138165		0
draw3906	0.164885438408	1.6923932655	85.462371523	0.08620846805	-2.034186959147241	1.0	0.1371249312238999	0.2249381677356411		0
draw3909	0.015037244805	1.57135443829	3.36647008676	8.45943957782	-6.188099233409845	1.0	0.048404676727264	2.150419311240736		0
draw3912	0.0280807153338	0.671423488824	5.2769596158	1.4137875383	-0.6401834563205695	1.0	0.1243115991244481	0.8988993877975168		0
draw3913	9.29820883372	6.62061688858	3.37153995154	5.59872102828	-0.4757660602055943	1.0	0.1514233497476965	0.5940214530175352		0
draw3914	0.0352290848495	0.0432373564401	21.4709654319	0.00527310620152	0.0637238998592698	1.0	0.0089761170514367	0.0139452636597555	0.013945112430821	1
draw3915	1.42377648506	0.0429357942447	1.74558116745	1.36891453044	-0.0321786904270151	1.0	0.0091232406060113	0.0190485057395631		0
draw3916	0.0608438827139	7.40135594329	0.0747732598005	0.00461259694058	-16.61727648914425	1.0	0.0275502134780722	0.031984549317474		0
draw3918	4.23707494198	9.02950741185	73.3022999073	1.05547307793	-2.264047340756881	1.0	0.0265687588519582	0.0351901070670886		0
draw3919	0.919251740828	0.389161960066	0.0451011748568	0.00689910102809	-0.0547783918776196	1.0	0.0033965248697715	0.0353543928153854		0
draw3922	2.86504351467	3.65155036754	1.94003097823	0.818380303146	-0.6228744054073043	1.0	0.0062705477330195	0.3589983203844329		0
draw3923	0.0144556207776	1.84305869744	5.48437532234	0.276041490548	1.6932553348009325	1.0	0.0376405212358167	0.4333052767372041	0.3589787939857315	1
draw3924	0.0129285887399	0.0458292655307	18.6578187416	1.24093480166	-1.5643806579278874	1.0	0.0147573117132633	0.4373483480930191		0
draw3925	0.023956003546	9.75805475629	0.0749231112243	0.0095925001641	0.2810100421730605	1.0	0.2220620180806562	0.2903618296986737	0.2864569023825177	1
draw3926	8.24629183242	0.0778454735331	43.2237025201	0.0368849887663	-2.525630102134157	1.0	0.0226171137074148	0.1206159166270035		0
draw3928	0.0419729746816	0.0144177982492	0.404150713974	7.69841437582	-0.5551470128111409	1.0	6.344602950434384e-05	0.0101945540602111		0
draw3929	0.469111787803	2.923614781	87.7220196759	0.00150477179759	-1.2318626993365451	1.0	0.078225564708479	0.1107973699187997		0
draw3930	0.126077931783	0.670391550215	0.02055305002	0.00413656240787	-1.1616896359854794	1.0	0.627240033812536	2.0200365348665152		0
draw3934	0.193974948944	0.0119127065399	0.0109303948216	0.690995386723	-0.1411128669754166	1.0	0.0005503183888301	0.057867791077213		0
draw3935	1.47383654141	0.0858454546994	0.0787795837254	0.092301719888	-0.3096475570406094	1.0	0.0096826145372618	0.2394056214134497		0
draw3936	2.72858625659	0.0275696525595	0.372946098269	0.119869263828	-0.443116196382982	1.0	0.005145018136309	0.1885650519093142		0
draw3940	0.0740478358448	0.0334021157076	8.53529434875	0.0588032944293	-0.0349303198324526	1.0	0.0006396784557039	0.0090155772809916		0
draw3941	6.56033029427	0.0166302999476	9.00824572063	0.00819247639262	-1.2440921518128571	1.0	0.018138068650497	0.2050050853363715		0
draw3945	0.229560337248	0.070550165137	89.1459108318	1.75329134795	-0.4185497650224022	1.0	0.0132772903293879	0.0249565671751519		0
draw3946	0.029543137067	0.01067126145	0.16351417648	0.856514534176	-0.0622241485908391	1.0	0.0091302515487682	0.0560453374980956		0
draw3947	0.0245733443329	0.0729801091452	0.0782215177221	0.00758347364537	-0.6395325207140508	1.0	0.1016320644297187	0.6062571579732605		0
draw3950	1.78421995065	4.38359800971	0.120010417407	0.0014473280434	-0.1753541568474715	1.0	0.0069558079520693	0.0295341959777183		0
draw3951	9.33507830785	5.36483346522	0.0165769779816	0.00110657667356	-0.0692025195874107	1.0	0.1904577441828416	0.1998945480665708		0
draw3952	4.69921307239	0.0185094903095	43.7981920587	5.16774950128	-0.0158353176895804	1.0	0.0015797764038349	0.0038623471107721		0
draw3953	0.01231873258	0.0185439881076	81.7600373401	0.00541507463205	-0.36734119499039	1.0	0.124508684888171	0.1670760134219908		0
draw3956	5.86733350615	0.0104604629813	1.55418000381	0.00459986568072	-0.0584531051374135	1.0	0.0284042307265411	0.2370798627158905		0
draw3957	0.0328254471283	0.403000021256	0.0556638556273	0.013549460746	-0.3172200136506466	1.0	0.0157783097645612	0.2914896553426881		0
draw3958	5.23217876036	0.10609470033	25.2510810886	1.49061042576	-1.67558786884583	1.0	0.0048047993981687	0.015623271981785		0
draw3959	0.229939829268	2.84138882653	0.0559781502031	0.103958938137	-0.3048590480096119	1.0	0.0049270210988278	0.1483268744030221		0
draw3960	2.5458645597	0.0623297988523	0.0390568565631	1.94122173191	-1.1317020205847093	1.0	0.0072943044880959	0.4397410165471135		0
draw3961	0.125485704798	0.0267813503859	1.91352116486	0.00558040662531	-2.103038057742965	1.0	0.0176608837829607	0.033971063833612		0
draw3963	0.0282583166068	1.10421567209	0.945462206459	0.704620343679	-0.8252759838004484	1.0	0.0975388795039958	0.7076570145571535		0
draw3965	0.0135102651076	0.0914999650991	0.20264642216	0.2266706722	-0.0606915047138097	1.0	0.0208817722303385	0.2702313132085948		0
draw3967	0.0410391477728	0.709806938988	1.58183588279	0.0636848937362	-7.192083794218891	1.0	0.0507932785615196	0.8486024020352013		0
draw3970	1.25002655652	0.044026794184	0.0651526048393	4.93064032788	-0.7711722368949794	1.0	0.0004369180294074	0.0683439060709003		0
draw3971	0.634246507524	0.0743301714192	0.31393544322	0.0751338506619	-0.0643776836931141	1.0	0.0123441377079161	0.0576228275885567		0
draw3972	0.040421704465	3.60682120758	0.0790784444774	6.49478735674	-6.787264403023331	1.0	0.0916965338809996	2.7912729336257627		0
draw3974	0.252516077283	0.101813529739	1.64967551705	0.214021137403	-0.9583635903570566	1.0	0.00058550826265	0.0499414960735714		0
draw3983	0.34238950424	0.108926181981	0.0495027893202	0.00304468532213	-0.0805574611570201	1.0	0.0352953558309994	0.4965456437369912		0
draw3985	0.0347866179891	1.64075716887	13.6867242575	8.95995541914	-0.2637993371341257	1.0	0.0283209339526273	0.6815105670190855		0
draw3988	0.0162323298489	9.67823437789	7.57001986159	1.79399360606	-0.34640314646713	1.0	0.0157935588415723	1.137026431792779		0
draw3994	1.32682925037	0.0358167073946	4.37581719939	0.0343234886115	-0.0299086091561647	1.0	0.0006372158191119	0.0034684042770729		0
draw3995	1.30106120668	0.714822950723	2.29654139141	0.483667303715	-0.0555363846025285	1.0	0.0060440479091233	0.0415156433852199		0
draw3996	0.0948232511623	0.343285644134	21.9692850255	0.0354703344131	-0.1815662732786863	1.0	0.0206844578014966	0.0817176535702329		0
draw3998	0.0637684818453	0.561424947407	0.391411424486	0.096058221846	-0.1732890649766955	1.0	0.0003606809831228	0.2300970957750386		0
draw4000	0.0107129367982	5.5119198956	0.0115118825063	0.0683932583418	-0.0834905863569634	1.0	0.0118435304417983	0.0578355715433375		0
draw4002	0.0767956629898	0.0156999433878	5.33381957687	3.51959819603	-1.3019159969226732	1.0	0.0001596385341253	0.0470151893438754		0
draw4004	1.45118369006	0.125122201312	1.49453832937	0.475517402166	-0.7267611621544431	1.0	0.0187338235466442	0.6197723598442975		0
draw4007	3.88123505153	4.23921996234	73.0372965899	0.0507572081023	-22.544780625464657	1.0	0.3410685527405314	0.7253672824400308		0
draw4008	0.449497540374	3.40119171906	0.72513295235	0.969603604939	-0.5259186395507615	1.0	6.671897177891547e-05	0.0982955542662388		0
draw4011	0.195174168166	0.440589523523	8.7802539355	0.812172170309	-0.0774245710045407	1.0	0.0045139711924696	0.1172639420579096		0
draw4012	0.0174512695528	2.24027307125	1.64605132785	0.6412281466	-2.115530469130218	1.0	0.0118345121211732	0.4700696410025157		0
draw4013	0.224932777782	0.014628109591	2.53709306072	0.0736054740852	-2.2771181327798	1.0	0.0286455112263179	0.2282307765285829		0
draw4014	2.28305223088	0.0376108116248	0.525253812102	0.00202535813835	-16.831361664632425	1.0	0.0633317813428293	0.0681906475009045		0
draw4015	0.180057023934	0.050872652472	2.12182414903	2.812867727	-5.926104103089097	1.0	0.0129730995001514	0.8121477940294669		0
draw4016	0.423213573339	2.98153621805	0.4799583572	0.556789162029	-0.7831600158809924	1.0	0.0067390171144301	0.5329791774142039		0
draw4017	7.48896246393	0.0174274158713	0.786723052596	2.24016568855	-0.7073078659118761	1.0	0.0150612261890465	0.0638050775221661		0
draw4019	0.0576623509777	0.144328055379	0.719311842799	1.49558013462	-0.0295415012412014	1.0	0.0131625030760121	0.0682480903512111		0
draw4021	0.0368691843563	0.0227271905298	79.4028119629	0.00517548231261	-0.5600661682487904	1.0	0.0050842524902016	0.0080635180960311		0
draw4022	0.2118120764	0.161580339891	9.40956645197	0.412294903505	-0.0196396705621934	1.0	0.0038243175368092	0.0079671221260874		0
draw4026	0.0100598998495	2.41739328285	16.9030728489	6.21342142816	-0.7653981853646159	1.0	0.0041076036356866	0.436416325827094		0
draw4027	7.64515637411	2.62713828374	0.0112958323835	8.50646204565	-0.7007893471648297	1.0	0.0061550280874275	0.6969495813792923		0
draw4028	0.167843517169	0.0453685377668	1.2273299506	8.08992626521	-0.3315554740566898	1.0	0.0001643872071054	0.0336842569862683		0
draw4029	0.294036568302	9.53286925468	5.47287558332	0.351411504973	-0.1243494260566984	1.0	0.0006891455253749	2.9749544136733563		0
draw4031	0.0359454624278	0.0351185958865	0.116115804668	0.436148622144	-0.0802619731950304	1.0	0.0122774555377376	0.1103824957243535		0
draw4032	0.0486460641298	0.0685519338239	0.013155219013	0.00403159650181	-0.2765482551804929	1.0	0.0474960477192271	2.808541676434121		0
draw4034	0.189726247295	2.01260647947	0.955942297654	0.00247530055756	-0.0998281507434205	1.0	0.0588481769831522	0.1963569706732373		0
draw4038	9.54008570874	6.99824180208	33.1204995041	0.583572487199	-0.1111970683171086	1.0	0.0077458120899272	0.0235484966482742		0
draw4039	4.76282976797	0.481802573779	3.63804509342	0.0207162560393	-2.601581356636354	1.0	0.0407426087199459	0.0583903231660934		0
draw4041	0.228349642517	0.486987764768	0.0657843528185	0.157756850593	-0.3002368646076531	1.0	0.0026264255724503	0.1216965061088849		0
draw4042	0.320386104036	0.0124935920087	0.117616019421	6.65530175394	-0.2713428626454203	1.0	0.016400422736094	0.1168724647443145		0
draw4043	0.0521668865518	0.083641780349	0.0173697051017	1.47477705001	-0.1404010776225138	1.0	0.0003811361001851	0.0065705155650159		0
draw4045	1.91169160152	0.0752343336398	0.111944940797	0.10568645159	-0.0384226144440223	1.0	0.0097742872329643	0.0513349936078828		0
draw4046	0.0881751960192	0.368543554797	0.0850992022065	0.109601925397	-0.2900379060673876	1.0	0.0246071504886877	0.1514244701675564		0
draw4047	0.300580897794	0.0256163990867	48.5941014012	0.0188300539467	-1.7971973092681908	1.0	0.0906464736581966	0.1971188791094938		0
draw4049	1.1544489152	0.0949814416343	0.272654992158	0.293035097498	-0.1024902745123726	1.0	0.0010348766925773	0.0244987139945973		0
draw4052	0.0113501617947	0.298321856182	4.65975987115	1.19948416896	-0.3538379526203764	1.0	0.0302978425329296	0.2916478643469524		0
draw4053	1.16113577498	0.0451890081658	2.8585417024	2.40684505072	-0.1627176203738387	1.0	0.0074101161797859	0.0306811999998681		0
draw4054	0.0143524344945	0.0856296894375	13.6177646833	2.3516341801	-0.3208708129681986	1.0	0.0022913650094287	0.0765294625436135		0
draw4055	0.036234177217	7.5696237353	3.87958876343	5.6837660583	-4.7808157714868615	1.0	0.0045700245663287	3.154785680722389		0
draw4056	3.41933799627	0.036143693642	4.66492758651	9.74322735678	-0.2462152409783884	1.0	0.0003156374107401	0.0265286981057023		0
draw4057	0.302712376453	0.0345505335559	24.0148248619	4.36908016601	-4.328515891988125	1.0	0.0089468264567842	0.0100804065023225		0
draw4058	8.11799329073	0.327911275493	4.68107378142	1.21394054835	-1.9321363369668811	1.0	0.007696569538756	0.1426724419109708		0
draw4060	0.0189108193864	0.962670748582	0.0153460102299	0.00567836784691	0.0066079986084851	1.0	0.0004071891706793	0.0107457686640936	0.010380907244195	1
draw4061	0.0318720469301	2.86385861606	0.0447148613556	0.0397808064819	-0.0419441846519562	1.0	0.0190547877149088	0.094854047331331		0
draw4062	7.18761399379	1.79051764965	12.2138833539	3.40397258204	-0.1745864169182997	1.0	0.0114106490862514	0.0483223062376573		0
draw4065	0.246072980878	0.0229823882463	0.0154030954926	0.0247650909213	-0.2515314317609757	1.0	0.002594806925933	0.1603487847107789		0
draw4066	0.0273633311675	0.0585536697462	0.0814775197895	0.915487430904	-0.2941400109225879	1.0	0.0015122380919714	0.0658009984242512		0
draw4068	0.0868653402984	0.165042538791	8.01300731147	0.00120063303779	-0.2480551921344392	1.0	0.0017822133203343	0.0172191497521425		0
draw4070	0.0969114573385	0.0888941223786	94.8219869061	0.414123618222	-0.026354732871091	1.0	0.0060203916268795	0.0127348218396594		0
draw4073	2.89658961323	0.0785263306811	74.2443193755	0.126541350327	-0.773925902333996	1.0	0.0050393647140713	0.1853696890592814		0
draw4074	0.82326322568	0.0196909008994	20.1661647616	9.80075122605	-0.1625231739815852	1.0	1.961631374199666e-05	0.0104755606602427		0
draw4076	0.623739167962	0.299517645205	4.99539140176	2.22820397419	-0.0193959106797664	1.0	0.0374020663807679	0.1048236141789811		0
draw4077	1.37564179382	0.304898765919	98.444581338	0.00174240297063	-0.7104670313670611	1.0	0.01171926737612	0.0189461137519617		0
draw4078	0.021406725977	6.61494036014	65.0194919484	0.0425249285762	-5.201821755608538	1.0	0.174267961261267	0.2357704200367729		0
draw4080	5.42158064297	0.0582313264907	0.0765177652835	0.0264009612849	-0.1128777958653299	1.0	0.082754785046192	0.3141443668070041		0
draw4081	1.13270983637	0.0106200994047	93.9154677347	0.0759134706116	-0.1551541481734049	1.0	0.000131508386904	0.0004517848181247		0
draw4082	0.0454166591688	0.0760612037944	11.1982819564	0.006067236097	-0.5468952851163715	1.0	0.0007152220335643	0.0121301615394237		0
draw4083	1.31564521722	9.29262668348	0.64565856572	0.00279693675502	-0.026296395459962	1.0	0.0386772042615042	1.8768140091521093		0
draw4084	0.0650360799303	0.140858347729	2.30198524258	0.1093336955	-0.0201990458100702	1.0	0.0640917001074723	0.2226083867912317		0
draw4086	0.502600174519	0.06952205995	16.7811036879	0.123354999582	-0.0460656119532172	1.0	0.0037403544229868	0.008109519422232		0
draw4091	1.9717659801	0.0184723929285	0.0442653247002	0.00100051838451	-0.0182597650710411	1.0	0.0150417350318426	0.1609287018767551		0
draw4095	2.1900766685	1.39093727727	1.18546124649	0.0149395222159	-0.1844897157575682	1.0	0.0642025740868039	0.7258588289579433		0
draw4096	2.32914629292	0.032105960092	24.4584067304	0.00146714309073	-0.5973317738483452	1.0	0.0320084991329801	0.0578700206912597		0
draw4097	0.202648245216	2.26965625935	63.4468314853	0.80619188637	-0.3460855677075165	1.0	0.1388398895887097	0.3332230247009285		0
draw4098	2.45852533164	0.0204898570133	0.0807214166354	1.21029591241	-5.006259678588511	1.0	0.0023184807037843	0.4697632125032293		0
draw4099	0.0140735564386	0.0300340367553	0.863331503658	0.39095125732	-0.6186903612320767	1.0	0.002525438282843	0.1368772288746145		0
draw4102	3.23962449867	1.26627216872	11.458281653	4.31706122292	-0.3640973399040424	1.0	0.0944902108482139	0.1117456576347416		0
draw4103	0.156126772996	0.191842012993	0.0232339343453	0.0296214469939	-0.2961161889413843	1.0	0.0045917504523794	0.024772195677892		0
draw4104	0.418634613289	5.1704316403	17.9189646685	0.102001745709	-0.3916546992724904	1.0	0.0676023053335496	0.3562062314426268		0
draw4106	0.170671319044	0.0484894057023	0.233594283087	4.06352286894	-3.0931522160078915	1.0	0.0123420601590232	0.0343458702899144		0
draw4108	1.33823812839	9.62290886579	10.5651939508	0.416872227136	-0.0243998608232408	1.0	0.0026054043821974	0.4610331519023459		0
draw4110	7.07928713414	0.0630686246825	0.0687666162581	2.05019499794	-31.630952225161856	1.0	0.0129088419770603	1.2165554884172114		0
draw4111	4.70609411765	0.0401461905174	0.400713894621	0.00295704860844	-0.0692479387521254	1.0	0.0006373959847164	0.0208158522954921		0
draw4114	0.317543141735	0.226387322743	0.160970717752	7.88016822492	-1.5754632498586851	1.0	0.1566300494519661	1.2421822223713803		0
draw4115	0.115301221347	2.13881054634	1.78744391137	2.15529316017	-1.0809331940781726	1.0	0.0030665972198465	0.4669495457809456		0
draw4117	0.382812278954	1.05116518189	1.22383845855	0.827868940155	-0.2551975705410796	1.0	0.0103841490895435	0.0742277397177671		0
draw4118	0.902807325061	5.10403239619	0.323817282008	0.457919889386	-0.4983222864963389	1.0	0.4140820898654097	0.5293985343781801		0
draw4122	0.0513640747544	0.381581078659	16.2277275763	0.00347531497361	-0.2101040538569883	1.0	0.0038857923946818	0.0495256844893227		0
draw4126	0.0123654930727	0.326979396609	18.2172164906	0.120824353803	-0.0060612542835181	1.0	0.0056602891253999	0.0121726596233281		0
draw4131	0.183818501273	3.6180101177	0.168766132098	0.566975432075	-0.4856264712520254	1.0	0.0006979813232123	0.2346447881845757		0
draw4132	0.0917968442516	0.02926395295	46.0666929656	0.0151637944766	-0.8257152534031436	1.0	0.0446199555517295	0.4754457121434186		0
draw4134	0.576641303184	6.28805021491	0.086908722941	0.10450062433	-0.2406066527964806	1.0	0.0003995534956956	0.5854556509290014		0
draw4135	0.119106721395	0.0151876730268	4.4183209485	3.76607133897	-0.7366329749490412	1.0	0.0001161114590524	0.0136761164288182		0
draw4138	4.41627130497	1.2412011049	8.83167841487	5.19855333524	-1.3839808576461976	1.0	0.0001509079315814	0.0458657817890261		0
draw4139	1.06103967588	2.66042133088	0.29222086271	0.00357446409124	-0.0349255869440859	1.0	0.0494033844464656	0.2162869841110189		0
draw4140	0.522476789579	0.0422050823144	0.142461093213	0.0546858266322	-0.1128652651752637	1.0	0.0077584458527428	0.040940797842864		0
draw4141	0.0599082324124	0.195441228273	0.014010063648	0.150414804051	-0.1623251849760757	1.0	0.0026532320027878	0.067522737441269		0
draw4143	0.0330919344825	0.0345221392702	37.9945972271	0.00653758253131	-0.1889196344109515	1.0	0.0070222464115718	0.0080061845514214		0
draw4144	0.148715112635	0.386621958497	0.105106669795	0.0865806910787	-0.3573601368752085	1.0	0.0067021672398282	0.1312772395377286		0
draw4145	0.0552184164796	0.0257554217116	0.168118733232	0.0298014496146	-2.108704146737042	1.0	0.0067301556200727	0.2493071572933986		0
draw4146	0.699672652175	1.22096326605	16.4471903549	0.00276590152174	-0.167682846549408	1.0	0.0952144760501738	0.1433450666750575		0
draw4148	2.92609996047	0.0966159867598	0.0142314889663	0.129960728782	-0.0213652895024711	1.0	0.0020675693937106	0.1328557663460434		0
draw4152	0.156369837044	0.470836345415	38.8145975551	6.77389744646	-2.629094881983307	1.0	0.1767683441292112	0.2030875929985713		0
draw4153	6.8439767612	9.94149736103	55.2659874855	0.0617062921393	-5.142026420307146	1.0	0.284768160589017	0.3498205498462487		0
draw4154	0.381763788927	0.334532040954	1.87461916847	0.0109738756856	-0.0181215144908791	1.0	0.0116760520694454	0.0804121431183741		0
draw4156	1.25964175998	0.246881929454	24.5962636758	2.78798820566	-0.1590787611147401	1.0	0.0034285351833497	0.0257512210403198		0
draw4157	0.151537048498	0.0145048902811	4.76606753857	0.00470492314173	-0.16350352026301	1.0	0.0202963554920071	0.1762286876177392		0
draw4158	0.0136630725965	0.533770279328	0.0223030345899	4.35706319625	-1.5879499941341555	1.0	0.0067448107091567	0.2879938117265367		0
draw4162	2.43387125558	0.142520486082	52.0807663875	1.0743441844	-0.2396568814561348	1.0	0.003260548700353	0.0051792517079795		0
draw4164	8.81799920158	0.12077920156	0.563766450726	4.09812358695	-0.0983520324649631	1.0	0.0009506431101434	0.0083887831069511		0
draw4165	0.216317506796	0.219772965106	16.9292611434	0.415838128311	-0.838215741142318	1.0	0.0191348451644522	0.1596972730631365		0
draw4166	0.333854868304	6.88773018895	0.0961689057698	1.0868568892	-0.4615509063937236	1.0	0.2919718768722483	0.4614065816663281		0
draw4167	6.00860382082	0.801072424404	0.028285843385	0.0011889770972	-0.1942784325132599	1.0	0.0060922038854232	0.5947649637668558		0
draw4168	0.0811806065298	0.19367621282	0.0510916278919	0.00232112844668	-0.1529742257290061	1.0	0.0060714321637704	0.2258754813298047		0
draw4170	0.049284135714	1.00249087485	0.839320872145	0.321886981196	-0.496281423736754	1.0	0.1194412337609981	0.675906966411238		0
draw4172	1.02489620631	6.54159532171	1.17720771046	1.17886057662	-0.6847112891748207	1.0	0.0001262423675798	0.2513332264539189		0
draw4173	1.36787892238	0.240230875782	0.149438696166	1.84313748442	-0.0789412603066294	1.0	0.0024509792748507	0.0432162292457782		0
draw4174	2.79623664405	7.30291075488	0.0356787675756	0.0188920226456	-0.0712682032998543	1.0	0.0050025107687698	0.0924505039172696		0
draw4175	6.96462099302	0.435748144592	3.21317075453	1.20557088642	-0.2470505161926917	1.0	0.0013080447672995	0.0197117861313634		0
draw4176	5.30500615569	0.0333218592803	9.51919552124	0.158546407384	-0.1100894334620949	1.0	0.0074028814352082	0.0187897783969483		0
draw4177	0.0116524813185	0.0313316592866	39.8783486589	3.10951895131	-0.0203248067708582	1.0	0.0024976127561135	0.0367591204313553		0
draw4178	0.519824542726	0.824522734862	18.7014157363	9.08515877064	-1.0271303104105636	1.0	0.0136523871532491	0.1232980942197436		0
draw4179	0.0377258033425	0.63893735417	6.75332517058	1.09266848398	-0.1202714981159456	1.0	0.0084870932733307	0.4437206042679033		0
draw4180	5.70960289999	0.234393324655	2.0492055617	0.0015663627731	-0.1367963660718789	1.0	0.0220902685579303	0.0650990411710144		0
draw4182	1.46240115878	1.16554159568	16.6727111105	0.271591092331	-1.5782869047967578	1.0	0.0009897120921751	0.1791639129273165		0
draw4184	0.0108207163899	0.633946302386	0.468072109979	0.00423487279087	-2.294820370516654	1.0	0.1324077131613618	1.0241285535037798		0
draw4185	4.42131025719	0.0309674412005	8.40932727994	0.0178720341278	-0.1061151702823533	1.0	0.008160644154473	0.0130295744008421		0
draw4187	0.110593013849	1.80396432329	0.570672851786	0.103142446699	0.009623616045273	1.0	0.0434819847157529	0.4798127721820071	0.1270666827554691	1
draw4189	0.0159981895166	0.189896905259	66.7097179583	0.022846092814	-0.079664550492597	1.0	0.0035011049635545	0.0079090564829516		0
draw4191	0.483949032973	9.94837312383	0.038026742084	0.853045269653	-1.2102333171173936	1.0	0.0041472953847941	1.2107993328337536		0
draw4192	5.44387722418	0.0339654851242	0.123781124143	0.562379073277	-0.1958645180362231	1.0	0.0003017881800275	0.0152534023905479		0
draw4193	2.32599616689	3.2786429927	35.9300472782	0.0384989154504	-0.8213221359607639	1.0	0.0409102482411879	0.525827625412442		0
draw4194	6.43374595331	0.210417900945	0.0847720770878	4.37755310805	-0.3026858064983206	1.0	0.0001045668096617	0.1316692256649071		0
draw4195	0.922416829069	0.139306474801	86.2438898369	1.41100184764	-2.7657514881354563	1.0	0.0054268149793845	0.0386769378350109		0
draw4196	1.65565717249	3.90835170237	9.46676872269	4.46536763583	-0.7900614279317373	1.0	0.0023636920007977	0.3110169586502098		0
draw4197	0.0180470516923	0.0189968083959	63.7942748964	1.54860890608	-0.4220095029307253	1.0	0.0010015461453046	0.0318990945783784		0
draw4199	1.05251017523	0.120402339894	0.325900679332	0.0733304617679	-0.0774126232747961	1.0	0.0066382145848357	0.1410868741451296		0
draw4201	1.65912701435	8.33994304567	0.031712415421	6.5494434875	-0.1774893374046142	1.0	0.0016980213835899	0.1184266462492634		0
draw4202	0.187603342283	0.0878700535045	1.37592200665	0.166758101467	-0.6911469483696038	1.0	0.0178412335020805	0.3320246687930768		0
draw4203	0.968305937085	0.0762250072604	0.0246238604375	0.00270332111886	-0.0034748440870032	1.0	0.0203084935693036	0.0344234696532786		0
draw4204	0.661731754633	0.051141843011	0.0296187154216	0.282686424903	-0.2667975009785896	1.0	0.0005282025439294	0.04835500039024		0
draw4206	2.84105404894	0.944246914139	1.4037149107	0.0011955609436	-0.0432539292000988	1.0	0.005375523526794	0.0464039622267987		0
draw4207	0.169113198299	0.025249101831	3.0561790271	0.0035238414035	-0.2928475477780219	1.0	0.1120457885490662	0.6976093582070605		0
draw4208	0.0218253960048	0.106966382948	0.23671050418	0.252036316709	-0.2968260458947199	1.0	0.0085377150068164	0.0321633784402588		0
draw4209	0.670368303987	0.0117811389949	19.4561668021	0.00273196365512	-0.0366762702646909	1.0	5.2065811097425874e-05	0.0019758736973969		0
draw4214	3.43963817831	1.44552660718	1.09299471513	0.216644629776	-0.5074693237811178	1.0	0.0077007412835427	0.2518655883045078		0
draw4215	0.12578353802	0.0114608150863	0.126197340939	0.00538633389829	-0.1636846400535949	1.0	0.0219238914671134	1.1912072991076958		0
draw4216	2.18115797818	0.244900759365	0.106540077851	0.0877804680231	-0.0345863090809743	1.0	0.0017510846219005	0.0416353537116361		0
draw4217	0.0144909688206	2.45880985297	84.0347059374	1.52731935025	2.1803747778493694	1.0	0.000763386454272	0.3834379178994795	0.2268149009152754	1
draw4220	0.0556270284163	0.996317616369	0.674273572419	0.172447192035	-0.1373781438670319	1.0	0.0564344521197309	0.2765035494733056		0
draw4222	0.0838777124076	3.80216130711	7.70854646723	0.0329708615441	-0.6168707491662443	1.0	0.0950103661755878	0.5982624932761074		0
draw4225	0.898323666495	0.0451039997741	0.027731568568	5.35003738778	-0.4658990446370422	1.0	0.0123994614916297	0.1399486518558196		0
draw4226	0.454900382338	0.689287938175	0.0252237975764	4.84068634474	-0.1155502562420638	1.0	0.0022539652945029	0.043345148879811		0
draw4227	0.272266733717	0.0254470064383	0.0571680594567	0.095181328414	-0.0395836785994775	1.0	0.000760956743421	0.0460792276932802		0
draw4228	0.0424558100341	1.17851686685	0.286161745267	0.0195765997647	-4.713064964145247	1.0	0.060040010528823	0.0917627028044957		0
draw4231	5.00920638265	0.0118524185652	10.277606501	0.00700157970039	-0.5971504028587421	1.0	0.0010961484869798	0.0012718474052514		0
draw4234	0.95470482173	4.35959775959	0.478282249811	0.753816122964	-0.8331383123404457	1.0	0.1947901471455013	0.4481918400098549		0
draw4238	0.887969410407	0.933931203973	58.2772771567	0.00243140053566	-0.2082688389231503	1.0	0.000225906398973	0.0012963151825348		0
draw4241	0.391457723082	0.0238095825874	0.0180125430283	0.0887559130829	-0.0744270780872027	1.0	0.6258152295059021	1.462554936079357		0
draw4242	0.633506716585	0.0160860505186	0.102630735633	1.8521510968	-0.1035158941918448	1.0	0.00200638089461	0.0082370552926387		0
draw4243	1.48880725038	0.0812959185254	47.3202845643	0.0270461841521	-0.4251235938693423	1.0	0.0005778207171901	0.0023246878120742		0
draw4245	0.13349775712	0.140142030105	20.2878680855	0.593705822134	-2.01492240509536	1.0	0.0786306490347726	0.79667996107077		0
draw4246	2.02898357662	0.14095233634	51.3839553965	0.551622591445	-0.1943299191846558	1.0	0.0004193477022507	0.003038988542624		0
draw4247	3.66357057766	0.0638197055039	3.18740974958	1.03967310099	-1.4290731903452487	1.0	0.0014526225053781	0.0388891829175156		0
draw4248	4.36871896136	0.469384044456	11.704228532	1.00634067413	-0.1741971429426296	1.0	8.44633435474962e-05	0.0064261150982348		0
draw4249	0.169670414336	2.67136239842	1.89206361832	1.22845302483	-1.0048860151561143	1.0	0.0002987652714886	0.2830090234506315		0
draw4250	0.118946156376	0.197352554512	0.115505197117	0.326760553024	-0.2475209070279735	1.0	0.0036017156688278	0.1238395175085391		0
draw4254	4.19998437158	0.0318094710117	5.12959093263	5.70786839293	-1.1154142613840232	1.0	0.0063838027446863	0.0076064568021349		0
draw4255	0.0723738893123	0.014190935214	0.0143839018965	0.0523602064188	-0.0863302813708516	1.0	6.472362544149082e-05	0.0226933690616147		0
draw4261	0.287967208804	0.563474949514	0.171527137526	3.7730493921	-2.4383434775165287	1.0	0.0035640640925684	0.8573135373268242		0
draw4262	0.380803598451	1.83823799423	81.8208671156	0.00968989779103	-5.094909298990338	1.0	0.1506251605168111	0.1865067092886394		0
draw4263	0.236242518452	0.0121642385166	0.0938055311724	3.14637323596	-2.170301051775894	1.0	0.0054641043354646	0.1997095265998638		0
draw4265	0.537213452584	9.2200076289	0.390636522703	0.0208474229399	0.0912829555183836	1.0	0.1194731667958697	1.076108417483829	0.5101401185009975	1
draw4269	0.0266491556773	5.77742347443	0.0101926616339	0.00324867864603	0.1248775330684706	1.0	0.1433374983510119	0.5163461532369211	0.4290550295371594	1
draw4270	0.236438677985	4.10938501347	2.01954207633	1.94877352683	-0.7413593032107821	1.0	0.0013448574075026	0.1150727456740452		0
draw4274	0.0279268815312	2.82236695955	0.0451672940527	3.47789174997	-4.355705136730811	1.0	0.0184537468331902	2.240957861495043		0
draw4276	0.701118968859	0.280658241251	3.2329878039	0.0820322208263	-2.542310912895112	1.0	0.0821929377531097	0.1750169084339208		0
draw4282	3.01269702242	0.0161615630999	1.55627351962	0.0133465591773	-0.1729104168572925	1.0	0.0004429321557361	0.027257676807588		0
draw4284	0.639059381487	0.082784686584	0.437973693441	0.0605964437905	-0.0713908449208524	1.0	0.0044655900557261	0.1101442427501252		0
draw4286	0.366954189835	0.078014056646	0.0672691110144	4.98302084768	-0.3075193491209881	1.0	0.002953258202061	0.0385059134033016		0
draw4289	1.6785001968	7.13926186002	0.25932342426	0.10024277593	-0.0664009326131375	1.0	1.4346166563844809e-05	0.1134785670457083		0
draw4290	0.178481598806	0.0193216283359	0.15032338326	2.76697658839	-0.0299385132175011	1.0	0.0001649646267952	0.0126204478893517		0
draw4293	8.92424983891	6.1734642783	3.91369391122	0.00707419755602	-1.485193929644533	1.0	0.3308591383035941	0.6290676107976461		0
draw4295	0.116852347427	1.54677389574	0.0174285806652	0.480492063897	-0.6963124052075974	1.0	0.009184384424545	0.3858831524810749		0
draw4296	5.44957166741	0.0718940039611	0.125048723557	0.116092768849	-0.0369682840522631	1.0	0.0625954976640747	0.3872863707194136		0
draw4297	1.65411943689	0.104097215656	52.6196546527	0.00306114964122	-2.5510126659307764	1.0	0.0152576886797983	0.0523661106456334		0
draw4298	0.168268462673	0.0127420978099	4.88391460312	0.0347509732061	-0.0700647316339419	1.0	0.0092830234329113	0.0476373092426697		0
draw4299	1.405627987	0.141456873717	1.14684642745	0.097906122182	-0.0650242353545175	1.0	9.080667019872843e-05	0.0094658305785994		0
draw4300	0.274650835518	0.0396848961395	3.77130315415	0.0371821608782	-0.4853018636733038	1.0	0.008646290244956	0.3103454067313391		0
draw4302	0.0216188429562	0.25258109027	0.0409167573657	0.0652174774835	-0.0757712830618164	1.0	0.001004183336655	0.0462386399054467		0
draw4303	3.07382534645	6.07327923359	0.0577784725253	0.0703069789173	-0.2279064410997632	1.0	0.007378223893975	0.1375028086921202		0
draw4305	0.0185354133913	0.325721025021	6.68060840972	0.698834982475	-0.8530520879058879	1.0	0.0215869028777557	0.5064673208799965		0
draw4307	0.0122445351313	0.0144574348655	16.0812558115	0.760273946563	-1.7468569598953156	1.0	0.0186572762879568	0.110157026898639		0
draw4308	5.34192996428	0.539523613382	4.69897849719	0.423826908395	-0.5650729339337697	1.0	0.0054379756033781	0.0072103588314328		0
draw4311	0.13636664565	6.02612679345	13.1242708055	2.77277394049	-0.1403247056366706	1.0	0.0066976395307637	0.0520057871420555		0
draw4312	0.0809732044665	0.744351596274	0.294236174451	3.63544645737	-0.731878955664568	1.0	0.0002744981593818	0.1893699320278443		0
draw4315	5.50502165457	0.0438459012349	0.424597263698	0.442926146519	-0.8754216353231141	1.0	0.0003621427653559	0.057090978688288		0
draw4318	2.52852983318	3.76322030509	48.8464575801	0.977640883338	-12.3499533841521	1.0	0.2411008201980263	0.4184813493242313		0
draw4319	0.457177132697	4.22961502286	6.81489540334	0.00226493403841	-0.064763325751245	1.0	0.0952935063943169	0.1687553135941823		0
draw4320	0.0207030827519	0.746711822583	0.0955277196501	0.00524609909482	0.045473934181723	1.0	0.010517485789899	0.0457299050887758	0.0307619644579903	1
draw4323	0.0491892010532	0.0722070882629	0.369238193404	0.00142980849839	-0.3029704447960543	1.0	0.2792809735879061	2.013786831689403		0
draw4326	1.24713851592	0.0180800059105	0.125814547001	0.0151313686961	-1.066718557039088	1.0	0.0239168184755812	0.5795548885161679		0
draw4327	0.0511785228798	0.048176829366	20.4971231467	2.34797368331	-0.1060526284012479	1.0	0.0009465848177978	0.0040780261002332		0
draw4328	0.297150830018	0.100677864489	0.0383450799632	0.0304904225937	-0.0612735055170782	1.0	0.0018658333615591	0.0388114926415384		0
draw4330	0.321943755629	0.300624054549	4.11478738219	0.0267778467423	-0.1455162094747976	1.0	0.0228594932388955	0.033696970623718		0
draw4331	0.0455655506277	0.318330868135	63.9761157298	0.516845457571	-0.1236749794453554	1.0	0.0001525107561019	0.0849098233988377		0
draw4332	0.0110358474863	0.0221766661548	2.92934921307	9.24178527255	-0.0602761752056241	1.0	7.319713377487347e-06	0.0041977007252247		0
draw4334	0.0795649054696	3.7152644809	0.259019365823	2.56362597496	-0.772456456300908	1.0	0.0037106828251922	0.2768551114410394		0
draw4336	9.09382761629	0.0132061709532	13.0806307277	1.88086364481	-2.5878920360089155	1.0	0.0003354260342361	0.0065666506291849		0
draw4341	0.0673260957346	0.487773524542	0.278071997281	4.39897378217	-1.1165631124375883	1.0	0.0001388685786114	0.1580875094865908		0
draw4342	0.279598677573	5.75831422762	24.238628943	2.68464928512	-3.0307938513704467	1.0	1.8919314287936964	3.1638313353124894		0
draw4344	1.20309502603	3.82756086078	14.5248967043	0.00774541382251	-0.7428217218888403	1.0	0.0107792473421122	0.8223491629466311		0
draw4345	6.2800464179	0.078300400019	8.68273427133	2.39575703449	-0.1854919624350487	1.0	0.0001688863608895	0.0485703217542202		0
draw4348	0.0992840473058	1.06672343549	31.5921730815	3.07650684404	-0.0679901284739991	1.0	1.4973061277883687e-05	0.1118920041545537		0
draw4350	0.152990453464	0.157344627015	0.154878980556	0.356178567885	-0.1656147872426756	1.0	0.0025294045809324	0.1297668946220207		0
draw4351	0.015441649894	0.028172210359	30.0721002945	0.0110589017691	-0.1281420179456319	1.0	0.0022257414433959	0.0023647179919405		0
draw4354	0.033360211055	0.122141396356	0.291384112537	0.574337480953	-0.670878282980688	1.0	0.0572757076429211	0.5234820542894776		0
draw4355	0.0201634744911	1.29714586071	60.0874782273	0.00249035250726	-0.5201730063637853	1.0	0.2424787699147298	0.3465324285494881		0
draw4356	0.28088738976	0.0112203961682	73.2290531862	0.0669725235206	-0.0497344676494777	1.0	0.0001560911563526	0.000283270876799		0
draw4359	0.36844550025	0.073328282424	91.9845766318	2.53283790633	-0.04337577300209	1.0	0.0055719363711849	0.0311989021484532		0
draw4360	1.59969729447	0.0161887688177	1.07310512246	0.00244948020613	-7.4826313144620995	1.0	0.3198288413856857	0.3693475493977526		0
draw4364	0.0246428037791	0.116008859697	3.80436648879	1.22352749703	-0.0180499259774717	1.0	0.0063337756755038	0.1401325049132525		0
draw4365	4.32335811024	0.0416189662686	0.0414150980745	0.0233916606677	-0.2697666792432679	1.0	5.74241390494899e-05	0.0700327307467971		0
draw4368	0.0137341949068	8.41731957438	0.100241047218	7.83927290423	-3.083072907603536	1.0	0.0160958646081923	1.4509668780388725		0
draw4369	0.054822419436	6.15472786409	0.0223272867866	0.00668796507584	-0.1703681689911181	1.0	0.0253409490412543	0.1388276352737714		0
draw4371	0.326639320998	0.0109813029819	0.294769988805	0.0429680022044	-0.0637469042217207	1.0	0.0093595245314703	0.0481277379043402		0
draw4372	2.60199070435	0.0335693276945	1.16083875938	0.026108392759	-1.4101003260285514	1.0	0.0037326329469591	0.1893556507456277		0
draw4376	1.68643254736	0.0143984830626	0.01974184774	0.0108572906577	-0.2910408359442705	1.0	0.0153423301573601	0.0672536697720796		0
draw4377	0.177899975598	2.07136474911	0.336286733892	1.17267051352	-0.5704762347351927	1.0	0.0019897078971998	0.2487424643929685		0
draw4379	0.463303532516	2.20275846273	0.0623916016932	0.305857223068	-0.4946111869251062	0.0	0.1182758803173394	0.1182654330088151		0
draw4380	0.738872574053	0.38310178346	0.0187466228881	2.16926396246	-0.5765937501980906	1.0	0.0025186734370269	0.1535559659574518		0
draw4382	0.0210643927782	0.349955870407	0.117191036562	0.00118021000424	-0.9826619082034842	1.0	0.2274174633856165	0.3609314229002699		0
draw4383	0.119464920392	0.82037653264	0.0773445501071	0.00752222567509	-0.9173333432253375	1.0	0.0419634784316036	0.1222633403588804		0
draw4384	5.73832816096	4.71228490036	0.672563543122	0.32939147214	-2.2885384410175167	1.0	0.0090736674601305	0.1909645722100613		0
draw4385	2.15249309267	0.373981049146	0.124179448346	0.0254494148755	-0.0947739570275136	1.0	0.1717179927369109	1.3087939615393254		0
draw4386	0.387166939869	0.0753981145031	0.498140492436	4.32276968923	-1.570130632143507	1.0	0.0002291882545997	0.0409253460707165		0
draw4387	1.11123461093	1.4047917846	3.92102499836	0.00723424464482	-0.0134536086580306	1.0	0.0079470537426533	0.1317843923767961		0
draw4388	3.1790510762	4.16367138576	0.0204707205828	0.0107963445579	-0.0462744769261416	1.0	0.0015639574380543	0.0609060071018584		0
draw4390	0.0387127642597	7.38143205179	7.00229067235	0.364753242371	0.9423466233077842	1.0	0.0029228773349684	0.2702188170827769	0.2540254751926677	1
draw4393	0.0341138129975	0.0222865614338	4.95589057956	0.0401062315374	-0.1196088210802059	1.0	0.0013243947255758	0.024816113051629		0
draw4397	0.830616992314	0.0108102120485	0.0389555337833	2.2360075318	-0.1102493871739437	1.0	0.0019636401550341	0.0559827252411696		0
draw4398	0.408592354071	5.63007028156	2.31192768496	1.98539117136	-2.394564787696879	1.0	0.0083197457979829	1.1369803911629457		0
draw4400	0.404663521873	0.513734792591	9.78042935901	0.0832758888979	-0.16824111564156	1.0	0.0670731193014517	0.0717917818048468		0
draw4401	0.0362801945594	0.282078371545	0.120927898982	0.512375254228	-0.6331024163136354	1.0	0.0031646427696766	0.0390122845898048		0
draw4405	0.507941683753	0.0254007589352	7.92958361495	0.200006797385	-0.2548986420555655	1.0	0.001870867146004	0.1014512256970124		0
draw4406	0.409410232314	0.415097813292	0.195183998404	0.0210604327159	-0.3792597994384701	1.0	0.2270127726092109	0.821166305381767		0
draw4407	0.826325462223	7.41550061135	1.00910327398	0.435149931573	-0.322932697889237	1.0	0.0032633738345066	0.0943780568060039		0
draw4409	0.375550229071	0.346996009275	38.1096102917	0.00158718028433	-0.1860402021677933	1.0	0.0174591813444827	0.033417180951313		0
draw4412	0.0547591899123	0.122763613211	2.15083553454	0.360326525167	-0.0669195964135679	1.0	0.0085125318994168	0.0950152459244104		0
draw4414	0.0705259333092	7.03962497563	0.178507056824	0.227012845484	-0.3152353786705547	1.0	1.318609296206901	1.9186023532996013		0
draw4418	0.697139414048	0.0106665308963	1.74028725067	2.00101126586	-0.1814458069442428	1.0	7.555237929661393e-05	0.0246705933350649		0
draw4424	0.020760495924	0.941733874667	14.6796078578	0.00953296483221	-0.0274788520567894	1.0	0.0200141436576799	0.1465421407989617		0
draw4426	0.195801436884	8.48263282803	0.476203016878	5.27910115987	-1.8824691905254167	1.0	0.0004658896120546	0.671198350694453		0
draw4428	4.0671686164	0.0446340163842	0.233243460273	4.758197537	-0.4859060795944712	1.0	0.0034390209862252	0.0988798591253044		0
draw4430	7.1568101965	0.0468542484657	0.604020281334	0.249674298072	-0.0130276020115811	1.0	3.197962559061768e-06	0.0077698477062409		0
draw4431	4.07027416097	7.13305963765	13.393454874	0.686072688334	-0.2975189280079826	1.0	0.0001146347274143	0.0628227494856489		0
draw4432	0.0101923780812	0.0343825689652	72.1899713389	0.033365209628	-0.1077844288254835	1.0	0.0062728597649233	0.0153987867978749		0
draw4433	5.09721885654	2.06144885506	4.1962617665	1.23843161426	-0.9572024806526152	1.0	0.0987615575868612	0.1960359953613566		0
draw4435	0.0175876011666	6.2993552806	21.7088032932	0.00886548571415	-8.057196171076036	0.0	0.1195140799124078	0.1195139719006481		0
draw4438	0.0316266824263	0.0164947188582	5.62274175972	1.23694676619	-5.010127673251006	1.0	0.0074786217530289	0.2151869717551872		0
draw4439	0.517542076357	3.68391602196	0.0920449921612	0.0458274092828	-0.0775042318794821	1.0	0.0002001941748794	0.1637705627765792		0
draw4440	0.305873173911	0.271899463992	4.50312289515	0.107994428822	-0.0152199294465525	1.0	0.0079941807197907	0.0560557054788896		0
draw4445	0.275376609349	0.5170664813	40.9903076967	0.0015189503696	-4.587456559140117	1.0	0.0503225313799438	0.0801775929375211		0
draw4446	0.0499394281402	0.0311263425663	0.0858547920166	8.39464578053	-14.15897259714096	1.0	0.0102140372665566	2.332237651402762		0
draw4448	2.25763717395	1.43896794971	2.76315851569	0.00980250479476	-0.2606498556877391	1.0	0.0288392645589513	0.1039374458549474		0
draw4450	0.0542930024349	2.63615322187	34.7212185497	0.546597225428	-1.1063311550643984	1.0	0.0047361014189014	0.9450975918956024		0
draw4456	5.17558002642	6.32515894819	7.69020419124	5.61090352205	-0.656117129243977	1.0	0.003461408881754	0.0829416080519666		0
draw4457	0.120294750001	0.126759800062	8.1428104195	0.0383315127737	-0.0096620795497489	1.0	0.0040057461791957	0.0687697476514293		0
draw4459	0.010925394602	6.70081242901	51.7988075031	0.717062238598	6.9754558253327605	1.0	0.019638525980182	1.5367923951913685	0.5445635640180168	1
draw4461	3.88420265501	0.913443889186	0.289169999101	1.20093585655	-0.1410285989345146	1.0	0.0028244116197932	0.0463686988166047		0
draw4463	0.141321563452	0.1406993439	0.118536842752	0.0274517728244	-0.0281711111122872	1.0	0.0003861079479352	0.0538080222450992		0
draw4469	0.0243078665329	0.285771069018	31.0335836979	0.0154854886874	-0.3719829518650013	1.0	0.0368304967663992	0.3333231459861214		0
draw4474	0.158776486863	0.0740609365092	0.179176811163	1.34513651036	-0.2122243892403405	1.0	0.0010928608241708	0.090045110362965		0
draw4476	6.58636666199	0.0653950000856	54.2070016173	0.132044234009	-0.2508281312909894	1.0	0.00026475719058	0.001842275351083		0
draw4477	0.78492985637	0.16676017666	26.7646119881	0.307566426587	-0.6251007838552801	1.0	0.0077834050143929	0.0835331281033526		0
draw4478	2.95849352982	4.78102824721	0.0219440178505	0.00105200435532	-3.004696065417567	1.0	0.2173835613536533	0.2543690337691008		0
draw4479	0.046886744821	0.0184602495648	0.024588241328	0.100485692241	-6.557767853469276	1.0	0.128873106658519	0.2844076510629591		0
draw4480	0.581398191644	0.20195183346	95.3446989233	2.51963426415	-0.2493978196302146	1.0	7.648111477627968e-05	0.0018513852802132		0
draw4481	8.11459379278	0.94957764911	0.0393077476317	1.11100805531	-0.3235663301195181	1.0	8.511687274114985e-05	0.0275039589227954		0
draw4482	0.0325677521934	0.0850455724803	76.6783029003	0.906917095106	-0.0271792516536923	1.0	0.0014598434975619	0.0122155237821999		0
draw4483	0.297502636542	0.162752143789	65.4765625447	0.0309686372686	-0.8439069521328783	1.0	0.0010677532148503	0.024111092180394		0
draw4485	0.308877297743	1.21084229906	0.142385107785	0.00813408529089	0.0542086721664129	1.0	0.0007251223836687	0.0703515529514497	0.056378871478499	1
draw4486	6.41712117398	0.0684559677619	0.0257222197372	8.67392063666	-0.4010678292596233	1.0	0.0002394942148563	0.0159231128935636		0
draw4489	0.0200581128263	0.15544490546	0.026437640781	0.0494350129879	-1.1217831292713027	1.0	0.0675538465997603	1.2891177158939513		0
draw4490	0.0410462571075	0.0219767823124	0.192523479443	0.0617863629166	-0.0631545350577588	1.0	0.0091964131925492	0.0616842358372275		0
draw4492	0.346867232496	0.154218652973	1.0198869594	2.69004188715	-0.1909928876218212	1.0	0.0011169164916722	0.0476911884355494		0
draw4493	0.215112624311	0.0205183733399	1.6291206495	0.242370646927	-0.7472437117528157	1.0	0.004590020357299	0.084987740458598		0
draw4494	1.26172152975	0.0347050335672	0.151237013988	0.0649600152553	-0.019706785972293	1.0	0.0005908022457851	0.0363253671452513		0
draw4495	2.26114296333	0.0853787092553	0.0121032670609	0.0851318004649	-0.0174392780708036	1.0	0.0001095989360422	0.0169905754347841		0
draw4496	0.0852405488405	0.0601703951499	0.0263783057748	0.0135939326735	-0.0432215145044278	1.0	0.0029087889689612	0.0638653678728257		0
draw4497	0.397972841616	0.0104753751626	0.0562072245622	0.00156773861026	-0.2054463635516803	1.0	0.156936224904533	0.2852269727189855		0
draw4501	0.180854202173	6.34975657459	0.0271947383779	1.98889001865	-1.110571594186211	1.0	0.0167225989422367	0.2802539268634439		0
draw4503	7.33877420469	0.288815616792	0.147498545064	0.859691562151	-1.429257514691491	1.0	0.0004221904127613	0.3301202250008698		0
draw4504	6.62770438895	6.08746094598	30.6237601434	0.00492858462408	-15.310850979882774	1.0	0.2724961864925274	0.4367387425117484		0
draw4505	1.39995369802	2.30694202863	0.492861658065	6.50519236049	-3.1000950621344536	1.0	0.0061027845959695	0.4615381397130929		0
draw4507	5.4024757228	0.82637518305	20.2786169007	0.0146988525769	-0.8427268937828247	1.0	0.0195681932486024	0.1321750689913221		0
draw4510	3.86531474598	2.64370172555	0.0274746581593	0.37065116599	-0.9162921284104646	1.0	0.0040910784331785	0.4873976723292069		0
draw4511	0.128838657087	0.0210949257803	0.0135817482504	0.536531116598	-0.5959242450123406	1.0	0.0001360427286182	0.1977625378167637		0
draw4512	0.170132915154	3.69109889116	0.696573294848	3.3396674534	-0.3446737798477471	1.0	0.0005626677274834	0.154669921565416		0
draw4513	2.15552882046	0.0744734756767	72.6178373424	0.00859157603172	-7.695415584431959	1.0	0.0019397408731218	0.0020913916454861		0
draw4514	0.752211071064	3.26567026383	0.462048613464	0.463835183316	-0.5748878683948369	1.0	0.000973388576512	0.439706574588472		0
draw4518	0.60905564743	0.0114971246045	0.148845304044	0.00148224999264	-0.2548193318925008	1.0	0.0115796959670541	1.101659455661434		0
draw4519	0.255668261161	0.118967851907	0.0231472883715	1.04428892645	-0.0887832109634026	1.0	0.0020454666649941	0.0871000959349759		0
draw4526	0.0527088602564	0.0114735147612	0.0188821735103	0.00771929437761	-0.0213336522213363	1.0	0.0038659279827103	0.0244431782115951		0
draw4528	8.87939065305	2.29653126316	0.0213792622872	0.00333310540906	-0.0255084303172043	1.0	0.0110737475466161	0.1268504665551294		0
draw4529	9.57140787608	0.0164840258042	0.0469954951004	0.130547455524	-0.8280471716660719	1.0	0.0048772036780511	1.5445517602019945		0
draw4533	0.0181658380041	0.0252294066289	43.068598157	0.00265524059914	-0.6108042542395574	1.0	0.0078779478832272	0.0347189309495688		0
draw4536	0.466933360507	4.2908756323	0.0304425656108	0.0022458486841	-1.2042125600866316	1.0	0.0497310395416627	0.4490783532913211		0
draw4537	0.745408481206	2.0235367632	0.915302752119	0.00304160320701	-0.1038176263437984	1.0	0.0100558831177151	0.0282106058625031		0
draw4538	0.0833095982365	2.85429209289	3.2192714339	3.64467558388	-0.8625580810849932	1.0	0.3415958564357486	0.6226677420525925		0
draw4540	0.660742667384	0.0397939229216	1.01125038693	8.16907437203	-0.0990909125950344	1.0	0.0018585905696922	0.0131795321143492		0
draw4544	0.0528771771429	2.43232314399	0.223874149381	0.00735432774902	0.2839809863469618	1.0	0.0183665321672117	0.2497731768681425	0.1007645343402177	1
draw4546	0.416075407169	1.09093292736	0.148117410273	4.24498172792	-1.5815433282104208	1.0	0.001996474512474	0.2066637627466734		0
draw4549	5.03198061379	0.0561189669088	0.0297694435934	0.125673711992	-0.105965532631137	1.0	0.0006448105454199	0.0300619636713893		0
draw4550	1.08288380174	0.0315751200602	91.7030550589	3.74160694966	-6.327222812383623	1.0	0.0007443952936158	0.0206020522872307		0
draw4552	9.56074948385	0.333322392376	0.0335305522409	3.54274415755	-1.3313623463869182	1.0	0.0005013249822912	0.0568039192495311		0
draw4554	1.22295814197	6.28630360373	0.53395574881	0.00142014204992	-0.3798087166033367	1.0	0.0122372408836199	0.0354478811443655		0
draw4555	5.89662040001	0.637965706227	3.08579538756	0.0011506870942	-0.089588537914796	1.0	0.0192620428392047	0.1762453316108047		0
draw4556	0.0104697569949	0.145957724916	50.996251435	9.9931835482	-0.570449508811685	1.0	5.704475587302782e-05	0.0310844700809051		0
draw4559	0.185422438264	0.0239685102309	8.29823816776	3.55451863177	-1.6146011185720182	1.0	0.0001534202101882	0.0388521821409402		0
draw4562	0.356117910361	3.67685445128	4.25357064749	2.87284403374	-0.1136507660069377	1.0	0.0070589623598116	0.0763088200678931		0
draw4564	0.9639290428	0.0671080692108	8.43073700811	0.0164058371217	-0.1126747343114957	1.0	0.0060266520033284	0.0089911712471067		0
draw4565	5.92697864187	0.169868909313	0.988164832573	0.0726973035909	-0.0184357299540439	1.0	0.0066088380410184	0.0324409381752022		0
draw4566	0.976545349703	0.014257536456	0.227882257267	6.53021627706	-0.5912373252342552	1.0	0.0001972215417747	0.0240611247464073		0
draw4567	1.79595505173	2.12468297815	0.367655178857	0.240452011337	-2.830332491745573	1.0	0.0020724107962658	0.4419507984240057		0
draw4570	0.245761252449	0.711562848418	0.0736621650554	1.24806579244	-0.9029106342470624	1.0	0.0272171477504541	0.6591694551740289		0
draw4575	0.990212075605	0.300999561197	44.430114733	0.0564884490807	-0.0737829274946963	1.0	0.0015794505773465	0.0116399430291727		0
draw4578	7.96139001776	7.64829518651	11.0062893679	3.30191546837	-0.3799232259975223	1.0	0.0021858243247389	0.1652341547642453		0
draw4579	1.20744654197	0.0124498619322	9.23179913806	0.00770357978066	-0.8917852702696141	1.0	0.0074511169787263	0.0147973815989384		0
draw4580	0.06827798118	0.508738619799	0.0106522728258	1.68758653869	-0.2105554274506422	1.0	0.1203751644429513	1.0964833228745612		0
draw4582	4.33144640605	3.50973125327	0.164107301703	1.62233217048	-0.7995105413463532	1.0	0.0002315537981129	0.1573383364164592		0
draw4583	0.181177630493	0.0714521395203	55.7224195975	0.0943942687774	-0.0877170093816745	1.0	1.1612291670313071e-05	0.0018789178042736		0
draw4585	0.0215882229233	4.26589365706	0.0141527712468	0.00175027937461	-0.1554788456300517	1.0	0.0033126601820048	0.1449329649407872		0
draw4586	2.19490989556	0.151778066882	18.7709532738	0.0405028679827	-25.466012167613588	1.0	0.0027481074747237	0.0246904199768981		0
draw4588	1.10316458939	6.67618256483	0.0321532025683	0.0492285009874	-3.613258948943021	1.0	0.1572390142368366	0.1985345790581116		0
draw4589	0.446561605735	5.86882705895	0.0105221293258	0.0298334184518	-0.4764530812543921	1.0	0.1413807474089757	0.9144778347814296		0
draw4591	0.852909303221	8.34583922385	5.86895094444	0.00803722294665	-0.964423341959145	1.0	0.1852356833323887	0.4314365710988725		0
draw4592	0.105891450495	8.02276844351	0.127011832156	0.00392077169342	0.7406181472578194	1.0	1.1491960737355265	2.2360430094040167	1.1491960737355265	1
draw4594	0.024828444101	0.990217760226	0.0898056770021	1.73624690407	-1.20139107128595	1.0	0.0040081450673408	0.0966773958057165		0
draw4596	0.043317689907	0.199649162491	2.19401712217	1.60615595754	-0.9128403880535626	1.0	0.0036097923374886	0.0944094953096527		0
draw4597	0.265662470157	7.32271290715	0.348515076622	0.689044710474	-1.282743058737553	1.0	0.0022874725268573	1.102241921671007		0
draw4598	0.340882549803	0.0126935634346	0.0582433961027	0.712758651397	-0.54552017076722	1.0	0.07339657502982	0.3605969898537876		0
draw4603	1.87547749378	0.0310822856385	0.144959972222	0.0676488532311	-1.046510841390776	1.0	0.0069184676896539	0.1124409653199352		0
draw4604	0.10196915769	7.88757730226	0.0401723401798	3.38918607594	-2.613316420834294	1.0	0.0007993816626776	1.0182994033836703		0
draw4605	0.158224479859	1.23977507742	38.0731556717	0.0162117807612	-0.0896238698329718	1.0	0.0573723419411811	0.2330823370177107		0
draw4606	0.386806698452	0.0470920356741	1.24101058426	0.931994593852	-0.2743825437944096	1.0	0.0144615996572579	0.2632479787513706		0
draw4608	0.0164230211517	7.584660508	69.4728539942	0.310496826515	-6.870890128494588	0.0	0.0319609369501115	0.0319609180720654		0
draw4613	2.14312651632	0.0722353311186	0.0196793489044	0.0225241909578	-0.011760975129963	1.0	0.0092304411860114	0.0285166464572719		0
draw4614	2.39855443063	5.08157845	0.702243679648	0.227941466321	-0.0770272404155324	1.0	0.1703291514293687	0.994089176378972		0
draw4616	0.330019474286	0.012715868048	7.02657871998	8.7031130431	-4.283214666827431	1.0	0.0004273721832523	0.1320275703823943		0
draw4620	1.22729401894	0.241146369	0.103687734851	0.655118718678	-0.093577152109888	1.0	0.0032424870045481	0.074860926818974		0
draw4622	8.41648418936	0.123074817066	1.95833969883	0.021833186858	-0.0720158510719872	1.0	0.0088516889014381	0.0723363783542926		0
draw4625	7.75499440662	7.74664611296	0.125513656252	0.386661472667	-0.0724691553215006	1.0	6.29590194471652e-06	0.0109450135569982		0
draw4627	0.0106078466444	2.34260273796	0.0844352592035	0.00114453900585	0.2442085226351461	1.0	0.0195746366822297	0.1316338688238278	0.044804412475795	1
draw4629	0.241219946602	0.119709688479	5.69166411479	0.525279391221	-4.917934844407895	1.0	0.0843343721415347	1.1154276443741666		0
draw4632	0.56892218744	0.732780203025	0.926508250401	0.625790625014	-0.147380304639963	1.0	3.82337830620098e-06	0.0039401635476477		0
draw4633	7.21667997843	0.0131603864403	3.07179528728	0.0265299940927	-1.362164218568826	1.0	0.0172656838146047	0.0322416082617828		0
draw4635	0.360637190887	0.390227081595	0.036889229007	0.102662644655	-0.2915055604952242	1.0	0.0017124035156817	0.1131282733915255		0
draw4636	6.17616612032	0.449407293756	0.0375383871965	1.28051588811	-6.08640206373359	1.0	0.0379384353650918	0.2272855780882743		0
draw4637	0.319234560121	0.329929684581	52.1910625782	2.59173608569	-8.814945670652111	1.0	0.0745850319944488	0.089323430504		0
draw4638	0.0110561916976	0.0308371919006	0.510255397839	0.0914197146473	-0.1120616036000754	1.0	0.001556079564839	0.1761959428489431		0
draw4639	1.28299346684	0.894634007412	0.664568018151	0.0170648443606	-0.0074909501977854	1.0	0.0070080735999074	0.0341346968730477		0
draw4640	0.0105453909166	3.93886355422	3.06902503147	0.00301897248235	3.670269214074499	1.0	0.2150758168770579	0.9781000897927702	0.5529296839295705	1
draw4642	1.83288895238	4.74284930928	0.513929092254	0.122602880186	-0.2280806580541144	1.0	0.0085655266030698	0.1649082850646589		0
draw4644	0.0375836145284	2.50371764832	1.19614102232	0.0300614988833	0.2590466241011706	1.0	0.0588148806786014	0.3151847800466755	0.297943973383197	1
draw4648	4.21694374865	1.28706715213	90.1863594847	0.406516043879	-1.6284240333601712	1.0	0.0150841085623173	0.0762447102865528		0
draw4650	4.7976850223	6.66356582694	4.16789480683	0.0145080448683	-1.618214207359438	1.0	0.5088042502101163	1.5115608753638312		0
draw4651	5.95233958291	0.0186713095984	1.12540487004	0.00169327596518	-0.0129219231373004	1.0	0.0183436483080349	0.0767756613657693		0
draw4653	0.032155856351	0.0329069198748	0.0395600796905	1.35393070514	-0.0183918711950085	1.0	0.0001517358127293	0.007639493929232		0
draw4655	0.0225402142759	0.0374488510233	0.0432363581468	3.66600158875	-7.205191597729804	1.0	0.0016258823428135	0.8685887079794098		0
draw4658	0.0793003881103	0.657434980635	0.0147125726571	0.827171652511	-0.2366284861386557	1.0	0.0002577391283954	0.0712869972028128		0
draw4659	0.213783455896	0.0142716020928	0.456755550676	6.12378120279	-3.3331170469202203	1.0	0.0006971393935242	0.2113186702369885		0
draw4660	5.5548653722	0.0111941660954	0.0910553061834	0.371321005984	-0.6799648372699844	1.0	0.0012550235922562	0.146866675793911		0
draw4664	0.218499843123	1.24665433512	30.2805153138	5.58176131683	-2.0728151362530727	1.0	0.1200634938156731	2.237038547438898		0
draw4665	0.340554996557	0.90100394239	0.101088430698	0.0029057493072	0.040930890196301	1.0	0.0041423113147358	0.088432315454532	0.0871020606344791	1
draw4667	0.03158883421	0.309845225564	5.16983791314	9.68476987729	-0.6801661460110945	1.0	0.0010693432044472	0.1982646353107539		0
draw4669	0.230707755957	6.38663905878	0.355963872119	5.07960578497	-0.3476053675175792	1.0	0.0015062076379006	0.2554169126255919		0
draw4672	0.48728362363	0.0478681938275	12.9869988748	0.0110848295861	-0.1911310131065837	1.0	0.0031931673559515	0.0333764077818984		0
draw4673	0.276252555547	3.0415255355	0.0175672676946	0.444034426255	-3.2488976852479765	1.0	0.0789551437469174	0.4102855459966061		0
draw4674	0.226536926499	8.67860772125	47.8222628609	1.1373948379	-0.9737902736597096	1.0	0.009390176799952	2.589994675173101		0
draw4675	0.0209562792774	0.111123177891	8.76762887255	0.0712472135044	-0.2653898880156768	1.0	0.0200886574746027	1.0849348434782768		0
draw4676	0.0289068379936	8.17424781173	15.4211790573	6.71576829188	0.0053855335564532	1.0	0.0384022867083864	0.8305841785660296	0.6218369423107192	1
draw4679	0.67516168611	1.05225170342	0.0415806590451	0.00199271293204	-0.143182947092162	1.0	0.0102113709312205	0.3202753735543575		0
draw4680	1.65097036929	0.0676021350031	13.1852109311	0.456417642325	-15.875224860267515	1.0	0.0982580776801395	0.1426104889277266		0
draw4682	0.11026464832	0.781508885963	2.45735369016	0.00107054421243	-0.2261955637241019	1.0	0.0334588695456509	0.0807757899706384		0
draw4683	0.154264304494	0.0713982756359	0.025170892371	8.04758408021	-0.927644244342312	1.0	0.0028964361315331	0.1623969001784871		0
draw4684	0.0717366422584	2.86875511686	7.44874931427	8.34831718849	-0.9567362903145976	1.0	0.0121856658368204	0.203099640374698		0
draw4685	0.694337133699	0.151464737208	0.193036818029	4.25947986843	-0.3920375424373716	1.0	0.0004751131663573	0.0196319155202418		0
draw4688	2.84520491109	0.209924333631	3.88734161372	0.0114115468861	-0.0270100444178271	1.0	0.0211199662978544	0.0558231692017894		0
draw4690	6.9194682891	1.29012844354	0.0757965423801	0.00219945046551	-3.2878798455343143	1.0	0.0084691583044899	0.1865158470959751		0
draw4692	0.0773458838152	0.0459255701178	0.0137651394149	0.369767706711	-0.8597727198308572	1.0	0.0027848976773608	0.4065550102188456		0
draw4696	0.325495701654	6.12266094821	0.215595080478	0.845262587062	-1.2045700181948458	1.0	0.003454391665366	0.120713499295432		0
draw4697	0.0120720534448	0.295302357263	1.523303982	0.0444693918979	-2.1289252137601573	1.0	0.1131238910519881	0.1516286057283662		0
draw4700	0.47308893699	0.647628192722	0.0276917808578	0.00933612902407	-0.3738605370756885	1.0	0.0133015921630203	0.1303942742552756		0
draw4703	6.50458680505	0.015726764669	84.3239977538	0.33066434551	-0.0445543075934658	1.0	3.835712978431516e-05	0.002563237172911		0
draw4704	0.378953143608	9.78490761972	0.87356857281	3.35113991888	-1.2266401748398	1.0	0.0017603196719441	0.0854657550780724		0
draw4707	0.316346457656	0.244516581238	4.73756124582	0.0143457105391	-0.7517156412436574	1.0	0.0109236248323105	0.1076668196844342		0
draw4708	4.56016674574	7.08550781589	0.365934400978	0.00313932699463	-0.0780240012702272	0.0	0.0400020971381981	0.03999430425415		0
draw4710	0.017892138349	0.293198037748	1.6000437037	7.57148216019	-2.189655758291758	1.0	0.0005828282293128	0.1163390382512315		0
draw4711	0.0462316120232	5.04776775769	0.202169902605	0.224844485888	-0.1612324311623775	1.0	0.3772435314548362	0.5139168486630297		0
draw4712	0.727191745742	3.37288339097	0.320492436239	0.677353038866	-0.0642381274703776	1.0	0.0022486724603719	0.0441171411516772		0
draw4714	0.0293302380517	2.20510032126	0.82647500707	0.0420566784779	0.5047080206907218	1.0	0.069275533191446	0.4185807260072084	0.2441663169458585	1
draw4715	0.769466125063	0.137461450209	8.52107010032	0.172562191145	-0.0537684923233753	1.0	0.0358603290156644	0.0388852255853806		0
draw4716	1.22272942885	0.265487312288	54.2603553347	3.39181385631	-1.2348322373029252	1.0	0.0001375746381583	0.0191218599400056		0
draw4717	0.290415088945	0.156449930593	2.56657511362	0.135794878329	-0.0471541833540962	1.0	0.0086164378976534	0.0741817091614096		0
draw4718	0.687078029097	1.15598438048	1.62975432512	0.00252787008627	-0.0017654922606332	1.0	0.0302229603654586	0.0798372147461007		0
draw4719	0.025281809102	3.73312905466	0.0803213427672	1.36662454738	-0.7919962620922136	1.0	0.0022123793494258	0.2808583331705256		0
draw4720	0.0488913051769	0.976791850987	0.0345144917992	1.52420435101	-0.6538571704284523	1.0	0.0141500252796793	0.2005841589148806		0
draw4721	0.113616229445	0.0469430463296	0.311333109767	0.116997179045	-0.0907649529867049	1.0	0.0010517191781954	0.0208401804190628		0
draw4722	0.051572028131	0.309504558972	30.3557233592	0.146842142186	-0.8919803776622965	1.0	0.00398671779029	0.2754192108493631		0
draw4725	0.0432432177439	0.713657759962	0.170941605003	0.0841682994876	-1.186706776502361	1.0	0.0399665947707825	0.0613020149683436		0
draw4726	1.410392448	1.36209953585	0.0552405672058	6.01926152769	-2.4431420682382536	1.0	0.0046703415824096	0.2533165375224694		0
draw4727	0.220502657908	1.35961470253	87.5197775966	1.72436761923	-0.2618906876086755	1.0	0.0025536981709476	0.0723069730761193		0
draw4728	2.09544726543	0.0415151102159	3.63406473987	3.84765336223	-0.4894826771183195	1.0	0.0271441278167363	0.2413293100312717		0
draw4730	0.9434795373	0.0169418234377	35.4178956283	0.0983851697596	-0.2486482784296924	1.0	0.0003361031312658	0.0013231908202651		0
draw4731	0.544192658016	0.0233374536441	1.21802824295	2.38475950968	-0.1395943138160119	1.0	0.0032443115174806	0.0193605166309148		0
draw4733	0.0423146597442	0.208594762116	23.2691930227	0.0064054527084	-0.1567277091609389	1.0	0.0300721452499962	0.0980367992308472		0
draw4734	3.67391533757	1.0371037854	0.12525730431	0.709037795188	-0.0656093898318282	1.0	0.0176394993376416	0.2054771098908003		0
draw4735	5.04727599336	0.018050918217	0.0719792280971	0.269835381807	-0.1206688264092258	1.0	0.016175732797854	0.1953820156409924		0
draw4736	0.115352317837	0.0145705734801	63.6600312865	1.68102036112	-0.0317833573613889	1.0	0.0016075008483094	0.0031346418847419		0
draw4737	6.40524926881	4.83483764714	0.0170515864594	0.35489156019	-0.9246235426128644	1.0	0.006063745834359	0.6052719943027198		0
draw4739	0.171140859966	0.0101514188895	0.816669393583	2.79011085781	-25.206447172571856	1.0	0.0274566046827701	0.1044296117373046		0
draw4740	0.0827283530881	0.0105459468348	0.0796663098865	0.00232644947028	-0.0761926679279522	1.0	0.0079715687142167	0.0100985188671889		0
draw4741	0.173242471926	0.0287233267215	0.0360671930629	1.01944433303	-0.0787385401876429	1.0	0.0009444274978727	0.0276029135855192		0
draw4746	9.22249383867	1.78239005243	0.318309011988	0.472482680543	-1.0246641705441626	1.0	0.00503928229927	0.5307844253083897		0
draw4747	0.259233935171	0.109253910901	11.1807774677	0.00850168061829	-0.2238133796411299	1.0	0.0881018817582622	0.2454519544972669		0
draw4748	7.82624613941	0.0843429461979	0.33229990621	0.00805840472457	-2.550481267646012	1.0	0.2777902350364341	0.5949725102782031		0
draw4749	6.23827161575	0.0122477173527	4.64557322819	0.20677890835	-0.1940769527014355	1.0	0.0047653884620761	0.0725577923776838		0
draw4750	0.03154193626	0.090265121436	0.015188153386	0.0467184436954	-0.1682559645543015	1.0	0.0202726073776223	0.2431115952362421		0
draw4751	0.685687910287	0.0136165529865	0.0117651219446	1.13376977421	-0.3223051134435791	1.0	0.005916083546722	0.1620067461174734		0
draw4753	0.652512196641	9.66844173824	0.265315288506	0.0314673805332	-1.3771470005368147	1.0	0.0965392796534139	0.516971499438167		0
draw4755	0.476519220376	0.423237477652	0.748517192385	0.00441159143327	-0.0160463635301073	1.0	0.0032518275278547	0.0732158496708993		0
draw4758	0.499196644809	5.23746190722	3.69108499423	0.00624502202882	-0.2401134993821387	1.0	0.2321146544763102	1.399397667262535		0
draw4763	3.95186929766	0.0134385380028	0.02888207848	0.0136387978198	-0.2841236556542749	1.0	0.0417105814204621	1.2928549377653782		0
draw4764	0.0641613249821	0.271106328443	0.0141171315024	0.00339637124704	-0.0200106302864854	1.0	0.0119891369809893	0.0633521695028061		0
draw4765	0.0152082670224	0.0141444356151	0.910719066879	0.0800023827252	-0.0323135859025713	1.0	0.0021588451435392	0.0093059150739621		0
draw4767	2.34563815662	1.76221314592	0.1592345274	0.0211965207536	-0.0644164570299532	1.0	0.0201804558766952	0.1907199543878203		0
draw4768	0.460701176733	0.340916872623	0.598869421923	0.00153871388645	-0.0127984583042169	1.0	0.00878874325802	0.0501182845322939		0
draw4772	0.226225076872	0.418757013424	0.295174159104	0.293927873555	-0.1017263383609798	1.0	0.0107595085142344	0.0657890835825773		0
draw4776	0.0657851016019	0.702694006297	46.8954673555	0.075618937324	-0.0362122859875449	1.0	0.0002084893503705	0.1043499433759858		0
draw4777	2.93535228668	0.102665337441	0.013284916888	0.735746733676	-0.8902267656898216	1.0	0.0057790199029233	0.2831283861805745		0
draw4778	0.106792295708	0.0162573712605	72.0309635334	3.13327547027	-103.5125093515034	1.0	0.0433798190692917	2.3455332248991816		0
draw4782	5.69368700281	0.115328564811	0.60596609562	0.034412360388	-0.0151279848418331	1.0	0.0016927218828649	0.0030328759459926		0
draw4784	1.41844399945	0.0588639599109	0.196134822805	0.35542675506	-0.9761852074131924	1.0	0.0231702713886854	0.5309538397861798		0
draw4785	0.863175965571	0.0222717567584	94.1963862719	0.0830922838553	-2.079087546235174	1.0	0.0074242996554558	0.0091144569405151		0
draw4787	2.94058344232	0.20497864325	0.012225482744	0.0320210792155	-0.0773071170516733	1.0	0.00181156283513	0.0836769520986341		0
draw4788	0.0353244623709	4.91289134668	35.2129368119	1.26147484214	-1.022563970382786	0.0	0.3953363027527689	0.3953323005647055		0
draw4789	4.19009841754	4.35734873221	3.03107182988	8.88986335134	-1.5145585814317826	1.0	0.1429161788323901	0.3428265890783755		0
draw4790	0.0275082219548	0.46191761705	0.134507592999	0.00142233855409	-0.4834866382294827	1.0	0.040631224404564	0.2386738843142323		0
draw4791	0.0992023198721	1.46296642553	0.976218217155	8.4212283968	-0.4504614572825565	1.0	0.0047368371447947	0.1501990114469018		0
draw4792	0.351873387159	6.48113269148	22.9458497182	5.30358532998	-4.590535847738444	1.0	0.0045051743339374	1.9795794634568085		0
draw4793	1.41766176695	0.0512593242877	6.97329182656	1.19295197475	-2.6641789433145284	1.0	0.0182667257730229	0.0632420486830093		0
draw4794	0.474020066289	0.0396374026852	0.0533102649979	0.416520765778	-0.0090236497475997	1.0	0.0003580440893565	0.0049553536524376		0
draw4795	0.0911133498852	0.334712658103	0.0489600313373	0.196641272664	-0.3516253716723495	1.0	0.0178569472857663	0.137017017568633		0
draw4797	0.178216568643	5.55316271765	17.2348936575	3.94820390819	-0.276372777642713	1.0	0.0980680828614939	0.4205834235751075		0
draw4799	0.030393191397	0.0140734616142	0.122195467526	0.00816796242177	-0.1179043177921638	1.0	0.0051961873088579	0.2116837033531269		0
draw4801	1.54506613364	1.08352921882	15.6907042903	7.1963505894	-0.1166646479255981	1.0	0.0006997040083726	0.175212455100102		0
draw4808	0.624183679169	0.0757523481958	0.305831164632	1.80907711938	-0.6411410629234235	1.0	0.0003176231084106	0.0306112266416858		0
draw4810	0.0380526819045	0.584843178665	56.3918899005	0.995518651159	-0.5243570415405664	1.0	0.0006593316856522	0.3471517686028419		0
draw4811	0.0507742970257	0.14389956446	0.012263698702	0.548487069667	-0.2571932336859383	1.0	0.0113206341640482	0.1243698578355779		0
draw4816	0.379520219509	0.0337544801678	0.0294081170392	1.46966936343	-0.168793575693995	1.0	0.0002153582416052	0.0145077878253884		0
draw4818	0.377558267049	0.230895374649	11.5454976205	0.0106269856774	-0.2061509488302372	1.0	0.0043816091777625	0.0735932415809871		0
draw4821	0.507621285284	0.997059802822	16.1679997667	9.05669718385	-2.336340737011862	1.0	0.0836643497295565	0.1050575642117962		0
draw4822	0.037666682975	0.0154681521759	2.40960867175	0.0996516746034	-1.6850400151642724	1.0	0.0007621290273173	0.036842785276568		0
draw4823	1.13619901307	0.112453646765	13.5714014222	0.454489642879	-1.044082834219526	1.0	0.0171797988055746	0.0322570785387307		0
draw4824	0.511873467246	1.97948375692	14.0805086934	0.00383792785493	-0.0093734014619331	1.0	0.0067424769640016	0.0697818267810556		0
draw4829	5.83809729713	0.018956767397	0.515249556097	0.539032120839	-0.4117719488837496	1.0	0.0051702903039707	0.1184412298788253		0
draw4830	0.0526564345349	3.89061565723	96.8347089294	9.87763141985	-0.8976321080453473	1.0	0.0332378055585134	0.2486402832202879		0
draw4832	1.32328148508	0.0290140940167	94.5434442509	0.00103851203219	-0.179310318840875	1.0	0.0005139917955419	0.0095917384228944		0
draw4833	0.593209187823	0.203976880651	76.8548546479	2.36029185838	-0.3388483025419703	1.0	0.0025636933655912	0.0230348503640654		0
draw4834	0.234585547506	0.849199182966	77.2285461026	0.14905268458	-1.7485574813862823	1.0	0.0410071487573846	0.2697290790133727		0
draw4836	0.37337891153	0.0271546493206	91.4592747455	0.111192718784	-0.8132748921634404	1.0	0.0021909747588414	0.0118612191058686		0
draw4838	0.0324846951093	0.0360467228018	0.504942398796	0.197263997747	-0.0613473500682923	1.0	2.051329489142567e-05	0.0036765252362558		0
draw4839	0.0825815680696	0.394432870852	86.8384327042	0.00452741949824	-3.8481519072642967	1.0	0.2672951121920693	0.3475452137634041		0
draw4840	0.160962892101	0.0324503956336	7.71360127881	1.17150838171	-0.9507098392044516	1.0	0.0192983312825583	0.0237606287178096		0
draw4844	0.223065674738	0.144827648137	1.47051160513	0.0140329406256	-0.0432253311794241	1.0	0.0261036181864612	0.0610349410729091		0
draw4846	0.900046964286	0.0957385421313	0.0394017325038	7.0387442013	-0.0438401842321311	1.0	0.0006827240552351	0.0173828377534028		0
draw4847	9.74436815241	1.23204667528	13.6728846916	0.00230467942864	-2.5516242613273854	1.0	0.0253906492744649	0.1400395403068395		0
draw4849	0.0538313672736	0.54596555431	0.185196995664	0.00997570110854	-0.2074161296852453	0.0	0.004094825131058	0.0040947795807209		0
draw4853	0.165614094498	0.680704490191	1.77714317789	0.19346502743	-0.2980024359521174	1.0	0.0377632088727131	1.04968831478357		0
draw4854	9.66162742915	7.42666200389	0.987184356173	0.0294769108276	0.2276185955741406	1.0	0.0249583184503557	0.1549182249706605	0.0876672747639203	1
draw4856	0.0147059479677	0.01754353935	3.53648146426	0.201291790858	-0.083900111854936	1.0	0.0012810987372543	0.0648585692903875		0
draw4859	0.50047732012	0.0123730345163	0.500328780834	0.0705693566562	-6.805622379114043	1.0	0.0085903600293708	1.061951429160897		0
draw4860	0.424093974918	0.0633289555765	0.0337372640652	0.0593472792676	-0.3204376885165823	1.0	0.0043444337380223	0.1295195346500157		0
draw4861	5.74293376781	0.0111487438179	68.2754927352	6.37962030367	-51.74547770051393	1.0	0.0062166082452893	0.0062440304623554		0
draw4863	0.213183834682	0.269138253087	31.4835466896	0.799450279899	-0.976194924769673	1.0	0.0013177314494926	0.0349798563265633		0
draw4867	0.02178813376	0.191495628512	49.6121825128	0.551546198556	-0.0855788322190697	1.0	0.0123864082559162	0.0486800270047512		0
draw4871	0.022247743539	0.51620428274	0.458402355436	1.6948668176	-0.5862871235549426	1.0	0.0065691350739708	0.3064992553826543		0
draw4872	0.114902435889	1.796109897	72.3446064629	9.55873407704	-1.093145361106984	1.0	0.0041764627337237	0.0488429061824291		0
draw4873	0.855891976411	1.39399605248	3.35958236762	0.00102910082094	-0.2949617744460177	1.0	0.0930355849632374	0.6272795695405982		0
draw4874	1.96747815577	1.97569962744	11.2793385906	0.269313804809	-0.4558379394762779	1.0	0.0252450393109605	0.1491313288675349		0
draw4876	0.0470418191343	1.57734546315	0.176374108717	0.171665937667	-7.2760758886738	1.0	0.0217182672848149	0.4676643740005247		0
draw4877	9.92271294517	0.123862949595	0.319110019596	0.0248926409208	-0.1093486990158444	1.0	0.3489334056189127	1.4473377875962643		0
draw4878	9.90953984604	0.987388265985	0.0208407309466	4.43226062062	-0.0957719241518868	1.0	0.0103357629154833	0.217637819140744		0
draw4879	5.16127744112	0.013129063845	0.0215466992759	4.70184137944	-2.060109024083104	1.0	0.0040406684377215	0.4176244324422102		0
draw4882	0.0652188361796	2.46949045104	0.0204082306851	0.00120365515195	0.1436580977617812	1.0	0.0453846979581877	0.4245159796036367	0.1876641668128603	1
draw4883	4.86629434593	0.043638077414	0.0293315949213	0.0168289405887	-0.3264275026557829	1.0	0.0072740301667854	0.012689434746868		0
draw4884	0.0555736699165	1.62254694155	0.80132008272	0.00985732369985	0.833122464592499	1.0	0.0104347464043285	0.6794700654657021	0.2077515190884886	1
draw4885	0.150206501467	0.0307453567236	0.0167209022053	0.0093231876481	-0.1495404370801847	1.0	0.0070744558866733	0.3082174689831958		0
draw4886	0.0311246626022	0.202567627152	42.7225876833	0.00205264656106	-0.2499693839529653	1.0	0.0249888253566142	0.0892588556662644		0
draw4887	8.805062274	2.70187443536	0.044039631825	0.00150120401714	-0.5351390343853917	1.0	1.0563300288185071	2.1011865316269995		0
draw4888	0.20123397979	0.294630579001	20.6433522015	1.61552410577	-0.175482825173556	1.0	0.011895321775155	0.0779223580774871		0
draw4890	0.0306773493008	0.331700177227	0.0338009303471	0.345696430216	-0.227444245911419	1.0	0.0448723893988837	0.2274326511149537		0
draw4891	1.51612928928	5.28718023616	0.151050198416	2.0860744186	-0.4724974127826629	1.0	0.001612824252411	0.4920390506526939		0
draw4895	4.42602943193	0.0155363066903	0.0258672629401	0.925514326087	-0.3477247759562075	1.0	9.963167175742564e-05	0.0291691241517662		0
draw4899	2.11688408717	0.486493869852	6.5639767079	0.134130033205	-0.3054404213844862	1.0	0.0006946684311905	0.0493221092462475		0
draw4901	0.245310627126	1.15327720341	0.0188763734615	5.88797837632	-0.4844755640827992	1.0	1.558184238665293e-05	0.0401129829400184		0
draw4902	2.61255770281	0.0556839294985	1.18360485157	0.285293392774	-0.3379937767306581	1.0	0.0021710442615102	0.0512512968296965		0
draw4903	0.0123816072923	1.04401739381	0.0353715334622	6.12852236186	-0.6290484315753571	1.0	0.0284667856995851	0.1985382396270441		0
draw4907	1.55069299759	0.0224836761552	34.2561719591	0.647700762347	-0.8292857472993151	1.0	0.0011200103545612	0.0633717946940858		0
draw4908	2.45491645125	0.0121813765287	0.103754936176	0.348939214334	-0.1974374700521119	1.0	0.0029825020730111	0.0724434558938726		0
draw4910	0.945132580515	4.58723280719	0.109012804814	0.833260609983	-0.1842717348763381	1.0	0.0399702575170964	0.0666528208375773		0
draw4911	1.77299333871	0.0749568914686	0.444549801744	0.00243609214148	-25.116377592250767	1.0	0.0314518062960933	0.0760234407970288		0
draw4913	0.0123987315636	0.247984959636	0.0320362327933	0.514406327015	-0.2724126696395675	1.0	0.0191003978058798	0.1428630088938851		0
draw4915	0.0426273044777	4.82614906474	0.601042692929	4.98938334946	-0.7320489426902934	1.0	0.0055005779152914	0.1746637333472121		0
draw4917	0.388974696975	0.292722212791	17.8071309271	0.0022329318898	-0.0343191260720109	1.0	0.0001656629649608	0.0030957128635799		0
draw4922	0.0399593246995	0.0615752251537	0.802713390855	3.06024542507	0.0041928473527046	1.0	0.0102597209189855	0.0545239865330905	0.0542766666279864	1
draw4923	0.884844697611	0.0645126047153	0.131060828498	0.704725920029	-0.3471566538160501	1.0	0.0623746426702824	0.4455874610850039		0
draw4925	0.717954840334	0.232433674483	3.62821582962	3.46220483902	-0.6305586735633694	1.0	6.770443516928743e-05	0.0070760350123908		0
draw4928	0.058498526707	0.149981696291	93.5436777809	0.260507606945	-1.877320475135962	1.0	0.01162922252862	0.0707475784508501		0
draw4929	5.1421050719	0.0139070024165	4.43357162339	0.0364150531467	-0.054783567660053	1.0	9.306235620835826e-05	0.0029531302987765		0
draw4931	0.0457330812932	0.0832053248319	0.0947945822147	0.0120185726692	-0.1603579440351729	1.0	0.0016330583932551	0.1685263791969198		0
draw4933	0.123535035269	2.46371558087	0.0192898342316	0.336686711945	-0.4902124497491014	1.0	0.0001454116595093	0.4035300532938175		0
draw4938	3.34460376927	0.875431259354	0.128656704685	5.06120018155	-3.044764762485127	1.0	0.0007625289443268	0.0783016304615431		0
draw4940	0.76811485389	5.99118680369	34.4348062756	1.39427779813	-4.000270411865297	1.0	1.139101737554628	2.917758937290145		0
draw4941	2.28902410801	0.086399827174	5.18469118312	0.213251080738	-5.017340339542038	1.0	0.0145065317034228	0.0382019994054572		0
draw4942	0.0110089901963	0.0273041520208	8.64050234454	6.71948039668	-0.555764038621508	1.0	0.0001115816420823	0.0288951641128425		0
draw4944	0.942271967152	0.14206368989	39.640509124	0.012787589334	-0.1076957939612697	1.0	0.1663464104685726	0.3560770857916296		0
draw4945	0.0168538694412	0.0237140079495	0.670498068121	0.00941588663249	-0.1724078920782036	1.0	0.0151245980218636	0.23718757304861		0
draw4947	2.20002300159	1.91597912707	10.3531873387	0.00311054570234	-1.7357773037470725	1.0	0.047444570799491	0.1976765340413416		0
draw4948	0.0126545431495	1.28000093962	0.130192120502	7.69308526706	-1.3585756412059906	1.0	0.0079518757433212	0.2227040630031987		0
draw4949	2.67399296655	1.56686071831	0.105577330494	9.57077374688	-0.299942947617336	1.0	5.376723515432348e-05	0.0295735264780976		0
draw4952	0.0134778704504	0.0534627732062	4.25893712754	0.388174556471	-0.0937409548226515	1.0	0.0086726024260474	0.0776585696240422		0
draw4957	2.81350719119	7.22004240464	18.521963019	0.998707452806	-5.445898152179201	1.0	0.0299155126295254	3.0568461775357414		0
draw4959	0.329302085331	0.0239937218884	90.3545480866	1.51631833023	-0.1580323628370254	1.0	0.0142256615609284	0.0531767388238046		0
draw4960	0.0567064318257	0.0626701185872	7.41236127271	0.333072453337	-1.0333181143072192	1.0	0.0198477837957747	0.0654823159718999		0
draw4961	8.96861890701	1.13916797017	22.9865785865	0.101215196148	-4.278012338428538	1.0	0.0366759804242784	0.1017673121780988		0
draw4962	0.0888196782539	0.0445088547134	0.0110029467392	0.0126929725581	-0.0153231575399261	1.0	0.0027566838497173	0.0348978539609173		0
draw4964	4.57891263067	2.03157316502	16.3832387921	0.0533849476399	-0.0772743826223019	1.0	0.0013683455900874	0.037583108906109		0
draw4966	0.0729585221126	0.0621854722965	0.0340509852882	3.97380791391	-0.2389427690940145	1.0	0.0015823484453034	0.0790353078121072		0
draw4970	0.219228913237	0.102303331596	99.8952247087	0.0131319649035	-0.8080627094862048	1.0	0.0013848930459295	0.0336610359424929		0
draw4973	0.286642281987	1.02568717116	0.0217198253786	0.0367454380271	-0.0909095238527636	1.0	0.0204559121738481	0.0604586189830103		0
draw4976	0.0237659416351	1.32663022838	8.24565721139	0.0549736396756	-4.982754201486355	0.0	0.0527643089381969	0.0527638602754086		0
draw4977	3.96453961478	3.22258584769	0.0103398250143	2.45841180686	-1.6141799397862289	1.0	0.0188130293806792	0.2705813597035433		0
draw4978	0.50162626671	0.0262136689459	0.0111565050802	0.823695794583	-0.0492123904154238	1.0	0.0088600194203867	0.0480476493460391		0
draw4980	1.11194939557	0.20332039487	0.0533809301273	0.00608836018374	-4.072429699432935	1.0	0.0321037933476467	0.1896841224545712		0
draw4983	0.0319817368024	0.4368956034	1.21221442135	2.34426479057	-0.3355166135610418	1.0	0.0040599118360367	0.097745176334407		0
draw4984	0.488315495817	0.100336810478	0.264136002232	1.9036038403	-0.4049852538393251	1.0	0.0090833993372241	0.1046819113559942		0
draw4985	0.104116047994	6.51081779598	0.0128401130929	8.45237090405	-11.979564019902837	1.0	0.0058239180003355	3.607036529585879		0
draw4986	0.551126500195	0.0221529230863	35.7663689948	1.14261117697	-0.0720773709626521	1.0	0.0004938084716928	0.0025448759074857		0
draw4987	0.139613951648	3.49301188516	2.75166210164	0.221611164884	-0.3873476231127048	1.0	0.1857036469899204	0.3895043219638704		0
draw4988	2.07432996509	1.08844094223	96.0247533547	0.798117306626	-8.149276624873709	1.0	0.067157026798944	0.1120183679234153		0
draw4991	0.378274844645	0.367016177625	0.113833860679	5.36544807146	-1.096410549753313	1.0	0.0008875706504416	0.1775482847705011		0
draw4993	1.0516230014	3.0388329329	0.0283182581714	0.0118902160408	-0.0185376527512371	1.0	0.0006243061649512	0.0392279065211991		0
draw4994	0.801909929682	0.0377661526203	0.0127385809893	0.00437038535664	-2.305771378025554	1.0	0.0181310150572089	0.1419055224343217		0
draw4995	0.0407745176165	2.8592358427	0.0869796325086	1.03536424149	-0.4248192498271165	1.0	0.0070070258713888	0.1672829125104629		0
draw4997	1.01919000271	0.157792948586	0.0989993095871	0.0140515070387	-0.027938925248816	1.0	0.0007461813721432	0.0603696226749283		0
draw4998	0.106562189686	0.0115474722156	17.397217132	0.0666407632281	-0.0106775247179701	1.0	0.0005487696991008	0.0020100870372106		0
