s_ref	s_u	s_a	phi	cf_frac	df_frac
0.060421938160754335	0.026613875696589177	0.7419875529331136	0.18302732776994732	0.14704708963180582	0.6758746038017238
0.19345520575761074	0.025490014642009867	0.9726214403643303	0.05502785758794953	0.38170270689079616	0.23187522705474012
0.002029636650107822	0.35707374185769486	0.0829525809267601	0.1158171971603327	0.40889019392396675	0.6560440802098121
0.007430220803766535	0.7922526634025019	0.0005755769057464313	0.10082060086008347	0.5249198003482775	0.8779493740643642
0.007494068668467006	0.07185634105240843	0.29651611840459335	0.037243642883139354	0.6734990985292768	0.8943398714515235
0.2128957047937554	0.7260980360563212	0.00014952812162382186	0.2728504440499874	0.9407201468499702	0.7213988410961403
0.008366143006449283	0.0007923319670796543	0.8455361373666817	0.0975537042694879	0.17196667363038717	0.7751451089580125
0.03958713406222011	0.7450480110470585	0.003560711207175292	0.023094276697879126	0.9472197881394427	0.055588133322086807
0.44710810575260546	0.38172215744312415	0.38184313501250877	0.08596010409776837	0.11870345967677941	0.606228658773835
0.5989090092770536	0.6900727969206509	0.008135714698484538	0.3144802380056755	0.7504695265764162	0.46045995023372344
0.6893496037270128	0.09889355827015343	0.807777185797871	0.07822352375950459	0.6595246096145596	0.1877049307838804
0.03095446273760278	0.017515494931090485	0.7447302299671607	0.18274536091868746	0.15941567731110792	0.7656066833708873
0.16464211933866116	0.05376531080452736	0.6197928830411871	0.1960522411693343	0.09777729365782857	0.6359705556774814
0.04423007060593563	0.017516592842691737	0.8881859342193869	0.0037108709730716183	0.19949140191907722	0.09721123467973464
0.4797182509508308	0.9849753371344698	0.010606817235796902	0.11934611065576244	0.5076963699560755	0.0018965714151487879
0.20982675613671936	0.860694897252694	0.814348440807917	0.020955047930312835	0.02485895317038809	0.03911042937016482
0.12495055155589448	0.7834059161868971	0.15483425207033297	0.01457607143955156	0.12089236496905842	0.01948014129666665
0.0824405334823359	0.9126976603293099	0.10105888416961199	0.044919177625358464	0.5236221057002373	0.0965922776762846
0.2079685788383416	0.03582571223087491	0.813241517180056	0.09297011386082138	0.14935613225927688	0.3852087300036528
0.21754829525594022	0.027011647738359602	0.0001255661407431786	0.01603784107631113	0.07339197005017882	0.634300864114696
0.03627122316698009	0.054077847319015944	8.61984737971335e-05	0.03668479496662785	0.19414977228631927	0.9921457321461795
0.05206165005113427	0.3846393050849927	0.8668102114761397	0.016159618182649365	0.06193338892165617	0.48251550056888876
0.4440401005971743	0.49051709230530527	0.054196830760337655	0.187678645367094	0.4152097328676407	0.5748852352069365
0.07814580732647615	0.3568672282777817	0.06304480630389825	0.1746329910433237	0.5822013042540627	0.7671169443815058
0.005274382552672185	0.009159605339375943	6.628098311676086e-05	0.0074652584118689675	0.3135562822747827	0.9616838122633163
0.06788786135710043	0.0051983241927938875	0.7943548781315899	0.26647755967837217	0.46722128759371445	0.7174654625518083
0.4039648738937131	0.09070678842310834	0.10188966372496436	0.059399238471974355	0.6084238931675875	0.015181368467520303
0.3734109503547911	0.15900369338353523	0.26605057753821193	0.07510889517399136	0.07814173149433333	0.3733548406044138
0.02977366772109778	0.0012106003409428827	0.5531584044620584	0.20219519076521167	0.028397853099402848	0.5269483413015589
0.032931559971284434	0.0020155732594692773	0.0021803437599311184	0.008352344677791309	0.9820358563934797	0.9711583104747119
0.018853266708900272	0.0020323496400263923	0.001999873391418187	0.00268990095989154	0.4472916970292023	0.7505357191774407
0.019674651639708274	0.09803621975394991	0.00243702121873838	0.010119089767735677	0.8383488032639957	0.09691035216098291
0.014180139857155076	0.006133430496393978	0.48073840834770637	0.12078097364877091	0.003977228282753543	0.333697804418571
0.4111900577857838	0.7212274871994712	0.3594185199577924	0.1730958304040816	0.228431729969322	0.5071125812083549
0.25678569923539046	0.2088695054712152	0.003257032494171649	0.013109412471731903	0.1520647698680759	0.060882736389091426
0.020864709077365567	0.4511988212923477	0.04272501064693062	0.0559692012561891	0.3241229978548511	0.3955205505716258
0.14968350566768507	0.15961189389733862	0.0014802960572560583	0.06503584289799103	0.48334002534935555	0.02256201779611579
0.05849915082695266	0.9604297655824466	0.2887554620213166	0.08847317257926599	0.25470416824709524	0.30476025177503036
0.14672637598212135	0.158748756648353	0.0007091126649203779	0.05474643141923147	0.09580091520298042	0.9545867543060943
0.9643755887173242	0.6499926570971317	0.6762590062032142	0.24527167576787093	0.09498911440076244	0.5393050275878302
0.19562083136561034	0.19986656040907386	0.5955848118087285	0.08792850002705688	0.2028522625007048	0.8024660758494693
0.5361667096514923	0.7889422351726634	0.8629934285944838	0.1690092604652471	0.09319689227749756	0.20255020783911162
0.914406568086357	0.14695230612232751	0.46054532147398114	0.12263599240860096	0.1268400351460884	0.2712089666444215
0.07185587465583754	0.12447443166269506	0.0020654914146967713	0.11395611252699953	0.9388936884365983	0.9742882568850534
0.0005512897023811029	0.00022557648524267862	0.3543671601579038	0.007851755552967792	0.016550200234618638	0.3567047048725272
0.005841730239442119	0.30396525336944064	0.0016848411326579134	0.186161248643467	0.48514367429476357	0.7241974162633397
0.6438408715915459	0.20936656361547704	0.40452062194740174	0.10113235684590276	0.1242797472680598	0.428914540447205
0.313635966881567	0.07962572375307678	0.6696429517920905	0.2328976418861584	0.3561660344939653	0.6196351864542962
0.01650155278355743	0.0005897001217013545	0.8030466519658512	0.03685797203998528	0.06709777475390238	0.7785411972734644
0.03372461979365315	0.060418902558498334	0.2674929565270787	0.024114887574918094	0.783728388821973	0.05156511146508827
0.09924656296285138	0.34152345031116044	0.6153100267367531	0.0915987118381488	0.33090963982381644	0.16483198284159598
0.6969472574015807	0.6678685220224161	0.011323202599616474	0.3660741313638997	0.5643323552180665	0.41603288104252273
0.0020731146663432337	0.006737944412290086	0.43792318152024967	0.00453956892287657	0.02042469744321173	0.49865483550653095
0.12696679310885398	0.15257248552254365	0.026499987964980706	0.025454162203399307	0.09375522839460712	0.3265579861909029
0.0025019961648304234	0.35756003758413996	3.2237214235022005e-05	0.04821213843294675	0.8212941173894349	0.9975734385415884
0.01637023892110524	0.03246227165049886	0.004080751273836312	0.023800823078664518	0.44293079125177315	0.811974597840442
0.27989431419270727	0.03825325736695037	0.004531472396145827	0.014480093937906384	0.25840346192330926	0.057923102975154794
0.2800187468939231	0.18681114842142058	0.5573571343289686	0.25484029856070844	0.0022431437664938354	0.4832562505392317
0.002154474324591799	3.450704756679196e-05	0.34433403258170897	0.0009100591151088526	0.20599611297772533	0.41373349908745344
0.0004370069528604454	0.00047956073767534325	1.0215157327489058e-12	0.00041756837291776513	0.9586733136356546	0.9946501266283474
0.22705440214469036	0.09953085859884526	0.18829006064812304	0.08260862151884639	0.7802599571406631	0.8024561317243248
0.06690741639160457	0.041308443964620994	0.6151518961334126	0.02992223548307121	0.03373278345365863	0.8735437286743878
0.011994495613748319	0.0011895400060351127	0.5518371353865715	0.026911090296952687	0.41658016068361564	0.3271362661922887
0.17159566157676556	0.5174599586081947	0.7266017899043183	0.4424950043211509	0.17501465930369625	0.9570231974183114
0.54158288960892	0.04071941956630785	0.5374943827246373	0.19975262172863534	0.011905404624594232	0.5787161353042576
0.5342542344659252	0.15612135643237748	0.0055527577486370145	0.1485799376854894	0.8935787815155997	0.549133523430119
0.19440816320676926	0.14327771530461078	0.058457387049184906	0.09850645650827188	0.6125625495652682	0.20580066863778523
0.0031681039079284987	0.7515984984609357	0.8939459689310812	0.2030980411583598	0.0629880918650228	0.46615413796668953
0.059618125687776705	0.46047369187434306	0.08621520886390038	0.11192211623490492	0.09995160206214726	0.48406441108541526
0.6908859006250951	0.7526290405905269	0.0039045337687950116	0.2905425747352648	0.12739749748852947	0.9476044248981375
0.8752198336333492	0.20175902713308844	0.011376652954945696	0.04640841681334291	0.16732548629550711	0.15487076820693182
0.4251103326574867	0.3523144151132435	0.0003080014162889725	0.12419652195921958	0.4485902834331472	0.3515007511927712
0.6456789999169071	0.39407094073077786	0.7524214067913825	0.32329883415085603	0.33163187052097665	0.6197332635826222
0.0017177675012243674	0.012567878121141686	9.642248856012849e-05	0.006742933264543134	0.7237380797753982	0.9721125595651929
0.1745959739817383	0.7861205214619599	0.925729569352714	0.0776699141415236	0.016715111878034317	0.09116372974987301
0.2927718119673121	0.001838224782640724	0.0005005888843127218	0.04332272069154985	0.7020428398698687	0.989960932100686
0.01952114692622588	0.45734438978878894	9.533811387932864e-06	0.00460364674162546	0.16127209964533581	0.18750059747034778
0.5276224120531319	0.08270727521359493	0.004924039187799028	0.2847103786815425	0.8397354272619333	0.8964386502488388
0.9416282558436688	0.2423332101911575	9.055068475467615e-07	0.4527514718773709	0.7917803841480487	0.5535271362003031
0.14818519449902745	0.023054183300475335	0.002394258137928122	0.08945039763288322	0.8445762130257966	0.9484715666602817
0.6195431933670237	0.1341488110845348	0.434001363930134	0.06621802201271274	0.04953282224200021	0.5169377878292665
0.5822710840129102	0.9527645631401501	0.6355795370689649	0.27232523941338954	0.45590876072997033	0.3761064484357406
0.5153057231343698	0.12948348232196588	0.0004215559524864722	0.20646244056872268	0.4760440579041506	0.6479130814878917
0.0028578511974434685	0.5431253954026263	0.0032370250657502964	0.08970233692393792	0.28679543387850825	0.9631821658103673
0.01267009395982369	0.19876560545767386	0.013073380148833942	0.16602422633621125	0.16788406517855076	0.9279261328194088
0.13765151579994273	0.6714331322232686	0.005905241829303643	0.3749706884146782	0.3738482487527174	0.8101506392468483
0.4002688101211142	0.4700667200456401	0.063107871957386	0.3520657718353727	0.8672174319453383	0.7568536734795341
0.2746529508742956	0.2715939115382004	0.2064667987016049	0.036682279624204575	0.03617141719793154	0.1851514370917918
7.967673248085147e-06	3.6395686887212934e-05	0.3773357490245609	0.0015152264500363562	0.08175783721323444	0.39122261350606097
0.024100020496124218	0.8481013787524014	0.824364434502998	0.06329118503800236	0.0923168541481104	0.14383762501557507
0.1460018935639254	0.025196065632565472	0.847805848842052	0.010797709860596215	0.09452689281524913	0.3848111374645238
0.7815341006834784	0.7304963532387898	0.011080958809885216	0.19679027920792058	0.3904533513082198	0.6950023474110604
0.0795955160319479	0.15760342683134468	0.002359375618766356	0.09857177571936526	0.23980896029138038	0.9428618693952341
0.00012527433377724863	0.00020998923458121122	0.4221378800251961	0.03033824136192971	0.006422862734360925	0.41039755080817614
0.7926511419448474	0.08146358582042186	0.19703385325155076	0.07139935243064584	0.15308362146440077	0.6640987940154386
0.9724992004990765	0.10257088144579109	0.031591236134435624	0.11429522747849945	0.2134432303782501	0.7329302696408715
0.30380066368344616	0.6697469126784413	0.4561677026095126	0.3652963968345661	0.012540950831007674	0.8198089786188516
0.13232117512782132	0.3575488628429893	8.322599250361553e-06	0.04262321682679108	0.24895026581755567	0.21897856270547375
0.459814792978343	0.9846977640136141	0.0008806730630408956	0.10496259578991182	0.20315045576161933	0.4508315047557371
0.01398560676637027	0.048092258446182465	0.5229837689876736	0.027163925061789655	0.6023878954946428	0.9087554462220223
0.6428287830574667	0.5553891955267731	7.985311359234356e-05	0.25951533504068064	0.7761293960574348	0.40721102538351067
0.09102401826618116	0.27927327641966376	0.0162728705644362	0.013210376090927012	0.19727985682587584	0.19984679977143566
0.021773633376510653	0.5358342113058423	6.881756771274163e-05	0.02941582929889492	0.08053368714274532	0.5350909536303725
0.016176200568979872	0.010080897746213189	0.27447125674930545	0.06954146069736518	0.17142916843473655	0.2778613782256134
0.05629979980541728	0.12560131771851057	0.11567741755497306	0.021043205200188236	0.2859707686426442	0.18192500277767537
0.32906299704020897	0.4825032634623945	0.28455550766593046	0.222715900482347	0.7328623294402512	0.3759995643171786
0.6378910837316702	0.9099100809928135	0.04971659480580035	0.3656558493967382	0.7509140444795697	0.40343334034554107
0.8890153147606592	0.16623132108188798	0.022445058794327594	0.09435288941131413	0.15731592373057662	0.09334826946867439
0.7120781149324588	0.9184927486965125	0.6733771750086878	0.39653024380881713	0.1230359406020551	0.6516331176416644
0.4411964226005814	0.5192718889714516	2.9342298308893993e-05	0.17839823105480915	0.41367442254568443	0.6492436722420035
0.07948996260752524	0.5439571160889738	0.00011895673983798707	0.1615765020361498	0.7568512593096989	0.486048715765801
0.798314549404541	0.03775790977492916	0.6901288917106094	0.14298616337726455	0.00746058464562806	0.5188144494697993
0.006593873840226364	0.024934183350207195	0.993014923902928	0.05328906997513921	0.05502936837739755	0.4208395934537628
0.0038876380550853227	0.37963343375420955	0.6797549967339259	0.29791038084111476	0.39730936374993187	0.7091267819635325
0.6133243871003177	0.3917016953291394	0.0199877331433329	0.15598301593021674	0.3919531030677422	0.4665373459889303
0.0179159612058219	0.07597800998613903	0.015053374156624761	0.06147117396068956	0.4866607583122723	0.9339870512628019
0.012731043403869371	0.35259874565140253	0.2729141329730371	0.06644359431957746	0.6961606520419072	0.9136046596643234
0.92123627829938	0.1032292327424586	0.0006399620707084716	0.006869545929283996	0.23107809037952506	0.7584745924655449
0.04645858267810153	0.09274643942840423	0.20999946377278136	0.03699875252874271	0.7306551439927911	0.9260039953838123
0.8212284667648043	0.8992499498664862	0.0004572707862120485	0.5478327355964746	0.8249416224055913	0.03455000171639316
0.8866575210909542	0.6556338201756229	0.006615572114935815	0.30972603101258656	0.16637864171263803	0.7536711899195646
0.008759002218603335	0.011414385412785822	0.9111848864541812	0.05539747066003216	0.16391093556231204	0.6396109857541012
0.31990676990917805	0.22305794468725493	0.1253568081822209	0.16364872372977085	0.5075908744162164	0.9686308687736891
0.0005822929168120375	3.269102780457759e-05	0.27643659347629423	0.01969945780011569	0.012719526416615331	0.276565861427483
0.00043257406015844373	0.00201876460079642	0.796374315515636	0.0031680919711203543	0.08967934248018813	0.8635767459222606
0.0002568438533664069	0.0009377080742799982	4.4251679761348766e-05	0.0008667022796579354	0.9660045649738238	0.9990500656387503
0.30792609348188393	0.8824516823498393	0.008442070940228419	0.17416579564430937	0.32045972520949323	0.9220730878872059
0.0056646166518903186	0.06799601894622473	0.004066560435761054	0.02084987389379545	0.13139715334729174	0.7553185289977044
0.819879746915012	0.5079182117616464	0.000313172496854207	0.2517411026356737	0.20248896825729493	0.9643896236221237
0.9822959999842741	0.20409467242569374	0.19995771969758433	0.07506947016123852	0.07901134179346185	0.3657830664333426
0.0882112463341017	0.013266402890419141	0.11322491967352998	0.05068938214218966	0.7141540056016643	0.41577456818443403
0.021056731052692994	0.0012015587294165351	9.512428491996646e-05	0.003478092750165884	0.7089683169935179	0.9812938741491865
0.0063890680260506715	0.0045525414715716205	0.8045892500179833	0.014071760734194408	0.11189596620861295	0.9347196603056268
0.7867146166232561	0.05160231463505422	0.04342368743223101	0.08439677069703584	0.12163347399187273	0.6377886073436524
0.265813581399594	0.7077569536713658	0.8629927969784281	0.31999194179143564	0.10913768648851466	0.3830771563768771
0.5966399289367026	0.09376623583556012	0.10199527348552646	0.0388795283534464	0.07815633472083645	0.19069117983112377
0.01114493021555386	0.24793506639738877	0.005806877764662944	0.024834593156624406	0.12277670718587835	0.5747151280647776
0.1409125253610351	0.0061447948936481315	0.9790609201278041	0.12500444077742054	0.010353556678464054	0.3727588643218523
0.6540509775344039	0.014260037028868822	0.008365490233325943	0.01165013791127431	0.13714470348901117	0.6514657710321842
0.5490313768199983	0.008983313774454793	0.10202697053099946	0.13227764982539367	0.7731586887741894	0.15148023375865427
0.06598652217808851	0.099691638823408	0.01708618105691175	0.017654969915121818	0.06365004011339301	0.5522249496261613
0.5733011919290548	0.6320278114934413	0.005240159870362988	0.20011079990558575	0.5391529621636999	0.5243081290880839
0.09164897577060446	0.11827925583294917	0.007076039911283321	0.05759297830412653	0.5380069834972836	0.8365687875899721
0.04460044568162721	0.8005970040938358	0.9603900799014818	0.10390566155977635	0.15407480119293926	0.11780148009062003
0.02950297439056087	0.00835458299851919	0.24766560330821202	0.023167552866506527	0.5948950157485805	0.3473026084974678
0.2994203445513185	0.007795249981058566	0.729978899818583	0.044326538418024815	0.2438008131456148	0.893019901987042
0.44767227143100524	0.9744135413325573	0.01597914750974317	0.58290144240488	0.25168788027769795	0.9324306860819658
0.018945918340799766	0.40243277418005063	0.7876951698094093	0.2387125680712985	0.053801047008865566	0.7351114734447579
0.23671565471857334	0.01132477686661422	8.276983892961483e-06	0.03336205732484046	0.6359218312786621	0.746657363142472
0.0028872612883592825	0.0017033722436024664	0.8163148751341611	0.08623536835701097	0.022339840961111378	0.8263844695372851
0.2520190213576394	0.04361521759236387	0.2975613389988817	0.04781147655255393	0.19411346398107276	0.6796795968306114
0.04197923984505354	0.8748510346126976	0.0009114511793343579	0.6382442471460869	0.8418314531964392	0.8896782130476877
0.7626140125490847	0.04269314862951199	0.0007540125167667398	0.05069837699849743	0.5751822276137937	0.4220066626325085
0.0004749003739542634	0.007948142722026954	0.46578958742068544	0.010579724550530124	0.6067481142573604	0.5302585289703436
0.2916160832513191	0.05239960127048333	0.3000516664024875	0.1023072918352131	0.749157110045	0.3109378489998776
0.8035573430047261	0.3361186601500129	0.00045477598061656086	0.15831432254390068	0.06508814894291325	0.5759008363985503
0.9418831694173312	0.9318339238320826	0.8510087870189166	0.5712473227834235	0.056256486556021286	0.7592454399012041
0.11893452309778825	0.025229242036708472	0.5427830884932064	0.029524839428157926	0.6017867567503902	0.9061093343306059
0.5118901132851889	0.08984302426033022	0.609253596366575	0.06179705572532547	0.09201492003062511	0.23255706392001424
0.8196149057609028	0.6101855885377366	0.24289086208763144	0.5812486068147783	0.7907526925869378	0.6548362900123038
0.9276285560534308	0.07936192203751319	0.0003354617555728536	0.08942087949423413	0.22499346255323202	0.6091010726892082
0.1892842840048392	0.06585239812689601	0.6945503513419606	0.03487771090876059	0.06762404016298644	0.08631462864377454
0.9874092369936577	0.42986222300748683	0.821090182731486	0.49509706873046433	0.5475980208779583	0.6063282471465711
0.017491578343388353	0.6279913120680543	0.009304554023336705	0.01622877035716368	0.06571234881389094	0.8985270483013903
0.006451327527200434	0.4976385738787689	0.028354575776248298	0.2660044765052921	0.6023298743804844	0.8268472589307818
0.6938061809897228	0.3925596770406009	0.1489033824324996	0.22667745051803712	0.07693161278822193	0.620712791409622
0.2912701868407568	0.20225102777346973	0.0022327121680453662	0.08718749619147288	0.09413890641402019	0.8124103847979547
0.21822637583088	0.7940941272223653	0.6854067117409117	0.031071696070316842	0.08980725683660985	0.04809948473911531
0.8098539205447065	0.050591781207881756	0.003102906697185259	0.06171790198888521	0.30706362596974474	0.7590941238119325
0.8146680430388034	0.07380438093249368	0.15408286343891045	0.11270852505375178	0.3813361403454876	0.4649026928817712
0.016835985270785964	0.010212171002991174	0.05122031598192975	0.011102798118546782	0.7520515459349532	0.966248540383252
0.2580656967432471	0.6988326139530058	0.007777090222762405	0.1723642184060572	0.1181221667393895	0.6551438028770805
0.5253867489764725	0.9221280353453108	0.0027118283122865706	0.38434787208307564	0.9577907362275301	0.3948849063348654
0.8862554487980235	0.056812487968575125	0.0005823733178589955	0.07051179677549556	0.4138553762217886	0.935393845542451
0.01643464432475515	0.2292847680376599	6.5974525589711495e-06	0.022253762936728334	0.08249007812476826	0.20582192434170546
9.849004500604314e-05	0.000309966668166415	0.5012883613111002	0.00500049500159189	0.020121012593365628	0.5076386481328382
0.5039912426445402	0.07241750563392849	0.7050459442261543	0.22431100636337784	0.05023617889752647	0.8676931330976363
0.09765591330773014	0.5242182101918604	0.01598378522049122	0.2435237558188259	0.32726291046983014	0.516122290834893
0.0736381278799196	0.3522571873046745	0.03547718809155452	0.10187245615949259	0.26037808368476784	0.34492989748281355
0.21864570295373634	0.0006876000054095154	0.004862631910848012	0.131668135539572	0.8576024682489657	0.9537415384612723
8.724525299349135e-05	3.937008979558109e-05	0.22614488006953112	0.0006670924828565686	0.19153912484401028	0.2765891458171684
0.702546686223494	0.0098395031244	1.861560907070614e-06	0.07900634635554717	0.4516206566184773	0.858462905268378
0.2314041700223222	0.09453610385132033	9.32329618200669e-05	0.07691504096896082	0.47773874017374607	0.64354163299697
0.045909910990651635	0.8291508380332281	0.7058782258634643	0.3699250317986499	0.06558415315000751	0.6148557451280601
0.41722728531345965	0.03379659247759628	0.002578584199076493	0.21482820764323524	0.9262147797119498	0.930363173342209
0.07812214330285643	0.1313369511905517	0.10103773982486416	0.023870703712948218	0.10174032821830696	0.26282941458461406
0.6969335865093663	0.6166685930729459	0.00015582812812505036	0.33528527950016124	0.9579570109998059	0.5930911523320364
0.11696963799234768	0.7026558866061997	0.022206693911291677	0.05927300781629152	0.19790108246909738	0.9386926760576116
0.4376533685469773	0.9549769653382206	0.000825801995600403	0.598830490042272	0.6067756776931607	0.9391402429422114
0.018553166178146795	0.5867110014732168	0.0006708142300131422	0.08154006344724991	0.3006988717125627	0.8946390651122054
0.8782191261792117	0.7456061921831757	0.0016023190509877523	0.08333508839920832	0.19192432485248279	0.9425337341902584
0.0006484840149548819	0.0009084452281406753	0.42737775065601624	0.06496135562600332	0.2219076920392789	0.43199084606835175
0.560262752241033	0.8508463485769291	0.003865720323299318	0.4205438027009046	0.7570412459706538	0.5272360099946534
0.1091168219566996	0.03083606610582116	0.0348266003924794	0.02171273671169492	0.049402655410449456	0.8940630147423921
0.5554465115916395	0.04196214898835157	0.011911661872738793	0.029059358802547085	0.0941815239739489	0.2833949126402842
0.9098047465183249	0.38438928822627777	0.19019742712574747	0.10926141701265359	0.10694030707436095	0.5598647235918135
0.2791116993696712	0.9662141356971427	0.008662820813721342	0.07261513012883317	0.3403804758681302	0.0442466946508837
0.9116699212854849	0.08990469430555487	0.2299713614602337	0.08224650164817811	0.4668086898184578	0.7218786613122984
0.7014395417737959	0.4727030388199987	0.9524071984775694	0.2161635444883417	0.5734567477992268	0.23616516936693568
0.016918620540793867	0.002146591340449205	0.7788181113326036	0.050434807437734964	0.16134202140134446	0.8139856086761263
0.0076673017249774345	0.03835383887425465	0.011293218481198316	0.0257171303612775	0.5320066756082263	0.9109621936054775
0.4978379881012531	0.6315779083081924	0.0005757635034401273	0.0783207146829306	0.10351984988429007	0.42963250318147356
0.0959722428948806	0.09746638705888701	0.9545401228683519	0.3443585802461947	0.03766048001886093	0.8869212682492412
0.10225529679279796	0.7485387464486617	0.002292853461401282	0.03961702444039088	0.30306344941442326	0.25452557864463404
0.5957762383531234	0.4847279610341814	0.008841751677274017	0.18295679699365175	0.20260849716472795	0.9015581257448236
0.27838769483836406	0.07845759607114043	0.003024762655500283	0.07198756903364247	0.6420098961052835	0.595990821111622
0.19407991389355997	0.009150394125333654	0.2538801685266388	0.07988439675029073	0.4201654265510028	0.3175772782613166
0.19579938299324	0.03421517124320142	0.4788698947597078	0.031184212563297998	0.25392178221156	0.17577363668748355
0.9634379956051454	0.3098397619220305	0.42034215433168587	0.22084459568294929	0.4132841061268651	0.5899645981093811
0.9764352046564037	0.9095058398905067	0.8962882903818149	0.1262954224205729	0.011293248018726528	0.15422980699844652
0.005181316031624147	0.0034965057125920713	0.18529113561387628	0.00741138400675369	0.4864425472222558	0.5096583809491743
0.01954523804962304	0.5645276668013219	1.5542317540629029e-06	0.2923350838768216	0.5497472950620772	0.5620137996418506
0.20636534754159364	0.035823005854171565	0.7135334651799002	0.13868331876870005	0.030988407321064358	0.2352879392802378
0.8719302176674283	0.10842124499156484	0.5031484818014621	0.09608912304448276	0.005811605111560748	0.6427675438672924
0.04419414889587924	0.06175567874111112	0.0005704721878318666	0.013407350407504369	0.15677859564155674	0.6437706323696328
0.17095725551288923	0.035468403053932125	0.021271355454700602	0.016278718537524824	0.27367587704764607	0.377797863449828
0.1509275250085672	0.6853817030876922	0.012321661500918995	0.06550803887479267	0.6178830007300402	0.08046674364755582
0.06321556236385951	0.12814245735977542	0.0048039448135690005	0.020842768781005244	0.2782098112450594	0.9366084542088174
0.8564089912397719	0.7520892523173656	0.012935464183970992	0.46373846797563684	0.18023676446737272	0.7497078959558733
0.005212865606174148	0.6368366587843677	0.011047863980263209	0.35004055068763573	0.3217136693651388	0.6430209752672676
0.4632577539597967	0.4603118866835192	0.002557052695543913	0.13428803198105665	0.12404578639566728	0.4345485255653438
0.2008085828607148	0.03694902603038839	0.009579874564065725	0.0869897712698731	0.4620988889326723	0.6041111435120233
0.0440083373418763	0.00695737076056796	8.224095754669043e-05	0.009423611599466628	0.44004873520719784	0.6722234785186046
0.8022627585434922	0.199260169289179	0.008486471804348304	0.6203260904754423	0.792358465953228	0.5050282757436452
0.1851684779200851	0.13548500642921701	0.012930341195983675	0.050333786245792614	0.10035088593871043	0.7054302831854167
0.16820252559417168	0.14188119969141041	0.0034373161601728174	0.02292477767269677	0.1576966755996915	0.17430351186723453
0.4824057832302919	0.5839427164624302	0.559777357579476	0.18655471909568222	0.38400072193383006	0.34908965103062795
0.12957510851066648	0.06803530640129792	0.6472460522423129	0.11519156938741501	0.2703428351430743	0.296566801409089
0.08195910134286048	0.6166197881938641	0.0018525368541085292	0.27774778061695876	0.2074718372363092	0.6085349831780139
0.014839162396061154	0.004760517797218057	0.8571647407144763	0.10087264518410073	0.13424696431759955	0.5638046291286315
0.9486279592308356	0.04155554351163035	0.0013655704748808829	0.2335321345576384	0.3901720914287088	0.6212589165104604
0.2657647625647786	0.05936556072239203	0.045581006912302664	0.042033368086930506	0.5607376883787607	0.543677579566313
0.002159038690581317	0.20916257487099144	0.7416619643732764	0.059261728411162354	0.01997687415544252	0.4780540085299111
0.1417762332300423	0.0018242289471890904	0.10365211701125358	0.04569739944987571	0.45171026757206245	0.905608643792421
0.10077649675714537	0.5337469171574257	0.5811252005369022	0.2304456402949593	0.09031136192094628	0.42635053012901214
0.042494261198796415	0.04755177233738392	0.07315131693935142	0.008525546050373058	0.0728680324882122	0.15990278028266955
0.314813120391485	0.6604845411236031	2.949560789740516e-07	0.12646980229772417	0.17463745679097853	0.45096295472109205
0.0310607524341909	0.5599953987265341	0.00025777666261322317	0.04786984918987205	0.8887807703808691	0.9505371289400272
0.7385885128283968	0.5878072287669429	0.9061414009141134	0.054055844160162694	0.025907797656038786	0.0894861871861122
0.0816077554743817	0.4509646395399752	0.019286996627400545	0.2844237348425974	0.35893837650223637	0.7282006276740483
0.3590168763964211	0.19488832557028443	0.12082716825021309	0.20950789467620404	0.9386344826751938	0.5848165183561871
0.08925946286419334	0.042983836092330995	0.00902072408774161	0.018916605534127065	0.20617632772617403	0.6717128823980254
0.00332565823332441	0.01062033637261874	0.029346048026541602	0.0036964447898656695	0.37904686840870416	0.39989941880560165
0.03465344853901187	0.23059179493748763	0.10554834702803562	0.010429905896049599	0.18619355313581282	0.5004282728625639
0.4728575029488092	0.19686441695170498	0.05256815848271182	0.024352202893228828	0.3988143696973891	0.03042944940062748
0.3446055028743597	0.13338051416321933	0.003067226922595353	0.2031988706354981	0.774990022748647	0.9905677538308734
0.37501103906450517	0.7358772609254627	0.07205071209499017	0.11256116439396997	0.626443366626485	0.509529117862602
0.006198497400435116	0.041677495719966304	0.00467728645636425	0.0168479229969984	0.23913205202638813	0.6458853795248735
0.009633496806220327	0.11331584963515243	0.0003746510211857743	0.05036727572665934	0.8728016228077293	0.8895787973348788
0.16510709532154788	0.0697344367859924	0.9369181435287803	0.055460045346372035	0.3080221563307594	0.4889330717817748
0.05974957217794812	0.07436255055224329	0.7572832038972719	0.12410042983112837	0.1427240805031582	0.21137499151874936
0.08958963862877371	0.4618802284263862	0.39593543200296927	0.18713350839420045	0.04880733802805388	0.5265766293787881
0.691617589884608	0.008291391799854962	2.641873863008212e-05	0.021509741427216972	0.5666386592067008	0.5573109224898077
0.126114083795523	0.0005757100873549046	0.002836091835430424	0.05403646593659967	0.5134707153366712	0.978042309422103
0.36602194007407257	0.007075522031693703	0.6979220436780509	0.45950551572529097	0.7020024119262994	0.7700010100828646
0.8935583995007139	0.053078506977915794	0.0016721558161523157	0.04771748157601413	0.6492822202250293	0.23664927737871982
0.11104193273990967	0.010336936958136993	0.8168570297501989	0.010496769373216515	0.09721696823425222	0.8588008949624566
0.0010484156149050683	0.00651015614881005	0.4106189515021432	0.12092846798247336	0.007358619713499077	0.41182136931452673
0.00024780925524474086	0.0003701099514906933	0.9045844018077683	0.06803376252703974	0.01645982976530723	0.9073113777043771
0.5356575398605088	0.44270947118624826	0.01640459875546079	0.10733972578789769	0.487745951951366	0.17725974299423108
0.04530292427706305	0.02534012189483147	0.9589507940101575	0.0824609910711816	0.0019367336487495824	0.11881009749420303
0.6486438760583702	0.05204172015396825	0.0001941287750200613	0.06970795115194436	0.36613578451117834	0.13261449330195166
0.03312938685438475	0.5103287090610059	0.0006076970088863338	0.18459255544618236	0.2267201469995474	0.5011438214772721
0.6252150318759089	0.031442779937495446	0.0010170181746050775	0.09892950904034077	0.31110749742341115	0.49687248404829937
0.018565939319118506	0.012446502669672545	0.3502844877233572	0.009588803770904427	0.11840065262763351	0.09397265080080573
0.7995694117308091	0.38794957214021436	0.3148396892644261	0.07900172497694402	0.008993667978685074	0.2506047648585369
0.7593144924887418	0.13489358909410992	0.041590741950579845	0.5801552542012112	0.9057264003244466	0.8247261084296257
0.018256036453833255	0.07503600749929293	0.002808358565439703	0.026627417964958544	0.5211909643192362	0.7381589899588197
0.0922991203221448	0.8642022595593396	0.0015802146941872428	0.04961090074573906	0.368107956272379	0.8903321748555546
0.17008529676049772	0.39604292340818903	0.03565807732669128	0.11627459237472818	0.3805057641532717	0.3727419559469534
0.0002100219554341014	0.00010504430614735248	0.4464866247176243	0.001897327254256577	0.12019294600898071	0.4624042417798471
0.01750233061789282	0.07757665871369122	0.0009037310380080391	0.019419054120612348	0.1153680706958935	0.8864922057994622
0.1763291095320868	0.10640336117435684	0.8201128232393966	0.16038582772462576	0.08939579354060045	0.8612034298030348
0.012758175121274657	0.08018416750880662	0.00018815733649166908	0.009766287311158067	0.5875207723944451	0.8630154507239601
0.6039046037523914	0.12297233859556897	0.19315197395973213	0.062396459220630536	0.7740014348642511	0.21080854139844166
0.8515677978829489	0.16205213522425552	0.922458329574591	0.08666150667529482	0.23986650124134334	0.17681605259129446
0.044345123690968526	0.41039177092692386	0.07011550967504285	0.16035493520522417	0.45509653408661405	0.6995487628405147
0.4672887006735819	0.04051700122248555	0.04478308050989636	0.049189268500107575	0.13043468258163607	0.5476338957112273
0.01128563971850899	0.39049510885246597	1.4187276907521715e-05	0.010759221613289134	0.875972271664491	0.35016265285187825
0.4562354489340948	0.008121750875316134	0.22501451937977734	0.16681107255972766	0.45047701931402534	0.7106156701360653
0.475582850907099	0.3573392633809041	0.6551698000498577	0.02344077350651288	0.07941390037602511	0.026020160297220703
0.9203815393723401	0.8382298383424357	0.8703700093738005	0.3904389536139783	0.6960190810276176	0.27856516110903407
0.32386378314026326	0.4484021029359536	0.2786781673175485	0.11243743198639791	0.4666702246902757	0.015360401568726171
0.05596273897052487	0.003876965713220873	0.0007975092428946826	0.02085978753530845	0.5231791918681773	0.6450428069283556
0.29342958757736615	0.7733977158891403	0.002007919015245466	0.4541009478305588	0.3183954248694865	0.7820244290179766
0.23842505909221215	0.04040428391602205	0.04675840505248108	0.019906905670322723	0.12791422381902448	0.4525257936078586
0.17130320704368363	0.0838419343494491	0.044336892083697815	0.07676594080546167	0.5387464130563521	0.22443497043839003
0.01344698615029249	0.04586996791021809	0.3218448034982695	0.03407105760414466	0.8100252120280974	0.5021825331131397
0.32026572729202313	0.16562863664435265	0.006200889593695297	0.14227348888423616	0.3269715886877679	0.9147744788828919
0.5503127141296424	0.02344524845920934	0.0045457297427616	0.11426673547057607	0.49757393935715344	0.5489771369251981
0.2747553126924957	0.06963595813510379	0.025863058341564955	0.05042506996952113	0.33352012949090326	0.6468667591789273
0.00799902089074081	0.00879111551525666	0.1173495010396835	0.010286474303007928	0.37817351747955164	0.2751322416313926
0.0005971765953794935	0.0006510761485560581	0.20911700851504325	0.008067481759359504	0.8578490371344205	0.24500708943417243
0.8308076728037133	0.13951625915240817	0.01631333705957729	0.1904567118329819	0.8502469709596866	0.7004620763039074
0.40653564549358545	0.9505808068033115	0.017187570415857896	0.0696603380981953	0.12514552906599136	0.6985616898092377
0.11821705603374055	0.004375545465911109	0.00011999321561839029	0.018391558491712607	0.1811055713797262	0.7302316329697477
0.7310779478318373	0.4742311645183147	0.0011774350420915608	0.07462697264932469	0.656738082005609	0.3908308479495076
0.014116813026587011	0.00501905771360484	0.00019439159419819884	0.006555591991528692	0.5044526453498803	0.815706602045706
0.008554075509963987	0.5903353491500881	0.1616732149888672	0.02813322714495248	0.14833649038841018	0.31709189532823107
0.006077894244842886	0.2375395198089135	0.2920775554306143	0.04498377388638099	0.3286349746129303	0.6425388162310177
0.6606372836950926	0.9894192117913236	0.6156253853958276	0.2772007831700729	0.20269894103032168	0.5096460118716647
0.5337089885815424	0.0376729275229993	0.1405897461597722	0.09415793142241115	0.2386012331825514	0.33246379582574004
0.05024188650304067	0.2169648312583696	0.013006211720203026	0.04658906021112219	0.18450734444137595	0.7087389610064929
0.065071684103742	0.22210047153685547	0.38677878404382365	0.07169386764292619	0.6911068848532687	0.3004043348708273
0.8113619672168396	0.06263342489398321	0.00012451924860329113	0.3131033865920391	0.7872688930046039	0.45627494448807376
0.26689331231320773	0.6523265912834935	0.7673599322364338	0.453468087952292	0.116221034206505	0.6556504223087973
0.3989473596908411	0.24343088454998937	0.014237117181338077	0.11809822819548467	0.49680403402708045	0.4415500727474749
0.8920827162721208	0.9391787845350336	0.003005712797484828	0.727573720121865	0.09605906340202339	0.945999105027043
0.4558727937411878	0.6568651331314063	0.017179948943383965	0.390689571731651	0.2445714566173444	0.7287077937507237
0.033682465706378444	0.01273637531938216	2.6563065153400417e-06	0.008100485909391055	0.24144967063216452	0.9161956499831531
0.004252189085933884	0.006631836975967148	0.0006096248345225456	0.0013496536486670653	0.3059093180941559	0.24339266367384985
0.022280046688459294	0.5480016848997994	0.004593229120969277	0.32838045900128077	0.9443499932462472	0.6931441936193162
0.3568323217079917	0.8845666199567036	0.0080102244523998	0.22471898177888117	0.3480258742164933	0.9060382399411036
0.6706853417961598	0.915006954303935	0.00030156473042463716	0.5345733720084839	0.4884212073562009	0.9570974078738421
0.6867930885716524	0.01438369764130576	0.010124755858858591	0.02798040917419407	0.1224292681821359	0.13178332864571585
0.6325904000107676	0.8337833484385817	0.8571692347765543	0.2836357065860598	0.0056603665842805215	0.5143431678177594
0.007112528883370023	0.12148270276939213	3.955204398835716e-05	0.03122386799342809	0.6216182853738765	0.7631318093367673
0.028044749280085407	0.0130886736518396	0.7929757729955498	0.05815785676216284	0.24673347634703013	0.8399869399542543
0.01885613265266193	0.6884081635223931	0.006891960106049345	0.39317665041881805	0.8589349552565656	0.6849671321428836
0.07224898918855313	0.2136148928703436	0.664438658226678	0.025712833197802223	0.09679275171547809	0.24449406418367697
0.5511660700911001	0.5121776623252008	0.07301257630778296	0.08177669927797558	0.1997345321329686	0.23428830697665154
0.03481070757633035	0.0367814058362584	0.0010153139346918156	0.005605781564522462	0.16993229205455632	0.19883606449780963
0.6235504609973983	0.047633446338583345	0.0004417694786132618	0.19037611774540394	0.33103642170255515	0.8889473382481199
0.10824124326163918	0.5852139225730932	0.01795140289165879	0.16567906610253924	0.53570751818709	0.5122831236418561
0.0010165508322445829	0.024408949526001932	0.8507371892036957	0.10179892013183256	0.09166769447571148	0.8524338966072537
0.22088033957640296	0.005362902354091841	0.7621327944989642	0.09505852002712327	0.3892539349047415	0.7958820846838691
0.3316035929301521	0.5097665273951532	0.22501368889305656	0.1464500514491085	0.4635717441736328	0.1942207174225904
0.27805571522694444	0.08065244467019501	0.29190457313090923	0.007879347085388287	0.6839862442166201	0.040448212326507006
0.05911669953918327	0.027480304175136427	3.5521157638779915e-06	0.04249827284792357	0.8493158346245235	0.997554107925361
0.34478232229620503	0.9118605128589566	0.0038101282419143218	0.3524358090848984	0.19133751458041356	0.9335424919924971
0.002180113000883128	0.09680585917290951	0.00014309423754562038	0.029691678927345738	0.5681051036747023	0.9748503726748947
0.5639594448847941	0.6707271308725461	0.0004012575042417094	0.3976745733464071	0.7423557286560653	0.6189893277838735
0.6062826754924382	0.0882622280182662	0.002667316788823556	0.05602286379609841	0.1808677929120417	0.5489370275846689
0.4336202937276058	0.9809906103055903	0.4167627380592466	0.07658739612391803	0.02489957808744073	0.3829008717913716
0.010476434173777473	0.0008774738587925755	8.805077793371085e-07	0.0011801356232043238	0.7079817559815442	0.7652415843731364
0.028587975262493605	0.07323106710233036	0.7543282875088028	0.010565997086658743	0.1767500826464198	0.7801601975434063
0.13405916827572356	0.2943466492378095	0.23405364416113852	0.07233617450816607	0.5778305676105676	0.20393245965708362
0.016583993296388738	0.02482275290799562	0.0016360237206335798	0.008155710545715551	0.4467088964350712	0.8348600548684241
0.11172276522432283	0.35376211413986736	0.03569428733202574	0.033489814675713374	0.2870652031315268	0.12538773644547244
0.013465168674433486	0.0032412067641824564	0.0024201746401103885	0.002492449651739086	0.18649352263463487	0.7828416691090455
0.13665528685913914	0.038279109604865295	0.4952126472667395	0.005041001481081457	0.2073997717486213	0.09057191179273383
0.013714020405113875	0.31988805654030317	0.0018536291070103887	0.025157450716717246	0.26191372328491086	0.8205217358331784
0.9000114527192876	0.06840510453510805	0.04763771729097076	0.4588388935540035	0.8743300684341284	0.8609619179830861
0.6177153834292683	0.09634884355305764	0.9485826030576577	0.18988860511034383	0.32257362488402325	0.7075727956628282
0.01034572067297163	0.36471569281628347	0.9872333113944313	0.21083014939602895	0.10633463693630149	0.23322904119102025
0.0025633050545675034	0.0070503707558695165	0.03663782890296199	0.0015413734979792448	0.09438753410448861	0.05216597251300066
0.9871043943222279	0.9966478520472744	0.7073858339768758	0.12933797765550098	0.0017771651382675303	0.19361639778761655
0.26897867455212765	0.9347128929854169	0.020087716412022588	0.2107697969961785	0.7536635702693477	0.7404564618246683
0.4666561949060485	0.14880153136027255	0.023817998519733465	0.23077230983877675	0.6414964981494006	0.88458990734578
0.00026131844036043884	5.020549067285707e-05	0.3943939309490253	0.003709450045581813	0.023504246429852053	0.4019356293634627
0.9766007729381846	0.45249169911317305	0.4820175413161167	0.07271602116527028	0.03897361933222662	0.15708354104311528
0.0174175919012136	0.4227970279510238	2.48366618581579e-05	0.1357249650965134	0.12635734294727208	0.4226075178927255
0.03184322484352819	0.01221207245143891	0.034357434095745557	0.020519803082488637	0.8442459475138535	0.25274009681213105
0.8408931017812017	0.5244377245694056	0.006723301488969963	0.12591667353932806	0.147270614918556	0.29162450897533937
0.6536533773440484	0.9164029036584211	0.01016968817562946	0.5278264708055044	0.8792121976811406	0.5011634646078441
0.5284296399911035	0.0706212064289063	0.026839423269459782	0.05632902649242089	0.11002837848777025	0.793722950192575
0.06083131885495288	0.6082279008725343	0.00963596189628727	0.02663720294575379	0.23735596494278174	0.9698942588505277
0.6225965619636138	0.18226652810302757	0.00024615669119737346	0.023689251911096068	0.7146392272646309	0.262827841391502
0.261893045960451	0.08293823759833209	0.9220199847343005	0.04115552044585814	0.19490792627706843	0.1982894322002379
0.16798815315457058	0.6671492422240889	0.05281778049885541	0.5433846058307669	0.09629367382787578	0.8293994274713403
0.0066966264592347256	0.04692860851897116	0.3066850140723948	0.016679582964602667	0.887323159708797	0.9789953761734612
0.05609268221597108	0.4323132049422845	0.9622099613499776	0.08878597483722572	0.009797305763033764	0.18590427633392925
0.030591444504325944	0.3295568211713592	0.0010183942126828476	0.2370171979809861	0.77550493406847	0.9154161862693505
0.03148547377041696	0.44627923773795247	0.02223832544098254	0.16036954294108804	0.06802024986983085	0.9309219457118993
0.20283127504158055	0.18648203235159927	0.16740043612362904	0.02451720866684476	0.48185566576835187	0.047291652209537946
0.0031762594947027565	0.029945476189023452	0.4629154547070784	0.08710035882283963	0.22818964411896497	0.39388330570045915
0.03418548554310575	0.3436318644027588	0.0004262903030147324	0.1946381083204943	0.48138201421023025	0.6067554034586868
0.7350573006083408	0.3488554454535653	0.04539988767159066	0.28243968564133803	0.45340886698691085	0.037539322155016604
0.7919369707991688	0.6617646428746621	0.10664735305890026	0.25445918247167293	0.7902410344857788	0.011768932335575353
0.9887976028250022	0.5271135441158361	0.8487863728838256	0.09939325098938251	0.00978038380849404	0.44859979468264854
0.011680854776875355	0.002748106287206294	6.2383464016238365e-06	0.002512962909108015	0.19628659515155625	0.9934244536265964
0.09894668346981685	0.1363049789568008	0.002081351884441908	0.014907148243347084	0.7361499600848428	0.054272314295415076
0.9461350661216342	0.48197021674454454	0.002048405694046395	0.12491876389789705	0.19085545964307576	0.06277496106492685
0.3335359731489017	0.04625582156981594	0.21132577907955657	0.06736419165448433	0.4683619684655362	0.9509233078445974
0.5583687347362373	0.05351417945332901	0.0037379570230845548	0.15394655630029555	0.5613728057247032	0.7938547434118203
0.032132535888137095	0.05957883656739466	0.007593408679660252	0.02730163741651565	0.8175573242851735	0.9931194309555902
0.45348635476456994	0.005516726277247475	0.0008838116829488704	0.10293734214014609	0.3182258092735068	0.6042279565440442
0.5415951921204271	0.19602018316298353	0.005520684037281813	0.09947718612109407	0.15480983842332413	0.6472051717880466
0.05193966988348718	0.0019921303558865654	0.9913315688193574	0.1564000560938058	0.005130574612226667	0.273217189005562
0.08372485544238321	0.0751043637424301	0.0010736017123043622	0.028397545647627184	0.7804629564264798	0.6854912566398155
0.8936433303611284	0.33050751058031325	0.0005485184829710368	0.09847625801726886	0.09673518480177026	0.35949232286119476
0.835967814055437	0.3486368370321736	0.00044564393646767306	0.12784547705203012	0.1627346181424979	0.32718036201780853
0.05281674560135992	0.2042674912126197	0.3849479679669238	0.1405454335482413	0.16025640633634147	0.9282867154003049
0.007958600345087294	0.08483181873803242	0.0028503235405352772	0.0018025428867605225	0.10419002570245102	0.9360313010740222
0.047104383567612665	0.0019758301223281763	0.018826802986036062	0.004028340000169119	0.4161517778174799	0.49717652532049633
0.017073063283183636	0.019567670086867193	0.7480591462521478	0.011443346108016447	0.5952528399273685	0.5476726519185082
0.1287733325793552	0.9602875194241741	0.04665554735896074	0.11038766092632683	0.7509653419056711	0.3069742323409373
0.005586228708381905	6.665711208249106e-05	0.059846812848934186	0.0022321427810136833	0.10968354989117703	0.09350917132246428
0.028238832971982958	0.6180218618693617	0.006148427752433344	0.029137625962040496	0.22559345431046104	0.5293276751006339
0.5243144095800952	0.473849209457198	0.9870238235470723	0.2977782016512268	0.013873132362091927	0.4723562989367852
0.7353533614279265	0.6788206434199736	0.0024107953570626597	0.06897692240886132	0.9355290536611085	0.026260504431759167
0.6058655028321086	0.3071443097130029	0.0002598620912382574	0.2288603621787437	0.5523458913710414	0.3704626212231583
0.4832212100107578	0.0701264086959589	0.5829030648610736	0.09243752364554741	0.4068995885931962	0.7331753148358182
0.0357339940585619	0.8885290933893288	0.46306276930056206	0.06761838662251228	0.056056788235414635	0.16856710597616717
0.42626741066652335	0.8435931751425558	0.021652610948297867	0.13000942950321728	0.505418185123027	0.1086409796086911
0.24768264489124986	0.4961502717917113	0.0004027870862585217	0.07522808775827257	0.4793723106023	0.14471071916348818
0.6273866210975481	0.18256363834082218	0.05963994775779654	0.20091147429181036	0.7914052055097539	0.12187311665646318
0.5493041870538435	0.8617698015373882	0.08970227817711891	0.11794551677459524	0.6017380095095448	0.05200431489892262
0.5381875265728833	0.5685282347720136	0.0035536436476552875	0.1529962693412179	0.2656132516998808	0.6551669505078844
0.07350913480466216	0.7910608182797919	0.02160567494904627	0.18633183861286906	0.4035884340001653	0.8138734570123739
0.0014403746059351665	0.000308762006728324	0.00012789763222403476	0.0010516524688956748	0.7762044865554317	0.9122907545170471
0.039869275135834915	0.007293655851150244	0.29067603797086666	0.03512149076795164	0.12420355815192327	0.17316777974171263
0.057582792077495205	0.003206871758466795	0.29805497858600044	0.03765680599292011	0.22952067576268578	0.5760977014359594
0.457668166087257	0.16034198217641232	0.00894613507236603	0.13351953266087888	0.3005638770827113	0.7420033383134046
0.06726003218555747	0.007356819691327586	0.0015866087250322738	0.010051588266896987	0.7216001481907783	0.8553514387818394
0.16637817206583932	0.24879723632256082	0.7137400147367676	0.07605045869992684	0.0952212081263617	0.6607026787911306
0.9306833634073198	0.7921421808644775	0.0017831004991892075	0.49470119283978503	0.49489372479863675	0.7399080435778181
0.01716260658339167	0.12283406740906613	0.3120574471114655	0.08944533442329838	0.4705301987347159	0.8065704481680357
0.5860445636599811	0.6416933516918599	0.34555454457201457	0.04600468817038945	0.30987667025860116	0.08151010488958811
0.23661512773997959	0.20786154910780416	0.0027677598960481457	0.12034103855196758	0.3864768771830967	0.7064169630106026
0.07414949971709048	0.777967992481412	0.002826358216347494	0.4867576346110545	0.8244786705920483	0.7758427575795731
0.002831678973801635	0.026961717172333078	0.33001955503963587	0.06366817656388692	0.7202486900590113	0.4227678120673301
0.9090148472225171	0.12360774206171267	0.4505823560659278	0.25433062885366986	0.3248422904093273	0.49459274162977784
0.02147608167699045	0.09633845338924774	0.003377909839343771	0.07761479348780717	0.34646113796311534	0.9416345883927182
0.0030637509138460093	0.02948847296493419	3.440121340075667e-05	0.02209057045036736	0.6611080538738489	0.9949808365578583
0.04420533620641519	0.002419238421148332	0.5209999650960919	0.04191938736624251	0.47016247542953576	0.4946705829027289
0.011818060088782114	0.7982888431097314	0.01949081048627611	0.3082656854076496	0.3408938365906463	0.796081573980793
0.34230496146726475	0.7740389014708583	0.35186625038696345	0.11669677640460858	0.2145745316407422	0.36472661315415594
0.0036118449590811287	0.0021023667187316324	0.7801132932188742	0.025970455634578414	0.4156769997640935	0.8268037856611367
0.5900785457759197	0.4521913987177974	0.0050075957492487656	0.18298772614829578	0.8919672422496286	0.5905056856716
0.5704990717846787	0.2846318178949849	0.4631676534572634	0.3223638078016306	0.6484549855228208	0.5851402637286897
0.5052804327595839	0.017726959954382046	0.0029345130515734293	0.08627363842268387	0.3554049156484018	0.7765212698758618
0.009575692782762296	0.09118810608881761	0.030382709888156032	0.018516089812529734	0.9482707322741819	0.9923654632132762
0.49590306538758633	0.21963324970072853	0.00018524885692344778	0.1196003357051389	0.35836212555446945	0.822813490395224
0.007955459315631413	0.009449563864366128	0.0916670950692534	0.009741097398776086	0.8502781555228585	0.9590332376364002
0.29246226633888883	0.08332400317308875	0.007560674635601996	0.06087338246970303	0.2446140060481322	0.6412690396826649
0.2123716965712737	0.5110656711449659	5.628088334907335e-05	0.10781688178498308	0.44866889366005175	0.4993848935301169
0.7265888596838098	0.023436229868131955	0.26379950134500946	0.12185277927852306	0.30560560603338266	0.6155854206626121
0.5088788701955839	0.9062405556117443	0.9214204420778038	0.1487989184008632	0.05249025414393364	0.8695214070430105
0.7265021086440887	0.026816423759914103	3.3841826868333295e-06	0.13060651567179926	0.5107456432429202	0.9805758274299756
0.011647524996670527	0.2535529277878556	0.00025250908085045577	0.0832090897040236	0.1286621263497731	0.5249683865612169
0.20538896127122377	0.5866671685207455	0.004250759755798405	0.05371695365933172	0.38762131857162235	0.6856779903443715
0.33885416071935837	0.33896705286255974	0.025902278204414163	0.042012493915665736	0.1626143662432851	0.203857005315008
0.39660892006344795	0.0018493022930773568	0.002234219309211775	0.09802864021459314	0.4713408120420376	0.99015619044914
0.8299609915956392	0.740684082592916	0.5731878584603557	0.06332028420955914	0.005746201717583983	0.15966192514923172
0.4817562191531026	0.037199554454376636	0.00042705044777748935	0.09085106239852975	0.3954176501277988	0.871067158628094
0.45443045898396667	0.25675539491866434	0.14899197001346995	0.15739965594403654	0.3098446556845929	0.9260827991551666
0.6269330235423543	0.06766757097515547	0.004452456720266275	0.04669696051073701	0.44271080535182505	0.605899530355786
0.7867798044053103	0.9804740704131721	0.9816048214431877	0.03478187283909108	0.09800695449111468	0.03335482134869466
0.016995365770549685	0.20959527388991286	0.007036666086989409	0.15534545392892213	0.08025720167637725	0.7599586515479737
0.04075318847023609	0.3148801883380038	0.7287826941213915	0.033424056115776285	0.0033893478227263662	0.08081744691372465
0.018504027360628568	0.0401494227047315	0.36001447355375726	0.11755902075816807	0.025401595402067326	0.35705686077201026
0.004918351083469702	0.7303697869753066	2.9521277887710104e-05	0.11089840159679668	0.9558149178568515	0.6987248562175508
0.2611346817837055	0.0532707178268271	0.23224217459472812	0.039037850344757305	0.11991947459292591	0.793196055612806
0.28286884741833024	0.5517502298385032	0.07194614459938822	0.08962589033881478	0.05863486009930007	0.662072578809167
0.31202130514099446	0.29349101307191977	0.13698486116705805	0.07362489277045264	0.24987403772115085	0.07818363470025938
0.2228042982995363	0.8688186879466429	0.07561313012828005	0.29707943997528913	0.06625539133685039	0.9163455095610374
0.41652956714476136	0.04265488939543126	0.00033032139111658444	0.11287864174964769	0.30612728035682113	0.9711256070890182
0.04384745227534351	0.7922500438551257	0.14702406580242097	0.056197733845567095	0.7182994071866324	0.7983849490564265
0.01387116802798459	0.5372233717084361	0.00024378965377839287	0.05984679509322434	0.5640541136658507	0.5316730203611347
0.153403644528208	0.6788130803922486	0.0009496127080684249	0.06093046820502145	0.06715274532244349	0.6571882129555431
0.01325455299285001	0.4628216248117634	0.00011564139740981559	0.019040362666261145	0.30210432804588794	0.38096189033645617
0.2984630074566739	0.9146918030143651	0.00048724278176483677	0.3863145824146153	0.09349614044823779	0.9116401810773427
0.027224714183573206	0.1287595899880149	0.00033866559700218454	0.03792302502136125	0.11154531041912598	0.500461718149505
0.060817846418818766	0.09626422968747023	0.0991480978913369	0.05624597718004278	0.5497576126280455	0.7142757989452363
0.05156809692272379	0.22403666161448005	0.3366820439521594	0.015794492801032296	0.011569292719550466	0.07994012021825438
0.8352093654021034	0.8542853794748881	0.0002583665891048579	0.2131228528204211	0.14648535392838932	0.88290165800593
0.014838367103636469	0.6696711205469565	0.0006728981709511598	0.11729091043632726	0.2189911911816052	0.8216118815831287
0.07294530244933142	0.1915603258757151	0.08154650749023382	0.03288265505887162	0.567632693913933	0.061133772423741316
0.0018376919964363154	0.11270519863515097	0.00011123257325036294	0.04484559301353777	0.583111409745992	0.7923621880691412
0.005458970261618963	0.23239105329307233	0.004672777691148635	0.039287150390345985	0.6490377603257792	0.22529801875339242
0.03348452759590959	0.025219492328782844	0.00027422306212225643	0.01633611738952734	0.5562471078068254	0.7761400526148783
0.6074784108038491	0.3266558871849925	0.7497404640101812	0.11001280402771622	0.02872598951240568	0.7298413195423084
0.47476038345682237	0.010930394786202977	0.24657631699432686	0.027221487898982592	0.4730359973879507	0.8024674103875795
0.07141347063259769	0.45752072714301173	0.7389806954553445	0.16382419907552123	0.4698397411416055	0.2733238085052028
0.8808146482045889	0.43283478443696716	0.9113943522298761	0.09864766526116028	0.12246863169026324	0.1115597371007374
0.14142364459355156	0.7146330750027515	0.54894330947031	0.18732049453346664	0.42329320162331974	0.7345681269869693
0.16370027965915426	0.08852903882589297	0.0003265515481616377	0.02030955100512298	0.11852288168123064	0.45101240941772236
0.25935296654179496	0.20595356940965506	0.4973047389920545	0.043088511087268654	0.3262077691523772	0.02729187131084657
0.30513627564754214	0.5895056963876528	0.24966511566498903	0.12146833711059375	0.06061667600884793	0.9371366977087149
0.41802971632977726	0.4594660892894576	0.005385824721308956	0.042935896426196066	0.7123834462328074	0.025459799285515415
0.04903529567624279	0.39094600802709695	0.20250060794090283	0.08069372409321726	0.7435351956431437	0.8471092053074913
0.598870785775991	0.43021731926986706	0.020239715433398187	0.10405509209604484	0.14187351161515122	0.41519572643301406
0.014607127442131067	0.008286344616210244	7.020629085639829e-06	0.004985469252913769	0.32632422719329895	0.9855913625424343
0.1586678831575641	0.01925989151861888	0.8453723746082519	0.1328331648522095	0.8171917150446742	0.2608698879955559
0.4364634344266255	0.5111080291277317	0.003750317948818763	0.184533491569359	0.43282169254202646	0.2490398734759323
0.48218336864514	0.2294652423532863	0.000326180931945055	0.08887608222249199	0.5187153962567009	0.1790392469449991
0.09791950228905731	0.5247712329332778	0.004147892083365249	0.18884138944411122	0.2043545034587915	0.5133233189015484
0.16263163279553436	0.2936884254805836	0.24254667304471034	0.06081099348072706	0.16832595192854052	0.2566617887624447
0.27024696249042285	0.006792408377940773	0.003984944099125237	0.06794337064685159	0.3424230468357402	0.997304617093267
0.05001763496028491	0.06653874190848873	0.7163567136840192	0.062345536146767785	0.14075468129259444	0.48996822187169337
0.9094599233354148	0.17199545042194134	0.5631534750556964	0.21922664979428455	0.6871413117003131	0.21154528353188679
9.22767324063921e-05	0.00011168803880548547	0.7214340331718734	0.015245678597034545	0.12831044624096372	0.7251932545462697
0.20418269113763465	0.024849044635862357	0.0005211926479716007	0.025668983984760592	0.3452777369114036	0.7803603107485834
0.03173250267688246	0.1576106620172523	0.008529061958513719	0.03700343703917296	0.16528132610416332	0.7661682882013394
0.6187784381504315	0.9133028493082275	0.8642788245495068	0.39506089474171796	0.4104218406070487	0.49710001650724184
0.029804846193055613	0.39819119679818116	0.0478270908452571	0.12911546442832378	0.6886510433248523	0.992599880388472
0.140140714435691	0.2071131527397041	0.2122480330180154	0.10096870517798696	0.1998938670661147	0.6751394613184598
0.10911145236326872	0.20271679516648622	0.00048749973309962	0.1035411507561075	0.17733085636784737	0.7750890045859721
0.7596891349830265	0.870728068492312	0.938058841300934	0.10991827899421995	0.014100521445798956	0.1531964621495907
0.18533566915945954	0.019494630814121283	0.8754608918767789	0.042239191246125005	0.12673040093806826	0.050643846289785494
0.07341408991222453	0.0015070640484706403	0.8360236497766124	0.17148227007982125	0.08110041243485881	0.8315513319856169
0.025267617626293565	0.05324083038279851	0.7400146658980705	0.11655290066479888	0.49948283426508105	0.30119547205963104
0.0003137637749440691	3.778913495467283e-05	0.37279087832097846	0.008105406719167116	0.14545962935631665	0.3773228015374653
0.4825781784333628	0.10602523228101071	0.0034323122704781528	0.03650392716324337	0.1166595945772266	0.10395394993477089
0.776491876245114	0.9730167524498552	0.006403798046301721	0.2950832298233352	0.8721673108752984	0.18275828238556102
0.038285181253675006	0.23851304144270108	0.9025711717869045	0.0713753003406208	0.4051135807000706	0.09064468327635565
0.00026567825240355074	0.00014540868956770922	0.1156043113322637	0.0029349742001230934	0.3670056243547043	0.1364941456270483
0.00439318148466871	0.028502100332677326	0.3595088010215289	0.08280592549094995	0.10372600092787387	0.3431482909632348
0.01740583773120208	0.10959482996760891	0.000712615425906357	0.05591530400389387	0.4122347660110228	0.5463501970368715
0.150803209163812	0.013825192549808152	0.024069969710200777	0.018907324659081036	0.1429062796962959	0.7471471443932856
0.511032338124528	0.4552363690175024	0.825663320629449	0.11391639492328888	0.14212429013743064	0.2531489372045997
0.6199085010426985	0.1472312537249744	0.41360291749257294	0.04515317747142313	0.7417403606511557	0.11006603552533067
0.005421653026001332	0.0011877104206658748	0.38161361847886255	0.04426233265326382	0.041555125436545895	0.38748044420601946
0.7846196944156705	0.7074462124047882	0.0019442160497311948	0.30344611201897304	0.528268333691701	0.5545632785535949
0.7832563080603009	0.045848945258889225	0.005200597881203398	0.23381042900085353	0.7531933148391119	0.5154875136390048
0.3823941230817755	0.7743419331379132	0.10186141996821964	0.3803275152929583	0.37957160585349825	0.7083371027515063
0.48157718370700914	0.03198680548602152	0.0008841358726606882	0.086307264210642	0.3427523464009239	0.764189390971948
0.2833681199592192	0.34478724855188786	0.7723481643290778	0.3504148668691733	0.011690585427445546	0.5900914427902676
0.11324998552748773	0.031062900037016214	0.5014974510992235	0.04911314093883251	0.05937493805489925	0.4002868837594525
0.0003914809756998067	0.00043070699925369123	0.7192169952889917	0.003198017890436467	0.1334004756805986	0.7377619286971859
0.0054812048258163605	0.002597721322221446	0.4929368790352221	0.15096503937243616	0.018683873708319625	0.4888226241184907
0.5286882237418222	0.06575208697968889	0.0033615726028732415	0.04533555040790172	0.14280855136197967	0.7450041450841625
0.004592014679753842	7.271873867007995e-05	0.34634484880321703	0.05424128812146627	0.05874639784658682	0.3465235341680691
0.573531954211381	0.8009822638951296	0.047156127081074806	0.17218148209196676	0.313763706572496	0.20520953298436087
0.6937997889259122	0.8154188954382021	0.7761113882853787	0.4822840772706272	0.2775453646171297	0.6921218658078898
0.24659779977125368	0.011146442644266194	0.18266962666210873	0.08959126861710417	0.8228137339771731	0.9288735468405007
0.0029223283095905265	0.3300328743805706	0.009425793556844411	0.06333520183622518	0.9625825518846968	0.31204940871498493
0.14718660552304086	0.002554593097327646	0.05133979743857406	0.03557725043756874	0.41438075830129273	0.36498569040639717
0.00017869628470455908	1.3677630810761902e-05	0.17513675061851167	0.0002887466204610923	0.07968156050572464	0.21085491241311854
0.22602767144796965	0.08768829176865	0.4220428888224718	0.06155785613701745	0.06707650693431336	0.42045670173159244
0.0031343137946181227	0.002923825709677222	6.129252075539065e-05	0.0028842148049742283	0.9473992027967473	0.9985247282255009
0.022936926076837404	0.8415210060204111	0.9991408287529706	0.13621685285658594	0.009113027924696182	0.16162534493144878
0.8792393748806365	0.7305398241248482	0.07761268217799153	0.45102916441325697	0.5403130929899816	0.6746774779458226
0.016037001807914245	0.022053271595443135	0.018250565907649004	0.005863203906629431	0.2939164009791328	0.8565814599718097
0.04357279121721349	0.8875643208641285	0.002119078004041637	0.01644737579972839	0.06639085751962197	0.631625874581354
0.013591730539382679	0.07818094615517263	0.5058507844717943	0.046550058881799056	0.2392096272822056	0.4821546995087803
0.7080634436724291	0.533462939026752	0.15607533012331806	0.1650230200692992	0.034267332454523805	0.7741995093534784
0.8238443457576962	0.2732925009066758	0.4935263285025593	0.1271822085893885	0.06453686378010622	0.5283944412365918
0.14898438325502902	0.6269891011432257	0.0030338286827167518	0.20999445924967558	0.8615897664186984	0.613167990696537
0.0317246831514421	0.6920293757736911	0.00036233986129154746	0.2002385662781349	0.782585608315348	0.8608012449591708
0.8888947304846783	0.4878874584640125	1.6568897917403664e-05	0.18591362629021155	0.6263189990838529	0.56144491804146
0.04574897942737583	0.005661581286761419	0.04182037910903964	0.010357381938417565	0.7259159054473288	0.2603457214015865
0.03278266005113357	0.0018033018162278208	0.0012589513508098602	0.018006652072960396	0.7824213561471449	0.9866656065243521
0.1410892201849415	0.030489675962986174	0.020705211713121226	0.10105633375882313	0.7831329946377528	0.9184113535088908
0.8140971009630753	0.026594676723838896	0.7713776535608325	0.13719576771743955	0.07030883880168923	0.6969091809428953
0.5519100911021207	0.012535719066819304	0.0018211299891310643	0.025547755746353182	0.3310607391480972	0.24411970662033758
0.228576574358498	0.8430573896767424	0.0192762933864201	0.13819349421851695	0.5260103733955862	0.48618523759468346
0.01944150835337179	0.006661865043083986	9.265520124778246e-05	0.011857078110563258	0.7388455922010222	0.986633352836358
0.7051626298502786	0.989845226528452	0.4444129908612531	0.14738508091989408	0.3136548120842404	0.0640915232707915
0.8651425114455354	0.24064622526801513	0.04207537809876006	0.2001795652352704	0.8052679936099617	0.8167520759823117
0.43188522419728703	0.44063943338479783	0.0007739345522946015	0.19072046026930678	0.7647277440814368	0.04405599112576277
0.21116408628236594	0.14415584204043094	0.19300999968176558	0.06123193855749434	0.5099353096273452	0.3533494381069214
0.18669117767687232	0.05405435678115857	0.041963062473796046	0.021634865312797322	0.16335691772989233	0.06823370973159826
0.08231839436343386	0.743349619878296	0.00393358287231979	0.08997025745097038	0.11116779486683695	0.7570299912265716
0.8830492471207505	0.3388453225117168	0.9287990300129777	0.2636843709508581	0.10823207291054734	0.29779320488982997
0.1860977322507735	0.12889249829561616	0.0005324538408627858	0.009850534604741472	0.21275226978444772	0.02371376216395123
0.10978976819386696	0.14784614295591952	0.5716077887375787	0.06678259902475515	0.33125149092830247	0.6261262092386458
0.004846461886626199	0.21123425197076384	0.11153513394807599	0.08663461556437875	0.35524004198187925	0.7529644682509871
0.2211546503472291	0.22155275984341832	0.5795467981414836	0.1536224992895517	0.7121622404260587	0.6469161765092127
0.953028983169461	0.961086163878478	0.7187767495663284	0.1263479473320324	0.5739185370950809	0.11266025380968953
0.2555349862358006	0.0023471702063426543	0.00020184199459469146	0.031074307817892395	0.21737096346779897	0.9853985068223053
0.3197780539972909	0.9399270733936328	0.0007049131687136498	0.2840481015140684	0.2402453279439281	0.9545341245674546
0.023077430189602528	0.19976957308365334	0.005074411995549712	0.0297574449465976	0.15821897402716484	0.28522424254644824
0.6705046543416524	0.32024905335643566	0.7786367152034981	0.14338607551387594	0.16948641834488443	0.23054070264136667
0.49843913424694736	0.2426677669701268	0.0013013497668759603	0.2388825895764446	0.48547565631667766	0.6400675274004182
0.007305216340549491	0.004737623834693465	0.13131458747463878	0.01106731957250593	0.12659803945186532	0.11502936746067184
0.8957565064042227	0.09433501663285948	0.0012509699064387684	0.20716888636476294	0.25934527755687165	0.55384082617746
0.022234028278563	0.6429590166793484	0.0023769733067849617	0.23341100884920096	0.7508819352759522	0.6172800847120584
0.8119808729735503	0.95698371866565	0.869748916233552	0.16374579461160102	0.7033672269431805	0.17613655452533372
0.2810597933695828	0.3571954342357983	0.39755233171465665	0.1994278984362873	0.6742009806884527	0.7117308432859354
0.0012299664396925787	0.01719767273069089	0.8279820434333626	0.3384964883982377	0.05100244581798824	0.8086899045380428
0.014108612360822287	0.1958112320705278	0.3551874826790933	0.03732614304430997	0.1764615316433704	0.1823685989699022
0.0030150068963435525	0.0013234661535215717	0.6123826693777565	0.009690935135184507	0.7250237866533317	0.7250333918717098
0.5377334800192901	0.8150890147767458	0.058964802350177745	0.4068250496931927	0.7978733037738903	0.5030252540056975
0.556975136136002	0.877975320672144	0.021245129578157104	0.5865596970252357	0.7044735029329109	0.9055245728808402
0.731911517774997	0.37868832262030333	0.012614650661754837	0.08844900756978438	0.09017310582434813	0.6290822507224824
0.0653723302157454	0.7892617415059954	0.003603399717580801	0.1998147888724726	0.7269974814993898	0.7037908321542995
0.12061203540770393	0.040489314367022494	0.4517620244752652	0.06027398217561397	0.05096758367737495	0.5019433183460776
3.8945151411316645e-05	2.198524143297464e-05	0.47112432982311714	0.015296572919913667	0.16019235464604795	0.4718145096017473
0.7509937986954656	0.8534548633380126	0.3183492308800478	0.21706302919451714	0.016020876414929337	0.6434265412518205
0.13220928460173714	0.016503605075263002	0.1076146284692544	0.01101609664477726	0.09750687851708427	0.12839232746508256
0.7599120357813945	0.12954923182233466	0.00011689000371837072	0.22935717242885206	0.36745103284544717	0.9393793481341355
0.7584565800318092	0.7510897412253865	0.00022879046162995592	0.14114991202623284	0.24834582542729802	0.7434733127499968
0.040726746411113506	0.01672729818707855	0.0838377482923198	0.0029476278333889438	0.15713870630181384	0.15302017731018408
0.8274118304408259	0.06306908766155536	0.000892942731080157	0.3537159346201492	0.6034346578440459	0.7257656430517916
0.7684017248123546	0.24818289661701728	0.4638207616342945	0.4122772627627209	0.8432086669453511	0.4799134906099485
0.9543906183169657	0.9369871798871893	0.10933316701320146	0.7664514832245553	0.7594676294248164	0.9434256565045228
0.035706959621773456	0.3216564951425551	0.14951353774538775	0.11825319669973047	0.7797704841863915	0.5787027839509447
0.44413927413372445	0.02759415092723737	0.00044077748197029185	0.10363000424380311	0.3466880013998934	0.9885015482022415
0.005094093327103904	0.00034450089171742394	0.734450723275019	0.31357102089813055	0.35197820343578384	0.5657693810303012
0.4138031032228611	0.8597524208638341	0.0004832596528555428	0.278681096292079	0.29774458531383313	0.8411620722667681
0.3960888910963322	0.6400072462512326	0.29622720843217515	0.0713085490778154	0.024302195191348686	0.2675067893497415
0.24112788064621443	0.4155707397499374	0.003069448975094697	0.10387615079058184	0.9313860913307443	0.22372889759603384
0.23625014661730054	0.33313472082184903	0.00032355728744413927	0.25922739383256266	0.11202489999960302	0.9403517677179741
0.7205795737504473	0.8960486719330193	0.004849287479912903	0.750423671246717	0.08819324468147302	0.9173892852035908
0.3010583963000273	0.44512090970652884	0.35490973484338817	0.03652305917188758	0.11282122859162609	0.17406285648123138
0.05167702351851119	0.03021591590325449	0.0742138326600101	0.03285837342702035	0.6687163193199541	0.8060287921606305
0.0017597164890206078	0.13737159812169283	0.012524024099077644	0.06871803425891981	0.30089542542270614	0.5829345077192364
0.10819869986618143	0.613440794095053	1.1093186021819363e-05	0.12234380543897695	0.7160565678481883	0.5554726246122007
0.3120323536263275	0.008575439350618337	0.033021747055906776	0.03699098270463861	0.12152026364114571	0.7062284771708527
0.42970299763714953	0.13941422968238112	2.041998814295089e-05	0.026307272136869335	0.45325840523890276	0.25674023688968906
0.15838013841422785	0.895476837008339	0.008378905500550446	0.01973863804938158	0.26157491621399775	0.35711583794174984
0.9420225916756843	0.8008201004689646	0.5337731120413172	0.27044169978154736	0.04706606140336338	0.54734505953445
0.00185253437709393	0.045099713226802327	8.129057466613692e-05	0.013879009451619415	0.6863773154163534	0.9414074933167934
0.34647872225054144	0.2955389571426085	0.611393152709331	0.20812051228507042	0.07253343343231274	0.39110712752347154
0.005671814649370905	0.014844517917700266	0.0025288227930429764	0.012742606765322666	0.956344269334608	0.923169819891265
0.023171657482188593	0.7446210124157578	0.00032918487260200687	0.17738675522548417	0.06995030973075807	0.818744666943664
0.040461158441056765	0.8227385171243687	0.36540590165237297	0.1537352926477394	0.6404654198877916	0.6408164319959926
0.0735835520072309	0.2482111629031595	0.1661865140313135	0.05592289182008256	0.6540862919727698	0.4849670512342015
0.03844845274242507	0.13053322626434408	0.007492855820457267	0.03777082038481347	0.31210035864241803	0.6584341848900528
0.14800303261878875	0.2614619080574465	0.005337704004598028	0.12375893481594778	0.8602173358581606	0.37762416355711553
0.0014225402473880147	0.018279252445734768	3.179229138850678e-06	0.0036089488596111547	0.6580796900321612	0.9966363332914694
0.011375714384682465	0.1517644558784396	0.049480361886677954	0.04209623896024427	0.27305108191979155	0.6982872662606645
0.438255663147311	0.07538719190814988	0.014564752396651991	0.04014909996639589	0.09018584632812464	0.8444662518811761
0.0009113259254063032	0.008947671958167437	0.06405077209138398	0.00170506010501371	0.4720783798325384	0.3898021692650534
0.30989396714488554	0.42308948336825225	0.6680768074506731	0.06738865656806253	0.030597698392411537	0.8781542224869916
0.22400081068436725	0.022305956160786764	2.2487405311524516e-05	0.16011717431138997	0.9820512567870265	0.9365419794085015
0.0028711363906529417	0.0052866228272271795	0.7530036083447366	0.06735810251868832	0.05610877034862726	0.24449529463895678
0.2247582473915533	0.013722544492182569	0.8139185890641487	0.023100834736603928	0.2017867402525257	0.39333314067923014
0.02865471382840057	0.03116623447135062	0.0034572431136197374	0.021578993065862244	0.7341695593727853	0.8474808375689503
0.05353906357110102	0.10064047263789175	0.0014455877579653933	0.018302132834595905	0.2740014329504826	0.21457694680046674
0.5527766166733092	0.5298875468438974	0.4515300744135938	0.167581238285024	0.07971711232642324	0.4360266308251806
0.17695329630854517	0.39382795889432126	0.9557108439313944	0.2642993042971957	0.10855058175815241	0.3088767784799254
0.04332885467126257	0.34006829634043007	0.30893924857105126	0.0768525099333364	0.8735231420731525	0.2619237221451748
0.6354671557689081	0.14445787021582293	0.05887692317506125	0.049129570626870574	0.4694336472132911	0.2901987682955479
0.12654333183920846	0.0656946526443502	0.002253682993289109	0.03978997572828965	0.503614137348002	0.44344999883257497
0.10906135747558467	0.6054606123561449	0.00345697685733258	0.44222151898316325	0.7126177965181067	0.9668730521901474
0.4451306740821929	0.19565248529119664	0.8147977084162709	0.09113622388281022	0.10621302918616846	0.17573542511589813
0.699041772968419	0.03088156165646457	0.025778036372621004	0.03514151888636043	0.38784281063953896	0.48150546938062266
0.09811552719262948	0.4913902884839333	0.000534597675107091	0.1387744944137107	0.31790057287146	0.4829813675593032
0.768852401233922	0.05820379032592461	0.4550912374528403	0.26202363958077995	0.6815952819914499	0.4415323361197062
0.3957653916468249	0.16448132899831117	0.5610538308514404	0.0630626680057567	0.17841550636673648	0.034085569296323885
0.0004465257398123074	0.001443285900334164	0.5533651301570854	0.019174455331336267	0.13330893601554814	0.5267005718744667
0.009800560937152147	0.012307315363237703	1.857800587825832e-05	0.00691929467702314	0.09337227855013122	0.9956529968164269
0.10706640761721813	0.5228397611379185	0.004899534566393088	0.0025060736333057435	0.024118479463721282	0.09202675601891423
0.6459003459038722	0.958229035340482	0.7338512445289812	0.4782960098589443	0.40573111408126256	0.768635731149217
0.23421044883461478	0.5420348677567655	0.021182339651488875	0.23897579726005874	0.6105198464449361	0.9427734934764819
0.7328450442615257	0.11209194681511704	0.07421350106463953	0.36975670869821436	0.8164141607418695	0.047104583437670565
0.6807423977324162	0.8659142756975733	0.7461904738546307	0.1238004751158844	0.14601028731476684	0.16552882494787471
0.2659645747284917	0.5561416830786877	0.0010496002331840113	0.20283992832053854	0.557999658317464	0.5551062798270835
0.9810455358752223	0.21902856729353531	0.004473487331640314	0.25372783332715604	0.6861514115732879	0.669324902650684
0.04399307302964897	0.37762654720477334	0.7596444302827869	0.06770397977022374	0.07964740467119444	0.7413992358451343
0.26779289681580654	0.6912344408375132	0.0008779918824516112	0.273048957197483	0.7802072177127576	0.5654025405773374
0.08303450841692123	0.008763712181697317	0.8284750679583914	0.10526038830739506	0.27332438346265014	0.24337273498322182
0.10638627251918491	0.6327670960192974	0.5392919031973201	0.19232892667248783	0.09366941255818434	0.726033220414384
0.015293941188481425	0.0034172364833471476	0.32634932068200084	0.026045902738532245	0.03518226739761634	0.2461315135968203
0.0008471006266738185	0.049665082579652055	7.738244418973497e-05	0.030930211956137623	0.7130398434893248	0.9808139016101142
0.22545000132783222	0.2097955216857914	0.004178678509958397	0.13185408535589857	0.21221937135738547	0.8023838698433577
0.9667618115214952	0.525258749882584	0.0010618241392433133	0.07796730977376158	0.18197431771125053	0.5095807532610379
0.6215663059434927	0.7765560574930283	0.044510539394042994	0.37311157639004083	0.6129299311896758	0.22676577932354378
0.1341894115919455	0.28570951161696595	0.4707799790269641	0.1789273243818952	0.0808390314533836	0.4831445616998131
0.030542445751349498	0.00688441919292183	0.7346404679964785	0.007866827418643038	0.29047120554429723	0.6597179597399565
0.006793097075673595	0.5557272330741504	0.4855027665853624	0.17138135818911354	0.3104145133402658	0.5216880035175974
0.6244896907882529	0.028413748940017833	0.015716046112637785	0.022427668668146994	0.07695519333829372	0.6200374638909741
0.16248366616627063	0.2932296272321229	0.5317696904959326	0.05319907086943027	0.005707212856620916	0.22840532577668357
0.022161852950731035	0.25377303510048954	0.0004552031728464795	0.02991192195214733	0.5756567920328252	0.1708283286053397
0.22333553025466268	0.0075238546782519025	0.027249160144022077	0.06306497065325897	0.43432127916253904	0.16725753676272997
0.0024991130283709088	0.02918037976109983	0.45171524217666714	0.1470213533461285	0.42043193023340564	0.458276502730016
0.5035941502679836	0.31644623311144277	0.7954375191538495	0.07137426121965675	0.09044237613307221	0.4642428789220071
0.7050683681107299	0.23293882152910653	0.0029351098005159473	0.35331468378306496	0.6503143165215338	0.7575520429463097
0.5807345910294384	0.005512626447457771	0.00092667165243031	0.2094066786836164	0.5681858442196349	0.9763812649514173
0.09208951682887725	0.04961686582013173	0.220540190289819	0.036051720765137116	0.05624752036648275	0.5992239908679423
0.01016810174964717	0.2790730332569435	0.06042535766205176	0.09537919940875293	0.7722335579963472	0.7229501144166117
0.49476101559773716	0.016730563335416223	0.4285474335803516	0.11164576520957666	0.013018400998864572	0.31757231078965187
0.03782802594974998	0.28024085146678573	0.03157401672198673	0.05966388881513	0.9497936376821303	0.22388056552199515
0.6028900501364369	0.40378532311906495	0.33458293590126037	0.06625990767687925	0.5948059607215725	0.10283638850893044
0.0011712661268778923	0.030407770439462894	0.0005141235350468024	0.00234098830587019	0.4031863467668117	0.9783843618663444
0.042847127670339824	0.05825174054336016	0.017425494134536493	0.04613338392166165	0.3817840777515527	0.8171590360086775
0.10396743692043817	0.8648441647405493	0.4747142242355146	0.07207076794471133	0.14316923143096388	0.15553290628638855
0.0001223564117029433	3.422259323477019e-05	0.34078494212355426	0.0016357543558242881	0.30688810188526316	0.3565052863213646
0.7008413856703878	0.03279609084798944	0.6558637081942071	0.105938845783587	0.08168570147533484	0.22382256941185527
0.039497288735130455	0.03289917418180134	0.24304409571356472	0.01676776239467104	0.14910980980376742	0.49978014795882847
0.8380204820911324	0.4264842369435169	0.05443466285422185	0.3826568588401153	0.5163388371096428	0.9267973408916822
0.004473491301298471	0.5187803084411665	9.615151252904067e-06	0.041577432065704696	0.20347216849639604	0.5140875052313412
0.044679373897769076	0.41500108054875395	0.030348925838801926	0.1612660515065554	0.035643770164568045	0.4146203006309106
0.3878892535650877	0.7233419292682368	0.9597101575228391	0.39371083639314663	0.336265881592812	0.562968175941295
0.008160659145492835	0.7008709036147599	0.0019487208018990564	0.5292237587727981	0.9729134795052495	0.8496591706975519
0.15924080593620143	0.5958349771382704	0.46785074551706873	0.03916807863551499	0.03757209210587927	0.08461933180215525
0.4099332776562991	0.5008282742440462	0.000839861083160243	0.14005438418019722	0.12565913867619166	0.5306557726187378
0.009324958737765465	0.006171371278124866	0.28764958820730563	0.009622369351354899	0.3609887832082315	0.40103745598749163
0.3847321434525142	0.023538415812701052	7.695263931956496e-07	0.0979901355600662	0.3679087219891015	0.3650378764495791
0.6912500935471857	0.6362263776774184	0.00012858577654370558	0.08088016264484509	0.07647142376523985	0.7626796620040864
0.26542208873708834	0.5173298285273402	0.9165047300884867	0.24819504629818218	0.052779575093989416	0.3027482801627693
0.06990100517369155	0.008469732470699777	0.9426390447509994	0.09634996622152646	0.5302586603719115	0.3859447719393025
0.20616061391465726	0.7862845965779878	0.8279781504504077	0.15698866678317402	0.8218267688526275	0.028512985594432914
0.000508011385693478	0.00013693210845455082	0.5560787322413696	0.04833721911825031	0.049020927904554985	0.5530312001754333
0.014480317863008147	0.11151405380613888	0.0010770258792329982	0.06150472002067861	0.9600964407624085	0.8848327303492732
0.04357293628978372	0.012459966715935699	0.9256509453253796	0.24912311115541177	0.023781905614352245	0.3973521356981212
0.3707280575447267	0.7227147255685645	3.006619604311142e-08	0.12036278361664572	0.1412091288931074	0.651305697736383
0.8760142841147945	0.07524798141404786	0.6820034354011675	0.25554881169796617	0.049244204343751354	0.7422643249268487
0.03776622502010844	0.020709812826812404	0.15054163497695172	0.022935882201616065	0.402621577236705	0.8792167311954308
0.1228224214875205	0.3943618087757278	0.0244765020023769	0.05441913898401427	0.11282578529370274	0.9605875090515651
0.3102871061141131	0.1292279256571825	0.45254024574219703	0.14183636269671313	0.12997774238929918	0.4399506627919046
0.12650215812337912	0.04650572699353835	0.9503198932024619	0.22039936751426417	0.3539227896236934	0.2707845584371151
0.836006905512567	0.04605482519919368	0.8720519142349502	0.0936093673116942	0.12305505717721013	0.22737815568809153
0.6517530797975436	0.0381783317723876	0.15157735153421728	0.0671478835778195	0.2531459476043462	0.47885362683896937
0.15169447727914134	0.04797848570658997	0.2263917696070124	0.035425577765891975	0.07709665496968944	0.7726906847013476
0.010518779959487997	0.0027718057376054516	0.8666932617151868	0.016680538762165808	0.2871025191903406	0.4719709465982146
0.9696958473875518	0.5961203006102441	0.42569309573782144	0.41478129343308984	0.42078344784250715	0.7701091273877656
0.17064811103685898	0.22377233958749937	0.42129602225695567	0.02548031927228418	0.33056206957438805	0.012920253256441222
0.0415768452356587	0.25332818505208693	0.0010423568490414115	0.05003124099087445	0.20754260624370793	0.8462024154770538
0.8853869417282707	0.0911256761827363	0.05673645168841804	0.25853565505449844	0.4595890246271966	0.2401150015862189
0.023711950913867737	0.8677145338185729	0.006183057247567329	0.3652870624511553	0.37891695512111423	0.8971490675338285
0.35286773751961853	0.8652085502127007	0.003397470015020153	0.0980380248378053	0.5144201652658026	0.6140914893198209
0.4179864396468567	0.22669660572934705	0.18811996276693133	0.08794303841871165	0.24470619793995343	0.12597688277292116
0.5497281542685345	0.7244591883209638	0.044243950153657736	0.19973396941155186	0.22002057397607094	0.9550623823542087
0.0583653028620604	0.10782092224838818	0.000799301577379337	0.017769346509800006	0.17285547350051975	0.9337494502904364
0.26475487872667036	0.24875487010836972	0.0030603463880856004	0.0451522546268075	0.18915079373378774	0.18540348515705435
0.8316575432077635	0.13075115072412363	3.911718476038227e-05	0.3857041307618568	0.7435436163787089	0.6243126984699086
0.45290679043554355	0.6836294755711763	0.004597549470165084	0.0368210461800833	0.11056527609849046	0.1309449049003398
0.2627294872372542	0.005141521769908402	0.008395068533118366	0.022462444871437608	0.9237774086632905	0.9241764589940986
0.0003141728633273737	0.00013070818426749424	0.2921856775715318	0.0014903360331576052	0.4012442993965922	0.3572939826366778
0.0008118949115168981	1.5605026847578035e-05	0.5196809745597327	0.035701927311896496	0.5012075360789858	0.5251592497493544
0.005058613159482991	0.0323202821420097	0.020308525651391726	0.004239876482979594	0.6098668755843477	0.8582384405309413
0.23578134767845757	0.3181909264504337	0.5654190037298085	0.13348143316063393	0.5819296695996591	0.3324641491571203
0.9376648425995774	0.29199133643987296	0.02849021338504167	0.6063471855087085	0.8165221324195294	0.43157009703927113
0.051065608399788104	0.649786919412647	0.0006992926289285366	0.09813327487341168	0.24387682623193424	0.6045910669322377
0.33135725265994403	0.8243634654973757	0.009039686305536712	0.21533457294114283	0.2157577089023695	0.8502518250935308
0.3672197089982356	0.21346393169360828	0.030641103126937352	0.06973883763384407	0.17889692186053271	0.585806534113363
0.8111270183611305	0.615344589934244	0.0002580959858921968	0.42180973892625045	0.8319468858767293	0.5930570269765966
0.2544993823711841	0.16367306483605684	0.001966316317458552	0.05868368499020097	0.17750641911078113	0.8361980643633874
0.3258304826489441	0.2233566529606185	0.4061805137795868	0.15001068654600017	0.5389965987799388	0.3451815904130775
0.805306200430984	0.7922213480292544	0.00022911815570028575	0.586833007256999	0.4686569105365477	0.7884507033868016
0.03512514277873796	0.19406733016266614	0.16299946704405202	0.0790319425494424	0.3698770492109378	0.46831964891895284
0.01793229509780492	0.02418372713448207	0.01601955543844216	0.017474099388285362	0.9648688458974451	0.7713569782285735
0.141564911453283	0.11731164849578254	0.19158937771978513	0.08146112462391356	0.35455464688471183	0.6904414246463354
0.5120584397962193	0.11030051059793577	0.13825254827386868	0.09840464340354375	0.19337003636415762	0.8092923249023669
0.41702517826820534	0.4347447382355526	0.023968727803379164	0.08086596978403054	0.1601641063829836	0.4239012305075298
0.3458376126428528	0.05847581999417464	0.3898445944950961	0.16750985150636616	0.4675461240421831	0.45011405960962564
0.3244318503656192	0.7800091738333811	0.5796249264638761	0.31150384195884767	0.010796572223002936	0.5752052073375248
0.18640797058824957	0.9076554610275348	0.1507874418620007	0.20138798707623445	0.566866810238392	0.7591373421572537
0.06398076232899998	0.06446522829155173	0.7605905027098704	0.07121820995630851	0.11360660439930896	0.16798903640202628
0.5500145297246077	0.7900877069378682	0.006208785808875321	0.29221754113877185	0.46228423450075024	0.9673699218118114
0.4239779837573476	0.5328296408891972	0.09921568980768997	0.05343474510911799	0.356979014443166	0.006378280987508806
0.017433477333957642	0.18710583669740213	0.011061694368922197	0.04742529120441334	0.1900080157782052	0.7523100512615304
0.05192259515197931	0.23794228860429176	0.006065766224941966	0.06223443594560125	0.8446896782911961	0.609827996126897
0.23807127633861722	0.7682423258428304	0.0015238155673560846	0.3394741335461035	0.20911525677621767	0.8833108547473212
0.2431552206384481	0.0761765690414555	0.02885229011271143	0.04631084936254134	0.2868484793536923	0.5322228111257415
0.0027016321334845483	0.007224083051809589	0.0037858455804871977	0.0037359065727114744	0.9599447727026537	0.5221698314372127
0.929228627413744	0.4544375601351448	0.348746942719666	0.1374856743460185	0.12717604714334885	0.43740302980658624
0.09596515969011594	0.07936917266436701	0.8993691508653697	0.08961159458270114	0.3272512934520016	0.8444554476719196
0.03705615454782985	0.199020806487147	0.13378034736571334	0.011915723977243081	0.24291609535468028	0.11554455283368818
0.009282290462878706	0.17313314629260626	0.996689227234901	0.18107520186068476	0.02357795031830536	0.46379228522383004
0.31987239837391135	0.38269630103101543	0.36279299709607166	0.17927681718937508	0.6484466516876661	0.07356789356529685
0.8822448141031307	0.6062703960530442	0.1137281389409422	0.2302731737377626	0.15836959605426462	0.7181885485506795
0.6914251774409242	0.2477865029795085	0.525983027075302	0.14208717875626078	0.8127852971853596	0.2864976514824848
0.38454272541262824	0.12422906356598737	0.002342633327738557	0.044825017160138515	0.33557903297762726	0.2759421027473514
0.1112034784115809	0.41515067938864586	0.11855360074165189	0.11983511251456737	0.35150512101722453	0.48348031579657186
0.011550183556046109	0.03833401878198932	0.2745629990398702	0.010435930608067768	0.16272725159064175	0.3309715639153375
0.01443055632439802	0.014039488872569035	0.007336844938124683	0.007288006114084577	0.4925593458936318	0.6488047799731005
0.21135462923469298	0.02521982082878943	0.2875066997499785	0.06984221171648083	0.44918593584093663	0.3148164079145479
0.7342130131154019	0.01607915622793018	0.051429635604375655	0.06952757644644493	0.5528966478974965	0.21000456817731197
0.8923188494251272	0.02435495313417448	0.001979378545123076	0.02116875078944439	0.2374631803276177	0.7052442345640378
0.8868735550850494	0.459306591656816	0.06749119984651136	0.30913364746393124	0.14004388972227716	0.7293375313474992
0.7696827217253165	0.6045066035593882	0.0012762560637653842	0.5539555094163415	0.8013080544872753	0.8696921535551013
0.011575024593744215	0.4493404628739989	4.105938020806358e-06	0.18652138798445986	0.44969043789108093	0.4484061955219151
0.9040622375782691	0.8003967307140551	0.008149763723319508	0.11295773654356163	0.13799582066027577	0.01898928544929024
0.9617113700631653	0.972637992381246	0.8652956832107898	0.08405186467620122	0.0014464405613214377	0.22428585252010216
0.9823698221951118	0.37864916816491795	0.019458795213949474	0.10660516898377838	0.0672014228443732	0.550843056227859
0.3385722496164588	0.6326362249057764	0.09217498875330096	0.34522490112895177	0.34989319663942264	0.8529225720965498
0.030455901709112252	0.6072318579473422	0.059043832564811105	0.011548618888715381	0.18199727348668507	0.7534190057902619
0.722761279489569	0.049528857132435676	0.93189105460041	0.27812757569178875	0.42260664942782705	0.42097140645357534
0.05424418130973282	0.3500204543331672	0.031867428126119146	0.14780680351108547	0.6165778019251899	0.9927214505044055
0.02335079581271294	0.6723843478000124	0.04620623094490927	0.5394293481702487	0.10308891415007751	0.8735965515278439
0.5038611590405706	0.6605447304919555	0.004169784628128055	0.14889020788758842	0.02063273725698366	0.6528798855998807
0.0014238017152653096	0.007168775310692665	0.016258684046062996	0.005415861747859067	0.8142669544359195	0.8576090492007343
0.023038915938032725	0.45403514374829973	0.570408450905445	0.03205226508608156	0.6936582202501526	0.11537543884689766
0.008954365266929208	0.6511331962559042	0.0002525575662997043	0.03877557227314883	0.8479889949042112	0.7614114885283851
0.21769162053048205	0.43034774453948516	0.004638563230912295	0.12214576995112857	0.11678226270171808	0.5434422849689192
0.05825841937316991	0.5727545573959237	0.002560177236709115	0.2765346054563087	0.6317394614542711	0.5704916198219515
0.5115890689327313	0.36207965873025644	0.9183107374140254	0.20222992182578092	0.10875780492130051	0.3434708811148276
0.006829261245456236	0.8284731962069641	0.01310085801875181	0.04602803253007499	0.2936321419936375	0.8860873620713645
0.9383007583724521	0.9449221331995358	0.028963887199518014	0.04310219955999118	0.05989050012031415	0.33652539782100194
0.012931826500999341	0.22307788237885273	0.5801031599742349	0.30462373304465945	0.0260229022636091	0.5823684226992627
0.005036013223821609	0.5592832335345126	1.372005696318474e-05	0.15350430349137265	0.12292491458510378	0.9839672042418481
0.08428954334797886	0.29612647944358744	0.037234763411346385	0.08335827651439726	0.7260005080152498	0.9811074845995932
4.467089641896485e-05	0.0008164721073107683	0.16280823979972636	0.0030872849629549363	0.03712011201493224	0.21571081093666844
0.588143337414607	0.09860562848239192	0.0004097360561469909	0.09090936077785998	0.5378054314625766	0.27525267934695447
0.0030642049168935746	0.015340599108122521	0.9231094011155063	0.043137957342473214	0.004405405708999053	0.333981820810332
0.0052638933827254455	0.01266740078071909	4.019630531787473e-05	0.0083150363208906	0.4292245232872016	0.9760584934488372
0.019798394137045386	0.0020658795435465668	0.7429436808087505	0.06760115112521549	0.06433085499976922	0.6373167802771766
0.02686848511822333	0.031776975157496834	0.7669715981450016	0.050539793693936984	0.48576772707411964	0.7772745712973129
0.026334479458858907	0.2400600650572564	0.8781087719586517	0.02049824995240115	0.44372745485359716	0.242047699904027
0.6910369604414413	0.689382121431081	0.7276449969325505	0.14391383548071357	0.021841818072244012	0.5123465644887266
0.16176271677442672	0.36325228640424245	0.5302393593726851	0.06160186753889416	0.298026658908698	0.5153240522740317
0.558286243798494	0.10468975204471066	0.40702437110714135	0.05895394895457393	0.01189079307324715	0.18642802128316505
0.25604792007421756	0.059802688817919794	0.26434470270151084	0.05055434565612617	0.07497017805998761	0.49052694013846215
0.36296112499214345	0.07428138180035225	0.07000655244877119	0.062276015295298755	0.3195025218900921	0.16234018079174325
0.6964044656187888	0.032537066696177314	0.002826392201522107	0.25156016858441094	0.8170451995490887	0.7870209039651959
0.03898525977954622	0.9358723126954138	0.059167933327319545	0.2951258743961706	0.2991780472325443	0.9282595600215624
0.00616688229322683	0.2617109129587179	0.024220597826042137	0.03680188747185016	0.6146688385020814	0.900111629979803
0.20405787449686705	0.08171892408722342	0.10479473173973798	0.0950596618088998	0.8439707652964141	0.3234811847746316
0.3898232956832675	0.07419631846077555	0.5807899732124344	0.14473731635087267	0.24514470859550555	0.3794332401260719
0.15298684020920586	0.08146882399783492	0.5636367351817079	0.02099915237024638	0.12426404646059389	0.17375668012559328
0.7189558356898812	0.05218892051979983	0.38932729465195126	0.04930385655202191	0.0446693976298832	0.6042695338017954
0.17580646745036363	0.8039206182697625	0.0458508191126519	0.17184846914912147	0.9234147297254364	0.7986437728142763
0.4417144997094356	0.18792673087751255	0.6814258181191626	0.27111693633765327	0.6635165609599488	0.5310479096343602
0.1956297295889577	0.34005829268530097	0.7822936462802825	0.04813060788085885	0.09399521389221187	0.340278904530958
0.013226920284306063	0.867054115043867	0.053805981220168775	0.44844622534672746	0.9434796362079259	0.8885851571110105
0.9411256611755329	0.47396342655305673	0.5765724473625531	0.025232490521847943	0.030788551247361073	0.045091085746585685
0.2106658573141896	0.005319912365399344	5.882496162089819e-06	0.0061868238657079525	0.3002957390464867	0.9974458290863607
0.22486119460509457	0.03249614157827475	0.0047673906891912985	0.0374242065425198	0.1739551444479756	0.8917151416037323
0.7599289579479516	0.8231137013905581	0.0017011539515685654	0.660617076394128	0.9176859438360473	0.8751918709278754
0.814067404587748	0.701496295040391	0.09332109151134448	0.3634716848938951	0.678559557171531	0.5948759339314
0.028321634471417913	0.21997390686580823	0.8570790241362356	0.04794583583629256	0.012748674986829458	0.33098522893423415
0.13451692640638033	0.3099241518160676	0.9631464800306845	0.1816395783438624	0.04944912598580144	0.5391831525946517
0.09119806711256662	0.0063210500847743906	0.11861670519976986	0.0076477972424979545	0.03037501886283084	0.25677590486996144
0.006213016661690143	0.2002125877592703	0.002284747815082591	0.02739002239631505	0.09776035815163389	0.6485945892349466
0.00034180274977474613	0.0013955029805533946	7.696110539850272e-08	0.0007095658527479936	0.901738592254245	0.9990215733672617
0.031571806907969076	0.0018702887129647004	0.14156071052812164	0.004586686584141445	0.11338349080066015	0.8404920506235791
0.22389932066048862	0.9495018143022323	0.0018189435695129868	0.03489118857761361	0.18832577437083137	0.7415268037248963
0.5199488888364006	0.29161331604414836	0.7798607666703274	0.06828500436266195	0.08733913792968127	0.09418702417895092
0.04012209732933253	0.44280226169125464	0.0013118344418417375	0.003382912610377648	0.20350770973804108	0.11940601643047677
0.7174599746586934	0.012755018431895955	0.0001491478563354977	0.0457106444580201	0.13944571213758886	0.7375476085677829
0.15616268057998528	0.31046150927523997	0.2763206654265373	0.05715589171364848	0.23384256453782937	0.5559926217982478
0.02575089759847873	0.7330171412842101	0.0013576536084031476	0.132022610224609	0.30700544494883203	0.9331879672050805
0.7187014996614233	0.7351820814488531	6.028336468200175e-05	0.5116665460279463	0.7555266331029588	0.7191935848342923
0.0001586273540204003	3.3490196999337625e-05	0.06045212700378718	0.0009171391265835165	0.5568846999579344	0.1506946939079125
0.001900211198870138	0.002069927640573955	0.0007323836831626411	0.0016117947408464553	0.5774767828426195	0.9950694428495914
0.0056700308665655645	0.22358213026898324	0.0001798408264795609	0.016104411041841352	0.4947430266580994	0.7432531681782103
0.11159990025720604	0.06610249407917736	0.0006529218424456682	0.030755823844936175	0.21784629340192377	0.8932923125208734
0.3285240974026898	0.27866860949704914	0.4171731279542549	0.12941603875846894	0.624904583663939	0.08623551721602868
0.1181881153997231	0.0045615016294974055	0.5872106180856269	0.04060113719686434	0.08960898694397533	0.161744405751498
0.07004202205874936	0.08392437948080045	0.04357672998583902	0.008055409600659667	0.10954914614057941	0.13617969853127013
0.4843112278629695	0.0010854561555189229	0.6682931725478061	0.01457143105406109	0.17869279774549393	0.37572965909685146
0.04768411249405194	0.011597726339721077	2.9279620941507544e-05	0.005495165726388628	0.0920125425467961	0.9942076623352996
0.0755331245118209	0.013386866328210172	0.0001584096448605603	0.05068782084627824	0.9169490850689415	0.9997778385527575
0.11867801778132751	0.4517439962417711	0.000550122612514077	0.0778148803372026	0.35215257487861396	0.33182735062447555
0.270755198290247	0.004783662611599504	0.001684321064281255	0.11706263647635402	0.8018936209984063	0.804973894328722
0.0015370237280191712	0.001620623779498013	2.111858033096267e-06	0.0009739146968845892	0.8117486363015035	0.8331400156126656
0.07701449932308833	0.5881054569988329	0.8165001422245535	0.061855904709463304	0.017685354552588597	0.08767209817098245
0.6513773964324028	0.01699590119185023	0.0050488815708313655	0.42280226203622345	0.6556731959212189	0.9771560140468392
0.6512133183037929	0.4032679552537991	0.008206906460605847	0.2871189529044883	0.7611977492876977	0.7794773461878586
0.012696434099433279	0.03727785450903521	0.7174689897121218	0.013936341926329485	0.1138806322024143	0.3295156501184571
0.023654783492379344	0.014168462624507149	0.16023082493261653	0.01275562858174053	0.17925062245555765	0.08403179952899144
0.28200235042760213	0.8139604011601876	0.025505429989811763	0.42252605477755545	0.08854566536008099	0.8067831019929921
0.27896490101057786	0.22134025306727037	0.30765336126559495	0.13650174187350364	0.4982228040990524	0.5098191121063844
0.8385254442759289	0.06358762191321994	0.0017471054038540323	0.07514281136155383	0.14578212225839807	0.6364017569826929
0.0001402495721501973	0.00019060893179850805	0.0007580366298833963	0.00017669375262290262	0.11147288640280545	0.9825021563310262
0.9238946299625926	0.9698336120257504	0.4460843914107317	0.4578453080334039	0.029329274061286197	0.7462365907743721
0.23508076652208942	0.7042674566828617	0.0004056822682608619	0.41615604307872023	0.4530309282263896	0.6738060405766245
0.49114560422145037	0.8441190011054288	5.052952896115606e-05	0.06548012993402448	0.22431587772865666	0.3260466214673309
0.0925467477514788	0.9440476518253196	0.0026273960181861554	0.11300939224574044	0.03320198975263579	0.925564057419423
0.19032200628013918	0.5508715393340152	0.019395271823260025	0.08297708722786666	0.4886778870267599	0.06805609734418953
0.5999748260907009	0.09443874392653237	0.005766983899720944	0.05709149142046508	0.10536832254161894	0.6746157845901047
0.05461997638602861	0.08656291256056993	0.0003930445168481072	0.016168019592441223	0.3377459794258443	0.1220428082098372
0.024734566883142628	0.23102596635404918	0.014133981227396546	0.06520221025567337	0.34800304402425636	0.5977307772453626
0.7765566359440886	0.5041574889173762	0.0011438347710585124	0.14538049533824104	0.19677410229405842	0.3052624452074836
0.7879933944228649	0.9076338582901923	2.632476157406015e-05	0.4460669993212124	0.7760041304434914	0.7272599838490252
0.13192746243639825	0.16112852159883964	0.6212253934130996	0.0680111415291307	0.23941593373723344	0.6717977726035433
0.5049903981200715	0.8531953615940483	0.08323703466004194	0.6251032142097583	0.05401928576380556	0.8771821654635222
0.06307947129129655	0.29188654069434017	0.9292381420524836	0.07113751251417808	0.12756708487259472	0.5708369842968433
0.07285463910809	0.020724392182324306	0.889387586519777	0.02205547802654282	0.32322136317142386	0.07453794761542018
0.6164792312643571	0.08108534480275875	0.002378703606345995	0.3746395672823436	0.7459495107322464	0.7171928274423127
0.5339403336004562	0.21497567718178243	0.1553316494852748	0.1321886346886792	0.1693451423951869	0.645788299661387
0.35914972961118174	0.8769901531603356	0.04858980351897704	0.22406212904948627	0.6219982405922252	0.31459732700570814
0.9092860372131132	0.7194529115582131	0.6179310326711714	0.6060264201403673	0.4473215542073333	0.8923278064387463
0.8682563837178805	0.18376644852049526	0.006914701458641935	0.09833818897138348	0.05353332095822705	0.733114232932549
0.02862844606285779	0.1493798816679895	0.08895303781360415	0.05997521742190836	0.03026602966259249	0.658527421299806
0.14870312913240094	0.7738685951735907	0.0004938538748903617	0.29532316752586907	0.18701410984997124	0.8731634146383034
0.8712942211130865	0.783070826788607	0.6905912874127113	0.39249756583613704	0.21331063983960027	0.8102479695880264
0.4941614422802548	0.12596638903298088	0.005658899365478668	0.1954578486135375	0.496535036339	0.9910404248619233
0.00670327677505061	0.003307627578834506	0.4451494936978923	0.015804698022950762	0.5670593849961247	0.6578435816514558
0.009335278597928322	0.21093434172515632	0.9540353544310973	0.11047889184130257	0.47758214588422293	0.3377076802621629
0.6039936200311881	0.11392798906641076	0.12898588383766055	0.07732072955467058	0.16429944650781114	0.6071957483690755
0.1254418712058879	0.2894459841207624	0.4468300729617153	0.2114368684313122	0.12859037078102462	0.7312363694156786
0.001006812371310822	0.10346844073994652	0.07500690979310187	0.09986394595131302	0.5563455737856848	0.9961047056531336
0.8927203274435304	0.4852177843676864	0.00012991109259447456	0.1566062970011067	0.16077488569821	0.6978968232624808
0.2006181355461842	0.3657300474147051	0.004049178518901043	0.17178256856176874	0.9824163517211429	0.768655657036937
0.023471934063464126	0.07477815047961883	0.0028489173744794664	0.012791606927246449	0.21535784841813765	0.18814672621314618
0.010977731573740943	0.331436330058253	0.0006143180538043916	0.08622167839468861	0.9108830627656379	0.3188090739310598
0.3789435267142591	0.2269198967299933	0.0032913424790341436	0.10384835145049139	0.6494265412649007	0.4039379892883591
0.16635717696421284	0.10883571156409895	0.14753130402129339	0.01905579345029027	0.08420524353428308	0.13454205550968623
0.5604507818095948	0.9319746778733662	0.4891911218181224	0.19556231152702527	0.36281068832511	0.32160703475290386
0.15998940393740446	0.04195139729370555	0.9840854121360161	0.030364238328946202	0.17577936871454417	0.14709745330736906
0.01850953473221946	0.12672449099116925	0.18294774856411752	0.022085320061156075	0.15707781966421702	0.6521515975027131
0.11250477547647358	0.787080901954936	0.05281493909863479	0.3447349497321906	0.7711087392828402	0.8741212529402277
0.42529217763542476	0.06105517471351717	0.0029958515848906224	0.11251537553824112	0.44180395985534443	0.2579192247382557
0.45894755566772577	0.0836590236184448	4.709810378232994e-05	0.04087563807987107	0.0971192340929832	0.41772979263527166
0.4220358343270978	0.008148267326116615	0.0037966633119953896	0.0065193836356377596	0.38923403701968	0.3321708611184602
0.025154660602516858	0.8322916531536826	0.9456830987688889	0.4672847057078599	0.09951004246737431	0.604731814022387
0.8115153132454508	0.5125530473598043	0.0004447422958028324	0.5165101258764712	0.7814687669956984	0.9572268084102706
0.0006849808080445059	0.0014673216916465165	0.23908589250875037	0.0037095271797229924	0.6437635063737879	0.34173309457830775
0.03340933538874166	0.048088951060188026	0.5274016171355713	0.09691466141281037	0.27819902165286287	0.4104290274313639
0.5120551309765058	0.17634581684815553	5.763017587761268e-05	0.2113307993710435	0.46745985162040254	0.9961905202774368
0.5114760786028982	0.7584190391671207	0.008901825681405311	0.13191012575251074	0.1333021403611881	0.5156174250559321
0.43878719191078724	0.7355608284771669	0.34731933148079336	0.10956361498731361	0.49807855505036486	0.018617274782058706
0.0018679082176723824	0.0016537962322895079	0.7609328584748554	0.08690319902418035	0.02951165349032992	0.6946549424850499
0.6075774762863414	0.6154579340108233	0.0008220153673187198	0.34722371039335037	0.6445253014496107	0.33445682213725225
0.002939547256053237	0.0013909893441110535	0.5391879933996347	0.01546000448722195	0.2964582458268154	0.6160685008311504
0.04344477373070608	0.4586000328831852	0.0013469888795785085	0.37360327292550377	0.9389379653138155	0.9389683778059377
0.9460445028330895	0.3133373314427114	6.306461276652652e-05	0.6343907041479164	0.7942470621589125	0.24518351161369525
0.0506562549115476	0.6476511188819656	0.013097206541732319	0.21037733596332125	0.888563968459016	0.5744990294095969
0.6657144071405877	0.14240527231116734	0.05186786513521316	0.04817996158019652	0.12932987939397056	0.07734484072135146
0.39483985653721354	0.6791288419433458	3.179417450254152e-05	0.25357446403234607	0.4824527509192674	0.6205537109466811
0.05097974165986173	0.0956735721669447	0.524709853951374	0.07075845363982386	0.532982035588094	0.739495135204313
0.24207294000667162	0.016930377310918104	0.22005318257242268	0.05792607380959547	0.3559987743680919	0.36050344410477625
0.10261977393410665	0.1342741680252713	0.0003841924141301299	0.021996381501989855	0.0646064739156163	0.7877353862435007
0.8175104290315529	0.5962824391906638	0.00357106875174521	0.3588532676872582	0.4827261432421423	0.5878629459719789
0.29784082479126656	0.023947590888878118	0.09799460833579993	0.04426975127334779	0.21308692471283766	0.3726640673371515
0.1846842946045155	0.8544573327001698	0.7396310953660544	0.4153024600684998	0.47283466961489945	0.7021324659354578
0.008123733090116731	0.24303325919849053	0.5929548891721619	0.013876943430919955	0.25878195340339194	0.7799437216126155
0.8627939316225267	0.8625303126727096	0.9991690916071263	0.07329682917698305	0.00326895639737437	0.07850859028433324
0.7531512305031316	0.6525573165016098	6.240947059312051e-05	0.2711391196339705	0.2447736010565153	0.6952093176208628
0.0189486987930761	0.0012833256537650073	0.18001880515086613	0.015145005264989473	0.7523993037381812	0.8953525161938328
0.42189922114287814	0.34063834028664364	0.0005078393670694528	0.1527690129015391	0.3983831914508936	0.3463843164170096
0.9691993926255664	0.24933261803866144	0.0002786529828680086	0.1986265722913515	0.23958735818442592	0.7890300509954793
0.05767841805153179	0.23641306057463793	0.012527922545527526	0.22454970340859748	0.6796837088086778	0.9771442933525996
0.01665605737169009	0.6944087946591755	0.00017817123730380028	0.048782157446577025	0.6830458081551202	0.501092697445887
0.010252493680451384	0.532453592530026	0.017711864334333617	0.06257111020926298	0.7252020346821452	0.4719957397491804
0.41930896357316605	0.049092462295749435	0.03175762531616886	0.02354004054778132	0.7634845364740032	0.40695524994285376
0.3938013394589833	0.0945904891640303	0.8365274250350196	0.00902351223695105	0.016855705751778617	0.0841055708342408
0.01902044730977234	0.07693836939048888	0.012574419403743015	0.03709843988277073	0.24479838797259024	0.5691793197596335
0.28175454495353525	0.5727175352157121	0.09970482436148748	0.3911716024184025	0.4218408486186753	0.726871217945699
0.3840051630740966	0.18349087076151313	0.1117986875021212	0.10973327971397588	0.3905544448400472	0.12013734244448122
0.08449766215165883	0.4906424696160047	0.009731869780217324	0.027022554682381995	0.3148304909816576	0.3151757299761924
0.7732431609962503	0.02736467865089148	0.001151153938565595	0.637008299112399	0.8607690895449714	0.8299754486253333
0.820598821561857	0.11841460860963712	0.026032298387911854	0.46490993909196415	0.8389797770290606	0.21486091214337213
0.8544624998391174	0.014784477525824045	0.0017299308043393598	0.1346789767132323	0.7928275105879714	0.8064414761458535
0.35549358332962555	0.32498083493824287	0.653235519473343	0.09870788291473924	0.3280852403099094	0.19702540836206028
0.002868046075429367	0.02335130758302235	0.5694869188927278	0.21037774000724677	0.007797869920650739	0.5804953578130945
0.4646248938200043	0.009725798586162605	0.2462089595313664	0.01904219221562676	0.09383075959338721	0.32119804047811107
0.0882913195633522	0.033373593351233403	0.47142046946045485	0.04078834318326512	0.7807582173389118	0.5526599409048902
0.24517905446358873	0.5753569366326972	0.2529460621792955	0.17435689664217702	0.5720651849685859	0.6150790647987692
0.0015314701546909058	0.0014381906364143474	0.8315665325579038	0.017187786718859833	0.11234060914727442	0.8697637451309014
0.6348315087349273	0.6887989058791251	0.0018926221415151855	0.2972268214628426	0.9009146528213244	0.6421636932743954
0.5033003079440059	0.5602081141191251	0.008960271835108497	0.3131597241234514	0.9701628587237096	0.6823776892176827
0.4990398555855917	0.03871446545484651	0.651452175430708	0.04995750430363561	0.6926204727392015	0.041643016429236894
0.08458362344502374	0.1295130649550624	0.07560611167957224	0.04397615406769427	0.18053076193188514	0.6164925586027791
0.02093019428369066	0.0020574516967965567	0.030274164113647212	0.004463123474328949	0.7218308706995606	0.13891907891117766
0.09594203789605467	0.29587180805520763	0.008542639204071277	0.08693306990162844	0.6393985942770848	0.907716645176153
0.2676143018386468	0.20516456024661475	0.8610032094991955	0.107463438592358	0.4364449153346871	0.05906930567211695
0.6025278268223913	0.023589656751175338	0.008706540173006237	0.033904765791226546	0.17974365470260406	0.7665366367101007
0.000752547687514826	0.01722729718292441	0.5684586024587559	0.03308342153366278	0.12367634997683706	0.659077849038431
0.07365840389922969	0.014245291973247007	0.00024532230978014356	0.03454720856330864	0.9550923781709187	0.1589602594304173
0.35965072683741167	0.022348938740427163	0.1085754267701354	0.041219113167441625	0.33833710988702603	0.531411088218229
0.127113545295889	0.6858347236909103	0.0033138672137470065	0.056588104013077636	0.3495884344010349	0.6759599538859636
0.024173763873554983	0.6389936640817042	0.07970595672865151	0.2888622385209354	0.2888596076746861	0.6470336290407024
0.139737677309228	0.14152607085669938	0.0010208321782921405	0.09226570369498727	0.7590272062933887	0.9748653184200945
0.8605191885358303	0.5968946719975559	0.000333449481540354	0.3503698763310342	0.45859475004013567	0.6578552111500635
0.2717743555851388	0.0037739220430360043	0.0017492637155953233	0.029626379633569323	0.5555230978759874	0.9952547303576244
0.00019229979001790943	2.9721823982847515e-05	0.3928228192431226	0.03169143818931482	0.010458217531846089	0.39179747818250976
0.8365479129630701	0.15130710286537713	0.3901145480190226	0.08304894419415043	0.021550758260820056	0.2282468411221654
0.000895371405923103	0.0007278096486037018	0.4802110829705473	0.06157853385834079	0.026201694291550566	0.3459637902127016
0.027213924027086722	0.09930260923194327	0.002947679014469799	0.03133576562009358	0.8279618707239579	0.8709611718012834
0.048769348631061055	0.008295329298411808	0.5579698018894824	0.009118728557677154	0.2048911338012744	0.17047606255439404
0.010221887866273503	0.33114045198330944	1.3678657743928987e-05	0.07760089591017767	0.9324036803861149	0.3077565686401466
0.0329049105361057	0.6588014357121522	0.00024825841994034254	0.382474998002333	0.29697920567364205	0.6603624696854976
0.22178925120449539	0.9326272131886857	0.8022574944776887	0.0724891441812153	0.6416458892453055	0.0804620719362872
0.9162432937861202	0.6455437786536713	0.0015797340639355658	0.3955994124297346	0.1180243855194412	0.6610462295367627
0.020161115129889502	0.14493494044010005	0.9267464235919238	0.2370563639224896	0.6647526008833959	0.5117873679222331
0.18185215883386668	0.2830557253634758	0.31059782509780676	0.14481867588902414	0.2524672026824004	0.6043550026080389
0.30133308287756555	0.5096564724676288	0.00018982419772607478	0.21989413434081737	0.9066667190708618	0.938436731444858
0.39596920729891744	0.04185140629195326	0.0006249471565945536	0.03380914914747182	0.11299898714046919	0.7678779774225412
0.0046549385283052806	0.009779481895487581	6.964358675808089e-06	0.008311753540462265	0.9597153387440068	0.9908687077107549
0.39288107198637695	0.6852877876237352	0.0052078982381605285	0.11140586840802451	0.16779075209867253	0.5625796516094717
0.0012463578773556402	0.0003683729921544283	7.125560390985552e-18	0.0006709952289558341	0.6473486699912553	0.9997453465730031
0.014978478395486269	0.013822686085664688	0.029657635088213164	0.0034328811072197123	0.08185430849776588	0.2193878480756853
0.4901111189098875	0.6478482300215956	0.04401566896391399	0.49192409677236726	0.6764239554809232	0.940554720230925
0.004382302585391173	0.0016684376239578214	0.01860624747769777	0.0015224094194799546	0.5674755275427232	0.8226789943081291
0.1744612822649251	0.15002840764621117	0.060785260778757885	0.09628380825480658	0.7752230693824895	0.6113116065667178
0.009732936822999276	0.1375822268893743	0.2741421507645511	0.01801937948393709	0.26228813519662164	0.31747430683523864
0.8815671377880544	0.042324698673492096	0.9852266977430064	0.1171122659855822	0.29798831487303346	0.5952660410102951
0.7123025555840815	0.026988777834064764	0.022427236865808452	0.0635027207812665	0.22244159786328377	0.21827742138621867
0.6747412206427174	0.06570194082028362	0.26389732892336354	0.10201624849388491	0.2048442537541781	0.3114045945272129
0.01729933576285615	0.07986689576840914	0.003887151138029149	0.004775079028298378	0.18924737126348118	0.700204405855538
0.24737672518101797	0.6090186447598626	0.01301206400614549	0.08354766315802677	0.13766819259561955	0.7281508035397155
0.225372723845688	0.6615028268091793	0.00022090172307294775	0.38652574442361703	0.5969555386797507	0.6452102903158321
0.31916906050147564	0.13498922275995065	0.8442312989303754	0.14720639170119146	0.4513893533909086	0.5348529149029093
0.82957120166138	0.9383299237564906	0.9449855421283394	0.13477448243544105	0.19015360167934628	0.1355359841886231
0.0225006222648249	0.1324447373276611	0.016617898001716664	0.11361051034612311	0.508029983085644	0.9123861741334943
0.8304652286358787	0.0872626180454502	0.0013159698475800454	0.12127616849483988	0.18552378349496243	0.7484938182545317
0.39519567878357514	0.1927594358160834	0.12372984370295557	0.09241988966683712	0.230015346000797	0.5324929034972915
0.012703557130847441	0.4142467835993993	0.0014736861103435577	0.3044462410679657	0.8569722132973537	0.9937012518004302
0.3683897537392818	0.023652873008338304	0.018957271993844713	0.00905673534823238	0.14511454574505164	0.2770629867214186
0.022439070792667	0.5910351524103794	0.11301603006552442	0.044649286382907584	0.08677764252868381	0.9205828689962262
0.26442028768045306	0.008707803983190524	0.017076428780933958	0.04202950232622934	0.519014333018119	0.6854660733630837
0.08118626002213318	0.28155896356808957	0.7665168651686504	0.10262046567593058	0.05461838912561434	0.7424496441031935
0.3354893281139437	0.21607279683831934	0.32570214982421397	0.08625993067099108	0.1313981155757536	0.7250946967325322
0.031235717619150387	0.4218939624730653	0.001630460532125202	0.15384159376699533	0.9080434795382908	0.8767548888457393
0.0433171355013251	0.7201036960654977	0.08913571640794937	0.07283835186440873	0.38883265950872914	0.8991662799094979
3.482269783103999e-05	0.0007053834481259621	0.07634001343628895	0.005073062844390891	0.6394446580091269	0.07772244787381445
0.14778221592399196	0.007396588128941195	0.7668875638277606	0.014993428351109213	0.0038553433256042877	0.25356909509729414
0.10845383354025924	0.08268262161346066	0.9583652084804959	0.06711598998813902	0.7099288693646274	0.0484476449254947
0.1645272857657641	0.762297278414468	0.8605553828226576	0.4401948236778116	0.10174157457331758	0.6727506503882961
0.35288051893921224	0.05577924834286777	0.968974155963846	0.25219923662411414	0.10180217729022806	0.36279958067028634
0.04697370644873543	0.5142944520412297	0.00017685601092953142	0.1606865456586508	0.09387261302514514	0.5154252692244283
0.21273823240997894	0.0013585095552680543	0.0006650968719850296	0.074856942096895	0.5450137359644455	0.9162130529879087
0.04415139126938155	0.21885495375155362	0.07577141159300087	0.005438225478819925	0.10358000412407106	0.0705339108029155
0.02093414686940543	0.0424747918058812	0.5125435229935696	0.03604217769888283	0.7037778832294815	0.8695308792339622
0.022393160688822408	0.0053589523403625786	0.04052139015301157	0.013157964283224941	0.9712740876833176	0.41724505415148017
0.2636147044238329	0.08145653793862305	0.2774828324667517	0.05065318573542175	0.865364506156638	0.33158071158264507
0.9535744431909887	0.251520599593061	0.4086829291103449	0.1638332767901312	0.15763519842546272	0.44832339560109014
0.8356156884899141	0.28909178768389393	0.2976062515799729	0.07842909905231275	0.12907349630252032	0.012417974387315988
0.703819810486126	0.3971462066128599	0.0002896260203548654	0.3164490017086844	0.5512094663585034	0.6026533769565794
0.4865512474017441	0.05695936970574595	0.002927178113432164	0.25287019349221895	0.8636754775781776	0.8133557488274836
0.011759449358046641	0.10016250050296235	0.5488020022526083	0.04999552444964744	0.48430093173658384	0.3296954773901001
0.3308208880735994	0.6949654315981024	0.8855377775923544	0.25305994703129886	0.43689200759628727	0.38274047683531254
0.008428408824243613	0.0038768149962465064	0.0902737492822838	0.005940790166898719	0.5290490236086567	0.5896369971063525
0.460343090973723	0.08604419119201547	0.34421899938448586	0.12053817193938143	0.7705972579385189	0.4528077458239803
0.004827015783833377	0.6249858047663522	0.0005641013608901704	0.03662397285672396	0.883701478541008	0.9701541393665672
0.8073333092541215	0.8603630831344943	0.23144106976376524	0.3566349335019533	0.5145213141252303	0.7184495638495978
0.18532879895957188	0.09602100941468289	0.010963092579452516	0.052650560415854954	0.24452344124238987	0.574145405064755
0.7789969040335736	0.37017916215065366	0.00010730717956982813	0.12323738858331186	0.4689140709510518	0.3506316179945962
0.016900880312107416	0.3126581232494833	0.00011147471732739349	0.027411716246214135	0.7463771319938409	0.21383548814483458
0.7182979486182911	0.17642095069937325	0.8977692617698623	0.23455143289955568	0.06491115194809949	0.34118347359232964
0.2547423637439823	0.40204523471595965	4.027474787552953e-05	0.053494363716795286	0.2735249614596917	0.39050561140724765
0.03632866265038029	0.06834461695253259	0.5277173299924117	0.009665544394723233	0.0106082013637459	0.09977801849180412
0.3964714449539782	0.003918527444730543	0.45337307481241235	0.029098014039829236	0.12212674621946285	0.42174590977124743
0.006252429724683133	0.15623745661689425	0.0019478177743993542	0.08045857451569141	0.10034023024194039	0.6805673735468298
0.9175449089211214	0.0988377694663423	0.27971791404003404	0.11137667414656584	0.4697202834510065	0.7971934128877839
0.006025402706250382	0.026549351198404528	4.847799010087192e-06	0.01954892522649712	0.9786128285909474	0.9885509673531563
0.1754458088694864	0.7780800256811353	0.3066115213369177	0.509894790656796	0.04596599098278772	0.9182817979962794
0.006513081011619753	0.04698682913636482	0.021394711025057432	0.021498895126428122	0.09937415822120278	0.6895597323885898
0.0033110731851018157	0.0003361614186415493	0.030794671357202374	0.0013129330490564762	0.8548939029277967	0.04303010112491008
0.9695850399911087	0.9733617036477131	0.691719335463664	0.21200331176388726	0.402915122330741	0.2522537325866939
0.5174514675384349	0.3637266207306433	0.00583798420544785	0.07285559898770294	0.28090413584648366	0.018004045069661113
0.22462320469460587	0.46148390338251927	0.019192692254766146	0.2710544534051749	0.05363724734143626	0.9274912314098768
0.009991679678839183	0.3630258612103581	2.9276482836066514e-06	0.07905727749509925	0.7701985632256096	0.33288040583166206
0.13549957132766832	0.9704297811894674	0.8843104341488262	0.6188224533876955	0.039084098875690476	0.7397234065660439
0.20262524279959532	0.6118191778374555	0.00016979932308345302	0.08236759332133375	0.7172467978938688	0.36454263180865804
0.6123450004587443	0.67861402139209	0.33673805662964124	0.1844623801916169	0.07400587780275546	0.4723337402657559
0.8636937675147274	0.03446013416428444	0.20796811318059702	0.09039435826344655	0.11994445922343534	0.6875716883182471
0.7955226991141398	0.06990747170538797	0.001752358327108694	0.15550018564124174	0.36291886151219865	0.9568841259441919
0.30105364609789736	0.02515947025609987	0.041925975418921575	0.03003777796566554	0.10169162663238854	0.38317880970698776
0.031082916348700584	0.02655463330107791	0.7680864101061298	0.05603825459809142	0.0998220709672812	0.8675266377746075
0.010593824757619429	0.08704035855125818	9.82713446973479e-05	0.005828867253959995	0.4704727062583043	0.9729947648600188
0.2162054835990855	0.7833549734036515	0.004356852170538589	0.10163396095025908	0.4433360209691046	0.7604523795505241
0.07730807667783422	0.010841621156809228	0.7849632098632086	0.033337339272837496	0.6769594634161457	0.8512408946703003
0.570925497472338	0.04354167661668152	0.0013407152471878246	0.17835203477923292	0.5052619664365396	0.7088241539659904
0.08684003763277898	0.6258125271264346	0.00024236415867118048	0.15202550927183123	0.8879131742119347	0.7104020437955724
0.0024139081151509194	0.38443553403272857	0.000218912033984702	0.06358387987301273	0.8581750292925766	0.37081001159563093
0.06851627703772477	0.4930340209212078	0.0190430748213679	0.18776466445423975	0.20630057401922336	0.8722840240201939
0.7235312457959248	0.12670927613789418	0.044687828665097996	0.029522098649361526	0.0848822534200025	0.09227981137265193
0.11145859916344579	0.00890312107184369	0.009807235738781105	0.009699835813900989	0.10266570190119573	0.5666947109115671
0.7575309922369684	0.1532908670320067	0.03458595754340471	0.14451428093007854	0.1939759952699432	0.9278244020634426
0.40503438292127697	0.031174718012565845	0.000733352956080955	0.06208287297237461	0.707236355503657	0.8801551425022831
0.6261844716896564	0.15587911549132544	0.011335523516447702	0.20600116619479325	0.7821591647115066	0.9863336350147488
0.8824806503395026	0.8646402737402674	0.7295099968863988	0.6990335993142965	0.07144673746180594	0.8841723612084162
0.0014399737187930771	0.001896551142802207	0.025609298089011776	0.001386556214425183	0.5824526825458914	0.1549101382890018
0.14267753485056722	0.5474046140358326	0.7293243035810966	0.16601059425886597	0.25943118315249053	0.723932953253879
0.060671768225601705	0.038079021933016516	0.46888440034449724	0.07137079100892789	0.1082317536267937	0.533749736366698
0.02185751799560875	0.03443809552121192	0.026152986137970773	0.004248781476224907	0.8519949888051486	0.09891207206401433
0.2808163661919528	0.8470907271867804	0.2277798775558708	0.7226306604380464	0.6652078669296947	0.8983651018171321
8.287833149989958e-05	0.0002864217220829905	0.487410416409873	0.0016846830373032603	0.013638349413215333	0.5490232634671406
0.050284260032378264	0.0827602214775008	0.0011750221593674118	0.0047572001177594745	0.06448355280749338	0.059815348226297214
0.01667181084953009	0.5428458402175704	0.0006680801483319197	0.08067313541570442	0.8886072899233699	0.6651379226726469
0.32395696750297237	0.259044040792807	0.0007635663767113475	0.2199941533653803	0.1890270299328117	0.9226232849650482
0.045434661884944355	0.036637580485837595	0.44332831356531843	0.009615748843224402	0.23778978477903853	0.10403480761051495
0.35189775778221777	0.18234176977290859	0.8837914146563413	0.1908519474460427	0.11794863771348892	0.9400261776041967
0.7627559388255809	0.01711973851388322	6.880985977100165e-05	0.22775212302651066	0.7300578697157777	0.8732747802447769
0.04234815838536583	0.2882179704463892	0.005062886751132191	0.052112217558677995	0.3375988931473298	0.7569340948748116
0.018635023546681246	0.01258666566635458	0.0043065783084378275	0.004861318261980672	0.19811256522493997	0.4446062804892281
0.3077278388095997	0.09387082216049046	0.5692479078036028	0.11745836321653619	0.29677688687985265	0.40241859130368324
0.27177463465858154	0.270542601567783	0.8296484667672243	0.022114611328442203	0.18460315117852932	0.04677043500554567
0.12908919018916545	0.020847537305071395	0.004090351757423986	0.015489766469605676	0.0789195650884456	0.8640180083621677
0.5640982108301364	0.0017308251729329076	5.016676857217357e-05	0.007844319672547232	0.45171209843499055	0.7377482218684347
0.7778704246629188	0.03433648612703479	0.15230231553567478	0.03108004022651664	0.06623105810631072	0.22725238913685777
0.38440530213086277	0.4245122737087706	0.002411283582606063	0.08522939328843038	0.13018025780371698	0.7438923162530494
0.4830575673865664	0.17539974919827944	0.7086037247318812	0.19875352293403117	0.373391461766865	0.3262407119364697
0.02191872258842473	0.04400055582258477	0.021408799728647267	0.021867172198294954	0.5758914881169623	0.6762885661039273
0.7616376337115855	0.8184535494660694	0.19473245892512017	0.31124577640260354	0.687958817269086	0.5515484948543357
0.010278059584187545	0.5327631898766438	0.008143069178846218	0.042348047618740094	0.5972842818299806	0.44315965475529717
0.00498094074865744	0.1332838356458368	1.6796094084570484e-05	0.05842036712545069	0.8012204115732955	0.977095193168269
0.8410510768741231	0.2721470539307338	0.00309967303372808	0.22096188244894302	0.48113840160056054	0.4518830516147588
0.8693899533863515	0.9226103991220076	0.9078805872646594	0.22775086882877918	0.057357123084768855	0.276303410423585
0.5754932558148336	0.030052519611923293	0.45570610620813495	0.08590758130247869	0.1356081948716621	0.826243351199732
0.45940783398293317	0.516298999948565	0.166092649150762	0.20056764274435257	0.12927649834874902	0.9567566047529725
0.0012952191702971956	0.03266809624408617	0.008712681645710313	0.024406838829812226	0.6795032335029461	0.9804645899058761
0.3150126124758928	0.011018698789610183	0.0005869579925083081	0.058901125516846335	0.7050859366797007	0.9336306225970471
0.40640895280289213	0.9558123883568831	0.390321647219037	0.33802986023821613	0.858491911119367	0.5060907916749512
0.7855174263003782	0.017703705492618488	0.00091595084507866	0.11672715367245232	0.4678182302170137	0.8491034331732905
0.10603655685288826	0.10441712779082102	0.5096008146589772	0.07192066973385285	0.27589824172678357	0.3129405573732228
0.03023655213331786	0.6928208044289835	0.059108963716032865	0.42068948490658065	0.5586885418768146	0.6750378624491347
0.4535265451911159	0.9609301658166832	0.0005587747576271683	0.15617166145680603	0.4805691406794025	0.026038676809802798
0.037835783414939525	0.006861370177885788	0.03406264069622719	0.007965439792219286	0.4874761803716	0.8092394754014212
0.6592718209903663	0.3770751272336204	0.000529449300992671	0.1495864635103397	0.22636674615142338	0.40083969729656926
0.22406302578089926	0.0030140048654300217	7.668599003829442e-05	0.0037162038247155658	0.3194903805686896	0.9874734545453169
0.04520320973453761	0.34677732212029067	0.8077304484413853	0.009560269158503885	0.10426108829980396	0.0625610210050782
0.043044124707828285	0.1506815181457411	0.9599258363658659	0.11978409398246724	0.004288744789305497	0.46456931386020156
0.7103355212739474	0.009178510479580198	0.08124283609098781	0.04461095099039483	0.6720510320372538	0.22384394083035117
0.06341624777905339	0.003160965908057915	0.8892209772925379	0.22779328874338423	0.04505524340109951	0.8885319161924329
0.18410492559997954	0.9518903659234967	0.5798711318163035	0.21723998114600462	0.048941712456719424	0.4675393678296695
0.12765526078217648	0.27279180734204383	0.0007045333270179184	0.010029324766016824	0.19459061186302068	0.25241101877602146
0.033893124102579185	0.04710048288546267	1.3049678242588487e-05	0.03582650796634372	0.9756527719667933	0.8195377172512105
0.10488840404061694	0.9569700409380163	0.7681695765291915	0.13102703698922114	0.03616099910998444	0.20931350305703675
0.002424830404830826	0.14386808952087676	0.004084362995357733	0.05938071778253923	0.14073105808266817	0.8764085034647289
0.05813855139282546	0.5416422326403216	9.171135421937973e-05	0.06760636074982494	0.10745285065636556	0.527712814758919
0.01716528726398615	0.5276517937763727	0.006404804005997373	0.24012802842730624	0.09522535845179457	0.7099218705033626
0.8750753831978002	0.3443837174544228	0.04794080568397965	0.1483444394124049	0.21204072394307855	0.20694937816189632
0.16506759452484335	0.043077467182006446	0.0009358407444301228	0.021354788322608814	0.24477099124431798	0.44392565885647167
0.27095192970313314	0.02445495198899498	0.002318501354771143	0.1573202395443759	0.6178816574813946	0.8725164470182476
0.4580109410298855	0.03181122557057044	0.9843840890227107	0.23340182156540082	0.07516415961806117	0.4365559509946813
0.12386619247682536	0.017923047491662725	0.48881117499643706	0.0708185469737094	0.005182239641262946	0.4563606776939208
0.4206277340923323	0.02581012270296726	0.006230021093530072	0.06619747219981076	0.77454750709222	0.5102462586651952
0.006559815663501339	0.006355961422125917	0.7613679793542137	0.010361024309595318	0.0027041375324838913	0.40775826044957253
0.32980410967944135	0.1466018828551701	0.36567228564031434	0.12838849196354551	0.4137844689100124	0.8311893640550552
0.2179478057063664	0.11197957800078333	0.6502805086004242	0.3094493378296943	0.13765067990213908	0.5339419141290365
0.2528168277495526	0.032228162224920184	0.03799306301906158	0.017400660424144364	0.09000859411427396	0.524670019602137
0.011329284100951902	0.6372539775496014	0.00022076775848712236	0.01809743348453255	0.12202996899278569	0.8085051753820437
0.05940825017309443	0.67008569453971	0.09315595562799453	0.0485134286640997	0.17907701378382884	0.43314866447294037
0.01186074997676429	0.013487215927928313	0.9967698946327921	0.14878417536603644	0.028547435386203714	0.20201299970722733
0.0908882406372901	0.22257095697472526	0.434855520298087	0.07209369712679639	0.4839705193163736	0.18219538321813653
0.07525453047750563	0.6892083228233641	0.04449624509759707	0.4106607428518668	0.7106696341101493	0.6740154871131988
0.17477984607826078	0.6231629139044074	0.43842507167010464	0.07337129850253783	0.5349043845515179	0.048199145664958434
0.021904152139078023	0.5808290202066663	0.30177564896428516	0.020303191485412125	0.16756872764375663	0.41367203004582986
0.0043123055592380844	0.14989738471216074	0.012078162668402245	0.024712385223856805	0.6909438642457457	0.778787042982378
0.7924247702796055	0.042412252414386405	0.25124275253118017	0.04580091925061849	0.1499706063277287	0.4672271664740824
0.0121385149574922	0.14337074719519807	0.01094622681309184	0.09555920981826156	0.23322948392825354	0.7575368145384002
0.8845104269065838	0.9823852433737896	0.004721631891976427	0.031916758525831326	0.09920401973289615	0.7761368467141303
0.036953022721445176	0.17053577120564842	0.06476805906854252	0.021023636196029965	0.05524807172148922	0.1785134396380177
0.012813238135613837	0.7656838993382192	0.0001702197329383032	0.09588091032587956	0.25939735640193207	0.7545690655998387
0.0018292017134681406	0.0012025377437079572	0.5181301564495496	0.05573178384305721	0.0025453332144588004	0.33423800561377726
0.013448615602082466	0.004228088624821042	0.6958275491949891	0.0056690990097008655	0.2348471398878901	0.3379600799548734
0.3900414863328262	0.3940966529938684	0.0030593915198301445	0.17789894149005253	0.47327609680826266	0.7220999378949222
0.025655070463123958	0.4610180262969767	0.04488732168892219	0.0544961411522211	0.6347000649747597	0.5004781624801263
0.25117143556524596	0.7828357797872417	0.00016300427585616854	0.19874444732115001	0.18360425933991764	0.7298794906183559
0.014196255157061598	0.005633377383936033	0.0010971935031224543	0.004415618537982952	0.5886778435529868	0.6222214305046443
0.1627260308410951	0.022468504260505562	0.007017759344679459	0.012465589245289873	0.14981465084250184	0.4353178074685601
0.4301045413728098	0.4655581694201652	0.0901593641220541	0.05822243921580669	0.09604084262809261	0.8891207414980606
0.06821446858436679	0.6699484475547621	0.970020907410711	0.2956911671508599	0.2250145865407252	0.45110990484582497
0.4165865683507906	0.013320649466830222	0.0004884673146676739	0.11290541664793116	0.5941402635032732	0.6818603139002882
0.05176033138299689	0.03834861613611497	0.002058534940156483	0.03937891284213973	0.7634819107777827	0.9632128325664149
0.03943436253156704	0.7104404901392085	0.00031966404775317917	0.04296667645876104	0.0632770567189508	0.7012424521445402
0.7617893921396509	0.0963494576093469	0.9132771179123262	0.019721212684636488	0.12249336438805063	0.07638813177484552
0.014837206610266022	0.7822874493041916	0.7500371104183328	0.26946633442000373	0.07499592170785047	0.370725594306291
0.3606578816147804	0.3880304693260431	0.08781485103930549	0.07151270096565294	0.19173570412504004	0.4619061349231137
0.35537094615039055	0.36878512439870714	0.2378825429660145	0.30986149226230214	0.8964180004055928	0.818629042780785
0.2937734735185779	0.3510364433370548	0.48300179567195806	0.07184577689100907	0.05037968269872631	0.16946765411150633
0.037766264986999906	0.09225094721404346	0.0004948552335516625	0.026367671299264824	0.8538015696084116	0.9644194560695312
0.14455038167615022	0.2260139078101647	0.05497224894571018	0.07269230452077818	0.46199128537603895	0.3335518870606296
0.015983625885344716	0.02576372697765763	0.9419098506891943	0.11207144931365731	0.2831544674609595	0.61800222958519
0.0372176792222824	0.010104568524440749	0.015946901983157236	0.013958143928802886	0.38590409446386065	0.33267014797887734
0.8724214983446669	0.06449273212769129	0.5354050239673919	0.11003017265192296	0.005929462919220481	0.4881815752828049
0.009137133993881389	0.00016310850498311188	0.4761697812718107	0.05831204835536125	0.0639904805459544	0.4654286830967429
0.03158530981121977	0.04664265896275141	0.00035066069288177467	0.029662941096649135	0.2924603040554705	0.6993411364175985
0.3819853571163794	0.5644868803479517	0.014320305502737917	0.23037581562035173	0.6343980012634681	0.4181197224236454
0.5036643383513996	0.02935339415966606	0.002858329877845083	0.24542034169448998	0.8936441661111111	0.9471911902189363
0.17488962463284508	0.026269110849863535	0.0065619629291644825	0.022569227938576148	0.12234530134042337	0.9969523235271529
0.019818698512509825	0.2568041519227648	0.03974872904769871	0.2086240849513377	0.7151237098977831	0.9867664421274649
0.07436050130507278	0.01991274899417745	0.9773178660464228	0.12931316140506988	0.524725073676827	0.3987252811373157
0.392621307544784	0.371572696952836	0.8365096483677634	0.17463265104979273	0.6226699341769365	0.1552842489107332
0.37589674739421913	0.03099943192348407	0.03031451519212534	0.0481594132967848	0.22726175212043664	0.644822821980047
0.04171668345206628	0.8512142185040299	0.0025724504273103572	0.3009683130254571	0.818977105621269	0.9466049441428429
0.8457880895386808	0.40817218277185313	0.01261913747081932	0.1381177123215214	0.16198326553088202	0.42248590873201036
0.00954103954139382	0.004004966941555604	0.0016280082210748275	0.0034890907499105805	0.39061479012850714	0.851415433043445
0.051614741844143275	0.14165981190401128	0.0001187027425327822	0.01170290767465501	0.17750263298303437	0.9606249422535886
0.004928575909122851	0.04913805598588228	0.20718418093758734	0.03405068224435177	0.05098126223673092	0.2435014225450051
0.037899146612040885	0.0007488810027724421	0.0002553513783322929	0.019076413246653226	0.6355059410884618	0.9985522469029431
0.740532332550989	0.1577159516810594	0.04203019163363445	0.04602825875032145	0.7944680457353469	0.02962850258183204
0.026849830209070502	0.3502584962537324	0.4454530259499722	0.3055662965524287	0.2665402320345788	0.8059136310595089
0.10618840226541164	0.137797682044856	0.0017458317223838949	0.054701149802499065	0.552451649496635	0.584270817749152
0.8089981097680599	0.9961483754974179	0.7694865096843829	0.14271719228938753	0.11838267284729113	0.23814160101584098
0.5393053722498874	0.3893614679628376	0.6866816200948657	0.4191283927753259	0.5100531773419383	0.9291975647307156
0.1479559050069309	0.04094033453668211	0.025176733884544417	0.040105383138998224	0.35379882124138695	0.9677997299316745
0.10181958078762544	0.11915746764905577	0.5391514637837388	0.17917449563683968	0.3587492171532142	0.4766840059141476
0.31711811430772807	0.9348368017219919	0.02213337944804942	0.0694778023495188	0.18841860217827316	0.24980817733352484
0.2716923184982553	0.9402891537174972	0.6546419558309675	0.12447904724989832	0.11417588962462925	0.3747964186587201
0.46173828675477524	0.3961202296191108	0.00413739312425775	0.15281137529033792	0.45269116239707546	0.34220313734943264
0.4321841272933701	0.9021139818233697	0.003448169284487811	0.5287794027645146	0.732938038051844	0.9067865791015511
0.049708886094136866	0.09756741284050593	0.14903785985351836	0.046529495689488665	0.47156830640178765	0.7183613871226882
0.39249518322483523	0.014469819587206568	2.6420808814611136e-05	0.017338614577447342	0.15738377629068978	0.9776577665504639
0.027184022379728962	0.003475742010393521	0.8326952630455542	0.12672297252303855	0.0798772295326983	0.7707377276007931
0.026166539905475725	0.10566310540633492	0.9816063248172581	0.028573946860604924	0.10957071114921214	0.6403441031729341
0.31508880593187816	0.20348297365119322	0.4646034776401183	0.25343894103935866	0.2139995326515921	0.9228259828694247
0.03326749557111388	0.9347659067045113	0.00034042887538987033	0.2595463295832514	0.941055792601431	0.9255568829277587
0.0037196354630235273	0.021856522192724336	0.7945665476185488	0.24480702086236097	0.4621789334495551	0.5770964968599581
0.5729029781804114	0.15104680278605123	0.10793382601712147	0.128170038202542	0.2519442750688096	0.7244493952926762
0.602145362826064	0.7521553715164443	0.0010722777902713002	0.32037444003357257	0.3817771630042086	0.7649044540607244
0.004507137358976282	0.4103454467826336	0.014240177661932543	0.02729060834592451	0.9391118297754101	0.5774572367557492
0.37558216691226853	0.08980018757356127	0.01188868403573462	0.03151289933096747	0.084816368272554	0.5799929186872586
0.43196431219088977	0.4978676073753963	0.0014942085873179728	0.031883538382088836	0.4148458683935344	0.13563663803435205
0.7529420676364612	0.0359764400098718	0.1985620233727085	0.14848697771873484	0.5392933800189385	0.49009543613322326
0.15999879177236878	0.6831925897487856	0.0001293241275744242	0.03323069147987277	0.391056001767623	0.07398997391622661
0.0006345284974100205	9.64316300197103e-05	0.7308087867453159	0.029818046432666476	0.07137008952955128	0.7307541057230832
0.1259316244734839	0.4139687591306532	0.9926472761893089	0.09294202785953098	0.000875534591427258	0.1269859496400354
0.2200769336996825	0.4537129191141935	0.005744690035283503	0.24016125604047261	0.6000431961255471	0.6626170474809694
0.3758494252971147	0.12709399805217478	0.40404604144530376	0.10043823907970824	0.1807148276998036	0.7664235846885911
0.16389638066896253	0.8345094822331126	0.01479506596540489	0.33977410327528396	0.6459106630193218	0.8928024465673142
0.3914676703903024	0.12717163572099013	0.5632459653945253	0.10622585320517543	0.0878979726797196	0.8703859656966204
0.2692733051431344	0.790437050776994	0.005218994109908248	0.33162638512125886	0.7431138969937228	0.585180703973515
0.03492933590946185	0.050623206246109435	0.0011816975096396853	0.03394368231755654	0.7063810644653215	0.828627493666993
0.014100738927733523	0.03663618495346976	0.03652936030057777	0.008363422388952851	0.5764213121403219	0.26481271629070785
0.06940114996539634	0.9329657618813049	0.009114760363104	0.24334773427524614	0.056052103805264625	0.9307696080502015
0.11682465441578475	0.5413446451593108	0.9772299082937819	0.1992179452670889	0.04192572150820036	0.21492264368183764
0.04309855096150023	0.5677773432116454	0.0019465738908641577	0.10444924288338192	0.8221904548554939	0.4088720400315013
0.07778670277798991	0.2755046090910409	0.04605113015748141	0.05009857462157413	0.09511968964395236	0.5330638767791414
0.6073701925953082	0.053132167120616046	0.5944014472316714	0.21791092797700035	0.6597438261392127	0.5941319141995984
0.14067098461694852	0.4352487317405741	0.905902728149861	0.14587855967312038	0.029019976426254278	0.5158922519251352
0.34158751656884473	0.1435236873451082	0.11060485812349075	0.11417560976883724	0.8642510419515416	0.6273759595144728
0.8472651814964136	0.6761636100156425	0.04198658222398658	0.05382430126612519	0.7790317305609658	0.12017761370569215
0.2184635089288975	0.019412889913731662	0.00024227747573364155	0.031637244710979714	0.1835077349427056	0.9231930225620717
0.469907662025951	0.04500904560800875	0.012014378089924246	0.047475486984698646	0.6826308553391908	0.47999540227443777
0.8636853898140601	0.6233344283341877	0.2593155528477085	0.16468247197038258	0.09833085251008532	0.6553040659976853
0.09540383452332017	0.8777588158064691	0.4190012675989552	0.21104476623131638	0.015100088941327057	0.727798387759529
0.003505260126334801	0.003867063397460494	0.7153707460496368	0.25972307994936344	0.7391421163614753	0.4239035945119326
0.005631100477147834	0.6128045833422138	0.05162488444796321	0.11220419563789061	0.20196714022498097	0.6659033227231069
0.14898891249394577	0.5320720742283817	0.006154937613638453	0.199149397002517	0.15240126292986086	0.5107380374978726
0.23776272837499643	0.7060600789115143	0.0003517060947989823	0.11228773586946016	0.31515778495126384	0.3428786333006701
0.06769015745447925	0.7261523686138335	0.0025918028248314916	0.15610687426780406	0.3042007442360178	0.7823941156441583
0.33187688598853865	0.1448485230953095	0.0023904840144535356	0.18246139072566467	0.8090239696441935	0.8645309499090019
0.007990472390875643	0.05826932047219039	0.02692615651184223	0.004193904340942732	0.5156573865217455	0.17106298842176013
0.5294279420221295	0.6887697266549705	0.478099104711728	0.37112993422830043	0.1900723967647775	0.6487889279674819
0.02800993523655095	0.05338116514316068	0.5884411547679027	0.04767397892034255	0.5825596141511039	0.7319635225731006
0.8244003099628074	0.7229296591728566	0.3759443334536964	0.569698052829777	0.5634696724919456	0.9120930772783884
0.004634916950917954	0.4533051719055184	0.026838653529450106	0.03848927888482959	0.3734344963128768	0.4948254049100534
0.7801276091767148	0.007905061322313084	0.11229244439815565	0.15989597224448399	0.8036260304878153	0.17853092664327885
0.0005857029879875894	0.04297116047552661	6.23135053542598e-05	0.003844964095572834	0.36663444208094187	0.9838488943529968
0.6380237140190126	0.5216017690955091	0.22640335159041974	0.2688883106866322	0.9033057233729443	0.48166665194987984
0.0029870305424662207	0.6273911329609114	1.9591824976518424e-06	0.016991994389509022	0.2375551306505761	0.5880474904129576
0.04029013931148854	0.03808743364020374	0.6401347270177481	0.012803023244775617	0.19219713411890468	0.20118861690227577
0.39039206158351164	0.5045593995081125	0.6854944721224919	0.12460999079495617	0.31946245646652155	0.2273276538850963
0.6338279149268171	0.5991192045397606	0.34582207037274154	0.30651134996634705	0.08419440915464829	0.8301653051944369
0.032807270446193165	0.006837756955515927	9.479698192109522e-05	0.0064019537462311265	0.15118565096577813	0.9586702549371261
0.13962588859042993	0.06709109897085953	0.016783815340426698	0.04673862761195886	0.3472690359679679	0.5230003798493973
0.0014248736694696758	0.01815313124257735	0.0012550155858451872	0.014670993052061333	0.965818728464454	0.9463824875779675
0.019189160771988734	0.5101689229079879	0.1830531104201663	0.14719358480176792	0.2165828967090507	0.6911619129969764
0.744965845232458	0.14668732105267226	0.33183079186030223	0.2634347970498002	0.5171067805173699	0.12341080434542132
0.23287314510814516	0.05666128535707931	0.0006757576133517774	0.0385844052074299	0.17035278457212286	0.8742559073553151
0.01367588106735489	0.07880124421583004	0.9111177426063648	0.11025212247984886	0.010578011744946193	0.4906440271283112
0.6457866142129914	0.1290732956358919	0.8332319592826406	0.13629328341474928	0.040214871465196034	0.27388613468768785
0.37538467884315807	0.6782592715327673	0.22551304368273992	0.4635021788306967	0.3430887161331	0.9422088962222335
0.014399280147241976	0.02586358244257352	0.039116630695533644	0.017321209496793628	0.8577177340117742	0.6891513371631817
0.011868308501754283	0.03554438957249881	0.039018430962835415	0.007075069698895273	0.3275083749075212	0.9828843185823926
0.23256573694466123	0.1076315228279103	0.6999707324411064	0.3441881663084993	0.1367815072615202	0.7444683294750144
0.018452924731943123	0.39285940323104773	0.0001690626334091995	0.09507060363135218	0.6377213767220635	0.38520353105973487
0.0007236558524300977	0.10892525587139862	0.0009562742722395558	0.014421583867524847	0.545542952249095	0.9992926932865357
0.003980210367976845	0.014902551449440636	0.33425144689699315	0.024858048759206323	0.1309615652854112	0.4518353168412064
0.6405892379364663	0.7751929461230143	0.0004566544526152184	0.05980438160774882	0.12338278399550905	0.1247662379982936
0.0006827288333923833	0.02864292888895229	0.3237159941730542	0.07290213061660122	0.4729470076131265	0.24278042196912916
0.194933445438906	0.403417547320597	0.11304470405439866	0.1283705343190793	0.8771727915996039	0.3260920415552017
0.6786067152995261	0.2965073776852868	0.3043503493082214	0.10648598890674107	0.26833295482103914	0.34083724213388755
0.8240704442036978	0.03321872552056873	0.0007858814540703735	0.4888576276759883	0.8115354232840309	0.24002860083937147
0.3582951434667748	0.26635000032967904	0.0005890130524308206	0.12803831108842043	0.5056874112734943	0.16687581479335573
0.019317523281818884	0.1968680843011208	0.028184820701290803	0.08479480199960855	0.25740458579370734	0.670287747936965
0.046460171200297724	0.36145104057086774	0.3240554060968882	0.1777481576779941	0.6067175218119765	0.5451341187801123
0.03899573217497591	0.9270913629810404	0.00038010887945606395	0.2940962830277467	0.12960531328760866	0.9286524930303119
0.10366834019587705	0.06626567799757661	0.5146646333016829	0.10133427081578451	0.21069315212730405	0.8815421409309521
0.040946126601559434	0.34664910869762944	0.0008524789852021836	0.01071851484167467	0.1467596803985384	0.8864337607403434
0.3858267610559699	0.7835235291066025	0.2799709261660146	0.42815838825789776	0.10031585110869894	0.7659957844916099
0.6572293931891051	0.10903907391750349	0.0005650021268120208	0.03387789264742311	0.07452643404551436	0.27023120792254235
0.002151922565364944	0.0010235536042294048	0.3615745957295577	0.008172814846597933	0.48437467543704604	0.4659984315543657
0.0011446413331961895	0.00026383894759529874	0.7153405801995042	0.027175304900870022	0.004700992473868103	0.7162044163660191
0.3709921137940132	0.06167322963643778	0.5857646254502703	0.02596861658841177	0.23972168281214914	0.21084973123879558
0.47932661836162765	0.8560902649572927	0.5255869948356777	0.2468299909105791	0.20715857293862797	0.4628390783494445
0.5295988037990969	0.4845715840583203	0.7112075111740838	0.2961206518278021	0.1397511462032817	0.9257862616769232
0.061675247131719735	0.0007254899627255267	1.0782270550194211e-05	0.003443267877764423	0.09269445033766588	0.902335927485243
0.07493083661056146	0.14227644397609754	0.6961879562538833	0.16098916460371243	0.13961114738818237	0.2465421475406005
0.6258542053859343	0.03256085969155356	0.23572907120679323	0.08770503365111053	0.2859024642472168	0.44622241481785463
0.5236532345408914	0.1536785688171727	0.7418576017957357	0.10380636594895876	0.08812858952462506	0.7570096529959166
0.04618948271549252	0.056672333630119316	0.7284131791924927	0.13969751876318479	0.13351512980347408	0.3523472142644712
0.0007633275356451169	0.00050700055999636	0.6028562201261553	0.014230801232519526	0.07076502311236642	0.5974493470449129
0.7892999688279735	0.05800468564431877	0.565219618115352	0.013013919920941136	0.06865916591623439	0.08732532354800875
0.1287269117297637	0.05134943573861151	0.8006415999948292	0.0186091712379523	0.24480920646454188	0.044231954493574005
0.013776527661138913	0.4214752343952424	0.0011682187011238141	0.14896317307826654	0.4665527240857131	0.43123498245554964
0.7274495548333842	0.21476904644983605	0.047915768712004446	0.14526608243832648	0.10451328922801034	0.9536201152342835
0.029907082620723537	0.03450128647891863	0.3832608552913815	0.07662681861707143	0.253463693959048	0.4860017633864354
0.920855681923799	0.040404098659380897	0.32027633873482525	0.20083500515120806	0.3776348582344913	0.40150464509969686
0.00020952364219328432	6.65931429538788e-05	0.6673453157078234	0.00749176185318411	0.061178814347334805	0.671065940832228
0.00013671235016009551	0.0041998503638750306	0.7012342939705244	0.1130877882094749	0.7577408021775184	0.7073913353260493
0.0004991756431457169	0.0005836703586567855	0.30145790837938535	0.02879530727175412	0.08247020837917916	0.26536114991575716
0.0010767240743289322	0.0007067381067945665	0.7230226390647001	0.24442563023624278	0.010502040111997082	0.7145802089059488
0.37953379820567046	0.09699775074477267	0.6045082169800352	0.10472380610204346	0.14882904610378675	0.7955168206803047
0.048896879345377876	0.41235291023938886	0.6600888829867805	0.08957086848197567	0.04912772516349977	0.552363340396226
0.7149426197296661	0.7088978834976556	0.1296457698111249	0.020115067143790966	0.6592779638988143	0.08787552438040332
0.021872933297446724	0.1258601647709946	0.003510843082219972	0.08001954981020722	0.5771956747783953	0.7902622709563075
0.5731855524559937	0.4408910936739118	0.004123202551093813	0.10497778087383995	0.07416509621828277	0.7785400466091758
0.19980129320082504	0.14003363405667496	0.35218870669400687	0.06114589889449297	0.25043105633609103	0.2629375989352858
0.061836737355867935	0.07270856002711196	0.363513129631509	0.10659227922471923	0.05229756914099743	0.4228729095862641
0.9611296273091742	0.16529775242725792	0.4858064304638943	0.13784900044972775	0.017151656166656253	0.6303504591315819
0.6077681337022008	0.9264041926458605	0.866041811683047	0.5276545179753483	0.16395400653507317	0.7425125708881268
0.3407505288351046	0.6497434423723515	0.0013077938941903088	0.20134554458792703	0.238757099444946	0.645175837793601
0.06993512501306944	0.012960642516093409	0.06977932582619836	0.04491756778519146	0.728418175705703	0.45272844894681824
0.00020262838332236953	0.00021063887035101576	0.26476402994897996	0.012114404685940163	0.018819186050969557	0.2644093095738539
0.011792186492326273	0.27549890663173593	0.005240033705751633	0.010409731734746288	0.3209939965825031	0.6570529747436549
0.036136564313909623	0.003115682285226133	1.5723558424280543e-05	0.010513299228708141	0.487481289383874	0.7436821356072624
3.1570322793783156e-05	0.00010018358951909345	0.5110497029480447	0.009209099792349481	0.05129803110217287	0.5127342331639805
0.11378056422989458	0.2008977486191765	0.4200353903502546	0.08399813432743328	0.08927586326205722	0.5321055366558949
0.010937189850149473	0.010419428124496194	0.48473624582578645	0.06693951856385004	0.11864452655744753	0.4120338965871649
0.08762481013950264	0.5073241178508051	0.5084459534873427	0.1232964372308509	0.002659349885253132	0.2454212352815615
0.026521533363889717	0.03225251830130502	0.007541671853670571	0.014404515765125567	0.11065644576356738	0.8370389868254452
0.31366417542051617	0.6459281325998386	0.00442517624759133	0.07847022410920079	0.23366951527808835	0.8870626326803164
0.16775572142241685	0.04074271257587593	0.0012924394843160851	0.02563777107949222	0.14596573421431205	0.760107561462275
0.14012057899930105	0.043798701827606944	0.00045251660819242294	0.04010090816695747	0.91758112139632	0.8495291329431954
0.055357734755097955	0.0523715687994127	0.07116335157967835	0.009475208297279854	0.45154296470279026	0.146369585682791
0.007745288941534738	0.554975904709194	7.640283963293141e-05	0.01752632590012108	0.8054582838797913	0.3606908257025687
0.028610045329452716	0.1898690318138007	0.3303260994802857	0.0592631471756976	0.10087435336578335	0.8370958927034569
0.024936395635152434	0.87584406764395	0.7486640578579947	0.019766269864636875	0.06010466980330431	0.07617410645793483
0.06199968737440731	0.42334997253653667	0.0016914389693130855	0.12017509450430497	0.5283149624043867	0.45931617688451604
0.05391643768043315	0.16795182125325447	0.00285456767096214	0.02988364857518934	0.12696969604344246	0.5625994487989615
0.03370600287033562	0.2567939999144949	0.025715881520137276	0.05339009276949662	0.15473437692917238	0.4713791514427374
0.9049451583341215	0.3331201744812042	0.784529724733836	0.11919611472041512	0.09702883463136945	0.35840325103420456
0.3028712992003763	0.6691598481096619	0.6603079869084408	0.17353988643580548	0.08694579853486506	0.7138487815733198
0.001815777813238112	0.06438378726758723	0.4847098018253058	0.04300954884711673	0.1461134800072055	0.3429219579555696
0.15851984975179614	0.12013815876852878	0.7482451367394559	0.0824104325329969	0.07013346247136164	0.3732673937191935
0.11189583989188459	0.20268828517396964	0.00032523669920786306	0.08649133975447709	0.7400583393361221	0.6835642961284247
0.22051636204613204	0.5434169058105796	0.8044903241100361	0.15013914506896295	0.016316035533246738	0.634192547441583
0.28454289818085565	0.4377039239005267	0.0035926288480288525	0.19517542753588063	0.6173032804568018	0.4779028419399136
0.8675874773008829	0.918719253844084	0.007436020658823271	0.09185563863096778	0.1424247536525951	0.05571670879472803
0.734047214122083	0.9172542218879096	0.0007929709653091564	0.7392587270963641	0.9363542910996414	0.8356528179375682
0.5756096168337105	0.08701169401173858	9.923447189715544e-05	0.18650933655435695	0.38204853613044926	0.3378756377158353
0.4481049975217373	0.04719442624268644	0.002925655484054278	0.2058542336860932	0.49731866356914944	0.7466517043844767
0.8446177006994139	0.4933026634421606	0.11626895953985092	0.38695363257361587	0.584393461479859	0.5511858137138119
0.020183902194794275	0.046053385200644885	0.7488337980346417	0.1393651055449009	0.09770673330982843	0.7935681202788726
0.8026094978739714	0.9266639697073717	8.648905301107392e-05	0.6606114736612365	0.7722848518880483	0.9517392492550687
0.7168259296342644	0.9139797318545865	0.027876112381279475	0.6824884203439991	0.7937561866970908	0.857689585920418
0.16889309582307188	0.5314001608578914	0.5249203408193811	0.207146207284361	0.043630809891407	0.6254189352561401
0.48429338312235365	0.017068639895734282	9.317975893309336e-07	0.15301040187898363	0.3652074492604132	0.8325113303394266
0.05722630297477444	0.11591719931196832	0.0037595955840958257	0.06451489487042776	0.39779744890539515	0.6454443329372057
0.05469577482574317	0.4693327724013828	0.05235261518740222	0.1783344017086323	0.1121325941937613	0.4491138470581493
0.6445711585183005	0.14966987932658438	0.02118267074895684	0.03161328751377101	0.6420207922367458	0.21489478070622775
0.6389912904069736	0.3544351431469891	0.6362230122020487	0.2069612887434043	0.10643367560960464	0.7093447405966701
0.006596017677923754	0.04931567045158637	0.9405374865456329	0.0125266198747843	0.28690791100328	0.582074209212794
0.1987747396666338	0.0024555332725350485	0.23547788943806636	0.09907144733828946	0.9336123414939922	0.6833183855009394
0.1453802810510562	0.2840333430516993	0.4729777006207335	0.19178121081898106	0.2225586859719222	0.5750756669034275
8.334044416726079e-05	0.04130006885710394	0.40573468055010004	0.06105541996019768	0.30624516166984683	0.6610005426309061
0.1809851089168634	0.08426249913802455	0.041122085067541926	0.0498515464915134	0.07987692231218836	0.6870229549788939
0.756547839375922	0.12809728902983128	0.11650372490254152	0.3814095763738213	0.6711204008541837	0.4210963201493185
0.7307672999970387	0.6360071554445911	0.0032439830400849737	0.38232892652879635	0.3892081199678239	0.7285538219519202
0.12985093058550942	0.27496413312497753	0.06442410240016341	0.10915395110993824	0.91016100384883	0.6286167708243527
0.7072866289633446	0.7468288817192739	0.31835810289891303	0.13520521976049713	0.05653065363070417	0.52858654219194
0.6434718788781238	0.5731262632776251	0.35436104739538576	0.1959957981061958	0.34520744161428196	0.4315069667330775
0.034615826171359165	0.1293519439494475	0.18536279530840366	0.03855586935872054	0.2571961591326304	0.7865412221018803
0.06951742411293753	0.19818325510413706	0.43077860188818645	0.12321211368943041	0.26398876039045044	0.6603205021707902
0.00954248171289689	0.00401865726393508	0.4243312739093975	0.12390736625080492	0.08321999590371607	0.41490688192110775
0.00041356984397050657	0.0014128141692184015	0.6308934484312635	0.006800466922245345	0.609457252365813	0.6771623938866063
0.21960928410470826	0.06846659371290706	0.8563658542932392	0.2308242922316929	0.0875404350976633	0.34589453163107686
0.3873002388896285	0.2950097461905388	0.0019436556226840168	0.09311941361543807	0.23705329735756156	0.9770688177870509
0.03857078934063204	0.63688187034092	0.00015175642253156138	0.07587538382461527	0.2111836000027376	0.6444982620627837
0.8973125827591704	0.1574367535546285	0.2958459230708203	0.07041431603335896	0.06860702797116858	0.3376441262973605
0.10784114702997073	0.0022402171561484324	0.003732722823467283	0.005432571559563405	0.7529377369435847	0.7214388057981131
0.17726187382724642	0.5634448463448005	0.0001776082652172756	0.11250445749922039	0.20503330184282947	0.5724982972143098
0.9536429360813423	0.23721192811007166	0.8542560433752178	0.13041573286833716	0.03084454828163651	0.3939224252186074
0.03310327892258864	0.3378391211905973	0.8426645663276456	0.010029895057647098	0.07171059368130409	0.22910656562618453
0.5429331674784122	0.5016303778402895	4.7588454396751636e-05	0.04165852361305261	0.3982600269487061	0.49628100604312964
0.593564673660548	0.09971366740049875	0.19472178836885584	0.05305554215196574	0.19905808480023818	0.4681096588139778
0.5030727207418324	0.8220320963956458	0.05287396116413742	0.3294821331882262	0.17704164523358176	0.8737267028668237
0.008751773224171958	0.5070773379527441	0.006443546043308121	0.2922291036832072	0.27406808218014844	0.6195192069508504
0.5369206879009665	0.16452900554829517	0.07873284772390267	0.16827179670303044	0.47153117838981984	0.7327653911373655
0.0046960605328937805	0.025734141831047466	0.0018947273331553815	0.02407881036563965	0.580770694197724	0.9881625210263796
0.012635563462381899	0.2678939412708338	0.20427333843957324	0.017296519763025563	0.8773612616629747	0.5564435079030762
0.23295115709515854	0.4654889957204982	0.7327817415389405	0.0588990362767957	0.03639866051411503	0.09663652220576302
0.03548025602988489	0.04145072362323156	0.023612857402390577	0.023184280291203008	0.8117138273305142	0.1443028590025557
0.14868957912731343	0.005040288712436952	0.9891381911816588	0.14492489007705142	0.018461778317378982	0.293350056791046
0.028084804550781443	0.2061671435742734	0.5096870940331555	0.20838447622867223	0.21479485042055843	0.49125645524732314
0.1310387495283922	0.9137138999061885	0.8166524537864507	0.14926806269254309	0.013989755106456375	0.27716572707152554
0.00603510128732263	0.007806557949061676	0.7520384512928376	0.2839553080586816	0.10909060991637498	0.4415574273501036
0.15253149983885297	0.014656679896078531	0.0022631748302477713	0.12821102794894276	0.89794564358277	0.6110492151499421
0.14095220127813307	0.4570201074289584	9.979131881781673e-05	0.2033211167838888	0.4509651592080757	0.45421973926794956
0.0199661797146217	0.5958530914257089	0.0034650945829424	0.25920581429338396	0.14044019911803235	0.705619600501623
0.49222445180970026	0.033380342425822884	0.6218442827454302	0.07422145394323286	0.08209679169350614	0.2311758606682375
0.014335580278768325	0.01583427849747245	0.0002608697325245611	0.009578175041338456	0.7731438679118326	0.964693305452646
0.9808231445115756	0.7999293038050702	0.9543086836893007	0.6394972779558796	0.017352154195259782	0.6981672132566317
0.012338408145389702	0.4673012958033166	0.00016795650038951336	0.058119563746925514	0.28417630488078754	0.48141699730520393
0.13651241714259002	0.587998504152594	0.0007014287104797651	0.4854805853011328	0.25919680964472347	0.8697266576294871
0.3322163481627784	0.005576377677134482	0.0002752710861975801	0.062177037514748776	0.28886057168461715	0.5655424460563202
0.26587723183202416	0.2049407597966487	0.023942259268158617	0.08035940363847344	0.27562929758584326	0.8970957506052551
0.3883217496731213	0.004550923111915519	1.74520853032712e-05	0.032733727066656164	0.2696235769669492	0.33377641032718564
0.1692153281763916	0.1291366792841028	0.3367285377989126	0.06517591277421282	0.19758889106574845	0.7534561750725887
0.514493269798436	0.6896453286111651	0.7266370066877952	0.04995093586609781	0.2553860731182869	0.016728240733324178
0.16915512479708011	0.8886066459104971	0.00443346993109429	0.05591565740312961	0.19278733877649973	0.9275999392919707
0.040599891162072035	0.033934213226511155	0.004756202564795515	0.030929186968224016	0.7299021985623569	0.9676425594175557
0.14477436695976842	0.001121356008894939	0.00012697401934791785	0.10242270761196455	0.950804955366679	0.8120653515975016
0.0178098010134001	0.6171704643976769	6.442862891447208e-05	0.02784636292510684	0.4447559094049183	0.5436004758982055
0.3133132278494115	0.4694132123887467	0.7691533799447632	0.23040405399857447	0.4815709794655215	0.4065559959421078
0.028253395056657783	0.01715611390635271	0.0028064195431014537	0.014489100923544699	0.5587042232792261	0.20097343855891647
0.05986910219475273	0.2831915858125204	0.009437894029781997	0.1935594499798034	0.11190965355777151	0.8653859026820665
0.27084644945319974	0.0013271502813389686	0.3016058757591223	0.07754423072897397	0.07008969504806316	0.304870257802358
0.043534396987791366	0.056864908903847496	0.7288206861492315	0.0036495233708163325	0.046074542413627385	0.027097606373161824
0.3116009885144317	0.012978652532915608	0.006399572062593255	0.027299892350366395	0.3354386933536639	0.5730267326950134
0.0016637470255872044	0.0036946140838680064	0.002642131129353919	0.0017270263043438008	0.8540575846133303	0.7908796573919488
0.06453319085826505	0.015363633254682	0.10307828861980656	0.019831279459138564	0.6147701483173645	0.7082459975700407
0.8141800002459205	0.11093018501819774	3.3123337607088134e-05	0.4640689254009594	0.7484000349606825	0.1481969292107116
0.0004505383025109382	0.0009661287878037474	5.8473948562050746e-05	0.0006923828341278969	0.15088440049953628	0.9587528476313562
0.5653134680090155	0.022410988103015648	0.10932445910957522	0.03559426279738451	0.08742591988397379	0.17386657264217278
0.021837717987611183	0.3826610635722996	0.006714481950997755	0.11818791522857501	0.21314423600322552	0.9461441690735294
0.004201136331510084	0.011344860023319891	0.5047634254069685	0.1926321063228207	0.23216133927090862	0.4830671813384768
0.07430788321638501	0.07908098960776258	0.0067994049976281955	0.012154580291800225	0.31202630884246907	0.5453948287305421
0.5618023328538021	0.21206214746063343	0.06593222390618411	0.036200986462616554	0.576445693271695	0.20499300288085714
0.6156187231867519	0.8583596288413827	0.0027256452942199054	0.2546460714585044	0.41599524782632696	0.2927500607415298
0.48149188922136177	0.6875548036536682	0.004634986177919368	0.4048102997484689	0.198843480816654	0.678666378695453
0.0021123190954305034	0.048809585632976535	5.4527289640516366e-05	0.03344901807519708	0.6699731505081811	0.9975200579702511
0.015714064792375602	0.016522960409777483	0.008622743213261102	0.008574676833815067	0.1626705745994828	0.5592428603992836
0.017310070104891884	0.017273511217225097	0.8236575964201991	0.27606840560035667	0.017116838070885244	0.40892911935121584
0.0013366916734321	0.003468041625079256	0.0007213429039733528	0.0022824829101381183	0.14005372377168004	0.6684111355545493
0.09639031643526237	0.11939887493791468	0.18773913199912862	0.07592948842959697	0.16005120711266724	0.9350786729151925
0.08950949455917075	0.09682575991966244	0.3323321851626348	0.04488262172441706	0.04445775915967924	0.462930315291459
0.3906166168014821	0.038425961043929	6.168815262989991e-05	0.03705521640276637	0.36202664066655565	0.8735757893933181
0.07764818058934421	0.11326979875221933	0.0027610572625501885	0.06481163587568786	0.09223732809771866	0.5890440466547913
0.0009765349087928171	7.144991159066358e-05	0.3403514652688598	0.00560745895338179	0.1743856985092958	0.3728787452973604
0.5381552006215659	0.08967629309555158	0.026367020239269377	0.1602419219749604	0.7549689620410931	0.9729378832918899
0.09584312381420074	0.8906136359136353	0.008621023669227894	0.21547100665335725	0.7964737949540268	0.6495011604723789
0.8699265506003535	0.14055249522701121	0.03291410370419125	0.014788936224370334	0.1273429609531211	0.10341458822310948
0.0072538238512255765	0.5605060581951217	3.5413948331097004e-06	0.254427913738793	0.24328200411781617	0.5597102141670547
0.16972056254799178	0.22982299324233327	0.0886239016811655	0.1903644971655196	0.5863325423531281	0.8418273379698632
0.005304592327739597	0.43932626109220196	0.008789088617412108	0.015645662746763385	0.5685845728239084	0.845984370366543
0.07069904224991369	0.14523786101479036	0.2280494040489004	0.0565947778821116	0.7741870317224793	0.46253631248601684
0.03377795192807696	0.003381371499583577	0.7502975299301964	0.03537650174280243	0.2603245699165625	0.9285112200153687
0.042734570626030206	0.19209729542595622	0.0005820435862676	0.013878466286407645	0.8074121659895614	0.12567516124106087
0.2859795039449384	0.368029582300072	0.7436583228082886	0.05749338030181484	0.14882519026921603	0.09720646260287244
0.7491352181023525	0.23921049344335407	0.2506727953968165	0.09441771642654938	0.17453767654729732	0.38372793578207903
0.851973596814803	0.7203917485705167	0.20894023467511894	0.5095943969323444	0.03348825849216567	0.7229451009526829
0.6886867079841196	0.30195539435633595	0.11896777250901033	0.15747927066307713	0.08180999593229914	0.6262381283191922
0.6537142838425838	0.3522742115855544	0.010915750573096369	0.20395624185481337	0.8798570375018234	0.2668146303250029
0.02208637837150299	0.017254942345336553	0.032920901709294764	0.007137500457498005	0.16588794109742702	0.446562513682246
0.011088762286442093	0.0014952095137255987	6.241045145144284e-06	0.004931777082638116	0.5921983682440128	0.9987831842440903
0.8660915525129953	0.7008504700700574	0.021285801475837023	0.3207411363662603	0.7619720906470048	0.14086999355052499
0.6001313193586497	0.018316045180778975	0.008941585108672538	0.04051048776321722	0.15000875763089813	0.5092087437310165
0.7179420878759148	0.5668419073044736	0.8013133529231021	0.5894893983703348	0.8666125688534115	0.5399458076798043
0.3467810611375661	0.007239295037146904	0.00329854793684674	0.09704074977182063	0.46620717272466544	0.9310117166505566
0.8102585930893664	0.40284591324103136	0.005209280558573273	0.27981435187385606	0.6252318054372811	0.64725257447572
2.5145358666341924e-05	3.741023806015072e-05	0.7168791079978037	0.025959547241213674	0.32820890498081934	0.686222024458808
0.8415671717717954	0.8489713193697768	0.06007071861486007	0.5814271680216027	0.7428589033498602	0.3328380861818791
0.0301240717388517	0.9246954035788482	0.1708276712660563	0.05452575928213621	0.0874547061066806	0.3509216305324024
0.7212591396825393	0.19393928701320376	0.2689639430162587	0.20648150104880644	0.6362405145268806	0.08580751765188248
0.7003895184253359	0.48484690136061465	0.005593551128040336	0.19143112396494597	0.6983113520409053	0.4245403201092379
0.7755936531606451	0.006591671398675068	0.0007610732897136807	0.36583190068179633	0.5358213564029746	0.19667572729509505
0.09884019913703246	0.06164306332163101	0.07642118782869517	0.03543103871863812	0.23031326677209724	0.7260873066476892
0.6163444580074684	0.2312764567207696	0.8931018349052757	0.11795077042751466	0.09691670494625802	0.17273319883704838
0.0031394782602611197	0.02885306902499895	0.7448059847931655	0.01578022285243688	0.09585549314939668	0.6365404100218487
0.493801281085932	0.6525277833946663	0.005800784049232445	0.22587612817323127	0.469876429428827	0.24552395797702928
0.7260240313374494	0.022243343215875924	0.01496085203916686	0.22291812194909144	0.6740834339341429	0.20422545104606127
0.022346387195599716	0.31095563248372526	0.7345868514174746	0.05936009448777159	0.11840044217723274	0.22928543625761297
0.46017792720384576	0.02056287356787337	0.0380776575183735	0.08703744555475706	0.3266560405336524	0.2579670514486644
0.42954641834916973	0.11477150450297728	0.005774303808329906	0.10667244053289017	0.24624781262020448	0.9659832582011588
0.4553961734553863	0.10464556373027223	0.9176088131261836	0.1391063155215932	0.38442661773567005	0.054898841890949304
0.00040440402555802507	0.00444767637133928	0.571936810117969	0.016321878950804877	0.39868812742770715	0.5628432090703469
0.10628782516571894	0.12906511685142097	0.4340538330724194	0.0691849023612936	0.17932827048031255	0.5775827847908152
0.5954300556827219	0.9366729376190126	0.37988760399627686	0.30654762360303517	0.050888462244889895	0.6486433308095613
0.5842571609293818	0.03302541009687286	0.020104013358366948	0.06497637609102604	0.12526638803550658	0.9799686829698236
0.0007645877191676491	6.918386510029203e-05	0.48454734960460005	0.06454770167008225	0.016276497955987713	0.4843513312377887
0.0003482473461055099	0.0005410438171086615	9.527201366218776e-05	0.0003458575315381087	0.5021235563141608	0.9608041339084105
0.6318273636293545	0.5498111519049903	0.002118587247717942	0.31315533503287035	0.6482597759261585	0.5311729506368552
0.0027286806253126704	0.0004637505694910037	0.44125303859038173	0.006717521368082786	0.089069549399051	0.4962093055709165
0.2421640191711846	0.7240358769844765	0.2504131484664129	0.18087863372240703	0.4878785754556033	0.8805078983989414
0.5425228534338045	0.6601468051903934	0.027379406703201315	0.34978254932822217	0.500348890347537	0.5985077736519834
0.5338757896189702	0.1731057799184466	0.0009814631127914675	0.10089851359763354	0.40683055976308424	0.6302771984904728
0.5933880508143055	0.17413211781972274	0.019427430862246593	0.33354294888419994	0.5768581244687122	0.9882035156971255
0.03386474770325128	0.02226884522315447	0.9589338828375139	0.5218594753318774	0.14311766290204664	0.8133979180284899
0.26904305157157765	0.011438140218021248	0.6818759962294252	0.3102727803099257	0.07355374751683486	0.6977441989343501
0.03125078993493391	0.025008919634619264	0.0126333456556044	0.017280180086565854	0.3454130603327738	0.7459867642975339
0.8102698596967511	0.6696510817547072	0.0013517698484780565	0.30580106935077284	0.7214676565364572	0.7024906529281719
0.21314356318477073	0.02290367487267036	0.40096859272590357	0.035599833232461124	0.3122368346936287	0.9144739216768235
0.043829520468315876	0.4395521803705116	0.003107902203035745	0.09070074247476932	0.12771154741851237	0.6779267004792947
0.04955879044574748	0.029754909391299045	0.01405183107986368	0.007473287648180782	0.16068134041033366	0.22752275122248936
0.35208225989270786	0.4310541684072559	0.0029239206664341245	0.1937695375541079	0.5861764088630258	0.4442433502950342
0.634708580112242	0.00810533960952988	0.5347321232037269	0.31138064844841834	0.6045248122971045	0.6420281601014053
0.8245571261104505	0.8338199095707197	0.017428159613469666	0.47221275658844136	0.34170065852263976	0.9233028574337051
0.14992001253167747	0.04003133401375374	0.10006175264288544	0.01867463710288897	0.17432141050808148	0.2100595318237836
0.4644207136198991	0.21769111014116194	0.2759243392974672	0.09883128663022465	0.3386423205527058	0.34871191455925277
0.002168463471648553	0.19490370873643553	0.00037180637227018947	0.04804683081884084	0.4447378250182947	0.8818898145827451
0.4025954774249241	0.10264141451872674	0.4226481747026994	0.1439731986412293	0.02645524866866121	0.45206250466712933
0.8413250024623395	0.6404188330822341	0.005846089880080213	0.1952798287715397	0.2650117669156089	0.5049059918471973
0.0874890120924118	0.025966723643925008	0.007365269987188475	0.026375923656194282	0.44711570911397586	0.8637491232829091
0.7202039745559969	0.04805507187001483	0.012493673422723364	0.23544967031862943	0.8036376946918122	0.8271003908641364
0.42972962088215755	0.8399493612030356	0.07729775810177769	0.570523557373763	0.5923926163293101	0.8872290904920139
0.44051735077384674	0.6428804105635916	0.006752232293817883	0.05849020767690288	0.24303712666171196	0.6616390718842368
0.7908239434480877	0.7322474039592259	0.16692117928695366	0.2973393024693457	0.044701109212347406	0.8330131647580098
0.01334166422455927	0.6428877487332113	0.00010625002007786019	0.20164243444066599	0.4501702440616683	0.6278321840031235
0.08924351850764123	0.49294836669295455	0.2825400633363629	0.1659998148589628	0.41216914704360447	0.8902058917342822
0.49726683461981463	0.6059305070395029	0.0038552581039360168	0.132142580799151	0.9188420349443855	0.8768762706037869
0.002450182068171274	0.004641389568183845	0.0001324120190184653	0.003449236917495377	0.175355881324802	0.8916447820534682
0.6713649379994857	0.23246889197046164	0.3846424912877915	0.19972809494273033	0.18274422888115854	0.6186497321450465
0.0026127676913256883	0.42271668164921433	0.02725716360187432	0.17610979573951654	0.390957504636564	0.42442202993099387
0.19291602819197806	0.7100074465680419	0.0004657507363814889	0.04674659131584986	0.23524610827624212	0.6499141646422988
0.8278853848646424	0.0076788375077436	0.6728602473789083	0.31933985369887696	0.04155620076297551	0.6379192891724971
0.9559529361471086	0.6744077167129501	0.008960231017110945	0.05854918532143367	0.16228349617240084	0.7934379498754732
0.10308686004401525	0.19032222788981384	0.8586674495077106	0.03084880163776962	0.25636241711753555	0.041853723671127614
0.3381621863151673	0.5130976084961542	0.02930305196521584	0.14073873777593676	0.39863003514711687	0.40817638712784915
0.0500517268439333	0.19086459306969525	0.9161451313387717	0.27711055502963183	0.1062114848184989	0.6225508124395563
0.06370161371624859	0.9429466350838838	0.9262850149300849	0.02774215440806679	0.029419504771651877	0.036854845403553625
0.06717475409625182	0.05284735335911804	0.09807575094149676	0.05326596923249426	0.8101036162873698	0.7839056558609162
0.6119077632671547	0.0888943524185523	0.001057547712923687	0.2807154150461428	0.6119950957197678	0.0681167136552262
0.20594361440253836	0.2694371413883331	0.01122083178862239	0.08948313343870855	0.2634224186142279	0.8270895449539355
0.020071648267259698	0.9215245238892283	0.014814252199027801	0.6335320524680906	0.7302523294615829	0.9377863867250693
0.04798666478516795	0.025563650688861756	0.9710284085654876	0.05495756158346258	0.007021817978374779	0.3588377227186189
0.004022614057577312	0.1372492610159833	0.007079891439181391	0.013041458106858375	0.5215102401333684	0.4775845563075598
0.5487785328242905	0.10693730247638615	0.002288650210359165	0.2017805166765374	0.771241681803673	0.92435914791845
0.01491542353909803	0.3304590237610752	0.8161257297102071	0.04629590183344194	0.14404718273572636	0.8259079549929214
0.19153405238122123	0.04992256023425167	0.03624156654798431	0.10803133186586274	0.756345539547084	0.9673356871626824
0.6456286008274961	0.6463153093621126	0.06360741067197931	0.16181934483532961	0.17412470130068067	0.8387485417640737
0.37149443738360494	0.21072681187228	0.0021746171341973115	0.11028283296165337	0.28394712607561406	0.766582203084207
0.6923128422390998	0.8616400639356139	0.07689029787169542	0.35949614355885207	0.5955931337104152	0.9880871343903865
0.00036211209761570674	0.0002455212346626854	0.6316079955680948	0.02139251066545243	0.002244477129447981	0.640401746756323
0.1802736649703713	0.8863321741982578	2.240792188628018e-06	0.1106450442026506	0.5056077502788583	0.2826827190672854
0.012625542921235581	6.482985478543297e-05	0.00011932159795417258	0.002680597609553184	0.30269400443303024	0.9740559639496065
0.019802631231142363	0.46083024779443393	0.03168165662253194	0.17373657419235047	0.47582941111179233	0.45948728043041315
0.5126367661275878	0.1928647171510702	0.0007987682738482698	0.006987618895516362	0.24701196075048645	0.6965064269514005
0.44500452761425113	0.12362327306894662	0.6274152104131305	0.08868093461060433	0.13554448828410592	0.9703903476217346
0.005933343300511331	0.0011368738489045218	0.18878402350727533	0.02309078040366311	0.5931396678075544	0.19564577039407247
0.0023852307245597307	0.0005561009189709714	0.2851856668126004	0.010475079188560677	0.004385682769418833	0.3021270168989455
0.18460922304705277	0.03472365108534966	0.009032258788266613	0.01191977209118051	0.08332616101027294	0.15199103533688466
0.058670651128521135	0.06500616937138431	0.4153398504598306	0.1030186234029389	0.6117906208168252	0.49131406962717816
0.01910081773662666	0.022414758491301687	0.9577758295240912	0.033760116864674665	0.05059948049431515	0.13491306397729108
0.7346978682483302	0.09222553677903343	0.007561555399624925	0.05077463945245793	0.2339677622029057	0.1741034577070273
0.3904898738756928	0.5599621116715557	0.8668011109728998	0.19750860460146216	0.19287950075441399	0.9034613167071076
0.04713952266961094	0.5404399094008803	0.0013122628528538598	0.19091435239146254	0.1396064207539549	0.98814603663497
0.673907059513073	0.4035043063516457	0.8094025519461673	0.25172108686688316	0.3854481120169062	0.48010680334174033
0.015476335854824212	0.0006526122812393373	0.0011127043375117056	0.009079965809010642	0.6991999338901861	0.9876090614704316
0.9021685642692183	0.9884976275292949	0.889355789665198	0.3836890602919473	0.010869777822042542	0.6429946734658827
0.07148479853181733	0.9865505638393703	0.48676864693656463	0.03857044508237563	0.16566668229830728	0.2550466737224913
0.14378365569579224	0.06426931471551328	0.05584530568428227	0.045384480619485766	0.2753953137261627	0.8818046424226474
0.05975375515784918	0.03271866190825105	0.002395222739758905	0.02962753753631604	0.6775429183551892	0.8763580505142112
0.7768689949522818	0.5125813299223201	0.0035458298134510885	0.2257889067149257	0.6305649288310815	0.8176942853773906
0.11673699224193435	0.1381194592122159	0.19846806805964637	0.09037385493531808	0.7638513655013428	0.7631840886168533
0.01032197938687018	0.017648038794908512	4.793256934717511e-05	0.0058388429167913515	0.2776370720287759	0.9976571225324686
0.7267937052278003	0.39839699007792795	6.04030574598568e-05	0.2783624522502029	0.7816521330640271	0.9721612629104031
0.010965223382887638	0.15865759921407133	9.222248767933238e-05	0.07189165807478884	0.8278041742603568	0.9392625637097315
0.010663337660959078	0.21896603002579704	0.008549545960838564	0.03426668043539836	0.0904446847226274	0.24544768855303697
0.07086904019489979	0.46928846839543253	0.07082165878105094	0.18520453542101428	0.19162683326349594	0.47061121076890294
0.05073464011846043	0.1659218647760465	0.4561200516862683	0.0223588698815333	0.24637290278011653	0.38718289123562855
0.012779655368154319	0.520782670967254	0.001343747866803701	0.21859178097043605	0.7563013367368592	0.5545705828887577
0.7465772272468885	0.6199894444427685	0.0007021209116808267	0.09087960483038782	0.13176250967451109	0.09542342018288641
0.38308840396384314	0.17226547065403647	0.0034958289330824367	0.16565875357082882	0.9208630930788115	0.9254200591503997
0.17349174409168977	0.7484147703780724	0.007811649695616991	0.10924337721004712	0.8549067896235979	0.3566718139804276
0.03411939114399306	0.26215354017295267	0.0031392242342609344	0.07808799684545029	0.8618548821620549	0.9600272867604559
0.3258069284712345	0.2878981698615543	0.23936281770512677	0.05137924232597209	0.5637316193409795	0.06810623248753365
0.673878471909449	0.14259258784294582	0.020105312238907897	0.2210710920935024	0.381693878495863	0.8178901028448804
0.946778493413455	0.7035442780255967	0.26881201700102664	0.10098959760147415	0.25173099276095157	0.27565932758202494
0.0062214384763668255	0.010033662151335693	0.008003340134485207	0.005607893104204541	0.09381599604600352	0.8007439335645091
0.0030590416572462416	0.002939395651234139	0.9348694939178852	0.04255952132927253	0.06260265943149013	0.942150748963182
0.011365781645404924	0.000594534264911384	0.6383619325997292	0.215395232067398	0.4587126614027484	0.4546764268924371
0.23649926342642383	0.05101422252080213	0.9198395222399791	0.5088518148416622	0.16570385139749483	0.8756615612176541
0.26046364505905095	0.03612296134482136	0.34153472830461373	0.05597139328469759	0.26446719063026364	0.1552718704882142
0.006112369255436853	0.00969810555497936	0.0009188332371546754	0.005889526161794401	0.8992828873094257	0.8009507348143304
0.013152868127895572	0.671011745795661	0.3490727838118771	0.021275823623590182	0.9208893387423572	0.23892637386856316
0.3143731762302142	0.9816428297452133	0.2355982193938041	0.21648566166941896	0.49247611555992216	0.5900761337963617
0.04073311395394781	0.017845784973457846	0.1427506478075725	0.02496162662459577	0.5597742405686561	0.465259777482391
0.6766930546373646	0.01796853159045418	0.6280710232554543	0.12331096129421272	0.007881613730178389	0.5932649131003818
0.00039080051291552566	0.0009226029649662485	0.18329350977036618	0.0071004137226725154	0.4036664100049617	0.16895027392767062
0.8386927934448319	0.5915160648342589	0.5437357387822292	0.21461754402329955	0.2824225001709814	0.3775368033285798
0.3274567807483332	0.03427700991492096	0.0014993321169123105	0.043126462044471604	0.3269511662161697	0.9860606507825204
0.09967042518197052	0.3436582555525313	4.4067539505180144e-05	0.11838129722336632	0.9251654354391923	0.7491646889108812
0.7737397128915312	0.3246145337131863	0.006247031355316041	0.2019947932034844	0.291447170564286	0.26609593922297214
0.32920472423376423	0.5554882319046858	0.6258415540115703	0.2862446650816951	0.027113279689867514	0.6373856423223052
0.028933570867481443	0.021125259356680946	0.219618850156521	0.027869224415739746	0.09777905215011119	0.6500443896364262
0.0053678887011259216	0.005528749900427435	3.141689166658709e-07	0.00262527684962183	0.4626780658500947	0.9998458585943555
0.32551569080400683	0.2787602147860524	0.17876279491336414	0.114891244314202	0.3811251224560346	0.2033235648902755
0.06454844813146296	0.02603221018760661	0.4277742005119277	0.026696968437190056	0.5639647768492104	0.8953633866083915
0.6886114815556064	0.6007928882690726	0.004708686258883332	0.008282902585508315	0.07042637423768555	0.3455978650138939
0.39070444541314936	0.0891978629126923	0.04343202734414216	0.07338041048383498	0.33270174675687775	0.4421723096293503
0.9119934599584797	0.8655201162525874	0.9149267700622383	0.25290232133991297	0.05243356894854606	0.3915739299790953
0.009125865034969406	0.42451661306877714	2.4551179557732018e-05	0.015660448138865624	0.15793349111500532	0.3581894208226157
0.4116459469115406	0.05310877645756999	0.398033350302864	0.14000560855389727	0.8384918498133882	0.3841263680107296
0.014097039027344884	0.40066116771729104	0.012684984427707895	0.14629762411938518	0.12485038671250416	0.43197429519156666
0.23685485593312278	0.03127344552931279	0.0009488300620390669	0.04236170200878773	0.1976825712012959	0.9678745453760015
0.9384345100299738	0.41827223161805877	0.0172357307834308	0.007341488625069367	0.6105239900589021	0.03418079812266093
0.0005182158513011747	0.0006420158715016663	0.0006271150670405807	0.0003372601347212985	0.5448358034046255	0.8055762857811607
0.26335844810288656	0.0018468891142806392	0.16477513354877488	0.057104148935229415	0.23180538696933223	0.8697252859753951
0.16702007616624986	0.033495559779343036	0.1463174808757101	0.03837019947027331	0.5975916414074881	0.16998582038307208
0.14948828428893046	0.964690023367931	0.17484170703866744	0.06512431862850866	0.6751558635840952	0.04236282218375926
0.04377515536829101	0.6224105094641096	0.7633002204267018	0.1495910863771164	0.27232696276415774	0.5845924037845378
0.8741928826861413	0.1553806370640413	0.09287969974102764	0.0827152818424845	0.12146750108471402	0.5647537828875596
0.47763624773460966	0.22574649793424445	0.6936028647328841	0.052368318886964894	0.08030396686174682	0.33752443471203936
0.0090128506496245	0.0027589585048188	0.6698645857352552	0.08069274377321473	0.09349864339103435	0.6904620826748141
0.02657524033861007	0.279649444842318	0.0009345653449639156	0.08202121977025059	0.1914274916200989	0.3235857664982816
0.5839528854015431	0.27744349313940575	0.018206989972374372	0.30336621193606206	0.9406073540153183	0.958440440209601
0.0003440639175733042	0.02785324196067536	0.5610265067273887	0.030198084451889467	0.8146844520300072	0.8973837185940059
0.05824876897344276	0.10193179123069251	0.0010208638563912302	0.038573634317836045	0.746143871188089	0.595223763311088
0.002113170641636571	0.0013005474950708524	0.6976226859676262	0.04142453809995925	0.025746721414719537	0.40373335063512483
0.02409456849760505	0.8122123548621639	0.31623911975783014	0.08198337788905033	0.05302324298639637	0.4803733326098213
0.5413200159872286	0.14563397431159772	0.2016734002106623	0.1549009582197552	0.668134256306465	0.6130910860388461
0.4129622370393825	0.05106801779367092	0.043815740272920435	0.046591103747183414	0.6884387882920531	0.7315206572624989
0.22366121876816908	0.013192924633138241	0.004653649329895433	0.046990442364051865	0.45348695090095525	0.8124767907337969
0.6990796547589916	0.016654550735095863	0.0008516239477214038	0.05304579186338793	0.07927480639440182	0.6501271201115454
0.3647095101327188	0.6369906075299478	0.00021976826364654157	0.176689205175036	0.10891420915883843	0.8667427456239724
0.9024029871293848	0.06761241807830973	0.48412877177415437	0.09275082876487252	0.0177330239245325	0.3444443024141998
0.2350517359524392	0.6109127550845783	0.0035054820567351837	0.019345447243860763	0.046977141408468835	0.3934471725335353
0.024168193973938195	0.17690226147956692	0.060218458750119865	0.03011331151160118	0.06797079373061735	0.23325951585487248
0.0002433798573334216	0.046948697444508344	0.4216159851384495	0.12687964015752246	0.024411733570347153	0.4415020007135679
0.004676017256877275	0.002116946374941523	0.32913480692360475	0.04596002148924423	0.014295840116341435	0.2751113238166675
0.45154871459846463	0.21135442367475404	0.09463327662493762	0.25733363156776656	0.8180226917585444	0.10917506602698673
0.32834603599279744	0.008979629024449693	0.6922879786524074	0.031202274904492747	0.18988220307611509	0.15254667874809327
0.051132635569792424	0.16013716027935684	0.0027185528068534564	0.08817399952090758	0.45040190631273336	0.7581377253082247
0.17224606889654592	0.6376538765905817	0.0004516172889723606	0.11736813074189309	0.13826131348888923	0.5236120129924102
0.5496513363551657	0.019169260676161433	0.015024149797535516	0.17347001816528318	0.4658165181375349	0.9400985985499554
0.7215477200002024	0.3326949746743456	0.0014805190827021392	0.11058694950911707	0.24300403617380772	0.8532227803922596
0.20877599213550052	0.4824930592893772	1.566200104553626e-06	0.14433881293583017	0.23043814874690788	0.3908742859157678
0.8247636819198254	0.04854816378818986	0.0003396065330823471	0.1599196748887308	0.7592880451555512	0.9758536030350002
0.8018620405855861	0.33457275031530687	0.7381810134682923	0.19633909800589022	0.09774282308562869	0.4877079798570388
0.00020632696003528933	0.028031894364723337	0.5568587392051222	0.024974072069473236	0.49711561639612667	0.9315781624304127
0.2257801886678629	0.7615839667328745	0.0012599250035625156	0.056448353917427085	0.4085177033659771	0.02344913434777681
0.005615132443479237	0.08082758545299365	0.4690845394515876	0.17799215909146082	0.09064467952463989	0.3968328840666028
0.18892969960986172	0.0038295312031075245	0.061797996881677024	0.05978556510905045	0.3548371646556003	0.8794947892361995
0.04635811893736074	0.19491914213791472	0.24740211271992243	0.07541169239427961	0.26933576083170957	0.32488803447885894
0.55639800883637	0.8896818287913765	0.077670872365541	0.4370488369957366	0.8174608156420394	0.6860127597890422
0.14127749232406853	0.09704270864259262	0.09582379657393422	0.03275698843090602	0.015236392843900036	0.3947209107341272
0.04368769427719443	0.003114478688194315	0.9344553689429729	0.009686649456191439	0.008362080306493134	0.28767781907687817
0.005597977057554923	0.5502237999993331	0.009054201831987053	0.07173400316346301	0.889814826140673	0.7704833695029712
0.6783906075366755	0.0030772295610608704	0.7281599999089442	0.11047674324559882	0.21168091077586845	0.6264717276803827
0.002635949916049508	0.16418592700008086	0.2652341797394835	0.11808265775491766	0.6882451475302835	0.7634786363125374
0.5128537748249499	0.026504989884731763	0.3133024729573912	0.042643489063211894	0.09769305674590184	0.119601935370111
0.20840176984478875	0.00044276306517158345	0.00010021328759557707	0.001196242441363375	0.1679264038276261	0.9810386486547247
0.11312371421564477	0.4841680019697541	0.048222159215002676	0.19067159123701946	0.0179520960214782	0.7587864535432755
0.09838614829416324	0.22917117616225893	0.9976720765400058	0.07386196907613976	0.007623411115205853	0.2573394745969535
0.25096166309079654	0.03857181311078639	0.6828655883199582	0.025342110796185847	0.0871979737545376	0.24927789698900807
0.7936932490508388	0.06943179657899211	0.18207237328412423	0.058921018989462885	0.4284671644028565	0.7043388371165439
0.6957011826330305	0.13445240309806664	0.007547298285881493	0.0940817304726335	0.09029785215254754	0.9315403391075245
0.020475505110736102	0.7434292279399815	4.574707286288872e-06	0.18423415994690748	0.6218281746983868	0.7351444703015455
0.006111817538678306	0.0022117805946954656	0.10475813759160435	0.0030494726219880293	0.086338972191223	0.10679124087851696
0.3093365774080949	0.0008259462291074391	0.00019210241510134163	0.03455705805202919	0.19558242175592164	0.9539004408764594
0.32155699666962306	0.03628468592977846	0.6573864236501474	0.02885189691843008	0.056146339067604766	0.07189801793267375
0.863330097425393	0.12779524791984984	0.021609102886761523	0.15037595352832736	0.17838005428422332	0.45192429350755386
0.02377589755467583	0.25265417567907683	0.0036713836002498805	0.01014956521101776	0.10061354453495151	0.4238493386700836
0.014051250420537736	0.03261494448785858	0.5782288713924904	0.02899639509811379	0.10672263483610588	0.2861431513102296
0.8476413321420171	0.2792046083793788	0.0021725676523960636	0.29252734469068775	0.7687543881104122	0.7256034099606943
0.7872414005828806	0.6728083791197433	0.8790452671253931	0.36379581792774374	0.1317925092347626	0.42253555012296795
0.26785604084169784	0.15003664996359925	7.752129127086057e-05	0.05528486019525866	0.251607203942472	0.19079098409997475
0.08436988092326965	0.06066204555729772	0.0004254752312678136	0.0025346846492293644	0.034869925289924	0.6009145079543887
0.9323028383632158	0.8901188602221574	0.10412763589807646	0.6426100695830316	0.7092898503950339	0.8429380808371122
0.6472214370046947	0.5205419657223599	0.09425722310798602	0.24393315367406587	0.5048157961692402	0.6790933726228742
0.8980961864058832	0.406342681188659	0.7176604691929518	0.17952591520685957	0.018292440678865544	0.3282653151139926
0.2551323053854883	0.9629867562311178	0.9207835511971875	0.5274482228181295	0.08711428893382639	0.8470437014370885
0.23678281077150468	0.7363975513438485	0.42552421885967506	0.45019549329460895	0.036972863878026195	0.9367723537925268
0.303634201062097	0.5834043788624471	0.003751072151076078	0.41144491310705905	0.3714878158612406	0.7941071454894723
0.15381967230087698	0.03024880296874749	0.002731073385296664	0.009170398630538425	0.06398976038368244	0.4030445958319044
0.18462348671933376	0.4892699222099792	0.0011616201623281407	0.12287543005416456	0.5242849985289372	0.9098131812499979
0.30668849135159093	0.23634727913171794	0.5694056824035166	0.15172328678438643	0.5386721508766334	0.285012937987144
0.013684102383567915	0.03226257435031624	0.5319180894129455	0.013192221916605672	0.7336206469609928	0.32661552616247286
0.19180193861054703	0.3050215935194047	0.372349027538128	0.034821624542175016	0.15165702906628184	0.10138453090687441
0.03168680746635416	0.7672382136833251	0.0024406956445696282	0.30199627957648695	0.44943067741323944	0.8608018575531777
0.30789475622488377	0.15241322162785703	0.034318302997305115	0.1041141640491498	0.5016751433341582	0.5347774692513517
0.6862662629113544	0.13014506873780593	0.0002780448115753536	0.14147016914520028	0.6048794893772194	0.157221599669317
0.0382750044494062	0.8805494228918322	0.007925199410519758	0.558020611550055	0.4524863083398585	0.9596103940348083
0.48781768896668204	0.013246629068258785	0.08874634905741094	0.009974231521944384	0.18684973489581436	0.5319552275463867
0.7668742235131457	0.007393163879213852	0.0007928537159289793	0.03865114794257013	0.916225829618459	0.9226913314669795
0.558730393186016	0.045343601987245796	0.005473952092211753	0.0954840123572831	0.806639477473402	0.4900234664435231
0.6289981297642312	0.004198859103305527	0.15379923856889768	0.03739095413543563	0.1339958272351653	0.28365492518011415
0.7910124387307286	0.7363516023365055	0.00028330885414357555	0.16987891525264298	0.5642922346908384	0.984562797135162
0.20410169387588356	0.1628409283862793	0.9951821547870738	0.05974766271022383	0.2242216577167331	0.06742834855397865
0.058901503703089095	0.17588167385381967	0.0009327045795147962	0.023780355855571703	0.1257349816968474	0.7802668882396057
0.09694583727922325	0.4478911114407179	0.3528298101606575	0.17478296678668317	0.05212048827744165	0.5841557931691813
0.006950650312326691	0.004081023812382967	0.7014998362475526	0.098315578873197	0.11750381697458874	0.6183607006924932
0.4404268750296369	0.15378829027876778	0.6569116760314054	0.03992358467028266	0.0842001291170933	0.3375997968990941
0.418742494366424	0.5308573616973973	0.005547503464204076	0.1794257066312894	0.21637743629093992	0.7710330997798474
0.5083881876657441	0.005681620665726584	0.02792062242292057	0.14074218281326886	0.8655357945437595	0.3403111996578349
0.5233211578029299	0.8183463399917734	0.9817343770084395	0.672917870027444	0.03517668968589512	0.7840819115180807
0.11749235254613188	0.42005778327260296	0.003421123634208575	0.11976924104080576	0.06690959881852537	0.6802925741556922
0.05252559539843882	0.2689920945089135	0.6887146654548314	0.272999226261768	0.06105203772006374	0.4585328134730628
0.024158288462115162	0.842935711858319	0.0003332908274848466	0.4817413627807881	0.6112350970082786	0.9460338848468519
0.815733055947305	0.7551805948509993	0.7880426968703054	0.6022355592839158	0.04404071661830687	0.916830859932412
0.4114032141655769	0.27142157094830655	0.011616405581480686	0.038776485784439804	0.8433515709072645	0.11939246700137049
0.03275373727844559	0.5472137782090971	0.6621874470269573	0.26340633596240925	0.5850445146261769	0.6513956082190332
0.0009472808112179555	0.2067833744287659	0.0012007732020213025	0.069525163822796	0.6727668008107314	0.9867563317678476
0.4919990442363585	0.597902085940409	0.1511173379184235	0.22268131096753696	0.3657653265331789	0.9681932469253224
0.9645968144418864	0.5644377019863058	0.04162832000572114	0.37675891277132717	0.039793557995295575	0.9015543286998841
0.014121808704276073	0.5472377266963232	6.997282311552616e-07	0.02661980973854429	0.6583906296918105	0.3823771402877588
0.03211218709981244	0.11495693742302904	0.8090322020946644	0.010877530948745382	0.043337923088419515	0.11109251850992283
0.03920670657837616	0.39422355231570155	0.3699026422420054	0.040294714179438536	0.09743004969340449	0.11095354741385359
0.0353183028719194	0.15977790732367364	0.7402010357879588	0.22636219634735597	0.06247475889365972	0.5048017467601378
0.5678015250543927	0.10236991635011819	0.09472685394681733	0.017099562221085097	0.09572191010631535	0.15131039696671156
0.9314399640206277	0.033921588233285054	0.9307600670837847	0.37804625264703157	0.21792790804411147	0.45931513149713543
0.5668812224920552	0.5391025128177603	0.00029928538144541344	0.41216068652997734	0.7301466908524993	0.8416770921926371
0.8556508129163807	0.06474372562686181	0.417575113687833	0.0848581217754418	0.0867938524447371	0.23754595241975068
0.4360759101791219	0.24568939044833873	0.05022426173436338	0.08223842975453165	0.16751484099632752	0.3564519095541491
0.4544318381383204	0.5538316816317002	0.005275650409221359	0.14055780387726632	0.37315626539119173	0.16179718901876802
0.003246111923388499	0.006996963695354852	0.610645769613434	0.1900077436093371	0.006343306430272232	0.3531241237794825
0.04959551166768658	0.251883893417928	0.0026425572004165647	0.06102053017745047	0.5689936652153695	0.9865800762771918
0.7840697852645977	0.5712277711125016	0.009536644692434423	0.17687538299553174	0.3773261318109425	0.04961525042347533
0.014052201694601382	0.2670517282652231	6.914753098535523e-05	0.0071903228073438045	0.17537961883058578	0.1774710455559905
0.7986010471864404	0.5606645661409285	0.00029169481307479006	0.0584260902505755	0.17633385507240604	0.46624312187325445
0.7529385115313362	0.020272614189279618	0.0387560613694427	0.05200284148933017	0.6214496561443291	0.640425919249454
0.0006291977126590934	0.00013111415628811092	0.6314752443644805	0.027518299526417385	0.3098824059731124	0.6315053456723024
0.9674617423269536	0.8857431659347437	0.6084553105408547	0.3562408465523218	0.010048808233870152	0.5365536900378262
0.016114445224586126	0.04018341057289353	0.9041922218258758	0.31071622583455183	0.037068833562888585	0.3847204978785045
0.6690769788584027	0.5759686112830029	0.3841047085668601	0.23568367973221638	0.30237646777756266	0.5473095554900111
0.026975848713714373	0.5145825230038138	0.0007807011118481496	0.11280654269916777	0.2631187805633273	0.7441653801270105
0.8566011095700997	0.007732243147209846	0.006521367439734304	0.06916645867038435	0.108266933359047	0.7305205330733937
0.019665620578903874	0.019535811428621024	0.6453693216919615	0.05101338026081325	0.27482908170133874	0.9578186753452231
0.016677590406512472	0.27665388486800113	0.48816776892470637	0.030457192269147823	0.34547441191242456	0.24723550350328574
0.005308629180008332	0.0048589555985621745	0.0021880147532975496	0.0039370974853862074	0.8307678784928272	0.47035260721591293
0.22027681325799825	0.021918614390742757	0.7083781117476664	0.08776453413694293	0.012389799970909172	0.6058338593461015
0.50728661001157	0.15904692856444505	0.8630829623865042	0.05613278333574921	0.16843232368993458	0.07001980940723629
0.6266155110337648	0.5726440926980246	0.00019198611611944774	0.13108793665624915	0.7526154266485856	0.1400339330281128
0.7386447609116542	0.10137878688895605	0.17630985002614533	0.13005378387568167	0.7532368740182285	0.15203922919721574
0.022235056270301517	0.08458050147893223	0.27954178290381837	0.010864663287808187	0.6729052593151181	0.12412180496093055
0.11275007889249906	0.08439723945432236	0.34626637890739737	0.03847402466633542	0.07244787520779931	0.7356859021273388
0.799663185305199	0.6603165095432231	0.3652067423064755	0.1845057715039203	0.06189879971421049	0.44211898305664343
0.4818825679809532	0.5817611536132106	5.422143183396593e-06	0.2152620308467973	0.4780526916607239	0.3221492215109176
0.053230903547043754	0.07647245219222686	0.2943149939986856	0.07167352339326052	0.11781981881048918	0.25510570755600037
0.03602870628764212	0.37165495904594653	0.9017741510511331	0.09713204190194426	0.05744410832703573	0.3275719233703781
0.055018690200503886	0.06614006825169873	0.2633336470750878	0.03280506005960206	0.08569869945254513	0.3685496540750103
0.7899890979356589	0.04733015377436442	0.000872568708889086	0.01812191678608957	0.3316747017855243	0.2714406482586471
0.25760315729988714	0.5917728972984746	0.0021614750866710453	0.16374046086566563	0.1853770260284838	0.5089490732090682
0.23062718534602056	0.014666360137305283	0.49180187698149275	0.06072245090688457	0.1871863865602488	0.5166202018267254
0.2516228236873778	0.09603394431636791	0.10999950284237854	0.16641386836446817	0.6773300444687689	0.40779786632997167
0.07317949448604548	0.96725301400113	0.8395290474513807	0.6814256862817326	0.036899896772365486	0.797705464728625
0.04160990523061146	0.03516344363895837	0.08361127713018476	0.007662399408283018	0.1870786312637361	0.12654186918534416
0.5675391887133675	0.27584126434273787	0.6681136015918533	0.22268550320903296	0.09025068128580406	0.8855022436969605
0.7600212033740188	0.037108595127982084	0.050144540792434245	0.15791896599471708	0.51748246642782	0.8420743473745042
0.9170302805566205	0.4323845355383968	0.00019411500574797983	0.08592470073536336	0.05686483814073051	0.4443450876523089
0.7331656560373918	0.7830598510946327	0.00046709965945422946	0.12873287089617327	0.7353191750753647	0.7429741559029074
0.8868924383608592	0.778148757991796	0.0027051080740028563	0.4772260981849587	0.4856399600723182	0.8704086019399031
0.9682526384499527	0.5538461793130651	0.011408298285970573	0.21008923661501236	0.092257484881295	0.6563825354985343
0.49507823171173876	0.38159857548232096	0.004105522448049517	0.2106453108787564	0.1901054638939504	0.6234051387510382
0.1751863242822662	0.7384700200707677	0.000898727123255243	0.523789250085421	0.6917985731730525	0.8942279672002582
0.010427098011441528	4.824619088491763e-05	0.3931751092146987	0.009710761795362339	0.46360541009864153	0.7057540747237271
0.08792376835191759	0.11222722642632975	0.11351920562012345	0.10189924817107157	0.07451029311209727	0.9708547739400037
0.30149105018189426	0.37341825876953355	0.00014836368148147833	0.04791560679398829	0.304013189604432	0.14738658412885008
0.0625618930217751	0.4370085594619307	0.004154331786530204	0.10590805445051625	0.07691641413962957	0.4263490221793619
0.7221715036415183	0.33422066177727144	0.019159306765870535	0.04527533828188822	0.10803285701504114	0.09391833201141189
0.48696296001707623	0.12846452674269607	0.16430281392297952	0.09565778291237348	0.40903279362138073	0.475790658805486
0.16083431979647625	0.5196022712664627	0.45549284794709055	0.04903100948167571	0.1817542207407213	0.5090016268207034
0.0394210926503654	0.0535630858375193	0.0023086979693448754	0.008213554669260154	0.4179346820624289	0.10424015422317204
0.1860801378637222	0.18728766137120584	0.04625156584495445	0.12046476662195632	0.5310314338030657	0.7513256558009991
0.002865835943844561	0.01647362610279104	0.0026740878215671666	0.0037106157041203007	0.4319017460438912	0.6602512581071334
0.34294563109715964	0.0022617210566486944	0.0015867693816362521	0.1646969139064919	0.628513151357737	0.7503711584600916
0.04661770595658313	0.271843848886706	0.014056503791210205	0.017791153767418792	0.40124132826207587	0.043211056481407814
0.07497035762645947	0.06958332092831375	0.03273994087086473	0.05729042176588249	0.9138532413785239	0.5494657262735853
0.30877173292649146	0.8487131523580504	0.2115373881127378	0.02455598780897363	0.08253188351692482	0.00685789474384312
0.03853329527200873	0.17202404485278863	0.7364496417024816	0.00945990190812919	0.0906121046760191	0.44029606217000816
0.09576939305057668	0.010215198259441663	0.0014884647043751356	0.021948893527764725	0.23621930086536191	0.9965612201929117
0.05606144548291599	0.6223121405338154	0.14850049460692882	0.301908177602379	0.8054875522395587	0.8371621493017622
0.936673232209952	0.1513752360670347	0.01819688180938632	0.2656130940509303	0.29186181195192534	0.0300030540839918
0.3502753406080745	0.17166024533645444	0.5567874550820838	0.18366115538554872	0.04183145808432001	0.3496437334671271
0.012534097432552176	0.00160405087890399	6.674060922627903e-05	0.0021398571764140875	0.2452194372218952	0.8737126684401563
0.8472834511757751	0.48670966330264875	0.8016537329276763	0.12383077691547	0.00820825286521324	0.3366042842682701
0.7145925342724165	0.33332645820635365	0.16814252061723933	0.12336743338753585	0.3860809531979273	0.4669747094591599
0.01615489098909085	0.7706979723815327	0.005743538439334972	0.024651340575485688	0.9369836674194955	0.8231938560930998
0.2400692831222575	0.10186673057056272	0.1179434337936046	0.04020436535773701	0.29362007966778103	0.31522623710237585
0.3012369073059359	0.6878868706630777	0.004919010073921952	0.4025857998889285	0.4271946801065828	0.9376649697310813
0.6775464015361726	0.345863224770245	0.002855020997928607	0.22030777645512717	0.5730855874066765	0.5770956573087961
0.8713652284977274	0.784897083782339	0.0001945482245838762	0.0483307887580942	0.22259369982789146	0.20221598206109806
0.10795897290511614	0.05382340674744775	0.5260355619923078	0.07206218469479714	0.39832958367657134	0.9534456150544035
8.902754595705145e-05	0.00034783355159457175	0.591197477494353	0.012593770655691245	0.006013586210844425	0.5876570344441624
0.031106151921755917	0.059653292467126084	0.007969015087247225	0.011182382418108832	0.09456969613667368	0.988137300407048
0.21232076416907247	0.8823151569304788	0.0010752521876369126	0.2669971912271561	0.21716861281060185	0.8758323043238732
0.14950188742449455	0.023785854557711237	0.418693856760838	0.01849428026246582	0.34867476898292094	0.415571462501147
0.8449360115807242	0.05827162287044822	0.526490356751731	0.020675394672322808	0.15983942161008266	0.02248531709544022
0.8117637396998397	0.3793384717066547	3.153869224614064e-05	0.1630335555687629	0.820078262747142	0.2702632499782091
0.010931952925071852	0.009657967955270198	0.2513195552071821	0.0034265281026837255	0.4489047403610261	0.2567976912976465
0.006621189984547625	0.4478135885453462	0.277095333548076	0.019356915277861493	0.20081552226816216	0.6811065952805517
0.1322024387235256	0.13925452532968	0.029039432037516702	0.03608647115320024	0.23903795305513326	0.3687866231789865
0.22434396151374997	0.8747401713566292	0.12485032321011624	0.33776870391587294	0.4450897441372047	0.9266182128436816
0.8559215628466845	0.063473911687824	9.345667713047145e-05	0.15168526122234555	0.8130403327581894	0.9792156687117893
0.30683649671617935	0.3196596440101486	0.4912194064502938	0.23293684233857206	0.22572930787063927	0.6475724298407949
0.16076164295336096	0.8368922060170872	0.5165031565740735	0.18637103245190187	0.7935825020869716	0.7154921084575849
0.0035174215927070225	0.21197431705269426	0.0008119077099133588	0.031234903813925293	0.4547146731004348	0.8119822709806086
0.9756429703869122	0.9946512444485499	0.8951739937398421	0.47792394526219517	0.07154525922933211	0.5404497161153374
0.1147672366370747	0.5518533509942289	6.504374524159365e-06	0.08578972305166262	0.4280163373192644	0.3542385023255098
0.5671888338743123	0.7765999578896055	0.021591152663959348	0.3187929644887036	0.36330671652450963	0.7453803338825898
0.00040685362984275764	0.00018261357274035328	0.45680083907593966	0.16128479967437337	0.00209490377241452	0.4565098366147978
0.014904811294333275	0.4958008450058114	0.00026788388976667186	0.03620677589018393	0.23445834422252948	0.4224753247787631
0.11034583569067564	0.5783478570373453	0.042808248446470964	0.09759161583217449	0.5901835505768993	0.7442480362939157
0.013535897992113013	0.033896022508599896	0.015538386016963656	0.009064344003548051	0.2265824265297109	0.9204535025425716
0.22103493021614895	0.07501432958637233	0.945871835333731	0.19470779513475236	0.08421103266482283	0.4551726714267254
0.8806184753084515	0.009884613562748043	0.10282967582548555	0.46473756675216626	0.8761804884216275	0.270071809829662
0.4379957534860232	0.3327433463593461	0.0016180408385319282	0.11044026044928451	0.09148964839734022	0.847864421434952
0.43793160751724225	0.26134133428077544	0.03962606857059936	0.25460695552102586	0.7857068540857123	0.7169587705685003
0.027894008520255947	0.01999112919392087	0.010920981800245064	0.018871972606670187	0.6545383427888364	0.9472238168348354
0.5911105097013174	0.42324394254812625	5.9610893139155604e-05	0.30100209381969656	0.5030442061101015	0.9300665876454731
0.44488014659366903	0.5986410779690746	0.008576658821311782	0.24652088930636676	0.6329557551196684	0.046931738826168856
0.6127966788690461	0.4333434440603796	0.001633817087366138	0.20988888418517318	0.15862041249464154	0.8463650080256901
0.008654280876916115	0.20856319909867196	0.00013765797578101143	0.04667315060756687	0.14979730182093812	0.23185466544059127
0.2876422096488658	0.06252124410762698	0.022188697611067155	0.18507476172285178	0.7487959212475129	0.8221827036490134
0.009003590069507801	0.10856340471333992	0.07028538041799084	0.08942260514731878	0.23588328510533063	0.9906691738201934
0.3603661201861762	0.7861881611878351	7.695361081355025e-05	0.07746452009875981	0.1613118808700204	0.6432452768651263
0.07310648858486937	0.05127122721832669	0.3345792960363748	0.01826744864400819	0.3598253790565143	0.19220382959173019
0.05387590111486416	0.7114737947217673	0.01563441915308687	0.10263438667412299	0.04638161852802623	0.9161010253772688
0.0016528347496394232	0.006004224072129318	1.0465247403523562e-05	0.0019051762810146115	0.45285820419106715	0.9480792820417404
0.3399522224996938	0.814514502513442	0.006640109451688147	0.26452577943665356	0.853828027449966	0.3013185058526305
0.3302457268930562	0.6820232058037686	0.21532994958660295	0.18734793866275243	0.29992849237331937	0.547319976003321
0.2023370037069551	0.7737549493283452	0.6829711384571594	0.32605515050211237	0.29150669677278107	0.6072931085893833
0.009058922776111745	0.3874693994099752	0.0004943564561929059	0.1673767533338916	0.10413810989213178	0.5187024742053282
0.5745493478447777	0.01425928077269099	0.9854627651693803	0.15492794785661634	0.16756799740973324	0.2169396118053595
0.03273425874541613	0.6041772855644207	0.001056138868682846	0.07896992489418939	0.24564385986548	0.5538240435113958
0.49731361273979324	0.33615410584139926	0.8029451309442533	0.25144237358768295	0.013296635283135315	0.4430071021718074
0.01155348119406491	0.020056492886798522	0.542831010522237	0.10529728418131225	0.2172293795823903	0.5298539921233192
0.0274272260943984	0.11438263158538042	0.929167627065254	0.043430974247008064	0.10002696583823402	0.8506343297332635
0.12549031592183368	0.009964862625494194	3.334507719502103e-05	0.09459665221730613	0.8586395165379546	0.9938895453810959
0.935519011926026	0.6008145001991937	0.02791289845009962	0.1458667563592309	0.1900223644049787	0.0391063599941722
0.0007833757717235064	0.003971151765505833	0.39184505828150634	0.015124587912964636	0.2613582058085407	0.45471769754166214
0.22776037900179835	0.24249248864815012	0.5849395476428366	0.11827808886449347	0.07583766543306626	0.940005763520017
0.7386442617503872	0.5667326530060393	0.0028452615220485953	0.2603359272675108	0.8407523207521035	0.3191535920092674
0.0009051834994380751	0.07173119847193461	0.05091110654700231	0.006257979224312002	0.7736084660174045	0.9984765677813376
0.05031155021371631	0.045477809007369925	0.0012420739830406873	0.03987322790645808	0.9128728341956796	0.9795864010533951
0.3771785999634723	0.018864172786912405	0.017548893350246078	0.11784523162767628	0.683842934369732	0.460892818817797
0.4063037630304734	0.10381341531983028	0.02808640912134457	0.07331945912208564	0.6282589407539684	0.6663618741739816
0.05187244398174393	0.37762699043382075	0.12356082813542624	0.2584716321863549	0.1421326834489885	0.913172726145467
0.13029205951481787	0.007440168393223225	0.24536939792655355	0.012426196546543734	0.1379172547907554	0.6778065600962807
0.008572025714837237	0.025956661617527486	0.7115829432388718	0.37306426893126454	0.18854431984592343	0.706518039560563
0.0037917774476292315	0.0027262246033303936	0.12593681671558635	0.0141782008881492	0.22273406960393446	0.1292607846359376
0.018471503021779703	0.016752456448879575	0.011425557296838636	0.016692827133421358	0.9541413329458094	0.9677654822424283
0.31685929464034135	0.5216752391852714	0.01410414473277097	0.020488682720059895	0.1513819617593239	0.08718367483583164
0.8896658238578717	0.3626808393845373	0.2656432318472379	0.1848762987532646	0.151495255951458	0.6849346444760227
0.7438994189863007	0.11115692579289477	0.059432540453047036	0.1692782269949685	0.23342044786092234	0.8778329691138108
0.013249316252855935	0.07968739646887937	0.0004235845853164596	0.038566395427871505	0.3296594147548016	0.5664623769320327
0.0278527277681298	0.02577920719345464	0.03923788673827924	0.008144635522850838	0.6549551947951334	0.27381417082610326
0.21867808438748354	0.7692231718297833	0.041960198511142376	0.3263489166591831	0.7277398692099986	0.6139691030760218
0.45385880380938615	0.49690693828457977	0.07380203510660144	0.12295123807661103	0.2808371884135501	0.16819122741126744
0.2790933630364302	0.8839202551688615	0.002636751987645954	0.36453180361357496	0.09080974616973256	0.9433889863769287
0.0007909500538829488	0.01008531286171615	0.501505702106702	0.00976129362464417	0.9344589486671984	0.6575703776687649
0.6349117338710724	0.8419290473897563	0.9757063266014532	0.25380785045687215	0.024273363807699504	0.6745541790407056
0.03261774486573978	0.36942810186019975	0.9135854524770824	0.2490510211790676	0.9014380947515435	0.7552261997855749
0.652273915542295	0.42081909168241927	0.11169564937506178	0.3018833303940995	0.7873248482661674	0.9551841317379985
0.5744476036099814	0.545947038834436	0.0006909089881204369	0.28235863247636395	0.9080029174148794	0.5264291229034034
0.019255627584686796	0.34235102527659633	0.02181330279693261	0.15145742981297697	0.32126700684652404	0.841771459049412
0.4850921168086567	0.01452552462178804	0.00014123891776146363	0.12055477915249221	0.30511554966869286	0.9364148437882179
0.2628412407500141	0.5652393401657161	0.0013516435023466613	0.1445959562344871	0.48839051120224286	0.969330985384555
0.003979375538806045	0.005271186366485658	0.00012110601055424398	0.002649788981999973	0.13032610570782316	0.7814717243515209
0.19527921570826334	0.2614392090251882	0.5181553212226618	0.11258275246655283	0.0026094016014881886	0.34133234666584394
0.08668300433497833	0.671158303042439	0.006067852664796754	0.06119522453677864	0.32641569755303596	0.42827741990633705
0.017732720602140005	0.03558216915269402	5.617586908125149e-06	0.015358871728637181	0.9408390496710103	0.9277211118941161
0.002499535987506208	0.027022293885536713	0.03897543712641695	0.013754756550776424	0.8280389310212616	0.9965808235025493
0.052875248832702886	0.009374520803776333	0.8974917265531089	0.011078262754029856	0.11389720088352573	0.20257775830834404
0.5112519869590993	0.10808401297739388	0.0012353183846261296	0.06356879061080271	0.3509056769803214	0.2972304067048759
0.033912085810475036	0.6523353619804282	0.11348671582850584	0.25417926497290827	0.28645383681412573	0.6852707401576611
0.8630836866874556	0.16145788943663755	0.6651519943178498	0.3376325068636171	0.658639081465175	0.847158208893361
0.07045424165839559	0.6316633173346538	0.02524608384305574	0.08063373963861661	0.3538679166960651	0.7763401364525132
0.08297583926013978	0.09165434513241502	0.004225493983181778	0.02008244177281765	0.16819486561139482	0.37040995283011696
0.04157703476796357	0.2610244734176312	0.2954452791647828	0.12787612097306073	0.5451355276731705	0.47819592480023965
0.302022118786746	0.010039458557359032	0.5952157992261041	0.26288866247614995	0.9559792926058325	0.19679625574415555
0.13596203778649077	0.20893880051392408	0.9022703862029795	0.27469161405824505	0.021899011300272546	0.5700104044577212
0.5542346247167836	0.49147252277406617	0.43293026082374947	0.20557345112961523	0.2520139161752108	0.9422301958971095
0.5935521804731504	0.24954007365634967	0.0165251902211738	0.09245957689404001	0.2968994648409986	0.3608328571103394
0.6744053218743437	0.7128122389712923	0.0010045494215073856	0.024069042702153952	0.19100663070536122	0.7117285045586564
0.6887481325278955	0.45799327932723305	0.849210918631676	0.13019357865817888	0.2666609080301128	0.10247952702535314
0.012619480404182232	0.3587107147287882	0.002034321129795184	0.3062673681371572	0.18996060710462134	0.9540257346659226
0.7364255314611773	0.20277240934651816	5.3259071438743436e-05	0.1486806812574318	0.1959308346141834	0.9312606881026436
0.930837048660277	0.08220947421591557	0.05280283659911121	0.3622950370607467	0.878270539171717	0.3879830797210714
0.08250938414794295	0.8357514914077642	0.20972317501972437	0.11206817415832303	0.30566348863504544	0.5683483014526044
0.0740334396400777	0.404775029508065	0.004016221902555048	0.07270231536103888	0.8697610613388366	0.8817088817821349
0.31722353178989937	0.22753187871789882	0.011943941638387773	0.11182853874965862	0.42939519144701394	0.48036896589153355
0.07154944250732526	0.6916545376994007	0.45657593173226135	0.3208974108829179	0.06312973674281729	0.6187316454781607
0.24413729831354314	0.0024498202167798203	0.0005231441007057185	0.1214513555334921	0.52857563794286	0.965514990729752
0.008032022799941163	0.008499622435588576	6.133700406707838e-05	0.005189684906109883	0.6408412532984762	0.9995697451352566
2.566575406935876e-05	2.344097035917914e-05	0.22693661283573666	0.003746095171327957	0.005684381861748575	0.2266358449209895
0.5239504575234023	0.01998619909173378	0.0008458277041703097	0.004466193702086764	0.12450017407009399	0.6638869705820327
0.18911266541992755	0.011985628192534391	0.002107161357250154	0.03934050729998442	0.5938349338866655	0.21137813730046073
0.6673105092258819	0.27714240179368466	0.08745597790549786	0.12976828061657164	0.2771094870595445	0.43948502129219585
0.7615704940383111	0.09300748682943513	0.004836081156001539	0.4873660988653433	0.7204331192750184	0.8929125175210572
0.40762494651589753	0.02936519329360792	4.228060111724794e-06	0.0918612263761834	0.29952605180482755	0.8172584742175967
0.5214017176243321	0.5289619519270166	0.00015016211390805347	0.20821567965536275	0.11377448310020108	0.5031618480765274
0.009075412874643023	0.3312403211480364	0.0009005395426311771	0.1030531219292055	0.18567357599290318	0.36332255000728936
0.01108141022817607	0.15908349177919584	0.26821089942735943	0.06187784217623373	0.09165133978816119	0.4290184036413918
0.5911849832986849	0.028590611956056857	0.014201439648355721	0.08572646625599067	0.9548443612369619	0.9039724569059459
0.14549592174812612	0.2857127152355359	0.001509323440174355	0.07458638453531749	0.8940065305119759	0.22650397178185383
0.8862905606990773	0.42812229959341885	0.0017994787306495716	0.19005247040114048	0.12542211661155803	0.5252789664226973
0.19104762594059763	0.09681389475586302	0.41456193748024667	0.0642535503907778	0.6001708120681611	0.35729776091062315
0.4543025673302311	0.8956689093457239	0.0017257257156754597	0.0947165536123552	0.5625427505407109	0.15817267327702733
0.006993943810412151	0.007932655330857833	0.3980317125203935	0.0033729368832681856	0.10478258316935185	0.6084200350056099
0.23609882535331386	0.10588463538395868	0.9755505737587915	0.10727995110366273	0.8358125240325915	0.04175428372121616
0.020418129699428654	0.008210406792698325	0.0021756305716556087	0.004379438165979532	0.9623363503812828	0.34018544445095245
0.9269993742624718	0.4857206163677958	0.023825687397145842	0.4675936326797439	0.7322656313987679	0.8090410695824304
0.0012546990812812534	0.0005095688693501635	0.3167749647614355	0.017403934529377434	0.5609918081382987	0.3628590514453032
0.12491930328644707	0.6289097376830176	0.024594397636302372	0.3648325011330014	0.4375380084535583	0.8173295315402136
0.0003366481251832217	3.7632468219986086e-05	0.3400112862151219	0.029681242167229654	0.15876396106058155	0.34097772987862013
0.9661501019871536	0.7121863363864304	0.040316657573991915	0.5267018956670004	0.5501165064072083	0.825826541417027
0.17456517381773856	0.041884819226354994	0.7476107042304003	0.06724252263360553	0.08635291640091709	0.15445815789719422
0.06287554458580812	0.26807017723802234	0.0002618289180044842	0.08956573005295004	0.2020591846748706	0.937301613958229
0.11924616444923611	0.3470616905015103	0.008240849446738287	0.054262527077898026	0.7460341956128641	0.19294775806402945
0.7143508251117678	0.25454336160234414	0.1056485816574107	0.1332761760649703	0.11678066071865209	0.5904096370940006
0.09832236971355113	0.35937196283026246	0.3082918101469073	0.1440792031471425	0.5941009558363953	0.4432604670564939
0.37644590640086983	0.5781117874642159	0.021509997178301096	0.13089401041607432	0.3515057796463654	0.21267215394198422
0.2854149174974334	0.10951362283347581	0.004418806137355786	0.061783364017692084	0.0507697122546514	0.8100386174449199
0.18389763717277796	0.023688100271031094	0.06162227345033004	0.035841967363869104	0.21014937698893288	0.16485657033186502
0.763225808958786	0.04376259269681284	0.0007534981666003726	0.02650128115341496	0.033369684821601596	0.6227913265118205
0.2664044370951437	0.01553484657507125	0.011905514093362546	0.012445888200496438	0.10050454001126276	0.588635304936787
0.2838233961718684	0.35503938539305674	0.342238834207904	0.011784438681471276	0.025651182973827298	0.03538103164160594
0.009350420373170779	0.03416039629073968	4.238891421202713e-05	0.012620060707788863	0.1337424409341621	0.963340984960665
0.5589362972593588	0.01472828278780035	0.00015093761849255938	0.13990056683847393	0.49247792674620394	0.9894933144622574
0.5603279181710452	0.8449162661034112	0.7269440121786909	0.07581319637379164	0.0010175511275167576	0.12373317757412483
3.2358314445729265e-05	4.939221179795891e-05	0.19393067720123383	0.0042123589423425905	0.016252686973222394	0.19532624488521075
0.7646713678296929	0.49194842350653745	0.7523009498145418	0.24344763766600877	0.23448556984807956	0.35580071187323475
0.07295663228139215	0.7973432035886961	0.7158132084609666	0.1525058708834759	0.15645921776285843	0.7714907071789479
0.9623007053071617	0.5321559682926907	0.0033434728205511415	0.08529102883790877	0.34088897360111375	0.5284594942549247
0.5164751672299623	0.339844394667963	0.7974924937197677	0.10063648945120941	0.04275225612411225	0.1330619862608932
0.07810268650022921	0.06221163421777269	0.0006405256735778827	0.023564548079395734	0.2742734377662955	0.7425063529969175
0.00041797430573972184	0.026976857209682892	4.112104674281795e-05	0.0016627557328729218	0.5742137408777147	0.9040778229726839
0.8159605243377578	0.11387434513825445	0.006042562777252725	0.04912485027464102	0.557616030180105	0.14942270127016147
0.5273743299441866	0.4610472671235493	0.0008851061282679805	0.2763351784378452	0.7107818813605135	0.23411839018858907
0.01061113965254646	0.01315847209613389	0.07737074918700851	0.008136819243657613	0.8757029430990834	0.2632615532678858
0.3548148487895773	0.06896536273065434	0.01740983740597995	0.04892799214701904	0.2635026950989403	0.6740565592209516
0.23289571477110868	0.24671661536802794	0.2231007182364449	0.08329159468319418	0.3429223495627369	0.3414892319291183
0.006290040614656246	0.04029199895765224	0.11555380105936554	0.010127614690802747	0.7905580707272624	0.09572619324483884
0.42645618669070223	0.05191325812655015	0.5761319717917474	0.2297537149835083	0.5645623476031971	0.4079935442276618
0.02031846046799163	0.22796319735296444	4.7851964362354044e-05	0.021840145709815524	0.1360326798890581	0.16790661491419298
0.01322979953878686	0.00790752488773631	0.6455243821405902	0.06762120792088204	0.14040910482403487	0.3496947137905494
0.3304268377689616	0.020489880691564145	0.8160456312394577	0.05055496743504641	0.08435644433235742	0.7461291638871139
0.4829303432854773	0.45581463729101557	0.1617860224308709	0.2412924606117502	0.4801347353056697	0.6245721216844624
0.02030356735190114	0.46555069084007483	0.0025030947747809863	0.07571070550522033	0.707335895387341	0.3851345480423225
0.012345283220241306	0.4229685745390718	0.005370712488750939	0.1574124733420962	0.8924970900114966	0.4159446105083555
0.44866522291258965	0.09176040349322552	0.00037571955416618316	0.058057048318176284	0.5451052757970741	0.015506565008424464
0.7256835222282377	0.007902609185509418	0.0002172020363563248	0.14129980863780467	0.9044401942265561	0.18584640174011335
0.7763289375678639	0.7823444452939442	0.0042197022120061475	0.5167434616847845	0.8200544415503753	0.876356427199016
0.5651575786465142	0.20410700424774317	0.131282237832541	0.13034676231732448	0.2712184056046112	0.2180764481467412
0.41809266228645064	0.09359399099135284	0.9498193239671983	0.12707005415729888	0.009465964941848799	0.3121720937633605
0.008462932309031045	0.02725944537454498	0.3670109684164903	0.09174222170429147	0.15933031271432033	0.44412619000032005
0.10709240581845066	0.675222245174317	0.0006145933918724616	0.404965160134666	0.7579765648998467	0.6599126137876391
0.2886109726928433	0.040684232882642994	0.29669689823330603	0.009510571757861434	0.6110740053452307	0.048950730664737034
0.02972378258257397	0.0678102814282067	0.004072435158451372	0.04447684535649383	0.9142192151631354	0.9151255644834546
0.1759398145205049	0.17484082104172857	0.01637337504209196	0.10896433699691115	0.6835070880024015	0.22948318527546047
0.018379204650096986	0.018288500374483024	0.4483800163968991	0.027572079855135854	0.404142931581922	0.1862596773357374
0.04053546275816799	0.1464178516660589	0.00467748065296706	0.06058185410451426	0.11357385568212175	0.8972362276254476
0.9119566976314597	0.11371981765583679	0.7864527755871207	0.0347005681376012	0.03135771911594136	0.06401559197565056
0.5205480085886709	0.8864246898640856	0.0011290590350612924	0.340769396735574	0.43993234225061095	0.9238080509800358
0.06671606224657625	0.49698600449000885	0.015238614433784894	0.23551888287489686	0.37925254411179055	0.5103377128292454
0.4504891830766824	0.45308537048959213	0.6817503189782664	0.17989845554441367	0.16899716778901092	0.45273182918626426
0.018383179454072925	0.08746798689896462	0.0842967154563433	0.02978168881506235	0.6054941366904305	0.3576430777820493
0.8019876560121403	0.7021038341434703	0.11623626450459826	0.03950647373932161	0.08652352312753263	0.1476381169706816
0.8009345197411796	0.6909537771691581	0.001087908554971315	0.2429907573236436	0.25790759886642106	0.572289027141238
0.0014118394040023314	0.0010298657724288304	0.3291653034896583	0.06566502538185111	0.24849330142294387	0.2880727159949418
0.9482590577191454	0.9351478904283953	0.3147740332394369	0.6144871615564442	0.8325093434566276	0.7664455553883904
0.31134033613636175	0.0011274265737305467	0.000197046542342354	0.03331176910306054	0.18709059655082586	0.9480832599138468
0.39079960844435374	0.01578674024498764	0.0055030730532429975	0.016989304316741016	0.17574147784800306	0.46500747516147695
0.0003649161573759818	0.005313466157223365	0.3722811716746458	0.05046230808592062	0.659348320965711	0.3738796956663833
0.007698634252327275	0.026108586882509482	0.3705359639135116	0.0925140791382772	0.013735593093459376	0.42127950184792884
0.021841958028498084	0.3800178075192972	7.163763249730151e-05	0.021384006297213546	0.938960618666881	0.9952709067862282
0.006868278328220291	0.0010770012223514994	0.00032571343835094397	0.005516270851000237	0.8358499825701546	0.9184156742386891
0.026714274209505014	0.0008192345123840286	0.53966618646814	0.04130637933425615	0.48023718166844015	0.5948060133888596
0.01918267069791152	0.5121493807114285	0.01244666556841373	0.12264003693839234	0.25263212328335444	0.8039674744487679
0.5877028602714527	0.20127859329418385	0.126414378072302	0.2923966500833768	0.5181281517342714	0.8424788878880408
0.654906530336513	0.004317441596950894	0.06035360820629159	0.22609207296475403	0.5710966810610875	0.9317731317139302
0.2547182214852125	0.7158709104985773	0.4311972763689514	0.02992182505793144	0.5131902090585587	0.02740638880075337
0.39786776233701016	0.09889581986540553	0.5469930771691012	0.15968770931261425	0.2882997246743724	0.49655647514693513
0.11275652135448842	0.13503305983084346	0.29496507172239417	0.029847706892315366	0.0786344705863058	0.2654554550697107
0.6508490421809633	0.4822737617362263	0.21011613263284262	0.3397657392457562	0.43530568602925895	0.9144632276021231
0.16287217857845704	0.015432829407917825	0.08285052175212974	0.05626335896320911	0.847115482892832	0.6631606818849457
0.044066453094888776	0.23048248257028128	0.00030639409298892877	0.01898953196654216	0.30088080833434067	0.18628832672807238
0.7249186041991736	0.08999106734819035	0.752139755315255	0.11185652819580211	0.1884232167140112	0.9102811426041044
0.48494834629232897	0.6438639183748356	2.347236426436675e-05	0.024295361869698082	0.8887718261271638	0.5840982845346843
0.5791156793303068	0.8049988976168699	0.007609692120621796	0.29915328423090504	0.8292652603745496	0.4412381130322791
0.005229598417152177	0.008174738928915909	0.5849065029634224	0.08793900488360584	0.014734861238953963	0.56983781519997
0.14654133542572578	0.005117933808583583	0.00223240228655603	0.0606605626124718	0.9281758352864865	0.7402291733658309
0.8400570828084277	0.8890466171407283	0.00105236182965863	0.5304947865679082	0.5923625893687059	0.9170780212703856
0.41687425000663164	0.35105603773497285	0.8245184817523371	0.18163046042772646	0.0328028177277137	0.49344899997228897
0.5594545425090405	0.072473085595356	0.3094343440216527	0.4407144401326524	0.8578486740212868	0.677493824935264
0.004335376164303691	0.037842787686423025	0.9165782315793485	0.09919969617379533	0.0744789440964997	0.4732233159253557
0.2436655663662367	0.20802773693568066	0.0030749186671380387	0.02354306783556872	0.25764773811946556	0.027723808685266995
7.513754046097644e-05	0.0005226372994438574	0.4966425784837598	0.0059836741740787085	0.06130269081000168	0.5113517814917254
0.6844235580055598	0.7707282966307467	0.0035773405547155595	0.25122704025205034	0.14836023913909355	0.9673296860505882
0.38527251809297947	0.12424260084306478	0.001513024079245333	0.024115237559586777	0.017913743888944185	0.29769546707091693
0.0072683992236223065	0.009726655179188805	0.38569425666982665	0.008605917949082055	0.18377632574476035	0.2348265745408177
0.7181295399685436	0.11155658686556884	6.63082132452831e-05	0.2651920157857193	0.579982018547932	0.8596095717014937
0.01782141651057472	0.018295538355023004	0.5832233636684113	0.06769200730494579	0.002959170238244921	0.5908951837851689
0.38889492637085765	0.37788907617865103	0.4086124499010421	0.20291328361985853	0.3325191118933938	0.9143161263938908
0.7015427331413832	0.056557626330122464	0.2779218457344194	0.14217589899342734	0.32144013902993984	0.8865026727618037
0.8248936941311008	0.749195110494209	0.20045306500047602	0.6355513278924194	0.6077555076877007	0.8908232530537945
0.7164413486685316	0.44466821108074805	8.707769450305362e-05	0.15164574466489208	0.13085306038777275	0.4865294367562075
0.9859623579979141	0.5878256674132792	0.1499892280792797	0.24619399161952496	0.040224274331251135	0.6233711113884178
0.8272343020760985	0.04311995386244885	0.002528235342032037	0.027733410756741437	0.11488046138911852	0.6213013974694133
0.0620301771346046	0.7110529732736853	0.0022038515275640373	0.38107744058301424	0.9436055649976174	0.777875291170366
0.21876105474126656	0.03140751523712893	0.00014742047794451154	0.1448862464632824	0.7926006099109514	0.6438150438297079
0.644621933097247	0.02387555543769823	3.630177700153789e-05	0.1205565916198493	0.24831204426953318	0.9864065173823693
0.1334044514507551	0.8600651701758762	0.36897044755699643	0.11766841248124423	0.21036086088671885	0.49672136577243553
0.002727273654879212	0.07460384470594919	0.029257544518900506	0.0472723937658814	0.847728116693688	0.8015842173558384
0.039687037130313046	0.052677228175465406	0.021897904100721677	0.03207408376775019	0.7567159532323918	0.6801869723126539
0.1111654173438941	0.41211101925191734	0.43587733518078176	0.10686809050279043	0.17654349691351373	0.34191991683662937
0.12387450051434784	0.023515684329446673	0.0004789168774708145	0.03561771494378489	0.7162021204817087	0.9303189760101584
0.11675880940414547	0.056095626192704626	0.2567853197061029	0.02637060026237708	0.0067979005260017855	0.12622663201590545
0.46743905686748505	0.17925510350174717	0.00023745905774500198	0.2670097632265699	0.8404984702891106	0.6229341036738412
0.10070879783402499	0.017859085147260437	0.2892287075846021	0.061763108730888486	0.6085722014485052	0.544168350506723
0.3468926405784624	0.10466374476204196	0.02171397799699434	0.06029813112566327	0.3092242345629957	0.06379375377678491
0.2371415557689451	0.44096850874838117	0.015854751530871142	0.32423898160083936	0.7535644080269468	0.8469918142342
0.9323140786226409	0.626047742287675	0.10120633964695784	0.4375668678225088	0.3186958726290695	0.8391577756295019
0.6442763475194416	0.02713458870310924	6.534409483075495e-05	0.2559721729157482	0.6251349688055822	0.21521671697059325
0.09989623997564487	0.842779508563025	0.0007608840301055693	0.7291410861216412	0.5428768407819672	0.9786992815537459
0.030254472596465774	0.000300878903272716	0.00017413214947228304	0.002017393716900036	0.11594721205100127	0.9577187688041934
0.00042569654047813863	0.0018687406560830655	0.6384888700092168	0.022150215047308075	0.1005889728869072	0.6877150103952003
0.21747810654431127	0.08575866832637766	0.5306301392851069	0.008875485478527286	0.041206359281461886	0.03356214516414521
0.9468574882395976	0.18164305629624042	0.44350789715989025	0.21312406813255483	0.7148355656870852	0.619317329999695
0.2110036234465934	0.7530375943867843	0.017975924763275464	0.39399093354681997	0.18087689626602194	0.7758699606022693
0.5983579002967605	0.6447184607156033	0.00795315179410294	0.04548327257386132	0.23086964058251552	0.08922942436552311
0.1961743908352904	0.01753564115980905	0.00011028358152856676	0.062143270776998674	0.32261777432241023	0.9646580907483131
0.0033076644244449307	0.5604990012315334	0.04964020320822257	0.05170220962347974	0.39840383564235254	0.5736048764807508
0.062073945630914666	0.08209475157537144	0.8790253791408483	0.07785531250607157	0.030582010977899823	0.7737540250970368
0.001946358377487091	0.0001097015927704295	4.850736321793901e-06	0.0002512800264651565	0.9477049323803819	0.9910065524366296
0.004084304258876369	0.002533911435960733	0.6582894408860486	0.0030952270238382455	0.4811058430749981	0.8707424106983231
0.008173649770253116	0.03736174801281633	0.0032670052269321284	0.03326642465847339	0.9267313120967926	0.928483859846836
0.2944225611995353	0.02996834405091106	0.0555362646155601	0.048298849945367726	0.185342809141781	0.9720567107922452
0.27940313773623504	0.42671559914481394	0.1278762244769357	0.05836346222237225	0.11460324829210568	0.4285423947413782
0.5105784774644287	0.33188314422653403	0.9903417436074937	0.016824345389889733	0.01598129566017048	0.02522523626949249
0.5975874854386688	0.1566294066515277	0.006612163734854716	0.44557305963195587	0.8387416744210668	0.41880436396341736
0.09934317444862499	0.024266714836792803	0.6239927231604969	0.07612608619778849	0.4856624112799929	0.1941283118142073
0.25464421079279026	0.5844474954534721	0.01678783566234608	0.07475181552177108	0.730549072816292	0.08889159780690604
0.016232334366936562	0.771655757531496	0.022077487578924856	0.5156966137659846	0.14531909525388137	0.8787905248949004
0.16710188127140468	0.008242386512794323	0.0010399842534700656	0.11423620080806345	0.8987584894975282	0.9984076106841515
0.9791123578542584	0.5022053918103064	0.703552640616849	0.2970758188411486	0.19889536963187546	0.45113431416567856
0.29315036401792943	0.6746076898836532	0.021088332439997862	0.04594096827941561	0.21176627836836004	0.07046542664936098
0.0026130968900996876	0.007330368163168738	0.6510909268016293	0.007235854730357047	0.3324158329621917	0.6504070624348667
0.24121115553947728	0.18474530687509474	0.42920530460383693	0.0714139908783125	0.05936993950814787	0.46589434283816505
0.03456883942169054	0.7206302324320782	0.1187988012241304	0.06335877143750177	0.24315885804097753	0.909896967865052
0.2783594641892724	0.88479189327731	0.05395884967562645	0.09509912089838472	0.2764711260727678	0.5406910317279412
0.39561403135369777	0.05524398797989067	0.059760728130436216	0.16693235640696333	0.4555895039644964	0.6505992971208459
0.3357165284308291	0.7730925694474788	0.00011089610837883462	0.09632668105603386	0.3326925216018175	0.025153692793313642
0.03529845656913013	0.018376071350361598	0.7006369862207982	0.01811911826749802	0.06280425582940238	0.8210249101293695
0.01751624844253004	0.019850450880037458	0.0009924298140492798	0.005269803385128374	0.2719721410824425	0.2794268366499772
0.41252024812020405	0.033656027037366566	0.0027066510975720737	0.2422267938700998	0.6389506348868991	0.0530518684182793
0.6703498297561438	0.012389777699110238	0.12930855007616723	0.008366549278477006	0.05446160763575194	0.277698023584436
0.885151993326124	0.3411503061537548	0.00117839898867064	0.19574954709377423	0.7439632149323226	0.8266167780446275
0.022538571204878843	0.11231974143634603	0.534843778526438	0.13588217078639467	0.5388882630506224	0.8871554873693854
0.01451664156180929	0.008507696228033395	0.0003740885737374508	0.00974159758475821	0.7069830536799421	0.8286873311815037
0.23006879406558328	0.8978656464286593	0.6267658809594843	0.09557122644545085	0.006924618027605508	0.14646911636091128
0.6407390341790205	0.021661133920290065	0.7647732890261634	0.11633292638783406	0.12141854007169277	0.9103643120875538
0.12387842867892979	0.009303404552018267	0.47978853604447264	0.049116683789417616	0.040755271517406245	0.5732707205834908
0.6555154843550748	0.0030066032780741814	0.0028790309989584458	0.5098026099122476	0.8477295147754138	0.8699238169889896
0.025539172783666384	0.20566145384505471	1.2708074169712099e-05	0.03651564884277948	0.2351146883442986	0.202911431685727
0.26669517555546224	0.011753222807671047	0.984643511897409	0.0536059514408609	0.006101010093316109	0.20194706310233057
0.7249511322494766	0.23538598185095316	0.0009873278836291179	0.0873625041744725	0.33214684933773686	0.5319410266359421
0.3226456330071683	0.5698233731562364	0.552925750438773	0.11141116651249375	0.06553474170513254	0.24656259299434152
0.8581580656014342	0.37362940155704333	0.004870424754619561	0.10175508156746507	0.18302110457213905	0.4027273863161778
0.09484490327078333	0.5240513349931948	0.00021441785229610357	0.16352780867392422	0.15472757781206375	0.5044124114818592
0.9284002885228694	0.8862139905901376	0.5859235976934797	0.3617317205297219	0.13205110444975154	0.561625110287497
0.49715752264720675	0.10081430127780756	0.01890706804188515	0.04996517730590884	0.1284047825590953	0.2691879759618038
0.4157296435547123	0.1144198368455243	0.03851739459221234	0.046627214262370056	0.3230423448704454	0.2995588414510297
0.00599626218664547	0.0045554771703152	0.18932137818666656	0.020088216432337953	0.1441158431131917	0.22012684417244596
0.005767126209005171	0.061402061145589625	0.004037269552517577	0.027698655177462842	0.846864257676906	0.9367557340609564
0.06301712709699558	0.5052333143765143	0.022569373127663373	0.12973186977607765	0.13438000059355723	0.500532225247623
0.026128114898807904	0.0024528933943076254	0.00011737106254270392	0.011578757418156945	0.5394184090597288	0.6709342544645438
0.0018292972515003647	0.004037688144435915	0.3166585465678006	0.02487558233054603	0.013966384028714623	0.30490887521168475
0.3732637531113062	0.04487756378928062	0.20925858852161866	0.09633195018209757	0.6703434569219509	0.3740950492192315
0.12662779733803375	0.15037495033171772	0.16432583357053	0.011396224211540778	0.1002825260606177	0.03435271105918982
0.42914470087656187	0.02404117586397283	0.4751730099450864	0.20723443880010967	0.7167120200211453	0.4516299337484305
0.07303627781254401	0.7158027973234379	0.9898668708292464	0.43315462866707993	0.017203306152966398	0.521012113258803
0.269569918895631	0.2088774235907163	0.0008874249449547734	0.06408186710632235	0.22488098018176472	0.9656845133009344
0.3855204341995336	0.5478336473095851	0.0010320753172402373	0.06266453681142127	0.6213662414193614	0.8137269948669212
0.06688273013333185	0.40863674013183143	0.2639827594052416	0.04716738756945154	0.7993883638967102	0.16316353314160267
0.8342019326313737	0.025075699267521838	0.00010458416597219623	0.1579250089731246	0.3629198831173229	0.10895369516770853
0.031197097997278843	0.15673683793760881	0.1216277166188827	0.045703473802733825	0.15216506461884313	0.3207218512281644
0.032417316656197244	0.16634903471720935	0.020035462041744397	0.1033149932754128	0.7057179590670771	0.7598457824783402
0.9643608684320977	0.1363142311559595	0.026655123321953824	0.02657607643146968	0.11843917134227758	0.16282120704711228
0.3397498700282627	0.7953308324680773	0.6611185840468108	0.4314963006835386	0.14823240842510924	0.6703368390902211
0.0032482344724535403	0.45615645805657157	0.0005959243488235837	0.09807321524321203	0.600810766376154	0.44968297236732624
0.12242797638214525	0.6913357833518066	0.0005933091659329852	0.0365419061685466	0.4890982858496295	0.300111737353711
0.17382731964616613	0.10525997850380701	0.7638763233586258	0.42091026366388085	0.06804616577411905	0.652438310391429
0.0018321463593803317	0.031859111390266905	0.00015333371902791988	0.022183752058405466	0.4651501382562691	0.8607713147338775
0.01524628462246852	0.7915890323024599	3.6198150307493156e-06	0.03240615728976911	0.5135779553429254	0.630432882059239
0.8604631853119965	0.16094379976128498	6.879622085721853e-06	0.1848335467497276	0.7707793585753517	0.06057232974881902
0.24528797786366083	0.17024450765353485	0.8879661746530625	0.47146534481174956	0.028365218851032166	0.7798464274131965
0.07963445692359135	0.17703544912258032	0.049689135849118236	0.11922489459690766	0.9633519368498984	0.9452482677728077
0.2783783280165792	0.03381088157353941	0.05795565944122244	0.18678347407245285	0.7961852299753776	0.619810581394472
0.21855801995078222	0.04574107626469149	0.404336602864099	0.037580335711924866	0.177110109059068	0.2603920854004934
0.012757945744183556	0.02550937461596175	0.0008179729111415524	0.008602844636380327	0.7061880026330777	0.353512944570874
0.06709161161340127	0.39713892566909303	0.08602018955732556	0.05566252215992281	0.7071411439725687	0.19850281422495
0.7913337146297397	0.5652904023172083	0.548176871896537	0.16953788834737235	0.3761400016212596	0.29680292393567076
0.7926644651390182	0.13103535410751563	0.995110551862023	0.20661073960170726	0.009359603768892751	0.2584881996300618
0.9147328451236764	0.1314559997556953	0.3061081561690007	0.26545843835811744	0.48911741150180554	0.11017398429144791
0.08179379941442527	0.11128789937276279	0.07886438772754485	0.05475585496175384	0.06501652091924169	0.5614820304193181
0.08766960944239553	0.20031755608653373	0.34062593651805634	0.08983124006643078	0.9185536803152579	0.35824157301727866
0.01223165248275885	0.003164474849691563	0.6430575011101163	0.025472882608149013	0.08427406610128559	0.4554777397146876
0.019031661112641617	0.0701908373601536	0.12077484903867401	0.024091782666444676	0.6338301556083896	0.7786529338170803
0.12325792563476651	0.6677078035553331	0.031861883520036646	0.19373873375656933	0.5551212473998629	0.8665800516752101
0.381201373233519	0.1075759819936766	0.21681207600304292	0.06328541307796841	0.03241812427365052	0.706405979186701
0.07113499010854647	0.00544646165856289	0.4525211326994262	0.04561241168720835	0.2808801875680898	0.578769122625484
0.8710787034222621	0.5258383377750999	0.1644201839533817	0.2046879264856933	0.07519536438271096	0.6863007025392497
0.41016656468551854	0.1329111058767324	8.872310042828556e-05	0.03800600448093433	0.21484149692888638	0.36363681927987435
0.8031754695356718	0.4159179167333446	0.8778666994078206	0.1361425428128708	0.02378020764653098	0.16468270826307016
0.6627938347178227	0.061665826252002974	0.00015111120132893366	0.09224071109629059	0.5398398009238643	0.3055402228644789
0.0648158066319051	0.04960124241859834	0.009826242728723667	0.043762888004750006	0.772158950894459	0.5463246991216895
0.9562830371165202	0.10295250488050774	0.3203798168635496	0.06000304566036753	0.04610112502993228	0.2386550906480992
0.46999647017381446	0.8489172962677305	0.002139945757093007	0.5314918233605163	0.18182553536530957	0.8708979260612184
0.48398809926166236	0.333323061527726	0.2477000116556964	0.27763287505763523	0.6173117668921928	0.008626255542989191
0.07805478338814058	0.21368766979819342	0.2644471271958014	0.1319689390688382	0.11251002399563506	0.6258347848796477
0.0891649426438548	0.3954246159359147	0.24770679540738239	0.010806995174349429	0.2630800864540559	0.011687249765713772
0.36986866918269645	0.03518761258426788	0.0002930347827845751	0.1263398597288963	0.3647116566636394	0.32108842559705214
0.3653136249265051	0.2552964521891145	0.05083007708276955	0.07013465462240256	0.184679629408236	0.6149260079439288
0.5165492282199698	0.18161107958435294	0.2714404229129374	0.09341918414125715	0.12546227594329537	0.5614583899523686
0.5016383299159877	0.7605277194970619	0.6115330319746709	0.5735272683700829	0.2874683431307233	0.8619040181273918
0.0011604071974625559	0.1733183272048368	0.07614984869634674	0.14165506211749826	0.23343703108767697	0.9650727150216334
0.8327852874811357	0.24447169340435296	0.03238357948538051	0.33506060510853036	0.43065739459432606	0.9264642668882336
0.44420006599117207	0.021398834299706185	0.01116336575323434	0.06050848930136183	0.34605514394344544	0.741446958541196
0.5884229724288705	0.16604896297421023	0.013036820203788727	0.08030267508016146	0.14702943957756445	0.8566551955220978
0.09681027905722618	0.26193213905532425	0.003548605677657863	0.24848193127335086	0.14807275696550226	0.9939365435069374
0.00033783501345530835	0.0015368785246084862	0.5877720761368783	0.006064965540164755	0.09198772104456394	0.6078200433677473
0.06154190336600122	0.8375167975088222	0.0017240219403086457	0.15762016685441663	0.3461523591939609	0.883648099352357
0.39812838284363694	0.015678446462495672	0.012565604962884483	0.07345605176143212	0.3815168988557937	0.9725331759839914
0.016874888699308147	0.5219025107928223	0.0020102091540620394	0.06353849647581702	0.45172677117864224	0.8492269696106022
0.13755635038466096	0.5170285634218126	0.9393898957306364	0.3910543262168979	0.22913749367670003	0.730244713592448
0.0996095253234559	0.14078232639630117	0.21843207891506516	0.11791017318294131	0.5466080228503429	0.9107978481724871
0.5915459974442695	0.18170889254799086	0.7607501076019795	0.023830704981716935	0.04207710257818579	0.03350636730577046
0.5417477445379169	0.8186145845377422	0.04554978625206503	0.6469745006775524	0.6026566899301269	0.8127131191074156
0.004067993679933286	0.009816447306093568	0.04500689855128564	0.002622474216957975	0.44897067436841914	0.707809673878887
0.0024670144688946237	0.005855277214374059	0.15600084451433555	0.021157520638935227	0.13386560707077166	0.16926347664210573
0.10718543507895058	0.04637838900229768	0.643542292270877	0.06484547551524648	0.09361157022175823	0.13931459302174595
0.17414385522584455	0.012385133821530742	0.00035681950838411126	0.016625657173365196	0.37593784515714845	0.9967726787920917
0.0029586597475383296	0.0008819539566251158	0.6292211769433267	0.05496141293885359	0.08966546703677117	0.628827986999746
0.035378082392922325	0.008931074542419804	0.0027343472143477967	0.012387270633528888	0.71365901814611	0.9513884965078526
0.043416051294525596	0.6206008761533328	0.007529099897160913	0.01905459843326669	0.2187758292962421	0.5484487490925922
0.400501906432054	0.020464606322869727	0.5653263351540881	0.05958565412415675	0.16058364576943754	0.8526082027677285
0.45088762262776394	0.046265265871674406	0.006908272795730765	0.04789318824572666	0.6395064073582887	0.6334349324653201
0.36277180102032763	0.006074578522510089	0.15733710557258654	0.20934816435581408	0.7774066683698675	0.9500317597718916
0.19442660349254604	0.004273324829312323	0.011180210555019603	0.1630003057023424	0.9088813361724958	0.5110996515101612
0.2530825290850986	0.2952070781934731	0.4578357219470765	0.18497641130697615	0.5436996231675117	0.6316558851043115
0.1424410482521326	0.33033535762374816	0.19182669427736493	0.02375923190567328	0.1771849582382664	0.11758744557836523
0.27692026783038043	0.5817019316450542	0.00773001429753832	0.050249057326189686	0.24438721820928838	0.7405821836580665
0.1361653322658616	0.12837965531907414	0.04167019359665217	0.0538745251104454	0.8683047578474477	0.03483731773974581
0.6429517043926939	0.03880158927553332	0.003121666846772291	0.05520025332742221	0.6045566112570483	0.29669909654496274
0.3427029473156834	0.017394290416013314	0.45833365245323826	0.01874097098979503	0.1987669086424811	0.2328508783280795
0.08324939831332454	0.7947696194529569	0.19430104400468218	0.03831549394202934	0.02190937870533884	0.18731259523641222
0.06722066358683886	0.7913719690646176	0.033198466234343305	0.2098761852614765	0.36028790477471057	0.8633505809456222
0.7847168876711864	0.7648444266136042	0.09898737617995194	0.5285027353942809	0.9146245212478431	0.11511314517278262
0.28032747916971285	0.04475138541300943	0.011093966458098023	0.11102256645422585	0.7457664583328373	0.8950123826421241
0.0065648218733557325	0.023251572085560394	0.8278867927268755	0.23552755435329387	0.16867482916698595	0.8334847301128411
0.6706493244552831	0.5937453259274811	0.8457427284710852	0.54110878811434	0.8354491676681314	0.6070422272121114
0.0032469108381714845	0.011640655214916862	0.7107026599269551	0.03846261490738498	0.0232583835937	0.46252314644503406
0.37261209191238304	0.31193642472835365	0.0041857446492920124	0.23703138655327025	0.16009238439101356	0.9671616507453514
0.000516871811246639	0.0008422604339196659	0.7734970598348081	0.07171315030487696	0.09376837593340473	0.7490255329874743
0.42694655051299313	0.04090571024990799	9.433518001626121e-05	0.17047051307826724	0.63198947383026	0.9268707980969425
0.1433364677449702	0.09990063008122521	0.4964044691250957	0.09899039979049319	0.36305988102149456	0.5333893644120075
0.6033801551452732	0.07409227123000552	0.016115991689698055	0.3089738894516364	0.5234160301750083	0.5299354991335985
0.0482105451345998	0.08003402965508806	0.12313142758906319	0.05077489083973938	0.13564395271385013	0.6508482090848967
0.6755107433493526	0.5721909478632133	0.0013972385748545497	0.18124878437654598	0.12213193905377265	0.9230656884289411
0.04494007121442602	0.06042866926162966	0.2429267119108905	0.02864563999954016	0.30483900423682087	0.580887436914371
0.9304665119706721	0.6176985001827889	4.701068015419342e-06	0.2800614986043828	0.7576054507737565	0.8396874768251336
0.02123027462440927	0.005648033309397527	0.0015175863928719164	0.005447430403980785	0.509543230967293	0.9177739941630008
0.7361801295700054	0.007538860386782454	0.0033210938314526786	0.1057707288698068	0.6930665662150175	0.5037291709021289
0.06719189272478518	0.008841683331601922	0.38090757632030187	0.04531213511085645	0.05605416149698428	0.4725921822659012
0.6457347237388302	0.09898903370012573	0.008566283859416867	0.09023916086686085	0.1427730009349501	0.3601659877097037
0.8312238987873475	0.32704093882844365	3.146303673603444e-05	0.013035150913636578	0.13323774330915794	0.17875119704420722
0.7970904805352712	0.16169691959256574	0.9198721619218173	0.055041207077844476	0.04940904033926534	0.2543969877607568
0.49186696019692616	0.9534851737065404	0.0472086150929928	0.2555666138341471	0.5649213677547376	0.12925173263942924
0.3114336333794152	0.1326553741274397	0.0003443191527651936	0.05907088969397208	0.3416573529619964	0.5091155598106709
0.06614935932083948	0.565398461193917	0.012396209164127162	0.06135071281149527	0.4511400059061763	0.8991460002784691
0.4012255599726965	0.721903378456642	0.07642394948946914	0.4206847350797311	0.4630272689126305	0.6695099366661703
0.006244043927613176	0.11923083047046519	0.009671316707304924	0.03069732453209818	0.8438360757145468	0.728425497697483
0.0008363256135535821	0.0014702176277393893	0.6101816212582877	0.007846732278707374	0.07360325798508417	0.6330161690988995
0.1068208739566325	0.8800219073975689	0.817027528433423	0.24285602901642603	0.3782419464984219	0.3029166193337341
0.8059722655477377	0.06359004780528005	0.013846096433007634	0.412497765604376	0.647753577325792	0.01862738031402716
0.14523649573255062	0.005793704330360996	0.6364310449233745	0.11039245318971312	0.012691102502708848	0.24043052966038697
0.34505066887853925	0.9193826528243573	0.01763938187280515	0.6845210235722998	0.1849277721974871	0.9167819409274214
0.1567328612055356	0.7222251081748896	0.15323091260991206	0.32544973602531996	0.6181477115725295	0.8317466185113768
0.8770118776423881	0.02772257409075887	6.887762450558536e-05	0.054250580202048336	0.2904132612817032	0.24913327140265282
0.5687233219554098	0.0104571108734301	0.03637028453991855	0.03853524227366669	0.473501673064097	0.41398814217492497
0.00023897479895731045	0.0016952709951243193	0.43650553737523823	0.002783149321584729	0.05929633115951383	0.5126074811427563
0.3051247439886552	0.06356119317270559	5.4653957529449393e-05	0.058053502406771866	0.2870818283054298	0.5324648722561142
0.2055144753730755	0.1489937914471624	0.055554642293877306	0.046405291433179854	0.2095335052991436	0.8798357331748714
0.002908505807421987	0.019315178222918974	0.2680477988750983	0.019929562727581663	0.5879464872687564	0.42081146647139
0.8406514621292994	0.5943813635470019	0.5706745061494048	0.16133311967423114	0.0701088400924919	0.3612750971122186
0.4769591461444409	0.7040880827309642	0.003205432093157161	0.12108586230500128	0.2991150032167493	0.8059248930474303
0.23601093517661276	0.9370318400451346	0.5486304512802417	0.17983096050860534	0.05965600602395911	0.3289777385742668
0.06486638907684165	0.08907415912986119	0.21298925872234578	0.01192064892973838	0.04353020230855327	0.17480804877655953
0.9426307991323107	0.9433177331460091	0.23200659103820967	0.1992336069510253	0.3343936296449466	0.3434605211184763
0.1547126081702017	0.038773355862768255	0.7753843271413219	0.1762233187661131	0.009981847416378304	0.46414907494833896
0.8529559063593942	0.4066082101267044	0.0014629598368092625	0.18563115441035544	0.08149820179719773	0.8368184509823198
2.5267054278258344e-05	0.0003733655822980305	0.47524854222737545	0.002674072237668908	0.018703919629130303	0.4782891334973217
0.15153355370308697	0.2531895675117058	0.040218014078402815	0.07218633998491247	0.3851075789241375	0.6530446974334039
0.2768226035178819	0.8872149901740214	0.9492760722112404	0.029225846653958994	0.11555064951938518	0.03009561552316659
0.9057268786710841	0.8063181478691975	0.0025337972269970413	0.3511859143696393	0.8823597892062669	0.7975503837071145
0.002395353249479563	0.01939665200573436	0.584370674320719	0.12076951893379474	0.08889192311329067	0.4919260957314692
0.16449864016169669	0.5724429630732657	0.004791419699966303	0.1370115098739173	0.07150264210937354	0.5544922578121926
0.2102167611442059	0.09057842168486008	0.320846686282161	0.03345907359999558	0.01926232019538972	0.27028404219490026
0.001904344729293039	0.00030981051618226587	0.6551932832327338	0.010934932258753829	0.5850364538360345	0.5854527201599099
0.0010759606682610877	0.06955228052835338	0.0018282988170184667	0.035767976683756184	0.7764759190581455	0.7629691287740322
0.016806950725828766	0.009203165772757652	0.00342348771618188	0.014458868791246823	0.9525174683953601	0.8490896674564308
0.26133732466000903	0.3096729488924229	0.7583599784656498	0.15370965814237028	0.3317958702007315	0.4278555392465397
0.2097385273926574	0.08734066727098337	0.0013389936696250574	0.013894485260178314	0.08067628106056549	0.286732126650895
0.06183347979323175	0.0025150720941536347	0.19507721972975953	0.01353987017668276	0.5497007849414776	0.9393137843886482
0.0022916357593282715	0.002416575433747031	0.26019050470990107	0.039906709122997416	0.7069242150197091	0.2678450468840796
0.09191691217236853	0.5518044261303449	0.03104077820165861	0.19590108028305006	0.2690416160410989	0.5962593092041348
0.32349695105784293	0.30556366233168525	0.0021498603008321873	0.05193336393859764	0.07154893721263232	0.732610368367393
0.5657770667593124	0.04758780550762247	0.7691057983832026	0.0626692269072923	0.13205153348910423	0.12631334384078136
0.10432600072187746	0.715540450789114	0.20376041285515506	0.025965612737905878	0.1304347226684325	0.1354466923576611
0.010683351861211611	0.0011151012014095445	5.9063171856572843e-05	0.004311186272174716	0.5619625474558709	0.9062708653183073
0.42775898545787117	0.04895691095259185	0.14451779935632778	0.05341286358963966	0.1359459160374833	0.5798687308649644
0.7034757148820845	0.04070416318544774	0.7168464939218404	0.09834695634085183	0.16881365236054605	0.11336694086940857
0.19269501348862506	0.33661178959481836	0.7074843240586401	0.07200379779709222	0.2533142085167296	0.5215641777855494
0.321920369760607	0.10092258702153066	0.6141262157373522	0.03193511879915692	0.14881563450838628	0.12889918852991508
6.783584287290884e-06	0.0003547535463814423	3.380569121353909e-05	0.00024180589419195783	0.11371849303289458	0.9958550766379815
0.2355639714692313	0.006363614588629325	0.8704692654744935	0.19429059606213603	0.026133023258818156	0.8888161038686073
0.023318020815284887	0.017581348703342145	0.9391889842651667	0.011244216350771736	0.05195971000008533	0.056371862511690206
0.0006228767476073629	0.000688966428120273	6.470591547319774e-06	0.0006580289880303479	0.9708124053658365	0.997902744988912
0.201663927953378	0.20791635891936222	0.004992653445508189	0.09908885376037536	0.6880567041593817	0.07329166932337741
0.11630665604754148	0.19100164402693334	0.0375586069025679	0.027277637293138722	0.3881319110798074	0.48993201825281085
0.19457888165297776	0.6823284497460035	0.0008200083762913292	0.4221541386053562	0.4482086105569819	0.6930010903330744
0.3718728695109983	0.004990473778231303	0.32749687954744644	0.027389826005715125	0.10467989001033406	0.7839347159117395
0.04360354166320431	0.053894421428805246	0.05173245318723814	0.020236185049022005	0.45845910120359706	0.6282248721371799
0.6282889932146614	0.21909671341969147	2.042224476669202e-05	0.22219945480938538	0.37715764489813947	0.6939884743664099
0.006021350861772925	0.0011716500972756081	0.6160128100993437	0.07941580711762887	0.27813618224231007	0.634783007744313
0.09835386041891427	0.2930821462413415	0.00579427571563634	0.09985090493195772	0.10804546441881058	0.38366228435779054
0.03226661032604725	0.023167464916245915	0.16424051333784317	0.010925572592397707	0.8433149593811362	0.21948633288233085
0.27461824283044295	0.957617061976239	2.6438794162793202e-05	0.0694163946364906	0.6363507950123444	0.70052369389729
0.0220975385485743	0.7060456484622635	0.0004854709598310504	0.02872651756102524	0.3887843629987626	0.587510639401181
0.06171731577105667	0.8389059810207695	0.0027230345122721484	0.6462978134610885	0.6218649456582223	0.9506255140945472
0.27549424290554775	0.10087724433987255	0.6422314576499178	0.04404735786406458	0.044568994129807235	0.1875951770323905
0.3162006817593119	0.24783843237086062	0.09521664934344631	0.2492068196811381	0.7990641779916619	0.8734593364878963
0.07169741245699873	0.05629781261825275	0.000708257615095797	0.04436848998773061	0.35518745197997903	0.9930721468450677
0.13303939306329485	0.359457051198354	0.0015542979040597924	0.09156848577061569	0.5141179677269917	0.41376144468752524
0.03887609150058557	0.004524485275900577	0.03127184913656923	0.007705691436812304	0.19721470345883318	0.40258053332254995
0.2542358281216383	0.9320183009985377	0.017125151525533296	0.06013504725770797	0.2758274570013738	0.018985294973315442
0.003985747215854921	0.0023710037951188497	0.758296310434738	0.374952492124416	0.04200720777022569	0.7566696958236209
0.0007248974495625793	0.00010925485402991014	0.36239286909815377	0.059500507413637646	0.39128789183851787	0.36295921233703266
0.20800542188403168	0.22469089700711542	0.002632449447399016	0.049762786783791715	0.3792940406580054	0.1718233413970499
0.743422361677686	0.7197345135963176	0.003511610734591109	0.6534349118807266	0.9477734731578881	0.6070664920421278
0.004996289819687764	0.0019501360165635993	0.5295197946299213	0.14796828875256637	0.04929911267411511	0.517645569375171
0.19748234443732193	0.5241606044841453	0.24401844965933392	0.36017269610949665	0.882662539946621	0.7894975101009452
0.02614021454903008	0.674905162608984	0.015197846015958945	0.31244440682787944	0.29444314427782475	0.6797925447832189
0.03048101951408217	0.009164185378921066	0.47286800836722725	0.12416877903722728	0.36385165766461514	0.30590870482669746
0.1129567249418395	0.03365502277359357	0.018156528288732664	0.006372701838435873	0.34327042319227713	0.1076761488202514
0.008343807408425854	0.05194660276168812	0.008639244909420044	0.019701004941356987	0.41132309320528787	0.4659415624571479
0.6993061702304157	0.032532158135145164	5.675192524128659e-05	0.004756254642193617	0.342089546960979	0.2937818214718609
0.00010137404810743643	0.06819337178650575	0.1007747504202917	0.010188021783746568	0.02778418192188277	0.12782181045018778
0.17357192305959418	0.15603234555783038	0.01139680771883238	0.03213783746246806	0.10962294047236129	0.360730244829323
0.5968935910467724	0.08040615215122844	0.25285694835137024	0.09906730985612885	0.17752387527255625	0.5563639306878317
0.1236498643773856	0.8611169610760816	0.8968363017130653	0.32843223399765237	0.09104295035957134	0.8715031117504524
0.44727640620566284	0.653278855792341	0.47312687086510574	0.531154077626728	0.35071717751668025	0.9490032942802027
0.7497186465872012	0.942245173106387	0.851708584409874	0.10679383750070302	0.03388159480056755	0.16495086471208234
0.16230709965363654	0.00037289990087793903	0.00017708168260470138	0.09332943539211304	0.9116001924863173	0.9735573023447784
0.01881842187617004	0.0008321040413640297	0.18185546254416993	0.01083930738695027	0.577052809730093	0.8613786388339328
0.20698596871997224	0.06127471203307298	0.0004067968563440485	0.06124652443601382	0.7939852557212753	0.8605619377630732
0.8748025115163834	0.8818838411855786	0.000855095296590309	0.6331155255426214	0.4917743098548083	0.8776733893899754
0.14778354267430394	0.04471018382479669	0.2369957163598493	0.027734421852906123	0.46465852291703497	0.17491964743914942
0.6770246875048448	0.11688403733145437	0.009802617720994717	0.041586154250483294	0.7875759643486792	0.04047503734750326
0.6792447414347679	0.31191314390485153	0.053194948862262816	0.24942348699549077	0.3635152636928884	0.88000079405394
0.0026316510403578616	0.002881315740334112	0.7847188196713342	0.011168565152463323	0.3281353611777865	0.7686869236396671
0.31674168107785816	0.8198784725469979	0.0005553619008342535	0.21801502303606668	0.6644282173106218	0.8999381438637718
0.0021729298985254755	0.01900593213820264	0.0005020227768189689	0.015588812970486842	0.6284983538568426	0.9349506157305103
0.01708051019076345	0.30622971967151835	0.28042927628923625	0.05077184767614971	0.10554032987479492	0.8726144448543689
0.7421354831721491	0.7282849224504253	0.024767812509095183	0.5067156569024757	0.6599460302893492	0.7957717086371014
0.14004042240450934	0.15825183753317593	0.0062657991183093144	0.007887213597779049	0.19871426433193418	0.03941836073492369
0.9367739713190255	0.6033369777129154	7.828161082663163e-05	0.08248586452650895	0.04941759026209683	0.7937043577062222
0.0025560737788863576	0.017016050525831713	3.371724225906959e-05	0.010168525251289024	0.9388429905040341	0.7469508458318814
0.4754707248530392	0.5753049337315728	0.001824130355137751	0.3338048999652772	0.520683782839497	0.9939506223131391
0.8798946912796891	0.699639132829162	8.185528002935647e-06	0.5083341681945737	0.633535081193124	0.6347904080675394
0.4498774140626986	0.4721661568947624	0.3232699544645283	0.18381924452132686	0.030332970001570852	0.49727269483172576
0.007322965298540671	0.00016302206703742368	0.4343189078337206	0.00948786784968126	0.008392331017479096	0.4459089819172411
0.23057743058313107	0.4236730914661382	0.2014629237048293	0.08161465382585766	0.14936574483777124	0.4426093723006056
0.3339671628152768	0.6834339578583973	0.019731684146247198	0.39852350833693306	0.6692900056940214	0.8035863615861395
0.22739929687887497	0.39874306903482	0.00038240910753736926	0.0510331575310555	0.30007802297173963	0.11716525761935813
0.9278483871827186	0.7271291311806086	0.5978402773185377	0.6542729598762043	0.7422190541677705	0.8320682009027288
0.5808642557451832	0.021837654819684645	0.01666441084837909	0.29338349004711534	0.5774054870642263	0.2334488856173637
0.8000142338804249	0.8007113066448913	0.0009783543558289207	0.4903836706713411	0.8270842403981218	0.7317759175936884
0.15677804216385754	0.06942550732911708	0.11535951155983104	0.046113627057631584	0.6930228629593973	0.09318655129884841
0.34284164053997396	0.039068698626710835	0.016200904231834453	0.026901877374909188	0.44271219925782407	0.1408227597435909
0.6376007604122659	0.8048364324111777	0.7584455953243162	0.5594866147469097	0.03226623734063486	0.7442490113212253
0.11648605319132897	0.09565949369321125	0.06574150636829117	0.021077406146309076	0.2839201608505065	0.18122852660177965
0.425291483423006	0.5617259752393301	0.0019235910577210164	0.22687049640252585	0.7008634562231044	0.3453173438872769
0.50276063207676	0.13564080612159524	0.9738993039630225	0.11871821537642718	0.3762975598489121	0.355906825660913
0.7659929442894953	0.2148045246222336	0.6346873760124143	0.12997962357906354	0.07387669611262934	0.22332509140285378
0.003914309711214318	0.0030338650135779523	0.0008865900325205653	0.0032306781529923777	0.9200829930921658	0.7131078388082177
0.21278516619826215	0.11902209773780327	0.0580642895377698	0.042075964745536716	0.18899667311609986	0.9554654640542752
0.03536562124660768	0.01323883119384927	0.8402915780916853	0.06778311393304867	0.5641733795801062	0.716520079288368
0.3913467863072505	0.07405883588304568	0.5502718030914386	0.2496699157579647	0.6046831070227219	0.6618932229228557
0.4717910736851034	0.2632860453667583	0.9599374093974993	0.02685915922252247	0.02394860836662963	0.042517290513201154
0.03170651201709965	0.008891890997126745	0.21754710636445776	0.008491448618623105	0.8117115406458313	0.8524033978471666
0.09195147471518854	0.5559151889909694	0.006734906650220204	0.28588713850560954	0.3254194871155916	0.7108060852040573
0.0053664198548941736	0.03987626184309577	0.44421869911053147	0.16578990092449972	0.47369180785263526	0.47612225690344523
0.08557808261803496	0.028684224294022908	0.02218105059293989	0.016400998837147268	0.5916146021461791	0.4931367745826637
0.025854407272160214	0.0019401936683129822	0.8971271786619958	0.043304966258825184	0.10357371155226133	0.61150979730833
0.734210705932034	0.9801504110196573	0.6579583866864831	0.29818963756761263	0.4655763510195595	0.4063557277201458
0.011559122883197378	0.1772877381893626	0.03954527153066697	0.10614826132058595	0.12935707119790205	0.9714216297797251
0.0454697101217845	0.44127732241436496	4.7290854537738344e-07	0.11237159840021814	0.37027411960969825	0.4199886231397494
0.4465886426764031	0.262426862030515	0.1703412742683625	0.201960721802865	0.07769719635333767	0.8732245038325592
0.6746162795532656	0.18296188337642236	0.677862815878012	0.1947371048806261	0.04232215310911663	0.4250971699489347
0.3586794598109224	0.3527088139572694	0.0001964804288816614	0.08323300613976373	0.15390659348771119	0.8798536387063308
0.4493860801625215	0.025189606633017392	0.8592730726926419	0.03811068635316938	0.09658559724096559	0.5181425827285037
0.004660756518521904	0.0010381169470234882	0.5886336476108419	0.012020846991895174	0.5095626626847205	0.7592082234001305
0.015961354563618958	0.0932458939787726	0.01813682772108195	0.007985928428455646	0.2622771237381552	0.8902242838751904
0.08176966891215315	0.19341255955279524	0.8265062384536961	0.29252009708109444	0.5222673668613375	0.8226209735215889
0.08432138748394889	0.722103922007137	0.4497817496208739	0.19652869181108923	0.005949290766604395	0.3779663753603749
0.0054691162282774555	0.05825904654219449	0.5052961829853312	0.028555568647260082	0.0725341525733883	0.8116828023356328
0.024843619391595437	0.03082229819520573	0.9143043174540646	0.32580250834781793	0.09368504043213115	0.46435977344668183
0.45548719552681727	0.5441884734181104	0.03105268684631998	0.15519926127445624	0.3596361052815323	0.24968448534694349
0.9794363473773514	0.6347516895718703	0.06752470774584114	0.4133736077202706	0.2897254677866247	0.6639974499849933
0.031023356437930295	0.005220806830179274	0.9716212683196621	0.10687952516528171	0.019174639095295442	0.16005403222082135
0.0851326957376262	0.003155795527479816	5.064808131893302e-05	0.003513276504621812	0.8990021508060805	0.7243263525569983
0.017662500419494312	0.0023650248702707824	0.5561319095295411	0.06013389055268208	0.007023613254671871	0.5627560940754591
0.7090489211536612	0.12015810952698693	0.3090553476505436	0.1014931385357584	0.11079178319522735	0.5840708587382146
0.008187263998904312	0.3315423879447493	0.04103108749370922	0.06807859067691223	0.13596699025949954	0.4140492611512638
0.048655273330722566	0.07908002411482463	0.7661239051764644	0.014527640119058622	0.36424433235545395	0.015959384775355575
0.3414850221307595	0.027013067177190944	0.005901874221162472	0.03238918451598721	0.1352387735229144	0.520212676596045
0.7565089861299337	0.1571445198295182	0.37412578797554963	0.09320506593408884	0.05544107205406381	0.6432957604646298
0.5938715380864413	0.09472618935733523	0.0007405204927513699	0.1640952427314934	0.31291728899392024	0.9348734840555173
0.022685512811815658	0.0344093850659604	0.034230104374211125	0.018958734729015603	0.16319877876887476	0.9084773389768784
0.9566981728126642	0.2057286581362434	0.7351714241665189	0.20628421666797458	0.09689225200712706	0.8990840650237178
0.04175982748353172	0.05438154019747729	0.002922785125001771	0.021928853099149246	0.1164524589612535	0.8927918030250082
0.1044328347978465	0.030514460872593054	0.29641060432757715	0.03156648447817532	0.6091846240900421	0.5149748490933883
0.8673092220727702	0.6232652250195893	0.9544140743285334	0.6210069873731833	0.011987116995326905	0.759231341788093
0.025724280140804683	0.035346968983033716	0.002876164028114825	0.018400741573388578	0.3493771625737895	0.7096928046303465
0.006838799931851279	0.0002634372444990543	0.8175154691514274	0.015623638655707572	0.053685411057093874	0.849432576409352
0.2824042559151783	0.012921204064431558	0.001126973839003383	0.0990364152673286	0.6345467964031507	0.9891821775202214
0.1326605592655351	0.1265654600845674	0.9126229549143181	0.008692042291324746	0.03981323186523174	0.015659371098950815
0.7347188623137091	0.9641312484631878	0.9948833095931625	0.03409845489828512	0.0017861822652820434	0.03629674348231022
0.031761798573970414	0.024273938246421906	0.000560277792469892	0.011926404255208268	0.09448200136313786	0.6778041629186664
0.3487791594774634	0.06039622818063863	0.03273531863411077	0.03956518528205709	0.43677657367607253	0.47400635743241243
0.1944377880401448	0.18784407632200661	0.8738975979793563	0.12183697096154569	0.3443529515206688	0.6995222835826942
0.04051918224989756	0.0076444834842622255	0.012022538663191409	0.0178936961964102	0.4535952063346558	0.702807622642728
0.0026143822543947546	0.11176632643460246	0.4450591166420217	0.017695879691940496	0.3991118008560854	0.46197321446229733
0.7586896739075646	0.579201275903758	0.00024905181816366727	0.2794998612156525	0.19498677216663896	0.8852781677924458
0.003903663164507091	0.05304937993861596	0.06032908672916623	0.009662964515794327	0.7805459322437612	0.9051537712025355
0.06145380737015049	0.522314657237603	0.00144703979961534	0.09947775262532439	0.7443666345623547	0.35714860835602086
0.021328757944772663	0.005654398743355473	2.756837685388359e-05	0.011025088875666295	0.9023148993876007	0.9977541893672247
0.41817459762242215	0.6766971860503685	0.0007509251064027712	0.10272493264903546	0.25404755116626127	0.3706947199341134
0.21234773231722892	0.9519270441091127	0.0012822851670926626	0.35003704675235325	0.6312260429795481	0.8033361101237486
3.886531950521028e-05	7.340675032340667e-05	0.22519251283624045	0.0015445388566818089	0.10988377681787748	0.2346282584312686
0.0022600034377182146	0.036511247196154936	0.012811311712871781	0.009725766822468883	0.9710130418619667	0.9136717500289157
0.9058576646921122	0.039450734832615755	0.870616774996646	0.17509444954626258	0.07867798860134267	0.2417208093790849
0.15444335865770398	0.2173077180133193	0.6220239546458015	0.04941165055465077	0.1342222744019704	0.22248043069389475
0.07376869388334936	0.0020016639675770618	0.00010160170814976538	0.013374785519452495	0.22905701458333358	0.692614429380911
0.9747786417141846	0.25611474329223066	0.010434000363641284	0.24242179602219843	0.2667299291277908	0.08452583427923624
0.45616685562020426	0.9346651643962504	0.0009466326142945907	0.3362531974142287	0.09882423425110874	0.9552932889630021
0.0054786204303302576	0.08490980924503813	3.856454293540115e-05	0.05928777080718469	0.5571314864574237	0.9601424022917826
0.0034667898145688703	0.004965439290111935	0.4483897728841893	0.1401911179120907	0.20066703113186152	0.3638474512536319
0.053108372745392006	0.5614482244928829	0.03566282887430569	0.4008971651281672	0.29860480655941446	0.8674416870395096
0.18927660842172114	0.6045906718570565	0.7250156526095296	0.12527907210984932	0.7305534980485383	0.11756340533760942
0.15430103764890976	0.027699013459282877	0.3525482593674298	0.05431339922248617	0.19668433796271886	0.29542119763745545
0.002600605715731779	0.5320703898589482	0.0008237771853776741	0.047298845299576814	0.11422581589830627	0.525543301574769
0.8098176295252228	0.6610799867799083	0.0003590177400404172	0.11467671266517025	0.16771828123642502	0.8351298568730717
0.24778212144119022	0.05451436008731199	0.0027905373356114736	0.05158762552076137	0.22538428310422529	0.24356110947346202
0.008833858974324827	0.562247387283116	0.43059128474672975	0.10195400817053803	0.1736316445800315	0.27102273494770385
0.13892561950390753	0.44972347410968283	0.0006730348189242147	0.29263470709564277	0.10798662331013374	0.7047965237775597
0.3016567663347063	0.015422367921409195	0.000716729076932574	0.06704794105000082	0.353196238268411	0.6402106855653694
0.01860866992264123	0.6289647885944941	0.013597668325958098	0.41607998478673164	0.4539092376430845	0.8957646581348001
0.8768400074587567	0.8439648718659195	0.024625730609642637	0.20048581117406647	0.6475090929537329	0.8550123965712371
0.14253853997573548	0.919429144974902	0.08950123821424318	0.07238678482988195	0.5149567386527073	0.32969523529942407
0.41928398271576467	0.8091142143195107	0.6494711026531537	0.16304364264663485	0.20776219315335753	0.25830349241887535
0.09061801011073856	0.44263970405857206	0.05287141894172613	0.053650081830543095	0.4828516100183757	0.6021781349810938
0.012395770398742395	0.23883138377269514	0.3059512971886749	0.01221217599700643	0.33708949959113443	0.32046680277911577
0.037185466652582905	0.23930334433710454	0.7879746075761166	0.08841116006815347	0.14983875339280808	0.30077960748472515
0.8307335112448139	0.9092503681796171	0.003974066664756025	0.6318063257016384	0.8187873743709995	0.018984627181191253
0.30005093799134264	0.7704538776572026	0.4895285795855274	0.16774995650658764	0.011702574236252768	0.3943164405444145
0.30023516673148287	0.0011477002030078269	0.12902885485703122	0.023879656164338573	0.21695878749406539	0.6880468696519252
0.25489849244354895	0.11512757501013528	0.011386236658407807	0.03953005093645835	0.23478877260110984	0.3470119691636436
0.732401607222589	0.77308500168209	0.00010652292099188354	0.08958479398441298	0.3386525095450497	0.9552419342433719
0.2672364797341093	0.008960118967615966	0.0002731913082553169	0.05269521292150095	0.23715217160440094	0.45722099702749963
0.9554638554323426	0.20763897165696882	0.6666336381872086	0.08866117118897	0.08704782999581746	0.24601077376879338
0.013127631737200763	0.0010252015163271717	0.2602031579116384	0.0018529546807065315	0.20011254927648892	0.793415058479176
0.1448236099371712	0.09608467843605265	0.028390476938501573	0.08235226579821223	0.6264614362835594	0.7689692221108942
0.5915490270276402	0.24361043904224836	0.5183282189011492	0.24613194118416928	0.527431026309538	0.3434525958072548
0.8160236750427687	0.10875063072458518	0.0006626109476756751	0.0595716481310202	0.9175273342803203	0.7364265377207507
0.41083437459871786	0.020192805357211067	0.00258133728922479	0.15672054012986528	0.4082990741400617	0.7139790478754156
0.1278390794880287	0.010358925098012962	0.7909621559040229	0.1660274608637238	0.13242126537372706	0.8578148987151882
0.0053923649665547895	0.0007796105406608871	0.20854237407084156	0.03662595761540687	0.1604313974452248	0.19570959152906367
0.02012890519082359	0.017052785612777392	0.9135796799130632	0.05727737613615507	0.19653402219590707	0.33980596053512363
0.33006982797723283	0.003728744218689857	0.001489190295630725	0.01916974586559466	0.16669947670101612	0.7368444644274326
0.7566262108384006	0.6283188287654229	0.0039907080361553165	0.28371791667388774	0.5534988920659993	0.13885860400856845
0.8470986953631962	0.27866979182281965	0.9412606839096728	0.193722006401304	0.09699945340244036	0.9203810045851362
0.00025375513275111976	0.0021213944253663237	1.152364813973861e-05	0.0017037723107345866	0.7064915495058949	0.9938572166567662
0.03561918220979252	0.01776258561052203	0.001902963198367224	0.011169734487615695	0.2861965578976758	0.9126497096404005
0.13327420887906552	0.008220703898735493	0.7200559522907798	0.03704776891447202	0.03300280181905307	0.8794521480578976
0.35563273671841866	0.910390972672874	0.9828981807348554	0.13027724201937782	0.02283651508952886	0.16413888176196964
0.3293187797670537	0.4149394923583882	0.004421348198416381	0.19983017467923003	0.07866887132825574	0.6652400623416854
0.1893544725691837	0.21740233668547368	0.1412275201690854	0.04924888313122262	0.28147322545465686	0.22575626298414428
0.887795984483548	0.6021029817953006	0.5812437469084615	0.6509755229311044	0.8072756784511478	0.6675931071084054
0.04426123598070575	0.1192070775811213	0.2740793964256397	0.07214818305220884	0.3309893607000855	0.3542929572910298
0.16406067484803538	0.15525624909570912	0.011323962013560337	0.053406976874635075	0.3907271563232913	0.21765397514979481
0.2019486322368232	0.08856225964279964	0.505541359395853	0.011326177762473388	0.005493239639944303	0.028590878841369148
0.16893073937305736	0.042386170532213274	0.0068691701379392425	0.02760154879041231	0.470872749682164	0.2600034163554938
0.0644394373364959	0.005884183196266783	0.0008919987729276278	0.015243377322301879	0.5860321625095469	0.9185950228197157
0.23394074010463103	0.022011614620767905	0.4312825441346954	0.06753420311648668	0.4134733069624006	0.1870076255915463
0.6096336684313366	0.27505225520165705	0.004070103525834771	0.10921953491543315	0.7399496439845924	0.9035646048552233
0.2618869374436026	0.12421683661297157	0.7738954397304669	0.28571230374549095	0.6714250659262684	0.9505082624693824
0.07800548484788333	0.045973759257413475	0.0008708313167147555	0.01973291720376321	0.4906881810299187	0.42738632805550497
0.002961381175677472	0.22014918058961594	0.005507769628104235	0.08988125364241134	0.20697764886403303	0.8892841728072933
0.8392120005923329	0.4495066645575377	0.16297217036092704	0.28274016748213326	0.7850269587224461	0.44170054990386304
0.031790285448623924	0.007103355884349344	1.9370309199986926e-05	0.012914194925458242	0.5274639127060702	0.46325184789716456
0.05076803503833745	0.7692535282016166	0.987133462259257	0.25335108743081225	0.0025792849164114457	0.28675866397058436
0.0038765163821732986	0.023521027968788025	0.7182942065347512	0.00815194817466352	0.14077710944946048	0.7304879528496019
0.8937265056860043	0.9758605558323042	0.7467855521082448	0.1524271348283526	0.0070996689176066	0.20856712338322436
0.025102098255069254	0.009683534919724969	0.0018286008378424184	0.013506234302021991	0.6684708002095079	0.9877747210891034
0.8973978916320262	0.12704543651254194	0.0007118137236157112	0.17668817717747995	0.7226569977333429	0.23889109142461265
0.3818310106696517	0.03521279678431365	0.00922742074705848	0.03850849660462911	0.640448740132453	0.14237010285877952
0.01977705240718778	0.019003394611180557	0.000279214590542915	0.017387645699984848	0.7684668341150671	0.9849166668210011
0.015431388605761133	0.23223005948576705	0.24409799690943526	0.07768465256474666	0.019980711899741835	0.32350875960761094
0.26371585217696947	0.00744304639208703	0.21445675641589873	0.024190560947312766	0.29429058287637744	0.9271057952054574
0.770039894464535	0.7097726875984919	0.0005190892111540555	0.32691836238380617	0.2116279405992799	0.8231308970856798
0.8092857712337518	0.02270403412157352	0.29463329391231463	0.015000083419362166	0.01182806369408552	0.05700934741209717
0.10679054755442767	0.3800316400029674	0.025356130229858644	0.21128178128809583	0.12088630104390433	0.8120883926082675
0.16050366768568017	0.10994636336642781	0.003186708679914506	0.009505603163635945	0.23814705347724868	0.0839918992405956
0.33499261952643583	0.021930026168961565	0.29009886284705244	0.06528778831990993	0.1998915207823242	0.4928540811401522
0.14508650598788653	0.031761511850526135	0.0005829779363993965	0.03681093545721187	0.35664513196897474	0.343728933502548
0.8276182740075544	0.4139610264547292	0.0041819639206020906	0.2993831399497253	0.8471189688987028	0.3911479799004521
0.15643331876510674	0.3327321213725279	0.06226805199011109	0.03545835561267215	0.2262142453948624	0.1338836548546216
0.00010668784709998132	5.146118447849721e-05	0.41769267045925096	0.0032757850189547998	0.12895866002842252	0.427203438774469
0.22596963899855596	0.07654499086121828	0.1805143796597358	0.07336104263836352	0.18273079155791475	0.6756325612616522
0.04679636479951127	0.77384931747536	0.006654369878587039	0.5875605394345376	0.3465645023956091	0.7972005031001245
0.12162778337037372	0.3182752602532789	0.5701501144293339	0.06615133506442016	0.10156997909313738	0.33643021617820484
0.018869173948120717	0.012485573386306905	0.8301693872065204	0.2816849966672084	0.8339762817239158	0.8143830332771863
0.5811297091735578	0.4660920453688668	0.01729990474192663	0.0881439131617784	0.4316635813203608	0.13041490180030801
0.8740324170978432	0.03955749509192066	0.006100731017654525	0.3872684255910693	0.8235569165133049	0.7086024986832107
0.7613103717257161	0.19369881462821895	0.07625691287664912	0.14474003830829163	0.17725902564979434	0.8267251607657241
0.12231576407969345	0.7427274258225988	0.7375257577926019	0.04565188182859272	0.018770536256105055	0.2336663777055632
0.804295563837462	0.05281311235833505	0.008859461904722176	0.09788124723593221	0.18813045921112845	0.8899523967352513
0.8791415971438408	0.46108561028885897	0.0010966148072689406	0.07379978244775964	0.1243331473151729	0.6702330168692243
0.007353020047786303	0.0017630080352083704	1.4647104147156099e-06	0.0016932284276846103	0.17120120037437211	0.9992095149690163
0.1614110570433425	0.27150773620981694	0.8767298740396013	0.14677230535640537	0.06824954782331955	0.20354707268332103
0.00019592097873021518	0.0004336140973800397	0.09038475548653803	0.0011616428329071697	0.1964090877121978	0.11640276691148303
0.20666112886165075	0.6922444934395355	0.00046505786824733026	0.4598751837060952	0.7173547868696271	0.6854586593157664
0.08481469689664245	0.022220444261701455	0.02293222530269091	0.010457941009996695	0.12316799439123112	0.48213879309709595
5.457670765649777e-05	1.0044059675990987e-05	0.5016885914490948	0.0012858362865431502	0.0195766592143863	0.5017878326072243
0.015869450097106764	0.3019321749141688	0.00561188614420027	0.19017106159041433	0.3396793413298229	0.7026033147415256
8.649115589314118e-05	5.5954610239457585e-05	0.16128587893364416	0.002231856950084677	0.26296648414052953	0.16884440689928173
0.08515816191097461	0.0019450889157097452	0.0004282107497841478	0.03425060067142158	0.840464710160935	0.9913262184741184
0.004929970965255602	0.03364451194989855	0.003472971707280751	0.005749832803487925	0.1173670190508752	0.8045168401983427
0.4678649199087488	0.19845573034649303	0.23367995839198866	0.12939091778586626	0.41684239013484015	0.4643226999533782
0.32145172762262303	0.1990763581618814	0.8278909258862039	0.1978102857683074	0.02087946877567656	0.6422549078839824
0.0017475296887950323	0.02268201748871299	3.835898058805214e-06	0.015924203958624365	0.28620155110661	0.9936896310088097
0.1311210734108297	0.033161493554091044	0.23143743279802612	0.02947465942167125	0.2908370342776572	0.7325439576737639
0.03558003719767856	0.14971240672003966	0.1930906505181678	0.10159209041705401	0.4690798918258762	0.6745619611151944
0.002019741785759809	0.006209111666700898	0.6412478791054865	0.10745614809921764	0.03617057069498337	0.6563566580257725
0.12926830643304565	0.8885563313706701	0.010170774856934716	0.3474229914836054	0.6803625560256725	0.809856325412067
0.9188292732554004	0.38613405429646774	0.8766685460816648	0.33982436911747627	0.14049289807494492	0.467224388141002
0.9403127789365996	0.964820369805446	0.9929581029159301	0.1728685114954424	0.001231795975333417	0.2212056864003925
0.5383348636515009	0.014310995346813331	0.2444863812860111	0.09278924475949815	0.15754087479112244	0.5856057508068824
0.7928407303029901	0.4935925604032221	0.8805426372964766	0.4626244481641234	0.1315881264035665	0.8585591927209636
0.23718279145412918	0.777178091245734	1.158591264100072e-05	0.17569165766016206	0.47700328611725346	0.5769650451284835
0.038535877998730934	0.04749005010193112	0.0029461051758742814	0.026659301558792987	0.671363544495535	0.6660162358872372
0.4917500854595841	0.24140184042636798	0.00385531401380987	0.05263285791819897	0.12262533883380501	0.22365204728920388
0.012930444208484777	0.26615568983440463	0.008388639552826092	0.05894584009319565	0.6236705805813888	0.799432883772379
0.16582411241500172	0.1273084634472686	0.28248729909566955	0.018712955472418427	0.02733114047369898	0.06901104786421983
0.04058290011799488	0.16980878917381606	0.3146621651497122	0.014782748144924042	0.10344215119256667	0.8690830952677043
0.013040906331521043	0.3340679009494033	0.33138678885435036	0.12048343502896823	0.2296831121501967	0.37936984199532336
0.8532702485344078	0.7166595314550772	0.04979862489004589	0.26225342639256627	0.24155897362798406	0.6677366354000884
0.7467063651144533	0.5863956534872014	0.0002223996647738019	0.297701242956611	0.18518714778003828	0.580950355849738
0.05279910496101969	0.1153021533519726	2.7500897429051114e-05	0.07865174719744793	0.934535762323618	0.9962061331149006
0.10268147006079494	0.564986793909318	0.0024029901990251143	0.059016534241386615	0.33581947660307515	0.9500954362161166
0.0904560244135781	0.004713366608313239	0.0023464798970835	0.004317567364164851	0.17411546001375633	0.7736318755802526
0.17815139025468768	0.31982893099205423	0.009371803947364242	0.17742347243227416	0.3001461012067356	0.8717290645494643
0.0695853074695168	0.09150181990253575	0.739973815092669	0.0411931939256346	0.6061689122938257	0.19807807079765685
0.027056189041302886	0.5396071062414688	0.0002569923035142839	0.02912008839503219	0.050028231946213954	0.6172269900189733
0.5941787090917311	0.4501832456573539	0.4033868805736945	0.4353606299982426	0.9057017940958207	0.7966431844082228
0.0233997429439398	0.6903448091233185	0.017083065176140583	0.13355089041434826	0.3583444781123242	0.665002608596685
0.0624656893198348	0.0014949227408030375	1.0437301779417279e-05	0.005752185010284505	0.12010315859703888	0.9386968102410297
0.00810265690834838	0.31746796574849256	0.40009625720907943	0.03095638495994986	0.8160336316071315	0.1504364468961114
0.35448013445659227	0.07642634653270479	0.3493444780275398	0.17424009823303563	0.7976736488773564	0.2985090751410645
0.030137737183215014	0.6916217687470386	0.0006734366218956938	0.10975667097478835	0.8018073249134254	0.571693963845685
0.007489825000933288	0.009461046077505326	0.4202265266691186	0.15100367901985864	0.6363620797595159	0.4268365722047114
0.025291452324017694	0.1696122354238527	9.945637236671379e-05	0.016710391281033125	0.7273172389764344	0.1398853003221199
0.3155191821911425	0.1124288247052652	0.9794035586729353	0.03758425992801841	0.03940934233803694	0.09156446297629743
0.3919885856428766	0.876800084152296	0.006390775417828615	0.6832227459072634	0.23594306173428803	0.8784755488878239
0.38497631334539856	0.15508959651611195	0.006790389399443368	0.10962997903933824	0.49303736813771587	0.6785741972081688
0.0022114752034112888	0.0017280765413864052	0.26518939830394256	0.004495110734989722	0.7814205016251071	0.6161696220223718
0.1580622965701124	0.5255035635598219	0.1504843652392575	0.1069046206564642	0.030658207578569012	0.6682323519917968
0.01626725338959672	0.6081360273436541	0.006812707866381247	0.03295777044038174	0.47242351094357865	0.7503012912965021
0.002384055255842508	0.029716935876258715	0.5629222892767004	0.08990872664957075	0.20905693328735753	0.4936822317885234
0.009784786571678203	0.009654012340112608	0.5472457049549277	0.0041343383275241775	0.20773696226083038	0.5191819297673084
0.6695460748281191	0.16841286088157334	0.5719692269315004	0.15588549992067882	0.10181044543773857	0.6112889516716187
0.007635711960061541	0.00100887784967006	0.0002672311180475423	0.0013943746421289254	0.5751953122922532	0.9929629443001289
0.04390552963176016	0.2806516892776004	0.5705276875291511	0.21365039136328273	0.16697211615104196	0.5865298635136519
0.1510571760434458	0.6428205625648696	0.8433754450849783	0.6605956893801936	0.027659307073610626	0.8256195169250826
0.0946384862812768	0.16667353860882428	0.3861371922380116	0.15468436575454556	0.013931716000395746	0.5221890015828612
0.16021462209309675	0.03941741778625336	0.0011358893401301003	0.023689050087117684	0.3595833321725466	0.5360890275295331
0.006315575028471056	0.0029059267555058806	0.7540029133595917	0.06915586253357844	0.10807946403361951	0.30336074713364775
0.8504279629116243	0.8312146667196504	0.025350344177104158	0.3903125881792012	0.6940837637370044	0.8785460620446991
0.022333416229382265	0.004985348543812125	0.0050642315622748315	0.0024922726348333836	0.11090802012965643	0.8514890428907655
0.8576305173547172	0.062113599470471875	0.06419068390254623	0.14996418934143582	0.7725304647738404	0.7720841540178439
0.0035705343480401637	0.38335284464807556	0.8994682849767639	0.29538434700708543	0.1437489577482029	0.8500488089001769
0.000234188905992665	0.0012952206923042226	0.00015578550544619816	0.0002845628252048016	0.9081131574867478	0.9438364948059205
0.0019359039703270916	0.0013404977248699346	0.7750577527428348	0.01543820240040587	0.5564718763586687	0.7617436294257934
0.8529931093865406	0.8161519207494283	1.624411122292024e-06	0.6823342717907672	0.7945707138427359	0.9028978311878548
0.039914793765672585	0.6667211068654534	0.84067909482696	0.3858065262703108	0.7309732988908606	0.8466431422957433
0.031751370952610686	0.1031705416778318	0.0030204687294200223	0.04528796029864384	0.873180715576755	0.4757838375708842
0.9307529378610329	0.6478443405344437	0.8199615775535561	0.22002148172161454	0.08638069221526778	0.2811358407984553
0.6081215921827574	0.3374013512473892	0.019110975209510668	0.026196551658051934	0.7639619266029241	0.023676403348483997
0.10883458129702074	0.03482108101077196	0.015402779906866068	0.014286955794446707	0.4843889614620834	0.325541987779866
0.06087363421695781	0.06246759342117365	0.0028731312488516703	0.054918640150241026	0.7916501311647566	0.9027439716060683
0.02504364366587268	0.42399871517036514	1.5545499730567126e-05	0.06602445040080065	0.7176259308585853	0.29921405273436735
0.5096816437023137	0.29695127525954834	0.8007059694041214	0.06035342200801517	0.1204575654210663	0.12014892910344588
0.9739772989338945	0.8821096504625322	0.03566864888679615	0.08637307360455947	0.105614047056414	0.9417261219200415
0.41952449672451747	0.006826469320277084	0.013765635751614177	0.17346651358390888	0.6376820201992882	0.9786235998229218
0.5316647054763318	0.45708475727253084	0.000578457229171324	0.16294253165291636	0.7743132225655178	0.2922611552534343
0.3866656516583714	0.15431475049047993	0.0014134591358297946	0.12332860942033659	0.35753974118724763	0.9421592641915605
0.6539252589245513	0.4952111007213937	0.0006333992818214283	0.05704393589583613	0.7386733767198355	0.027726352931445167
0.20035163928294913	0.7743575384267629	0.00010202852991055811	0.4594076264230309	0.9275106007032228	0.7246921683348356
0.016081393233474257	0.10621751313739203	0.07395294356908522	0.033178020501358076	0.4022485471033745	0.8064885289170441
0.00200880396964606	0.004061569617271366	0.7066689655386055	0.054708701218030786	0.0054237167274117475	0.20659464300155297
0.242095348255601	0.12695900458806564	0.039159463708052296	0.02125241204118135	0.3083039070975984	0.1779661104808594
0.6914199346201423	0.15797086727791687	0.4648465773885058	0.09193179799754325	0.13524568047368302	0.2037512891061349
0.04899215346591215	0.04022267291408115	0.17026279930305646	0.038434089164266584	0.587411708752391	0.9371447192060345
0.3340830101542705	0.07850748656177095	0.03864758524895223	0.11988986818799513	0.49284166720173017	0.28787710090006075
0.13636064889805452	0.3798588425718858	0.21891099881577006	0.15145045139513802	0.42782867396870367	0.5361996810657277
0.006016488069756205	0.005682795531772166	0.3821642394439204	0.01267192151579729	0.09678048166737344	0.5508160632047078
0.44994792528118027	0.051736289838026084	0.08446025641463693	0.06395076246578572	0.4382611054225432	0.13421829622666448
0.22903264511256793	0.0026798934096120687	0.016430522097546932	0.07750031509511551	0.6516644779212141	0.922986005046298
0.039513347173951156	0.6071745493829985	0.0017255770873449553	0.2697328987660721	0.09598433404535507	0.6067492879201916
0.36016267934921403	0.6329021121999835	0.10423853439410191	0.014435038500074876	0.10539913053996909	0.11800043961607228
0.05384437671040102	0.27118390565130945	0.00012610491109439216	0.03513222935216848	0.5485253840507808	0.692512463805984
0.10864908529882217	0.08041093619232033	0.6892629020371602	0.021311044122957083	0.12911361180198686	0.24366614628380504
0.3426246874213619	0.8938815350064581	0.909699616141356	0.2290379385734999	0.019962940643518015	0.2614513571725696
0.009461004479531555	0.006957924656376225	0.014623679100339381	0.005069016879261978	0.5556817714547271	0.7251971713822741
0.3356048045943229	0.1349403592397073	0.18721250958549773	0.13860168969450387	0.47669946960038073	0.3311844000734496
0.07381515060931762	0.3008708704820117	0.8897769412966285	0.1318615748560532	0.04805193549095573	0.16759121817110872
0.22902804476300237	0.04477435995480132	0.0025329056080943433	0.03634963582676437	0.5247404551383713	0.7062354719228656
0.03019442957851425	0.01958541106989237	0.03130910060302492	0.01294023568255531	0.48365729369577687	0.15084907563607877
0.1290237818459883	0.02531789424099937	0.0010905225994903257	0.032635424932084184	0.5588984147404858	0.46195437842679377
0.02605059766969573	0.031155015943988316	0.04126596382349368	0.023537518199081776	0.9250082516031487	0.5926583856000086
0.0057151308261818206	0.0099972900573129	0.5292740071360149	0.10739104728351709	0.1771864445629509	0.25619354501667985
0.2683728910197144	0.9855629054311674	0.007883031361190495	0.02002721760700169	0.029995822165461504	0.5041536743239724
0.5214175885393225	0.3755039421711147	0.5830880848549206	0.21865005289828113	0.5100630719615246	0.09644853857991346
0.09329006579621323	0.08539499825746963	0.8886574170075501	0.05762136386714226	0.09647338093619923	0.07832776660798844
0.007144905273479407	0.015790104259246582	0.7670562439435019	0.04280856535780332	0.7902354196428265	0.2634376765171048
0.0024427619444621204	0.0695823151450512	0.7705265613636746	0.08351545758899613	0.013746870101699133	0.8247234245862675
0.396926775460711	0.3322173971120478	0.8061930757257826	0.292897859179244	0.3724563281540008	0.8894876943441583
0.03036677483541907	0.038089255276423935	0.4330299428676708	0.08166127423056833	0.042385788993873845	0.4593803397121974
0.3296136030948191	0.4021659180410252	0.4875954942260511	0.26852846947127856	0.23664894350388258	0.7254715164348119
0.18411881750315734	0.01011796020376191	0.0007164011722364755	0.02652252719139814	0.6935031793388972	0.7039671669911248
0.622913276600326	0.01112989128403976	0.008318067503447664	0.018410184672297075	0.42649281461328703	0.4922782754771512
0.23086205173784527	0.10316476856438768	0.9296359320924498	0.2223944593598742	0.31386180037078193	0.2681455689785619
0.11620912548309564	0.23791423221154992	0.02375717344915113	0.042556596000263396	0.7853912656685924	0.49971775963754234
0.38066176677945907	0.054378496618695225	0.5984373337656171	0.059669194857958026	0.11342476743245057	0.769105110347916
0.016135224163074027	0.09081868713629443	0.019619143107383528	0.04231534317738141	0.09533506405024025	0.48595799766490455
0.1696526528330173	0.11905953807807011	0.6243145241626284	0.05564784076307935	0.04685952896520323	0.7273050124057024
0.02933438395498564	0.023521546270670494	0.0005603221773011946	0.0019070192732628425	0.05078109016250955	0.9295492855099529
0.002934483461066137	0.024023581014434633	0.003602014637781204	0.020606745835404817	0.7639312395678597	0.9935363687507797
0.8169950534174729	0.22883892545100326	1.484889999601537e-07	0.18033020213636813	0.33800642871800407	0.9163268371842394
0.3629816715142866	0.41347345068318975	0.0004821052945465452	0.14580920010783077	0.5101523988852533	0.34812724951135116
0.0013349932339816151	0.09844125417139701	0.003452119431291606	0.0019661720283422708	0.8934009452903091	0.8318850469295613
0.31423205307870683	0.03395535568908104	0.07615815006361454	0.01718059113457052	0.02129139952573548	0.3044340991888034
0.025255373996784753	0.003659244382606077	0.2847734681694678	0.020897426589100786	0.4695910310637562	0.49753714502510044
0.00108509458085545	0.0035601017324314956	0.001265290376086807	0.003329954689735725	0.24216334130589193	0.9849496273386342
0.1788975085842252	0.300519335699767	0.5572092376078858	0.05024300246141145	0.012476321104915802	0.10686142778875743
0.0075308673866308065	0.09970776715102785	0.003000739663907543	0.03034835943559676	0.6710798481833313	0.7694930539397743
0.9275506569751981	0.5158896789940327	0.42032735516060016	0.24345001246672654	0.028442724990410742	0.4795152776272896
0.1225901449941286	0.581160039661755	0.017187825950722137	0.06349347960316014	0.12951912763161577	0.4919449281655167
0.09749472010238	0.10487541575651127	0.028977983931121012	0.05346176645174226	0.46058738714197567	0.6672819295869361
0.46497716241441106	0.035322195589477474	0.09501059277523118	0.08971320147527125	0.8976162008717182	0.954222355197176
0.010583431993356035	0.263619389803774	0.2790948165060222	0.060154204428587904	0.08380968453414815	0.3639965991700497
0.06229791753043577	0.504012851576871	0.01888383207014616	0.05836078197131695	0.5824479333174846	0.2712441493551667
0.19986239302292513	0.19809520070744607	0.6207985452534622	0.10621021796091625	0.4593047449161152	0.4520593065736307
0.7392035578931421	0.7203101711086363	5.82447315288508e-05	0.27800217574613095	0.3336166568807731	0.47318014512219614
0.9627513959941609	0.23746932357196185	0.8788692417026339	0.05616448312098946	0.008483950730241113	0.0681892297682651
0.624401868400314	0.4691558155548997	0.10234269815447194	0.40320797443963613	0.7985239010848485	0.3806493860532586
0.01805908096352026	0.0011607007642612896	0.3013086433720262	0.0659393653239435	0.015423799573308857	0.3027282144492945
0.5574859870760079	0.15228117757121787	0.071890647326812	0.3364568188182769	0.8348534234357203	0.8133255143511711
0.2392692236869283	0.8663250671957637	0.00012663189232804825	0.12995472892185336	0.5079839789945891	0.7655770341834046
0.8214672225195947	0.18320902235122538	0.0009287038809956066	0.292097242157814	0.7559428523269517	0.9530017306997193
0.5076435897027786	0.055099018698673376	0.8695264201575723	0.26963376316902543	0.6204376403548583	0.12771248974306235
0.060997514330526234	0.02651924861191502	0.5996194213091144	0.06890534133268722	0.557290582089896	0.14470847482118968
0.0047791700906157555	0.0005434426766489678	8.945406896213514e-06	0.002221735650982687	0.4913872771238117	0.997652511792568
0.8349400960114485	0.11869235838164743	0.37089569455409593	0.148648428124612	0.36009548491800075	0.398733303640446
0.9650584963546766	0.5403792524950252	0.036567650489847434	0.3862755457208445	0.12963712977417982	0.8104545257041952
0.42358221890851433	0.5960790277444442	0.05040409808205535	0.19598836125864355	0.7808692889698582	0.3220092716078207
0.06009961179923184	0.29568999536930335	0.008404368714006037	0.0399937108766202	0.06580274087541589	0.2967485028274435
0.7120220664565228	0.5154076324773906	0.4788479678827757	0.07847089892138324	0.0011910398153034702	0.2518037646713117
0.8161907638238513	0.7722345576484849	0.01129517312681109	0.6280209183890023	0.4547514726194145	0.8530741932627249
0.22480227807127798	0.03729358119747796	0.010254098765436911	0.06805195474954892	0.34429706738916954	0.9584657774307493
0.8734976072927441	0.35517478173501055	0.00221804062727075	0.06333677723318712	0.17838919912189247	0.3747678985366718
0.11717395186111046	0.5982836257479268	3.1819013671641945e-05	0.013968398451289247	0.725001267794085	0.2782941122727024
0.5279905564270868	0.27937256437636243	0.9695117721009499	0.2804630610557753	0.006331916444612724	0.5014028495222079
0.013495572678122602	0.02128904812017199	0.02936513154713773	0.010003868279584697	0.17293383241201146	0.9284297730611147
0.8758184145937822	0.056722941768095655	0.9718753403012417	0.17164885659443402	0.01658355941737195	0.43928640171740113
0.2923158197650732	0.030561359134765424	0.2540820516115311	0.19521009245820528	0.7488929942791104	0.4688699917316819
0.4257928453797751	0.2393757950969122	0.03250434465213403	0.0664688318533241	0.09403212173330326	0.9462465575992879
0.11202062044360472	0.06320178580782272	0.0074306459982690955	0.022800239165817034	0.19574890786575447	0.9968328854695544
0.004110875577953068	0.12636086147724793	0.0010031516232399014	0.03619917360062456	0.18483409056140734	0.6927751674546145
0.01779002156381686	0.4724158906645243	1.941013094708409e-05	0.00718843415764043	0.2148655198591756	0.43917956628980676
0.4116314401524759	0.07013523147646897	0.0002598671245408417	0.10421309485807242	0.7448281115037414	0.33726355408059966
0.030037349111847047	0.00318176861865608	0.5058036739412844	0.02090120125218411	0.7341824592401984	0.7974495363743894
0.05524438096851573	0.01279301188395539	0.2826097892306835	0.015492445281884652	0.5215378851378243	0.9662412818548346
0.010406708350064811	0.06250036575724502	0.4974615598842761	0.03502273924515325	0.2355960247240306	0.15947776134587047
0.0003013044692828881	0.0021699196417850272	0.47658598217735054	0.00876917719935455	0.2738785954122137	0.5247424278736776
0.023055379852653917	0.3358043335850229	0.00023574173160361057	0.06551136261656111	0.2879599223889133	0.4506963401229469
0.05015860606685082	0.02004416341628188	0.04751420329464742	0.03369935711987407	0.8220568314895607	0.24012629398842095
0.7802866892948935	0.07749258257720781	0.0032634646190202814	0.04645104744483093	0.1537462986756006	0.6951482172929989
0.94150973790522	0.17528643579866102	0.4543605695894067	0.09101895499461517	0.08949588169162358	0.45372399146197323
0.02471667850527856	0.003003078158483881	0.0022226383589854103	0.009715247598930488	0.5367503304049827	0.40518913631373593
0.4312228008998583	0.03322254114153017	0.0010950101253599026	0.02910955547770845	0.4482552259043367	0.7911703174520136
0.025965701504113058	0.0080429452880774	0.00033834416565399494	0.006579922946765518	0.11590217257085311	0.9986138275449946
0.004885233102408978	0.42487110153284263	0.00421304050234132	0.1618317257708227	0.767210463864411	0.422775679713165
0.0712305826901875	0.30724948716999906	0.4696531330136028	0.09840576744118389	0.11487668055777818	0.44700309929327475
0.00013758310267900366	0.0004780550037656131	0.31402547633634426	0.002118453543589243	0.1917218207268112	0.33801994327706214
0.691740633124299	0.8962744219293025	0.274779954064818	0.086830252396122	0.19645160314638965	0.12335613488908652
0.000458429972392044	0.03302893222562486	0.0004128449735119373	0.015393044145934086	0.12801881486975852	0.9854960127208426
0.0062109281577102885	0.2799785399777035	6.774011061599737e-06	0.03500883185622385	0.8826492032878166	0.26241866573527917
0.6235316443317276	0.4807075973765002	0.00043132004937961786	0.14058418575809806	0.1627039419996048	0.5079120391485773
0.0926362709645933	0.10416072701071186	0.7624158893071874	0.24401969320602748	0.10523474225009241	0.6502743797342045
0.913611954530361	0.7518769092189872	0.9849824371338474	0.344685800718415	0.11595764426756151	0.3692508870083136
0.09094352926145663	0.07034505423846056	0.8237406611864739	0.028452526268393622	0.7398881040227777	0.12009598539446877
0.08267234414243745	0.8200951514174809	0.8772273922518531	0.09737579824127712	0.0890162920216097	0.8401090221075622
0.3127946021296262	0.7506267138935003	0.658713513450157	0.3088032927464047	0.016065923164947097	0.5615501310657254
0.9204439042762128	0.3096723673833162	0.024102201107229333	0.2627006215778426	0.32429424173536364	0.6414342122885305
0.9507032955764307	0.13000660232551586	0.005622937419978507	0.07993036248718621	0.5094294933183975	0.4665011140061201
0.7804101986064702	0.11643073560103301	0.9241671529925389	0.16758431049129752	0.03093462113828035	0.21528762612854688
0.7118613859851958	0.025950770007643748	0.00011620428403326838	0.1855108810239314	0.6248284877912225	0.9664271029561926
0.188026556817238	0.2811416938163333	0.026202279202543637	0.11315493192586598	0.32799816202829507	0.4180460991378001
0.12849386523352155	0.7028586285689267	0.0022730829777502966	0.00434322999072422	0.8936477133254306	0.14380916687980017
0.2075644282990502	0.44027462144462653	0.0010784075283888617	0.08343328443394228	0.13972580789300207	0.529969958070428
0.07316674823097585	0.7461329478350898	3.517130993583462e-05	0.1641376251590908	0.3218143112221567	0.7490035922300218
0.19636333882779392	0.034280213670821125	0.36516188458047905	0.048916652234762346	0.9266645214236644	0.10105956825129814
0.06569915584081905	0.16481236967835852	0.5070899451932391	0.07875680334309135	0.050914574121560675	0.4396625383002822
0.002308603438443168	0.3401711080968354	9.647503194623516e-06	0.07692366927239555	0.24195015538046927	0.3385366468466876
0.0246450144490363	0.1880370038259972	0.0024028467813332335	0.0040127455304409055	0.5036560691819958	0.14854288191464549
0.6128384412065104	0.20922354515693367	0.993928330980473	0.09636596657344418	0.041746013514553065	0.1993075772476976
0.7575443734191136	0.6396816640056926	0.06379083074768274	0.5659750032882007	0.12176567364757901	0.9653536010525984
0.006467630423953912	0.08066643069994357	0.38510669089618754	0.0039655388914567125	0.13449800328854555	0.10901802962761852
0.03264230110158565	0.7406574558546194	3.178665937536616e-06	0.06190994490500172	0.6152472808667788	0.49566852917896054
0.24754209060480617	0.04400115699121451	0.02674301481188803	0.08137396271537647	0.5700861346695124	0.9072329124035499
0.04244299421103957	0.38043104460234284	0.002354978923099798	0.07935465587940825	0.8985308401238014	0.25991527916693125
0.0006414283103437514	0.014417897038636279	0.8383064541978711	0.11269309308745329	0.030269671401148696	0.8353214641734236
0.027798646099848466	0.5528247114312979	0.728016521872342	0.18634523000235084	0.6203711309533392	0.5987605241573021
0.00601497362951314	0.026215593801528363	0.5048314886150436	0.013877616184384479	0.009985350751867557	0.10664061584055667
0.9744732605671225	0.7994473348226921	0.8962619378878635	0.24160107102434059	0.04188984231083703	0.2805736751294251
0.34138460441514207	0.21458088387401147	0.0025723973727113363	0.047050037208176236	0.5604840527622843	0.3355137161578191
0.8296279394363577	0.5797573698160677	0.6906705086638357	0.11451767233331436	0.8071771379776745	0.07071556423039274
0.013550797413950084	7.269382722444497e-05	0.46810505312007916	0.0313249454461631	0.003704091671461112	0.46152024848325734
0.04453452560001472	0.050609590972456014	0.52673544198495	0.24066866299650502	0.02019477866183764	0.5352922784161297
0.9074446207192494	0.1432043535725892	8.886211928937093e-05	0.028766289388573174	0.21844823848453196	0.09308105177718023
0.044841650098152205	0.015813810200198765	0.43336739146155534	0.020034665610190548	0.4165931781935712	0.2256410124262718
0.003438958606142734	0.32054568979836073	0.4357108369364813	0.2227920218979979	0.09981258577610062	0.8057145453356521
0.5146613359217102	0.01902070218043421	0.1546681693628604	0.055326530853935144	0.1913113882142529	0.1945280916582423
0.6744177608108243	0.3069799623870907	0.06123301601935822	0.23939632595835267	0.36058174897027556	0.3085618540500249
0.030770080509594944	0.28232809867479247	0.0009100808649618651	0.13136708284181453	0.9349870100545129	0.5922838696582543
0.7015329691065028	0.42172386582023674	0.05398006477061608	0.22814160980545833	0.4022636163075246	0.5996019526302109
0.5720550267412117	0.7383825659405134	0.3062633831214843	0.07827579338125011	0.01365167544150166	0.3374268956560786
0.4996952077754808	0.09661014355543955	0.5205775367953275	0.21851854924000305	0.5147329556612834	0.45675788918096405
0.5202672140447105	0.1668243106278728	0.01008437432183235	0.16409720872219202	0.5278384145226462	0.6500412550142096
0.03640773249193918	0.06497126933406455	0.0013744044807416792	0.030870402714537285	0.952842189911101	0.34938940280084463
0.2902936252783257	0.9851950050792193	0.23529369947863116	0.21155541371555822	0.5837396913783391	0.566162739284239
0.8805182489001279	0.05113689279651361	0.6775757866655576	0.1943600938739659	0.16389899048837142	0.49449292153096075
0.5695222859172241	0.6521289772776832	0.10525522344633577	0.4247530218916577	0.6816517720966934	0.6771774559047438
0.14782092827314652	0.5088862440471391	0.9642611740390631	0.3202891975530242	0.07961519354210948	0.5568746768661387
0.6666725966732475	0.18915340966587296	0.025056101933744183	0.09314697571309864	0.538968276845462	0.24627900500857666
0.7434491128152526	0.037981285355645523	6.4859980731616515e-06	0.24113534821321847	0.6293143638802209	0.7557627905736188
0.09465584717351254	0.10088281993291168	0.027459796097052205	0.037952782086419105	0.8584964763653781	0.08188986743979408
0.3638902616203322	0.08002498573274243	0.5520296637549552	0.07418896401071581	0.2049228545808342	0.8219434514856302
0.4987491160800652	0.05855552610182799	0.1886363240966044	0.16917334192309585	0.3768048339831024	0.6682666928229549
0.021098309600958338	0.024402063586821943	0.3527602980246586	0.022069143099442797	0.1230188493669438	0.399173097134255
0.7130280046063348	0.025432254850990006	0.002268272099381953	0.07933881479923695	0.14291287778576406	0.1645144980247543
0.5137621439073607	0.6725276877269837	0.0002169917751913023	0.15220298393089352	0.5043545349043499	0.3442788743869115
0.24265494023641923	0.5802796937891126	0.0346864945921415	0.25902985541808815	0.30325293398316866	0.6156043225292372
0.13487400375685424	0.221126235203687	0.554099411124977	0.08741548064629827	0.7019595570849297	0.14323773073192425
0.5651050027088439	0.6079299532916788	0.0003617079681727809	0.22235958316160986	0.5328770920021619	0.37254307237663026
0.298636012923294	0.44300472442757594	0.09394244848764312	0.11936806979799626	0.26329588542971366	0.8105825711260118
0.013228891553211903	0.002284649421108283	0.0005393844559854286	0.002542322032805875	0.2545556733218913	0.5944339865739614
0.09140992534728463	0.2714582894377771	0.022062273406181297	0.03289290838982617	0.19609171073483705	0.47694994748437297
0.009661690977972445	0.26531174765489	0.008673376923372646	0.07990154205545584	0.21095708701557175	0.9440091354305027
0.9410675407599719	0.4783206252675341	0.0025674269451417533	0.010147112454083349	0.0471396165576753	0.45624972207511294
0.11697656377009716	0.8329264174478795	0.8324303425974516	0.1364075020991361	0.5234296906205419	0.8779960635284253
0.982793922296817	0.12157013424688168	0.7431968248040409	0.2577628175115704	0.23616850746742477	0.44033583400146914
0.06303740278650473	0.08592267337723183	0.4286835542955239	0.03194531336938153	0.10340753721778757	0.2612993067510534
0.5202309619079313	0.9176865207478819	0.9642277292525546	0.2729124390711038	0.009500955267656095	0.4788982295785085
0.0915298285400525	0.2477342196969533	0.6280845409532398	0.08022151004060588	0.6114859779102406	0.2667596796585213
0.15688036179508694	0.013947153687234447	0.0056584395309056505	0.018645480703261892	0.5119555931574454	0.8327861380026752
0.011285145364397028	0.2280878219548138	0.003723394064655253	0.037182245917005	0.5131759500578028	0.2380967256571047
0.8410737468399383	0.016054602382856248	0.2750339796618985	0.051796819979001804	0.09433935485565904	0.24431824780416941
0.5279275047425789	0.049103168961197916	0.4391325117958579	0.13912540618480565	0.12295308552589335	0.4084768495146199
0.28869217416408577	0.1249534568627557	0.8171880951556603	0.18879891581405403	0.8351231746196031	0.18378170862015164
0.05898393118205007	0.04939454615025714	0.03419186735505743	0.02756942345916491	0.31524786056816034	0.7490744395008002
0.06404475662766813	0.11390478370163151	0.10654738884706971	0.09219795903101072	0.4909568464582254	0.973336586774192
0.21377605943850772	0.33792420227607634	0.0005772625545644398	0.05225720302909681	0.23104907927122867	0.3115483768433859
0.5215481042535701	0.20443032733915062	0.013142353257844217	0.08991547482456648	0.5093451915971694	0.7100685555691675
0.02567086958376046	0.029451078073386552	0.2147649834782853	0.04500752447114122	0.5989810730054254	0.37620516525157893
0.7588058858161424	0.005588192891392818	0.003361223098722223	0.3196411264061027	0.4711212388517288	0.5619963224879072
0.001545604699109418	0.0014482420207538565	0.3805242208878348	0.0019667728650315294	0.18758837038875661	0.466877292351907
0.007081595298137177	0.08234900634774865	0.0009040832445922516	0.018312688271959247	0.8298379815293055	0.9594851150159035
0.7102611906239532	0.425623105655373	0.03229454953724568	0.1131591610947757	0.17127481152323004	0.15316648631211657
0.5788220600615546	0.0017381939963510206	0.0004344414920794779	0.15907536325684712	0.4942929203749865	0.9768189566601574
0.7610433298851287	0.38672979887830783	0.00025001422594907413	0.1576557919941985	0.9206908765239936	0.18775148932534919
8.634469543999777e-05	0.0002622900141225614	0.482776797160878	0.0029117393712251183	0.8027885069140531	0.509339620904719
0.08322886720198798	0.3051889876281565	0.0036113318146134272	0.05789332970822908	0.9223399565956998	0.32209016758503595
0.008736647482540624	0.615947373637273	0.00039441048363266824	0.22025478640952936	0.7644881588899264	0.6065606658105043
0.15404743824590925	0.27474590826074374	0.00021836064440799188	0.028313523860508512	0.11671956464255641	0.21753395837295356
0.04618657566630453	0.13491138773620123	0.5263274409158603	0.03819044109716392	0.3472509932349148	0.41498085779738253
0.7386836960786044	0.19948066851254168	0.0020089240054146328	0.31860551198601295	0.9127818785416714	0.1125644548060034
0.6345704216640149	0.4181211536411199	0.002264509903783073	0.20220055884236196	0.15249509368566908	0.9367409599041361
0.9063568182546058	0.8444205166040013	2.1032433709954124e-06	0.6458762103482352	0.9424278719831294	0.22725649577608187
0.17983912157089127	0.14694876236731746	0.0006770881711988503	0.060361155382806085	0.3759137344243787	0.30908130991103544
0.4560582903661357	0.5072056271210336	0.0795491186229613	0.19071913725256814	0.7419011005655203	0.33308123605619055
0.2657611605799195	0.06605524555270968	0.025471173673652786	0.10868392717926569	0.7700671938869829	0.2012150754805393
0.3284147253540197	0.3816753721167175	0.0003338034218094862	0.05082688971214724	0.3326976723541985	0.33293483720029754
0.1334077847048405	0.04932879480211428	0.6375901333576749	0.11006528235395965	0.1700484954777074	0.32304704448948895
0.1622301606165062	0.6446952891493152	1.3949036200514067e-05	0.22828714277358514	0.6418288754750526	0.6062194834476329
0.009313344344697312	0.5897634757028319	0.00018131870979156802	0.31795258705530544	0.9259848305097425	0.5985882225216395
0.25307125682716014	0.9406001936013461	0.6781513338230535	0.10066654853481409	0.5804603624511245	0.02839507686974027
0.041211344491363884	0.21097345233431403	0.09607363685697794	0.010702720976643229	0.08754484865361778	0.3438244261767186
0.9879989992548064	0.3775970239228523	0.13500436696408774	0.06829533287946515	0.09400808669967103	0.29215740374646815
0.298038136433471	0.004344441044460823	0.851613812253596	0.017295279704658818	0.04461285990317056	0.19099528785708997
0.11838563440058206	0.7373333765615381	0.013911255577260672	0.0818320066529039	0.07650999612501491	0.8619847024326083
0.0006669951438614355	0.003880394017888053	0.9530314697597494	0.10626608873942466	0.1731810733440806	0.5851736505424864
0.06141970299998781	0.1104785770421062	0.0871096771959261	0.07372021773908777	0.5572788059156216	0.7277523911064034
0.22665602152089048	0.29069622616738106	0.045391595859797525	0.28394512898060553	0.5254624897398616	0.9867457291288836
0.011953234285503269	0.01392888259050487	3.284115928216434e-05	0.0032399469419280187	0.25375674488032807	0.9326278922439369
0.6796617869135133	0.490309559451383	0.006103537639855502	0.4235827965003224	0.7920400243140105	0.6514183513790814
0.014719068367206349	0.0012216325121895376	1.919057759916288e-05	0.004985089743345427	0.9775454174782551	0.9978065357772334
0.40839787751759743	0.05165872398512858	0.010172804052678435	0.03321845103222681	0.40711705061659464	0.4756345206554515
0.933406648223379	0.03598190357738014	0.032216402294022534	0.14234660825883383	0.6041308879040919	0.5996424365941452
0.3525797596074328	0.047876012626888884	0.33202893587195775	0.10431512824493845	0.05754509609970375	0.3533954757450206
0.06681688724459237	0.47022656204686697	0.003110876467746218	0.11307879545978922	0.5184324430538537	0.3630205460803609
0.10473103413558481	0.02337174744118634	0.9722146825040733	0.101963639974103	0.009587227089969277	0.2256488297616093
0.053967559954661584	0.5420115390563293	0.7868656063606273	0.5358284223351123	0.5467824451354867	0.8178889113289034
0.16576891417630568	0.00036754793338450074	0.00032990395415112713	0.03282649596698145	0.9397908120979571	0.9697829409935073
0.008927251303993248	0.06478120421672043	0.01731754761588623	0.008274998789436846	0.35200493066589394	0.20081591166441845
0.47545974287441994	0.7286176903853492	0.6372752566097255	0.15074876875987	0.6475778763304856	0.048636330707337805
0.6750390979005455	0.0027947897547156756	0.002990235364564335	0.3206989326720402	0.6659881363909222	0.6570015624581366
0.5026385434840196	0.13338131999114514	0.44846984765575754	0.12968653588581217	0.49087789735467463	0.580367698913865
0.012559273440549391	0.0007311278653622835	0.5283094833941637	0.025828470612576968	0.5541236085589651	0.4748971102046498
0.021819665583723474	0.17869598707143652	0.007443759378286148	0.0888757607893661	0.5835869364612924	0.7522391728589519
0.6321396585676693	0.008184637516384976	0.7949873094801844	0.3751483767734396	0.15884607348378205	0.7961927851526426
0.2241948679515544	0.7513757990553134	0.22791521497581999	0.20045656748858906	0.6192165921208037	0.6287894463698318
0.036788792779525036	0.03720508926908996	0.5135193577006169	0.03226331179481074	0.2862149448024802	0.6127107926578844
0.08466161282894748	0.5878807274252783	0.007901958084538977	0.17479384445750357	0.13353605191436338	0.9511495252035977
0.12138115719383138	0.006236807318260895	0.6307043346383321	0.059777513401152636	0.024632912136057807	0.6844824881619096
0.12559512411491688	0.46548178045045363	0.16047733104639128	0.04065670806900381	0.3308542602500301	0.05011492312837197
0.0010005336585784375	0.00027356248413760753	0.5903229136863029	0.028654130133051504	0.28701013223259675	0.5927412931750018
0.6257372947620052	0.025369194384865533	0.06509144047698809	0.023629147256377405	0.34491800579932336	0.17442758591165755
0.7899758835286279	0.02819529592762048	0.002458855617473479	0.032143164814268696	0.1722946760982713	0.8388694143181105
0.3216691665795091	0.6416083218596855	0.0797188029522272	0.12486626640590326	0.8260225878643555	0.23163719799242677
3.108901181879112e-05	2.407803361526703e-05	0.6019506042318431	0.020866590915172702	0.04588363114721423	0.6027213797995324
9.981783562912904e-05	0.0008378591728309731	0.5498027602664579	0.029986132054677036	0.07257214145512958	0.5477925660780893
0.6616380193716382	0.048148067958193076	0.001578826883730128	0.05451584678875647	0.322014739223291	0.9816019194023303
0.0010885006868875256	0.0031356127778543906	0.0021975783155049927	0.0027323772916800575	0.616203551409009	0.966456427754932
0.005288582738889222	0.35169286925356386	0.6370551575970093	0.004057925835423516	0.23819800994437107	0.2682013958256178
0.011354153899770937	0.3429684465925782	0.001941524316359258	0.197621254108131	0.1447849875530578	0.9473427614814685
0.0014637718239385632	0.0005618232549262618	0.8742470669573391	0.05703758767089044	0.016460188573409237	0.876835782059489
0.1809437432680048	0.35160363410986384	0.003751214506716278	0.06369701471876839	0.3463031207166511	0.46204499232655366
0.032497777718190575	0.03225698536856644	0.36342199029218675	0.01917107124756797	0.14207134695023013	0.5934863133060698
0.011545724967875861	0.0011303116793262634	0.3541755065955892	0.0910969219973407	0.014303606522407352	0.3557269761354386
0.389586569533402	0.062444745581255554	0.005438804809122132	0.00325253690170477	0.06859480315110017	0.05543577284138389
0.2361261621939875	0.8328981038867567	0.2756194650376875	0.4691121856207341	0.37230220015056026	0.8928890492384352
0.12785933290851792	0.11124123359798119	0.19969094303110002	0.03626593520786446	0.08277032713585292	0.21511520233927756
0.18446763508737654	0.336643245712709	0.5003146276798944	0.12251210967046519	0.18735363460588636	0.7591503949604547
0.21365613593604862	0.3252056031474231	0.14486370358553197	0.3060484014524931	0.5908643431656148	0.9785496725488463
0.21077357259306748	0.02843143973311362	0.02598586983553163	0.062366526254450244	0.6758875253655815	0.3976164236002594
0.00026473235185932103	0.001790712313349001	3.687492513359076e-06	0.0017351628233601287	0.21249922855268275	0.9998790247935201
0.06540344083538586	0.009306455604151451	0.6547507685181112	0.03943870099652282	0.094665306604017	0.7997455017260344
0.35874001358258584	0.0095926507468157	0.3894705835177941	0.017048070616472684	0.12592787175676756	0.4627717585738828
0.770926789193279	0.09283158336667631	0.8760946119881149	0.10546109875624632	0.6819626184380442	0.4041166129352449
0.24547680284142395	0.06998191254958656	0.026095013326489988	0.03934068044772321	0.1664573358320365	0.8190281715067711
0.8623019415857378	0.020464382324745123	0.6045492076274372	0.11369958586611784	0.48063927038086873	0.7012488416616242
0.6747277405819736	0.43409856521949686	0.0050352666800915135	0.13697713101216644	0.2139700778656555	0.7063455833679683
0.036692847128849466	0.5877363572973708	0.017755658021567217	0.17424736916214265	0.08923349219233562	0.5602970778670885
0.28215630060823876	0.8262408227177254	1.83411738410039e-05	0.6091998729947834	0.7219038413037776	0.8188191380193264
0.32171359873118177	0.6144326147246922	0.00686357020669154	0.14042179577108524	0.574924827867896	0.5365339300651719
0.570318450551412	0.3490367746797779	0.0015473820329211959	0.3824499660963371	0.7441752034103115	0.9043482784711374
0.6103701508612708	0.9031978684753593	0.9904106273635845	0.20833510091138524	0.0017725257404080277	0.2565957963945197
0.15278365519973536	0.11803391824134969	3.230929615966294e-05	0.014831335239622098	0.07563664273512365	0.23242770908360127
0.42466215258476175	0.2506302642238597	0.9727719578159556	0.41577193132505647	0.059632570772473845	0.4918741644238161
0.19842542109057698	0.1987264885302126	0.04010358551936228	0.07496895317356832	0.6647423361468289	0.3658949392422796
0.19866220303767615	0.13213341228399073	0.01668565422172484	0.12033283085145818	0.7977729513816759	0.29227148666871505
0.6849816300840444	0.9059782602051426	4.430324600395784e-06	0.4679541550801036	0.062425973709046186	0.9093335771830875
0.10007825228122706	0.04531386955184515	0.4460943698711276	0.09873874773366827	0.09700267246337989	0.559319963505233
0.2855948656293283	0.48109580728084245	0.6338637704231632	0.16922663109322625	0.372907597662705	0.4782673489670222
0.028884873297152194	0.2592796700886234	0.015630248573869035	0.04731099898899387	0.6154214447531745	0.3138820553426739
0.21940524800539302	0.01886761311484352	0.1968557304877409	0.06821669561507597	0.7063960758545424	0.7836279381000663
0.04149068479293664	0.38480610489362244	0.005644255639432827	0.059587611693672604	0.15418276879078877	0.8629299214852604
0.013230134258904947	0.037293130609723626	0.7960960674862539	0.03894574171903518	0.08317176237226158	0.6588141971644671
0.0014925151016276766	0.08901294049477683	0.012480102514615262	0.046254777039429054	0.13761269078398314	0.8251863384499287
0.6050037729487957	0.5601170417254789	0.9560206484294994	0.14854066075433447	0.039294062024395726	0.3599916168857017
0.10544016985652085	0.5504428614587376	0.00873208621230371	0.11412585005751669	0.7552391741285296	0.6934057832267105
0.007207154878179413	0.5396014376274715	0.0003051028749800497	0.07378385399302811	0.9753518575539458	0.48055540782607853
0.23829386792975457	0.4010764722819249	0.49786884315947966	0.017270880168390366	0.04910598758984247	0.035723726674357
0.3594682645150711	0.5230058823995917	2.5165148784379545e-05	0.06495958130029104	0.45180430906436675	0.03385543624896986
0.4828632824636889	0.15028898876049157	0.4903490116469426	0.0978198344161128	0.6046183136630716	0.13421735796743073
0.19341780242776516	0.9319302998063057	0.3965481607791065	0.07317846856858366	0.11118703138629075	0.22652916461035325
0.0004586524614689344	0.00025933113266096285	0.4431416415401982	0.0030994923928171036	0.03332794135710026	0.44776653624470636
0.010983009496198336	0.4183747806733048	0.6676424352058747	0.05435335920729645	0.2780019907557261	0.3177476848406905
0.022911958486464927	0.2412163291651996	0.0032133104166574725	0.05598755559378393	0.30944643926845006	0.23846943003368185
0.002542645913032325	0.038495992777848716	0.053587223749476415	0.006315066566737475	0.9638054840032161	0.5398306345703109
0.009278535482050404	0.027109702008934342	0.06660921647901288	0.02713123567020769	0.8484573900055598	0.9566624949349454
0.047751592270585355	0.0024021100087681635	0.000884103865520031	0.005175666383582668	0.2424317673696048	0.9155317777040259
0.5731262808433352	0.661654924200935	0.5320561338373005	0.16318470268827137	0.2594886202727436	0.4798242780392349
0.18826774035727326	0.2360974949312868	0.5257400134003228	0.1284851726781291	0.10788153976867336	0.34118898692637756
0.25842941463650854	0.12340196158078709	0.09491158923141332	0.06639641005583384	0.5470659326154954	0.37249978014013246
0.3530968806047584	0.007409712313200838	0.7438081505836338	0.43249321655646455	0.005561941832192241	0.7035414445002486
0.0029693939081485905	0.07003299578020947	0.00013846056110170782	0.02660449797560617	0.9591249254428087	0.9862730157161486
0.32519953617241043	0.0053709622900015765	0.5024391018636539	0.04288361999485299	0.13471070070958616	0.825769141414999
0.6700405865369645	0.7181451430186332	9.972150244580392e-06	0.42047916885757275	0.6304221517936649	0.9856169138437842
0.6421614175876675	0.25869428564297364	0.3021866793316799	0.1615739261922423	0.2051700151288081	0.7932626136672358
0.25849025658306174	0.4310713986879054	0.0019275672354632698	0.18434361894221965	0.8159816370920002	0.3049120244993419
0.4351714200654918	0.09335712840955977	0.8097898424260931	0.18194936169022416	0.22192223417343573	0.7976882056695221
0.02271882305987887	0.009867252094045192	0.21752511464361765	0.024048328757953652	0.8663305302601283	0.2078586314529068
0.04859332554032024	0.33423534677863703	0.46329601232328627	0.14734136195936123	0.704432515335096	0.8928892294239376
0.04510596014233651	0.6417615767753396	0.001392734337470475	0.2740367958178796	0.1788056664207761	0.7808585763617761
0.21575395405017592	0.04234778405044122	0.01511454257342669	0.09037412285704179	0.5824744429404735	0.6047754492587019
0.02742305763411103	0.05179149953816412	0.00842001060177645	0.037250471548001964	0.9389285900362127	0.9586473881877301
0.19609693981514653	0.3059265182162404	2.0020354166807265e-05	0.09018976623087338	0.6720804104719709	0.9944672352484617
0.36082185814133094	0.18546482151648766	0.12359576408875649	0.01827830078409682	0.0896195838824518	0.08347096082638339
0.14514119628964375	0.02639211842916885	0.00043404291511341955	0.012015352170950146	0.33478807283700324	0.6228634880388714
0.09624688134524526	0.45505704394837077	0.8154416444762799	0.29288025726351363	0.04491625755725075	0.8777031070418274
0.1696370263779282	0.22019065177578298	0.0032654739562584566	0.12218523148498223	0.6857236709312304	0.9765808688388369
0.23502135740878644	0.2600852108735123	0.9640213210753067	0.035530080048638196	0.026683350391508914	0.05799371812254999
0.053427082776144906	0.7475807601347151	0.018832395595703398	0.03920736396213076	0.3837214017738456	0.3728077173988574
0.5501706829601187	0.6308329778566018	0.5315291975063319	0.11671479212342187	0.2989261378871408	0.19527118823178347
0.33489642405417075	0.06556344262534422	0.0038654857031886433	0.04807519548368453	0.1385162884834802	0.8325595053666485
0.33074405820503616	0.6654271411177418	0.0007584303452442491	0.15382470709074647	0.2735101702023772	0.43727349039343116
0.4454485668796747	0.056057809873346	0.4651844761699878	0.10574239477599501	0.23659837999335975	0.39977425588680304
0.69650563959749	0.017763793127952846	0.013734899766979218	0.057662349559930416	0.8263617393112583	0.7498121084941761
0.5688137486571099	0.41431587581844487	0.8938302410090536	0.5709020545207467	0.04963027138349814	0.6600346890861782
0.010926454145899135	0.00675522667765521	0.0004710463011801647	0.007070334198358998	0.8513471354445008	0.975696842322173
0.005740261402643076	0.006719526840891621	0.9669193206738799	0.17907034762431556	0.3629412829960598	0.49024653031179644
0.000918081667431712	0.0027259596048397907	0.43921193190543245	0.046688645238002646	0.23762208589931322	0.4633157927455043
0.11100154293484434	0.25675858076205166	0.48648548649781775	0.1364114488391693	0.8850341212607	0.5794974475789868
0.11613325284161266	0.7086472390106053	0.6025019273196819	0.02428990566310522	0.011272927377142425	0.070067541105575
0.4289542403568407	0.7901516052813146	5.5798042933776614e-05	0.2272359875683352	0.46091828758130815	0.649719579188078
0.883523042377114	0.05860632305683499	0.9893084908525416	0.04446831568580091	0.010344925988903575	0.06171939580599757
0.5771461547322977	0.4981833682904592	0.017502571312091948	0.07534299589347324	0.15418684401022623	0.15172842196870745
0.016787439364213407	0.0029999680607028126	0.0009915593631291074	0.009352595525469144	0.9563814370957694	0.784633010555542
