aa	codon1	codon2	ligand_codon1	ligand_codon2	background_codon1	background_codon2	mu_codon1	mu_codon2	mu_ligand_weighted	mu_background_weighted	OR_enrichment	p_fisher	enriched_codon	enriched_mu	depleted_codon	depleted_mu	delta_mu_enriched_minus_depleted	delta_mu_lig_minus_bg
ASP	GAC	GAT	847	832	2470	3484	6.695742e-05	3.315149e-05	5.020546421679571e-05	4.7175784104803494e-05	1.4359564777327936	7.89050923009212e-11	GAC	6.695742e-05	GAT	3.315149e-05	3.380593e-05	3.0296801119922173e-06
CYS	TGC	TGT	1776	1033	717	513	0.005808007	0.00946587	0.007153173421858312	0.007333603519512194	1.2301012203963757	0.003134831779394457	TGC	0.005808007	TGT	0.00946587	-0.003657863	-0.00018043009765388203
GLU	GAA	GAG	717	368	4811	2009	0.0003089001	0.0001179011	0.00024411887235023045	0.0002526366115835777	0.8136093237417874	0.0034552596736881305	GAG	0.0001179011	GAA	0.0003089001	-0.00019099900000000002	-8.517739233347265e-06
HIS	CAC	CAT	828	726	1236	1323	0.001948674	0.001779026	0.0018694175984555986	0.001860966182883939	1.2207734895290059	0.0020194151030611066	CAC	0.001948674	CAT	0.001779026	0.0001696480000000001	8.451415571659581e-06
