aa	codon1	codon2	ligand_codon1	ligand_codon2	background_codon1	background_codon2	tai_codon1	tai_codon2	tai_ligand_weighted	tai_background_weighted	OR_enrichment	p_fisher	enriched_codon	enriched_tai	depleted_codon	depleted_tai	delta_tai_enriched_minus_depleted	delta_tai_lig_minus_bg
ASP	GAC	GAT	847	832	2470	3484	0.5	0.295	0.3984157236450268	0.3800436681222707	1.4359564777327936	7.89050923009212e-11	GAC	0.5	GAT	0.295	0.20500000000000002	0.018372055522756114
CYS	TGC	TGT	1776	1033	717	513	0.166666666666667	0.0983333333333333	0.1415373205173848	0.13816666666666685	1.2301012203963757	0.003134831779394457	TGC	0.166666666666667	TGT	0.0983333333333333	0.06833333333333369	0.0033706538507179418
GLU	GAA	GAG	717	368	4811	2009	0.666666666666667	0.213333333333333	0.5129093701996928	0.533126099706745	0.8136093237417874	0.0034552596736881305	GAG	0.213333333333333	GAA	0.666666666666667	-0.453333333333334	-0.02021672950705211
HIS	CAC	CAT	828	726	1236	1323	0.166666666666667	0.0983333333333333	0.1347425997425999	0.1313384134427512	1.2207734895290059	0.0020194151030611066	CAC	0.166666666666667	CAT	0.0983333333333333	0.06833333333333369	0.003404186299848677
