n_singular	n_points	tr_max	tr_at_fold	tr_crossings	j_max_on_branch	det_min_on_branch	path_count	name	traced
1.0	212.0	-0.38930089662748035	-2.1764756586029246	0.0	0.2389173003921972	0.002150453711553869	1.0	draw2	True
1.0	260.0	-0.4275507085074243	-1.4889384600272741	0.0	0.05566466655451364	0.0010300965090275138	1.0	draw5	True
1.0	195.0	-0.24084117055818058	-0.23802170760375577	0.0	0.09256734829383811	0.00044813073988104915	1.0	draw7	True
1.0	197.0	-0.11583222026368982	-0.11583222026368982	0.0	0.07613887916996762	2.0476032091188338e-05	1.0	draw10	True
1.0	161.0	-0.09855693613087041	-0.10325747444118272	0.0	0.03785198319030783	0.0009120515747845009	1.0	draw11	True
1.0	166.0	-0.39761469530171767	-0.39761469530171767	0.0	0.20427508268298009	0.00064134141333728	1.0	draw13	True
2.0	33.0	-0.5049919638443184	-12.242681637589623	0.0	0.008867937712470639	0.041018618596022634	1.0	draw14	True
1.0	144.0	-0.02626031219620133	-0.04846622583594845	0.0	0.023406572514802604	7.347363883795504e-08	1.0	draw17	True
1.0	175.0	-0.16689515266530436	-0.18308379919281387	0.0	0.06475116617192711	4.4780185672540366e-05	1.0	draw19	True
1.0	170.0	-0.18043117147086024	-0.164197500093855	0.0	0.5209298642046776	0.001434642371338037	1.0	draw21	True
1.0	211.0	-3.2174492809979185	-3.118245824745384	0.0	0.22566999943462368	0.02137442783626168	1.0	draw23	True
2.0	97.0	-0.6413232045266688	-3.205938933378101	0.0	0.11280849063983465	0.08313812929622033	1.0	draw25	True
1.0	183.0	-0.05419351164637525	-2.2099200238429675	0.0	0.25364573153668035	0.008801218892586294	1.0	draw26	True
1.0	150.0	-0.0037005540242442785	-0.03415299543401582	0.0	0.02615776883522113	3.0401223094514625e-06	1.0	draw28	True
3.0	153.0	-2.8374890677487064	-2.7063387069852967	0.0	0.15050088878265636	0.0002389788612219888	1.0	draw30	True
1.0	179.0	0.0966144685708451	0.0966144685708451	13.0	0.044436756718170725	0.0001688430160454085	1.0	draw34	True
1.0	152.0	-0.4002613507563961	-0.3876055124910106	0.0	0.011591994372125415	1.52673633255341e-05	1.0	draw37	True
1.0	173.0	-0.03511276317373421	-0.032592270855400486	0.0	0.03910370214310968	4.4861041272720765e-05	1.0	draw39	True
1.0	201.0	-0.2713599870995054	-1.0255697334776903	0.0	0.1706854727554697	8.783069486903212e-05	1.0	draw42	True
1.0	121.0	-0.034627411715675946	-0.03405205018108457	0.0	0.014688198794184221	3.517627187021998e-06	1.0	draw44	True
1.0	198.0	-10.116702158557619	-10.116702158557619	0.0	0.022503849075275386	2.064774936005777e-06	1.0	draw45	True
3.0	135.0	-0.01438413122730247	-0.35310993963410603	0.0	0.015319191515041805	5.583098736549083e-06	1.0	draw47	True
1.0	172.0	-7.248620822852818	-7.248620822852818	0.0	0.18180950630699605	0.0007332382341751966	1.0	draw48	True
1.0	190.0	-0.4683207229548585	-0.47591192053704967	0.0	0.14753942464062872	0.000286568987128607	1.0	draw49	True
1.0	125.0	-0.4269059650300867	-0.4270632761510166	0.0	0.014161837632623818	3.933192999830271e-07	1.0	draw50	True
2.0	33.0	-0.10955046420733618	-2.2109430640644536	0.0	0.009009887135096971	0.0014857533458836406	1.0	draw51	True
1.0	146.0	-0.6889482233967084	-0.6658277146540104	0.0	0.15076536544974486	0.0028202342720947743	1.0	draw54	True
1.0	205.0	-0.0397658840941362	-0.21033316463404442	0.0	0.0772776116781997	0.0004196984677031748	1.0	draw56	True
2.0	63.0	-0.4046879978841189	-38.76626363487044	0.0	0.013914868845376613	0.018987385206362357	1.0	draw58	True
1.0	193.0	-2.374198308294468	-2.3796197847334075	0.0	0.018666654307696068	3.455177874482178e-05	1.0	draw59	True
3.0	78.0	-0.10254634140426605	-0.16943527503357692	0.0	0.0035196288672159548	2.051598206829184e-09	1.0	draw60	True
1.0	148.0	-0.029942060496069046	-0.029942060496069046	0.0	0.021239486719419907	5.500489123450591e-07	1.0	draw64	True
2.0	162.0	-0.07556359880032518	-9.735033452721824	0.0	0.3464828284393502	0.001130189971451212	1.0	draw65	True
1.0	195.0	-0.7263726337073533	-1.0646616454602473	0.0	0.4266143432160337	0.006518940911347096	1.0	draw66	True
1.0	149.0	-0.047565309626282706	-0.046077745252642216	0.0	0.047551618284158735	2.5381773945457716e-05	1.0	draw68	True
1.0	214.0	-0.6985284159487681	-0.6985284159487681	0.0	0.11624258403787681	0.00288457707183058	1.0	draw69	True
1.0	153.0	-2.250263924394072	-2.1276502600230116	0.0	0.0652612344109648	0.006522079816097205	1.0	draw71	True
1.0	242.0	-2.17941384033319	-3.3742418320993455	0.0	0.6569634090123525	0.2570974866513259	1.0	draw73	True
1.0	160.0	-0.7367458622530169	-0.7367458622530169	0.0	0.044970730061924535	3.3827117323860005e-05	1.0	draw75	True
3.0	100.0	-0.010533518731060093	-0.9743737306175371	0.0	0.4228453107004827	0.00026108462711406513	1.0	draw77	True
1.0	216.0	-0.0924747005859075	-0.0924747005859075	0.0	0.13687091465545223	1.916151589764585e-05	1.0	draw79	True
1.0	172.0	-0.09831657863755905	-0.09831657863755905	0.0	0.7476421671359532	0.027157943151676245	1.0	draw80	True
1.0	177.0	-1.8933116315860157	-1.8933116315860157	0.0	0.5217997424057067	0.04168535118674558	1.0	draw82	True
1.0	220.0	-8.44241564099889	-8.433654140077099	0.0	0.3650163560127031	0.001658691167471021	1.0	draw85	True
1.0	48.0	-1.2547167866990694	-7.114211482190278	0.0	0.028210699913606228	0.000963591376876145	1.0	draw89	True
1.0	250.0	-10.587351071359034	-10.173592112557298	0.0	0.5311186217474767	0.0007668249404963195	1.0	draw90	True
1.0	220.0	-0.5904926497663379	-0.5904926497663379	0.0	0.8435131945699414	0.006303865058054285	1.0	draw93	True
1.0	186.0	-0.6951613151749998	-0.6350365232423789	0.0	0.2259432389391885	0.04264415474942725	1.0	draw94	True
1.0	46.0	-0.7630238998800434	-4.882506608631486	0.0	0.10778879770321667	0.001898545739847383	1.0	draw95	True
1.0	200.0	-0.1558743012192622	-1.4515724905134906	0.0	0.022200225036651932	4.9327104825875326e-05	1.0	draw96	True
1.0	214.0	-0.06545477654793307	-0.46922071469982496	0.0	0.3704363406756701	0.0003582367278400672	1.0	draw98	True
1.0	243.0	-1.2932827289157505	-1.2855638015209443	0.0	0.32769912507990373	0.0035547581436119794	1.0	draw99	True
1.0	210.0	-0.22065821402474717	-6.760898995673296	0.0	0.0034098344087450305	3.6706902810497786e-07	1.0	draw104	True
1.0	209.0	-0.19858033835436129	-0.2026937012498808	0.0	0.06771322493846099	5.102116616610265e-05	1.0	draw109	True
1.0	154.0	-0.7998441858825583	-0.800729761825172	0.0	0.0408812865669295	1.438498929317048e-07	1.0	draw110	True
1.0	203.0	-1.8682732689991046	-1.8682732689991046	0.0	0.1653016462721207	0.0007956259179590411	1.0	draw111	True
1.0	146.0	-0.5474693636622866	-0.8952766780572102	0.0	0.04687625456605135	0.0006382056502835505	1.0	draw112	True
2.0	54.0	-0.44740512164443	-22.936104846870435	0.0	0.09472260895521864	0.04821953903215878	1.0	draw113	True
3.0	226.0	-1.865287936695984	-35.59502218179923	0.0	0.004262925561244575	9.421070315472275e-06	1.0	draw114	True
0.0	18.0	-0.01705282903913796	-0.017052829202253466	0.0	0.0003961175337628324	2.2312814355790732e-09	1.0	draw115	True
1.0	173.0	-0.9677128872375841	-0.9626523627624741	0.0	0.6009716800382862	0.003492432040881678	1.0	draw118	True
1.0	246.0	-0.12918632141166192	-0.3164504947603751	0.0	0.04951953492163003	0.00028120611773218434	1.0	draw119	True
1.0	160.0	-0.1109277973705913	-0.37470945572867814	0.0	0.02696179858163432	0.001120752123371094	1.0	draw120	True
1.0	173.0	0.9808979889996512	0.4534859640342973	27.0	0.3167596252187316	0.022447439895182896	1.0	draw122	True
2.0	123.0	-2.978170150931026	-58.17514925370846	0.0	0.3819329792750386	0.29680838258199355	1.0	draw125	True
1.0	214.0	-1.705059611455703	-1.627167710679167	0.0	0.599057374579757	0.0006964297038207249	1.0	draw128	True
1.0	157.0	-0.22944468640985222	-0.22944468640985222	0.0	0.10677749400306077	1.0165893559554249e-05	1.0	draw129	True
3.0	43.0	-3.2013044928192524	-4.261527388505443	0.0	0.221720770704606	0.00022338848954752902	1.0	draw130	True
1.0	226.0	-1.0778874291678315	-1.069718963084035	0.0	0.6283957222358352	0.011432835504762342	1.0	draw132	True
1.0	158.0	-0.8253353079201604	-0.8172878117600624	0.0	0.5955595352732382	0.009804727602663923	1.0	draw133	True
1.0	146.0	-0.10427988372618871	-0.10427988372618871	0.0	0.14749110455940623	8.065910903407917e-06	1.0	draw135	True
1.0	161.0	-0.023264260322781984	-0.00681133902200993	0.0	0.29052725185235384	9.666656648842369e-05	1.0	draw136	True
1.0	215.0	-2.4094017433399904	-2.4094017433399904	0.0	0.8356110147696001	0.08070593795113555	1.0	draw139	True
1.0	126.0	-0.18738037776442915	-0.187589809895189	0.0	0.010709455205838186	9.927339253580157e-08	1.0	draw141	True
3.0	135.0	-0.07766690797524421	-0.8142041081133304	0.0	0.31495297650670145	0.0002989450005102888	1.0	draw142	True
1.0	182.0	-1.9852168668071017	-1.9852168668071017	0.0	0.06696597849042438	2.8024578182674587e-05	1.0	draw143	True
1.0	115.0	-0.4214811804093906	-0.4214811804093906	0.0	0.004362388366353849	5.128302045443201e-06	1.0	draw144	True
1.0	188.0	-1.6567624468287658	-1.6628166452929747	0.0	0.2219006305613636	4.5199565543864105e-05	1.0	draw146	True
1.0	80.0	-14.465527306733879	-14.465527306733879	0.0	0.5414912183547518	0.01492598736971111	1.0	draw148	True
1.0	197.0	-0.7361423973507832	-0.7363359959925949	0.0	0.08786543215153239	4.7785679000575543e-05	1.0	draw149	True
1.0	172.0	-0.1449553763095539	-0.1449553763095539	0.0	0.1737906863745304	0.00014404886819736494	1.0	draw150	True
1.0	183.0	-0.09534098727340751	-0.09534098727340751	0.0	0.19749615464832793	0.00010985691511551483	1.0	draw152	True
1.0	147.0	-0.0421153735827687	-0.037453664261131156	0.0	0.16618594013732677	0.00016181611802354817	1.0	draw158	True
1.0	156.0	-0.29355787031333014	-0.29166478896149695	0.0	0.11285551849569604	0.0003055604270841756	1.0	draw159	True
1.0	174.0	-0.9499969764462576	-2.529882943253239	0.0	0.7945432668657835	0.0009718137004514806	1.0	draw161	True
1.0	233.0	-0.4400912476598889	-0.4118937584789614	0.0	0.5502821123754608	0.00011039301203398518	1.0	draw162	True
1.0	225.0	-14.86831405952232	-14.86831405952232	0.0	0.7658176425903368	0.0036125562071532397	1.0	draw164	True
1.0	179.0	-0.34562189863926873	-0.3631621485381207	0.0	0.149112680144627	0.008056118402869782	1.0	draw165	True
2.0	188.0	-0.9844866173031077	-55.95301397182966	0.0	0.0051544812921376585	4.575513092702639e-06	1.0	draw166	True
1.0	236.0	-0.36114906266920926	-1.1611193056772027	0.0	0.11491542137444526	0.002164233992647725	1.0	draw168	True
1.0	191.0	-0.4027487786723373	-0.4027487786723373	0.0	0.04705102729723562	0.00019834126990410128	1.0	draw170	True
1.0	184.0	-5.261534380644098	-5.232031693642553	0.0	2.375664155818496	0.08231525912779286	1.0	draw173	True
1.0	237.0	-13.490235952369144	-13.490235952369144	0.0	0.23177487104901473	0.0014153408657202257	1.0	draw174	True
1.0	48.0	-0.8369750773028296	-4.645830453373804	0.0	0.026414116719560152	7.840684248204988e-06	1.0	draw175	True
1.0	177.0	-0.453922408357011	-0.4511402549043918	0.0	0.17225048986155644	0.0021992287442739603	1.0	draw178	True
1.0	206.0	-0.3746466113705872	-0.3746466113705872	0.0	0.22411220866618786	0.0011626493827934562	1.0	draw179	True
1.0	212.0	-0.078704716773779	-0.078704716773779	0.0	0.2590767765599993	3.6641997858212865e-05	1.0	draw180	True
1.0	126.0	-0.002411396346215865	-0.0021558209826055266	0.0	0.015432305568683476	4.4470310271782065e-07	1.0	draw182	True
1.0	174.0	-5.254951317182535	-5.254951317182535	0.0	0.09610773699430125	0.0010510431607066825	1.0	draw183	True
1.0	170.0	-0.09849222806547603	-0.11944055385508945	0.0	0.017942832105498942	0.0001263733746341187	1.0	draw187	True
1.0	113.0	-1.1646863696161454	-1.1523718988155203	0.0	0.3247367443070353	0.01289104770962984	1.0	draw188	True
1.0	212.0	-0.06546179240595394	-0.08976541079352843	0.0	0.017324493311050838	2.664181083591603e-05	1.0	draw190	True
1.0	132.0	-0.5163229984983315	-0.5055554448776173	0.0	0.032752238890034105	0.0005969223674303275	1.0	draw191	True
2.0	103.0	-0.105054861701107	-6.490546018738053	0.0	0.24640338334986583	0.0029545868510135707	1.0	draw194	True
1.0	237.0	-0.17391340704581512	-0.17391340704581512	0.0	0.09256352821334252	0.00045183522841693905	1.0	draw196	True
1.0	206.0	-2.1714238732837376	-2.1714238732837376	0.0	0.20008862103739797	0.0032985633365028	1.0	draw197	True
1.0	170.0	-0.4537594773029573	-0.4537594773029573	0.0	0.40114063342628137	0.0003589534678465676	1.0	draw198	True
1.0	172.0	-0.3063559728092667	-0.3063559728092667	0.0	0.08632570303966354	4.057810162254229e-05	1.0	draw199	True
1.0	207.0	-0.3886013845165319	-0.3886013845165319	0.0	0.7458800095320973	0.017207713201313726	1.0	draw202	True
1.0	114.0	-0.09233027895489668	-0.09233027895489668	0.0	0.11352800928592606	0.00010536505983493065	1.0	draw203	True
1.0	205.0	-0.17138552469652027	-0.1447703345204248	0.0	0.26685176236013486	0.0026188577896872865	1.0	draw206	True
1.0	211.0	-0.11891005379205369	-0.3050786543140509	0.0	0.08444748707153146	0.00034536495062267674	1.0	draw208	True
2.0	98.0	-0.4240788350489698	-0.4240788350489698	0.0	0.029349038778859964	2.420450276252073e-05	1.0	draw210	True
2.0	61.0	-0.3069900182385469	-12.568606601772498	0.0	0.6300821657975963	0.018051191155998087	1.0	draw214	True
1.0	181.0	-0.17850225443771434	-0.1632163200458724	0.0	0.3074838891438192	0.0010561464757187547	1.0	draw215	True
1.0	150.0	-2.6919430576733694	-2.69256101733181	0.0	0.17805437594831414	0.0008701982239027663	1.0	draw218	True
1.0	201.0	-0.22573913017304892	-0.22844377384519954	0.0	0.04633827567490214	6.647225249910597e-06	1.0	draw219	True
2.0	84.0	-1.2883050599688022	-0.5228216373968545	0.0	0.06811507395318031	0.0012420013219889572	1.0	draw222	True
1.0	198.0	-0.20304418889476572	-0.20308381234081396	0.0	0.03552327204699559	7.256576789553304e-06	1.0	draw225	True
1.0	175.0	-3.468257405119135	-3.372564747347628	0.0	0.5743404612893065	0.021094281063706716	1.0	draw226	True
1.0	173.0	-0.07616383144237768	-0.07616383144237768	0.0	0.15747540615844394	4.193612631979246e-05	1.0	draw227	True
1.0	214.0	-0.04808526641562368	-0.06587848874124884	0.0	0.019424055701568705	3.419338237651848e-05	1.0	draw228	True
1.0	225.0	-1.367209485799644	-1.367209485799644	0.0	0.1465981850211199	2.0914001423432708e-05	1.0	draw229	True
2.0	150.0	-0.08788207927710244	-70.28666976057265	0.0	0.022023865209661188	0.0014944183515718515	1.0	draw234	True
3.0	246.0	-0.2862547548372297	-2.3033886484394266	0.0	0.002376942845540346	2.0819987364242553e-06	1.0	draw235	True
1.0	128.0	-4.857657392581367	-4.857657392581367	0.0	0.004336253291983453	1.402170344034569e-07	1.0	draw236	True
1.0	183.0	-0.048212339330866556	-0.048212339330866556	0.0	0.14156958791356422	1.4562385841460873e-05	1.0	draw237	True
1.0	216.0	-1.6625360165512602	-1.6198371376153433	0.0	0.012833038749903193	0.00027577169162448854	1.0	draw238	True
1.0	172.0	-0.1663228667016958	-0.1663228667016958	0.0	0.33033882378980217	0.00021059387839662445	1.0	draw239	True
1.0	172.0	-0.19086852957273548	-0.18535904028198136	0.0	0.14527930998247746	0.0009603036338810393	1.0	draw244	True
1.0	180.0	-0.24197333457423564	-0.9550645987663866	0.0	0.10502454659730523	0.0016553324846671673	1.0	draw245	True
1.0	190.0	-0.21379429360077087	-0.2637973561896511	0.0	0.001071087340644628	3.0849973674972994e-06	1.0	draw248	True
1.0	195.0	-0.9747577395641102	-8.140838899637203	0.0	0.009429147924786784	0.00028680735731893207	1.0	draw249	True
1.0	196.0	-0.11324359514882333	-0.11106507540592699	0.0	0.05757151298734642	5.144988567401944e-05	1.0	draw250	True
1.0	173.0	-4.099345229571544	-4.099345229571544	0.0	1.7489718386052315	0.13170051440867317	1.0	draw252	True
1.0	173.0	-0.07202492303835407	-0.07019537829935024	0.0	0.04494154119328861	0.00010683550613567562	1.0	draw256	True
1.0	254.0	-0.7610298118573825	-0.7610298118573825	0.0	0.19154641381987023	0.0027132123483168823	1.0	draw257	True
3.0	84.0	-0.6483066752301263	-4.422152247202106	0.0	0.30751035209893174	0.04792154485568328	1.0	draw261	True
1.0	165.0	-0.12241604160302079	-0.1225438435642323	0.0	0.08851313294663797	4.9487651524608865e-06	1.0	draw262	True
1.0	256.0	-0.43644076580430397	-0.4776900830336686	0.0	0.14949492602925166	0.0016604622315093498	1.0	draw263	True
1.0	187.0	-0.021891731973109105	-0.04342301717344699	0.0	0.014356912535848788	2.3633410060284643e-05	1.0	draw264	True
1.0	155.0	-1.649334667640404	-1.6284812003117533	0.0	0.24307731984354905	0.012633348943087475	1.0	draw268	True
1.0	139.0	-0.15517484846280175	-0.15517484846280175	0.0	0.058351710637817404	7.38806225116611e-06	1.0	draw272	True
3.0	127.0	0.40415427521352154	-0.49856100643899603	26.0	0.46874227497955107	0.005542718079643617	1.0	draw273	True
1.0	175.0	-0.2040115732729224	-0.959728502494206	0.0	0.08369368427152439	0.0005503342084409549	1.0	draw274	True
1.0	203.0	-0.24598953317372063	-1.4543519590028249	0.0	0.08733052409770217	0.0007990288093879435	1.0	draw276	True
1.0	204.0	-7.104063291639191	-6.862574897503806	0.0	1.1547406571855485	0.0265034260704101	1.0	draw278	True
1.0	214.0	-0.1089708419790279	-1.017202032303562	0.0	0.41996138557740625	0.03002344680978102	1.0	draw280	True
1.0	140.0	-0.2592301757094495	-0.2594587833842723	0.0	0.056488127344859286	2.7194765234045023e-07	1.0	draw281	True
1.0	50.0	-1.7145653381967279	-9.440456600251805	0.0	0.04132191324867184	0.003567134249695812	1.0	draw283	True
1.0	168.0	-0.01737442322700545	-0.015295730653640637	0.0	0.04227994007117027	1.3621695512194594e-05	1.0	draw284	True
1.0	222.0	-0.8673222501603226	-0.7727121212480612	0.0	2.109177309316503	0.017905585304412087	1.0	draw285	True
1.0	165.0	-0.4844323028459313	-0.48100544194231876	0.0	0.09154526981435393	0.0004545167364108831	1.0	draw286	True
1.0	164.0	-0.07033065209145986	-1.1037759037619903	0.0	0.007174245035447118	2.681687302820216e-06	1.0	draw287	True
1.0	198.0	-0.7445123785009258	-0.4072364054007376	0.0	0.5234942595064008	0.33886209156603764	1.0	draw288	True
1.0	170.0	-0.3699865664367117	-0.3699865664367117	0.0	0.5915471052334704	0.00018014593789411878	1.0	draw292	True
1.0	198.0	0.3990981827849608	0.3990981827849608	4.0	1.7693071559533928	0.011338489992110066	1.0	draw294	True
1.0	246.0	-0.5923645754911019	-0.5923645754911019	0.0	0.06385881592202447	0.00045429291859901843	1.0	draw295	True
1.0	185.0	-0.46010496061259665	-0.46010496061259665	0.0	0.28482014549206297	0.009888125846621416	1.0	draw296	True
1.0	202.0	-0.33310740120216703	-0.32628765316005837	0.0	0.38033940072886524	0.0006966760089191604	1.0	draw299	True
1.0	170.0	-0.3856640136838697	-0.3856640136838697	0.0	0.16316851451839237	1.528098678555521e-05	1.0	draw300	True
1.0	168.0	-0.6505940526646048	-0.6192428529992013	0.0	0.32686757609741096	0.06076793012680068	1.0	draw302	True
1.0	224.0	-2.1268530445243874	-2.1268530445243874	0.0	2.2603866684484832	0.17761959973495575	1.0	draw305	True
1.0	151.0	-0.34010870893517164	-0.34010870893517164	0.0	0.013663782112234929	8.190410809111777e-05	1.0	draw306	True
1.0	252.0	-6.4096975745402975	-6.4096975745402975	0.0	0.9395559035883236	0.07231287281403256	1.0	draw307	True
1.0	235.0	-1.5410348895797445	-1.5410348895797445	0.0	1.233833592426143	0.0029047296082542937	1.0	draw308	True
1.0	233.0	-2.190758077031278	-2.1400283126098705	0.0	0.2895150790163551	0.020369953794771706	1.0	draw310	True
3.0	118.0	-0.25641324796096915	-0.25641324796096915	0.0	0.08539954365195807	0.00012801965491109754	1.0	draw313	True
1.0	216.0	-0.46685990087159845	-0.46213812506139335	0.0	0.11205961889316537	0.0020404858443981377	1.0	draw314	True
1.0	177.0	-0.052720610902089474	-0.06922735973967839	0.0	0.12997539840958833	1.81276473337226e-05	1.0	draw317	True
1.0	176.0	-0.5414747261793337	-0.5598060142167187	0.0	0.020336939232383063	4.864478282758337e-05	1.0	draw321	True
1.0	188.0	-5.379418486711047	-5.379418486711047	0.0	0.65847307475212	0.006090401792410701	1.0	draw322	True
1.0	173.0	-12.02935953040173	-12.02935953040173	0.0	0.4939623734696106	0.006588827543923767	1.0	draw324	True
1.0	170.0	-0.48380668542526595	-0.49372672664085093	0.0	0.2999985700435592	0.0003409349853581349	1.0	draw325	True
1.0	133.0	-0.8150539360227235	-2.083899193764993	0.0	0.024269258487566663	0.001550486039129056	1.0	draw326	True
1.0	189.0	-0.055376631849915946	-5.743056471086848	0.0	0.0027285280869267887	5.008696482644146e-08	1.0	draw327	True
2.0	66.0	-0.6466145051724301	-5.342286875779094	0.0	0.3932132728375125	0.02256218487897852	1.0	draw330	True
1.0	158.0	-3.11109384048133	-3.11109384048133	0.0	1.223390647320981	0.003306636700396871	1.0	draw331	True
1.0	168.0	-2.0335220934599176	-2.027517790106783	0.0	0.27499819657107194	0.0005917110895301549	1.0	draw333	True
1.0	240.0	-5.742608308391857	-5.772238509554168	0.0	0.1307045473695337	0.00783628630953803	1.0	draw334	True
3.0	303.0	-0.0648716187288724	-5.538286378751246	0.0	0.0005916528774602184	9.948422380826665e-07	1.0	draw335	True
1.0	125.0	-1.2798448906314868	-1.2798448906314868	0.0	0.21609078924803202	0.002162673203210779	1.0	draw337	True
1.0	141.0	-0.2409367571964047	-0.2409367571964047	0.0	0.11581983766807213	3.1562080118015196e-05	1.0	draw341	True
1.0	223.0	-0.44774297296017873	-4.352836638434458	0.0	1.3777722874236	0.020135215223534	1.0	draw344	True
1.0	189.0	-1.7979877217994056	-1.7979877217994056	0.0	0.3483836046785596	0.0024368304416974205	1.0	draw346	True
1.0	143.0	-0.3887494351219462	-0.38511208896361004	0.0	0.04576986260862908	0.0006030980976658089	1.0	draw348	True
1.0	164.0	-0.17150104638779073	-0.05264468609246971	0.0	2.51134977405935	0.006904735009652562	1.0	draw349	True
1.0	207.0	-0.15109632896967873	-0.15050638779417178	0.0	0.04316742379935822	2.8304019600166934e-05	1.0	draw352	True
1.0	147.0	-4.792803660816697	-4.788253498775195	0.0	2.0680165415802363	0.039101808970087505	1.0	draw353	True
1.0	167.0	-0.12712832592191953	-0.13319524296357166	0.0	0.07194496009848579	1.0873901509716415e-05	1.0	draw355	True
1.0	207.0	-0.0828683050553706	-0.0828683050553706	0.0	0.12470113956921149	6.595231727015207e-05	1.0	draw356	True
1.0	65.0	-4.775363077763503	-31.203474889245097	0.0	0.04357205596921184	0.0006720613558997875	1.0	draw357	True
1.0	207.0	-1.6144765451585106	-1.6357366511883182	0.0	0.37218810643011996	0.007423454207223803	1.0	draw358	True
1.0	139.0	-0.12277305999976032	-0.12277305999976032	0.0	0.06200168598612791	0.00028885133413842956	1.0	draw360	True
1.0	209.0	-0.3506767482454786	-0.3506767482454786	0.0	0.06013523780621551	3.4906674650716126e-05	1.0	draw362	True
1.0	182.0	-0.026619395155591287	-0.025950616347075326	0.0	0.07346254940433801	7.920762020415649e-06	1.0	draw363	True
1.0	149.0	-0.04038484635873082	-0.03916424010030077	0.0	0.07978270945679435	1.663450814326856e-05	1.0	draw364	True
1.0	193.0	-0.573263700376162	-0.5666070457135156	0.0	0.5028912611169247	0.00041544277415487494	1.0	draw365	True
1.0	191.0	-2.614218159386095	-2.614218159386095	0.0	1.2393686793965024	0.009866673064584755	1.0	draw370	True
2.0	30.0	-0.34119249213381575	-3.413426015171145	0.0	0.013295109032557808	0.01704602056170752	1.0	draw372	True
2.0	125.0	-0.2601788824700099	-0.2858194755753917	0.0	0.037160039812189856	1.5741237908616358e-05	1.0	draw374	True
1.0	152.0	-0.05710205283583057	-0.05710205283583057	0.0	0.0865066029649496	2.2173537637628563e-07	1.0	draw375	True
1.0	149.0	-1.690562089262674	-1.6771950262125497	0.0	0.39035292808416006	0.013879817213313139	1.0	draw376	True
1.0	173.0	-0.4141561125155995	-0.4141561125155995	0.0	0.03372441367729516	6.881604564595705e-05	1.0	draw379	True
1.0	151.0	-0.09241234049270275	-0.09241234049270275	0.0	0.13759632390005755	4.1973644615830135e-05	1.0	draw380	True
1.0	208.0	-0.2530857359077667	-0.2530857359077667	0.0	0.05615265927424715	0.0013542448051274002	1.0	draw383	True
1.0	267.0	-1.6340803251625986	-4.513472161437105	0.0	0.4444835753056795	0.036338780347800616	1.0	draw384	True
1.0	186.0	-0.02265604752698095	-0.06247721598202935	0.0	0.01922021057668916	8.393150879033067e-06	1.0	draw386	True
1.0	202.0	-2.7880497612425397	-2.991895298748948	0.0	1.0025660888008758	0.050155861680066506	1.0	draw387	True
3.0	169.0	-0.6177235977270835	-0.7913073418099895	0.0	0.45415812365070507	5.376542200129384e-05	1.0	draw388	True
5.0	177.0	-0.40257263153871503	-1.2541547563027189	0.0	0.03145984186729732	3.097184459613308e-06	1.0	draw390	True
1.0	22.0	-10.27401758000937	-10.259899863867096	0.0	0.5222438885370374	0.318183747160737	1.0	draw393	True
1.0	198.0	-0.43286967180125024	-0.6618483253388162	0.0	0.2801302050357841	0.0004370787436543633	1.0	draw396	True
1.0	189.0	-0.15466182183909158	-1.0010141286609224	0.0	0.17955227833163995	0.0028610010452644807	1.0	draw398	True
1.0	146.0	-0.023235650925992064	-0.02327318011696143	0.0	0.006958696823639091	2.8570045833731106e-07	1.0	draw399	True
1.0	185.0	-0.015051528108859185	-0.02483011002670728	0.0	0.016302991877229455	9.573284871404087e-07	1.0	draw400	True
1.0	157.0	-0.11391925908361258	-0.09740959882371193	0.0	0.054047235702733634	3.957214975793524e-05	1.0	draw401	True
1.0	159.0	-0.04247217632611274	-0.04247217632611274	0.0	0.016122572065384547	4.271476718984507e-06	1.0	draw404	True
1.0	187.0	-0.7009961655166257	-0.7009961655166257	0.0	0.9386627844824226	8.381939974355253e-05	1.0	draw410	True
1.0	193.0	-0.2680922421296156	-0.2680922421296156	0.0	1.4976522414817284	0.006636348369212995	1.0	draw412	True
1.0	149.0	-2.2464860076130737	-2.203042191290211	0.0	0.5512932468342412	0.04976458775438314	1.0	draw413	True
1.0	218.0	-0.1694201040907101	-0.1694201040907101	0.0	0.08491400595566533	0.0002562586050265696	1.0	draw414	True
1.0	149.0	-0.07008640234695199	-0.07005360287931281	0.0	0.013471452817069992	8.15287067589718e-06	1.0	draw417	True
1.0	196.0	-0.1167780761604652	-0.1167780761604652	0.0	0.5810035129537376	0.00011012722231072423	1.0	draw418	True
1.0	180.0	-0.12022158454144866	-0.2552356547742034	0.0	0.1198789108270351	0.0010050706188832954	1.0	draw421	True
1.0	151.0	-0.6000639918876026	-0.5812579836174678	0.0	0.037703010534220795	0.0002541870782383208	1.0	draw422	True
1.0	171.0	-0.036283065933442216	-0.031676698448168214	0.0	0.16646720675984908	6.38164030014259e-05	1.0	draw424	True
1.0	177.0	0.8813188570402055	0.5625737418763084	21.0	0.1401601161568805	0.005200590413167542	1.0	draw426	True
1.0	191.0	-0.03749317720245207	-0.023573866571897487	0.0	0.17673535797165996	0.00027655068338043945	1.0	draw429	True
1.0	185.0	-0.006357663501645405	-1.988993601033113	0.0	0.11964980968956661	0.010556653402296211	1.0	draw430	True
1.0	189.0	-0.02426009858387477	-0.02426009858387477	0.0	0.3433378692040551	1.023815167298333e-05	1.0	draw431	True
1.0	168.0	-0.19794515526306872	-0.21772714335395427	0.0	0.07767389156841716	7.756187686104548e-05	1.0	draw433	True
1.0	230.0	-0.18345422144793855	-0.38911492051891705	0.0	0.04032321451731405	6.014440509573578e-05	1.0	draw435	True
1.0	186.0	-8.860292136946947	-8.90996609059464	0.0	0.04545217612931594	0.0006149899926892285	1.0	draw436	True
1.0	189.0	-0.9262321273215319	-0.9262321273215319	0.0	0.3399900161506784	0.010051149222381484	1.0	draw437	True
1.0	160.0	-0.01768470675994047	-0.05101855878500569	0.0	0.037212399511958226	2.9192292419383586e-05	1.0	draw438	True
1.0	27.0	-0.32542195777948507	-0.32542195777948507	0.0	0.0573933419424686	0.0002883633436037228	1.0	draw439	True
1.0	154.0	-0.22055601832545485	-0.22055601832545485	0.0	0.0380882187263708	0.00019201113022811588	1.0	draw441	True
1.0	157.0	-0.1880222701654078	-0.1880222701654078	0.0	0.09509346533732806	0.00021820688394487374	1.0	draw443	True
1.0	232.0	-2.91055567921408	-2.7919307283615122	0.0	0.969491474191089	0.001687315045152232	1.0	draw446	True
1.0	178.0	-0.5417048610389074	-0.5417048610389074	0.0	0.17846213639775363	0.00026124005275633146	1.0	draw448	True
1.0	154.0	-1.8208127592953407	-1.7667033516467003	0.0	0.01833620845222316	0.0012857098241393177	1.0	draw450	True
1.0	222.0	-0.15599289895895616	-0.15599289895895616	0.0	0.008309507355356644	6.359956368678589e-06	1.0	draw451	True
1.0	139.0	-0.008243944000632726	-0.013755303990641786	0.0	0.010280613080158159	3.5109580646731183e-06	1.0	draw452	True
1.0	158.0	-0.16262774263969593	-0.16262774263969593	0.0	0.11552014804561482	0.00026181627529951116	1.0	draw453	True
1.0	168.0	-1.1949851444345452	-1.1949851444345452	0.0	0.1952878215179916	7.122170226625628e-05	1.0	draw454	True
3.0	178.0	-0.07544996011914301	-0.07544996011914301	0.0	0.29111896383193253	6.626656971107503e-05	1.0	draw455	True
1.0	176.0	-0.0303655695584003	-0.044781495863177714	0.0	0.016311730941406182	7.0699489090781e-07	1.0	draw457	True
1.0	197.0	-1.2863681857567693	-1.2863681857567693	0.0	0.06131316850303964	5.616773582352771e-06	1.0	draw458	True
1.0	159.0	-0.5853528702054422	-0.7630680715934159	0.0	0.05396106934434725	0.00023377108021636433	1.0	draw460	True
1.0	188.0	-0.20774256459648333	-2.0826283680642628	0.0	1.4055741612829404	0.0042739179934607645	1.0	draw461	True
2.0	92.0	-1.701593944773153	-32.15777916585282	0.0	0.5283896932556038	0.06418826635184637	1.0	draw462	True
1.0	28.0	-9.994492533155594	-9.994492533155594	0.0	0.17181977519500913	0.007121846397518366	1.0	draw464	True
1.0	197.0	-5.7126825233925445	-5.706822545591286	0.0	0.04826063130959396	5.3655382584860934e-05	1.0	draw465	True
2.0	89.0	-0.99939464554605	-43.68027105935275	0.0	0.40774617960123144	0.06776978382958884	1.0	draw467	True
1.0	211.0	-0.10866556431022782	-0.09888131248846316	0.0	0.231883316163742	0.00030918814922462046	1.0	draw468	True
1.0	243.0	-0.6741379342431656	-0.6858490400990237	0.0	0.0348644858248509	0.00017683379108161503	1.0	draw469	True
1.0	61.0	-12.815808145838117	-120.55143042851799	0.0	0.28182322143834015	0.03318575453968635	1.0	draw470	True
1.0	52.0	-9.732818977733348	-34.10897821204321	0.0	0.06313921599593314	0.0055502058367987136	1.0	draw473	True
1.0	164.0	-0.14581175428953466	-0.13992989400480504	0.0	0.13028397842943804	0.0002450176005917087	1.0	draw474	True
1.0	183.0	-0.07125853487418508	-2.1168470626639775	0.0	0.28409028516396756	0.0016845467254164208	1.0	draw475	True
1.0	35.0	-18.46898599207003	-18.46898599207003	0.0	0.17868726488944764	0.029685432550534713	1.0	draw476	True
1.0	168.0	-0.7272087696368259	-0.6985844421136834	0.0	0.30806869564323525	0.011899510032443786	1.0	draw478	True
1.0	153.0	-0.2467167776174033	-0.2467167776174033	0.0	0.08189994833606097	0.00028638528873749377	1.0	draw484	True
3.0	158.0	-0.027481014720393344	-0.08182965448306154	0.0	0.007382754783676825	2.7335930885138685e-06	1.0	draw487	True
1.0	170.0	-0.06641033774922489	-0.05622693064392993	0.0	0.11944592903408244	0.0004906639949669316	1.0	draw488	True
1.0	195.0	-0.8737234452415694	-0.8459098784276884	0.0	0.478681735299553	0.0012989351328559656	1.0	draw490	True
1.0	171.0	-0.08261823530630316	-0.08261823530630316	0.0	0.025569723364535217	2.1063557025523984e-06	1.0	draw492	True
1.0	176.0	-0.0561694335932999	-0.0561694335932999	0.0	0.07990812684290999	2.018149510286531e-05	1.0	draw493	True
1.0	203.0	-0.23351404818066063	-0.2196210082869677	0.0	0.24234730834735463	0.001005783905704403	1.0	draw494	True
3.0	163.0	-0.1086120724071317	-11.408522917086945	0.0	0.0012990312760003725	4.523771903491933e-08	1.0	draw497	True
1.0	200.0	-0.20092112279591107	-0.20028141647156042	0.0	0.021892970214527914	0.00019197315590178588	1.0	draw501	True
1.0	185.0	-0.41190669566716587	-0.40351829890157354	0.0	0.1770190838835901	0.00478752368465499	1.0	draw502	True
1.0	152.0	-0.039834586356602864	-0.039834586356602864	0.0	0.009155509777910763	1.4913921274336594e-05	1.0	draw503	True
1.0	180.0	-0.21486003341365134	-0.2094430554418482	0.0	0.14544522606963645	0.0005066554625248117	1.0	draw504	True
1.0	162.0	-0.6651527239628968	-0.6601723880167205	0.0	0.06670425300273122	0.00025006050728038884	1.0	draw507	True
1.0	170.0	-0.1830969608109793	-0.18245269954332535	0.0	0.12334603444200978	0.0002509253445751394	1.0	draw508	True
1.0	183.0	-0.20043506290139304	-0.2014928413853774	0.0	0.03744033399035011	0.00011870699861510299	1.0	draw509	True
1.0	138.0	-0.16283998311018	-0.15979552421072635	0.0	0.07659781015822595	0.00025186405485411206	1.0	draw511	True
1.0	212.0	-0.3648941625936763	-0.360053681233059	0.0	0.11699603952750037	0.002841758381185144	1.0	draw513	True
3.0	122.0	-0.03853052407010407	-0.03871016144255966	0.0	0.04998551494037541	1.3947568381491899e-05	1.0	draw515	True
1.0	200.0	0.8636315919051962	0.37965051380609616	26.0	0.6288790172996321	0.03127503495979455	1.0	draw517	True
1.0	151.0	-1.7101104104631182	-1.7101104104631182	0.0	0.06961323909030627	0.00011795749271927053	1.0	draw518	True
1.0	217.0	-0.06445833446088915	-0.06401564810926236	0.0	0.025476566213825387	2.096342234299453e-05	1.0	draw521	True
1.0	195.0	-1.3161680485513183	-1.3161680485513183	0.0	1.444605098724022	0.025199151185455945	1.0	draw525	True
1.0	175.0	-0.1338572734302477	-0.20466769364195236	0.0	0.0477138006869842	0.00014572542567469743	1.0	draw526	True
1.0	208.0	-0.5225221275050033	-1.0663286237364853	0.0	0.052032343490255484	0.003167185022071571	1.0	draw528	True
1.0	150.0	-0.0720709236759139	-1.007966186769708	0.0	0.015158005659043482	1.8225191022377958e-05	1.0	draw529	True
1.0	236.0	-6.200569383387822	-6.200569383387822	0.0	0.49616199764376606	0.009375361427206	1.0	draw530	True
1.0	168.0	-18.505333808927674	-18.387310052073072	0.0	0.2511367018301869	0.14435079807906737	1.0	draw531	True
1.0	185.0	-0.11067428812592078	-0.1102055789828152	0.0	0.0534931935655321	5.102745820878095e-05	1.0	draw532	True
1.0	249.0	-0.33659874246660226	-0.8770239754058078	0.0	0.028071126712983317	0.00014749684452514908	1.0	draw533	True
1.0	175.0	-0.25419173598266864	-66.23685984415317	0.0	0.001770545795778787	7.749505563764003e-07	1.0	draw535	True
1.0	239.0	-1.205547520628423	-1.1662165873108652	0.0	0.7245948613671969	0.015325955668348164	1.0	draw537	True
1.0	183.0	-0.043211276006152474	-0.04241812335019507	0.0	0.05788674214884191	1.302589091054502e-05	1.0	draw538	True
1.0	155.0	-0.5313054311833579	-0.6102172849659856	0.0	0.01936242308845168	1.931923841196249e-06	1.0	draw539	True
1.0	153.0	-0.33894087221979236	-0.33894087221979236	0.0	0.12020778373531339	0.00021470865947106297	1.0	draw543	True
1.0	140.0	-0.07750487164919931	-0.07999530220218354	0.0	0.005148413397569289	2.9140264023165267e-06	1.0	draw544	True
1.0	160.0	-0.0023151199916051565	-0.04093139146138358	0.0	0.03329364809825161	0.0001285250858593859	1.0	draw547	True
1.0	195.0	-1.1629126364663749	-1.186891904805365	0.0	0.059500667942546145	0.010674484150754835	1.0	draw548	True
1.0	193.0	1.3427219638247885	1.3427219638247885	4.0	0.7788006556209612	0.07011687096132925	1.0	draw549	True
1.0	185.0	-0.07106736496525473	-0.07476302474766426	0.0	0.03284014398372666	1.0142781847029061e-05	1.0	draw552	True
1.0	163.0	-0.027998665349832044	-0.027438692076243176	0.0	0.015120896162835127	9.412697536106343e-06	1.0	draw555	True
1.0	186.0	-0.015205587065290141	-0.02090915767767168	0.0	0.0282811041709801	3.393447209260775e-05	1.0	draw557	True
1.0	118.0	-15.148111522008547	-15.148111522008547	0.0	0.5751506098002367	0.013542634925133456	1.0	draw558	True
1.0	210.0	-0.5374315647647582	-7.158299441478022	0.0	1.0268746120838892	0.20532642105785148	1.0	draw567	True
1.0	195.0	-0.40398364038077333	-0.40398364038077333	0.0	0.1546700711196513	0.0003706173393967681	1.0	draw568	True
1.0	176.0	-0.37609125506049657	-0.32653780301890695	0.0	3.449007426227452	0.0148394117553894	1.0	draw569	True
1.0	220.0	-2.7033114990652876	-2.7033114990652876	0.0	3.4024800732001346	0.047582297205295436	1.0	draw573	True
1.0	106.0	-0.03927154721749106	-0.03925398037088177	0.0	0.015261000284145497	5.105642192950877e-07	1.0	draw577	True
1.0	198.0	-0.0014089184286848867	-0.0014117942487641842	0.0	0.0008256935279558411	1.0017033663290244e-08	1.0	draw579	True
1.0	185.0	-2.3654264675429486	-2.3498006452096822	0.0	2.318109544249896	0.0028298477121402855	1.0	draw580	True
1.0	174.0	-0.161049271668253	-0.161049271668253	0.0	0.16268797393550968	0.00026510466202403195	1.0	draw582	True
1.0	170.0	-0.3455688769374438	-0.3455688769374438	0.0	0.7404046189393189	0.00031960982009333823	1.0	draw583	True
1.0	173.0	-0.18206805657101716	-0.18206805657101716	0.0	0.06758475205862574	6.465837464238174e-05	1.0	draw584	True
1.0	168.0	1.9120163821835603	1.3298682025387472	32.0	0.5831488099985818	0.011651585986318897	1.0	draw585	True
1.0	141.0	-0.13965290612755804	-0.13981021060517643	0.0	0.058168021899762175	2.48256691196499e-05	1.0	draw588	True
1.0	179.0	-0.0062101405179808	-0.040325441175044996	0.0	0.03353838841468253	0.0002513008874406998	1.0	draw589	True
1.0	217.0	-0.21632806371274485	-0.21632806371274485	0.0	0.9512327760152636	0.0017066105499938197	1.0	draw590	True
1.0	176.0	0.14742131183340498	0.14742131183340498	14.0	0.024605189417057936	0.0001498765007814217	1.0	draw592	True
1.0	194.0	-0.26141957234309143	-0.22157022260735296	0.0	0.11194677758664323	0.0002191902938101432	1.0	draw594	True
1.0	155.0	-0.011425480607364551	-0.011425480607364551	0.0	0.006807615166131804	1.5249488673033085e-05	1.0	draw595	True
1.0	64.0	-1.599993993072756	-1.5843401620461772	0.0	0.1794614141045344	0.011361568865421313	1.0	draw596	True
1.0	197.0	-0.11434382097777074	-0.10984007713442541	0.0	0.27328936468044124	0.0002501098508595838	1.0	draw597	True
1.0	44.0	-7.559039204182777	-28.154049412051002	0.0	0.11077323488527284	0.026694518712725962	1.0	draw598	True
1.0	222.0	-0.30404418231246394	-0.3002252498900987	0.0	0.044104303370239586	0.0026680030937921515	1.0	draw602	True
1.0	159.0	-0.08674825588344375	-0.08674825588344375	0.0	0.10201263301311639	1.692979734151643e-05	1.0	draw603	True
1.0	178.0	-0.09769384435370637	-0.0944774584164158	0.0	0.037775335271888436	6.88298971748202e-05	1.0	draw605	True
1.0	134.0	-0.6463007211930156	-0.6463411434813138	0.0	0.04456596528346045	2.025639951793707e-06	1.0	draw606	True
1.0	145.0	-3.4620344724354895	-3.3839640917032914	0.0	0.3745890158316873	0.004231159186723017	1.0	draw607	True
1.0	142.0	-0.5762105056882499	-0.5777955806636553	0.0	0.026306326914869144	3.990066078475007e-06	1.0	draw608	True
1.0	148.0	-0.11123067204920742	-0.11123067204920742	0.0	0.9425419221008606	0.0006801856670956969	1.0	draw609	True
1.0	169.0	-0.017340823120871155	-0.01686086782254677	0.0	0.027015621022332806	1.6547052084612315e-06	1.0	draw610	True
1.0	173.0	-0.08882915906638647	-0.08882915906638647	0.0	0.09397343899441002	9.974230038521954e-05	1.0	draw611	True
1.0	87.0	-0.028103406406459235	-0.028103406406459235	0.0	0.004326480478977298	5.124699021919699e-08	1.0	draw612	True
1.0	177.0	-0.07779369148386496	-0.0763968414667031	0.0	0.008852416845639467	8.772203364782664e-05	1.0	draw614	True
1.0	191.0	-0.2779765373891946	-0.281422472925764	0.0	0.09257631664304393	0.0001712308637099509	1.0	draw618	True
1.0	163.0	-0.02724130560696974	-0.02724130560696974	0.0	0.0076277878406511	7.0295909819063115e-06	1.0	draw621	True
2.0	101.0	-0.668197958799476	-0.668197958799476	0.0	0.1018728027213985	3.762343708196695e-05	1.0	draw626	True
1.0	233.0	-0.32849642865562617	-0.32849642865562617	0.0	0.0019572828779645785	0.0001573856771599544	1.0	draw627	True
1.0	149.0	-0.06373021897233197	-0.06373021897233197	0.0	0.033194764319956424	7.25731253783767e-05	1.0	draw629	True
1.0	171.0	-0.06348248573665842	-0.06263438606680714	0.0	0.02385769917973494	4.824505627440909e-05	1.0	draw630	True
1.0	202.0	-0.4797168312952166	-0.4797168312952166	0.0	0.4623602808989891	0.0009668326184437066	1.0	draw632	True
1.0	178.0	0.38596285332531133	0.11507243744049	25.0	0.3820697520195424	0.003253346862587519	1.0	draw634	True
1.0	186.0	-0.9351055239612645	-3.9691271197678306	0.0	0.9958815903441446	0.005672469532623441	1.0	draw637	True
2.0	212.0	-0.010006410652582199	-0.13344800195992032	0.0	0.00370586074693138	8.681281454280246e-07	1.0	draw638	True
3.0	140.0	0.3083935299732138	0.4263598714706942	3.0	0.7367359231337498	0.004581960493477897	1.0	draw640	True
1.0	182.0	-0.2889692674752279	-0.2731491974853069	0.0	0.20398872696320924	0.002370835812084545	1.0	draw641	True
1.0	195.0	-0.9322273726557704	-0.9008488270503704	0.0	0.2889548718211121	0.00198258254006754	1.0	draw645	True
1.0	239.0	-0.5453101616544123	-72.2267823627299	0.0	0.013043630766613083	1.831391338564877e-05	1.0	draw646	True
3.0	177.0	-0.012619178536889951	-0.012619178536889951	0.0	0.13972123570317027	3.4667907977348027e-06	1.0	draw648	True
1.0	142.0	-0.015998349491600464	-0.015998349491600464	0.0	0.20329648857569216	4.423906370361876e-05	1.0	draw649	True
1.0	203.0	-0.6207848322201713	-0.8701694827888178	0.0	0.0269549841681615	0.0019267531484894443	1.0	draw655	True
1.0	193.0	-0.14332446962551196	-0.18710083244017173	0.0	0.05295937372547645	0.00015385788759478248	1.0	draw657	True
1.0	241.0	-0.5914180535007594	-0.5914180535007594	0.0	0.6039964552527504	0.0050055805890545065	1.0	draw658	True
1.0	235.0	-1.3472210913329108	-1.3234158999784371	0.0	0.08824365313446739	0.0012921796522921076	1.0	draw659	True
1.0	176.0	-0.1454585152266623	-0.14511897573692692	0.0	0.02438966278645345	8.338209586234134e-06	1.0	draw660	True
1.0	157.0	-0.08998682049822082	-0.08998682049822082	0.0	0.1439966960463692	2.485269207362117e-05	1.0	draw663	True
3.0	104.0	-0.013783999232254977	-0.5305273612543894	0.0	0.0166614245108656	5.035101775281065e-07	1.0	draw668	True
1.0	232.0	-14.987971005290525	-14.987971005290525	0.0	4.858492803882906	0.0047932376931379	1.0	draw669	True
1.0	210.0	-0.6982344788969401	-0.8820567381622018	0.0	0.01821636861286057	0.0002537069659633154	1.0	draw670	True
1.0	165.0	-0.09006638656895251	-0.18164641699252237	0.0	0.059654539197126495	3.6359834753959046e-05	1.0	draw677	True
1.0	242.0	-31.135784098559945	-30.71151682349013	0.0	0.5455901272207643	0.0035568871795491025	1.0	draw678	True
1.0	176.0	-1.6350933260920166	-1.6350933260920166	0.0	0.17394039097618155	0.007148875062323413	1.0	draw679	True
1.0	161.0	-0.31692364258209954	-0.31692364258209954	0.0	0.08585646206726039	0.0003760954367749634	1.0	draw680	True
2.0	29.0	-0.17832300729552186	-2.860190043789612	0.0	0.14009685135504882	0.000561525961793698	1.0	draw681	True
1.0	219.0	-0.7337672651077825	-0.7079526738238596	0.0	0.6413850620142408	0.0013913043058185709	1.0	draw682	True
1.0	187.0	-0.08198851978190592	-0.08198851978190592	0.0	0.23107328195216353	3.327782951864197e-05	1.0	draw683	True
1.0	157.0	-0.1014566208503442	-0.09392902085052661	0.0	0.54671276300856	0.00031080910453375627	1.0	draw684	True
1.0	179.0	0.06432487074314812	0.06432487074314812	7.0	0.10541849303313108	8.80271614628422e-05	1.0	draw686	True
1.0	113.0	-0.1422560647803738	-0.14226848903907488	0.0	0.002016120505612442	7.532737864011735e-09	1.0	draw697	True
1.0	154.0	-0.333731941339112	-0.8617907030108034	0.0	0.02342739720712547	0.0021330429508486285	1.0	draw698	True
1.0	175.0	-0.6212243526166226	-1.4607746815725224	0.0	0.12735362770091915	0.000551792414562982	1.0	draw699	True
1.0	249.0	-1.8083040619734678	-1.8083040619734678	0.0	0.20540811386527427	0.01366450948200985	1.0	draw703	True
1.0	215.0	-0.5778075925112145	-0.5778075925112145	0.0	0.15530589068590606	0.00015273731295950522	1.0	draw705	True
1.0	170.0	-0.6862804457854379	-0.6922355215726347	0.0	0.022107186475025888	2.5816916984117126e-06	1.0	draw707	True
1.0	186.0	-0.05714111095570418	-0.05343329668574719	0.0	0.05993149718255915	0.00010865849578082922	1.0	draw708	True
1.0	229.0	-0.7909294396070438	-0.7909294396070438	0.0	0.12610333332392568	1.7426835707202825e-06	1.0	draw709	True
1.0	163.0	0.017744049023089223	-1.2461885628394345	17.0	0.28743356885001864	0.000456116768141236	1.0	draw713	True
1.0	227.0	-7.78624236085213	-7.573010895081962	0.0	0.19024382450306218	0.003645449165828843	1.0	draw715	True
1.0	180.0	-0.05554729268582611	-0.05554729268582611	0.0	0.609189679917037	0.0002776230774085036	1.0	draw716	True
1.0	156.0	-0.05920741329548536	-0.05758909227135878	0.0	0.06403970516454374	7.866726303166119e-05	1.0	draw717	True
1.0	173.0	-0.36379650796593477	-0.3597508904831728	0.0	0.08230302845802533	0.0013763654965785776	1.0	draw719	True
1.0	168.0	-0.011033063861515991	-0.011020596855950384	0.0	0.0017185511586507746	2.025793292357216e-07	1.0	draw720	True
1.0	176.0	-0.0763823007076658	-0.11591563176758056	0.0	0.014464064284007575	8.115514654006236e-06	1.0	draw721	True
1.0	187.0	-0.04381114273070599	-0.04326416499720207	0.0	0.01217859869091253	1.8873636411263166e-05	1.0	draw722	True
1.0	196.0	-0.05266660934251232	-0.054918486399704036	0.0	0.10137600460206957	5.690376092636248e-05	1.0	draw723	True
2.0	20.0	-0.07192178379466915	-5.051729665120921	0.0	0.00201828350788251	2.4845732446138788e-05	1.0	draw724	True
1.0	182.0	-0.11543132316672075	-0.11249103466285179	0.0	0.02483726756818902	8.332941210820315e-05	1.0	draw731	True
3.0	81.0	-3.016823783006381	-7.191234434234306	0.0	1.0961639227829671	0.0456364956768342	1.0	draw732	True
1.0	140.0	-0.09732908142903465	-0.09732908142903465	0.0	0.14749534163284203	5.295900803268165e-05	1.0	draw736	True
1.0	162.0	-0.09758696063471949	-0.08686807385282608	0.0	0.2535787139467178	0.0005967748169650348	1.0	draw738	True
1.0	196.0	-0.9713508197729461	-1.3068560018134097	0.0	0.09325720706589202	0.002699275883723686	1.0	draw739	True
1.0	226.0	-0.7235991069052099	-0.7890004558357463	0.0	0.22939155467390845	0.002363432219043941	1.0	draw743	True
1.0	137.0	-67.9216377931785	-67.9216377931785	0.0	0.10820952216923393	0.002539009674208453	1.0	draw744	True
1.0	147.0	-0.6598458882032614	-0.6598458882032614	0.0	0.07497290249365138	0.00018764081203778005	1.0	draw745	True
1.0	163.0	-0.06885741377076633	-0.06529661340661826	0.0	0.10928190127236201	1.7069840294030428e-05	1.0	draw747	True
1.0	191.0	-0.36688142702548954	-0.5569803696453798	0.0	0.255227631666196	0.0005162778058537929	1.0	draw748	True
1.0	165.0	-0.5732513969448286	-0.5732513969448286	0.0	0.4080298887405279	0.0002856984600173058	1.0	draw749	True
1.0	229.0	-0.12991115434319328	-0.12679752831716032	0.0	0.1408629294180552	0.00016895029265980404	1.0	draw750	True
1.0	114.0	-0.04182196003316998	-0.0418611728296401	0.0	0.0008824213867822772	2.849689838464144e-09	1.0	draw753	True
1.0	248.0	-0.09498959257487279	-0.6310332754443322	0.0	0.11001743060288414	0.0029353773866597687	1.0	draw754	True
1.0	243.0	-0.22450529212006642	-0.9482604743465177	0.0	0.04252533442365455	0.0005844386766916111	1.0	draw755	True
1.0	158.0	-0.02204070000111645	-0.02204070000111645	0.0	0.09964381128036943	5.6880258746261565e-06	1.0	draw756	True
1.0	215.0	-0.3983449077019638	-0.47261553404194184	0.0	0.028180102218020666	1.2818493042126362e-05	1.0	draw757	True
1.0	188.0	-0.4593945687142817	-0.4593945687142817	0.0	0.09866148760239392	0.00023598130968579054	1.0	draw759	True
1.0	169.0	-0.3308202070204733	-0.31750092358554155	0.0	0.8043985847566519	0.0037227936426966765	1.0	draw763	True
1.0	216.0	-0.9800213331836112	-0.969606601070858	0.0	0.198276977909387	0.0027215913397363707	1.0	draw765	True
1.0	165.0	-0.0016243023782080458	-0.0016243023782080458	0.0	0.049120609545155264	1.0841229129344389e-05	1.0	draw766	True
1.0	183.0	-0.9446177828433242	-1.1211096077314264	0.0	0.16687927217513518	0.0011327422844375546	1.0	draw767	True
1.0	180.0	-0.5271812788573982	-0.4492645320161184	0.0	1.620849826893361	0.020206563451506617	1.0	draw770	True
1.0	205.0	-0.5157698162686437	-4.39392696832121	0.0	0.09397234254432628	0.004157471126262871	1.0	draw772	True
1.0	245.0	-4.060477260945179	-4.0177172902996	0.0	0.2638121599604738	0.022415365943934014	1.0	draw775	True
1.0	176.0	-0.6177341306984911	-1.9919974859398346	0.0	0.2716827984692695	0.0005245444802918274	1.0	draw777	True
1.0	135.0	-3.4706720247674503	-3.4703833378733426	0.0	0.047873483222240346	6.835502883191717e-06	1.0	draw778	True
1.0	188.0	-0.06969285243220226	-1.5132587462041647	0.0	0.035413640222472786	0.00018983434447243536	1.0	draw781	True
1.0	155.0	-0.44841825963069815	-0.4296977233457021	0.0	0.5320284963068715	0.0036631588502839527	1.0	draw782	True
1.0	190.0	-0.1997997676965261	-0.1997997676965261	0.0	0.13693384526033323	0.00038289972060621535	1.0	draw783	True
2.0	146.0	-0.4687199454798421	-3.806551089020763	0.0	0.04915202436392122	0.0003881934429443133	1.0	draw786	True
1.0	172.0	-0.6931349892540448	-0.6931349892540448	0.0	0.442042654394212	0.0011164108839786353	1.0	draw787	True
1.0	233.0	-0.8518703616240602	-0.8518703616240602	0.0	0.4172135960177107	0.0021308147360243205	1.0	draw788	True
1.0	160.0	-0.2760733541450035	-0.2760733541450035	0.0	0.15372158662427374	0.0005334692239678199	1.0	draw790	True
1.0	156.0	-0.3986246886786086	-0.4004306573489004	0.0	0.014679905546939842	2.4746548026245217e-05	1.0	draw791	True
1.0	135.0	-1.0872547686700544	-1.0872547686700544	0.0	0.23438442403501808	7.338827542842584e-05	1.0	draw795	True
1.0	144.0	-0.3635732013198119	-0.38073555821266714	0.0	0.018361237485538775	1.3609765616291185e-05	1.0	draw796	True
1.0	205.0	-0.11927717065110893	-0.11927717065110893	0.0	0.050166794039266625	7.363125346530044e-06	1.0	draw798	True
1.0	181.0	-0.1387618767707417	-0.06283013265332019	0.0	0.9200020771986749	0.0037295736801134715	1.0	draw799	True
1.0	251.0	-2.055132030015017	-2.128672218776114	0.0	0.40529792204491694	0.07068670861342938	1.0	draw801	True
1.0	150.0	-0.7770680205701848	-0.7660609943658032	0.0	0.1600921345048978	0.005009537774545313	1.0	draw803	True
2.0	74.0	-0.8223903487723225	-0.8223903487723225	0.0	0.31258840542127847	0.00207266547785424	1.0	draw806	True
1.0	139.0	-0.23196292780682967	-0.22699701896394758	0.0	0.1645072476004945	0.0011365517344901887	1.0	draw808	True
1.0	199.0	-0.37861637760926536	-0.36971309670569585	0.0	0.3338640114355742	0.001562095796542781	1.0	draw810	True
1.0	163.0	-0.11277752904863943	-0.1110306409582397	0.0	0.06579843160146552	8.459708829821628e-05	1.0	draw811	True
1.0	186.0	-1.468291615063632	-1.4690348983987458	0.0	0.02992463321787154	3.0340238188970776e-05	1.0	draw812	True
3.0	155.0	0.018156779497419888	0.018156779497419888	5.0	0.05315015977201341	1.2701971267116706e-05	1.0	draw814	True
1.0	160.0	-0.1738634393844652	-0.1738634393844652	0.0	0.12025965974689957	0.00021565309760865765	1.0	draw815	True
1.0	188.0	-0.09052508547571782	-0.09052508547571782	0.0	0.08423232662276847	1.4538905811678369e-05	1.0	draw817	True
1.0	252.0	-2.1814993562149767	-2.10453644497576	0.0	0.1841374271715909	0.0008833716130310777	1.0	draw819	True
3.0	197.0	0.027226665904855743	-0.07416670199662073	18.0	0.1865796897141703	9.00572349182283e-06	1.0	draw820	True
1.0	185.0	-3.725576043756307	-3.636802577282103	0.0	0.7465600555210764	0.0003515078231246161	1.0	draw821	True
3.0	127.0	0.008984522740566183	-0.10120436225655816	15.0	0.09571743171840677	7.41843784870066e-05	1.0	draw824	True
1.0	45.0	-10.844161453186146	-58.05834806114731	0.0	0.5317728235393508	0.0017475990527377502	1.0	draw825	True
1.0	42.0	-0.19443805494280947	-0.19054720055704655	0.0	0.10747651071204407	0.0003813481323228513	1.0	draw826	True
1.0	190.0	-0.49219977116129526	-0.4898212273661414	0.0	0.0697076027484482	9.977904839567644e-05	1.0	draw828	True
1.0	150.0	-0.3182452784074417	-0.303679917830932	0.0	0.10722777252026872	0.0010130092739675041	1.0	draw829	True
1.0	160.0	-0.211766348421397	-0.3280270845412069	0.0	0.06188463939024531	0.00013198549731823682	1.0	draw830	True
1.0	164.0	-1.0088827441587094	-0.9937281796626348	0.0	0.4582839512730129	0.00931917294656272	1.0	draw831	True
2.0	153.0	-1.6635640906415834	-1.5883403422017968	0.0	0.12206827483572845	0.001473025789109984	1.0	draw833	True
1.0	179.0	0.07121754994354218	0.07121754994354218	7.0	0.052327450548562096	0.0005869366873654859	1.0	draw834	True
1.0	120.0	-7.136833548143861	-7.136833548143861	0.0	0.3792133393161255	0.017986699463314652	1.0	draw835	True
1.0	170.0	-0.046394358784269056	-0.046394358784269056	0.0	0.05827817417820973	3.818834615398433e-05	1.0	draw837	True
1.0	141.0	-2.1822448185372525	-2.1664759149200017	0.0	0.014571953104768512	0.0008470588188329829	1.0	draw838	True
1.0	199.0	-0.1128084485211013	-0.1128084485211013	0.0	0.8673748328196638	0.0003093396777683997	1.0	draw839	True
1.0	162.0	-0.06640373790477191	-0.06640373790477191	0.0	0.0533968034466639	2.4954922558596755e-05	1.0	draw841	True
1.0	217.0	-0.426106738727244	-0.42531671279711064	0.0	0.06178364353873724	0.0003138573885087461	1.0	draw844	True
1.0	172.0	-0.00402285389973759	-0.0283843271991453	0.0	0.032616445203243784	2.539951567228844e-05	1.0	draw846	True
1.0	215.0	-0.41440123312173244	-0.41440123312173244	0.0	0.23754547492230615	1.3685623108957652e-05	1.0	draw848	True
1.0	193.0	-0.22934114653385596	-0.21619930506911392	0.0	0.10253464835455293	0.00011539749897576795	1.0	draw849	True
1.0	171.0	-0.06444373883453744	-0.06172178439564921	0.0	0.029237883367610108	0.00012106232368184032	1.0	draw852	True
1.0	157.0	-0.07254070691135682	-0.07250559832097528	0.0	0.017360076118054162	5.029946220829417e-07	1.0	draw855	True
1.0	158.0	-0.10452399546794806	-0.10452399546794806	0.0	0.13921004354207775	8.144897492198296e-05	1.0	draw856	True
1.0	155.0	-0.18373514985083936	-0.18373514985083936	0.0	0.05477794896366412	6.830291108055249e-06	1.0	draw860	True
1.0	184.0	7.883671935063341e-05	0.0015545885040405272	1.0	0.14840214321132503	8.397805959086603e-05	1.0	draw861	True
1.0	241.0	-0.2579594419535777	-0.2579594419535777	0.0	0.10641673332243443	4.920917318009152e-05	1.0	draw863	True
1.0	165.0	-1.0245723597773435	-1.0245723597773435	0.0	0.386465218424627	0.03795262481677839	1.0	draw864	True
1.0	178.0	-1.6875838205538445	-1.6743178723372363	0.0	0.5124726368709315	0.0038606563375977363	1.0	draw865	True
1.0	204.0	-0.4683499108164921	-0.4625855767478525	0.0	0.18768764390983966	0.0029912192168223533	1.0	draw867	True
1.0	149.0	-0.03821651300984302	-0.03821651300984302	0.0	0.014407207487467644	7.92850881116093e-06	1.0	draw869	True
1.0	136.0	-0.20904237777362708	-0.19472885595091105	0.0	0.020001380344974517	0.00019279516106322526	1.0	draw873	True
1.0	159.0	-0.12438064204332235	-0.12438064204332235	0.0	0.06944935123614121	8.011426156887535e-05	1.0	draw874	True
1.0	147.0	-0.06671471781352627	-0.06671471781352627	0.0	0.11163771995640107	2.1275050708238605e-05	1.0	draw875	True
1.0	165.0	-0.14033930058186073	-0.14033930058186073	0.0	0.07847347281544888	0.00034278619120309126	1.0	draw877	True
2.0	141.0	-1.1727980331182324	-0.7153292764645148	0.0	0.18583153981821082	0.0006796425197610087	1.0	draw878	True
1.0	68.0	-0.16220770239123303	-0.16223284502788568	0.0	0.003032327911383276	1.3287515993098365e-07	1.0	draw879	True
1.0	186.0	-0.7155980213615151	-0.7155980213615151	0.0	0.11397448381550351	0.001954496810586737	1.0	draw881	True
1.0	176.0	-0.46984259535445366	-0.46984259535445366	0.0	0.17865796213990381	0.0002976391870301898	1.0	draw882	True
1.0	157.0	-0.06000375091848573	-0.050578163541504476	0.0	0.2858507448771284	0.00022385358470954127	1.0	draw883	True
1.0	161.0	-0.042895907366403946	-0.03496010164236872	0.0	0.2192719260966305	0.00015719208172095968	1.0	draw886	True
1.0	219.0	-0.524810992666837	-0.6707922972572465	0.0	0.20145932948815054	0.0014605439773215086	1.0	draw889	True
1.0	206.0	-9.829779960560964	-9.829779960560964	0.0	0.07576589898465665	1.7254578917523855e-05	1.0	draw890	True
1.0	265.0	-0.5742851949806304	-1.7030092171532025	0.0	0.0745330621496934	0.00010280458174723372	1.0	draw893	True
1.0	188.0	-0.9501519168263807	-0.9501691198441842	0.0	0.434029077887749	0.003542675558017703	1.0	draw896	True
1.0	87.0	-1.9052172761194688	-21.564705701224803	0.0	0.01729567417975815	0.0004045559737299077	1.0	draw897	True
1.0	172.0	-0.07020433057796678	-0.07020433057796678	0.0	0.021516654173053693	1.7045642377086078e-05	1.0	draw898	True
1.0	154.0	-0.1099937489751111	-0.13855512094289515	0.0	0.04622070487658869	0.00011001247590739207	1.0	draw903	True
1.0	191.0	-1.2643321277853135	-1.2643321277853135	0.0	1.335102167202153	0.10294204403658902	1.0	draw905	True
1.0	225.0	-5.431569706389334	-5.431569706389334	0.0	0.13728164914813049	7.0013243007663e-05	1.0	draw908	True
1.0	227.0	-0.59292283594648	-0.8468419422029121	0.0	0.17483528933914322	0.0005386250260272186	1.0	draw912	True
1.0	204.0	-7.9031435887954835	-7.704534589386578	0.0	0.945526962000552	0.004111341678047321	1.0	draw915	True
3.0	121.0	-0.0857340518301539	-0.19281921779364353	0.0	0.2444843484906586	8.232741096621337e-05	1.0	draw919	True
1.0	166.0	-0.400320666627767	-0.43290851069024205	0.0	0.20906296902759572	0.004409099570363933	1.0	draw920	True
2.0	49.0	-0.39306580867613805	-9.828822346579626	0.0	0.007008026721225707	0.03457002914975198	1.0	draw923	True
1.0	189.0	-0.5534651613153283	-3.290922886849073	0.0	1.2319613526377016	0.07102086138169116	1.0	draw925	True
1.0	102.0	-0.38576257899116884	-7.025159161065641	0.0	0.004290428564553406	3.096871777397714e-05	1.0	draw927	True
1.0	120.0	-1.8236639187447097	-2.6682278267290673	0.0	0.03035124347029696	0.0009368158159056668	1.0	draw930	True
1.0	168.0	-0.18072329317944089	-0.18072329317944089	0.0	0.32326420500433184	0.00026368863527659694	1.0	draw931	True
1.0	177.0	-0.8336073879696672	-0.8168736178083363	0.0	0.16426495418464906	0.005122178938138448	1.0	draw932	True
2.0	226.0	-0.0747273588247894	-12.166788080112989	0.0	0.0003400816608132907	0.0009280730884840715	1.0	draw933	True
1.0	295.0	-0.3953213591150955	-4.618003409848026	0.0	0.24231321251625224	0.003898897562883198	1.0	draw934	True
1.0	170.0	-0.46762249553239754	-0.4655698683111077	0.0	0.26985262222125317	0.00021866570132992997	1.0	draw935	True
1.0	162.0	-0.12597124978613775	-0.16352154945762698	0.0	0.026769148632709086	1.8567309538541077e-05	1.0	draw937	True
1.0	182.0	-0.16704234814262273	-0.3191058262237593	0.0	0.1639796195290583	0.0003407443715005267	1.0	draw939	True
1.0	190.0	-0.07579717057683841	-0.07321793250147945	0.0	0.17363919495538502	0.00015724701515556336	1.0	draw941	True
2.0	136.0	-0.1824588084653013	-13.57446397684238	0.0	0.001271105342557042	0.006984077434906307	1.0	draw942	True
1.0	198.0	-0.08039595295108908	-0.07432810209558127	0.0	0.642991146666833	0.00019117801135065877	1.0	draw943	True
1.0	178.0	-1.536455845937549	-1.5197636960213503	0.0	0.5555167252265848	0.013320312054282685	1.0	draw946	True
1.0	209.0	-0.34631488918501413	-0.34631488918501413	0.0	0.3903084106803728	0.0005733001897157335	1.0	draw949	True
1.0	133.0	-0.09606023481544525	-0.09470579129478697	0.0	0.04156519351851149	5.6673854912944254e-05	1.0	draw950	True
1.0	165.0	-0.7177285923634182	-0.7177285923634182	0.0	0.27487146173900184	0.010076013848254907	1.0	draw951	True
1.0	226.0	-0.04324004441981827	-0.42586070861373343	0.0	0.054882153296324565	8.712231327809052e-05	1.0	draw952	True
1.0	282.0	-0.03730420250378941	-1.329955518223858	0.0	0.0025858297375732932	1.0794129845916005e-07	1.0	draw953	True
2.0	143.0	-0.30813194620433526	-39.166603096608036	0.0	0.3019280654540484	0.003657574138347968	1.0	draw954	True
1.0	177.0	-0.35003584725424025	-1.1117269179903997	0.0	0.1857345371017449	0.0007994308105366683	1.0	draw957	True
2.0	3.0	-0.1887460562816538	-75.29518508763394	0.0	0.08076310815647339	0.002257087442017713	1.0	draw958	True
1.0	198.0	-3.198968547510177	-3.198968547510177	0.0	0.18025499735360012	0.004019557844295033	1.0	draw959	True
1.0	240.0	-1.432973831976768	-2.3465947093807094	0.0	1.8964538417512204	0.9318206652976407	1.0	draw961	True
1.0	226.0	-1.8563778134774618	-1.842150729224067	0.0	0.16299383825479802	0.0006672520601162753	1.0	draw964	True
1.0	148.0	-0.6883867408377454	-0.6639157651977303	0.0	0.13641274579096344	0.010692361288214644	1.0	draw966	True
1.0	212.0	-0.08891010534525375	-0.08669433920720228	0.0	0.05144388489838496	1.8865781862247058e-05	1.0	draw969	True
1.0	244.0	-0.05848551651518163	-6.304641467960628	0.0	0.0004595747042543517	2.035958437234403e-07	1.0	draw970	True
1.0	165.0	-0.16771743488513252	-0.311158351198614	0.0	0.06177652412084413	0.0003910961186815338	1.0	draw971	True
1.0	138.0	-0.23338702924269392	-0.2514519983946622	0.0	0.0018022268885803522	4.960836198216481e-06	1.0	draw972	True
3.0	166.0	-0.8399031330187898	-1.007478270137646	0.0	0.3004778273146771	8.907657454229357e-05	1.0	draw977	True
1.0	175.0	-0.9532697493922394	-0.9300487316997041	0.0	0.4516252928920733	0.009162151078588412	1.0	draw979	True
1.0	241.0	-0.2510618167147656	-0.2510618167147656	0.0	0.005647611114032115	7.193582500748236e-07	1.0	draw982	True
2.0	53.0	-6.058152484635421	-6.058152484635421	0.0	0.03220688630244064	0.0001425910593794621	1.0	draw984	True
1.0	233.0	-0.7562834926437205	-0.7296951595880912	0.0	0.2615665892697695	0.018175251449542986	1.0	draw985	True
1.0	208.0	-0.04771080354063661	-0.056800239610309125	0.0	0.07767072129958048	3.4091435948071875e-05	1.0	draw986	True
1.0	166.0	-0.04422333240374032	-0.03175982304218555	0.0	0.1704492284846611	0.00047667930834732156	1.0	draw987	True
1.0	169.0	-0.3892346999434552	-0.37370395911899745	0.0	0.23136277551571707	0.0031131620893345836	1.0	draw989	True
1.0	184.0	-0.38102262227667083	-0.37561767093470766	0.0	0.1961438841437697	0.0011997458829869523	1.0	draw992	True
1.0	158.0	-0.13218473520463966	-0.13218473520463966	0.0	0.4914848367698907	0.00028144015979072675	1.0	draw994	True
1.0	157.0	-0.19044105301716083	-0.3704228428829647	0.0	0.053848933042432795	3.8105407797431325e-06	1.0	draw995	True
1.0	177.0	-0.589902944044664	-0.5903794979133087	0.0	0.020337788465721596	1.2734706097758824e-05	1.0	draw996	True
1.0	151.0	-0.6131476717056766	-0.6131476717056766	0.0	0.08483261721740122	2.27775662109791e-06	1.0	draw998	True
1.0	238.0	-1.8002947562862197	-2.387581554068169	0.0	0.3755394817131311	0.007545265669920179	1.0	draw1001	True
1.0	168.0	-0.19332243275025024	-0.19332243275025024	0.0	0.11981049616400806	0.00030742362561187765	1.0	draw1004	True
1.0	193.0	-0.9512076730907097	-1.2469022332934916	0.0	0.10273962987060722	0.00142282178165161	1.0	draw1005	True
1.0	161.0	-0.8282402104639556	-0.8282402104639556	0.0	0.009021422102513582	6.808789213766511e-08	1.0	draw1006	True
1.0	181.0	-0.04115554998632169	-0.03160635649123441	0.0	0.21791045825042743	5.067441662222977e-05	1.0	draw1007	True
1.0	190.0	-1.8601438195215916	-1.8151402267166257	0.0	0.5736161561518776	0.0021858998602199836	1.0	draw1009	True
1.0	139.0	-0.41199858190932365	-0.41005331737678735	0.0	0.2630612257473816	0.0009993684343435512	1.0	draw1013	True
1.0	188.0	-0.10729917341657068	-0.10729917341657068	0.0	0.07345040102142325	8.01612359247412e-06	1.0	draw1016	True
1.0	158.0	-0.518164634797882	-0.5337462302629876	0.0	0.025382622907632987	0.00012019084854193264	1.0	draw1017	True
1.0	197.0	-0.07917677630211042	-0.07532712816595782	0.0	0.07107224162401163	0.00011767113054190632	1.0	draw1020	True
1.0	195.0	-2.5474565649688743	-2.5474565649688743	0.0	2.0285557068552675	0.12446183958402798	1.0	draw1022	True
1.0	124.0	-1.957105960010025	-1.9302023378755735	0.0	0.02201864999501802	0.000168312525627255	1.0	draw1025	True
1.0	231.0	-0.7239451289618541	-0.9403296420176963	0.0	0.06779100121229614	0.004267112652034362	1.0	draw1026	True
1.0	198.0	-6.488571529579964	-6.2019412297376135	0.0	0.06782039048312062	0.002278448278877594	1.0	draw1030	True
1.0	180.0	-1.1014002566611598	-1.2646787197987504	0.0	0.2117679676015994	0.003820019942610779	1.0	draw1031	True
4.0	138.0	-1.297011857576904	-1.168395187096515	0.0	0.28403913642061535	0.005829629466250714	1.0	draw1032	True
1.0	164.0	-0.9271901842687207	-0.9283816949191608	0.0	0.016151701385050666	3.8502463719617515e-06	1.0	draw1033	True
1.0	189.0	-0.2699126397210006	-0.2609026135200677	0.0	0.4694933913883006	0.0011084586297264425	1.0	draw1035	True
1.0	161.0	-0.07323855697115131	-0.07323855697115131	0.0	0.04812074713315056	1.248660119770561e-05	1.0	draw1036	True
1.0	168.0	-0.926229168279367	-0.926229168279367	0.0	0.4795610256750715	0.04532733795951699	1.0	draw1038	True
1.0	168.0	-0.05314161585121506	-0.05314161585121506	0.0	0.2177711786090055	0.00018789139297324645	1.0	draw1039	True
2.0	51.0	-0.03227781276749775	-0.32043932233806666	0.0	0.0008892864830259362	0.00012727231417675866	1.0	draw1042	True
1.0	187.0	-2.2448032589452063	-2.238046596098308	0.0	0.1791247417052658	0.008518780838754838	1.0	draw1044	True
1.0	112.0	-21.590083632131968	-21.548489736815824	0.0	0.17028039415977175	0.13926246462875605	1.0	draw1045	True
3.0	167.0	-0.5340826661291738	-0.5250030235191487	0.0	1.4164163809584391	0.04170066927278354	1.0	draw1048	True
1.0	228.0	-1.7972672502095082	-1.7972672502095082	0.0	0.20294257454049225	0.0003624355254266563	1.0	draw1049	True
1.0	42.0	-4.2374148057944065	-21.10972055206981	0.0	0.3754567738089121	0.0031886730995865737	1.0	draw1051	True
1.0	216.0	-0.01815441598410711	-0.06391770432357796	0.0	0.02512044180972469	0.0001565903956201682	1.0	draw1054	True
1.0	254.0	-0.048883123147617176	-0.11872423292764063	0.0	0.006324817602869542	4.072383943563788e-05	1.0	draw1056	True
1.0	180.0	-0.7903918357221826	-0.7903918357221826	0.0	0.30843836851214873	0.0004932324266849833	1.0	draw1057	True
1.0	172.0	-3.9945698465935844	-3.970094465504956	0.0	0.5536923472121692	0.06079338913920159	1.0	draw1058	True
1.0	184.0	-0.47431265476005763	-0.47431265476005763	0.0	0.4094767189772524	0.00040104481802801943	1.0	draw1060	True
1.0	222.0	-1.619809838266113	-1.6223865104563764	0.0	0.24814471739826985	0.0006633258430289164	1.0	draw1061	True
2.0	33.0	-0.05426214965611446	-0.546542530447264	0.0	0.0302263172471398	0.0007354501821444523	1.0	draw1062	True
0.0	181.0	-0.3449504419779202	-155.85643053353564	0.0	0.012547840442182568	1.0794354343602061e-05	1.0	draw1063	True
3.0	192.0	-0.014324178925964774	-0.21992477767102325	0.0	0.30396135453755796	5.0957729856933e-05	1.0	draw1064	True
1.0	241.0	-0.17481568617422544	-0.7718536110984259	0.0	0.0700696029699838	0.0007574911376042111	1.0	draw1065	True
1.0	152.0	-10.447923172938943	-10.447923172938943	0.0	0.21396232494459272	0.010516221268659292	1.0	draw1068	True
1.0	184.0	-0.16961486875919257	-0.1642399657154799	0.0	0.17671601998511724	0.0007470239997134566	1.0	draw1069	True
1.0	156.0	-0.035833377186136814	-0.035833377186136814	0.0	0.01979038720954497	7.588941219086398e-07	1.0	draw1070	True
1.0	193.0	-0.5786994856917551	-0.559282619703252	0.0	0.4162420158750499	0.003263489866699393	1.0	draw1071	True
1.0	205.0	-1.1918548817567718	-1.0602350017602515	0.0	0.6634278708485949	0.1035582427903796	1.0	draw1072	True
1.0	211.0	-1.9539164549701922	-2.044785812708403	0.0	1.4385238602934198	0.013497434008849162	1.0	draw1073	True
1.0	223.0	-0.5363677154589872	-0.5316479572297999	0.0	0.09569237722996687	0.0027576303597348947	1.0	draw1074	True
1.0	158.0	-0.031733960966833154	-0.02640115162378423	0.0	0.13904453676099576	6.399595906071218e-05	1.0	draw1075	True
2.0	31.0	-0.1719147591762148	-7.462926919071713	0.0	0.4535228997600838	0.002092995488119951	1.0	draw1077	True
1.0	140.0	-1.2128520973569992	-1.2128520973569992	0.0	0.23634122455974596	0.00018605161160987208	1.0	draw1080	True
1.0	221.0	-0.44196107549358954	-1.1820657628567535	0.0	0.2726908641630431	0.006257947772281705	1.0	draw1081	True
1.0	150.0	-0.02584303713393142	-0.016637908524823317	0.0	0.4742002600800601	6.510350458471822e-05	1.0	draw1082	True
1.0	155.0	-1.0147292005973383	-1.0147292005973383	0.0	0.29189130844816397	0.00401914947175076	1.0	draw1083	True
1.0	189.0	-0.2752635670709679	-0.23062032693052434	0.0	3.0935025888203618	0.0009199645055384955	1.0	draw1085	True
1.0	167.0	-1.099300315876386	-1.0360704473809543	0.0	0.03377272693966164	0.0006185773868961769	1.0	draw1086	True
1.0	211.0	-0.4014650767656365	-0.4014650767656365	0.0	0.04149807975441883	0.00020277167132095456	1.0	draw1087	True
1.0	231.0	-2.3098908510572764	-2.2464897221264097	0.0	0.11176036715733088	0.0017572771895593387	1.0	draw1088	True
1.0	96.0	-1.460423751131144	-1.4581298173889894	0.0	0.29290921619964194	0.012999587117501933	1.0	draw1089	True
1.0	157.0	-0.020708232585090747	-0.020708232585090747	0.0	0.033605757747725305	6.237308786716681e-06	1.0	draw1091	True
1.0	126.0	-0.16599740904574292	-0.16599740904574292	0.0	0.0662498441379627	0.0005902065285348968	1.0	draw1092	True
2.0	67.0	-42.87841622166813	-22.401295251509517	0.0	0.10164143127733563	0.04914379304515489	1.0	draw1093	True
1.0	181.0	0.28043742452275633	0.29384291796073914	10.0	0.2736217005766185	0.007268340941566546	1.0	draw1095	True
1.0	156.0	-0.1345585678671069	-0.13955928576648455	0.0	0.01809248088018103	7.217714330782167e-07	1.0	draw1099	True
1.0	200.0	-0.19046653070110586	-1.5585418671061382	0.0	0.6499213310521825	0.007665283325068422	1.0	draw1100	True
1.0	153.0	-0.5173567770084219	-0.5173567770084219	0.0	0.05531393224904444	0.0001645118250322832	1.0	draw1102	True
1.0	146.0	-0.2659977954810049	-0.2659977954810049	0.0	0.45933337886948533	6.101038619499972e-05	1.0	draw1103	True
1.0	178.0	-0.1227373274827967	-0.11817785483242106	0.0	0.053353827317128906	4.2160597612858935e-05	1.0	draw1104	True
1.0	156.0	-0.09262133133891329	-0.16872026172694643	0.0	0.06847707608959325	0.00020228435327271146	1.0	draw1106	True
1.0	186.0	-0.23397067053348858	-0.25723565982707286	0.0	0.029251274696138207	0.00010030418751767773	1.0	draw1109	True
1.0	148.0	-1.2795758750967299	-1.4989162949068466	0.0	0.12196452657235565	2.705282885356796e-05	1.0	draw1110	True
1.0	109.0	-0.052767661073338135	-0.052767661073338135	0.0	0.009521147867979099	9.418281381473422e-07	1.0	draw1111	True
1.0	198.0	-0.23244601104268459	-0.23244601104268459	0.0	0.050134214191350085	3.895260586679355e-05	1.0	draw1115	True
1.0	184.0	-0.027852673320519872	-0.026049775267781433	0.0	0.039496458417198586	2.615034957002452e-05	1.0	draw1116	True
1.0	235.0	-0.0338600029646141	-0.20719009298569532	0.0	0.0014009490813324556	6.542116683068114e-06	1.0	draw1117	True
1.0	179.0	-0.07758043849908422	-0.20453980589333204	0.0	0.062200151518744244	0.0005069677648576354	1.0	draw1118	True
1.0	146.0	-5.285905987230382	-5.28468043872364	0.0	0.18031258291033309	7.213207528050836e-05	1.0	draw1120	True
1.0	161.0	-0.0049955904661412665	-1.25234894482674	0.0	0.09121363314625462	4.4864388844258776e-05	1.0	draw1121	True
1.0	222.0	-0.3150034284272183	-0.38647511126069345	0.0	0.04298673561050957	0.0004193927307718605	1.0	draw1122	True
1.0	200.0	-0.11759069169340995	-0.11720699776653974	0.0	0.01352010318319013	0.00018593890828352881	1.0	draw1123	True
1.0	167.0	-0.027998178531307226	-0.027436314749042543	0.0	0.028392366381800836	1.2553870373340742e-05	1.0	draw1125	True
4.0	138.0	-0.0188579620109909	-2.2570823589112927	0.0	0.317551920198925	0.00045652808005274264	1.0	draw1126	True
1.0	177.0	-2.8651201230078875	-2.847769371639916	0.0	1.3543804535267403	0.02866467917858334	1.0	draw1129	True
1.0	172.0	-0.17784889910940868	-0.164089988212998	0.0	0.2196054575113374	0.00047497191143140027	1.0	draw1130	True
1.0	168.0	-0.10755347289491377	-0.10755347289491377	0.0	0.11173316721652962	0.00010233039703362153	1.0	draw1131	True
1.0	152.0	-0.04533621124050424	-0.04533621124050424	0.0	0.03320305904823438	1.4173687246809482e-06	1.0	draw1132	True
1.0	183.0	-2.279524574055531	-2.279524574055531	0.0	0.5410274474190244	0.00015355356951326593	1.0	draw1133	True
1.0	193.0	-0.6057574792240037	-0.5882730749064761	0.0	0.2222021599976492	0.012369787616710107	1.0	draw1134	True
1.0	170.0	-0.12236393495586456	-0.11930149028240006	0.0	0.09505760401348862	0.0001526484870226501	1.0	draw1135	True
1.0	146.0	-2.0427340368094136	-1.9941146700712522	0.0	0.9399834961920556	0.06033171725853313	1.0	draw1136	True
1.0	171.0	-0.07650430618647722	-0.07650430618647722	0.0	0.08985700328823235	2.5251607843134654e-05	1.0	draw1138	True
1.0	141.0	-0.06599829185342239	-0.06599829185342239	0.0	0.04317682031598512	1.3644465069528935e-05	1.0	draw1142	True
1.0	46.0	-0.05185075978433367	-0.42583958752498086	0.0	0.015790011586098836	6.34424868460163e-05	1.0	draw1144	True
1.0	144.0	-51.36868340071728	-51.36868340071728	0.0	0.013383910305701286	1.7058339858287304e-05	1.0	draw1147	True
2.0	84.0	-2.9099093352402505	-1.2598611069796954	0.0	0.005592930723589494	0.00022269894968941987	1.0	draw1151	True
1.0	197.0	0.28391251067772916	0.4783819751350413	3.0	1.061611803092532	0.34116637202833744	1.0	draw1157	True
1.0	178.0	-1.083391319034465	-1.0752494705806694	0.0	0.3102992625301159	0.004462654229766524	1.0	draw1158	True
1.0	174.0	-0.5651237198796231	-0.5551161226384803	0.0	0.488380963197225	0.0035459423686362524	1.0	draw1160	True
3.0	156.0	0.4400812603098644	0.4400812603098644	14.0	0.20574898941664876	0.0023036730818492596	1.0	draw1161	True
1.0	191.0	-0.491293103444591	-0.3779961404772067	0.0	1.9282854890951084	0.03089373427266453	1.0	draw1162	True
1.0	189.0	-118.4737794641357	-115.70574210830682	0.0	0.744205726008893	0.37916499250249036	1.0	draw1163	True
1.0	212.0	-0.6279623298525507	-0.6333767514343459	0.0	0.04101643212820039	0.0010325369758015699	1.0	draw1164	True
1.0	175.0	-0.24998312021521962	-0.20389229048007695	0.0	0.8521316545828217	0.00464400166007448	1.0	draw1171	True
1.0	161.0	-0.0354860147581088	-3.8587936298418595	0.0	0.923095497528739	0.0022700696275112435	1.0	draw1173	True
1.0	235.0	-1.0586984646706152	-1.0586984646706152	0.0	0.21714625933626802	0.007549203834943641	1.0	draw1175	True
2.0	196.0	-0.2213318284521867	-5.351318383294665	0.0	0.009306937296328586	0.010779756244570934	1.0	draw1179	True
1.0	151.0	-4.1886585488122545	-4.1886585488122545	0.0	0.05640257260352114	9.350040493655897e-07	1.0	draw1182	True
1.0	181.0	-1.0092000939525987	-0.982390475823995	0.0	0.4225212122017377	0.029385940694269023	1.0	draw1183	True
1.0	103.0	-53.96011218244541	-53.96011218244541	0.0	0.4642383498879193	0.03291883576263733	1.0	draw1184	True
1.0	182.0	-0.7737645644272104	-0.7036287959771065	0.0	0.359057666286348	0.0010446768447882706	1.0	draw1185	True
1.0	210.0	-2.6844897209481404	-2.660250443769188	0.0	2.4632108969420967	0.2699542100622727	1.0	draw1186	True
1.0	196.0	-0.055773219582364475	-0.05623599956515417	0.0	0.012031811205838745	8.536490118540179e-06	1.0	draw1189	True
1.0	247.0	-0.18291798840097553	-2.4857242061150666	0.0	0.3168250943323433	0.004887130600383774	1.0	draw1191	True
1.0	183.0	-0.10645017957046239	-0.10645017957046239	0.0	0.04235057807340335	1.1355518092118874e-07	1.0	draw1192	True
3.0	154.0	-0.004747541109496104	-0.13209794877952957	0.0	0.056739460762801314	1.87942649880745e-06	1.0	draw1197	True
1.0	73.0	-0.4847197332161953	-0.4823555153536606	0.0	0.03578752238730133	0.00022856881368181294	1.0	draw1198	True
1.0	176.0	-0.08818666504441984	-0.36596152161608486	0.0	0.062348133028382414	4.323308943267526e-05	1.0	draw1199	True
2.0	23.0	-1.0699295250696625	-73.7887779412607	0.0	0.019945371306700134	0.15816573108297532	1.0	draw1200	True
1.0	210.0	-0.0816210197562673	-0.08519700368976334	0.0	0.0682570523974282	9.89824418599073e-05	1.0	draw1202	True
1.0	215.0	-0.13014759556684258	-0.13014759556684258	0.0	0.14720561154330966	4.430751428432291e-06	1.0	draw1205	True
1.0	186.0	-0.2439385891320742	-0.2439385891320742	0.0	0.29095956702085457	0.0009137566253571893	1.0	draw1206	True
1.0	184.0	-0.16710695840958847	-0.6425817645789659	0.0	0.21469282395181763	0.0025265922421892615	1.0	draw1208	True
1.0	228.0	-1.9212761909115867	-1.8591639484602114	0.0	0.16017805197337281	0.008296724065619234	1.0	draw1213	True
2.0	159.0	-0.10082764728409457	-3.9988987455175273	0.0	0.09959044506706101	0.00011327690440823551	1.0	draw1214	True
1.0	189.0	-1.4556745351722074	-4.274050565209332	0.0	0.13078797611329682	0.026482706765976922	1.0	draw1215	True
2.0	163.0	-0.40135261467638594	-0.37264012137210006	0.0	0.22834477197744746	0.002582269750457184	1.0	draw1216	True
1.0	212.0	-0.07404576434591174	-0.07727336312435358	0.0	0.0019873216426910586	4.042431327594525e-07	1.0	draw1217	True
1.0	210.0	-2.1854662044670596	-2.1793759251702567	0.0	0.2159799146069386	0.0007959319624392621	1.0	draw1218	True
1.0	196.0	-0.055328340971534606	-0.283955255639732	0.0	0.32301227469025096	0.0010631508389732423	1.0	draw1219	True
1.0	202.0	-0.13310403927944184	-10.269025790296606	0.0	0.001616695818011836	1.194118597323209e-05	1.0	draw1220	True
1.0	199.0	-0.7576682057170085	-0.8182840801756381	0.0	0.12369588882875	0.00019028541722475477	1.0	draw1221	True
1.0	169.0	-0.1977550591046016	-0.375215124423489	0.0	0.012161269835032604	6.494995970730795e-05	1.0	draw1222	True
1.0	203.0	-1.1841555120381644	-1.1841555120381644	0.0	0.790859260363427	0.0001397028291825507	1.0	draw1223	True
1.0	125.0	-0.05193393245950587	-0.049899301384169564	0.0	0.04304043171261399	6.0741545999237515e-05	1.0	draw1225	True
1.0	166.0	-0.07112591807403329	-0.07112591807403329	0.0	0.22052746827784772	7.396039332866313e-05	1.0	draw1227	True
1.0	192.0	0.18328320580275415	0.026609264558975165	21.0	1.076042008371277	0.005801854980272357	1.0	draw1228	True
1.0	191.0	-1.1332934268612975	-1.109908728165263	0.0	1.0026436985889424	0.0003012564331603863	1.0	draw1229	True
1.0	194.0	-0.045925422392743165	-0.211263885669137	0.0	0.28380547054762933	0.0023085337454186016	1.0	draw1230	True
1.0	168.0	-0.019892366004082916	-0.019892366004082916	0.0	0.16985681029617974	1.799189477495251e-05	1.0	draw1232	True
1.0	172.0	-0.0537525021989791	-0.08725615711439783	0.0	0.038063386086479065	0.00021608176492034966	1.0	draw1235	True
1.0	75.0	-2.630945880624549	-2.630945880624549	0.0	0.06413904308416724	0.001938883424316785	1.0	draw1236	True
1.0	142.0	-0.14828534410053648	-0.13132339104945429	0.0	0.0643094918817081	0.00013372273355159936	1.0	draw1237	True
1.0	195.0	0.25326967295893077	0.1151878347751083	19.0	1.0612060054040537	0.0007189469228265154	1.0	draw1239	True
1.0	188.0	0.05258095053245493	-0.613602828271768	13.0	0.13989994738708192	0.0004123980237085915	1.0	draw1240	True
1.0	205.0	-0.2780572022870985	-1.3754092883790534	0.0	0.11632603816900974	0.003182289795497605	1.0	draw1241	True
1.0	70.0	-3.1220191333664276	-34.396198612396084	0.0	0.058799339245771055	0.0021365046383126536	1.0	draw1242	True
1.0	168.0	-1.483895929931672	-1.4830043089744354	0.0	0.3802988606622322	0.0009287503987998991	1.0	draw1243	True
1.0	226.0	-0.02861549932463947	-2.5603245694242376	0.0	0.4583973359929595	0.012745552554363389	1.0	draw1245	True
								draw1246	False
1.0	191.0	-0.4445459239061773	-1.552381094970241	0.0	0.4700835167005145	0.00029448466647958834	1.0	draw1248	True
1.0	238.0	-1.1496145283851573	-1.8631549041250042	0.0	0.04140733821924919	0.003194670650549947	1.0	draw1249	True
1.0	148.0	-0.17494097345179332	-0.17494097345179332	0.0	0.05797182524810887	4.3110395238104586e-05	1.0	draw1256	True
1.0	192.0	-0.47096107223846545	-0.8190213528957846	0.0	0.10817657104949482	0.029858835016554525	1.0	draw1257	True
1.0	210.0	-2.966406106610947	-2.966406106610947	0.0	0.9556243225955167	0.0017844151128759578	1.0	draw1258	True
1.0	179.0	-0.09436017914967083	-0.09204114577510934	0.0	0.09123792311016989	0.00015046420098017275	1.0	draw1259	True
1.0	235.0	-0.8233676265401885	-0.8233676265401885	0.0	0.23251829318147244	5.408142987735265e-05	1.0	draw1260	True
1.0	155.0	-0.14055875062075546	-0.3357116701951682	0.0	0.15521579231843363	0.002558712286357092	1.0	draw1262	True
1.0	144.0	-0.061162832588808114	-2.6747233654724853	0.0	0.02162424210186523	0.00022275591264981677	1.0	draw1263	True
1.0	187.0	1.2071890641034426	1.2484031447862929	10.0	1.8034536284117237	0.024640605908272904	1.0	draw1265	True
1.0	145.0	-0.1406778181460112	-0.1406778181460112	0.0	0.01805614502868658	0.00044488371471785004	1.0	draw1267	True
1.0	153.0	-0.08668719459785848	-0.08668719459785848	0.0	0.04536879482037847	6.278492336975013e-05	1.0	draw1268	True
1.0	225.0	-0.7648982908226378	-0.7648982908226378	0.0	0.3533423010142135	0.0007455251467059931	1.0	draw1269	True
1.0	201.0	-0.3047037451096996	-0.2990335406586464	0.0	0.37365861373735804	0.0009658693273963309	1.0	draw1270	True
1.0	180.0	-5.041627824672395	-5.016832002667667	0.0	0.22533108786482653	0.003791731470477197	1.0	draw1271	True
1.0	164.0	-0.4225378138250999	-0.4127656315156975	0.0	0.10028969778850405	7.080520887086772e-05	1.0	draw1272	True
1.0	156.0	-0.023976452287896587	-0.023976452287896587	0.0	0.11021408003875882	1.388486004785453e-06	1.0	draw1274	True
1.0	129.0	-0.04960818854586981	-0.05038484030558984	0.0	0.01077273079588262	2.6834222051621246e-06	1.0	draw1275	True
1.0	170.0	-0.08668970794216968	-0.08576422815173328	0.0	0.04715969952248676	7.117084963015793e-05	1.0	draw1276	True
1.0	141.0	-0.2564830486380436	-0.2564830486380436	0.0	0.32050735724277746	4.305074098623531e-05	1.0	draw1277	True
1.0	165.0	-0.13095292711417136	-0.1258542414470949	0.0	0.04747693438099442	0.00011831907763673044	1.0	draw1278	True
1.0	144.0	-1.2520224939425653	-1.252871294059517	0.0	0.11922361666662193	4.7222966621333163e-05	1.0	draw1279	True
0.0	154.0	-1.041103272190633	-27.066377854711266	0.0	0.0008747061963910683	7.421659331949616e-06	1.0	draw1282	True
1.0	129.0	-0.251275964750563	-16.005831384763393	0.0	0.007207511463922808	0.00012438608029342763	1.0	draw1283	True
1.0	184.0	-0.05537798764309421	-0.056394303226427044	0.0	0.003692610162476859	8.212941741957847e-06	1.0	draw1284	True
1.0	219.0	-0.24091928370593932	-0.37963614492106806	0.0	0.087461981020786	0.00039511441936581287	1.0	draw1286	True
1.0	187.0	-11.794972397077466	-12.054312259033686	0.0	0.680640167711956	0.042854724197813936	1.0	draw1288	True
1.0	197.0	-0.018039091601740415	-0.018039091601740415	0.0	0.08108818962066938	4.009586675871327e-06	1.0	draw1290	True
1.0	194.0	-0.5625908921586485	-0.5625908921586485	0.0	0.9788533631541081	0.00034102405067739045	1.0	draw1292	True
1.0	208.0	-0.037453352476703186	-0.037453352476703186	0.0	0.07921074284605269	5.623971882214315e-06	1.0	draw1294	True
1.0	184.0	-0.08127090861871872	-0.018903092543743005	0.0	1.1148818540033172	0.0012724995323599878	1.0	draw1295	True
1.0	197.0	-1.6531353148511394	-1.6531353148511394	0.0	0.054603628568014234	6.254941460352411e-05	1.0	draw1296	True
1.0	210.0	-0.34129323461538974	-0.34129323461538974	0.0	0.06023054950837866	0.0013615527983355674	1.0	draw1299	True
1.0	83.0	-4.420198704811328	-4.222462601052836	0.0	4.387241585334065	0.768399001416161	1.0	draw1300	True
1.0	216.0	-0.3620423017385125	-0.3500668758257705	0.0	0.2505147959060401	0.0021407578413789184	1.0	draw1301	True
1.0	188.0	-0.42187955248189507	-0.5204273782323088	0.0	0.017307558648489384	1.1377381431982187e-05	1.0	draw1303	True
1.0	202.0	-0.27701263328400877	-0.4856004677739077	0.0	0.08063381546908832	5.5373778747764536e-05	1.0	draw1304	True
1.0	178.0	-0.06665911151050893	-0.06499204715830201	0.0	0.08594583026349321	6.544435210919363e-05	1.0	draw1305	True
1.0	165.0	-0.022325648915982807	-0.022325648915982807	0.0	0.04921694693507029	1.0869988163905339e-08	1.0	draw1307	True
2.0	167.0	-1.3812308651491036	-8.959567284715538	0.0	0.39163718450048596	0.010702565161923515	1.0	draw1309	True
1.0	212.0	-1.5473798224697632	-2.6216928775812764	0.0	0.8945831380945605	0.039406890881388344	1.0	draw1312	True
1.0	248.0	-1.050012282108299	-1.050012282108299	0.0	0.17914411959678891	0.002383152332721376	1.0	draw1313	True
1.0	159.0	-0.17939633115272663	-0.17939633115272663	0.0	0.1225551215112646	0.00721043855842986	1.0	draw1315	True
1.0	160.0	-4.982329665445757	-4.947629666367063	0.0	0.23563699744334407	0.01682303492816252	1.0	draw1318	True
1.0	145.0	-0.38595394373555464	-0.9135111733594523	0.0	0.04506708289168914	0.00029107063629119827	1.0	draw1320	True
1.0	219.0	-0.17076137382554096	-0.20574353113778815	0.0	0.040240200446132426	0.00015757875664318356	1.0	draw1321	True
1.0	107.0	-0.1673417911909632	-0.1673417911909632	0.0	0.04129726395685964	8.69168911463662e-05	1.0	draw1322	True
1.0	169.0	-0.13533170249390636	-0.13062633529159431	0.0	0.1662819890704758	0.0001697143828223922	1.0	draw1323	True
1.0	218.0	-0.06658115066116999	-0.06658115066116999	0.0	0.020300571734546174	2.1603329920827372e-05	1.0	draw1325	True
1.0	188.0	-0.06144622954420962	-0.06137195984067519	0.0	0.022236524685148404	1.8925000526002794e-06	1.0	draw1326	True
3.0	197.0	-0.6237393018013248	-0.5457111349195369	0.0	0.20444915478122788	0.003837626722247714	1.0	draw1327	True
1.0	170.0	-3.5091299893613392	-3.4777534031270014	0.0	0.15155705403328057	0.011348533208523219	1.0	draw1329	True
1.0	151.0	-0.010852243154798255	-0.010852243154798255	0.0	0.006364461300998364	8.643586421092694e-07	1.0	draw1336	True
2.0	73.0	-6.336495637618875	-7.026952909308789	0.0	0.030825401427814432	0.41770542448260584	1.0	draw1338	True
1.0	170.0	-0.21131100715201845	-0.31499888084790867	0.0	0.12182937515389688	0.000542533766981325	1.0	draw1339	True
1.0	191.0	-0.04409215604810586	-0.04409215604810586	0.0	0.2184967786636724	1.1972491149799467e-05	1.0	draw1340	True
1.0	168.0	0.01420194034898295	0.0037569309646398874	8.0	0.3342407503943684	0.001803433253415195	1.0	draw1341	True
1.0	168.0	-0.010480071903757323	-0.010480071903757323	0.0	0.02378293090585733	4.5500154631246387e-07	1.0	draw1345	True
1.0	166.0	-0.7773931541753243	-0.7314163672330738	0.0	0.1702794672494535	0.005315982016611026	1.0	draw1347	True
1.0	158.0	-0.052672324358716584	-0.052672324358716584	0.0	0.027422357927421082	3.529861024099706e-05	1.0	draw1348	True
1.0	238.0	-0.028870416169555727	-0.02844089882551684	0.0	0.00521927033182989	2.4001515009044187e-06	1.0	draw1353	True
1.0	232.0	-0.2200272290457297	-0.3619717943389038	0.0	0.19017428925377322	0.00023193242467476076	1.0	draw1356	True
2.0	145.0	-0.3149399072707288	-0.09686954310363777	0.0	0.065075289912314	0.0006987195576306208	1.0	draw1357	True
1.0	185.0	-0.14048572718597582	-0.14048572718597582	0.0	0.05086111623715659	2.4277955888407942e-05	1.0	draw1362	True
1.0	185.0	-0.18421353201756635	-0.18421353201756635	0.0	0.6669976677223637	0.00017506230556047086	1.0	draw1363	True
1.0	230.0	-1.031867703599998	-1.031867703599998	0.0	0.8545536856942556	0.00016363772348454626	1.0	draw1365	True
1.0	74.0	-0.016985380783767427	-0.011402695533517849	0.0	0.27894534677087396	6.191696608936966e-05	1.0	draw1367	True
1.0	161.0	-3.0840799033281514	-2.9750821864634514	0.0	0.0986075914672823	0.0005469722103781368	1.0	draw1368	True
3.0	102.0	0.08568321045358071	0.08568321045358071	5.0	0.11609436866479836	8.094981438419474e-05	1.0	draw1372	True
1.0	183.0	-0.05586830266877668	-0.05396616354501328	0.0	0.12689103022258988	5.7999445443497034e-05	1.0	draw1374	True
1.0	200.0	-0.23255688741416874	-0.23255688741416874	0.0	0.5067683440622757	0.00019118521984917784	1.0	draw1377	True
1.0	204.0	-0.9382626871079979	-0.9382626871079979	0.0	0.010615623395486187	0.0002858524358922871	1.0	draw1378	True
1.0	183.0	0.01640119290719516	-0.24459993418869463	11.0	0.14856904108536934	0.0005037533013130485	1.0	draw1379	True
1.0	141.0	-0.8591270522977253	-0.8591270522977253	0.0	0.11203218370347409	0.0001305515538725781	1.0	draw1381	True
1.0	199.0	-3.9058237243503084	-3.7642988140296882	0.0	2.741309721267632	0.02078121350423477	1.0	draw1382	True
1.0	125.0	-20.9501330840068	-20.9501330840068	0.0	0.2687058065910683	0.0036144744421854787	1.0	draw1384	True
1.0	218.0	-0.17747191372028792	-0.21380642218903437	0.0	0.015903779812345108	4.966231865267489e-06	1.0	draw1386	True
2.0	140.0	-0.0816734085864317	-0.0816734085864317	0.0	0.012882882911707106	2.8597605245383e-08	1.0	draw1387	True
1.0	205.0	-0.12375112843792296	-0.11749651825852422	0.0	0.048867356806853	2.5825131174117786e-05	1.0	draw1389	True
1.0	185.0	-0.07364949112921074	-0.07364949112921074	0.0	0.1302932296743016	3.8755033669152526e-05	1.0	draw1391	True
2.0	217.0	-0.06831825505639047	-0.02787159254149148	0.0	0.629938904517414	0.0005375789502394893	1.0	draw1393	True
1.0	193.0	0.1604023373682282	-0.024742770039775458	30.0	0.33900553364478714	0.0009925926092710384	1.0	draw1394	True
1.0	142.0	-0.016188660059311688	-0.015444025225841762	0.0	0.03899024162950989	3.5777884773835445e-06	1.0	draw1395	True
2.0	71.0	-9.042081172680254	-6.969864101810892	0.0	0.275751383486155	0.018160141365597304	1.0	draw1396	True
2.0	66.0	-0.47090296394622166	-63.183658797996756	0.0	1.5883440522957193	0.05478630346285465	1.0	draw1397	True
1.0	149.0	-2.0482913065264157	-2.0471886678255746	0.0	0.1727372747219491	7.164301245859382e-06	1.0	draw1399	True
1.0	209.0	-7.393053573600644	-7.393053573600644	0.0	0.08446498224086052	0.0008133123130155921	1.0	draw1401	True
1.0	332.0	-0.28930568401364987	-7.9229861924896845	0.0	0.0038682882997178006	8.878722171785956e-05	1.0	draw1403	True
1.0	107.0	-0.22036156796404674	-0.21526445340030423	0.0	0.09081534019044452	0.000521371744329291	1.0	draw1405	True
1.0	207.0	-0.036942634944457334	-0.6691699093382462	0.0	0.06701755979196258	1.0207230202215753e-05	1.0	draw1407	True
1.0	130.0	-0.19008055784933953	-0.19162316921769734	0.0	0.014463394074119233	1.3328049221303648e-05	1.0	draw1410	True
2.0	84.0	-0.37736095035706424	-1.4031620534867746	0.0	0.09428422471216032	0.0010843447557826525	1.0	draw1411	True
1.0	185.0	-0.6692303253875981	-0.6611466269925312	0.0	0.06592408933029076	0.006015539601557843	1.0	draw1412	True
1.0	212.0	-0.3586573446678727	-0.42378091246400695	0.0	0.017341421774802135	5.232496085814995e-05	1.0	draw1416	True
1.0	163.0	-0.06785427518687635	-0.06073962131968272	0.0	0.08235332456529146	0.00029098891113230567	1.0	draw1417	True
1.0	177.0	0.0017393797742885249	0.0034735506712301814	1.0	0.05146133623764663	3.7376072122966564e-05	1.0	draw1418	True
1.0	233.0	-0.08065010972225128	-0.32127905746474	0.0	0.1055535578232834	0.0001462669462989341	1.0	draw1419	True
1.0	208.0	-0.21565782460083488	-1.8546191252730067	0.0	0.08376628847221963	0.0006060473947418572	1.0	draw1420	True
1.0	167.0	-0.05028673923798953	-0.10653572918953363	0.0	0.08675566617624403	0.0003551075719851714	1.0	draw1421	True
1.0	196.0	-0.7352504221471879	-0.6983206682370238	0.0	0.47599083141186127	0.0028667165257872168	1.0	draw1423	True
1.0	154.0	-0.7624933612280569	-0.7503569395257013	0.0	0.40283295854717466	0.0011934817615288362	1.0	draw1425	True
1.0	201.0	-0.13030256032775278	-0.1319736667812556	0.0	0.030253177994220448	1.9811069258073405e-05	1.0	draw1428	True
1.0	179.0	-0.1751416700623737	-0.26255677414059986	0.0	0.07902342589555246	5.9818321874446254e-05	1.0	draw1429	True
1.0	175.0	-0.5019758924063704	-0.4703629469767775	0.0	0.13757427963857732	0.013734694500859722	1.0	draw1430	True
1.0	181.0	-0.15479851132696168	-0.15479851132696168	0.0	0.026364076984280574	8.083476807661215e-05	1.0	draw1431	True
1.0	207.0	0.011813177777398237	0.011813177777398237	4.0	0.13615345385085412	0.00018435593226859216	1.0	draw1432	True
1.0	177.0	-0.4495652090457536	-0.4495652090457536	0.0	0.1571078586569344	0.001787123502753711	1.0	draw1435	True
1.0	180.0	2.9434708874281834	2.9434708874281834	14.0	0.9671355336022811	0.024025389842467215	1.0	draw1438	True
1.0	158.0	-0.18430607174955527	-0.18430607174955527	0.0	0.04786635582100593	0.0005762204245553793	1.0	draw1439	True
1.0	241.0	-3.8090760201452447	-3.8090760201452447	0.0	2.0417222900263927	0.06249766922838591	1.0	draw1443	True
3.0	137.0	-0.10917095743021446	-0.19214815617636463	0.0	0.08876006852234644	5.227808141053466e-05	1.0	draw1445	True
1.0	131.0	-1.9220020829498148	-1.9220020829498148	0.0	0.033471481797129526	1.4862064340706316e-06	1.0	draw1446	True
1.0	138.0	-0.38861328068228757	-0.38861328068228757	0.0	0.02929872995717611	8.46647288882118e-05	1.0	draw1447	True
1.0	191.0	-4.420148023424271	-4.618564634696568	0.0	0.3968231884438651	0.03346602020175604	1.0	draw1448	True
1.0	204.0	-0.2105650785329617	-0.2105650785329617	0.0	0.2380791757904243	0.0003302863280773359	1.0	draw1450	True
3.0	216.0	-0.03680800172409722	-0.37548681649532584	0.0	0.05703490077802152	4.64375264227852e-05	1.0	draw1451	True
1.0	181.0	0.01729849731286877	-0.7900181561666432	14.0	0.12722014081336702	0.00020773453477385365	1.0	draw1453	True
1.0	245.0	-0.3037984642821962	-0.6372900894266701	0.0	0.020262866127067472	7.372637402865269e-05	1.0	draw1454	True
1.0	236.0	-0.5430483972973987	-0.7010429958856864	0.0	0.014820529672786567	0.00015683562325082185	1.0	draw1456	True
1.0	55.0	-1.0509027994351527	-1.0509027333497383	0.0	0.0007656000659368657	5.4073704289407865e-11	1.0	draw1457	True
1.0	139.0	-0.07233886621706527	-0.10932042401907063	0.0	0.0030310203510115407	1.8686952316294192e-07	1.0	draw1459	True
1.0	177.0	-0.9064673316426681	-0.9064673316426681	0.0	0.044178199148368694	0.00037030928552700745	1.0	draw1461	True
1.0	167.0	-1.2730379822034736	-1.9272678548272133	0.0	0.4317739920583369	0.0025114123584546524	1.0	draw1463	True
2.0	145.0	-0.037588929813789126	-0.037588929813789126	0.0	0.009402306787784928	1.8115178516440457e-06	1.0	draw1466	True
1.0	209.0	-0.10380725664378894	-0.10380725664378894	0.0	0.05140715581115022	8.432688986799044e-05	1.0	draw1467	True
1.0	167.0	-0.63639176239463	-0.5470257054264535	0.0	0.05267823131356207	0.0012870095191505394	1.0	draw1469	True
1.0	177.0	-0.1015013936937703	-0.1015013936937703	0.0	0.0687180751316347	2.238414738164184e-05	1.0	draw1471	True
1.0	67.0	-2.536118859365542	-2.536118859365542	0.0	0.2993202242451939	0.0037263220775718775	1.0	draw1474	True
1.0	215.0	-0.06890393814125181	-5.9452719275147805	0.0	0.0010240047842473383	2.9568523628778114e-07	1.0	draw1476	True
1.0	142.0	-0.09619821264644773	-0.09821582784792966	0.0	0.001078422892719234	1.5018355836670548e-08	1.0	draw1478	True
1.0	117.0	-0.03014367431383658	-0.03014367431383658	0.0	0.012338252271575883	1.536237713062742e-05	1.0	draw1480	True
1.0	200.0	-1.6454214010192645	-1.6454214010192645	0.0	0.10679404147443769	0.00028912790225552515	1.0	draw1481	True
1.0	196.0	-1.1760846597654475	-1.1760846597654475	0.0	0.16746138011974324	0.00230384264455618	1.0	draw1482	True
1.0	164.0	-0.06598271017862423	-1.0352905537728052	0.0	0.275133628966588	0.014517261931654842	1.0	draw1483	True
1.0	197.0	-0.048475358648282896	-0.12519853073429996	0.0	0.007257952570578864	9.189255257576644e-05	1.0	draw1485	True
1.0	212.0	-0.0036037404410750873	-0.14179865358767435	0.0	0.06295463817544718	0.00022755482842132127	1.0	draw1487	True
1.0	130.0	-0.5947512878636928	-0.5955260905300601	0.0	0.005535090186848022	6.971202605960406e-06	1.0	draw1488	True
1.0	115.0	-14.027841865464831	-14.027841865464831	0.0	0.022473005316259655	4.583176958351537e-06	1.0	draw1492	True
1.0	136.0	-0.013362036522402964	-0.013362036522402964	0.0	0.02497856747730401	3.569018405899406e-07	1.0	draw1493	True
1.0	180.0	-1.0085127454605811	-1.0085127454605811	0.0	0.20452668011301672	1.95805116623064e-05	1.0	draw1496	True
1.0	124.0	-0.005995960403005419	-0.006298298631694019	0.0	0.0006068796999915422	8.424475455374796e-10	1.0	draw1500	True
1.0	171.0	-0.20765104377041227	-0.2501271027631634	0.0	0.11880458428553232	0.0029530013411354964	1.0	draw1502	True
1.0	204.0	-1.2493696784314898	-1.2001989061862974	0.0	0.3954887621999387	0.005991893321419364	1.0	draw1503	True
1.0	213.0	-0.8572753622402464	-0.8359034858210782	0.0	0.27062959210697957	0.0004747539279948045	1.0	draw1504	True
1.0	167.0	0.01300533403657668	-0.006258866841763078	12.0	0.013723072295218615	5.6382086910223826e-05	1.0	draw1505	True
1.0	32.0	-0.24492009776308338	-1.1915086407411866	0.0	0.05189566401927771	0.0002115081299918946	1.0	draw1506	True
1.0	161.0	-1.877541901276358	-2.739995244846975	0.0	0.8963695240009634	0.01265925982483371	1.0	draw1509	True
1.0	251.0	-0.7930387915944203	-0.7930387915944203	0.0	0.19164965780060458	0.00033017294266418976	1.0	draw1510	True
1.0	234.0	-0.1263252743611452	-0.12404767042900484	0.0	0.07310584176406996	3.004971923032867e-05	1.0	draw1511	True
1.0	180.0	-0.4519206299485429	-0.46101669944995577	0.0	0.0004146191401392758	2.9148389809268983e-07	1.0	draw1512	True
3.0	198.0	-0.6086896468168165	-0.5621823800840288	0.0	0.2836181773157197	0.00036032421698342464	1.0	draw1513	True
1.0	164.0	-7.103203792233791	-7.103203792233791	0.0	0.7390268604256189	0.07358372494620886	1.0	draw1514	True
1.0	135.0	-0.335446099621651	-0.335446099621651	0.0	0.10881321659276223	0.00024258861384701666	1.0	draw1515	True
1.0	159.0	-1.3187186794406578	-1.3141488136668231	0.0	0.5239078027886319	0.00480839835869331	1.0	draw1517	True
1.0	232.0	-0.1523575505022913	-0.1523575505022913	0.0	0.09535648969355293	1.0135485353305386e-05	1.0	draw1523	True
1.0	253.0	-2.4143104862254443	-2.4143104862254443	0.0	0.17371531677275898	0.00019875760151980657	1.0	draw1524	True
1.0	158.0	-0.04506585211445384	-0.04506585211445384	0.0	0.017205127203166224	8.811068510935792e-06	1.0	draw1525	True
1.0	210.0	-0.0785655363938574	-0.0778556724901833	0.0	0.02788751679487675	2.6095568372531857e-05	1.0	draw1527	True
1.0	186.0	-3.6509832595471003	-4.999408928068651	0.0	0.17913767851629517	0.00631428591926652	1.0	draw1528	True
1.0	116.0	-4.034574105710609	-4.034574105710609	0.0	0.5747302849896431	0.018794844576706514	1.0	draw1529	True
1.0	163.0	-0.42389177163379743	-0.42389177163379743	0.0	0.0915607414490098	0.0004555339577280511	1.0	draw1530	True
1.0	203.0	-0.2944303150200766	-0.2944303150200766	0.0	0.9120299113832988	0.00033560052954143747	1.0	draw1531	True
1.0	169.0	0.03434665347396985	-0.03189656465710797	20.0	0.06492058794685651	6.821717569049796e-05	1.0	draw1532	True
1.0	149.0	-0.040450267230744734	-0.040450267230744734	0.0	0.01107864608721045	2.9236600322935134e-06	1.0	draw1533	True
1.0	212.0	-1.0759992071438864	-1.0378351649776474	0.0	0.42614361936973166	0.003979425765496519	1.0	draw1535	True
1.0	216.0	-0.7749767048406437	-0.7749767048406437	0.0	0.4453921833311233	0.0031333214053766143	1.0	draw1538	True
1.0	171.0	-0.11456572468222193	-0.11307961515601395	0.0	0.18234756347286396	4.856338530096597e-05	1.0	draw1539	True
1.0	224.0	-0.8340342214325189	-0.8340342214325189	0.0	0.9956015724397448	0.002854249500627754	1.0	draw1541	True
1.0	222.0	-0.5460073657759312	-0.5460073657759312	0.0	0.10190976120606371	6.422279787472359e-05	1.0	draw1542	True
1.0	177.0	-0.02734946071993283	-0.17481903280881816	0.0	0.08213066440111873	8.314846451021948e-05	1.0	draw1544	True
1.0	207.0	-0.10472757251990243	-0.10472757251990243	0.0	0.08394174178649508	8.098171116849129e-05	1.0	draw1545	True
1.0	202.0	-0.7094869652615721	-0.7094869652615721	0.0	0.32835545061650007	0.001886362333466473	1.0	draw1546	True
1.0	151.0	-0.10804750162934565	-0.10804750162934565	0.0	0.11159354490254997	3.5699351475150205e-05	1.0	draw1547	True
1.0	159.0	-0.07315397854843672	-2.373536159443366	0.0	0.015147169248144621	0.00016056061820678562	1.0	draw1549	True
3.0	101.0	2.6044091174306025	-1.817723179669712	36.0	0.3343169504872871	0.001964559570694963	1.0	draw1552	True
1.0	236.0	-1.1594624809850622	-1.1594624809850622	0.0	0.12714900899403453	0.003980853322096867	1.0	draw1554	True
1.0	168.0	-0.051880532665502854	-0.22857742500392586	0.0	0.060797658049593556	6.33577960855388e-05	1.0	draw1555	True
1.0	172.0	-5.997582573438441	-9.593979237059875	0.0	0.5049688377112216	0.0055077817724962725	1.0	draw1556	True
1.0	167.0	-19.051620832417026	-18.73599342286477	0.0	0.2579510470821094	0.006703723040355146	1.0	draw1557	True
1.0	142.0	-1.044517141865849	-1.0447951902022174	0.0	0.1290503137859148	2.3470468563140782e-05	1.0	draw1560	True
1.0	172.0	-0.01978618191476641	-0.01978618191476641	0.0	0.027153040620178422	2.870077171584689e-07	1.0	draw1562	True
1.0	135.0	-2.5752570678240545	-2.5897388526329164	0.0	0.26994797141380755	0.01877137267529216	1.0	draw1563	True
1.0	217.0	-0.3244821108892686	-0.3170399829426939	0.0	0.19223312830144088	0.00017561973444659375	1.0	draw1565	True
1.0	163.0	-0.01319722984590943	-0.10942425278993462	0.0	0.06877261147983663	0.0004314376342763537	1.0	draw1569	True
1.0	182.0	0.5306911663394536	0.5306911663394536	11.0	0.23672892400696624	0.006031971134248181	1.0	draw1570	True
3.0	110.0	0.004950492688571921	-0.014958858794393258	27.0	0.017369024280606354	1.4814612921781887e-06	1.0	draw1571	True
1.0	209.0	-0.37530476703241333	-0.37530476703241333	0.0	0.026474995139386347	0.0002176673452872601	1.0	draw1572	True
1.0	179.0	-0.125488956134004	-0.125488956134004	0.0	0.12525836965466117	0.00011918499661665754	1.0	draw1573	True
1.0	178.0	-0.041747701710717885	-0.041747701710717885	0.0	0.09465763919250332	7.589897981553883e-06	1.0	draw1574	True
1.0	92.0	-1.7126734929967875	-1.7126734929967875	0.0	0.05501961459783855	0.0001393858282258477	1.0	draw1575	True
1.0	150.0	-0.022250549351378088	-0.022250549351378088	0.0	0.034069517275157536	4.648447593470665e-06	1.0	draw1577	True
1.0	199.0	-1.859903704942027	-1.8490594611558113	0.0	0.6602372265334635	0.05280086219049271	1.0	draw1580	True
1.0	150.0	-0.7986184102076479	-0.7359600602476031	0.0	0.40130344579630656	0.025707933117935684	1.0	draw1581	True
1.0	64.0	-0.17386348913422875	-1.6042170069142074	0.0	0.003423299918143027	8.36151610236432e-06	1.0	draw1582	True
1.0	159.0	-0.02464929151787335	-0.6139702801621569	0.0	0.08261207365383773	0.00010868914751211429	1.0	draw1583	True
1.0	152.0	-0.025743682920890493	-0.025743682920890493	0.0	0.20960360369076145	8.842308595928383e-05	1.0	draw1587	True
1.0	189.0	-0.9733646624211364	-0.9733646624211364	0.0	0.1562670129518115	0.0006626048289245118	1.0	draw1589	True
1.0	152.0	-0.3156244201630109	-0.3156244201630109	0.0	0.13205860735146685	0.00011111453344012456	1.0	draw1590	True
2.0	17.0	-0.3870903249493503	-7.552376095670472	0.0	0.1406393847060339	0.0006330630588096077	1.0	draw1591	True
1.0	153.0	-11.66760263232366	-11.66760263232366	0.0	0.34307482388835836	0.04981914767816413	1.0	draw1595	True
2.0	186.0	-0.06946982537261479	-1.222311271725317	0.0	0.003213157211236465	0.0007779548688440458	1.0	draw1597	True
1.0	193.0	-4.397056966556926	-4.367641147624098	0.0	0.6795086344266154	0.0004958432393111931	1.0	draw1599	True
1.0	187.0	-0.4155605965974833	-0.41109299010287326	0.0	0.5077043887741939	0.0017319883629177955	1.0	draw1600	True
1.0	145.0	-9.925727128038437	-9.925727128038437	0.0	0.37654789132144706	0.030848459377512467	1.0	draw1601	True
1.0	157.0	-0.05248423946653345	-0.05248423946653345	0.0	0.06854003740134844	1.114631638500419e-05	1.0	draw1603	True
1.0	139.0	-1.0583841708943118	-1.0482203741635465	0.0	0.1456140301113929	0.005089354354447451	1.0	draw1605	True
1.0	189.0	-0.23823377291919176	-0.26827591966642406	0.0	0.057600160274987294	0.0002409694138172892	1.0	draw1609	True
1.0	179.0	-0.29286545491790295	-0.38913545877103367	0.0	0.16009375702815473	0.003862415812566701	1.0	draw1610	True
1.0	148.0	-0.03606570080972394	-0.1709106176145117	0.0	0.041918039188007246	2.6386416660593012e-05	1.0	draw1611	True
1.0	183.0	-0.09524919865072962	-0.0650067525066622	0.0	0.9961416512801088	3.9118800637757393e-05	1.0	draw1615	True
1.0	205.0	-0.12989859293826106	-0.13128343885336954	0.0	0.03382714195258141	3.859980736466167e-05	1.0	draw1617	True
1.0	200.0	-0.0404626448538184	-0.5971161297282036	0.0	0.493465403235707	0.00024133260376338014	1.0	draw1618	True
1.0	223.0	-0.4801854169756389	-0.5172998850895545	0.0	0.012466460405605003	0.0001233887778931943	1.0	draw1619	True
5.0	103.0	-0.6109338802339042	-1.8490090565061263	0.0	0.5298844803741236	0.000930683517305865	1.0	draw1620	True
1.0	158.0	-0.1508190014574573	-0.09351348904707099	0.0	1.4244993596974165	0.0039388909190493405	1.0	draw1621	True
1.0	168.0	-0.07418146768353769	-0.08317747933612449	0.0	0.010977846275978156	5.565060859132311e-06	1.0	draw1622	True
1.0	115.0	-0.03262026190541145	-0.028246143322992044	0.0	0.15866026289101162	0.00010597506144859013	1.0	draw1623	True
1.0	183.0	-0.5905237706078422	-0.5830797708362938	0.0	0.9219053894769392	0.0036997712114038785	1.0	draw1624	True
1.0	195.0	-12.16939987769547	-12.147466953082322	0.0	1.2271591877054047	0.0048240371684076825	1.0	draw1626	True
1.0	152.0	-0.32978676476491303	-0.32705203495898777	0.0	0.049201000209913436	0.0003235820862676144	1.0	draw1631	True
1.0	173.0	-0.017462131615456483	-0.01577150249585853	0.0	0.029370053619203675	2.225147826352219e-05	1.0	draw1632	True
1.0	188.0	-0.4356292566819231	-0.4485623751344587	0.0	0.17159109334726502	0.0004412255239655833	1.0	draw1633	True
3.0	135.0	-0.036091177710105206	-0.08303493910482286	0.0	0.007682189277362301	1.911938116919287e-06	1.0	draw1635	True
1.0	218.0	-0.30170883194855097	-0.4194009808432561	0.0	0.10677559604248088	0.00016241052030171533	1.0	draw1638	True
1.0	198.0	-1.4942869800162106	-1.4942869800162106	0.0	1.6029803547296648	0.005662877225931787	1.0	draw1639	True
1.0	141.0	-0.08896945062349432	-0.09039511477293796	0.0	0.04265587228738361	2.5001702066162066e-05	1.0	draw1640	True
1.0	171.0	-0.04580250988895558	-0.045262031713974325	0.0	0.0388270276681895	2.2611371600676354e-05	1.0	draw1641	True
1.0	239.0	-2.236772399377547	-2.0663183654552624	0.0	0.6155230953853215	0.0008558173674555771	1.0	draw1642	True
1.0	188.0	-0.7893713245707096	-0.804304395354589	0.0	0.41582672949894955	0.0018342205317867077	1.0	draw1645	True
1.0	170.0	-0.10503263387880625	-0.10333287105988093	0.0	0.17766198784042994	0.00010268817520232204	1.0	draw1646	True
1.0	186.0	-0.22068364072250368	-0.2722278426372249	0.0	0.6241395630942304	0.05639321516302593	1.0	draw1647	True
1.0	43.0	-4.553323377274335	-25.999524895169543	0.0	0.41179315398560734	0.00029823564268192335	1.0	draw1648	True
1.0	153.0	-0.02369219378190613	-0.02369219378190613	0.0	0.020227821299669362	6.580766225792897e-05	1.0	draw1649	True
1.0	156.0	-0.23038480963063288	-0.3945455193518107	0.0	0.1144063926188566	0.0012920578009287232	1.0	draw1650	True
1.0	207.0	-0.48795336861864524	-0.5445236012328669	0.0	0.21857629773352527	0.0038102095926276116	1.0	draw1651	True
1.0	293.0	-0.14346043637725983	-1.676279951625987	0.0	0.015918673657718676	6.245004110828056e-05	1.0	draw1652	True
1.0	166.0	-1.401372625435965	-1.401372625435965	0.0	1.3152068736097553	0.004827876396119235	1.0	draw1653	True
1.0	234.0	-6.000280705357159	-6.000280705357159	0.0	0.6796161127973309	0.006865337355190529	1.0	draw1654	True
1.0	159.0	-0.792839376295698	-0.7425857897577344	0.0	0.2318563943586085	0.02194437017388336	1.0	draw1655	True
1.0	197.0	-0.5134459401426569	-0.5086433636527392	0.0	0.0667848130852404	0.003252172858039178	1.0	draw1656	True
2.0	61.0	-0.045384867937733525	-0.20635449683576515	0.0	0.025007866027761907	8.889196109512398e-05	1.0	draw1658	True
3.0	218.0	-0.20984300236485282	-0.20984300236485282	0.0	0.06814991667098591	0.00019532138083712674	1.0	draw1660	True
1.0	151.0	-0.8136634008974609	-0.8136634008974609	0.0	0.08240193217546889	0.0018708128199811105	1.0	draw1661	True
1.0	176.0	-0.05933898699394169	-0.058711317644668845	0.0	0.10015662222365046	4.67048850331539e-05	1.0	draw1664	True
2.0	100.0	-0.46003027011886066	-9.13569462593843	0.0	0.004777889263535005	0.0010140468483584284	1.0	draw1665	True
1.0	136.0	-0.14779498561021903	-0.14779498561021903	0.0	0.030551172951781214	0.0003280222371783599	1.0	draw1668	True
1.0	184.0	-0.07160801600304012	-0.06823260085293888	0.0	0.1178412880863031	0.00017892470576805287	1.0	draw1670	True
1.0	192.0	-0.18954318753360253	-0.18567911384897626	0.0	0.06469911437040785	7.382743265381495e-05	1.0	draw1671	True
1.0	181.0	-0.04826154524987338	-0.04826154524987338	0.0	0.20523781804909189	2.432781105746307e-05	1.0	draw1672	True
1.0	178.0	-0.8531988458178872	-0.8531988458178872	0.0	0.14867613798820017	2.3556974766465803e-05	1.0	draw1673	True
1.0	52.0	-14.540056931817167	-14.540056931817167	0.0	1.2512426541313526	0.07324540323006308	1.0	draw1674	True
1.0	181.0	-0.3170220582796772	-0.3139074211615583	0.0	0.029259876852273672	0.0009099578157731094	1.0	draw1675	True
2.0	75.0	-0.012620954339043991	-51.69373780082463	0.0	0.029931121173093985	3.2428850269278313e-05	1.0	draw1676	True
1.0	221.0	-0.6755279559985878	-1.5614765073538264	0.0	0.4733954526220313	0.010300783979450246	1.0	draw1679	True
2.0	57.0	-0.06107935536900815	-3.207141841356091	0.0	0.0007242024486995925	0.0003070545153815882	1.0	draw1680	True
1.0	174.0	-0.37443900317338136	-0.3735853188127749	0.0	0.055378426991889405	0.00018118231514341112	1.0	draw1681	True
1.0	176.0	-0.06796294917993129	-0.10565444913400548	0.0	0.007392658869798329	1.860300907413374e-05	1.0	draw1682	True
1.0	73.0	-0.6261511047116822	-0.6261511047116822	0.0	0.17081705684723136	0.0008082095741156865	1.0	draw1683	True
1.0	193.0	-0.20349225662520182	-0.05967187765054212	0.0	2.154646805557406	0.005526260207959113	1.0	draw1685	True
3.0	121.0	-0.6098364058460785	-0.6098364058460785	0.0	0.3466143654996195	0.0013704900949145084	1.0	draw1686	True
1.0	192.0	-0.36188848413273056	-0.3286148796264324	0.0	1.7539909515774472	0.009097872040120062	1.0	draw1688	True
1.0	185.0	0.8289629722236603	-0.830540038821705	30.0	0.22827254951829817	0.003656953774165667	1.0	draw1691	True
1.0	193.0	-0.09869437379389767	-0.09869437379389767	0.0	0.4233473741926066	0.0017297912847041039	1.0	draw1693	True
1.0	144.0	-7.632808965742861	-7.631368197863399	0.0	0.7665666776691278	0.00025092873362929027	1.0	draw1695	True
1.0	156.0	-0.018712771560862092	-0.018712771560862092	0.0	0.006777049121173168	1.9588239712081616e-07	1.0	draw1697	True
1.0	118.0	-0.39027792895700614	-0.3904992391227633	0.0	0.013956270103910247	3.6045676108932725e-08	1.0	draw1698	True
1.0	188.0	-0.10102293633648352	-0.09835195125603884	0.0	0.10983385482579297	0.0001142993027032375	1.0	draw1699	True
								draw1700	False
1.0	197.0	-0.02178543985243401	-0.0248705347727387	0.0	0.001010301754582975	1.0499947506746178e-06	1.0	draw1701	True
1.0	213.0	-1.8834894232377528	-1.8834894232377528	0.0	0.37254959927739595	0.00016560354263262677	1.0	draw1702	True
1.0	219.0	-0.8585640554999547	-0.8507285046160015	0.0	0.0074316671762973425	0.00011468642786322772	1.0	draw1704	True
1.0	200.0	-0.3886355627088672	-0.37593414122566543	0.0	0.20761925257143574	0.00019259094947155473	1.0	draw1706	True
1.0	204.0	-0.08313551160487491	-0.09905389989676391	0.0	0.02071740440862393	0.00026068477542383654	1.0	draw1707	True
3.0	166.0	-0.03287651234038491	-0.08401029885266587	0.0	0.15268892582157254	8.883836679101652e-05	1.0	draw1710	True
1.0	163.0	-0.2918322134563533	-0.29047032710376364	0.0	0.09833333768448346	0.0003062440656365508	1.0	draw1711	True
1.0	174.0	-0.11783743134027412	-0.11783743134027412	0.0	0.08073296551121124	0.0005160092349692275	1.0	draw1712	True
1.0	199.0	-0.05711176451267618	-0.05711176451267618	0.0	0.004124730136643742	3.505411454058041e-07	1.0	draw1714	True
1.0	153.0	-0.19856419660206875	-0.1962129739568162	0.0	0.04719729895180539	8.505014259260421e-05	1.0	draw1716	True
1.0	151.0	-0.05363240439443305	-0.025975671756036392	0.0	0.765405455870158	0.0005780641637607635	1.0	draw1717	True
1.0	206.0	-0.3388159205054989	-0.3388159205054989	0.0	0.07331291932386184	2.3673255333343212e-05	1.0	draw1718	True
1.0	165.0	-1.979432187134463	-1.9768600623363892	0.0	0.3969278292002817	0.010616993883888112	1.0	draw1719	True
1.0	181.0	-1.011529051434411	-1.011529051434411	0.0	0.26288216199757747	3.947334346422842e-05	1.0	draw1720	True
1.0	160.0	-0.75422730388797	-0.7500072921593495	0.0	0.11694150257325729	0.0014014038682235764	1.0	draw1721	True
1.0	164.0	-0.29401145200955736	-0.29401145200955736	0.0	0.08007939849037182	0.00018740694643894006	1.0	draw1724	True
1.0	177.0	-4.6770438923595705	-4.6770438923595705	0.0	0.20579750920693765	0.00018398477692173955	1.0	draw1725	True
1.0	176.0	-0.05318859872251169	-0.17244616892929515	0.0	0.029790688839436592	7.161507933029422e-05	1.0	draw1728	True
1.0	153.0	-0.031152641422451985	-0.029057445827448583	0.0	0.0367936541361334	5.323706335033275e-05	1.0	draw1729	True
1.0	249.0	-0.6430937300185916	-0.6462746990191476	0.0	0.06889007663422309	0.0007151201980706123	1.0	draw1730	True
1.0	152.0	-0.6820595943058024	-0.6862998777872704	0.0	0.050543638215434145	0.0023870256207620707	1.0	draw1731	True
1.0	165.0	-0.6794867458688569	-0.6672958656618364	0.0	0.11360413609096481	0.0038338182503388648	1.0	draw1734	True
1.0	157.0	-0.5111153308806109	-0.5101715301086094	0.0	0.1234393802559036	0.0005011555043421832	1.0	draw1736	True
1.0	168.0	-0.25098566178861803	-0.2644757480016576	0.0	0.06213056881887684	0.00017077648536815244	1.0	draw1738	True
2.0	5.0	-0.021815533168071284	-5.052240818272029	0.0	0.006297391715563426	0.00010037513547243144	1.0	draw1739	True
1.0	211.0	-0.08903141028195767	-0.4375992496041914	0.0	0.10551425672046956	0.00027744152169892897	1.0	draw1740	True
1.0	165.0	-0.33362513628489443	-0.8549800387223626	0.0	0.051159827098806905	0.00013053648108113004	1.0	draw1741	True
1.0	193.0	2.321113215695562	0.5742147396577328	37.0	1.3128107078458142	0.018965311947521914	1.0	draw1743	True
1.0	172.0	-6.8501693439860425	-6.8501693439860425	0.0	1.985699759586759	0.05636592146407326	1.0	draw1744	True
1.0	137.0	-0.6958850850038044	-0.6754834024388794	0.0	0.47845627097146165	0.004936024789754303	1.0	draw1746	True
1.0	237.0	-11.666706758755693	-11.670141372756829	0.0	0.0873656183827124	0.0007161880997119626	1.0	draw1747	True
1.0	226.0	-0.07867065431283096	-0.4265120800184081	0.0	0.03307475733036576	0.0011405322140081028	1.0	draw1748	True
1.0	195.0	-0.12413349867265862	-0.2182364165721049	0.0	0.015313144472125634	2.765809822375709e-05	1.0	draw1752	True
3.0	166.0	-0.09517338598652031	-0.3388671616981026	0.0	0.013008804017132752	2.475375626904557e-06	1.0	draw1753	True
1.0	168.0	-0.3256725395751434	-0.31700032833236963	0.0	0.1676389634842053	0.0026751984116698134	1.0	draw1755	True
1.0	207.0	-0.46677948823857285	-0.6790214508199899	0.0	0.10948390982565036	0.001917174710026315	1.0	draw1756	True
1.0	179.0	-1.0125546247927686	-0.9910694559738162	0.0	0.09697398242972391	0.0003805582535058016	1.0	draw1757	True
1.0	166.0	-7.733357551741576	-7.733357551741576	0.0	0.5183476668888445	0.005294836221241742	1.0	draw1758	True
1.0	226.0	-3.1248576498215423	-3.1220923421275275	0.0	0.20567813137943425	0.0006363825851816673	1.0	draw1760	True
1.0	165.0	0.03536557242674607	-0.2611224128772276	28.0	0.032456483382181205	0.00022568667707995694	1.0	draw1762	True
1.0	186.0	-1.3566028537104138	-1.333397460722335	0.0	0.46705388965049244	0.018843623737494115	1.0	draw1764	True
1.0	140.0	-0.0771043667997497	-0.17342952496735553	0.0	0.003041998338868633	4.742872134661703e-07	1.0	draw1768	True
1.0	194.0	-0.20449861527139981	-0.19937935500147705	0.0	0.17900903758792333	0.0005661442347864184	1.0	draw1769	True
1.0	149.0	-0.17778329836102838	-0.1776598947949219	0.0	0.026398482447452288	9.855385223118308e-07	1.0	draw1771	True
1.0	191.0	-0.3947173747898315	-0.3947173747898315	0.0	0.3269154983438548	0.0024244594300216683	1.0	draw1772	True
1.0	186.0	-0.19491496861720503	-0.20265339828044	0.0	0.0533435500842756	0.00042630433934219883	1.0	draw1776	True
1.0	151.0	-0.24717856621353845	-0.2115695664498311	0.0	0.8833615078275695	0.005714090390192873	1.0	draw1777	True
1.0	113.0	-0.2621879869517969	-0.2569171729625402	0.0	0.07032724436960723	0.0005125547938694849	1.0	draw1779	True
1.0	199.0	-0.3736339245201735	-0.4147647644720268	0.0	0.4679560198182774	0.00023876613969980718	1.0	draw1781	True
2.0	77.0	-0.18688394793772634	-0.18688394793772634	0.0	0.0733182936060242	6.192542974535031e-05	1.0	draw1789	True
3.0	151.0	0.001054663392493846	-0.06952871729912392	11.0	0.033968029863760324	1.2010990239228974e-06	1.0	draw1790	True
1.0	254.0	-0.48097001118720994	-0.6421073537934101	0.0	0.06722981836250744	0.0040925328311630545	1.0	draw1793	True
1.0	151.0	-0.1510091178866483	-0.1510091178866483	0.0	0.057121666721739545	3.501235707601464e-06	1.0	draw1796	True
1.0	187.0	-0.5305343387962993	-0.5305343387962993	0.0	0.4844764977506891	0.0008665114241167755	1.0	draw1797	True
1.0	126.0	-2.1191947693930118	-2.119167792240416	0.0	0.02289396317476291	4.7562687098678894e-07	1.0	draw1798	True
1.0	178.0	-0.2829738825788635	-0.3963377446639914	0.0	0.22288095115276296	0.0005524218460783909	1.0	draw1799	True
1.0	249.0	-2.6024989814196506	-2.6106959570114663	0.0	0.21006752345887153	0.034414316706894946	1.0	draw1801	True
1.0	40.0	-0.39967394379456006	-1.7186658507996957	0.0	0.009450550075062332	1.4667323984245973e-05	1.0	draw1802	True
1.0	217.0	-0.5049463329242101	-0.44059003636214256	0.0	0.8797838877591938	0.026000530803396576	1.0	draw1803	True
1.0	153.0	-4.7060573671853785	-4.7060573671853785	0.0	0.10480645356197615	0.006013418153634682	1.0	draw1804	True
1.0	208.0	-0.12829468005045244	-0.12829468005045244	0.0	0.0650852416354048	3.820439485945082e-05	1.0	draw1809	True
1.0	142.0	-0.03906675917381788	-0.030580609337840497	0.0	0.1436241692561604	0.0002473214433298741	1.0	draw1811	True
1.0	223.0	1.129130262368263	-0.7237700518235117	23.0	1.757344236707878	0.11443089901856522	1.0	draw1812	True
1.0	178.0	-0.15633692914859765	-0.1513693603307664	0.0	0.1394772722805297	0.0006862214243161279	1.0	draw1813	True
1.0	177.0	-0.32873720912769827	-0.32873720912769827	0.0	0.14468713911108053	0.001038416079476865	1.0	draw1814	True
1.0	175.0	-0.11731492053271296	-0.11731492053271296	0.0	0.07960590611811595	6.871923998264651e-07	1.0	draw1816	True
1.0	154.0	-0.575539940843771	-0.5728816008787564	0.0	0.16913547333143797	0.0018139349599609392	1.0	draw1820	True
1.0	175.0	-0.34542793258703164	-0.49954041959306583	0.0	0.028539980786941477	3.280018813493049e-05	1.0	draw1821	True
1.0	159.0	0.017623710924853236	0.0117606568324405	13.0	0.01728328758582486	9.310622904280394e-05	1.0	draw1822	True
1.0	134.0	-0.015665489107695704	-0.015665489107695704	0.0	0.005841244764394203	4.3683726576963745e-07	1.0	draw1824	True
1.0	184.0	-0.07964185344530947	-0.07650599840381317	0.0	0.13302728625502908	0.00014385654118714378	1.0	draw1826	True
1.0	226.0	-0.591743958229976	-0.5802170371365198	0.0	0.06099774832447202	0.0053165342180708595	1.0	draw1829	True
1.0	167.0	-0.6450916793103808	-0.6333577553464753	0.0	0.18218771648835824	0.003744579652381685	1.0	draw1831	True
1.0	189.0	-0.5473904634019078	-0.5442756707306722	0.0	0.16348750262210712	0.00018580838837906242	1.0	draw1832	True
1.0	135.0	-0.2214690978497263	-0.22539475160909025	0.0	0.028557539644851	0.00023726731393312127	1.0	draw1834	True
1.0	176.0	-0.3696355336476878	-0.3696355336476878	0.0	0.12082167565498464	3.967291157981233e-05	1.0	draw1835	True
1.0	181.0	-3.0459911986816386	-3.0459911986816386	0.0	0.06446531902480321	0.00045342832433463843	1.0	draw1836	True
1.0	180.0	-0.028863840078294702	-0.02876812161358537	0.0	0.010476236989183022	2.688443068670986e-06	1.0	draw1837	True
1.0	188.0	-0.09231338670904289	-0.09231338670904289	0.0	0.22596625682984903	1.2403148296607277e-05	1.0	draw1840	True
1.0	166.0	-0.8402790066114206	-0.8402790066114206	0.0	0.20238374540669166	9.642077248333385e-06	1.0	draw1846	True
1.0	168.0	-4.0712475075217425	-4.071291365706854	0.0	0.8364885158845927	0.0008704026129667615	1.0	draw1849	True
1.0	194.0	-7.06879873884574	-7.06879873884574	0.0	4.03751846528505	0.5008590283886308	1.0	draw1850	True
1.0	144.0	-0.0018015620557487084	-0.018326617211071136	0.0	0.0012909679851498077	3.2280915326852746e-07	1.0	draw1852	True
1.0	184.0	-0.1280559789767933	-0.126396493206764	0.0	0.08350710112253215	0.0002120696088495452	1.0	draw1853	True
1.0	202.0	-3.566630413226896	-3.858576588581609	0.0	0.5608518344462063	0.32026040367911734	1.0	draw1855	True
1.0	258.0	-0.04447971855087332	-0.29026685615912196	0.0	0.014160398639967606	0.0002170417360490941	1.0	draw1858	True
1.0	247.0	-2.6202789111519182	-2.4208545505078902	0.0	2.2411650553346214	0.02140044682419574	1.0	draw1860	True
1.0	240.0	-0.31384490772927703	-6.973644477517889	0.0	0.002400774571870532	2.757005519816376e-06	1.0	draw1861	True
1.0	143.0	-0.031395686243851015	-0.031395686243851015	0.0	0.020495373800044812	1.9655517894004507e-06	1.0	draw1862	True
1.0	179.0	-0.20851446675035828	-0.2472556071219313	0.0	0.039532611195185544	0.00013970884046665233	1.0	draw1863	True
1.0	161.0	-4.162892419393745	-4.16170640733298	0.0	1.0736730609370584	0.003149225329896208	1.0	draw1864	True
1.0	175.0	-0.26589826292652863	-0.26589826292652863	0.0	0.011260753334785854	8.431378770165102e-05	1.0	draw1865	True
1.0	236.0	-5.068492277225935	-6.202741776896064	0.0	1.2965500044799698	0.17922307359993042	1.0	draw1866	True
1.0	132.0	-0.04012659793102072	-0.03838348816288184	0.0	0.07675886796971479	6.549695598433371e-05	1.0	draw1868	True
1.0	166.0	-0.24431753550739777	-0.24431753550739777	0.0	0.0606796364575215	0.0021832316308801622	1.0	draw1871	True
1.0	182.0	-0.03613309209283458	-0.03742143504766376	0.0	0.008207719431991847	1.0268935299029246e-06	1.0	draw1872	True
1.0	189.0	-0.014682955937427439	-0.0806498516824648	0.0	0.18472941248047187	0.0005654100727738648	1.0	draw1873	True
1.0	172.0	0.2171088402952389	0.21504000159034653	19.0	0.1707858030919912	0.0010125025664500307	1.0	draw1874	True
1.0	245.0	-0.7174855854623783	-0.7174855854623783	0.0	0.06461086561264529	0.00022638472695764262	1.0	draw1875	True
1.0	170.0	-0.010600107014832163	-0.010600107014832163	0.0	0.03302069953590528	1.6298679184726818e-06	1.0	draw1877	True
1.0	151.0	-0.0428318368787882	-0.0428318368787882	0.0	0.03178222288529636	9.209459152527428e-07	1.0	draw1878	True
1.0	192.0	-0.38839550696832886	-0.38839550696832886	0.0	0.06574241501554631	5.972556227776147e-05	1.0	draw1880	True
1.0	169.0	-3.1401243518501936	-3.087844556452574	0.0	0.284844506597824	0.16521417088365206	1.0	draw1882	True
1.0	185.0	-0.13323651403093065	-0.1332708134416907	0.0	0.03707029547173575	2.181134470440508e-05	1.0	draw1887	True
1.0	228.0	-4.750190792505963	-4.568817503326535	0.0	0.5212383634125048	0.039462023047705	1.0	draw1888	True
1.0	223.0	-0.28466093901575484	-0.28324003840327094	0.0	0.04560620848061797	0.00048533301565062127	1.0	draw1889	True
1.0	151.0	-4.740971054272059	-4.739084551521983	0.0	0.08178648389997727	2.165326934109816e-05	1.0	draw1890	True
1.0	211.0	-0.3922056342291452	-0.36205963783556766	0.0	0.4936804831531846	3.484483669418645e-05	1.0	draw1891	True
1.0	208.0	-2.6901558352840986	-2.6901558352840986	0.0	0.8513399406921098	0.006207138065632201	1.0	draw1895	True
1.0	230.0	-0.23327867233721175	-0.23593888808842484	0.0	0.08427947400699742	0.00011125636627079477	1.0	draw1899	True
1.0	158.0	-0.4323583869051231	-0.471096223660094	0.0	0.06408301644155065	0.0008101716641337798	1.0	draw1900	True
1.0	198.0	-5.81178921683505	-6.244349248688968	0.0	0.028149459314078598	0.005298623069944067	1.0	draw1902	True
1.0	174.0	-0.06842303435551556	-0.06805975418153475	0.0	0.014085269134732226	3.584509075474561e-07	1.0	draw1903	True
1.0	194.0	-0.008186254695015216	-0.008186254695015216	0.0	0.28313876800278004	0.0002068449432641929	1.0	draw1904	True
1.0	201.0	-0.0855481228118144	-0.08148004711484816	0.0	0.06390477295014081	2.4225807073055918e-05	1.0	draw1905	True
1.0	158.0	-0.6252018533208569	-0.6252018533208569	0.0	0.15454089308662505	0.024240241579674606	1.0	draw1907	True
1.0	177.0	-15.698366967356206	-15.698366967356206	0.0	3.926875035739248	0.05678568774440643	1.0	draw1908	True
1.0	180.0	-2.9629340482093256	-2.9629340482093256	0.0	0.21421021695921502	0.00011352312270709148	1.0	draw1910	True
1.0	177.0	-0.059914660877165384	-0.05988225780567157	0.0	0.01536528567070932	1.1159841181660618e-05	1.0	draw1911	True
1.0	145.0	-0.019802312883143772	-0.01500615978760975	0.0	0.2027397797657559	2.2171343820232943e-05	1.0	draw1914	True
1.0	170.0	-2.745618700243097	-2.7451330368874802	0.0	0.0333890357688914	1.9798825603997842e-05	1.0	draw1915	True
1.0	172.0	-0.3139299813909285	-0.5209132454210739	0.0	0.010042234154465923	8.884438940321254e-06	1.0	draw1919	True
1.0	229.0	-0.16044046294075653	-0.8268690945525321	0.0	0.10821176177836651	0.0003271151491521297	1.0	draw1920	True
1.0	244.0	-1.167934078576131	-2.3287907059760427	0.0	0.25243712719654876	0.0010227220336262784	1.0	draw1923	True
2.0	94.0	-0.5388666038419172	-2.090818464137389	0.0	0.06819733123495347	0.00018383957557842519	1.0	draw1924	True
3.0	150.0	-0.07981380393390529	-1.1218395896192148	0.0	0.4603716477959716	0.0014445805381879567	1.0	draw1925	True
1.0	168.0	-0.45582759870806566	-0.45582759870806566	0.0	0.05077400238779731	8.859989696036236e-05	1.0	draw1926	True
1.0	160.0	-1.3722027410337372	-1.3719561966863296	0.0	0.06591751546874428	4.7098331980012445e-05	1.0	draw1927	True
3.0	143.0	1.5827531349039061	1.553709129778877	18.0	0.4448415139642538	0.0007928935549082703	1.0	draw1929	True
1.0	167.0	-0.7937312080484478	-0.7939971797753375	0.0	0.06646389783358227	9.179920823717469e-06	1.0	draw1932	True
1.0	126.0	-0.25157060945039594	-0.246937113303334	0.0	0.07926887042988916	0.0004667557449654187	1.0	draw1933	True
1.0	186.0	-0.9895538429773363	-0.941275938388079	0.0	0.4313020161718274	0.0002338457598758422	1.0	draw1934	True
1.0	170.0	-0.44705506292538355	-0.44705506292538355	0.0	0.16297126370218679	0.00026092119141671197	1.0	draw1935	True
1.0	177.0	-0.0646898005588675	-0.0646898005588675	0.0	0.06326851565416396	6.394712946225238e-07	1.0	draw1936	True
1.0	183.0	-0.2428201015085116	-0.2428201015085116	0.0	0.13021437761234367	8.095390364496756e-07	1.0	draw1938	True
1.0	198.0	-0.9639411376169271	-3.127636665809983	0.0	0.9130300591735223	0.012869340718133726	1.0	draw1940	True
1.0	209.0	-0.07179712925252417	-0.4663801626758596	0.0	0.09651642641211435	2.422020828320206e-06	1.0	draw1941	True
1.0	186.0	-1.1818471388943057	-1.1818471388943057	0.0	0.24989716174543125	2.027790516707891e-05	1.0	draw1945	True
4.0	228.0	-0.024134670121637083	-0.1907303143252431	0.0	0.0067391203535195005	7.544510767721039e-05	1.0	draw1946	True
1.0	195.0	-2.3919834017830004	-2.313864144494103	0.0	0.35555722396579587	0.03848614992286712	1.0	draw1948	True
1.0	211.0	-1.0466716910198248	-7.977247384889184	0.0	1.5047171930876801	0.013747818241595136	1.0	draw1949	True
1.0	234.0	-0.13882362965145845	-0.13882362965145845	0.0	0.06451392372349142	2.495971128180953e-05	1.0	draw1951	True
1.0	222.0	-0.25285946206714255	-0.25285946206714255	0.0	0.10427985584777506	1.9050443734836004e-05	1.0	draw1953	True
1.0	199.0	-0.42713362680437433	-0.44283981175921233	0.0	0.08894902369053881	0.0006766756508854756	1.0	draw1955	True
2.0	104.0	-2.3176446530272194	-4.298409029506983	0.0	0.03915562579394712	0.22128257518778244	1.0	draw1956	True
1.0	197.0	0.12176087614404243	0.12176087614404243	5.0	0.10377679836453763	0.0005586573152850392	1.0	draw1959	True
1.0	168.0	-13.463523414282506	-13.463523414282506	0.0	2.097890434527358	0.1365427175807563	1.0	draw1962	True
1.0	195.0	-0.18215168909349133	-0.47325815013060035	0.0	0.05358448353934709	0.0007974004942952393	1.0	draw1963	True
1.0	188.0	-0.11349874884822368	-0.19393534599887274	0.0	0.02123281168052968	9.778999037394208e-05	1.0	draw1964	True
1.0	180.0	-0.1349262546982711	-0.1349262546982711	0.0	0.033469233052133514	1.1356940371769482e-06	1.0	draw1965	True
1.0	235.0	-0.6079518311181272	-0.6079518311181272	0.0	0.19993464247946785	0.00121275311083468	1.0	draw1966	True
1.0	205.0	-1.2975951582762526	-3.60820840001658	0.0	0.5177572650220235	0.007006147046420771	1.0	draw1967	True
2.0	129.0	-1.6804605883516228	-2.1878680669232025	0.0	0.1590968422635937	0.002534498746481366	1.0	draw1968	True
1.0	174.0	-0.018811398812438054	-0.017454017151203108	0.0	0.05337452168618757	7.673594500813122e-06	1.0	draw1970	True
1.0	118.0	-0.20410200725115055	-0.2026105785894106	0.0	0.07570537911690421	0.00021620624958746513	1.0	draw1974	True
2.0	82.0	-0.3088999962210278	-2.1874438720802254	0.0	0.06909527175313775	0.0001356352804318695	1.0	draw1975	True
1.0	154.0	-0.0035021630127976197	-0.00874408593027665	0.0	0.004396993012201978	2.6649969090613083e-06	1.0	draw1977	True
1.0	176.0	-0.21239012420693948	-0.21239012420693948	0.0	0.22632185689050655	0.00013614310714807042	1.0	draw1978	True
1.0	239.0	-0.1558549282550754	-0.1515542167926279	0.0	0.07254918080074331	0.0002647712851903129	1.0	draw1979	True
1.0	179.0	-0.47714683531460345	-0.4680582697964175	0.0	0.26610536611178415	0.0014263229984936882	1.0	draw1980	True
1.0	158.0	-0.6810322234545303	-0.7616910194716969	0.0	0.0015751855615698312	4.559517942162299e-06	1.0	draw1981	True
1.0	203.0	-0.06918601484526385	-0.06918601484526385	0.0	0.030920457495492725	3.1983972317991133e-06	1.0	draw1983	True
1.0	159.0	-0.047138075186073436	-0.04451214941323489	0.0	0.05794450378733854	7.271407566480128e-05	1.0	draw1984	True
3.0	147.0	-0.0019069496899429689	-0.178549853773536	0.0	0.108989016363924	7.219927047019346e-06	1.0	draw1985	True
1.0	144.0	-0.5128863587719324	-0.5128863587719324	0.0	0.21626387337616815	6.720097189256127e-05	1.0	draw1986	True
1.0	170.0	-0.5145236295175215	-0.5149197827677041	0.0	0.036741280927879406	1.077055724411219e-05	1.0	draw1987	True
1.0	129.0	-0.34870225533878535	-0.34767437495681414	0.0	0.04441998786799053	0.0001897378929130411	1.0	draw1988	True
1.0	163.0	-0.3504368430070581	-0.3505799560739417	0.0	0.06415264795129764	0.00046652859690593057	1.0	draw1989	True
3.0	125.0	1.301618847623936	-2.6736582147305077	40.0	2.1649367650975893	0.06206018435274868	1.0	draw1993	True
1.0	184.0	-0.424858262946065	-0.424858262946065	0.0	0.0760435377544686	0.0003726179573381329	1.0	draw1994	True
1.0	182.0	-0.309763720427414	-0.309763720427414	0.0	0.2203552105014962	0.0003814522487653119	1.0	draw1995	True
1.0	229.0	-0.5281826905414193	-0.6559480606407259	0.0	0.7981349812393939	0.0007120695087629164	1.0	draw1997	True
1.0	199.0	-2.7841161063340003	-2.786294104150377	0.0	0.029333937249740993	9.974248257684527e-05	1.0	draw2001	True
1.0	184.0	-0.41370510350448164	-0.3941527026619867	0.0	0.46057156801852794	0.0031019043153722994	1.0	draw2002	True
2.0	146.0	-0.2782959282824476	-0.5475175172244089	0.0	0.04218106198203166	0.011677554124600295	1.0	draw2004	True
1.0	213.0	-0.1022381927379491	-0.12926769648550854	0.0	0.013612797567240372	0.00010123079984714962	1.0	draw2005	True
3.0	142.0	-0.08456883669857998	-0.3701111834184404	0.0	0.15968405901922067	0.00028473374044739514	1.0	draw2008	True
1.0	44.0	-1.2671943139548643	-8.097056600329827	0.0	0.056021122627103834	0.0033451812979787875	1.0	draw2010	True
1.0	178.0	-1.0710093922308286	-1.0559810897451383	0.0	0.2787688745372091	9.203296527360809e-05	1.0	draw2014	True
1.0	174.0	-0.2118919777075039	-0.20507385594155222	0.0	0.2598155745000047	0.0012231237514826378	1.0	draw2016	True
1.0	180.0	-1.4805718687889626	-1.4805718687889626	0.0	0.2672586525042943	0.018465586243392527	1.0	draw2017	True
1.0	140.0	-4.1326201839577665	-4.13418853019975	0.0	0.026846761811231957	8.801506582862988e-05	1.0	draw2018	True
1.0	213.0	-35.37983841140534	-35.3578979336431	0.0	0.706208954126861	0.02127709780306706	1.0	draw2021	True
1.0	207.0	-0.6172158872389903	-1.0493185799203388	0.0	0.3423953691136254	0.003154492588466793	1.0	draw2023	True
1.0	184.0	-0.7453884231808161	-0.7890105139393975	0.0	0.13803160752149682	0.00054104515298866	1.0	draw2025	True
1.0	214.0	-0.34355060378773405	-0.38431691148324715	0.0	0.06309208720354134	0.0005382211396167935	1.0	draw2026	True
1.0	217.0	-0.37478899164191154	-0.37478899164191154	0.0	0.22071010547578676	2.2650698987732978e-05	1.0	draw2031	True
1.0	186.0	-0.09445255925486376	-0.09445255925486376	0.0	0.2155518099396603	0.00011770212384124217	1.0	draw2033	True
1.0	243.0	-0.10889378238290263	-0.11594108625573686	0.0	0.0083445909035815	1.2745535301831235e-05	1.0	draw2038	True
1.0	189.0	-2.0427850645976746	-2.045429822076911	0.0	0.010940844748080754	1.0600908908148333e-05	1.0	draw2039	True
2.0	97.0	-0.18227177457222074	-4.892203346186167	0.0	0.09624951193659914	0.0017877599706768031	1.0	draw2040	True
1.0	132.0	-2.7297688444805495	-2.7295860499235824	0.0	0.007642974769167238	1.7714098665571966e-06	1.0	draw2041	True
1.0	152.0	-1.2329642151355806	-1.1710546081800652	0.0	0.2967109965520495	0.0024489517706828548	1.0	draw2042	True
1.0	246.0	-4.895958840440136	-17.623409500344994	0.0	1.9623700688604107	0.11372044117348605	1.0	draw2045	True
1.0	205.0	-0.2504436872770249	-0.2478454184009345	0.0	0.05174626419407369	0.0006417317761470633	1.0	draw2048	True
3.0	165.0	-0.2013152790191295	-0.2013152790191295	0.0	0.23870867169212187	0.0006709834311794574	1.0	draw2051	True
1.0	174.0	0.1595655505181015	-0.025904108506861978	17.0	0.14225609263537742	0.0012873635206341928	1.0	draw2052	True
1.0	137.0	-0.1388151065180823	-0.1388151065180823	0.0	0.032994319924457234	6.368803675960861e-06	1.0	draw2053	True
1.0	175.0	-0.8103116738271234	-0.6987249637545181	0.0	0.3527084407009747	0.07085325743034412	1.0	draw2054	True
1.0	185.0	-0.17942635054318806	-0.1770155369862107	0.0	0.065443244036832	0.0002215204784360092	1.0	draw2055	True
1.0	184.0	-0.7779664588424432	-0.7654737860258433	0.0	0.1862476568130676	0.009578980656747683	1.0	draw2056	True
1.0	140.0	-0.30300470918389694	-0.29795570321696524	0.0	0.08078850892320419	0.0007207629559133439	1.0	draw2058	True
1.0	232.0	-0.12191007905100125	-0.11940928331715107	0.0	0.14935787744358955	6.227935737745284e-05	1.0	draw2060	True
1.0	207.0	-0.08469052796283504	-0.08469052796283504	0.0	0.04375439151813575	1.1660242704377966e-05	1.0	draw2061	True
1.0	145.0	-0.1085209030360051	-0.10846622352637991	0.0	0.02155334455530843	7.992342585782682e-06	1.0	draw2062	True
2.0	149.0	-2.2994009471260175	-5.427675277757407	0.0	0.016407126003673035	0.26598190883797584	1.0	draw2064	True
1.0	221.0	-0.2696458165197533	-0.37800580803302986	0.0	0.03598755935462527	4.2108546473342466e-05	1.0	draw2065	True
1.0	199.0	-3.324389756446082	-7.665126445228097	0.0	1.058108086606961	0.162233885892221	1.0	draw2066	True
1.0	165.0	-5.784092406722326	-5.784092406722326	0.0	1.799776094937983	0.0089152940838726	1.0	draw2069	True
2.0	157.0	-1.2701444201685483	-7.032451078724642	0.0	0.6142075516303548	0.0012002366883660058	1.0	draw2070	True
1.0	199.0	-0.35612052882874673	-0.34249695690049664	0.0	0.19719749771149836	0.0009350119580917842	1.0	draw2072	True
1.0	187.0	-0.6290770217578274	-0.6127256449361749	0.0	0.17983158556379938	0.004223949448199131	1.0	draw2074	True
1.0	193.0	-0.10801784212352557	-0.10839813778160542	0.0	0.025517167349984507	2.6067820444423957e-05	1.0	draw2076	True
1.0	193.0	-0.06248791613543641	-0.060783749390741174	0.0	0.02852269787228632	3.560835024662104e-05	1.0	draw2078	True
1.0	126.0	-1.2305029572278463	-1.2305029572278463	0.0	0.06424250449231857	0.0008357912200494627	1.0	draw2079	True
1.0	195.0	-0.4980210144921253	-0.4980210144921253	0.0	0.3276660709457044	0.0016661218062263815	1.0	draw2084	True
1.0	134.0	-6.287764822938896	-7.855579962774787	0.0	0.030507016006138706	0.0005331153066639383	1.0	draw2087	True
1.0	243.0	-0.16488160204533206	-23.539691369167073	0.0	0.01954031636451513	0.00010068892897598585	1.0	draw2088	True
2.0	109.0	-0.6990505277686605	-1.1497791212411794	0.0	0.2019794117847728	0.00010796371642439611	1.0	draw2089	True
1.0	208.0	-0.38971723428616595	-0.38971723428616595	0.0	0.1813353899632168	0.0002635640851371707	1.0	draw2090	True
1.0	227.0	-0.9587689055641081	-1.853802884549863	0.0	0.3032046647831314	0.029013580912597956	1.0	draw2092	True
1.0	245.0	-2.6856844794185717	-2.6856844794185717	0.0	0.9597670530622158	0.009971343431788841	1.0	draw2095	True
1.0	185.0	-0.4767822278471924	-0.9008138456722484	0.0	0.24932547655791915	0.011592144312539049	1.0	draw2096	True
1.0	195.0	-2.572041883467413	-2.5543364807182356	0.0	0.5050195450141638	0.027294197813016573	1.0	draw2098	True
1.0	213.0	-0.39832693621182347	-0.39833169740601854	0.0	0.02905958566670504	5.350327799327207e-06	1.0	draw2099	True
1.0	163.0	-0.07004408659232282	-0.07004408659232282	0.0	0.00559257029327515	0.00016634561089454663	1.0	draw2102	True
1.0	146.0	-0.07275305389733987	-0.07041122584890863	0.0	0.16419101081274298	8.470618199065306e-05	1.0	draw2104	True
1.0	186.0	-2.1629751225884304	-2.1629751225884304	0.0	1.2982521915526777	0.0032411663123458044	1.0	draw2105	True
1.0	131.0	-2.237669229548296	-2.2082358347251594	0.0	0.18967739868994266	0.010921255804309667	1.0	draw2106	True
1.0	151.0	-0.09673185382120145	-0.09673185382120145	0.0	0.06448877497488906	4.379080593397166e-06	1.0	draw2111	True
1.0	210.0	-0.014964353417921197	-0.09066523563467718	0.0	0.05885169652161614	0.00012221284269135812	1.0	draw2113	True
1.0	184.0	-0.2360632577754711	-0.5169505938950957	0.0	0.19681925893086025	0.0013780785396627923	1.0	draw2116	True
1.0	177.0	-4.499846932634292	-4.499846932634292	0.0	0.33988336697940585	0.011056034920637378	1.0	draw2117	True
1.0	183.0	-0.835832206173145	-0.8145252731296682	0.0	0.2217546125979466	0.004202941218134718	1.0	draw2118	True
1.0	162.0	-0.4573682983264153	-0.4747489644149404	0.0	0.033537954195631686	3.87698951998866e-05	1.0	draw2122	True
1.0	238.0	-3.0045996546138545	-2.827299469986661	0.0	0.26617506422974674	0.00022904930605996738	1.0	draw2123	True
1.0	198.0	-0.3912676275161059	-0.3912676275161059	0.0	0.1975617616850852	8.976604982241974e-05	1.0	draw2126	True
1.0	163.0	-0.1560070969497432	-0.12747728774336747	0.0	0.17046927663745712	0.0026518300064821867	1.0	draw2127	True
1.0	164.0	-0.025661049516113962	-6.284984908734889	0.0	0.8476908785933952	0.003946590027621539	1.0	draw2128	True
1.0	201.0	-0.15649750261822507	-0.14133734308902302	0.0	0.1057021443312988	0.0007701751724322545	1.0	draw2130	True
1.0	165.0	-0.2800231104007052	-0.2612210770440388	0.0	0.29148233542070967	0.0032895183730356804	1.0	draw2134	True
1.0	208.0	-0.3691465699599576	-0.6020961682613095	0.0	0.09460004879618007	6.897566895034707e-05	1.0	draw2135	True
1.0	181.0	-0.06197754000274688	-0.06197754000274688	0.0	0.16890561483007896	5.509257513885281e-06	1.0	draw2136	True
1.0	166.0	-1.8306425201326946	-1.8306425201326946	0.0	0.34151007312912496	1.0007197572869597e-05	1.0	draw2138	True
1.0	147.0	-0.01677946908066705	-0.01677946908066705	0.0	0.004007197589777287	6.396034908022095e-08	1.0	draw2139	True
1.0	207.0	-0.20275064291583333	-0.20275064291583333	0.0	0.5507565622751237	0.00031947384203534225	1.0	draw2140	True
1.0	209.0	-0.10039742510012696	-0.19170619750127554	0.0	0.03752064929307866	7.124000122109528e-05	1.0	draw2141	True
1.0	210.0	-1.6954834201901643	-2.5169732084626757	0.0	3.386660332973842	0.0812199573735348	1.0	draw2142	True
1.0	192.0	-0.06524461907723565	-0.06524461907723565	0.0	0.03184029320421539	2.9170528755999797e-05	1.0	draw2144	True
1.0	208.0	-2.1232630856770176	-2.1232630856770176	0.0	0.5129590490177158	0.023245451504206708	1.0	draw2145	True
1.0	171.0	-0.5265927667825365	-0.5274808010866445	0.0	0.0030556159485397878	6.506686365031608e-07	1.0	draw2147	True
1.0	195.0	-1.1789574900392061	-1.1789574900392061	0.0	1.2719798369323396	0.005940041485017011	1.0	draw2149	True
1.0	164.0	-0.014287500251731314	-0.011475564412130044	0.0	0.016502096621604227	2.059243182986654e-05	1.0	draw2150	True
1.0	173.0	-0.41489715128947935	-0.40860951934222745	0.0	0.019838770244515316	0.00047637745208807113	1.0	draw2151	True
1.0	241.0	-0.22263602773193447	-0.2203811386370926	0.0	0.11331559074497571	0.00026838881700225355	1.0	draw2152	True
1.0	199.0	-0.7255232209933336	-0.6989439972512775	0.0	0.6026660906325821	0.0073963919977099845	1.0	draw2155	True
1.0	136.0	-0.27938103102376505	-0.2793802278076694	0.0	0.012678994659679506	1.1071132505602651e-07	1.0	draw2156	True
1.0	220.0	-0.44620960990354147	-0.6693045442751419	0.0	0.039338854012682084	0.0007074706218315363	1.0	draw2157	True
1.0	150.0	-0.418295741205743	-0.4185524700945289	0.0	0.01839919846494444	1.868224325350883e-06	1.0	draw2158	True
1.0	195.0	-0.10689478789754975	-0.10689478789754975	0.0	0.07398143327312223	4.5189594132859146e-05	1.0	draw2159	True
1.0	177.0	-0.4843204266122628	-0.4765335594388451	0.0	0.34182746484084403	0.0010195374392853208	1.0	draw2160	True
1.0	123.0	-0.1855078804149954	-0.18408789340874768	0.0	0.02993244485391353	6.379481241281564e-05	1.0	draw2162	True
2.0	162.0	-0.1232679418018278	-0.7591012776428682	0.0	0.011442782856712942	0.002160865211188588	1.0	draw2163	True
1.0	207.0	0.05054067841357124	-0.03453009307531896	15.0	0.2649372151060701	0.00031550519695943406	1.0	draw2164	True
1.0	211.0	-1.2511694784074125	-1.2511694784074125	0.0	1.0388336994767737	9.787774927339439e-05	1.0	draw2165	True
1.0	205.0	-0.014663977082662307	-0.0162451819172951	0.0	0.004904577362376614	4.335680247547673e-07	1.0	draw2167	True
2.0	81.0	-0.03864744389882057	-0.08520347765118425	0.0	0.006969828619780688	5.295706900079458e-08	1.0	draw2168	True
1.0	201.0	-0.4968891741699394	-1.020035383249677	0.0	0.27276531109461033	0.04593905537102353	1.0	draw2170	True
1.0	149.0	-0.17146366510886893	-0.15416493069989465	0.0	0.49661859607011	0.002354080871912365	1.0	draw2173	True
1.0	100.0	-0.4742426220427266	-0.47441841363938664	0.0	0.01146561644230118	9.58602262276376e-07	1.0	draw2175	True
1.0	162.0	-0.38072431335283563	-2.66553208878461	0.0	0.02541529500658378	8.133556851970245e-05	1.0	draw2178	True
1.0	164.0	-0.09432188004037517	-0.14996579467423476	0.0	0.029170201082631932	3.955261280947827e-05	1.0	draw2181	True
2.0	16.0	-0.39177540605236455	-8.936936911338737	0.0	0.007201942723304088	0.013631927976261764	1.0	draw2185	True
1.0	203.0	-0.802501717675681	-0.802501717675681	0.0	0.2981221870710235	0.0014193789767464177	1.0	draw2186	True
1.0	189.0	-1.4426353500580156	-1.4426353500580156	0.0	0.6369024460882977	0.011510350029354001	1.0	draw2187	True
1.0	161.0	-1.5302870419133314	-1.5009398679405486	0.0	0.5425893182349512	0.017998691511527658	1.0	draw2188	True
1.0	186.0	-0.34019800692703395	-0.33427984940558275	0.0	0.12169573942069122	0.0018219531173270195	1.0	draw2190	True
1.0	217.0	-0.7635116903230825	-1.2786344385139845	0.0	0.2155671182719863	0.0032076926536130177	1.0	draw2191	True
1.0	210.0	-0.5950057978779558	-0.5950057978779558	0.0	0.17786028043908997	0.0010426378397741653	1.0	draw2193	True
1.0	174.0	-0.6600952062834974	-0.5983593670898835	0.0	3.0768975778223715	0.02164039140128875	1.0	draw2196	True
1.0	165.0	-0.1832024917227857	-0.20348503752740776	0.0	0.4024679385517508	0.008918525939762976	1.0	draw2197	True
1.0	171.0	-0.0881548665371607	-0.0881548665371607	0.0	0.010203503224400154	3.2955795831784194e-06	1.0	draw2199	True
1.0	227.0	-0.24312621135449428	-0.24312621135449428	0.0	0.39797100365047944	0.0009221104100330226	1.0	draw2200	True
1.0	173.0	-0.878625382414584	-0.8671920528792968	0.0	0.04903429574828821	0.0014724835764023656	1.0	draw2203	True
1.0	57.0	-0.3131536031948957	-2.3072539969492496	0.0	0.0020701371363041937	1.0797155703967457e-05	1.0	draw2204	True
1.0	239.0	-0.24069110788120246	-72.36356915945153	0.0	0.030715500849864425	7.069827765147543e-06	1.0	draw2205	True
1.0	159.0	-0.016826440056280995	-0.016826440056280995	0.0	0.015069853354231534	6.391493906340342e-06	1.0	draw2207	True
1.0	235.0	-1.152010280801149	-0.9606839556376879	0.0	0.6110345568577084	0.26914652571501546	1.0	draw2208	True
1.0	168.0	0.23377401848698542	0.03708625551303801	16.0	0.4044361086012749	0.009738284433507808	1.0	draw2211	True
1.0	117.0	-0.057586495707950824	-0.05761817278460871	0.0	0.0031936324310923607	1.2149705026398058e-08	1.0	draw2212	True
1.0	178.0	-0.34113388296160196	-5.569750982355833	0.0	0.8867344782027018	0.027280125049547747	1.0	draw2213	True
1.0	225.0	-0.1495566006177245	-0.20306034496994146	0.0	0.028510564154029173	0.00018143766297672176	1.0	draw2214	True
1.0	191.0	-0.3225895161863294	-0.3225895161863294	0.0	0.05902329418557507	8.172871738944084e-06	1.0	draw2215	True
1.0	171.0	-0.17932029793234103	-1.103727018536179	0.0	0.18116017105320018	0.0021340038244405655	1.0	draw2216	True
2.0	110.0	-0.22181368558588763	-2.6167496058012927	0.0	0.008064363067110244	1.1041554672640272e-05	1.0	draw2217	True
1.0	147.0	-0.010281481601559382	-0.010281481601559382	0.0	0.018169096341971152	2.299201512137228e-07	1.0	draw2218	True
1.0	160.0	-0.07750638853664027	-0.07750638853664027	0.0	0.13644962563541357	0.00014663071136998334	1.0	draw2219	True
1.0	167.0	-0.17330345148661375	-0.12238938368349087	0.0	0.7450710318340698	0.002321058227475381	1.0	draw2221	True
1.0	159.0	-0.6411140225659098	-0.6411140225659098	0.0	0.2902237125295012	0.0008364395707114647	1.0	draw2222	True
1.0	169.0	-0.18869985659918978	-0.8092685203679443	0.0	0.15212512547991858	0.004266509417468348	1.0	draw2224	True
1.0	203.0	-0.5099353206115589	-0.6517037548858094	0.0	0.21216384327920365	0.016841962581326652	1.0	draw2225	True
3.0	186.0	-0.3467656206362068	-168.13449567494348	0.0	0.006417507667104195	2.3560968853606084e-06	1.0	draw2226	True
2.0	36.0	-0.2873268909632164	-32.44776663254303	0.0	0.0020592787380232444	0.017083473458073577	1.0	draw2227	True
1.0	40.0	-0.11470090952382919	-0.6332006493552342	0.0	0.013273183035812387	4.339956149360473e-05	1.0	draw2228	True
2.0	14.0	-0.05430667479137262	-26.974132457478284	0.0	0.001409673478266906	0.0006417412881321754	1.0	draw2229	True
1.0	182.0	0.4794503409321076	0.46543348332177326	18.0	0.17822093438876863	0.005237773821840767	1.0	draw2231	True
1.0	162.0	-0.15020219230564177	-0.14583219113161985	0.0	0.03667175376446262	0.0006225397618715283	1.0	draw2232	True
1.0	184.0	-0.04389163988749098	-0.1171626023516803	0.0	0.10657687834080007	0.0019757604538977623	1.0	draw2233	True
1.0	181.0	-0.9082712281163716	-0.8956707979147887	0.0	0.23326027149112433	0.0021564479260158965	1.0	draw2234	True
1.0	185.0	-0.08112579279249274	-0.08112579279249274	0.0	0.14838777410521806	5.5062991166927134e-05	1.0	draw2235	True
1.0	196.0	-0.5831848220284509	-0.635135094070083	0.0	0.08487614367842894	0.002295951419089688	1.0	draw2236	True
1.0	258.0	-0.8548517423436142	-2.8328364022334873	0.0	0.37760203312065366	0.0051335889933143515	1.0	draw2240	True
1.0	164.0	-0.5207188660015762	-0.5207188660015762	0.0	0.2585211258744311	0.0010690113426045846	1.0	draw2241	True
1.0	185.0	-0.6512606050377574	-0.6152902608721091	0.0	1.3995859220211464	0.020661753181228492	1.0	draw2242	True
1.0	162.0	-1.0392456872731899	-1.008102286500724	0.0	0.7745708279272361	0.025389194053829348	1.0	draw2243	True
1.0	225.0	-0.08857590405203718	-0.1313116626944764	0.0	0.029792053313579786	9.624076348182867e-06	1.0	draw2244	True
2.0	148.0	-0.12577348622879952	-35.584072881592306	0.0	0.01740243370928538	0.00015415902232287923	1.0	draw2246	True
1.0	245.0	-0.19837447143450915	-0.19837447143450915	0.0	0.011523115369327827	3.981544519187003e-06	1.0	draw2247	True
1.0	120.0	-0.4566711151475157	-0.4619093141289151	0.0	0.017914521395202818	5.433898775774261e-07	1.0	draw2248	True
1.0	128.0	-0.10472423096425511	-11.898466170326353	0.0	0.004223043924731645	0.0006377623402328415	1.0	draw2252	True
1.0	167.0	0.09839355635065239	0.10191086322365028	18.0	0.0687699079193533	0.0004514890701167654	1.0	draw2253	True
1.0	192.0	-0.29050426086549774	-2.7637739245480812	0.0	0.39766986561947815	0.0017213888413020113	1.0	draw2259	True
1.0	269.0	-1.1805278850040168	-4.4544250422870935	0.0	1.080688608292835	0.00564472268444832	1.0	draw2260	True
1.0	233.0	-0.2041002139905196	-0.2087515612931025	0.0	0.014792531279133691	6.871000128069621e-06	1.0	draw2262	True
1.0	167.0	-0.053325611256103425	-0.053325611256103425	0.0	0.07300706903645172	9.408018144722359e-07	1.0	draw2263	True
1.0	188.0	-0.05370033281268225	-0.05370033281268225	0.0	0.024442489995870596	1.3105151257038159e-05	1.0	draw2265	True
1.0	171.0	-0.5992678784456634	-0.5992678784456634	0.0	0.06842053522413238	5.3452263442001506e-05	1.0	draw2266	True
1.0	139.0	-0.032738458135938425	-0.03251530539278762	0.0	0.03792965878375303	7.552148915379227e-06	1.0	draw2267	True
1.0	149.0	-0.019388602141198016	-0.019388602141198016	0.0	0.029929484132857734	2.0832827664679124e-06	1.0	draw2268	True
1.0	172.0	-0.15350752357665945	-0.15279765182161886	0.0	0.06517387106918902	0.00011627404578125783	1.0	draw2269	True
3.0	119.0	-0.1147880522230336	-0.11445823566761681	0.0	0.022120682223193383	0.0002082635642862316	1.0	draw2271	True
1.0	208.0	-0.037285440589416206	-0.037285440589416206	0.0	0.04207887949821982	1.0513629196991754e-06	1.0	draw2273	True
1.0	250.0	-0.26483896805238494	-0.26483896805238494	0.0	0.03429939306504853	1.9006271661987164e-05	1.0	draw2277	True
1.0	160.0	-0.14988333663941883	-0.1470925286133608	0.0	0.07295328734262672	0.00031594673812491313	1.0	draw2278	True
1.0	202.0	-0.1016815255536027	-0.09491679480805	0.0	0.6784599820654996	0.000381991257146962	1.0	draw2279	True
1.0	203.0	-0.23307192870289442	-0.891433610128741	0.0	0.1510974840643635	0.0034170543388772918	1.0	draw2283	True
2.0	93.0	-0.12198079366409045	-1.0668118752313567	0.0	0.005076738978262211	0.0024030807631977287	1.0	draw2285	True
1.0	196.0	-0.4346001600481391	-0.42400707523994363	0.0	0.07815667370507828	0.0053110693779168374	1.0	draw2286	True
1.0	156.0	-0.09928543923759979	-0.09928543923759979	0.0	0.05723148965677792	9.177999671543393e-05	1.0	draw2288	True
1.0	154.0	-0.30971684099141517	-0.281701799743136	0.0	0.16978407390184513	0.009316439206136317	1.0	draw2290	True
1.0	138.0	-0.17845323171337077	-0.17845323171337077	0.0	1.1968985220767057	0.0035909937380231654	1.0	draw2294	True
1.0	154.0	-0.0568937309768503	-0.05519275098659306	0.0	0.10895222180870051	3.4416397512572945e-05	1.0	draw2295	True
1.0	158.0	-0.1651476329621192	-0.1651476329621192	0.0	1.2503168078260403	0.00024479744007301454	1.0	draw2297	True
1.0	123.0	-1.301957068303857	-1.301957068303857	0.0	0.19096078252235277	0.000359034038074612	1.0	draw2298	True
1.0	151.0	-0.03758543259128833	-0.036555674090617676	0.0	0.15065719624417284	1.6404628499754252e-05	1.0	draw2299	True
1.0	192.0	-0.4300799240605163	-0.4300799240605163	0.0	0.37323112694532584	0.0012589446401567313	1.0	draw2300	True
2.0	116.0	-0.3814330152287734	-3.5110634142862396	0.0	0.013625728167567498	0.04375018359109048	1.0	draw2301	True
1.0	192.0	-2.365000365933243	-2.365000365933243	0.0	0.8631392693221664	0.00022571207972966518	1.0	draw2307	True
1.0	183.0	-0.1955479511009156	-0.1915855219992131	0.0	0.9488526524264396	0.0005182496864763913	1.0	draw2308	True
1.0	213.0	-1.312983597720039	-1.2622404061973702	0.0	0.4724068151484033	0.06040861985185442	1.0	draw2309	True
1.0	127.0	-0.012634934329129778	-0.012634934329129778	0.0	0.1643624486475979	3.229354229059854e-06	1.0	draw2311	True
1.0	200.0	-0.29203593294669944	-0.29203593294669944	0.0	0.054345935638374025	5.462709052270758e-06	1.0	draw2313	True
1.0	167.0	-3.989371461213428	-3.989371461213428	0.0	0.4730384341554259	0.006818759047781129	1.0	draw2316	True
1.0	178.0	-0.18864217746680145	-0.18864217746680145	0.0	0.23400904623914873	0.0002567903523189055	1.0	draw2317	True
1.0	166.0	-0.14779707554963273	-0.14779707554963273	0.0	0.16397929811714143	0.00012045554919695188	1.0	draw2318	True
1.0	173.0	-0.024597678508264068	-0.04367780577925976	0.0	0.007735066633747936	7.660671196818584e-07	1.0	draw2321	True
1.0	232.0	-0.2836642879696426	-0.29922948983096154	0.0	0.03615103923969373	0.0002084667565955641	1.0	draw2322	True
1.0	196.0	-1.9809176884267141	-1.7021883385866805	0.0	0.5857902241868587	0.4857114558096243	1.0	draw2324	True
1.0	294.0	-0.8784500448301165	-5.176831695270842	0.0	0.014516902367138911	8.218311310335227e-05	1.0	draw2325	True
1.0	169.0	-0.17348711479546414	-0.17348711479546414	0.0	0.1172636043399647	0.00018225891730606436	1.0	draw2327	True
1.0	192.0	-6.369736798590626	-6.369736798590626	0.0	0.3298529467498626	0.008739260722284987	1.0	draw2330	True
1.0	190.0	-0.32164745715285753	-0.2932524401755285	0.0	0.41661854862965614	0.00019149052630701454	1.0	draw2331	True
1.0	223.0	-1.0904895315193848	-1.484225119724384	0.0	0.08901223511487798	0.0030977674765271307	1.0	draw2333	True
1.0	209.0	-0.3869235916237	-0.5165212416443403	0.0	0.19150136916415392	0.0002152208755756995	1.0	draw2335	True
1.0	182.0	-0.9590978306903164	-0.9590978306903164	0.0	0.2904113775036641	0.02945332209243706	1.0	draw2336	True
1.0	222.0	-0.4137197319689025	-0.49819555152580625	0.0	0.024544088948892463	0.000866709723947373	1.0	draw2337	True
1.0	203.0	-0.8976561083252907	-0.885036250927327	0.0	0.6065723463751269	0.0016369215930093991	1.0	draw2339	True
2.0	7.0	-0.2997078758736555	-33.28306522612392	0.0	0.515151791674285	0.012144209197141608	1.0	draw2340	True
2.0	20.0	-0.0938574496470076	-2.2567771902613556	0.0	0.0009367730202628591	2.635806549746634e-05	1.0	draw2343	True
1.0	221.0	-0.6469644163523813	-2.192635735229976	0.0	1.1491210034043922	0.039438278413501844	1.0	draw2344	True
1.0	171.0	-5.527557183212664	-5.52762086808671	0.0	0.09065301565668597	4.209397077573153e-05	1.0	draw2346	True
1.0	158.0	-0.03820206191743015	-0.03820206191743015	0.0	0.17640883124539847	1.7277901662250696e-05	1.0	draw2349	True
1.0	192.0	-0.10269568640001041	-0.10269568640001041	0.0	0.08777976022586144	0.0001356786894730484	1.0	draw2351	True
1.0	193.0	-0.08147985173906658	-0.08249093922789934	0.0	0.019708361510684717	2.9744231753741045e-06	1.0	draw2353	True
1.0	153.0	-0.031522296211345356	-0.031522296211345356	0.0	0.14354852288247041	3.317545546623937e-05	1.0	draw2359	True
1.0	206.0	0.008121260764524803	-0.1390141601228454	13.0	0.1202640940432127	0.0001271275021990294	1.0	draw2360	True
1.0	158.0	-0.4537590869333996	-0.4592495441425166	0.0	0.009691284502037264	2.2955690606081534e-05	1.0	draw2362	True
1.0	165.0	-14.68670199244803	-14.68670199244803	0.0	0.1918216117847712	0.0565785988440082	1.0	draw2367	True
1.0	175.0	-0.04745461299965566	-0.033515994504269994	0.0	0.3038433514884828	0.0009719380894070398	1.0	draw2369	True
1.0	191.0	-0.03764628526654324	-0.03764628526654324	0.0	0.4323720227870453	3.722465261383236e-05	1.0	draw2372	True
1.0	196.0	-0.9810642843973942	-0.9810642843973942	0.0	1.6490916678738177	0.001893591589260765	1.0	draw2377	True
1.0	244.0	-0.6608998873477552	-0.6608998873477552	0.0	0.3732924990567374	0.0008709486241822306	1.0	draw2378	True
1.0	154.0	-1.4326102972899089	-2.150211190108176	0.0	0.1251026667579405	0.00012623702952107871	1.0	draw2379	True
1.0	201.0	-1.3857917234501322	-1.376890466016728	0.0	0.01522987279957611	0.0002684929494756674	1.0	draw2380	True
1.0	180.0	-0.5166424035017227	-0.5096513186537455	0.0	0.4510399576312226	0.00610733301227766	1.0	draw2382	True
1.0	146.0	-0.13194760587340887	-0.23008196880572226	0.0	0.026072530675784966	4.5956379973418114e-07	1.0	draw2384	True
1.0	182.0	-0.24983606098268363	-6.772152059448027	0.0	1.0048609505243342	0.013363803041518189	1.0	draw2386	True
1.0	222.0	-0.6913012343208934	-11.240217676155218	0.0	2.153192199844837	0.019874312176579517	1.0	draw2387	True
3.0	209.0	-0.03933506793364093	-0.4808085596028015	0.0	0.19871287051255276	8.697503932672706e-05	1.0	draw2388	True
1.0	204.0	-0.25747207378156967	-6.62549444349534	0.0	0.8076383824202347	0.0014021889505438532	1.0	draw2390	True
1.0	151.0	-0.5057181900022435	-0.541469307400838	0.0	0.0965427391031319	2.7837630435665672e-05	1.0	draw2391	True
1.0	157.0	-0.07043731647452514	-0.07043731647452514	0.0	1.1753596509502722	0.0010314287037737635	1.0	draw2393	True
1.0	182.0	-0.23969573027740773	-0.23510696776576284	0.0	0.37780565199063215	8.490916843538725e-06	1.0	draw2394	True
3.0	130.0	0.017039937024803574	-0.16141180478386785	31.0	0.10236046820361887	4.14703517039903e-05	1.0	draw2396	True
1.0	162.0	-0.2932224479414919	-0.2930832702364864	0.0	0.02206285712256917	1.4335651374105633e-05	1.0	draw2400	True
1.0	184.0	-2.803951831412902	-2.7430927331419954	0.0	2.543778368209711	0.12244657629453777	1.0	draw2401	True
1.0	168.0	-0.015880898779586004	-0.015880898779586004	0.0	0.0849396141843943	1.1751745408407759e-06	1.0	draw2404	True
1.0	149.0	-3.1924246693173983	-3.192466193062948	0.0	1.6638137359483947	0.00023398467390825308	1.0	draw2406	True
1.0	34.0	-0.36233487801735303	-0.3593194085803263	0.0	0.027986917445542662	0.00019987871286518608	1.0	draw2409	True
1.0	187.0	-0.46589362959606395	-0.46646281679953144	0.0	0.045612557321290804	0.0001302356102702436	1.0	draw2412	True
1.0	39.0	-1.2101106464643407	-1.2101106464643407	0.0	0.07142006496145613	0.0007701317248940447	1.0	draw2413	True
1.0	221.0	-0.28260714851783986	-0.2947924175850949	0.0	0.05079621418645311	0.00017659482173035962	1.0	draw2420	True
1.0	153.0	-0.013786869736450397	-0.013786869736450397	0.0	0.06546670579281877	1.953577714528559e-06	1.0	draw2423	True
1.0	163.0	-1.4721510461645013	-1.3781870688477698	0.0	0.05240628103032675	0.0014421850946801807	1.0	draw2424	True
1.0	149.0	-0.22693322331713134	-0.2277554780393609	0.0	0.0526720873053405	2.250659334899249e-05	1.0	draw2426	True
1.0	165.0	-2.888765079769085	-2.886775555557294	0.0	0.11810019378048918	3.0945400378840016e-05	1.0	draw2428	True
1.0	98.0	-0.7425401747556001	-0.7425401747556001	0.0	0.04071249941565628	0.0004791728893678704	1.0	draw2429	True
1.0	173.0	0.3067340610486985	0.3067340610486985	3.0	0.3332269979664542	0.00291491163120006	1.0	draw2431	True
1.0	205.0	-0.10828017802005979	-0.4415149309630487	0.0	0.013123869405183107	0.000196194821844819	1.0	draw2436	True
1.0	194.0	-0.9986735854889216	-0.9986735854889216	0.0	0.44027524791485795	6.9819053748465165e-06	1.0	draw2438	True
2.0	134.0	-0.48902899524770177	-63.85618613871404	0.0	0.7043572606056708	0.004484643542228818	1.0	draw2439	True
3.0	116.0	-0.04209366641807959	-0.11668222867337175	0.0	0.004587552079134256	9.340250025675339e-07	1.0	draw2440	True
1.0	232.0	-0.6425270493901589	-0.6425270493901589	0.0	0.06301372181283771	0.00041181752555798714	1.0	draw2442	True
1.0	241.0	-0.023946163131944732	-0.02753440983492665	0.0	0.0012437171181081093	1.756126411035074e-07	1.0	draw2443	True
1.0	164.0	-0.10983541899290099	-0.10983541899290099	0.0	0.04037968921050203	3.5148401853234037e-06	1.0	draw2444	True
1.0	57.0	-58.134443703596865	-59.039423968569984	0.0	0.46304414971307933	0.6607892012800054	1.0	draw2445	True
1.0	195.0	-0.05409581037347925	-0.05448723863127196	0.0	0.000987692366059017	6.041520478681154e-08	1.0	draw2447	True
1.0	170.0	-0.03258919150487376	-0.03258919150487376	0.0	0.01866137534706969	1.766229175519606e-05	1.0	draw2448	True
1.0	155.0	-0.6118384680555612	-0.6118384680555612	0.0	0.14936936677182536	3.238579375848278e-05	1.0	draw2449	True
2.0	75.0	-0.7171147546141561	-53.57790279158682	0.0	0.03615194102296352	0.1303768037922248	1.0	draw2451	True
1.0	192.0	-0.14288168074059276	-0.14162009739013304	0.0	0.03898891244911098	0.00036563142490629477	1.0	draw2454	True
1.0	191.0	-0.23435316632490244	-0.24384591570734193	0.0	0.13147180218310442	0.00018447148524957722	1.0	draw2455	True
1.0	158.0	-0.2610467210510978	-0.2610467210510978	0.0	0.25377321313245055	0.00024498717720520185	1.0	draw2456	True
1.0	176.0	-0.10295063677798487	-0.10295063677798487	0.0	0.31822847472917276	0.00037056330104906303	1.0	draw2457	True
1.0	152.0	-1.7491962833055377	-1.7528339548179375	0.0	0.0512410354255413	0.00031991746077229626	1.0	draw2460	True
1.0	136.0	-0.1327018168359359	-0.13272447015095803	0.0	0.03723369333025206	1.1614059315336714e-05	1.0	draw2461	True
2.0	18.0	-3.47558017912898	-8.535375360553688	0.0	0.02878833431929317	0.24077599080499557	1.0	draw2464	True
1.0	182.0	-0.07549136160136002	-0.07549136160136002	0.0	0.018142105964736577	9.756709407571081e-08	1.0	draw2466	True
1.0	186.0	-0.13013429449903155	-0.38965576010662845	0.0	0.15514494726896197	0.00010606008961443295	1.0	draw2467	True
1.0	150.0	-0.20807302182129622	-0.46762025124033724	0.0	0.055095017938928716	0.00043070676240779097	1.0	draw2468	True
1.0	153.0	-1.3254731591511786	-1.3254731591511786	0.0	0.12117641251411976	9.486135479603242e-05	1.0	draw2469	True
1.0	195.0	-0.7419741617105415	-0.7293059296600497	0.0	0.2387452659702104	3.8708446664287855e-05	1.0	draw2470	True
1.0	181.0	-0.4392337437865147	-11.88274062486151	0.0	0.002111371434404372	1.3831818957437977e-07	1.0	draw2471	True
1.0	172.0	-10.208907821604818	-10.208907821604818	0.0	0.4475867479556231	0.0020693162561104244	1.0	draw2473	True
1.0	186.0	-0.1618500384622708	-0.15696265261380662	0.0	0.23267453905495117	0.0002734257879160441	1.0	draw2475	True
2.0	112.0	-0.8897342492773634	-0.8897342492773634	0.0	0.056272204510269666	0.0004017876738470004	1.0	draw2476	True
1.0	86.0	-0.07589102744848279	-0.048860896875842864	0.0	0.5415895217145735	0.0012424756417756082	1.0	draw2481	True
1.0	225.0	-7.125607783050574	-7.034743122211783	0.0	1.0684638250440546	0.023321993414484987	1.0	draw2482	True
1.0	141.0	-0.02647688595708315	-0.02647841581468381	0.0	0.014855464668023524	6.981564325893378e-07	1.0	draw2485	True
1.0	229.0	-0.16153869239462534	-0.2534643766167037	0.0	0.035776820231092854	6.0617592811521535e-06	1.0	draw2487	True
1.0	236.0	-0.13822905400874697	-0.7944937464753813	0.0	0.016349471077387295	0.00014389997017976713	1.0	draw2488	True
1.0	134.0	-0.03302717898756309	-0.032362341320775465	0.0	0.027284625569536498	6.760995767876911e-06	1.0	draw2491	True
1.0	180.0	-0.03740695612660877	-0.12661722794152025	0.0	0.16896788949992417	0.00023482130346169733	1.0	draw2492	True
1.0	179.0	-0.20073472675725285	-0.18346624427581465	0.0	0.49596450905305667	0.0017255364974071469	1.0	draw2493	True
1.0	197.0	-0.45255240807367064	-0.45255240807367064	0.0	4.640198677659528	0.004563389697495615	1.0	draw2495	True
1.0	232.0	-0.17705411467593343	-0.17705411467593343	0.0	0.12890159415568192	9.311733088580928e-05	1.0	draw2496	True
1.0	241.0	-1.2211828268751292	-1.1422201665426464	0.0	0.3426322318877305	0.00297547064530272	1.0	draw2499	True
1.0	212.0	-0.0270375865459821	-0.03398879771435544	0.0	0.004878947808022893	6.2473154271526485e-06	1.0	draw2501	True
1.0	85.0	-0.05692137964866572	-0.05692869348674587	0.0	0.003642475818046282	2.0351201355810008e-07	1.0	draw2503	True
1.0	173.0	-6.124617324585127	-6.124617324585127	0.0	0.5906823622213127	0.04933242715598662	1.0	draw2506	True
1.0	185.0	-0.21212357018237785	-0.21212357018237785	0.0	0.06000021291714809	5.289892757863933e-06	1.0	draw2507	True
1.0	223.0	-1.760181294080262	-1.7607508494084105	0.0	0.5377194064799973	0.01224325784209765	1.0	draw2508	True
1.0	148.0	-0.11825802617315204	-0.11825802617315204	0.0	0.13885482742041208	5.061296859833302e-05	1.0	draw2509	True
1.0	171.0	-0.2777068520249246	-0.2763994122001838	0.0	0.3529926504931437	0.00030978447757552303	1.0	draw2511	True
1.0	50.0	-0.3824917964341698	-2.203307001191659	0.0	0.015278115728119244	0.00023102870887492868	1.0	draw2512	True
1.0	190.0	-0.18427364860107334	-0.18427364860107334	0.0	0.4881436371413741	0.0002475881325386532	1.0	draw2513	True
1.0	172.0	-0.3733245597701422	-0.8661040497689649	0.0	0.12557766854167873	0.0031912090032113717	1.0	draw2514	True
1.0	185.0	-0.22622309248762693	-0.21255580359312418	0.0	0.3342488742415605	0.001705531430183242	1.0	draw2515	True
1.0	202.0	-0.46068843282367034	-0.46068843282367034	0.0	0.1522545987707146	0.0004653199862552343	1.0	draw2521	True
1.0	189.0	-8.653110508040653	-8.653110508040653	0.0	0.3817002735260146	0.06848431932821952	1.0	draw2523	True
1.0	164.0	-0.0696413047702797	-0.0696413047702797	0.0	0.032929699183477525	2.555144017253708e-05	1.0	draw2524	True
1.0	161.0	-0.4577249372935701	-0.4411396656806106	0.0	0.2260138522179329	0.01820188289512897	1.0	draw2527	True
1.0	226.0	-0.2768073854275396	-0.2955814214249693	0.0	0.031688875751979026	0.00023321984752474985	1.0	draw2528	True
1.0	143.0	-0.07916878826069022	-0.0736525755754368	0.0	0.18777175560062226	0.0002928276596093067	1.0	draw2534	True
1.0	163.0	-2.7816338532059	-2.7816338532059	0.0	0.3716275796178721	0.015080575337492078	1.0	draw2536	True
1.0	185.0	-0.32575590512396707	-0.3002433771686979	0.0	0.14749402520143706	0.006826569442939493	1.0	draw2537	True
1.0	146.0	-0.2551989953196855	-0.257599812550522	0.0	0.09119151909128452	2.0053082078722805e-05	1.0	draw2538	True
1.0	199.0	-1.3758448366792866	-1.3731073668776974	0.0	0.13100512464055222	0.0002664661920231535	1.0	draw2540	True
1.0	185.0	-0.3237746298884365	-0.3237746298884365	0.0	0.15329490196104195	4.262973775976621e-05	1.0	draw2543	True
1.0	63.0	-0.010684437761093823	-0.1334251495102511	0.0	0.006581326941439512	1.6949585594142472e-05	1.0	draw2544	True
1.0	235.0	-0.5983277389042889	-0.5983277389042889	0.0	0.20975158937861663	0.00011394839946835024	1.0	draw2548	True
1.0	227.0	-0.694266503864664	-0.7856840190849019	0.0	1.0483312607227955	0.010610690567780977	1.0	draw2549	True
1.0	165.0	-0.22005825456732558	-0.20483436454265838	0.0	0.06637438328253169	0.0027493425909364514	1.0	draw2550	True
1.0	127.0	-0.28899618123472054	-55.713612352055854	0.0	0.031448285995743286	0.0010355167846088501	1.0	draw2551	True
1.0	118.0	-0.006766971123144864	-0.006794856688100509	0.0	0.0005786392958827024	2.2959210634968073e-08	1.0	draw2552	True
1.0	130.0	-8.2030021647194	-8.2030021647194	0.0	0.750389438300426	0.049501620897373984	1.0	draw2553	True
1.0	42.0	-0.6379583078844541	-3.35321953974786	0.0	0.00593566974989148	0.0001708658078304221	1.0	draw2554	True
1.0	212.0	-0.38805823388758603	-0.3961793220580826	0.0	0.24615418608579281	0.0016415063033937882	1.0	draw2556	True
1.0	187.0	-0.3394058060280632	-0.32205017699116495	0.0	0.2191004582547304	0.002304692312175572	1.0	draw2557	True
1.0	161.0	-1.7945693961032025	-1.7945693961032025	0.0	0.1653682050713617	0.003699837115743198	1.0	draw2559	True
1.0	168.0	-0.09632301881231295	-0.0811230398043006	0.0	0.30807676837475434	0.0008902823587186403	1.0	draw2560	True
1.0	173.0	1.7871246776513985	-2.678786622212925	24.0	1.0072848694505063	0.03630226197178666	1.0	draw2563	True
1.0	280.0	-2.0221086852954038	-23.615062599351674	0.0	0.6848219917980003	0.023425239025985773	1.0	draw2565	True
1.0	205.0	-0.6430485351980576	-0.6279403674823892	0.0	0.038419021862986596	4.641149261915554e-05	1.0	draw2568	True
1.0	203.0	-0.07584645828909209	-0.07097755497284593	0.0	0.189989712769977	5.582205161902711e-05	1.0	draw2570	True
1.0	209.0	-0.2316737750758741	-0.23120421627018373	0.0	0.03239900690709428	0.0008080971948042761	1.0	draw2572	True
1.0	223.0	-0.7847916369239045	-0.7264378088537444	0.0	0.797674358340528	0.005724208201139462	1.0	draw2576	True
1.0	180.0	-0.07222233962756919	-0.07968272112128756	0.0	0.004493384402736323	2.3833379038568904e-05	1.0	draw2577	True
1.0	181.0	-0.17772343265429624	-0.17772343265429624	0.0	0.09194121570232669	0.00018299843188005225	1.0	draw2587	True
1.0	233.0	-0.8987044786263816	-4.458052706402013	0.0	0.20824306956237293	0.021009012969204578	1.0	draw2589	True
1.0	232.0	-3.2646782687697042	-3.1630498676101526	0.0	3.539321570136509	0.15153634157357512	1.0	draw2590	True
1.0	191.0	-0.04256661767746659	-0.12528158593674635	0.0	0.005777046283550549	7.567742671760664e-05	1.0	draw2592	True
1.0	207.0	-2.5988466931572565	-2.5180571134050256	0.0	0.2727605374171403	0.00832315979081353	1.0	draw2596	True
1.0	161.0	-2.138478166126747	-2.138478166126747	0.0	0.06022267873004445	6.3446548055547116e-06	1.0	draw2597	True
1.0	196.0	-0.40036099931179786	-1.2457948842658568	0.0	1.0485845336127464	0.0064652226101621435	1.0	draw2599	True
1.0	200.0	-0.037162200805270613	-0.037162200805270613	0.0	0.14263923927452052	9.763286472542426e-06	1.0	draw2600	True
1.0	164.0	-0.018052851704450534	-0.026524906141306703	0.0	0.006398304005457297	1.8501671431786324e-07	1.0	draw2601	True
1.0	238.0	-0.7552317196737233	-0.7552317196737233	0.0	0.23673175036533697	0.0015094337681898495	1.0	draw2602	True
1.0	242.0	-1.2982713810782809	-1.2982713810782809	0.0	1.060869268898349	0.0018083083853038982	1.0	draw2603	True
1.0	177.0	-0.26987234481588895	-0.26987234481588895	0.0	0.2378484110528523	0.00011627938028493951	1.0	draw2607	True
1.0	187.0	-0.17931981075278225	-0.17931981075278225	0.0	0.2387952062463106	0.00035889301139252375	1.0	draw2608	True
1.0	60.0	-73.18343749549248	-73.18343749549248	0.0	0.34848040273687747	1.2916740357995862	1.0	draw2611	True
1.0	235.0	-0.49461942577615475	-0.49461942577615475	0.0	0.06258808225750508	6.679168796984588e-05	1.0	draw2613	True
1.0	208.0	-0.5530273891943343	-0.5439726370559553	0.0	0.15445801521705524	0.0025869869789628885	1.0	draw2614	True
1.0	187.0	-0.35252843052211713	-0.35252843052211713	0.0	0.011202209434855528	4.0236948676679826e-08	1.0	draw2615	True
1.0	220.0	-0.510691099633444	-5.106693799873915	0.0	0.3868000806110473	0.008828903412897816	1.0	draw2616	True
1.0	197.0	-0.05703519717947807	-0.05703519717947807	0.0	1.4777751347772319	5.620619944134054e-06	1.0	draw2617	True
1.0	100.0	-4.007937587086034	-4.002417091639191	0.0	0.06500437559043383	0.0032817875095080213	1.0	draw2618	True
2.0	147.0	-0.3150252985541231	-15.95979327919551	0.0	1.4724604150271625	0.043252155532507414	1.0	draw2623	True
1.0	199.0	-0.45573793746740465	-0.4484769106710502	0.0	0.311251827009201	0.002072383255928579	1.0	draw2628	True
1.0	153.0	-0.4560161092726625	-0.4477799639763873	0.0	0.22218915025052755	0.0027058926480856903	1.0	draw2629	True
1.0	174.0	-5.37255630611094	-5.284174778809959	0.0	0.07533120865860847	0.001136072012028082	1.0	draw2631	True
1.0	237.0	-0.05573973739244509	-0.9880590844307655	0.0	0.3207843273261956	0.000907454746877778	1.0	draw2632	True
1.0	175.0	-0.6005192739364992	-0.68017598725094	0.0	0.09536474948791898	0.0004404698646687655	1.0	draw2635	True
1.0	253.0	-0.6799362326698796	-0.7567090220863624	0.0	0.04268519918957825	0.00014396632211797467	1.0	draw2636	True
1.0	168.0	-0.6968073623751474	-0.6843339026890868	0.0	0.3159319336271656	0.007894949306756983	1.0	draw2637	True
1.0	183.0	-0.4020108900951354	-0.3968510604157451	0.0	0.11869877323067347	0.00030817193627700074	1.0	draw2638	True
1.0	210.0	-2.7414397914897344	-2.6115106299845956	0.0	0.9247976721591957	0.05773044530824304	1.0	draw2639	True
1.0	208.0	-0.0016702158772639204	-0.2547103959463559	0.0	0.0653607954308082	7.271223718354169e-05	1.0	draw2640	True
1.0	134.0	-0.11949988524021758	-0.11949988524021758	0.0	0.013853220504007927	1.070139952360411e-05	1.0	draw2641	True
1.0	199.0	-1.7326721317843348	-1.7326721317843348	0.0	0.511444157907791	0.0011194317107347722	1.0	draw2642	True
1.0	212.0	-0.968294474824231	-0.968294474824231	0.0	0.04315422535599691	0.00456917009810935	1.0	draw2644	True
1.0	199.0	-0.6307372086750342	-0.6538615663188503	0.0	0.1096624318641644	0.00016568868700548046	1.0	draw2645	True
1.0	167.0	-0.051153964638152166	-0.051153964638152166	0.0	0.14406971467386373	3.8208419980154126e-05	1.0	draw2647	True
1.0	152.0	-3.045321821433812	-3.045321821433812	0.0	0.11495491181788181	0.0023997452213064545	1.0	draw2650	True
1.0	209.0	-0.6511904976439569	-0.6292015947483858	0.0	0.3755516329673265	0.0075178929812890335	1.0	draw2651	True
3.0	238.0	-0.5144235541031	-56.1386704270746	0.0	0.04178271117307977	2.0852506909500883e-06	1.0	draw2652	True
1.0	82.0	-1.089003938319045	-1.0833256566690657	0.0	0.08872030644425088	0.00045668485234522273	1.0	draw2654	True
1.0	196.0	-0.21619983330450263	-0.2195818140403045	0.0	0.0014718202938891244	7.984681006568599e-08	1.0	draw2658	True
1.0	174.0	-0.06507098420326082	-0.06507098420326082	0.0	0.09245307885166322	2.8794342248136073e-06	1.0	draw2666	True
1.0	171.0	-0.03329348606741636	-0.03325921729538177	0.0	0.03723062128149354	2.1698082666710104e-05	1.0	draw2667	True
1.0	229.0	-0.21161572011698215	-0.24607638955468075	0.0	0.10848309279932132	0.0005054919490724785	1.0	draw2668	True
1.0	37.0	-1.095806635484942	-5.4484298724898474	0.0	0.028791769195680758	0.0024989155864815825	1.0	draw2670	True
2.0	39.0	-0.04157024809614516	-7.14002980147989	0.0	0.013447592816139217	2.0456827487883572e-05	1.0	draw2674	True
1.0	193.0	-0.6643287465535168	-0.6628529877782268	0.0	0.0075763368775854795	6.954625145194992e-05	1.0	draw2677	True
1.0	224.0	-0.5568487783972363	-1.4613752048669593	0.0	0.1090318461378463	0.005173820745231242	1.0	draw2678	True
1.0	180.0	-0.40579572840719547	-0.8272911989498253	0.0	0.23142945469049525	0.0006370630644810132	1.0	draw2680	True
1.0	147.0	-0.48788814332695507	-0.4859818169286257	0.0	0.07595315829383907	0.00011544942993934067	1.0	draw2681	True
1.0	207.0	-1.4561643961096624	-1.4561643961096624	0.0	0.26115127159362256	0.0004587619446406967	1.0	draw2682	True
1.0	145.0	-0.39932697294616487	-0.39932697294616487	0.0	0.10329878952221389	6.675156559520936e-06	1.0	draw2683	True
1.0	175.0	-0.6812271793574048	-0.6812271793574048	0.0	0.3705087945736727	0.0004169383736319432	1.0	draw2686	True
1.0	201.0	-0.7692254593750592	-0.7700233532560259	0.0	0.0060994797967866	3.1560280182699385e-06	1.0	draw2687	True
1.0	180.0	0.1390107122943129	0.1390107122943129	8.0	0.6176914698413246	0.0012125473929289715	1.0	draw2688	True
1.0	220.0	-0.06806990069932767	-0.06806990069932767	0.0	0.042158515407555414	0.00029170071791585875	1.0	draw2689	True
1.0	172.0	-0.20780129132418856	-0.20780129132418856	0.0	0.03126706088487722	8.902770650407062e-05	1.0	draw2690	True
1.0	157.0	-0.7213349052084473	-0.7212377476884365	0.0	0.083714534932814	2.6928668844432493e-05	1.0	draw2691	True
1.0	183.0	-0.5372905476842413	-0.5193444017979435	0.0	0.5029172928144344	0.005853766965000633	1.0	draw2692	True
1.0	175.0	-0.48115224691677483	-0.48115224691677483	0.0	0.08530288322683008	5.507091693403512e-06	1.0	draw2693	True
1.0	118.0	-0.3280525299015895	-0.3282594000589594	0.0	0.004124349908509597	2.636451493370513e-08	1.0	draw2696	True
1.0	175.0	-4.050967217956179	-4.040103078270674	0.0	0.4802270908621012	3.556485647111928e-05	1.0	draw2697	True
1.0	130.0	-2.1305303583937834	-2.1310375758930493	0.0	0.07722309798073577	1.0872212711147873e-05	1.0	draw2699	True
1.0	207.0	-0.042993562477278174	-0.042993562477278174	0.0	0.05677147899258819	9.39538101046748e-06	1.0	draw2701	True
1.0	209.0	-0.3235191094590869	-0.2919687792995227	0.0	0.24898977048261764	0.0009027840166652213	1.0	draw2702	True
1.0	204.0	-0.08663363298467967	-0.11929831442625662	0.0	0.014004100261552316	5.799375883042095e-05	1.0	draw2707	True
1.0	178.0	-0.17553602695978657	-0.17553602695978657	0.0	0.6361941447491861	4.6549221037479875e-05	1.0	draw2708	True
1.0	138.0	-0.0644981220051119	-0.0644981220051119	0.0	0.09556198767152115	0.0002018491686607966	1.0	draw2709	True
1.0	175.0	-0.665111362460295	-0.665111362460295	0.0	0.19427892824238097	0.00013390642688894763	1.0	draw2710	True
1.0	174.0	-0.0977840275453136	-0.09953614474327815	0.0	0.07808854797354592	7.38507590841441e-05	1.0	draw2712	True
1.0	167.0	-0.1509795787612362	-0.15100816275011944	0.0	0.04873386332799837	1.7176573146698267e-05	1.0	draw2716	True
1.0	182.0	-2.454473450306005	-2.454473450306005	0.0	0.11168979854490493	0.00251702103346141	1.0	draw2717	True
1.0	218.0	-0.8590842742074224	-0.8452606757515064	0.0	0.2307197491494014	0.010239483212140663	1.0	draw2721	True
1.0	193.0	-0.6264813531800382	-0.9183043970955892	0.0	0.25086049086438844	0.008405678865929229	1.0	draw2722	True
1.0	223.0	-0.3870444056051574	-0.38703023038314943	0.0	0.0053495470095793	2.282154922070083e-05	1.0	draw2723	True
2.0	101.0	-0.32509191422111655	-2.9690791506395264	0.0	0.0015074368277190552	0.00793466554080429	1.0	draw2724	True
1.0	47.0	-0.25087474142685207	-2.811888943661053	0.0	0.21692733025543842	0.0025029502954560016	1.0	draw2725	True
1.0	248.0	-3.7520093747434697	-4.884562175089687	0.0	0.7331188946166954	0.020484038483568057	1.0	draw2726	True
1.0	152.0	-0.01960631865392437	-0.023522648130470086	0.0	0.051955639379912724	0.00021493651983013674	1.0	draw2727	True
1.0	184.0	-0.056951948125715655	-0.056951948125715655	0.0	0.006685246398732206	1.7416848987689277e-07	1.0	draw2728	True
1.0	183.0	-0.13634256372915707	-0.1796696203523529	0.0	0.02099044442677555	3.42702460154079e-05	1.0	draw2732	True
1.0	221.0	0.2129179745535483	0.3135970027705888	3.0	0.5532089240269185	0.008292703770856762	1.0	draw2734	True
1.0	252.0	-0.07664818749127371	-0.07664818749127371	0.0	0.022253615417605715	4.4521311073637575e-05	1.0	draw2735	True
1.0	215.0	-0.2647622968518049	-1.2661515754316064	0.0	0.16702050040356906	0.0025868935936398593	1.0	draw2736	True
2.0	19.0	-0.03205298081553469	-0.833490563717952	0.0	0.0004565721797539525	0.0002170435692105158	1.0	draw2737	True
1.0	233.0	-0.3312087676346326	-0.30413848493771806	0.0	0.3350675654887137	0.006951920326176836	1.0	draw2738	True
1.0	181.0	-0.9904760061481205	-0.9904760061481205	0.0	0.08713921847131519	3.879390707513339e-05	1.0	draw2739	True
1.0	145.0	-3.516675719059541	-3.516675719059541	0.0	1.4949266387035436	0.00011745491608891507	1.0	draw2742	True
1.0	206.0	-8.711952672848067	-8.711952672848067	0.0	0.1917617423229186	0.0055768389475025935	1.0	draw2743	True
3.0	211.0	-0.17244301866539163	-3.01578825932212	0.0	0.6689494984628988	0.00029160180018534084	1.0	draw2745	True
1.0	245.0	-0.09697311604488032	-0.16036652989148698	0.0	0.03363280916559841	1.415734715632659e-05	1.0	draw2747	True
1.0	82.0	-12.959704497046484	-12.959704497046484	0.0	0.0021984777918104973	6.813220727540178e-10	1.0	draw2749	True
1.0	191.0	-0.5575785121051188	-0.5575785121051188	0.0	0.11017169813711383	0.00013072100412809845	1.0	draw2750	True
1.0	218.0	-0.24032141689161365	-0.23825086706639254	0.0	0.05660077587742706	0.00017653933030732408	1.0	draw2751	True
2.0	74.0	-41.29374233220746	-41.29374233220746	0.0	0.041350503556014086	0.001091315961935529	1.0	draw2752	True
1.0	155.0	-0.07137818319111272	-0.07137818319111272	0.0	0.06353957334666935	1.9664207600554935e-05	1.0	draw2754	True
1.0	194.0	-1.4055253067470714	-1.3926593722549256	0.0	0.6254550635567575	0.0070824952562399835	1.0	draw2755	True
1.0	142.0	-7.464990530863633	-7.464990530863633	0.0	0.011215315430990615	0.0014234594195623093	1.0	draw2756	True
1.0	237.0	-0.4501428712129255	-6.540616967781769	0.0	0.610957897184025	0.08053913759628559	1.0	draw2757	True
1.0	160.0	-0.13131082733313737	-0.12065210216492125	0.0	0.2271546986186776	0.0006755385869491811	1.0	draw2759	True
1.0	197.0	-0.21674206488499614	-0.20827882633104638	0.0	0.043831715247066055	0.0013198099373389078	1.0	draw2760	True
2.0	93.0	-1.4119115266550617	-1.4119115266550617	0.0	0.0614656305600757	0.00033182074440651194	1.0	draw2761	True
3.0	206.0	-0.08749167673411795	-0.11804292435643864	0.0	0.00041388132454564763	1.3129425347680853e-06	1.0	draw2762	True
1.0	206.0	-0.18257090655839373	-0.18330968280792123	0.0	0.042651957673741484	3.085614111213363e-06	1.0	draw2763	True
1.0	194.0	-0.05888672733794587	-0.13150804253774498	0.0	0.022050576467864614	0.0001242926280596714	1.0	draw2764	True
1.0	212.0	-0.8702293491388203	-1.7783795130109963	0.0	0.09346197902195738	0.0003379862246300779	1.0	draw2766	True
1.0	189.0	-0.09301887475396264	-0.20297904123952115	0.0	0.14334248253138807	0.0002917512262049765	1.0	draw2767	True
1.0	181.0	-0.49337498972305616	-0.5055920846284919	0.0	0.2324420826861711	0.0018507010466976626	1.0	draw2768	True
1.0	191.0	-0.18600797260467627	-0.18600797260467627	0.0	0.023824049023861458	3.707372313668614e-05	1.0	draw2771	True
2.0	17.0	-2.1203852361022455	-13.956072363808763	0.0	0.0030136034644790114	0.18173308785420386	1.0	draw2772	True
1.0	166.0	-0.10716140349811301	-0.10716140349811301	0.0	0.4065929565851128	5.306513092651862e-05	1.0	draw2774	True
1.0	160.0	-0.40306715156859046	-0.40306715156859046	0.0	0.1451803690804549	3.9303136116640874e-05	1.0	draw2776	True
1.0	166.0	-1.735418148890267	-20.04841569942107	0.0	0.008017862998252748	0.00021917220113803302	1.0	draw2777	True
1.0	167.0	-0.11819520245727962	-0.11819520245727962	0.0	0.03767958643796373	4.7335823346246635e-06	1.0	draw2778	True
2.0	144.0	-0.4064908550098876	-1.4040541533355286	0.0	0.03858827040145687	0.0007186402234081043	1.0	draw2780	True
1.0	169.0	-0.32431915162855507	-0.5391015549996536	0.0	0.06482588916352652	0.000624588618952205	1.0	draw2781	True
1.0	172.0	-0.17336787850975166	-0.1732739935489643	0.0	0.07281247342526019	0.000209760520283429	1.0	draw2785	True
1.0	173.0	-0.37975556806266253	-0.3794145377966993	0.0	0.13349941994774908	0.0002574069871770903	1.0	draw2786	True
1.0	227.0	-0.8910900479388487	-0.8923965570175358	0.0	0.02754419761857363	0.000472512686382812	1.0	draw2787	True
1.0	131.0	-0.037186922058266625	-0.03626135944307249	0.0	0.03925917794805204	2.8077956248256535e-05	1.0	draw2791	True
1.0	223.0	-8.949639922960756	-8.635127553804187	0.0	0.8119254220663032	0.006056272643521033	1.0	draw2792	True
1.0	160.0	-1.175629362503205	-1.019775556075672	0.0	0.45693262580457217	0.13184505269364158	1.0	draw2793	True
2.0	103.0	-1.383280845292422	-0.8681565099151984	0.0	0.023043134625401994	3.796901100271436e-05	1.0	draw2795	True
1.0	159.0	-0.1683347519358766	-0.16442602640273474	0.0	0.10482517782080875	0.0003452921944028015	1.0	draw2797	True
1.0	47.0	-5.460126182069301	-35.27627172536243	0.0	0.21545350069818622	0.04093403623180007	1.0	draw2798	True
2.0	108.0	-0.15363800624368285	-9.302793228100501	0.0	0.2881063560220941	0.005758083671906296	1.0	draw2800	True
1.0	155.0	-0.37848090612187135	-0.8034712922694924	0.0	0.21160645037513207	0.00024101786262706714	1.0	draw2802	True
1.0	222.0	-0.21724476539180101	-0.2289090011606954	0.0	0.01854829287316751	0.0001516461025253035	1.0	draw2803	True
1.0	196.0	-1.071824107561246	-1.0778915032323442	0.0	0.1903417467252532	0.01077447769331781	1.0	draw2804	True
1.0	96.0	-0.6664290189021393	-0.6664290189021393	0.0	0.12037166918345914	0.00016792564321315893	1.0	draw2805	True
1.0	187.0	-0.23212020457181606	-0.2196055883140341	0.0	0.2190530503716481	0.0018407071155257984	1.0	draw2806	True
1.0	171.0	-0.2880460647624952	-0.2880460647624952	0.0	0.19983286237125364	8.683663776298045e-05	1.0	draw2812	True
1.0	38.0	-7.333058696525854	-7.333058696525854	0.0	0.355879265596173	0.11170779564765124	1.0	draw2813	True
1.0	158.0	-1.1787560212776687	-1.1669955679441057	0.0	0.39876830709583444	0.012859887933723353	1.0	draw2815	True
1.0	182.0	-0.24229440475249958	-0.24229440475249958	0.0	0.5784493090636542	0.005114110380022665	1.0	draw2817	True
1.0	215.0	-1.8285831658226077	-6.873267655061569	0.0	0.028104041607797652	0.0002291078166080073	1.0	draw2822	True
1.0	198.0	-0.3931155713830804	-0.4337816623156166	0.0	0.06668192887607029	8.684065967403126e-05	1.0	draw2824	True
2.0	83.0	-0.7545225465487716	-21.733820841614378	0.0	1.5002752384652454	0.06444031898259424	1.0	draw2825	True
1.0	161.0	-0.4158470489090012	-0.5169167475202552	0.0	0.051263765900919446	7.476476109815104e-06	1.0	draw2829	True
1.0	184.0	-0.45749085762157526	-1.070821988675917	0.0	0.17500932708835473	0.02741765619524207	1.0	draw2830	True
1.0	222.0	-0.8269016392291664	-0.8220130839378545	0.0	0.25882302175207944	0.008425300238298536	1.0	draw2831	True
1.0	156.0	-0.1316569857624263	-0.16356205966554588	0.0	0.061288805917101036	0.0005122990101532506	1.0	draw2833	True
4.0	33.0	-0.27877663137868763	-0.27877663137868763	0.0	0.03777900331844867	5.423692090658093e-05	1.0	draw2835	True
1.0	201.0	-0.5177351833590461	-0.5177351833590461	0.0	0.16754385773558045	0.0003701501098420903	1.0	draw2838	True
1.0	201.0	-0.32347838456202305	-0.32347838456202305	0.0	0.09599851027238208	0.00016619121970051643	1.0	draw2839	True
1.0	222.0	-2.5103141788942103	-2.5103141788942103	0.0	0.730144663883698	0.00289346343951234	1.0	draw2840	True
1.0	165.0	-0.08239689555854662	-0.08239689555854662	0.0	0.02334663737286932	1.0138930284356357e-06	1.0	draw2841	True
1.0	175.0	-0.35526252093578653	-0.36469202467765327	0.0	0.00539891670639647	2.1900309741707607e-06	1.0	draw2843	True
1.0	159.0	-0.5451608793413004	-0.6106330862265206	0.0	0.5385219970755671	0.006745506557935197	1.0	draw2845	True
2.0	103.0	-0.8208822417577467	-0.7030741580635564	0.0	0.05193503505747257	0.05602244029806185	1.0	draw2846	True
1.0	160.0	-0.02308370821655701	-0.1475916010440489	0.0	0.06477232029281943	6.622366242341008e-05	1.0	draw2847	True
1.0	162.0	-0.19508042259640607	-0.19508042259640607	0.0	0.20453039316405663	0.0015043295208370714	1.0	draw2848	True
1.0	156.0	-0.29033682923417703	-0.1987771795182066	0.0	0.12521479495815568	0.009433486123806125	1.0	draw2849	True
1.0	159.0	-0.028344877334494565	-0.028344877334494565	0.0	0.704872104780331	2.2101849766822234e-05	1.0	draw2851	True
2.0	169.0	-0.006082793681036291	-0.0430978131517966	0.0	0.0024669120060551095	6.994413549009234e-07	1.0	draw2853	True
1.0	148.0	-0.5806881923028457	-0.5806881923028457	0.0	0.026212627214533945	5.957836297112508e-08	1.0	draw2854	True
1.0	181.0	-0.31235627299203494	-0.2829880897023644	0.0	0.11155575836193289	0.018680524928576255	1.0	draw2856	True
1.0	167.0	-0.036288901956349276	-0.03346851279349008	0.0	0.1368977802126831	5.145706516325265e-05	1.0	draw2860	True
1.0	125.0	-0.011449962789455556	-0.011449962789455556	0.0	0.009298292348322985	1.4854173124949544e-05	1.0	draw2862	True
1.0	172.0	0.00034459427080329313	-0.023315997378547546	7.0	0.009973204984056091	1.7938282846570655e-05	1.0	draw2863	True
1.0	229.0	-1.6539054750005298	-1.6539054750005298	0.0	0.8502745052101428	0.00035710856816640224	1.0	draw2864	True
1.0	191.0	-0.9240531517590795	-1.8241070434370765	0.0	1.4725248732343008	0.0338294135959146	1.0	draw2865	True
1.0	141.0	-1.0295027309468439	-1.0295027309468439	0.0	0.06706186233854712	0.0005168657506549142	1.0	draw2867	True
1.0	152.0	-0.00980859094051189	-0.00980859094051189	0.0	0.004360315296459137	1.792434499709064e-08	1.0	draw2872	True
1.0	205.0	-0.39308060202804607	-0.3792073299969728	0.0	0.7258580147746451	0.0027113603770270995	1.0	draw2874	True
1.0	225.0	-0.1942051173504023	-0.18347285366912158	0.0	0.3125482201093891	0.0006817384568963594	1.0	draw2877	True
1.0	213.0	0.09285848676030542	0.09470546482719851	12.0	0.08210622659997024	0.0008586704859725676	1.0	draw2878	True
1.0	185.0	-3.8951769563796534	-3.86727633140229	0.0	0.9367787106477403	0.11891058715015321	1.0	draw2880	True
1.0	250.0	-3.424473075891147	-3.3799273497671183	0.0	0.7183195944661404	0.00482818128225338	1.0	draw2881	True
1.0	206.0	-5.399839487073301	-5.077448082745443	0.0	2.3934576289457294	0.07008861381717739	1.0	draw2884	True
1.0	148.0	-0.12990449467461346	-0.12990449467461346	0.0	0.009838949995532297	4.110636833009572e-06	1.0	draw2891	True
1.0	177.0	-0.49062764809149706	-0.4876703037762078	0.0	0.08854578118430682	0.0004210294891390393	1.0	draw2892	True
1.0	162.0	-0.3021536595814315	-1.253281328945687	0.0	0.2509583779447476	0.00978370621114771	1.0	draw2893	True
1.0	236.0	-0.17002422022063868	-0.22618218707302973	0.0	0.016427225258596086	0.00016692414194212493	1.0	draw2895	True
1.0	201.0	-0.1984253168256585	-0.21445682012484485	0.0	0.0752091966844669	0.00018732862755606585	1.0	draw2896	True
1.0	174.0	-0.0904598943775687	-0.0904598943775687	0.0	0.08761713695765894	2.1678057978610877e-05	1.0	draw2897	True
1.0	212.0	-0.19778283574378996	-0.19465763625948343	0.0	0.06155900295282098	0.0001541334839653081	1.0	draw2898	True
1.0	170.0	-0.16100817409877222	-0.16100817409877222	0.0	0.3302796016255268	0.0003324375495521746	1.0	draw2900	True
1.0	196.0	-0.47846309865389897	-0.4699317277807582	0.0	1.1033919778343892	0.00010085958879720894	1.0	draw2902	True
1.0	242.0	-0.21308223863504472	-0.22804659411033748	0.0	0.039884099085601324	8.662879345368283e-05	1.0	draw2903	True
1.0	191.0	-0.4659043834375718	-0.46502681187296274	0.0	0.14016517481999	0.00013572327099932273	1.0	draw2904	True
1.0	219.0	-0.5424978093339113	-0.5424978093339113	0.0	0.2101157590160158	3.089026696990145e-05	1.0	draw2905	True
1.0	224.0	-1.0939073391981107	-1.068082568563039	0.0	0.07474296874032707	0.0020100259414082703	1.0	draw2909	True
1.0	184.0	-1.363113319313574	-1.363113319313574	0.0	0.6249267601576661	0.002306695292425944	1.0	draw2911	True
1.0	172.0	0.1966889866788925	-0.4912858764339597	26.0	0.42398446719366234	0.001381117742562913	1.0	draw2913	True
1.0	170.0	-0.08539757350179938	-0.09115972586604659	0.0	0.07424656993191656	2.1037686460926763e-05	1.0	draw2916	True
1.0	210.0	-0.5944548459980025	-0.8670946954170153	0.0	0.13497352741581856	0.01293744573262121	1.0	draw2918	True
2.0	40.0	-0.261422580995041	-7.213580393847828	0.0	0.29053954130618626	0.009226465144984307	1.0	draw2919	True
1.0	179.0	-0.11775661937652289	-0.11775661937652289	0.0	0.03367920085818653	4.260734943284087e-06	1.0	draw2921	True
1.0	176.0	-0.1281238315254964	-0.1281238315254964	0.0	0.23865794840533333	8.608586283616528e-05	1.0	draw2922	True
1.0	215.0	-4.32777234201762	-4.32777234201762	0.0	0.28855228497746915	0.0007691418321218845	1.0	draw2923	True
1.0	222.0	0.4904235409816485	-0.7258558223930685	28.0	0.4735173280132347	0.006894893426598419	1.0	draw2924	True
1.0	194.0	-0.8648739419084907	-0.8648739419084907	0.0	1.3086065132365492	0.0026816507530505423	1.0	draw2925	True
1.0	166.0	-1.46265348307657	-3.580413874323249	0.0	1.0579354691736085	0.023271938667568423	1.0	draw2927	True
1.0	181.0	-0.17363544078455626	-0.1678327741097696	0.0	0.2746310771079996	2.4454433693858377e-05	1.0	draw2929	True
1.0	189.0	-1.9930880023083017	-1.9852144707439945	0.0	2.587714713063874	0.0840256539952235	1.0	draw2930	True
1.0	142.0	-0.19508563022631176	-0.19508563022631176	0.0	0.25116286980647146	1.4980013190808936e-05	1.0	draw2933	True
1.0	200.0	-1.8773473841171244	-2.1071527525587785	0.0	0.2755162224663323	0.007232219253652889	1.0	draw2934	True
1.0	166.0	-0.7577325426399948	-0.7577440048716024	0.0	0.02272054311545108	6.339023318315535e-06	1.0	draw2935	True
1.0	202.0	-0.4590739299721678	-0.4598544034378242	0.0	0.22871307551040562	0.0006438507988209089	1.0	draw2937	True
1.0	165.0	-0.40830304831871955	-0.3981516740562979	0.0	0.9478042466680845	0.002168878353809663	1.0	draw2938	True
1.0	105.0	-0.5847236853411829	-0.7624775870768066	0.0	0.025434587693419778	0.0004096970021840041	1.0	draw2939	True
1.0	194.0	-0.1192568144090013	-0.247983636114585	0.0	0.007450838076314335	7.5876346959943084e-06	1.0	draw2940	True
1.0	192.0	-0.18212312738040992	-0.3474551127614812	0.0	0.210874333253275	0.001170972913062969	1.0	draw2943	True
1.0	211.0	-0.27983515238259593	-1.6999221277336845	0.0	0.5602578101566088	0.00013513064306104876	1.0	draw2946	True
1.0	196.0	-0.02007520591663193	-0.37846271357931627	0.0	0.10940584318890823	0.0010951591097946496	1.0	draw2948	True
1.0	203.0	4.639679487466909	1.0329024121879309	46.0	1.0796352596615024	0.24137932477819546	1.0	draw2949	True
1.0	205.0	-1.0440002154185528	-1.0062343738030468	0.0	0.3930890192280266	0.00033768893743866884	1.0	draw2951	True
1.0	184.0	-0.7361380294662314	-0.7767344626569187	0.0	0.4010050248206299	0.009027921438015158	1.0	draw2953	True
1.0	159.0	-0.026803700778518534	-0.026803700778518534	0.0	0.1432587551570192	1.8491371327113924e-05	1.0	draw2955	True
1.0	167.0	-0.46677156572127565	-0.4916543793538183	0.0	0.12142384131949208	0.0024731402635809166	1.0	draw2958	True
2.0	87.0	-0.2511784204636407	-11.393726264119111	0.0	0.003047211994071864	0.002695602294729445	1.0	draw2959	True
1.0	154.0	-0.15741544097911814	-0.15741544097911814	0.0	0.05444995708987931	0.0001666613228861633	1.0	draw2961	True
1.0	154.0	-1.4686377724091435	-1.4686377724091435	0.0	0.20320301335510918	0.005803885098737656	1.0	draw2963	True
1.0	86.0	-0.3202866493913476	-0.3152880916729634	0.0	0.006984556152999173	2.3166576233378096e-05	1.0	draw2964	True
1.0	145.0	-0.482862804252503	-0.482862804252503	0.0	0.24552927851072662	0.0010141229082686332	1.0	draw2966	True
1.0	249.0	-0.3123638281106609	-0.307958718141048	0.0	0.1026980783720925	0.0008518856242041705	1.0	draw2967	True
1.0	63.0	-0.2798131746642863	-4.051757277901479	0.0	0.019670980236590096	0.0015762184838462694	1.0	draw2968	True
1.0	199.0	-3.265136474939114	-3.4034747934594076	0.0	1.4880621388720447	0.1979416111941501	1.0	draw2970	True
1.0	159.0	-0.0480222322584504	-12.391910827682572	0.0	1.6498206331078897	0.007400083102076692	1.0	draw2971	True
1.0	214.0	-0.6205223308848118	-2.0575352266775533	0.0	0.7190665860433345	0.002719432543804656	1.0	draw2972	True
1.0	162.0	-0.04386287625632084	-0.04386287625632084	0.0	0.06491070452971945	1.2345742150563278e-07	1.0	draw2974	True
1.0	188.0	-0.14465186338735125	-0.14465186338735125	0.0	0.05941355600468279	3.2579221349044247e-06	1.0	draw2975	True
1.0	168.0	-0.32681266746446813	-1.5915898990350592	0.0	0.017467546083250615	7.161202356948758e-05	1.0	draw2976	True
1.0	209.0	-0.06610355932384185	-0.06545299461396235	0.0	0.014715338738392026	0.00012788855668322056	1.0	draw2979	True
1.0	164.0	-0.032991654908641435	-0.03314236955001861	0.0	0.004747553996111875	1.7474120656883072e-07	1.0	draw2982	True
1.0	233.0	-0.192640735019723	-0.7368731429573543	0.0	0.198949710527217	0.00029036592115998	1.0	draw2984	True
1.0	178.0	0.32395287174684195	0.25712684138904557	22.0	0.22789691090183223	0.004966391887297755	1.0	draw2985	True
1.0	70.0	-15.941489125029001	-15.856154679320209	0.0	0.27620260026773275	0.11159229868599686	1.0	draw2987	True
1.0	191.0	-1.1394693784967083	-1.4853846663373824	0.0	0.19401754491564394	0.017171613088003343	1.0	draw2988	True
1.0	152.0	-0.04916232183336301	-0.04916232183336301	0.0	0.062130837730935445	2.072827060487148e-05	1.0	draw2991	True
1.0	203.0	-0.24658727050746912	-0.34845286172273593	0.0	0.051453893624275715	0.0004395548339478333	1.0	draw2993	True
1.0	178.0	-3.7325225150099417	-3.4742727075240465	0.0	1.3053524730031667	0.7206231957729584	1.0	draw3005	True
1.0	119.0	-0.6026324824513476	-0.6026324824513476	0.0	0.18437965797362585	0.00044162974745679445	1.0	draw3006	True
2.0	88.0	-0.5193987072647368	-7.623197011452472	0.0	0.48368223493601087	0.02795372179822415	1.0	draw3007	True
1.0	186.0	-0.3014375047893093	-0.5289379558562493	0.0	0.10521716713031375	0.003903644719790024	1.0	draw3010	True
1.0	222.0	-0.4789208261820076	-0.4789208261820076	0.0	0.2718172571256584	0.005766533007444838	1.0	draw3012	True
1.0	150.0	-0.5306665919197744	-0.5306665919197744	0.0	0.15333988896363737	0.00037386021822921806	1.0	draw3013	True
1.0	182.0	-0.012961471222951996	-0.011431749994510177	0.0	0.03144918604712965	1.1159343234009509e-05	1.0	draw3016	True
1.0	232.0	-0.14221915886454264	-0.21242418602179836	0.0	0.021645776082301203	0.00043598064624080624	1.0	draw3017	True
1.0	213.0	-0.23249370693640684	-0.23249370693640684	0.0	0.15621578159662958	0.00045463612462466016	1.0	draw3018	True
1.0	195.0	-4.391139968655596	-4.391139968655596	0.0	2.3833625221730044	0.3041523773623726	1.0	draw3021	True
1.0	148.0	-0.013074121520146037	-0.013074121520146037	0.0	0.007300894170958475	8.117797218740454e-06	1.0	draw3022	True
1.0	154.0	-0.8424522131911918	-0.8424522131911918	0.0	0.36878707081206713	0.02484978937279424	1.0	draw3024	True
1.0	200.0	-0.5161968767607971	-0.5161968767607971	0.0	0.3455975062099049	0.0008139050172866362	1.0	draw3027	True
1.0	114.0	-1.9788294762355514	-1.9682205128676773	0.0	0.20966380871157544	0.008062804800674245	1.0	draw3028	True
1.0	198.0	-0.29544950489619415	-0.2895879283190747	0.0	0.3059020443216323	0.001441929691938693	1.0	draw3029	True
1.0	228.0	-1.2719931368402597	-1.2719931368402597	0.0	1.5962861807159727	0.004542618818977485	1.0	draw3031	True
1.0	214.0	-0.42152165166032396	-0.42152165166032396	0.0	0.20997614717018379	0.0005306715717969158	1.0	draw3032	True
1.0	241.0	-2.673263984006191	-2.673263984006191	0.0	0.7692385571570086	0.0001394735734312324	1.0	draw3034	True
1.0	203.0	-0.8118598448895739	-0.7903940447966913	0.0	0.26112798556420064	0.0015898014240209115	1.0	draw3037	True
1.0	202.0	-1.6362997911553867	-8.059980776579689	0.0	0.009483128258655051	0.0002572363832051226	1.0	draw3038	True
1.0	141.0	-1.4740404391415136	-2.373544414958171	0.0	0.6089097858397662	0.11408218356360941	1.0	draw3042	True
1.0	144.0	-0.23994966579574176	-0.23994966579574176	0.0	0.04161386824698698	2.235102552489744e-05	1.0	draw3050	True
1.0	145.0	-0.04093311357387594	-0.04093311357387594	0.0	0.025851492150386318	5.66078706939233e-06	1.0	draw3053	True
1.0	156.0	-0.024198636230428117	-0.03496676537077971	0.0	0.010006729127243522	5.483043538108993e-06	1.0	draw3056	True
1.0	195.0	-2.321050527462847	-2.2911786016857136	0.0	0.2319178106619104	0.04069356370225357	1.0	draw3057	True
1.0	160.0	-1.343675961902647	-1.264587160637317	0.0	0.04275139812627018	0.0020591728234795464	1.0	draw3059	True
1.0	154.0	-0.05006205865658574	-0.05006205865658574	0.0	0.010745811150405555	1.4144276437152371e-05	1.0	draw3060	True
1.0	195.0	-0.964682559114942	-0.964682559114942	0.0	0.5674484926942432	0.0035070507604360534	1.0	draw3064	True
1.0	216.0	-0.0880437150202319	-0.0880437150202319	0.0	0.0026454016414363536	2.6809065031077553e-06	1.0	draw3068	True
1.0	194.0	-0.4168196973532326	-0.4168196973532326	0.0	0.1990662058399215	6.174250848919681e-06	1.0	draw3069	True
1.0	155.0	-0.07894833154297996	-0.07894833154297996	0.0	0.017998912396301088	5.088625166850479e-06	1.0	draw3071	True
1.0	199.0	-1.034135303890394	-1.026391586235309	0.0	0.03896346537037695	0.0014756355665683485	1.0	draw3074	True
1.0	185.0	-0.19123739408219434	-0.18857328353734606	0.0	0.02395203155404952	1.8407062635808153e-05	1.0	draw3077	True
1.0	163.0	-0.060415604804269024	-0.050827237362817634	0.0	0.00887127248762877	0.00014074605723599773	1.0	draw3079	True
1.0	213.0	-1.7946738846362538	-1.7853759532014872	0.0	0.01788384139197338	1.2516013539026837e-05	1.0	draw3081	True
1.0	209.0	-0.4688985875529844	-0.46432361656001897	0.0	0.14023815185569968	0.0019764532010030696	1.0	draw3084	True
1.0	156.0	-53.73922261481724	-53.73922261481724	0.0	0.2285299707570907	0.0009548288595134888	1.0	draw3085	True
1.0	202.0	-2.3490179777123092	-3.0201611160198154	0.0	1.3293860184551816	0.1272604520579137	1.0	draw3086	True
1.0	144.0	-0.025638414493454588	-0.02696348954392098	0.0	0.0018633682180149655	1.8090338325376266e-08	1.0	draw3087	True
1.0	161.0	0.060222420673266774	0.060222420673266774	3.0	0.11081631297072933	5.0238318980012125e-05	1.0	draw3088	True
1.0	231.0	-0.2029250771574167	-0.18946487421811667	0.0	0.28120832439989624	0.0006181202851169645	1.0	draw3089	True
1.0	181.0	-0.26528420832028526	-0.26440415569042397	0.0	0.023053730999678997	0.00019500532794639735	1.0	draw3090	True
1.0	156.0	-0.042277371379242666	-0.042277371379242666	0.0	0.037105934004408495	7.826281598848468e-06	1.0	draw3091	True
1.0	210.0	-1.6216307001053933	-1.6216307001053933	0.0	0.6614171103134587	0.0034648767075182597	1.0	draw3093	True
1.0	225.0	-0.8242103789364498	-0.7487285872371925	0.0	0.7255399946461739	0.0006764013749668954	1.0	draw3095	True
1.0	151.0	-0.17293840854070064	-0.17054944784586484	0.0	0.1332849054056909	0.00018636516871009388	1.0	draw3096	True
1.0	163.0	0.4273109719350243	0.42263192534992255	20.0	0.06536842669714774	0.0025314303054925517	1.0	draw3098	True
1.0	79.0	-0.23760741489268047	-6.677328089390645	0.0	0.009623081152830263	3.166049693746816e-05	1.0	draw3100	True
1.0	176.0	-0.19110948446486953	-0.19110948446486953	0.0	0.0059344330936523335	6.882180843225668e-05	1.0	draw3101	True
1.0	144.0	-13.56662253368313	-13.541475688751001	0.0	0.6537008904680934	0.1081214808948384	1.0	draw3102	True
1.0	227.0	-0.49083664621168344	-0.49083664621168344	0.0	0.11958128004921881	0.006170305550334912	1.0	draw3103	True
1.0	159.0	-0.06736976533746238	-0.06736976533746238	0.0	0.045815225318240185	4.834887314454014e-05	1.0	draw3105	True
1.0	98.0	-30.971398726958977	-34.82958422541759	0.0	0.7709664834933723	0.4419486280864065	1.0	draw3106	True
1.0	221.0	-0.06006443770204362	-0.1008231667023946	0.0	0.01559324347516701	9.737818751437239e-05	1.0	draw3107	True
1.0	233.0	-0.08106542409009748	-0.12649007101023482	0.0	0.01918738916675655	4.862374924519248e-05	1.0	draw3108	True
1.0	156.0	-0.034983455501846436	-0.03469515667164713	0.0	0.020635326420368715	1.3730016925172886e-05	1.0	draw3111	True
1.0	196.0	-0.10586745070907358	-0.10586745070907358	0.0	0.4063174738878614	4.8695565936254146e-05	1.0	draw3113	True
1.0	150.0	-3.0034927585529094	-2.987121573922927	0.0	0.42291318325965266	0.020074068180727756	1.0	draw3116	True
1.0	230.0	-1.0626698705650504	-1.0264153616710492	0.0	0.22005838823121437	0.022387331819501057	1.0	draw3117	True
1.0	203.0	-0.7732011723544985	-0.768689388520514	0.0	0.17091665197940414	0.000591383623583135	1.0	draw3120	True
1.0	120.0	-0.16505427086285274	-0.16505427086285274	0.0	0.02100469586618484	1.4827204137180806e-07	1.0	draw3121	True
1.0	211.0	-1.8011740520320452	-1.8011740520320452	0.0	4.00444412248861	0.04850474663606505	1.0	draw3122	True
1.0	78.0	-19.375389138444035	-19.375389138444035	0.0	0.03610685716198116	0.008824038140338162	1.0	draw3125	True
2.0	192.0	-0.5807791310485247	-0.5789605064119017	0.0	1.492690363633889	0.0014782779509094287	1.0	draw3127	True
1.0	103.0	-15.573757701505478	-625.1307047160952	0.0	0.46216959231308796	0.026735124965893052	1.0	draw3128	True
1.0	181.0	-0.05498581132951309	-0.05498581132951309	0.0	0.030395122308747316	2.8168010322187414e-06	1.0	draw3130	True
1.0	160.0	-0.10155605309324979	-0.10155605309324979	0.0	0.06459749140718889	5.153668880256286e-06	1.0	draw3131	True
1.0	190.0	-0.07358892951531272	-0.07389905770140588	0.0	0.00898792594359718	2.4147984433763775e-06	1.0	draw3132	True
3.0	176.0	0.1800726661361325	-0.5181121223582988	16.0	0.1315373090597073	1.598135973842127e-05	1.0	draw3133	True
1.0	191.0	-0.6638166515747422	-0.6638166515747422	0.0	0.5680179254811782	0.004081253869765933	1.0	draw3134	True
1.0	149.0	-0.2677484287974546	-0.2677484287974546	0.0	0.11209866034657581	3.995467089660489e-05	1.0	draw3136	True
1.0	250.0	-2.1459055366839492	-2.0874476010653615	0.0	0.36253582151111086	0.017803685879611855	1.0	draw3137	True
1.0	220.0	-0.9744456409550868	-0.9744456409550868	0.0	0.09069380536961401	0.00012749473345538141	1.0	draw3138	True
1.0	172.0	-1.6586999701044636	-1.6472416302165376	0.0	0.27835594446864037	0.013573410672098751	1.0	draw3141	True
1.0	163.0	-0.08032400460819132	-0.13326635049862534	0.0	0.1421737263578641	0.00011671159691787288	1.0	draw3142	True
1.0	170.0	-0.25681614766868843	-0.24910338462495338	0.0	0.214928562113783	4.6415366379719805e-05	1.0	draw3143	True
1.0	171.0	-0.02875140628377554	-0.024821401554254014	0.0	0.2281570432207604	7.093368671169913e-06	1.0	draw3144	True
2.0	209.0	-1.1608192659817138	-1.1608192659817138	0.0	0.16004237132956828	0.006756683739117619	1.0	draw3148	True
1.0	192.0	-4.863632332165013	-4.8667968781815425	0.0	0.08768727063916514	0.001740008500421931	1.0	draw3149	True
1.0	160.0	-0.2148023535645901	-0.2148023535645901	0.0	0.08613462502423588	0.00019445671426618203	1.0	draw3150	True
1.0	214.0	-0.13863181668310007	-0.12829568056879842	0.0	0.03698291462323219	0.00029081402660436153	1.0	draw3151	True
1.0	132.0	-0.06012664227908415	-0.04672494538985743	0.0	0.07026223326213869	0.00036351291207386817	1.0	draw3152	True
1.0	114.0	-0.024778501247841048	-0.02478280273525851	0.0	0.0008647817275357667	1.0516280407138585e-09	1.0	draw3154	True
1.0	220.0	-0.6174753983025059	-0.6122085014950692	0.0	0.2200277579042758	0.0007811657775860222	1.0	draw3157	True
1.0	245.0	-0.1342795189745188	-0.1342795189745188	0.0	0.06510745214472666	1.9024486216120825e-05	1.0	draw3160	True
1.0	212.0	-0.8612094601385878	-0.8612094601385878	0.0	0.6972650983647404	0.007387640304549284	1.0	draw3161	True
1.0	158.0	-0.3791107286724987	-0.3791107286724987	0.0	0.6779167595144336	1.596099377986747e-05	1.0	draw3162	True
1.0	172.0	0.0582451569189143	-3.828175952295638	7.0	0.5378205614643533	0.020244960938260476	1.0	draw3163	True
1.0	204.0	-0.02835874636247434	-0.02451463445165809	0.0	0.07055420550175882	4.5539431376138476e-05	1.0	draw3169	True
1.0	168.0	-0.22749013889660974	-0.22749013889660974	0.0	0.5881041886525797	0.0003792670496821804	1.0	draw3172	True
1.0	253.0	-0.2852952362058975	-3.46297962599328	0.0	0.10423518903306761	0.010304118101729159	1.0	draw3173	True
1.0	178.0	-0.11728178547443405	-0.11728178547443405	0.0	0.01973537830437993	7.858376219248746e-07	1.0	draw3175	True
1.0	133.0	-1.1187434029074237	-1.1187434029074237	0.0	0.0888874920140397	2.0587836900261167e-07	1.0	draw3179	True
1.0	171.0	-0.21834109794364936	-0.2117418854660492	0.0	0.11807906267971413	0.00010897332270179072	1.0	draw3181	True
2.0	147.0	-0.02034404308228932	-0.19553079345555024	0.0	0.000942114079183954	0.00010043066346095967	1.0	draw3183	True
1.0	218.0	-0.12762251376507222	-0.16029858352799048	0.0	0.04093298472008584	0.00019201420818846455	1.0	draw3184	True
1.0	155.0	-0.26547901264481205	-0.26547901264481205	0.0	0.57192486216364	0.0007653009716439734	1.0	draw3185	True
1.0	168.0	-1.2520487541784158	-1.303771167272439	0.0	0.005669640015703802	2.306901344777014e-05	1.0	draw3186	True
1.0	187.0	-2.0433338753341275	-2.044150009826915	0.0	0.04141403004712063	6.731485731962247e-05	1.0	draw3187	True
1.0	176.0	-0.223295013913929	-0.23419060937240113	0.0	0.07745141327431085	0.00010698823416129863	1.0	draw3190	True
1.0	230.0	-11.160751761801471	-10.802363713100632	0.0	0.4120417862582548	0.0055880007648820606	1.0	draw3191	True
1.0	176.0	-0.3607262241283219	-2.0375064053485885	0.0	0.6278144853540846	0.0010997917363168455	1.0	draw3195	True
1.0	205.0	-0.045494240004583845	-0.08841309266926008	0.0	0.009377675342423286	1.5012403451974553e-05	1.0	draw3196	True
2.0	127.0	-0.5509476081509316	-5.227667380219591	0.0	0.48791752872590655	0.045147924618457964	1.0	draw3198	True
2.0	100.0	-0.05240711742972794	-0.8743338714390507	0.0	0.05073180940398338	0.0007086144322993863	1.0	draw3199	True
1.0	173.0	-0.4617745979075	-0.4617745979075	0.0	0.016733805813072537	1.6355653099751693e-07	1.0	draw3202	True
1.0	192.0	-0.0954665475720474	-0.0954665475720474	0.0	0.029811031872875864	3.0887809209942256e-05	1.0	draw3204	True
1.0	187.0	0.08205366288052224	0.1453584734347298	1.0	0.4146154415544041	0.018119896212911255	1.0	draw3205	True
1.0	216.0	-1.4373419742813427	-1.6454741882189918	0.0	0.16667132997746542	0.0007019639272630144	1.0	draw3206	True
1.0	163.0	-0.15709439900504987	-0.15709439900504987	0.0	0.08607735920769408	1.0131888214637946e-07	1.0	draw3207	True
1.0	159.0	-0.07298460915125722	-0.07298460915125722	0.0	0.04288653287990452	1.886102108962833e-06	1.0	draw3209	True
1.0	184.0	-0.7246077048940771	-0.7246077048940771	0.0	0.2854521939198053	0.0007434835591629753	1.0	draw3210	True
1.0	205.0	-4.715833675148686	-4.715833675148686	0.0	0.11798903942593711	0.00021078188126697107	1.0	draw3211	True
1.0	194.0	-0.3537774119432581	-0.34280314461495115	0.0	1.0803304422496682	0.002019078978282563	1.0	draw3215	True
1.0	175.0	-1.2735487120215503	-8.412690034933876	0.0	0.006897629168352506	0.0001924996299306504	1.0	draw3216	True
1.0	160.0	-0.24087350391422288	-0.23961294923449636	0.0	0.33542732104720496	0.0005476119167446205	1.0	draw3217	True
1.0	214.0	-2.4827882037326723	-2.4827882037326723	0.0	0.6106534748794284	0.0033730362605385762	1.0	draw3220	True
1.0	209.0	-3.188317046670102	-3.8219103322999524	0.0	0.3388825298689781	0.00040149128944890763	1.0	draw3223	True
1.0	160.0	-0.14380602600559556	-0.09631158883456421	0.0	0.8083313867333939	0.004298112395438445	1.0	draw3226	True
1.0	239.0	-1.943534318848965	-1.892830548407403	0.0	0.16252264252418977	0.0010383252017242385	1.0	draw3227	True
1.0	142.0	-2.363479767144504	-2.3360307543783314	0.0	0.10553928584787375	0.008546825521708079	1.0	draw3228	True
1.0	197.0	-0.13216808627534424	-0.1265770357214434	0.0	0.11187222216097108	7.833596843200492e-05	1.0	draw3229	True
1.0	136.0	-0.06822203300334476	-0.06824040464857054	0.0	0.005517870574433674	5.457284148465081e-09	1.0	draw3230	True
1.0	196.0	-1.0316051078429296	-1.6539973861909423	0.0	0.9894222939399049	0.004979253926471485	1.0	draw3234	True
1.0	165.0	-0.6227107155345204	-0.6227107155345204	0.0	0.03438752139032421	0.0001093858655670633	1.0	draw3235	True
1.0	135.0	-0.1370048029280132	-0.13723899151325575	0.0	0.014692512726489942	1.9140982379793847e-06	1.0	draw3236	True
1.0	156.0	-0.49968624382932114	-0.5017424979149423	0.0	0.011577291672238943	8.198702949257083e-05	1.0	draw3240	True
1.0	166.0	-0.14734033417764086	-2.069774351650197	0.0	0.057641743434684874	6.575019592682268e-05	1.0	draw3242	True
1.0	158.0	-0.027624597930040764	-0.027624597930040764	0.0	0.17904835923134052	8.860631639064071e-05	1.0	draw3244	True
1.0	186.0	-0.24454701065096682	-0.24454701065096682	0.0	0.14604841877622565	9.599731159474013e-05	1.0	draw3245	True
1.0	205.0	-0.2288105638474465	-0.2288105638474465	0.0	0.15928454854255814	0.0003296651862579517	1.0	draw3247	True
1.0	165.0	-0.5509699312545662	-0.482294152794179	0.0	0.06340563129544215	0.0016309165555772884	1.0	draw3248	True
1.0	222.0	-0.07139661975144466	-0.0680917022246998	0.0	0.059629672845010875	8.575418161108456e-05	1.0	draw3249	True
1.0	232.0	-0.2189933875316676	-3.1951812838537768	0.0	0.39983261293932737	0.0004346798166576701	1.0	draw3250	True
1.0	188.0	-0.7060968161423616	-1.2673668685385515	0.0	0.2309727963398224	0.0016537041665596114	1.0	draw3251	True
1.0	214.0	-0.6813980502254249	-0.6813980502254249	0.0	0.3966698233001871	0.0021681922439751636	1.0	draw3253	True
1.0	160.0	-0.19133084771233758	-0.18211795876827044	0.0	0.21279599736741883	0.0008558930469939577	1.0	draw3254	True
1.0	168.0	-0.5710712549317513	-0.5624080547471428	0.0	0.46416602602023715	0.002059366488916847	1.0	draw3255	True
1.0	179.0	-0.3545249556123707	-0.3430333095797284	0.0	0.1740950492625202	0.00027152938661812544	1.0	draw3256	True
1.0	157.0	-0.0469562701473237	-0.0469562701473237	0.0	0.06440206500484068	2.520655803087988e-06	1.0	draw3257	True
1.0	175.0	-8.214966428681654	-8.214966428681654	0.0	1.3834465151289128	0.001230595085426523	1.0	draw3258	True
1.0	141.0	-1.3994069880911353	-1.3883832755091579	0.0	0.12682641853883017	0.001123991538442047	1.0	draw3259	True
1.0	236.0	-0.17193116389366625	-0.17261219366888342	0.0	0.28947951855028387	0.0002728689962789851	1.0	draw3260	True
1.0	171.0	-0.17790594494366294	-0.17530530626130741	0.0	0.15344345088819306	0.0005956166419582284	1.0	draw3263	True
1.0	140.0	-0.7588529304479709	-0.7589229232595461	0.0	0.07086000051374931	3.788723438364229e-05	1.0	draw3264	True
1.0	181.0	-0.3561621921660336	-0.3561621921660336	0.0	0.14507698528753438	0.00041603748894372916	1.0	draw3265	True
1.0	204.0	-0.10114148856133834	-0.38714709875381376	0.0	0.5434272215004599	0.00041548315065564065	1.0	draw3266	True
1.0	209.0	-0.18345686795807561	-0.18122634871953516	0.0	0.11305226121416728	8.425502859142142e-05	1.0	draw3267	True
1.0	100.0	-7.605414855711064	-7.60634641966609	0.0	0.004478201009167471	1.3223639902416425e-07	1.0	draw3269	True
1.0	107.0	-0.07163059880844774	-1.9317250920443385	0.0	0.0010079096560509468	2.7153099931680024e-06	1.0	draw3270	True
1.0	195.0	-0.05816559967314881	-0.05816559967314881	0.0	0.010495098625061273	6.700306718021771e-06	1.0	draw3274	True
1.0	194.0	-0.12309538933886256	-0.2133177610844841	0.0	0.02352838884112554	0.00034910029128671624	1.0	draw3276	True
1.0	204.0	-0.07789172241117556	-0.07789172241117556	0.0	0.17114398222135963	2.3657602898396023e-05	1.0	draw3277	True
1.0	148.0	-0.04300886097752893	-0.042160896141972375	0.0	0.49759204899523163	1.510205432945604e-05	1.0	draw3279	True
1.0	79.0	-0.44121174738907354	-0.4336182204279364	0.0	0.10784863031541743	0.0010602737471778415	1.0	draw3282	True
1.0	174.0	-0.12971350369817813	-0.10325805421638604	0.0	0.36183560427111117	0.0018935149945834154	1.0	draw3285	True
1.0	156.0	-0.03407584409670235	-0.030130015360572582	0.0	0.10896603621210774	4.755634532418009e-05	1.0	draw3286	True
1.0	168.0	-0.014852885997464831	-0.027413546756522515	0.0	0.014383214868357913	9.382131967742172e-06	1.0	draw3287	True
1.0	194.0	-0.533689748630394	-0.5357156634589668	0.0	0.18737843646668037	0.0006978759534459972	1.0	draw3289	True
1.0	162.0	-0.19238915849767257	-0.19238915849767257	0.0	0.13024651919299632	0.0005003738308866198	1.0	draw3290	True
1.0	178.0	-0.018673636129435445	-0.018673636129435445	0.0	0.2694418617817237	4.638816702859173e-05	1.0	draw3291	True
1.0	218.0	-0.3153063600512635	-0.3777119975552352	0.0	0.10441865462754743	0.00031520830621881325	1.0	draw3296	True
1.0	171.0	-0.7690704128687424	-0.756277084427451	0.0	0.2525039338621765	0.0036741236353487515	1.0	draw3297	True
1.0	227.0	-0.10042618218791863	-0.15277620488157231	0.0	0.002672198817790441	1.2214588995424175e-05	1.0	draw3298	True
1.0	198.0	-0.46338170248613825	-0.9450314854836648	0.0	0.13659807465772414	0.001714836782455475	1.0	draw3300	True
1.0	149.0	-0.10553934115286245	-0.13806900746424486	0.0	0.02197047115887063	6.919807988928631e-06	1.0	draw3301	True
1.0	181.0	-0.3936543443773853	-0.3936543443773853	0.0	0.6024632297168041	0.0007713991447604267	1.0	draw3303	True
1.0	104.0	-1.0235039448317211	-21.47628653521401	0.0	0.015880862380392838	0.000476691412357307	1.0	draw3304	True
1.0	177.0	-0.09328525567976612	-0.09131208717132663	0.0	0.15184265537106947	3.331166148770723e-05	1.0	draw3305	True
1.0	241.0	-0.04710856347153128	-58.50371538048082	0.0	0.02339964982953313	3.217243895673136e-05	1.0	draw3306	True
1.0	208.0	-1.94482364781403	-1.94482364781403	0.0	1.9078383445055491	0.00561931048605651	1.0	draw3308	True
1.0	164.0	-0.7377026055442139	-0.7738525060525854	0.0	0.17162998676601818	0.0005184383729089964	1.0	draw3310	True
1.0	182.0	-1.1345752156711075	-1.1345752156711075	0.0	0.07702647775696839	8.238165035708332e-07	1.0	draw3311	True
1.0	158.0	-0.6474867714396044	-0.6474867714396044	0.0	0.15823225311358644	0.001224199111537415	1.0	draw3316	True
1.0	191.0	-1.6588270960088702	-1.559094956196802	0.0	0.3481869109641711	0.009485927104297678	1.0	draw3317	True
1.0	207.0	-0.41741357795441303	-0.404345535697341	0.0	0.4913909902341354	0.0014865756684825995	1.0	draw3318	True
1.0	252.0	-1.334359040018877	-1.3022177805239659	0.0	0.13368186747961047	0.0021104819181931933	1.0	draw3319	True
1.0	143.0	-0.3690008210105081	-0.3690008210105081	0.0	0.1526116387342465	0.00013772569724436272	1.0	draw3321	True
1.0	153.0	-0.19673749668134288	-0.19092319756077666	0.0	0.03120140893332586	9.910700322419596e-05	1.0	draw3327	True
1.0	149.0	-0.04035118490495985	-0.03913632828721404	0.0	0.057818523715499184	2.2439693179282386e-05	1.0	draw3328	True
1.0	250.0	-0.927107060063912	-1.156074371490866	0.0	0.03886809882632819	0.006538717755152894	1.0	draw3332	True
1.0	207.0	-0.0349759883875018	-0.03133889806723716	0.0	0.06222577315242943	0.00022074592585325032	1.0	draw3335	True
1.0	122.0	-1.4033733938769093	-1.4035713565318435	0.0	0.016747285437311177	1.8106427687441724e-07	1.0	draw3336	True
1.0	160.0	-0.10866604384500163	-0.09867277640537431	0.0	0.21496724514250856	0.000706668113016879	1.0	draw3338	True
3.0	172.0	-0.9143915851921993	-1.4866914624421117	0.0	0.3013703332405043	0.0006933618622276104	1.0	draw3340	True
1.0	221.0	-0.030603378004935535	-12.20774935771948	0.0	0.0042049539102315325	3.82941469997669e-09	1.0	draw3341	True
1.0	181.0	-0.5153587526360704	-0.46709951831326435	0.0	0.5750833249022751	0.023644456250587437	1.0	draw3343	True
1.0	170.0	0.9601009516408683	0.9601009516408683	9.0	0.17683561620145752	0.008287565860154906	1.0	draw3349	True
1.0	194.0	-0.5124513331377406	-0.5028478869119312	0.0	0.2302922972372219	0.0016326221921027302	1.0	draw3350	True
1.0	161.0	-0.8395952681085908	-0.8395952681085908	0.0	0.6055734590793939	0.014843084769924087	1.0	draw3352	True
1.0	133.0	-0.07663743780941827	-0.07665611799791286	0.0	0.01902798033367759	2.726560273096287e-05	1.0	draw3354	True
1.0	114.0	-0.021324814336755697	-0.02132844794827622	0.0	0.0015305104655536199	3.1844150866906025e-09	1.0	draw3356	True
1.0	163.0	-0.07759343362909657	-0.07693879858244988	0.0	0.14344873293501448	6.821625996184902e-05	1.0	draw3357	True
1.0	200.0	-9.097517302580957	-9.097517302580957	0.0	0.3337846883337361	0.05315883558218454	1.0	draw3358	True
1.0	177.0	-0.06320471877950787	-0.06320471877950787	0.0	0.003902590738122625	5.142356686255244e-05	1.0	draw3363	True
1.0	176.0	-0.7184100181032486	-0.7184100181032486	0.0	0.29900513764165826	1.9215281866787738e-05	1.0	draw3366	True
1.0	209.0	-0.09341720126604303	-0.08599721293768034	0.0	0.25446057650408305	0.0002244183741629814	1.0	draw3368	True
1.0	35.0	-0.3741768087946712	-1.7237205018463762	0.0	0.07878646342793705	0.0001770416159478643	1.0	draw3369	True
1.0	214.0	-0.9366964439538017	-6.605393016654266	0.0	1.0628706726969173	0.015517234795600354	1.0	draw3374	True
1.0	147.0	-0.10064666225890481	-0.0973214772437479	0.0	0.040229151950457745	0.00017503361772894325	1.0	draw3375	True
1.0	172.0	-0.07168842497737238	-2.6606337505132274	0.0	0.4861664423829296	0.00922660225363007	1.0	draw3376	True
1.0	163.0	-0.3401961322274123	-0.3356192677968032	0.0	0.060659900652947574	0.0014605246254655914	1.0	draw3377	True
1.0	175.0	-1.4712683080816369	-1.2517322998784222	0.0	0.2614647507987449	0.00269211470067282	1.0	draw3378	True
1.0	166.0	-0.7130696802249925	-0.7042894203947	0.0	0.07786167309706368	0.0008490178877179199	1.0	draw3379	True
1.0	150.0	-0.03971361912790536	-0.02583860165482844	0.0	0.3715106341506114	0.0002835776404883274	1.0	draw3380	True
1.0	158.0	-0.0870416980484979	-0.08781405140054616	0.0	0.17401595852192292	0.00012344902299145976	1.0	draw3383	True
1.0	141.0	-0.45528112043805463	-0.45528112043805463	0.0	0.3706048363188643	0.00030292152680856004	1.0	draw3386	True
1.0	197.0	-0.5229465304186806	-0.5229465304186806	0.0	1.2781835951797829	0.0011676131511374893	1.0	draw3388	True
1.0	143.0	-0.7959388549051895	-0.8013595584171079	0.0	0.13389866435820974	0.003202686093875927	1.0	draw3390	True
1.0	181.0	-0.02964636401551196	-0.095412602853637	0.0	0.16035229999920464	0.00017110907243847405	1.0	draw3391	True
1.0	267.0	-2.1212993407472576	-12.2475210924631	0.0	1.082797898498098	0.37114568364718276	1.0	draw3392	True
1.0	161.0	-0.05189614741905006	-0.05189614741905006	0.0	1.1702310873545159	0.0005350959299795053	1.0	draw3394	True
1.0	170.0	-0.07648688058752609	-0.08094682143761324	0.0	0.047518339783309146	0.00020472191956049984	1.0	draw3395	True
1.0	227.0	-1.5735165628366383	-1.70390305814018	0.0	0.05852132396680331	0.0077569184490666335	1.0	draw3396	True
1.0	237.0	-0.12492214686912513	-0.4540810082534346	0.0	0.060479833711811364	8.941765575851657e-05	1.0	draw3397	True
1.0	191.0	-0.0762445556858416	-0.534872711283408	0.0	0.06697498620467462	0.0015595740888338426	1.0	draw3399	True
1.0	152.0	-0.08800632378408077	-0.36353026003522004	0.0	0.1718655609513087	0.00011400224189109809	1.0	draw3400	True
1.0	202.0	-0.3026366404969527	-0.3026366404969527	0.0	0.09584480959036616	9.560303271005688e-06	1.0	draw3401	True
1.0	174.0	-0.05494020504247885	-0.04900414266681441	0.0	0.3097879852481673	0.00014529030493183945	1.0	draw3405	True
1.0	146.0	-0.04792646870188887	-0.04792646870188887	0.0	0.5160566594032654	1.931832721296059e-05	1.0	draw3407	True
1.0	207.0	0.009123395939917359	-0.0254949637804969	9.0	0.16517827040468502	8.503642869876968e-05	1.0	draw3409	True
1.0	163.0	-0.2501834414137924	-0.2501834414137924	0.0	0.14268815923020156	7.186731271904539e-06	1.0	draw3410	True
2.0	131.0	-2.2622435063796518	-2.2622435063796518	0.0	0.10559286482287024	0.0002118621258648327	1.0	draw3413	True
1.0	180.0	-1.0372502828179702	-1.0372502828179702	0.0	0.3039746590549309	0.0026339506072618605	1.0	draw3414	True
1.0	39.0	-1.7439759105081742	-9.638211430501025	0.0	0.1739087813104897	0.010322216769511632	1.0	draw3417	True
1.0	189.0	-2.474922619917863	-2.436868777634867	0.0	0.1953848007317315	0.0030202242253641195	1.0	draw3419	True
1.0	175.0	-1.6378636566695848	-1.6393491266337095	0.0	0.04707185095036054	8.331527922423903e-06	1.0	draw3420	True
1.0	184.0	-0.258138796571814	-0.257230292836189	0.0	0.06762658454564428	2.888141041143478e-05	1.0	draw3421	True
2.0	46.0	-0.20723063814274548	-7.121900179362532	0.0	0.06214482685684444	0.0021217237466003365	1.0	draw3422	True
2.0	126.0	-0.38246144537543525	-5.8656473824095405	0.0	0.11372859721153988	0.0018851148944404304	1.0	draw3423	True
1.0	179.0	-0.8436740134024423	-0.8498019593710316	0.0	0.026588870505364792	1.63540708105651e-05	1.0	draw3424	True
1.0	138.0	-0.09125579560569819	-0.09237730631982513	0.0	0.004461600482344351	7.052739001801338e-07	1.0	draw3425	True
2.0	129.0	-0.20587904589200207	-2.767828547828904	0.0	0.011816610288549856	0.00471931821715629	1.0	draw3426	True
1.0	208.0	-0.387598826510708	-0.4700061397262663	0.0	0.18395665863805113	0.0004237039892649343	1.0	draw3428	True
1.0	212.0	-1.1643932593105624	-1.146869310443316	0.0	0.18689861242159753	0.006381902557572951	1.0	draw3431	True
1.0	178.0	-1.1230233156486762	-1.1230233156486762	0.0	0.17159167635692327	0.003766034022998929	1.0	draw3432	True
1.0	168.0	-0.25896130376615195	-0.25896130376615195	0.0	0.07174810404099687	0.0002626476917821462	1.0	draw3435	True
1.0	174.0	-3.534345024789194	-3.5346349370820844	0.0	0.2227685516818988	0.09161168361815626	1.0	draw3436	True
1.0	173.0	-0.2940663423892538	-0.2940663423892538	0.0	0.07099063704975882	3.653133513823272e-06	1.0	draw3437	True
1.0	216.0	-0.6325521004235218	-0.6043284285642174	0.0	0.4790988683672729	0.011048142525247606	1.0	draw3440	True
1.0	190.0	-0.5490879199167435	-0.5494756592898931	0.0	0.0919789864508041	8.407096396964385e-05	1.0	draw3442	True
1.0	139.0	-0.014235135689790351	-0.014026517943075165	0.0	0.021405499411457446	2.7377871958269232e-06	1.0	draw3444	True
1.0	197.0	-0.4674800419412537	-0.4660092732407302	0.0	0.0796495735074294	0.000426387809267447	1.0	draw3445	True
1.0	142.0	-0.09085574866574797	-0.09085574866574797	0.0	0.20149508484895248	7.000994169024801e-06	1.0	draw3447	True
1.0	202.0	-1.3871642441614405	-1.3871642441614405	0.0	0.3843633243821046	0.00047242336614410085	1.0	draw3449	True
2.0	146.0	-0.07533409843550602	-1.442460637618986	0.0	0.000630996570384863	0.0001835802187553127	1.0	draw3451	True
1.0	224.0	-0.23767500566470176	-0.2699712840568095	0.0	0.026978768205035503	1.752803056990441e-06	1.0	draw3452	True
1.0	188.0	-0.1448537414558304	-0.1298754512577232	0.0	0.9618921261382541	0.0011576751471427656	1.0	draw3453	True
1.0	188.0	0.19905737205594298	0.18530714306016155	26.0	0.13170894483632165	4.541128275417062e-05	1.0	draw3456	True
1.0	201.0	-0.8667921123896284	-0.8386332755328916	0.0	0.31044839178528855	0.0023673150183950967	1.0	draw3457	True
1.0	175.0	-0.1858546709972581	-1.840335997826915	0.0	0.10202213234544351	0.0013072621281264038	1.0	draw3458	True
1.0	175.0	-0.5158341991671633	-0.7978622640918226	0.0	0.042702932983141845	0.00024206730845867651	1.0	draw3459	True
1.0	89.0	-13.83820981017775	-148.68438133403316	0.0	0.0053739322825646805	0.0009240535343595931	1.0	draw3460	True
1.0	216.0	-0.13414210146754552	-0.12358309301556787	0.0	0.183155090597551	0.00011171676077791208	1.0	draw3461	True
1.0	167.0	-0.0672286843619423	-0.0672286843619423	0.0	0.20892271154662853	1.4287944239773765e-05	1.0	draw3462	True
1.0	223.0	-0.015601017991141108	-0.05142799606558747	0.0	0.005000132170458593	1.2371017599744618e-05	1.0	draw3463	True
1.0	186.0	-0.0817442068633724	-0.07666603815439688	0.0	0.18175283361122102	0.0003014331133465939	1.0	draw3464	True
2.0	90.0	-0.6867020442994766	-49.03393600828956	0.0	0.007033418046263899	0.0033525879284320038	1.0	draw3466	True
1.0	169.0	-0.14427079862580755	-0.1527615279269814	0.0	0.10605682770183417	0.003696554912921946	1.0	draw3467	True
1.0	174.0	-0.53531167001204	-0.5972817024883806	0.0	0.25677160754648237	0.0040891642845470935	1.0	draw3468	True
1.0	227.0	-1.6413005267658811	-1.6413005267658811	0.0	1.1442441262792122	0.007530123419502327	1.0	draw3471	True
1.0	159.0	-0.6197803599594192	-0.6016531043373092	0.0	0.2782471721032488	0.003980054594036329	1.0	draw3472	True
1.0	175.0	-0.957812579059912	-0.9181780125660355	0.0	0.5819911445220383	0.0019237539483341214	1.0	draw3475	True
1.0	201.0	-0.12482500971444344	-0.12482500971444344	0.0	0.1035102300471204	5.888956947433737e-05	1.0	draw3476	True
1.0	220.0	-2.5553540988467534	-2.5553540988467534	0.0	1.5491401775916018	0.007937112353377018	1.0	draw3477	True
1.0	169.0	-0.9808993110947346	-1.113734747250882	0.0	0.12738762675270632	5.626929360362652e-06	1.0	draw3479	True
1.0	27.0	-1.081636843365014	-1.0743846431893858	0.0	0.0803203433935351	0.0026903765373974173	1.0	draw3480	True
1.0	186.0	0.2610464841360368	0.2610464841360368	13.0	0.19301750781299665	0.00537694398468831	1.0	draw3481	True
1.0	207.0	-0.3920380383217733	-0.389674349917186	0.0	0.026670147772656288	5.011937930142525e-05	1.0	draw3482	True
1.0	221.0	-0.24802745827150469	-0.2712211686615521	0.0	0.034277516176866675	7.050008901471954e-06	1.0	draw3483	True
1.0	174.0	-0.5233459471858478	-0.5168504755836252	0.0	0.1321620654196857	0.003959201185595102	1.0	draw3484	True
1.0	184.0	-0.47571757562534733	-0.47571757562534733	0.0	0.0520994174410934	1.1039712561985547e-05	1.0	draw3486	True
2.0	57.0	-0.11109857769226651	-1.6416197826405068	0.0	0.07386981900026506	0.0005456926801315453	1.0	draw3488	True
1.0	155.0	-0.3134579811468381	-0.31398584854566036	0.0	0.15121771747788704	3.25521864841276e-06	1.0	draw3490	True
1.0	204.0	-0.16558550447413853	-0.5542161284099887	0.0	0.04368774152010624	0.00021023873049437288	1.0	draw3493	True
1.0	150.0	-0.19735406378896492	-0.16960049047945863	0.0	0.06814802201531975	0.00052389514936131	1.0	draw3495	True
1.0	239.0	-10.139720129612131	-10.139720129612131	0.0	0.7245925753665459	0.008328871681238116	1.0	draw3496	True
1.0	192.0	-0.27883651810226817	-0.2673125989517547	0.0	0.7545587847407542	0.0015041826725377427	1.0	draw3497	True
1.0	126.0	-0.7912726568085816	-0.7777826065728709	0.0	0.17181517017552828	0.004453889683493443	1.0	draw3500	True
1.0	188.0	-5.2899325494628515	-5.2899325494628515	0.0	2.616847934957676	0.0003333897218478383	1.0	draw3505	True
1.0	159.0	-0.21284664113691798	-0.21480216494638757	0.0	0.0026381824232414672	1.5591283006919846e-07	1.0	draw3507	True
2.0	160.0	-0.9620506644012201	-18.307008457049836	0.0	0.009249650040593554	0.03813204695395361	1.0	draw3512	True
3.0	113.0	-0.672028786151094	-0.6500727747608166	0.0	0.008779539945876392	6.005581266082373e-06	1.0	draw3514	True
1.0	239.0	-2.5457975552515535	-2.5457975552515535	0.0	1.1417637717579319	0.11461510530764184	1.0	draw3515	True
1.0	218.0	-1.102096472670511	-1.0511833480900177	0.0	0.9248044335223634	0.011477248692483824	1.0	draw3516	True
1.0	172.0	-0.01586733833513184	-0.015460026908188373	0.0	0.015838029101757065	3.0339691792258353e-06	1.0	draw3521	True
1.0	154.0	-0.0323414157881483	-0.0323414157881483	0.0	0.058079872683833945	3.64648550035335e-07	1.0	draw3522	True
1.0	151.0	-0.013642711105683348	-0.011491050503926757	0.0	0.05816216435201488	1.2294444939102744e-05	1.0	draw3523	True
1.0	214.0	-0.5211960625560607	-1.509239862557901	0.0	0.3221044311997913	0.011705885683103327	1.0	draw3524	True
1.0	124.0	-0.14935996204121016	-0.14946437900158638	0.0	0.0011544401710273297	1.9355976124077657e-09	1.0	draw3525	True
1.0	144.0	-0.16645290993699008	-0.6955275495043083	0.0	0.0031534429774615893	9.094186977415695e-05	1.0	draw3529	True
1.0	196.0	-25.208005881985173	-25.07590823456955	0.0	0.13857007304982286	0.029877479153138486	1.0	draw3530	True
1.0	159.0	-0.17013517826260416	-0.17047838716735217	0.0	0.052242619206214216	2.8186851074057075e-05	1.0	draw3531	True
1.0	187.0	-0.06214404490621442	-0.05911301714989567	0.0	0.10208853899781223	0.002007619091367324	1.0	draw3532	True
1.0	167.0	0.043244748668386256	0.021758880611309074	28.0	0.12513030792478264	3.438721750874971e-05	1.0	draw3533	True
1.0	207.0	-3.8499764190460586	-3.8499764190460586	0.0	0.48218839180542306	9.911323069276976e-05	1.0	draw3537	True
1.0	178.0	0.031676491007340546	0.020223315636351102	9.0	0.1214073789257352	0.004369528697302799	1.0	draw3539	True
1.0	164.0	-0.26775396160558546	-0.4245663808538582	0.0	0.11940329473652611	0.00011632640373574289	1.0	draw3542	True
1.0	204.0	-1.528817445318943	-1.528817445318943	0.0	1.7316111084372536	0.00943086249538433	1.0	draw3543	True
1.0	167.0	-11.331820823994047	-11.331820823994047	0.0	0.08077565187395304	2.2325099159736998e-05	1.0	draw3544	True
1.0	216.0	-1.2288760321305179	-1.2288760321305179	0.0	1.2042746415075454	0.11056324859430677	1.0	draw3545	True
1.0	155.0	-0.13112498674801865	-0.2491454164049842	0.0	0.024598009427207156	0.00011756614843823864	1.0	draw3546	True
1.0	174.0	-0.027625953011322663	-0.17404430849121086	0.0	0.005914305761545488	5.5267168652813535e-06	1.0	draw3549	True
1.0	164.0	-0.00746952777558696	-0.00746952777558696	0.0	0.03423627953428656	2.3025771111807177e-06	1.0	draw3550	True
1.0	176.0	-0.018293920547427317	-0.018293920547427317	0.0	0.043450793418667644	0.00045855135067557367	1.0	draw3556	True
1.0	172.0	-0.7535613948550558	-0.7463825101529662	0.0	0.08253912837214496	0.0004344565793271791	1.0	draw3557	True
1.0	152.0	-0.7530137709160539	-0.7530137709160539	0.0	0.126177738251315	0.00013658175118244314	1.0	draw3558	True
1.0	146.0	-1.0280300249760375	-1.0280300249760375	0.0	0.09085011850378887	0.0005453363956661201	1.0	draw3559	True
1.0	215.0	-0.28407403385169766	-0.6279775215083473	0.0	0.026609955363330322	3.8908625121889787e-05	1.0	draw3560	True
1.0	168.0	-0.028670515248371446	-0.028670515248371446	0.0	0.008874421952745588	7.2104562572004265e-06	1.0	draw3561	True
1.0	145.0	-0.3153919344409592	-0.3139088055127168	0.0	0.20587640785910497	8.344688943391108e-05	1.0	draw3562	True
1.0	169.0	-0.016028000682684847	-0.06624939872358655	0.0	0.03192689796567727	1.7582403838595587e-06	1.0	draw3566	True
1.0	227.0	-0.12015852659833318	-0.10415668842317792	0.0	0.44894343502495015	0.0005718584907075894	1.0	draw3568	True
1.0	155.0	-0.5956831326342678	-0.9437104092334629	0.0	0.22317494429135892	0.014197395765464513	1.0	draw3569	True
1.0	149.0	-0.04567338576682115	-0.047405924051298426	0.0	0.005976166875860067	2.5764572148481024e-07	1.0	draw3571	True
3.0	150.0	0.014116017684280002	-0.627196760661411	9.0	0.7577922118712912	0.0009711310687940539	1.0	draw3572	True
1.0	180.0	-0.5188848821891201	-0.5233780822137295	0.0	0.07346178029048665	0.002252061404429606	1.0	draw3573	True
1.0	217.0	-1.855213720298143	-1.9005916822670772	0.0	0.036445757083668644	0.0001356564128984032	1.0	draw3574	True
1.0	177.0	-1.151370939269118	-1.151370939269118	0.0	0.4735911658080712	5.8475237715701566e-05	1.0	draw3576	True
1.0	112.0	-0.014908862756575658	-0.012132671518569145	0.0	0.2028191680253125	2.769148202330745e-05	1.0	draw3577	True
3.0	170.0	-0.05338576029056549	-1.7998751274367397	0.0	0.46281967034324045	0.0011436217407984897	1.0	draw3579	True
1.0	178.0	-0.5132179854925897	-0.4907546120420739	0.0	0.20244455824653632	0.001465016750250813	1.0	draw3586	True
3.0	161.0	0.10279615245664138	-0.18951788485085613	20.0	0.21279516568228551	0.00017555536956569338	1.0	draw3587	True
1.0	158.0	-1.2571131494613075	-1.2338687228714564	0.0	0.11460371972321173	0.0017558705779249894	1.0	draw3589	True
1.0	130.0	-0.8146211956493365	-0.8146211956493365	0.0	0.20635943676890625	0.00013925038084851383	1.0	draw3594	True
1.0	208.0	-2.3525413225339835	-2.357038189248268	0.0	1.5382156892168375	0.04092827425066209	1.0	draw3595	True
1.0	148.0	-0.11338276862064207	-0.11338276862064207	0.0	0.058313970343032616	0.0002860697326516658	1.0	draw3598	True
1.0	225.0	-0.13552791843006384	-0.13552791843006384	0.0	0.09193039660861282	0.00011197405527599173	1.0	draw3599	True
1.0	60.0	-0.44605047584693475	-10.401061887617255	0.0	0.03564837723002836	0.0016899399828020519	1.0	draw3600	True
1.0	221.0	-0.7004321383965846	-0.6998814781832245	0.0	0.01903389430797548	9.341000166200163e-05	1.0	draw3603	True
1.0	195.0	-0.5330138827673346	-0.5330138827673346	0.0	0.5967133933501454	0.0023248980682640916	1.0	draw3605	True
1.0	139.0	-0.04105506060136088	-0.04105618697365801	0.0	0.01269522986285386	9.045530061256697e-07	1.0	draw3608	True
1.0	39.0	-0.1247723582323311	-0.6215767001991566	0.0	0.0230023371649469	1.678855159609251e-05	1.0	draw3611	True
1.0	241.0	-0.7355294043607016	-0.7864368193131174	0.0	0.23531442740261138	0.0034238247411958697	1.0	draw3612	True
1.0	186.0	-0.28316681240918445	-0.5677946831723844	0.0	0.012968096788848915	1.1692582335403481e-05	1.0	draw3613	True
1.0	195.0	-0.36623319966981427	-1.1178752132901435	0.0	0.6093908819690285	0.18782682790394511	1.0	draw3614	True
2.0	186.0	-5.909285941512157	-7.8844463846495385	0.0	1.3162813330886003	0.019380166998156992	1.0	draw3615	True
1.0	138.0	-0.06051663679030405	-0.06051663679030405	0.0	0.05217972477722677	1.5137229585887974e-05	1.0	draw3616	True
1.0	199.0	-1.616386814322716	-1.616386814322716	0.0	0.5804786853989694	0.0031831790658335963	1.0	draw3618	True
1.0	248.0	-1.1566251423133447	-1.1578028660543878	0.0	0.13653903878918355	0.0014431427057247721	1.0	draw3620	True
1.0	123.0	-0.08393989092476649	-0.08268801477545981	0.0	0.07648703761038708	9.2573571411411e-05	1.0	draw3622	True
1.0	227.0	-0.3814427659042797	-0.3814427659042797	0.0	0.22822269030918518	0.0007306950261471933	1.0	draw3624	True
1.0	208.0	-2.572509106840439	-2.572509106840439	0.0	0.2987882738015435	0.00031419694292688597	1.0	draw3625	True
1.0	175.0	-0.018158766943945887	-0.018158766943945887	0.0	0.08517067569923523	5.360113446354533e-06	1.0	draw3627	True
1.0	193.0	-3.4476935178956114	-3.4476935178956114	0.0	1.7725927650513453	0.3210901376398064	1.0	draw3628	True
1.0	138.0	-0.19523742571043295	-0.1929748611861588	0.0	0.06589951488974957	0.00023080742854974758	1.0	draw3629	True
1.0	164.0	-0.02064041677571324	-0.01943113691026506	0.0	0.06798938942848248	1.2128242475069984e-05	1.0	draw3631	True
1.0	181.0	-1.3514695793467615	-1.3514695793467615	0.0	0.7696317867185271	0.03026315707441393	1.0	draw3633	True
1.0	141.0	-0.15684696744591942	-0.2852255491647256	0.0	0.07669394646357991	1.9370835896604677e-06	1.0	draw3634	True
1.0	101.0	-0.7567186313569527	-0.7547018190563352	0.0	0.030159547689791573	0.000276911411941637	1.0	draw3635	True
1.0	94.0	-251.40545270783093	-363.48711284035403	0.0	0.5192237077037899	2.156195099267301	1.0	draw3636	True
1.0	184.0	-0.7609010663368261	-0.7350937844108666	0.0	0.45079446427079184	0.027413192534746052	1.0	draw3640	True
1.0	206.0	-2.348631286530107	-2.419476246893216	0.0	0.1391993561446	0.011665095181231572	1.0	draw3642	True
1.0	219.0	-1.3610036771250837	-1.3314324807912352	0.0	0.1789198822345135	0.0006337039904202636	1.0	draw3644	True
1.0	189.0	-0.039568071390944065	-0.035887667521328964	0.0	0.031326062086737494	0.00019132504588224551	1.0	draw3648	True
1.0	192.0	-0.012980126476302575	-0.012543060273028771	0.0	0.002886640512284874	5.0719037893674875e-06	1.0	draw3649	True
1.0	161.0	-0.11881239405964217	-0.11881239405964217	0.0	0.056771701313888374	7.071292503608733e-05	1.0	draw3651	True
1.0	211.0	-0.928169256255081	-0.928169256255081	0.0	1.1267519294844148	0.08441327176765348	1.0	draw3652	True
1.0	183.0	-0.06863208200556359	-0.1860038071430174	0.0	0.2924615276847284	0.00017083190149469208	1.0	draw3655	True
1.0	170.0	-0.36491228593720065	-0.3612979360131995	0.0	0.2885523038228076	0.00010240981844459063	1.0	draw3656	True
1.0	199.0	-1.1354536673604003	-3.302338748242545	0.0	0.6552062099291758	0.022322350483383824	1.0	draw3657	True
1.0	182.0	-0.7274646160605175	-0.7089500424623333	0.0	0.10337829533538387	0.008931304122823261	1.0	draw3659	True
1.0	243.0	-0.05792664200387273	-1.2054046169918842	0.0	0.035841999102608255	0.00010277221712851392	1.0	draw3662	True
1.0	219.0	-0.08927728419861453	-0.08927728419861453	0.0	0.027717993411529633	4.19676880459863e-06	1.0	draw3663	True
1.0	192.0	-0.7217148042233062	-0.7345749405277049	0.0	0.17372680198961868	0.0010014660546685834	1.0	draw3666	True
1.0	158.0	-0.08457480913201965	-0.10813728356453803	0.0	0.11549821555368725	0.00018408417800441787	1.0	draw3669	True
1.0	162.0	-0.08315532466637555	-0.5371330118401205	0.0	0.03699845870848862	7.310505555575498e-05	1.0	draw3671	True
1.0	175.0	-1.2425036291236786	-1.1751401936548964	0.0	0.5718216963206952	0.03049562893855937	1.0	draw3672	True
1.0	169.0	-0.0018329742409732108	-0.0015531644847949833	0.0	0.012059287268016182	1.0638739215551734e-07	1.0	draw3674	True
1.0	214.0	-0.1920305436009211	-1.1254159971762712	0.0	0.7628253764620536	0.005915958013866778	1.0	draw3675	True
1.0	135.0	-3.069864149971066	-3.069864149971066	0.0	0.09980672445594993	0.0016747560383691823	1.0	draw3677	True
1.0	174.0	-0.09837592300663395	-0.13941056697085855	0.0	0.0282386003884424	5.696869663160434e-06	1.0	draw3678	True
1.0	202.0	-0.3138386840576631	-0.26513528689899785	0.0	0.2077932594361998	0.014418226527401552	1.0	draw3679	True
1.0	187.0	-0.20847565342284788	-0.20847565342284788	0.0	0.5484486658021248	1.0746494123846154e-05	1.0	draw3681	True
1.0	190.0	-1.5965434343036096	-1.4755911581922496	0.0	0.2443883203463022	0.003335278701006825	1.0	draw3682	True
1.0	210.0	-0.5226453638821046	-1.0555170961835367	0.0	0.48013931274712346	0.008528793056653836	1.0	draw3684	True
2.0	153.0	-0.9164696678294906	-0.8996877186765382	0.0	0.020058677190393667	0.0007073580805816064	1.0	draw3685	True
1.0	137.0	-0.25765820503652714	-0.25765820503652714	0.0	0.11230377293527403	6.632918968882415e-05	1.0	draw3686	True
1.0	191.0	-1.9684210939996247	-1.8975468311225447	0.0	0.06073224715651388	0.000973873411058664	1.0	draw3687	True
1.0	181.0	-0.28241594555803584	-0.2819574689253629	0.0	0.2546387399220047	0.0001764991043021943	1.0	draw3690	True
1.0	196.0	-1.264379514355027	-1.264379514355027	0.0	1.2265276089360557	0.0073964789607122074	1.0	draw3692	True
1.0	231.0	-7.292291503106191	-7.292291503106191	0.0	0.18994196292590682	0.001842806375416942	1.0	draw3694	True
1.0	221.0	-0.024968413958470843	-0.01568683886497474	0.0	0.1790588117823251	8.439194181269791e-05	1.0	draw3695	True
1.0	182.0	-0.11952913205310114	-0.11643011447170472	0.0	0.07618496928514376	3.642340975014411e-05	1.0	draw3696	True
1.0	166.0	-0.1728098248076611	-0.19569383232166465	0.0	0.13332136806161168	8.329602610123777e-05	1.0	draw3699	True
1.0	172.0	-101.90630399727337	-101.89170708153057	0.0	1.281838778663352	0.0006829309767503686	1.0	draw3700	True
2.0	173.0	-0.21315209389934786	-1.7226453925349952	0.0	0.005619490784147937	4.400563786652844e-05	1.0	draw3701	True
1.0	199.0	-0.064766475101844	-0.06149833569676279	0.0	0.0968189200947608	7.549160021919146e-05	1.0	draw3702	True
1.0	205.0	-0.16949007829267726	-0.16378279794747772	0.0	0.14163334147346737	0.0005744899128257805	1.0	draw3703	True
1.0	182.0	-0.4526953977246846	-0.44544793799822724	0.0	0.05617647424860491	0.0015036699948283978	1.0	draw3704	True
1.0	187.0	1.3370020986262325	0.2974279662303366	40.0	0.7036999773291179	0.003391344236187372	1.0	draw3705	True
1.0	250.0	-5.713429144860103	-5.713429144860103	0.0	0.294550163665115	0.0041057398243082134	1.0	draw3709	True
1.0	145.0	-0.10484528017037209	-0.10484528017037209	0.0	0.04999692435836837	0.00011828902266271019	1.0	draw3710	True
1.0	203.0	-1.2581125229161907	-1.0270149261648303	0.0	4.209987566977007	0.18262914247949708	1.0	draw3712	True
1.0	147.0	-0.0683687080108023	-0.08810687414071607	0.0	0.002475768943054091	3.0296540169209404e-06	1.0	draw3714	True
1.0	54.0	-5.061308759604861	-26.04591824529727	0.0	0.05950629853560103	0.003251051842281481	1.0	draw3715	True
1.0	155.0	-0.934301349826644	-0.914533172429314	0.0	0.17171793070868147	0.008937058860537046	1.0	draw3716	True
1.0	178.0	-8.817239218043374	-8.866231990178013	0.0	0.08080051440398774	4.350726306729869e-06	1.0	draw3717	True
2.0	166.0	-0.051525438907045376	-1.825012665760996	0.0	0.001441259735848198	0.0006852668322744264	1.0	draw3718	True
1.0	189.0	-0.24390071648519152	-0.24390071648519152	0.0	0.023759174924746503	2.5767704480736133e-05	1.0	draw3720	True
1.0	166.0	-0.01921000829829521	-0.01921000829829521	0.0	0.021914807474666266	1.632986242219363e-06	1.0	draw3722	True
1.0	187.0	-0.19193929351855565	-0.19193929351855565	0.0	0.08916995781072592	0.005720757629470842	1.0	draw3723	True
1.0	210.0	-0.5094146611536637	-0.5026870196827046	0.0	0.15903288851640282	0.0015388130688048164	1.0	draw3725	True
1.0	246.0	-5.398468007075012	-5.398468007075012	0.0	0.18541562404998807	0.0010309898314905645	1.0	draw3728	True
1.0	153.0	-1.0302481796394145	-1.4123257036535082	0.0	0.14696109083580272	2.1974424158525208e-05	1.0	draw3729	True
1.0	191.0	-0.6580362954016936	-0.6580362954016936	0.0	0.39879163575496596	0.004810079740695497	1.0	draw3731	True
1.0	201.0	-0.12106126435170236	-0.10228412036866377	0.0	0.06910124526820369	0.0009557001863832706	1.0	draw3732	True
1.0	179.0	-0.1266737205396595	-0.1266737205396595	0.0	0.07076668987939272	8.682644169523185e-05	1.0	draw3733	True
1.0	178.0	-0.24214148191978901	-0.30244356042438775	0.0	0.09754301367770787	0.00018204650820741641	1.0	draw3734	True
1.0	203.0	-0.27233220962763177	-0.2633252373289779	0.0	0.2746970726143257	0.0011715098798878616	1.0	draw3735	True
1.0	172.0	-0.0024107618011893345	-0.0024107618011893345	0.0	0.05835577777857385	0.00021229956377030347	1.0	draw3737	True
1.0	180.0	-0.5272270233793667	-0.5272270233793667	0.0	0.2505186697225461	0.016272613348019778	1.0	draw3738	True
1.0	210.0	-0.1972803658148319	-0.1972803658148319	0.0	0.14344337504582555	0.00020829640365213257	1.0	draw3741	True
1.0	146.0	-0.12571196062587434	-0.12517390453857688	0.0	0.22800957710006475	5.0279898771197336e-05	1.0	draw3743	True
1.0	184.0	-0.4370658836600467	-0.4355386706307656	0.0	0.08446397054692749	6.002852645766344e-05	1.0	draw3745	True
2.0	81.0	-1.7816598392209773	-8.437065614880247	0.0	0.2764776477331889	0.006838335427189476	1.0	draw3748	True
1.0	224.0	-1.388729806425173	-1.388729806425173	0.0	0.6725921102655559	0.002990964810203818	1.0	draw3750	True
1.0	244.0	-0.07181757098391287	-0.3239325136850896	0.0	0.03630533763184762	2.0950215816133083e-05	1.0	draw3752	True
1.0	164.0	-0.5404224399981385	-0.5392644873115398	0.0	0.10335538670728261	2.5092894382809512e-05	1.0	draw3753	True
1.0	298.0	-0.3392599534210656	-4.009985927245987	0.0	0.07273331883779019	0.0012690466077482495	1.0	draw3754	True
1.0	166.0	-1.2559660273282462	-1.2586658432270195	0.0	0.1629943488651601	5.142969146504383e-05	1.0	draw3756	True
1.0	238.0	-0.8595781205656545	-0.8806997379542495	0.0	0.07180049290091438	0.007941784370986976	1.0	draw3757	True
1.0	168.0	-2.05065058292653	-2.05065058292653	0.0	0.2968132875920752	0.0010965119766379306	1.0	draw3758	True
1.0	209.0	-0.40656679226557535	-0.45008157158826445	0.0	0.10912636270240335	0.0017456027800178847	1.0	draw3762	True
1.0	188.0	-0.05411441475669634	-0.05411441475669634	0.0	0.198878999541837	1.0641317843675047e-06	1.0	draw3764	True
1.0	212.0	-0.11654224641218928	-0.1333785530669512	0.0	0.06526063166976512	0.00012040610248890784	1.0	draw3765	True
1.0	133.0	-7.605121142778688	-7.605121142778688	0.0	0.5798775363915306	0.0021242526547062593	1.0	draw3767	True
1.0	224.0	-0.12134864232228737	-0.1214719982294619	0.0	0.007332044935876523	1.307037526675714e-05	1.0	draw3769	True
1.0	193.0	-0.4014131501893256	-0.3857990910179339	0.0	0.281724631394863	0.0002818233598294955	1.0	draw3770	True
2.0	77.0	-1.1104103833983692	-13.649812664248822	0.0	0.02467739413875936	0.015683773191364072	1.0	draw3771	True
1.0	230.0	-0.14666105911437646	-0.14666105911437646	0.0	0.07653629820759099	2.043881071647154e-06	1.0	draw3774	True
2.0	36.0	-2.7371444254649897	-2.708974733051211	0.0	0.03698019829995551	0.0011651850689848877	1.0	draw3777	True
1.0	186.0	-0.10042430551541097	-0.10067570825806603	0.0	0.11658247630667296	6.065910617525434e-05	1.0	draw3778	True
1.0	191.0	-1.8348884196866564	-1.7849761015240695	0.0	0.24447153749176298	0.0011854922813766225	1.0	draw3779	True
1.0	172.0	-0.07131871206382365	-0.07131871206382365	0.0	0.04576606126480875	6.70924339025723e-07	1.0	draw3780	True
1.0	174.0	-0.44441429445013625	-0.44039089264556613	0.0	0.05034139033857913	0.0009522432204838056	1.0	draw3782	True
1.0	184.0	-0.7741756477914231	-0.7741756477914231	0.0	1.409767753746393	0.03616209635931182	1.0	draw3783	True
1.0	219.0	-1.3295041948235844	-1.3310145518410401	0.0	0.08578088725092738	0.0024548658127592597	1.0	draw3785	True
3.0	248.0	-1.386853720036429	-21.15793497253381	0.0	0.0077097657958070265	6.097072142230576e-06	1.0	draw3786	True
1.0	189.0	-0.6399387941911683	-0.6399387941911683	0.0	1.2256226034637778	0.06519478966841631	1.0	draw3788	True
1.0	179.0	-9.200491804032838	-11.945906752498688	0.0	0.47196285742481936	0.04656370214288588	1.0	draw3791	True
3.0	217.0	-0.1838897219202854	-2.1925489460102723	0.0	0.3248115131085014	1.4768514793427121e-05	1.0	draw3792	True
1.0	172.0	-0.6660820463163035	-0.6660820463163035	0.0	0.5717255551715843	7.289353009228152e-05	1.0	draw3794	True
1.0	239.0	-2.035672657029007	-2.035672657029007	0.0	0.5384664286083395	0.003707892183977746	1.0	draw3795	True
1.0	72.0	-1.387978040603444	-1.387978040603444	0.0	0.1789369210390164	0.0005718001137597086	1.0	draw3796	True
1.0	241.0	-0.16265473526936547	-0.16265473526936547	0.0	0.03839358545384633	3.434120053067685e-05	1.0	draw3797	True
2.0	138.0	-0.018680059786939006	-0.28531425478034816	0.0	0.001966143968828948	7.619181749047094e-07	1.0	draw3798	True
1.0	61.0	-17.10860480140115	-17.10860480140115	0.0	0.08236919719503992	0.009022435985580533	1.0	draw3799	True
1.0	200.0	-0.4984608040094458	-0.48926831665648846	0.0	0.046704846885865084	0.00023245853957163084	1.0	draw3800	True
1.0	214.0	-0.04730476700489336	-0.07892412598612854	0.0	0.015045701403022395	1.2036718752890169e-05	1.0	draw3801	True
1.0	190.0	-0.3443523018469056	-0.9014480205823774	0.0	0.2147665825412739	0.0036416140147704458	1.0	draw3805	True
1.0	243.0	-0.8075951933656103	-0.8075951933656103	0.0	0.4587853452261294	0.0025219887521438235	1.0	draw3806	True
1.0	201.0	-0.11817827976113815	-0.11817827976113815	0.0	0.46725927709838594	0.0028547162578592285	1.0	draw3807	True
1.0	145.0	-0.013729865451524414	-0.03359920084919575	0.0	0.023569139366563532	1.9896567888160224e-06	1.0	draw3808	True
1.0	203.0	-0.8138902587676635	-0.851877546856338	0.0	0.40286099945590464	0.003452111068012967	1.0	draw3812	True
1.0	204.0	-0.2761429243246601	-7.724796029352721	0.0	1.3969508579685368	0.0016865924122778275	1.0	draw3813	True
1.0	179.0	-0.20986512977210844	-0.2042630802798777	0.0	0.12430550762622534	3.842239551171597e-05	1.0	draw3814	True
3.0	125.0	-0.05101071210152078	-26.228378422563505	0.0	0.0005071400852267377	3.21733063425021e-05	1.0	draw3815	True
1.0	172.0	-0.2213952780537583	-0.2580654815385879	0.0	0.04773530014351994	0.00031777962298369455	1.0	draw3816	True
1.0	146.0	-0.2616684460435262	-0.2623368098898852	0.0	0.05895378300345334	6.495374489893531e-05	1.0	draw3820	True
1.0	200.0	-0.11532782212166487	-0.10324673043222463	0.0	0.6471163812577154	0.0005493712458806342	1.0	draw3821	True
1.0	205.0	-0.04245426922623863	-0.8628535852022183	0.0	0.1703940962600319	0.0029313458585346966	1.0	draw3823	True
1.0	178.0	-3.0564091826150155	-3.0564091826150155	0.0	0.2296249047273821	0.011040831221500106	1.0	draw3827	True
1.0	222.0	-0.07592906003079673	-0.23975058397614882	0.0	0.046700859910828646	1.8768257133405734e-05	1.0	draw3830	True
1.0	190.0	-0.017382279052904407	-0.18274912233466414	0.0	0.00692132375554864	3.3536212296706555e-06	1.0	draw3832	True
1.0	210.0	-0.13373422118049136	-0.13373422118049136	0.0	0.024934182419102457	6.162400290153769e-07	1.0	draw3836	True
1.0	124.0	-0.21071791463540232	-0.21073236570916104	0.0	0.014916239269223646	1.0752761635860328e-06	1.0	draw3837	True
1.0	204.0	-0.28462718716864815	-0.28505278389528277	0.0	0.3006391271369231	0.00028266930167780013	1.0	draw3841	True
1.0	196.0	-0.031140651397479707	-0.031140651397479707	0.0	0.019514800692668702	6.759594550015657e-06	1.0	draw3842	True
1.0	221.0	-0.3252065346088874	-0.36691699675096145	0.0	0.008692746523047256	0.00015244185073313957	1.0	draw3845	True
2.0	115.0	-0.2445601426711051	-9.64308683596138	0.0	0.0067228208822251905	0.014647426708073114	1.0	draw3846	True
1.0	213.0	-0.37645843869799384	-0.35741270290326593	0.0	0.4908247009890313	0.0007268144570476469	1.0	draw3847	True
1.0	209.0	-0.06455940420935907	-0.0630640906480674	0.0	0.025180654665686225	4.858581527187067e-05	1.0	draw3849	True
1.0	167.0	-0.018242619110456347	-0.2643332608500536	0.0	0.11291236762517207	0.001385938090563447	1.0	draw3851	True
1.0	190.0	-0.4292873830287628	-0.4292873830287628	0.0	0.05946230108235095	0.0006836051509337427	1.0	draw3852	True
1.0	131.0	-0.01270724919403212	-0.01270724919403212	0.0	0.004345301315454576	1.6643865576816922e-07	1.0	draw3854	True
1.0	174.0	-0.12842985362263373	-0.12842985362263373	0.0	0.05071234755165756	1.8000871814821497e-05	1.0	draw3855	True
1.0	163.0	-0.19476553346406866	-0.19476553346406866	0.0	0.1158496117145535	0.0007421354073216918	1.0	draw3857	True
1.0	196.0	-0.019009289622621647	-0.03663319733599401	0.0	0.05213143214428836	1.0545878193908552e-05	1.0	draw3858	True
1.0	178.0	-0.07807495874353541	-0.07807495874353541	0.0	0.09439219097711946	0.0006557967557508696	1.0	draw3860	True
1.0	121.0	-0.10451346326569494	-0.10465836508536566	0.0	0.0002515224307972272	1.7174985590041396e-10	1.0	draw3861	True
2.0	65.0	-1.9198960967160936	-45.52564544592313	0.0	0.03393875653673845	0.9227875262127565	1.0	draw3863	True
1.0	160.0	-0.01917276612003134	-0.18104396758796426	0.0	0.063344017184836	7.026530864898513e-05	1.0	draw3866	True
1.0	132.0	-3.0477301451543712	-3.0476207517260963	0.0	0.0013364045674328577	1.3004791759344252e-07	1.0	draw3867	True
1.0	157.0	-0.11815180959353752	-0.15518454802710832	0.0	0.10035133466580091	0.00011000676103478917	1.0	draw3871	True
1.0	240.0	-0.5734571785733243	-0.9406984644850365	0.0	0.040042818893353	0.0012735868700299825	1.0	draw3873	True
1.0	204.0	-0.08047712752925035	-0.06790877743124313	0.0	0.5810051412825176	0.0005427923184106954	1.0	draw3874	True
1.0	226.0	-0.35773723407868785	-0.35827299048345246	0.0	0.0343227774558605	0.00026075512057863285	1.0	draw3876	True
1.0	144.0	-0.12535554782888683	-0.12667195467474332	0.0	0.01933760439821495	4.5879081417734214e-05	1.0	draw3878	True
1.0	98.0	-83.54129946621377	-83.24675757247971	0.0	0.22924019855531252	0.19761548453936223	1.0	draw3879	True
2.0	138.0	-0.1930503712368457	-7.6750632904726315	0.0	0.04559928534679081	0.0008706095861960878	1.0	draw3881	True
1.0	203.0	-0.15669072038921972	-0.15669072038921972	0.0	0.34080557971367986	3.4288503924977555e-06	1.0	draw3882	True
1.0	148.0	-0.10750953501228691	-0.10750953501228691	0.0	0.03152093263142396	2.4982233002022813e-05	1.0	draw3884	True
1.0	138.0	-5.198239095171644	-5.15929003469193	0.0	0.21543678661667312	0.006506831656583991	1.0	draw3885	True
1.0	177.0	-0.1245039265008907	-0.1245039265008907	0.0	0.028207352078298123	2.1531325144769884e-05	1.0	draw3887	True
1.0	199.0	-2.276304417783668	-2.2285695936181846	0.0	1.128997532270871	0.07675386778330699	1.0	draw3888	True
1.0	172.0	-0.003966370572100683	-0.014529313487630507	0.0	0.08143634461968047	0.0003087461622127093	1.0	draw3889	True
1.0	156.0	-2.854623966034863	-2.8526307369027144	0.0	0.20281962184912045	0.008683359768878244	1.0	draw3893	True
1.0	173.0	-12.365237960316541	-12.371903081840582	0.0	0.16466020449935295	0.0010012607367044554	1.0	draw3894	True
1.0	133.0	-0.07094628335382269	-0.07110696205055314	0.0	0.11636245613533384	5.745518589506749e-06	1.0	draw3895	True
1.0	227.0	-0.23339300897666673	-0.2298030797067454	0.0	0.007334688152157522	6.413331549082086e-05	1.0	draw3899	True
1.0	191.0	-1.1526599573996614	-1.1526599573996614	0.0	0.05691827773605743	0.00020976610445268742	1.0	draw3900	True
1.0	38.0	-8.479486710438469	-37.371058288082104	0.0	1.1437633966136858	0.001320579774052746	1.0	draw3901	True
1.0	195.0	-0.1427152399181467	-185.47257198812383	0.0	0.12009266027895728	0.00016956706456073046	1.0	draw3902	True
1.0	165.0	-0.015574843612274313	-0.01433494818468969	0.0	0.04917067739075103	8.273129838062856e-06	1.0	draw3903	True
1.0	176.0	-0.5648485318133011	-0.5648485318133011	0.0	0.38293250979012816	4.080610133439178e-06	1.0	draw3904	True
2.0	27.0	-0.5016420716553823	-12.14846652731305	0.0	0.0042993064494603935	0.022685159458252533	1.0	draw3906	True
1.0	204.0	-6.188010378763487	-6.188010378763487	0.0	2.149262515786358	0.3656767584740767	1.0	draw3909	True
1.0	158.0	-0.6397421531654863	-0.6397421531654863	0.0	0.8988306443645949	0.0035066140856426903	1.0	draw3912	True
2.0	78.0	-0.10093532495232119	-5.26355449495998	0.0	0.019113870000298076	0.002450254157862925	1.0	draw3913	True
1.0	119.0	-0.03856228289559237	-0.03856228289559237	0.0	0.013926194774894686	0.0012259123026598761	1.0	draw3914	True
1.0	139.0	-0.03222249165096002	-0.03275444821933479	0.0	0.019040609216317405	6.271207718614287e-07	1.0	draw3915	True
1.0	47.0	-16.617276489119575	-16.617276489119575	0.0	0.031984432976113364	0.002793913512486879	1.0	draw3916	True
2.0	33.0	-1.159895506843882	-30.447848388205607	0.0	0.035188300120580086	0.001840173164601588	1.0	draw3918	True
1.0	170.0	-0.054778240285800556	-0.054778240285800556	0.0	0.03535445342387867	2.7220913884008154e-06	1.0	draw3919	True
1.0	208.0	-0.6229701801776569	-1.1920898161845837	0.0	0.3589709689386795	0.0005722593596540114	1.0	draw3922	True
1.0	163.0	1.6905659630797158	1.209023519522236	22.0	0.43320641683309513	0.019776770291083497	1.0	draw3923	True
1.0	204.0	-1.5646197308685366	-1.542895510532478	0.0	0.43727802738658494	0.02372243461101803	1.0	draw3924	True
3.0	128.0	0.28068589403775074	0.3072293717599769	6.0	0.290324052195207	0.0011520516061276028	1.0	draw3925	True
1.0	160.0	-2.525635636945846	-2.526368605070314	0.0	0.12061365726852037	3.969714239206305e-05	1.0	draw3926	True
1.0	209.0	-0.5551441738828972	-0.548133751602788	0.0	0.010191362792426932	2.3047129147974702e-05	1.0	draw3928	True
1.0	128.0	-1.2319460623712264	-1.237551338565618	0.0	0.11078583707984675	4.436721626918953e-05	1.0	draw3929	True
1.0	162.0	-1.161689635126233	-1.1330079644557696	0.0	2.019979156565538	0.02502416944578794	1.0	draw3930	True
1.0	202.0	-0.14111263147004655	-0.14337497034300783	0.0	0.057812281199242345	5.5220042190446215e-05	1.0	draw3934	True
1.0	161.0	-0.3096475565763343	-0.30333013847319223	0.0	0.2391885069431741	0.002081614472688014	1.0	draw3935	True
1.0	208.0	-0.44320588524618815	-0.44306509691942564	0.0	0.1885267038587669	0.0002391270259421694	1.0	draw3936	True
1.0	194.0	-0.034938706402113634	-0.3039164653369155	0.0	0.00901289698205544	9.325569057029351e-05	1.0	draw3940	True
1.0	176.0	-1.2441371650375106	-1.2441371650375106	0.0	0.20500036573965835	0.0005892272710068244	1.0	draw3941	True
1.0	132.0	-0.41855334151266266	-0.4186823615014188	0.0	0.024954580647296498	2.0173059992640003e-06	1.0	draw3945	True
1.0	141.0	-0.06222414603390451	-0.15944567743821086	0.0	0.05540541934300513	2.88751359895026e-05	1.0	draw3946	True
1.0	166.0	-0.6394589702160686	-0.6217632108170101	0.0	0.6062014173925484	0.0061687757275098645	1.0	draw3947	True
1.0	158.0	-0.17530635223487875	-0.17530635223487875	0.0	0.029533877017049646	6.448076167227403e-06	1.0	draw3950	True
3.0	98.0	-0.06919925776257428	-0.06919925776257428	0.0	0.1998899824716359	1.897046077742622e-05	1.0	draw3951	True
1.0	137.0	-0.01585139467959911	-0.01585139467959911	0.0	0.0038599982908750162	3.726130546856661e-07	1.0	draw3952	True
1.0	128.0	-0.3676624624967495	-0.3676624624967495	0.0	0.16705174609335252	1.0542217974259499e-05	1.0	draw3953	True
1.0	179.0	-0.058452906017762485	-0.058452906017762485	0.0	0.2370789695529364	4.778863034873805e-05	1.0	draw3956	True
1.0	169.0	-0.315636958506248	-0.315636958506248	0.0	0.2914705046466728	0.00019444936213725678	1.0	draw3957	True
2.0	115.0	-1.6756628004991285	-83.1916727709364	0.0	0.015620814000259933	0.00015233341886919456	1.0	draw3958	True
1.0	175.0	-0.30399712343524743	-0.30399712343524743	0.0	0.14827104563034793	0.0016777305181894745	1.0	draw3959	True
1.0	222.0	-1.132794929087279	-1.132794929087279	0.0	0.4396612509134747	1.3811925406291451e-05	1.0	draw3960	True
1.0	128.0	-2.103037924933858	-4.932703530588597	0.0	0.03397086517096193	0.0004027752698591903	1.0	draw3961	True
1.0	195.0	-0.8239099327693968	-0.7717417335838119	0.0	0.7076440136520575	0.009981044864719657	1.0	draw3963	True
1.0	171.0	-0.06068477114004014	-0.04660598485141955	0.0	0.27019856168760076	0.0003782377111945383	1.0	draw3965	True
1.0	188.0	-7.192082343986408	-7.224854128396476	0.0	0.8486019501270222	0.003484113358305732	1.0	draw3967	True
1.0	235.0	-0.7711722374865716	-1.3358455023851388	0.0	0.06831486416915361	2.663682785929195e-05	1.0	draw3970	True
1.0	141.0	-0.0643776850949997	-0.15504293973059036	0.0	0.057346631124901966	1.817325028198723e-05	1.0	draw3971	True
1.0	175.0	-6.781361631146962	-6.781361631146962	0.0	2.7911650140404833	0.4194727639960233	1.0	draw3972	True
1.0	198.0	-0.9576233430967596	-0.9255922401766209	0.0	0.049926510909963154	0.0007412504346882269	1.0	draw3974	True
1.0	176.0	-0.0805516488035104	-0.06548889630248059	0.0	0.49646934093478157	0.0007000253655227174	1.0	draw3983	True
1.0	186.0	-0.2635854991411911	-1.5440158953708707	0.0	0.6816286621823756	0.009190229153606335	1.0	draw3985	True
1.0	169.0	-0.34943988290194516	-0.34943988290194516	0.0	1.1372920871581997	0.03892521905880482	1.0	draw3988	True
1.0	151.0	-0.029912803479499678	-0.029906566779246222	0.0	0.003467849942727286	2.3501547255973526e-06	1.0	draw3994	True
1.0	163.0	-0.05560522517731413	-0.07001504953928697	0.0	0.041511262428382635	4.185161823487197e-06	1.0	draw3995	True
1.0	171.0	-0.18169400605168798	-0.9118765016877957	0.0	0.0817085104295558	0.0006463659313645102	1.0	draw3996	True
1.0	231.0	-0.17331740024296494	-0.15691821384417687	0.0	0.22995693408098436	0.0024909126018614366	1.0	draw3998	True
1.0	146.0	-0.08318281148221718	-0.08226324504235977	0.0	0.05791159404888266	7.538350404445329e-05	1.0	draw4000	True
1.0	246.0	-1.301914336022468	-1.301914336022468	0.0	0.046992986976224706	0.000668868284447245	1.0	draw4002	True
1.0	201.0	-0.7271465295163398	-0.7065731415485105	0.0	0.6196090136596437	0.003416005138707936	1.0	draw4004	True
2.0	26.0	-5.780295221772049	-187.52614421524487	0.0	0.10086541446616694	1.92216562769359	1.0	draw4007	True
1.0	253.0	-0.5258998151119332	-0.5128592907438579	0.0	0.09817971872089441	0.001883474589960598	1.0	draw4008	True
1.0	179.0	-0.07778533005237623	-1.535511178291569	0.0	0.11726156631171977	0.001082386090328286	1.0	draw4011	True
1.0	203.0	-2.1111906944458596	-1.9443481010683776	0.0	0.4698803832155365	0.06424308102391316	1.0	draw4012	True
1.0	167.0	-2.2771875094786846	-2.2774175082188957	0.0	0.22820368708991648	0.0015489042673266459	1.0	draw4013	True
1.0	28.0	-16.831345428034158	-16.733102479930576	0.0	0.06818570876364723	0.02599443854820323	1.0	draw4014	True
1.0	212.0	-5.92724132339492	-5.92724132339492	0.0	0.8119621559239415	0.0017017203049278988	1.0	draw4015	True
1.0	203.0	-0.782581098916721	-0.782581098916721	0.0	0.5328354962220184	0.01096439139499003	1.0	draw4016	True
1.0	151.0	-0.7070844772220122	-0.7008718575888276	0.0	0.06377240068561787	0.0017375655372905737	1.0	draw4017	True
1.0	165.0	-0.029483822813889518	-0.055118590693266786	0.0	0.06825836527062669	3.208432883517624e-05	1.0	draw4019	True
1.0	172.0	-0.5600662433987077	-3.079937571481701	0.0	0.008060990079513693	2.253853762472681e-05	1.0	draw4021	True
1.0	134.0	-0.019887798059616817	-0.02162567087122728	0.0	0.00795143797641037	1.2900503582021715e-05	1.0	draw4022	True
1.0	181.0	-0.7651417038550354	-0.7217863898955856	0.0	0.4362734459036658	0.04473401609845362	1.0	draw4026	True
1.0	215.0	-0.7007464022892671	-1.7066525259060952	0.0	0.6966519745117246	0.003761836308584513	1.0	draw4027	True
1.0	212.0	-0.33148041984495363	-0.33187571195518994	0.0	0.03366821290376116	0.0003959545300975629	1.0	draw4028	True
1.0	236.0	-0.1240304188849839	-8.595102901486587	0.0	2.974862611297692	0.07580441663710678	1.0	draw4029	True
1.0	165.0	-0.08021557635239306	-0.08021557635239306	0.0	0.11033244949210988	0.00011567853676834951	1.0	draw4031	True
1.0	205.0	-0.2765081443438376	-0.22302908997392923	0.0	2.8081330078879714	0.005543095563213283	1.0	draw4032	True
3.0	80.0	-0.2524470547290528	-1.038697538010969	0.0	0.19636981402168152	0.0001723655606699206	1.0	draw4034	True
1.0	142.0	-0.11120857764292001	-0.11184249533063283	0.0	0.023536821784220778	2.454341751918609e-06	1.0	draw4038	True
1.0	50.0	-2.601476578293361	-14.925379704471741	0.0	0.058382009497564905	0.0016170319446659994	1.0	draw4039	True
1.0	195.0	-0.3001349467270052	-0.2976288233660557	0.0	0.12167739249629447	0.000542147126828591	1.0	draw4041	True
1.0	172.0	-0.27321542317472236	-0.27321542317472236	0.0	0.11684590105228637	1.3927821823117217e-05	1.0	draw4042	True
1.0	148.0	-0.1404010818331144	-0.6648509474850521	0.0	0.00656538097213209	9.831346836283196e-05	1.0	draw4043	True
1.0	157.0	-0.038441152978851284	-0.03767185341247646	0.0	0.05129781022539026	5.489020322977873e-06	1.0	draw4045	True
1.0	160.0	-0.2892475476638827	-0.27210811514886846	0.0	0.15132924191714164	0.0018274896096841587	1.0	draw4046	True
1.0	145.0	-1.7972436747692446	-1.7968143249423199	0.0	0.19711345588353002	0.0004843048939656425	1.0	draw4047	True
1.0	180.0	-0.10249027458879185	-0.11341324111368742	0.0	0.024475873483931296	1.962973457508316e-05	1.0	draw4049	True
1.0	183.0	-0.35581099052450105	-0.35581099052450105	0.0	0.29152427125000036	0.013210152833592297	1.0	draw4052	True
1.0	135.0	-0.1631694740157846	-0.16151451743532147	0.0	0.03040949796095682	0.000387932561284826	1.0	draw4053	True
1.0	184.0	-0.32111753034778306	-0.316499738715893	0.0	0.07646135612524428	0.001392654929004039	1.0	draw4054	True
1.0	223.0	-4.779526409550512	-5.3563587091843665	0.0	3.154884581465276	0.041514512978749016	1.0	draw4055	True
1.0	196.0	-0.24621530467499642	-0.39272405938950633	0.0	0.02646497291949642	0.0010030509746856173	1.0	draw4056	True
1.0	50.0	-4.328585469422014	-16.205206021148108	0.0	0.0100801939033962	0.00023440948735082702	1.0	draw4057	True
1.0	190.0	-1.9322668637303575	-1.9322668637303575	0.0	0.14264864318483986	0.002152156726764668	1.0	draw4058	True
1.0	166.0	0.006607789046588854	0.00669944759320272	10.0	0.010742273272928256	4.268340298219835e-06	1.0	draw4060	True
2.0	87.0	-0.04193891459078248	-0.14616501455037342	0.0	0.09482771880839842	1.1129593977255767e-05	1.0	draw4061	True
1.0	141.0	-0.1734348369577704	-0.1734348369577704	0.0	0.04826290887813017	0.00028201355175260797	1.0	draw4062	True
1.0	197.0	-0.2516811318721247	-0.24334192751377537	0.0	0.16015266004093975	3.6930350993159654e-05	1.0	draw4065	True
1.0	186.0	-0.29383038525831684	-0.29383038525831684	0.0	0.06578191740174129	0.00010428689182559002	1.0	draw4066	True
1.0	162.0	-0.24806078908287676	-0.247725256402601	0.0	0.017217648623848628	0.00012617851088900266	1.0	draw4068	True
1.0	147.0	-0.027013314792412684	-0.7477302601311691	0.0	0.012734077782765835	1.9152578805609255e-05	1.0	draw4070	True
1.0	213.0	-0.7740781459947719	-0.7740781459947719	0.0	0.18536063385780185	0.0001450412831439345	1.0	draw4073	True
1.0	249.0	-0.1625232566638366	-0.18944251051563515	0.0	0.010471127368153735	4.387551347692997e-05	1.0	draw4074	True
1.0	149.0	-0.01941955057877157	-0.01941955057877157	0.0	0.10481589396784739	3.9913184845360015e-06	1.0	draw4076	True
1.0	129.0	-0.7104679739252807	-0.7106946196657411	0.0	0.018945637141851664	9.573490483982854e-07	1.0	draw4077	True
2.0	94.0	-5.20179343769312	-5.20179343769312	0.0	0.2357708706057585	0.002759269808537501	1.0	draw4078	True
1.0	186.0	-0.11286691929372425	-0.11063984221012038	0.0	0.3141408685342011	0.00010663943180521728	1.0	draw4080	True
2.0	91.0	-0.01004132657415429	-14.582640916590101	0.0	0.00045178467320894594	6.114727387173621e-06	1.0	draw4081	True
1.0	190.0	-0.5468966151627729	-0.5468966151627729	0.0	0.01212978012564808	8.815809395696355e-06	1.0	draw4082	True
1.0	187.0	-0.02544861113185974	-3.2242048981934173	0.0	1.8768478928033387	0.002478399116883762	1.0	draw4083	True
1.0	154.0	-0.021060026033704146	-0.07443280114670489	0.0	0.22260977150087793	0.0005393107540647452	1.0	draw4084	True
1.0	133.0	-0.0460656121961544	-0.055536733630140916	0.0	0.008105163130515906	7.348375048513145e-08	1.0	draw4086	True
1.0	189.0	-0.018244549501369185	-0.018244549501369185	0.0	0.16092731953729564	3.432310374916652e-06	1.0	draw4091	True
1.0	211.0	-0.18449267382933154	-0.18449267382933154	0.0	0.7258535167612153	2.8631349383830343e-05	1.0	draw4095	True
1.0	127.0	-0.5973416575197279	-0.5973416575197279	0.0	0.057867532746042734	2.4062620260096937e-05	1.0	draw4096	True
2.0	109.0	-0.3000007672475675	-3.9758580525490346	0.0	0.3333468543850426	0.007052615006813525	1.0	draw4097	True
1.0	248.0	-5.0075430783939066	-5.0075430783939066	0.0	0.46962021726233777	0.0006326209485555211	1.0	draw4098	True
1.0	195.0	-0.6181158833351484	-0.6181158833351484	0.0	0.13685220006862903	0.0027393231264335577	1.0	draw4099	True
2.0	126.0	-0.3236772709457072	-1.5163585036078011	0.0	0.11174682269399969	0.00040892810678464723	1.0	draw4102	True
1.0	149.0	-0.29611472380981696	-0.29611472380981696	0.0	0.024771887526331065	0.00012309509115150498	1.0	draw4103	True
1.0	156.0	-0.3916128009862171	-0.3916128009862171	0.0	0.3562038043737579	0.0007189296975766444	1.0	draw4104	True
1.0	137.0	-3.0925000929760307	-3.0674601615036807	0.0	0.03434535423513665	0.0017088935806785733	1.0	draw4106	True
1.0	205.0	-0.026175485437845314	-2.4371839832520488	0.0	0.46094492452887115	0.020651512717459616	1.0	draw4108	True
1.0	224.0	-31.617228499641502	-30.641953867064625	0.0	1.2165255263580843	0.006384464549981174	1.0	draw4110	True
1.0	183.0	-0.06925041898127067	-0.06938900555515144	0.0	0.020812398568191906	3.2813475571415063e-07	1.0	draw4111	True
1.0	168.0	-1.578614582537472	-1.5287467366081606	0.0	1.2400244938939338	0.001470699511247371	1.0	draw4114	True
1.0	244.0	-1.0809751722268037	-1.0668239328051066	0.0	0.46680978392624556	0.018794865447394574	1.0	draw4115	True
1.0	173.0	-0.25490089906480506	-0.2388320587833165	0.0	0.07412774283980025	0.0016297583035565489	1.0	draw4117	True
3.0	156.0	-0.49792526859056463	-0.5670198888590686	0.0	0.5291016737991686	0.0030310733407136487	1.0	draw4118	True
1.0	173.0	-0.2101579869647462	-0.21152870465547413	0.0	0.04951984808934054	7.785680923394164e-05	1.0	draw4122	True
1.0	147.0	-0.006096602380389234	-0.007285070112153666	0.0	0.012162650175732722	1.419502183370886e-05	1.0	draw4126	True
1.0	221.0	-0.4855930543239186	-0.49030844724508416	0.0	0.23445688864477404	0.0030621525314301957	1.0	draw4131	True
1.0	155.0	-0.8254369511631768	-0.8254369511631768	0.0	0.4754198410676455	0.0017416963067338664	1.0	draw4132	True
1.0	197.0	-0.2406066534155814	-0.22987811317271184	0.0	0.5842570903884333	0.005211274901320224	1.0	draw4134	True
1.0	225.0	-0.7366637187681938	-0.7571578175287202	0.0	0.013670608877685907	0.00010983990180726755	1.0	draw4135	True
1.0	241.0	-1.3839806738908684	-1.8549478758513127	0.0	0.04585529422933891	5.187379298714583e-05	1.0	draw4138	True
1.0	166.0	-0.03492299791351906	-0.03492299791351906	0.0	0.21628030541563223	2.134062498820943e-05	1.0	draw4139	True
1.0	149.0	-0.1128654925802426	-0.1128654925802426	0.0	0.040939307789997166	8.982111987674668e-05	1.0	draw4140	True
1.0	209.0	-0.16228307642784567	-0.16228307642784567	0.0	0.06752471948006268	0.00011624004330327237	1.0	draw4141	True
1.0	142.0	-0.18892018940844071	-0.36063519173959	0.0	0.008006132233531886	4.7406066895411193e-07	1.0	draw4143	True
1.0	183.0	-0.35736191286105856	-0.3523525417124	0.0	0.1312355095576506	0.0001107622582785918	1.0	draw4144	True
1.0	190.0	-2.1042427359572056	-2.1042427359572056	0.0	0.24929891845200025	0.0007803314791504793	1.0	draw4145	True
1.0	131.0	-0.16780555168643985	-0.16780555168643985	0.0	0.14334259098070018	4.264074490592499e-05	1.0	draw4146	True
1.0	201.0	-0.02135918375457461	-0.02135918375457461	0.0	0.13285587378662153	9.52379878823797e-07	1.0	draw4148	True
2.0	196.0	-2.1305039763217595	-14.326818606381021	0.0	0.14878548974873554	0.3096027288184942	1.0	draw4152	True
1.0	40.0	-5.139242413673524	-23.63943197984138	0.0	0.34982290698211743	0.008654233868674076	1.0	draw4153	True
1.0	158.0	-0.01812606816997777	-0.7636353639407613	0.0	0.08044010684565338	4.4703489876582023e-05	1.0	draw4154	True
1.0	163.0	-0.159096944097147	-0.1615962724202353	0.0	0.025744661242544403	8.330862203584875e-06	1.0	draw4156	True
1.0	158.0	-0.16300030656702658	-0.15430460363975998	0.0	0.17622433956733877	0.00015801608235392392	1.0	draw4157	True
1.0	208.0	-1.587719513028074	-1.587719513028074	0.0	0.287945045684233	0.0012160488371668603	1.0	draw4158	True
1.0	127.0	-0.23965688094576937	-0.24296965624859154	0.0	0.005179137496396761	2.9289139654118e-08	1.0	draw4162	True
1.0	170.0	-0.09835238615304157	-0.09902162487972004	0.0	0.008386717219890889	1.4172615338266862e-06	1.0	draw4164	True
1.0	201.0	-0.8382602202902699	-4.555712496977147	0.0	0.15966895091659358	0.00037936416317123345	1.0	draw4165	True
3.0	180.0	-0.461076517144975	-1.3456353101270266	0.0	0.4611392107082327	0.00021840006802883083	1.0	draw4166	True
1.0	203.0	-0.19425748217907782	-0.18348325104676347	0.0	0.5942375839215712	0.0002630520908425933	1.0	draw4167	True
1.0	188.0	-0.15294475657836665	-0.15294475657836665	0.0	0.22587322674050603	1.6601830071451078e-05	1.0	draw4168	True
1.0	184.0	-0.4960872354250201	-0.4960872354250201	0.0	0.6759155699507361	0.00021548770832850335	1.0	draw4170	True
1.0	235.0	-0.6847101347820281	-0.6847101347820281	0.0	0.25113812792861484	0.00917307964400375	1.0	draw4172	True
1.0	165.0	-0.0789412602132783	-0.2005529109457209	0.0	0.04306434957640699	0.00014944461869467114	1.0	draw4173	True
1.0	168.0	-0.07126360811313165	-0.08003884392395759	0.0	0.09244038211958576	4.983336284975632e-05	1.0	draw4174	True
1.0	160.0	-0.24765578802287133	-0.23149994489318687	0.0	0.019659638877344243	0.0008083989578155912	1.0	draw4175	True
1.0	142.0	-0.110125726956256	-0.11842176177422906	0.0	0.018787851771323975	7.0913352371015465e-06	1.0	draw4176	True
1.0	165.0	-0.021104640016724463	-0.021104640016724463	0.0	0.0367558631740354	0.00011785931235148479	1.0	draw4177	True
1.0	181.0	-1.0272337451221607	-1.0195682364527776	0.0	0.123265100416091	0.0005893219215121475	1.0	draw4178	True
1.0	189.0	-0.12079777706695438	-0.24934571360792313	0.0	0.4435547148680385	0.033798563158520624	1.0	draw4179	True
1.0	141.0	-0.1368035377320453	-0.13692253009219976	0.0	0.06509276079733099	1.8467191589564962e-06	1.0	draw4180	True
1.0	226.0	-1.5783464165202292	-1.5675394102471185	0.0	0.17902771862393332	0.003055065387499067	1.0	draw4182	True
1.0	170.0	-2.2932912663082883	-2.1987427716698753	0.0	1.024098928466168	0.007154248453739799	1.0	draw4184	True
1.0	124.0	-0.10611517038282824	-0.1465353271951089	0.0	0.01300883932894402	2.6120546128051913e-06	1.0	draw4185	True
3.0	127.0	0.009626643413204794	-1.4137512291392127	6.0	0.47977551052277884	0.0013564874303012766	1.0	draw4187	True
1.0	161.0	-0.07967868060066582	-0.672065583684785	0.0	0.007906698517440051	5.052945348075909e-05	1.0	draw4189	True
1.0	212.0	-1.2096765861539116	-1.2096765861539116	0.0	1.2105067544110069	0.02403823943562349	1.0	draw4191	True
1.0	207.0	-0.19586402699660713	-0.1925778313668439	0.0	0.015230467104950594	2.6423818978995454e-05	1.0	draw4192	True
1.0	186.0	-0.8209786913722119	-0.8209786913722119	0.0	0.5258153588281513	0.001234669148813762	1.0	draw4193	True
1.0	234.0	-0.3026858066953675	-1.0708507116421357	0.0	0.13123159079936345	0.015944321390975128	1.0	draw4194	True
1.0	171.0	-2.7657528843016195	-2.7657528843016195	0.0	0.03867585427843555	9.775570455956334e-06	1.0	draw4195	True
1.0	222.0	-0.7900614283306153	-4.475112789764434	0.0	0.31099938504954605	0.011539051993964777	1.0	draw4196	True
1.0	192.0	-0.4220802578353604	-0.41866975781592863	0.0	0.03188753362738527	0.002277794510796986	1.0	draw4197	True
1.0	198.0	-0.07744115874247262	-0.07744115874247262	0.0	0.14107650787169948	6.1683567274517035e-06	1.0	draw4199	True
1.0	201.0	-0.17751024676378072	-0.6371984945596427	0.0	0.11838791900030857	0.0015685429738353908	1.0	draw4201	True
1.0	174.0	-0.6911469451061536	-0.6835677162207413	0.0	0.33195182013450075	0.005045922671797133	1.0	draw4202	True
1.0	134.0	-0.003477041037358223	-0.0030470670435480142	0.0	0.03442210943928866	7.490256358616204e-07	1.0	draw4203	True
1.0	216.0	-0.266799520260522	-0.2668751324905439	0.0	0.04834581139331222	1.3963277816408482e-05	1.0	draw4204	True
1.0	159.0	-0.04340895095500959	-0.04340895095500959	0.0	0.046361899223844705	2.496214679273522e-06	1.0	draw4206	True
1.0	167.0	-0.29300963357685067	-0.29300963357685067	0.0	0.6975500422019051	2.762698333214909e-05	1.0	draw4207	True
1.0	151.0	-0.29493118782425626	-0.29493118782425626	0.0	0.032148930107435594	6.78234280101169e-05	1.0	draw4208	True
1.0	231.0	-0.036676289262479254	-4.501719101599519	0.0	0.0019758571814534175	4.155497214481443e-06	1.0	draw4209	True
1.0	177.0	-0.5074693129705959	-0.9260865831467758	0.0	0.2517493900837532	0.0014065984630958325	1.0	draw4214	True
1.0	208.0	-0.1636830878020462	-0.1636830878020462	0.0	1.1911944608980292	0.0001866943260743606	1.0	draw4215	True
1.0	193.0	-0.03460582689204044	-0.1411036895891537	0.0	0.04163495878684462	7.408727587055036e-06	1.0	draw4216	True
1.0	224.0	2.1801194993618047	-2.3041227765218273	33.0	0.3834157096626315	0.10056682812069123	1.0	draw4217	True
1.0	155.0	-0.137373346216678	-0.12814613120743057	0.0	0.27648201840100206	0.0005944408356017959	1.0	draw4220	True
1.0	182.0	-0.6168628775215496	-0.6168628775215496	0.0	0.5982568595389125	0.0020435370902638626	1.0	draw4222	True
1.0	189.0	-0.4660398556291934	-0.45700653209125663	0.0	0.13985788528731516	0.00029176531778249453	1.0	draw4225	True
1.0	182.0	-0.11554741991391573	-0.34073899923724066	0.0	0.043342267922894015	0.0002577365948386977	1.0	draw4226	True
1.0	224.0	-0.039590249462467614	-0.03883087750240681	0.0	0.0460773568934262	1.6668063139062037e-05	1.0	draw4227	True
1.0	132.0	-4.712986829861382	-4.703969965630812	0.0	0.09176312230437549	0.002880113567385007	1.0	draw4228	True
1.0	118.0	-0.5971504029276489	-0.5971450542838228	0.0	0.0012718463729736772	6.333329632414674e-09	1.0	draw4231	True
3.0	194.0	-0.8330836334603005	-1.7846213166179528	0.0	0.4479591906774184	0.0006408396206342155	1.0	draw4234	True
1.0	227.0	-0.20826891209359166	-5.0558128391365385	0.0	0.0012961731481505709	2.5635236056688114e-05	1.0	draw4238	True
1.0	148.0	-0.07441658725017175	-0.03636941519740209	0.0	1.4624887757990637	0.0009317621677206598	1.0	draw4241	True
1.0	154.0	-0.10353604218605947	-0.14101458597122654	0.0	0.008231509051602085	1.9069212529394717e-06	1.0	draw4242	True
2.0	115.0	-0.425035551906954	-19.44981015875515	0.0	0.0023246635592336024	1.9478167847963426e-05	1.0	draw4243	True
1.0	172.0	-2.0160087125569066	-2.0160087125569066	0.0	0.7964866103359111	4.587636613398343e-05	1.0	draw4245	True
1.0	199.0	-0.1943299367817333	-10.95527177454385	0.0	0.0030388876069003365	1.149359694033203e-06	1.0	draw4246	True
1.0	202.0	-1.4290756622047318	-1.4290756622047318	0.0	0.03888520868764458	1.6028434193716124e-05	1.0	draw4247	True
1.0	212.0	-0.17421490216703334	-0.1903778124225079	0.0	0.006424787172309767	0.00013078414108623338	1.0	draw4248	True
1.0	244.0	-1.0049040387135593	-0.9795022860711272	0.0	0.2825788101116972	0.01886346305687386	1.0	draw4249	True
1.0	161.0	-0.24684147477328397	-0.24684147477328397	0.0	0.12381242629552397	0.0005573917216170497	1.0	draw4250	True
1.0	120.0	-1.1154142750376659	-1.1154087231835992	0.0	0.0076064465926901715	2.0346341133310388e-08	1.0	draw4254	True
1.0	230.0	-0.08633192447026194	-0.08633192447026194	0.0	0.02267915853393055	2.2922774924311916e-05	1.0	draw4255	True
1.0	218.0	-2.438530334827194	-2.4056395646577626	0.0	0.8564724095900017	0.06178800919859561	1.0	draw4261	True
1.0	40.0	-5.0936025218945025	-24.588638029284827	0.0	0.18647403242932392	0.06126793858538579	1.0	draw4262	True
1.0	220.0	-2.170190728360505	-2.1776176460867065	0.0	0.1997057152543657	0.00038012395693557755	1.0	draw4263	True
3.0	123.0	0.0913126869867732	-0.8803335437031422	12.0	1.0761532581063356	0.0005707293085372804	1.0	draw4265	True
3.0	154.0	0.12488631747950396	0.06741467359559912	31.0	0.5163196842809931	2.009133504797479e-05	1.0	draw4269	True
1.0	217.0	-0.741374995870884	-0.7398350556986508	0.0	0.11491397802203682	0.008441514554651206	1.0	draw4270	True
1.0	208.0	-4.354899681678699	-4.354899681678699	0.0	2.2405696359427814	0.10644177271411312	1.0	draw4274	True
1.0	123.0	-2.542309385357043	-2.542309385357043	0.0	0.1750163813004165	0.0018041230530952573	1.0	draw4276	True
1.0	199.0	-0.17291661235580363	-0.17291344571052644	0.0	0.02724719665481998	8.774577199871574e-06	1.0	draw4282	True
1.0	179.0	-0.07135163901535943	-0.07135163901535943	0.0	0.1101347492862079	1.1502432145489695e-05	1.0	draw4284	True
1.0	185.0	-0.3075306320896601	-0.3075306320896601	0.0	0.038504806674565156	1.4054432293189441e-05	1.0	draw4286	True
1.0	237.0	-0.0664127810614088	-0.09179625262666194	0.0	0.11348390301808405	0.00013768757312734829	1.0	draw4289	True
1.0	193.0	-0.029938513237644966	-0.04989969233009538	0.0	0.012594737269376823	9.628539588169703e-06	1.0	draw4290	True
2.0	144.0	-0.4092365395066809	-12.665494624039543	0.0	0.6290380515247126	0.0050309360176109975	1.0	draw4293	True
1.0	218.0	-0.696311338699168	-0.696311338699168	0.0	0.3858815965232435	0.0014000955905810702	1.0	draw4295	True
1.0	165.0	-0.03693814414488157	-0.018482043841796844	0.0	0.3872513295995944	4.5692187065917073e-05	1.0	draw4296	True
1.0	151.0	-2.551018259466508	-2.551018259466508	0.0	0.052365491350849634	1.5123328915475294e-06	1.0	draw4297	True
1.0	151.0	-0.07023986581326874	-0.07023986581326874	0.0	0.047569302932390735	2.1855420632143797e-06	1.0	draw4298	True
1.0	210.0	-0.06502423533739556	-0.06895874235958863	0.0	0.009457488723294839	4.617520721199527e-06	1.0	draw4299	True
1.0	183.0	-0.4851032532592203	-0.4851032532592203	0.0	0.31014254174867656	0.0006608851428180858	1.0	draw4300	True
1.0	183.0	-0.07577550088206833	-0.07577550088206833	0.0	0.04622946915046196	1.8145173568404796e-05	1.0	draw4302	True
1.0	159.0	-0.22790615876324405	-0.2230323143201732	0.0	0.13748893504573337	0.000685892089207285	1.0	draw4303	True
1.0	190.0	-0.8534075993171668	-0.8534075993171668	0.0	0.5062900938930147	0.01712607443774498	1.0	draw4305	True
1.0	162.0	-1.7465864210481181	-1.7265204693775056	0.0	0.11015030348416555	0.004551851431355096	1.0	draw4307	True
1.0	124.0	-0.5650741832098785	-0.5652724049189027	0.0	0.007210208535749778	9.994532168135337e-08	1.0	draw4308	True
1.0	176.0	-0.14033288390639823	-0.5201923902322203	0.0	0.05200889532402213	0.00032284681675583333	1.0	draw4311	True
1.0	231.0	-0.7318789556628309	-0.7906685256208246	0.0	0.18923692943517384	0.005384154402744185	1.0	draw4312	True
1.0	223.0	-0.8753890982302024	-0.8690846507737993	0.0	0.057086978836046916	0.0007690725558977867	1.0	draw4315	True
2.0	58.0	-5.075936571253904	-68.56725079850742	0.0	0.011564941449205878	1.6260243285268334	1.0	draw4318	True
1.0	127.0	-0.06476159803818732	-0.06476159803818732	0.0	0.16875511532764156	4.664345504214514e-05	1.0	draw4319	True
1.0	169.0	0.04547263940810909	-0.025739582689713818	35.0	0.045720196505940384	4.113013620591144e-05	1.0	draw4320	True
1.0	169.0	-0.3029607510566565	-0.2730724664952168	0.0	2.0136162455317965	0.00691862667756563	1.0	draw4323	True
1.0	183.0	-1.0675069770505061	-1.063629132832484	0.0	0.5791036233145682	4.776840963356105e-05	1.0	draw4326	True
1.0	177.0	-0.10605419250488198	-0.28650115974085777	0.0	0.004075848729996489	6.816995216593863e-05	1.0	draw4327	True
1.0	167.0	-0.061227175847966456	-0.061227175847966456	0.0	0.03879722708275133	2.2009887467196616e-05	1.0	draw4328	True
1.0	139.0	-0.1455303162988556	-0.14705839383695352	0.0	0.033696504857550304	1.0836602888931751e-06	1.0	draw4330	True
1.0	239.0	-0.1238052069413077	-0.5457919478022881	0.0	0.08489969238906589	0.003246435448872854	1.0	draw4331	True
1.0	236.0	-0.060276175024028406	-0.06278843729989049	0.0	0.004197077796391253	1.5221074751728938e-05	1.0	draw4332	True
1.0	191.0	-0.7695897343786233	-0.713721286938423	0.0	0.2764728491949946	0.040149709481735525	1.0	draw4334	True
1.0	222.0	-2.587892071350014	-2.5881374516041546	0.0	0.006565789591051176	4.008789288976659e-05	1.0	draw4336	True
1.0	230.0	-1.116563109340849	-1.286711788808634	0.0	0.15766522780670691	0.03400394765643496	1.0	draw4341	True
2.0	178.0	-3.9735272621050077	-30.173367415369885	0.0	0.3365762037825203	1.6777145830258036	1.0	draw4342	True
1.0	213.0	-0.7440722476341092	-5.965566422324649	0.0	0.8223062664456225	0.029087647658854826	1.0	draw4344	True
1.0	222.0	-0.1855303776806426	-0.18504478842102992	0.0	0.04848259444248284	6.125742226608356e-05	1.0	draw4345	True
1.0	234.0	-0.06811324862299928	-0.4728768679779378	0.0	0.11190849963894696	0.002006335681027605	1.0	draw4348	True
1.0	226.0	-0.16562390372337707	-0.16562390372337707	0.0	0.1297622936296167	0.00023865294088396997	1.0	draw4350	True
1.0	97.0	-0.12814316045150898	-0.12814316045150898	0.0	0.0023646945169544247	4.790868764193683e-07	1.0	draw4351	True
1.0	189.0	-0.670899169776465	-0.670899169776465	0.0	0.5233202052931157	0.002689168271742263	1.0	draw4354	True
2.0	84.0	-0.7414555441845933	-6.012411721048606	0.0	0.346526589980713	0.03601612675599016	1.0	draw4355	True
1.0	135.0	-0.04973451325520555	-0.05038138960033842	0.0	0.0002832679388814655	2.9100467401724687e-08	1.0	draw4356	True
1.0	156.0	-0.04340725848742448	-4.073965691894111	0.0	0.031193689064942368	2.850691167432884e-05	1.0	draw4359	True
1.0	58.0	-7.482630851599113	-7.454846567303666	0.0	0.36933749026625	0.04630474608930045	1.0	draw4360	True
1.0	198.0	-0.01820194167796363	-0.13191883763513174	0.0	0.1401017219157603	0.002865552896195055	1.0	draw4364	True
1.0	254.0	-0.2697872718485155	-0.25675606750639224	0.0	0.070091240428104	9.513302605315002e-05	1.0	draw4365	True
1.0	181.0	-3.0799686154169237	-2.866564921855516	0.0	1.4504432494725417	1.1474104951335424	1.0	draw4368	True
1.0	141.0	-0.1703784429574309	-0.1703784429574309	0.0	0.13879104760999977	0.0002534430243721347	1.0	draw4369	True
1.0	151.0	-0.06385787315982251	-0.06385787315982251	0.0	0.048054443180160764	9.903441899397057e-07	1.0	draw4371	True
1.0	196.0	-1.410100041041873	-1.410100041041873	0.0	0.18934951955093043	1.3663988586677593e-05	1.0	draw4372	True
1.0	133.0	-0.2910408716017267	-0.2910408716017267	0.0	0.06725178901287117	0.00035280614587873563	1.0	draw4376	True
1.0	199.0	-0.5698978414924898	-0.5715758602646469	0.0	0.2487806806419417	0.002745811933644223	1.0	draw4377	True
2.0	107.0	-0.5023046549544581	-0.5023046549544581	0.0	0.19733630057377907	0.0019410403652049756	1.0	draw4379	True
1.0	214.0	-0.5765318616586224	-0.5765318616586224	0.0	0.15356431884620605	1.4482170385486708e-05	1.0	draw4380	True
1.0	95.0	-0.9826579749788178	-0.9669440758428536	0.0	0.36091422950665386	0.005481981132890866	1.0	draw4382	True
1.0	135.0	-0.9173157619957759	-0.9114903394917783	0.0	0.12225283364573844	0.0024782434817809625	1.0	draw4383	True
1.0	152.0	-2.2854844438878774	-2.2582115880354534	0.0	0.19076278891805848	0.019081648382885646	1.0	draw4384	True
1.0	181.0	-0.09477294678033585	-0.09477294678033585	0.0	1.3087861928819278	2.5499909536724163e-05	1.0	draw4385	True
1.0	234.0	-1.5701637163925728	-1.5582797469399756	0.0	0.04091392755655979	0.00014951707767968563	1.0	draw4386	True
2.0	17.0	-0.07589136108101258	-0.9222992827043753	0.0	0.13177891781271275	0.00021729103865512006	1.0	draw4387	True
1.0	189.0	-0.046279913107555984	-0.04300075000875146	0.0	0.06086939894746092	7.278069346199485e-05	1.0	draw4388	True
1.0	201.0	0.9379983469020092	0.9379983469020092	7.0	0.27030390282951455	0.006398126354417505	1.0	draw4390	True
1.0	175.0	-0.11963281141340246	-0.1199338623953962	0.0	0.02481251638766628	5.520069856701871e-05	1.0	draw4393	True
1.0	178.0	-0.11024938725443041	-0.14167620740023426	0.0	0.05584960098960294	1.048433700749274e-05	1.0	draw4397	True
1.0	211.0	-2.3941527635012787	-2.3941527635012787	0.0	1.1367728673171105	0.017204303378675633	1.0	draw4398	True
3.0	215.0	-0.13340697047208108	-1.2787845328186007	0.0	0.07178347269662977	0.0003621670297334669	1.0	draw4400	True
1.0	158.0	-0.6286070348130557	-0.6286070348130557	0.0	0.03898422516996397	2.0985207716988513e-06	1.0	draw4401	True
1.0	195.0	-0.2550627317263731	-0.2550627317263731	0.0	0.10142607756080443	5.95147189230648e-05	1.0	draw4405	True
1.0	133.0	-0.37925593314211653	-0.345730604832405	0.0	0.8211424349723012	0.00617487059645277	1.0	draw4406	True
1.0	191.0	-0.32268923071048855	-0.32268923071048855	0.0	0.09438178252704618	0.00012911623199060278	1.0	draw4407	True
1.0	133.0	-0.1860614855458837	-0.186081311060933	0.0	0.033412871749880994	1.9968311960317423e-06	1.0	draw4409	True
1.0	169.0	-0.06724257085429415	-0.09148783142000591	0.0	0.09501182337560433	4.4588678201337985e-05	1.0	draw4412	True
3.0	185.0	-0.31496384700118807	-0.30226363651480215	0.0	1.9184694967909774	0.020833543101793254	1.0	draw4414	True
1.0	228.0	-0.1814458069060853	-0.18025343927478835	0.0	0.024618511135326194	0.0002623287753725894	1.0	draw4418	True
1.0	162.0	-0.028275449406893943	-0.021946834130934068	0.0	0.1465094120805938	0.0007798417655556146	1.0	draw4424	True
1.0	194.0	-1.8799231577276108	-1.9332141744228903	0.0	0.6712467691738594	0.01628675744278601	1.0	draw4426	True
1.0	185.0	-0.4850392219665244	-0.47027598082430266	0.0	0.09871647227879266	0.0032900980731660973	1.0	draw4428	True
1.0	246.0	-0.013027602013920838	-0.06228324671523161	0.0	0.007763985119085815	3.3031663594028226e-06	1.0	draw4430	True
1.0	235.0	-0.2975241839329105	-0.2957409652478252	0.0	0.0627885304168312	0.00015056356815540826	1.0	draw4431	True
1.0	135.0	-0.10745726397616928	-0.10745726397616928	0.0	0.01539773945677402	2.5826763790083414e-06	1.0	draw4432	True
2.0	26.0	-0.5991047733015258	-2.89862070928208	0.0	0.19607287566814258	0.0004969428983121882	1.0	draw4433	True
2.0	74.0	-19.76320924635461	-19.76320924635461	0.0	0.1557123966952524	0.0018663718472420236	1.0	draw4435	True
1.0	178.0	-4.995900357632959	-4.70948310576443	0.0	0.21503888920281464	0.039376047080827585	1.0	draw4438	True
1.0	199.0	-0.07750035201418887	-0.22480436471023024	0.0	0.16367398763397262	0.0003961544928701014	1.0	draw4439	True
1.0	154.0	-0.016935578013455542	-0.2179903724187653	0.0	0.056050706729297295	0.0002514442007732171	1.0	draw4440	True
1.0	53.0	-4.599603690305791	-32.021825007814556	0.0	0.08016762561032822	0.010347482676415196	1.0	draw4445	True
1.0	236.0	-14.161346542843086	-14.02972577449206	0.0	2.3309132327567816	0.03542044760530144	1.0	draw4446	True
2.0	140.0	-0.22355654824473004	-4.220116384680292	0.0	0.024999099055300643	0.0013763293239602839	1.0	draw4448	True
1.0	227.0	-1.1068467045710988	-1.299106484015994	0.0	0.9450452626842936	0.05250426221789473	1.0	draw4450	True
1.0	190.0	-0.6561640393613647	-0.6606675892423066	0.0	0.08284443139353688	0.00040493874494433796	1.0	draw4456	True
1.0	182.0	-0.009724270794486194	-0.008837907219747289	0.0	0.0687657402188025	3.532829495185906e-06	1.0	draw4457	True
1.0	171.0	6.970428144965052	2.456353722478389	47.0	1.5370451126592035	0.13289140864114846	1.0	draw4459	True
1.0	176.0	-0.1410224353045556	-0.15838634338240462	0.0	0.046327843961179796	0.0001992125864897548	1.0	draw4461	True
1.0	210.0	-0.02818130810119557	-0.02818130810119557	0.0	0.053804665304136884	3.0225145174032033e-05	1.0	draw4463	True
1.0	155.0	-0.37261039792851847	-0.370977890356959	0.0	0.3330900292751058	0.00047590901603727204	1.0	draw4469	True
1.0	198.0	-0.21222661831352144	-0.21360464188249906	0.0	0.08998259117145105	0.0002180767479575911	1.0	draw4474	True
1.0	152.0	-0.27531464990013754	-0.27531464990013754	0.0	0.0018395892808569063	7.256145451941722e-05	1.0	draw4476	True
1.0	164.0	-0.625100784763839	-0.8221234899237375	0.0	0.08350579486535585	4.143711599909594e-05	1.0	draw4477	True
1.0	50.0	-3.004695966565907	-3.004695966565907	0.0	0.2543648824515524	0.01117129936585202	1.0	draw4478	True
1.0	91.0	-6.557766865666234	-6.594596723600965	0.0	0.2843896390434378	0.06067869116946325	1.0	draw4479	True
1.0	208.0	-0.2494041057895103	-0.36319935915732593	0.0	0.0018510350724726273	0.0001196775115549452	1.0	draw4480	True
1.0	236.0	-0.32355895144031205	-0.35288287335029417	0.0	0.027499546925822696	5.4119059643384464e-05	1.0	draw4481	True
1.0	168.0	-0.02721365167439549	-0.0967905840963966	0.0	0.012203608267365273	6.804800058251473e-05	1.0	draw4482	True
1.0	190.0	-0.8439069519321348	-0.90724589863438	0.0	0.024108494550863068	3.245629626438377e-05	1.0	draw4483	True
1.0	186.0	0.05420826414371606	0.053208171433457574	14.0	0.07016984325645294	0.0004958158151473198	1.0	draw4485	True
1.0	218.0	-0.4010240239380757	-0.3983141958425913	0.0	0.015902666850738517	0.00022879240628345313	1.0	draw4486	True
1.0	174.0	-1.1201282609703513	-1.0448226620590222	0.0	1.2890720245788736	0.010071285886200312	1.0	draw4489	True
1.0	162.0	-0.0631488633638537	-0.060834370297325295	0.0	0.06167742844269638	9.891638228849644e-05	1.0	draw4490	True
1.0	196.0	-0.19098749279080027	-0.19098749279080027	0.0	0.047649940874718764	1.1279900955365305e-05	1.0	draw4492	True
1.0	190.0	-0.7472929820056207	-0.7484296545511029	0.0	0.08497883023639645	0.00020761984643604482	1.0	draw4493	True
1.0	200.0	-0.019789760985744566	-0.030519826987833076	0.0	0.03632031779849345	1.6237144987651732e-06	1.0	draw4494	True
1.0	209.0	-0.01742157406245639	-0.01742157406245639	0.0	0.016983527658836827	4.6555428876616056e-06	1.0	draw4495	True
1.0	178.0	-0.04322635003978533	-0.04322635003978533	0.0	0.06386134306472613	2.0220234579011712e-05	1.0	draw4496	True
1.0	93.0	-0.205445721591544	-0.205445721591544	0.0	0.2852225139380155	0.0010662245253391612	1.0	draw4497	True
1.0	166.0	-1.1059394066459076	-1.1059394066459076	0.0	0.28064179822545965	0.0028057120473457347	1.0	draw4501	True
1.0	240.0	-1.4292422362839061	-1.4285397683941239	0.0	0.32990596153577606	0.00569648163591629	1.0	draw4503	True
1.0	50.0	-15.310974231921666	-80.4508189265951	0.0	0.4366780031137894	0.12425149857249802	1.0	draw4504	True
1.0	227.0	-3.100946619217505	-3.100946619217505	0.0	0.4614429732953565	0.0033886862733863428	1.0	draw4505	True
1.0	173.0	-0.8427483393267087	-0.8427483393267087	0.0	0.13217048898227576	0.00016890636160555032	1.0	draw4507	True
1.0	232.0	-0.9162891678221362	-0.9162891678221362	0.0	0.4873792225118098	0.005202423746641201	1.0	draw4510	True
1.0	253.0	-0.5960293069532382	-0.5960293069532382	0.0	0.19774057160887487	0.00010824508884337481	1.0	draw4511	True
1.0	183.0	-0.34380211117641996	-0.34380211117641996	0.0	0.1547293972608177	6.414670525818874e-05	1.0	draw4512	True
1.0	109.0	-7.695415606001465	-7.698798102131686	0.0	0.0020913892754671295	2.172135976215196e-07	1.0	draw4513	True
1.0	232.0	-0.5748748306846283	-0.5605474769796899	0.0	0.43946788652158153	0.010309177766372158	1.0	draw4514	True
1.0	209.0	-0.2548048798850138	-0.2440483953749708	0.0	1.1012055125395606	0.0008922689568358622	1.0	draw4518	True
1.0	191.0	-0.08869148922957679	-0.08869148922957679	0.0	0.08701647913078289	9.146993921461377e-05	1.0	draw4519	True
1.0	161.0	-0.021334755657739887	-0.020943105991091084	0.0	0.024439458018080357	7.756999128909081e-06	1.0	draw4526	True
1.0	177.0	-0.02552287857421612	-0.14553248761682297	0.0	0.1268505483789963	1.0233151873675096e-08	1.0	draw4528	True
1.0	235.0	-0.8280462357178833	-0.8280462357178833	0.0	1.5444236934436049	0.007709411108267495	1.0	draw4529	True
1.0	154.0	-0.6108119580857047	-0.6108196615620587	0.0	0.034717699385576145	4.273224117911307e-05	1.0	draw4533	True
1.0	166.0	-1.2041832931663752	-1.1912240360785447	0.0	0.44903097033482836	0.00361957610744666	1.0	draw4536	True
1.0	131.0	-0.10381735038825253	-0.10381735038825253	0.0	0.02821029273119525	2.8135471234332013e-05	1.0	draw4537	True
3.0	205.0	-0.8611320753854901	-3.7608278908295105	0.0	0.6226412408037628	0.006495244336628713	1.0	draw4538	True
1.0	143.0	-0.09611423715557814	-0.09611423715557814	0.0	0.013084031611931318	1.936458629432035e-05	1.0	draw4540	True
2.0	98.0	0.284017197297474	-0.21205807796422368	34.0	0.24958095060298163	0.0015469815095988234	1.0	draw4544	True
1.0	217.0	-1.581560873836303	-1.581560873836303	0.0	0.20658112515840016	0.0035114534079453033	1.0	draw4546	True
1.0	204.0	-0.10599321267163471	-0.10599321267163471	0.0	0.03005039203385007	7.732451841935168e-06	1.0	draw4549	True
1.0	192.0	-6.327231244572546	-6.371342670896558	0.0	0.02059997889635678	0.0015328339594796617	1.0	draw4550	True
1.0	233.0	-1.3313652848910014	-1.3313652848910014	0.0	0.05678454638247722	0.001863909761900764	1.0	draw4552	True
1.0	133.0	-0.3798088249677764	-0.37576168052986014	0.0	0.03544723822505648	0.00016821616633287895	1.0	draw4554	True
1.0	160.0	-0.08407343875724445	-0.07641956191863189	0.0	0.1761624143832244	0.0004988529642052301	1.0	draw4555	True
1.0	241.0	-0.570449508216174	-0.7939515909942513	0.0	0.03103713750175719	0.0041707344157391885	1.0	draw4556	True
1.0	239.0	-1.6146011185720268	-1.8559908073550289	0.0	0.03880531174046563	0.00312263567957714	1.0	draw4559	True
1.0	172.0	-0.11393356765018336	-0.6658711989060406	0.0	0.07630464248176137	0.0019518143899437844	1.0	draw4562	True
1.0	45.0	-0.11267712551864051	-0.7194571023495089	0.0	0.008989139688707837	6.42076944073941e-05	1.0	draw4564	True
1.0	155.0	-0.018771805422171335	-0.018392637694956786	0.0	0.032425366088552524	3.0391208583505305e-06	1.0	draw4565	True
1.0	207.0	-0.5912373241264408	-1.1622992722617311	0.0	0.024047252278069406	0.001116945040977206	1.0	draw4566	True
1.0	233.0	-2.8303432260712396	-2.8303432260712396	0.0	0.4419371139740102	0.00020440162973223416	1.0	draw4567	True
1.0	184.0	-0.9024869387790326	-0.8854209319775667	0.0	0.6587251048815856	0.015059832782965531	1.0	draw4570	True
1.0	157.0	-0.07389651223202005	-0.07997606242329959	0.0	0.011639047514571666	2.7844193966759882e-06	1.0	draw4575	True
1.0	204.0	-0.3799349101182701	-0.37570230731224014	0.0	0.16519810492767598	0.0003225449384749516	1.0	draw4578	True
1.0	136.0	-0.8917852706211236	-0.8926287140164426	0.0	0.014797218470921152	2.9817775599486497e-07	1.0	draw4579	True
1.0	166.0	-0.21057871097255323	-0.21057871097255323	0.0	1.0964874030674927	0.0006302005032112307	1.0	draw4580	True
1.0	223.0	-0.7995105413451877	-1.2713060132991532	0.0	0.15729385442481356	0.0008182331092988813	1.0	draw4582	True
1.0	270.0	-0.08771729317464261	-3.3980055976731767	0.0	0.0018785886881187933	0.0002663485911490515	1.0	draw4583	True
1.0	199.0	-0.15544879268192946	-0.15544879268192946	0.0	0.1449312575430543	3.1997271113166793e-05	1.0	draw4585	True
1.0	178.0	-25.466017485236613	-25.466017485236613	0.0	0.02469032564654334	2.1972713048704113e-05	1.0	draw4586	True
1.0	60.0	-3.61325781211113	-3.604410976715759	0.0	0.19852213417065337	0.040276391834802486	1.0	draw4588	True
1.0	152.0	-0.47645307931817515	-0.46212767710250213	0.0	0.9144563547676915	0.005322058947061318	1.0	draw4589	True
3.0	42.0	-1.8830315273664024	-4.207613021190852	0.0	0.4314132794754856	0.0001433205387389163	1.0	draw4591	True
4.0	137.0	-3.045839482084885	-0.4739974997405614	0.0	0.632110837588262	0.0045819937753789385	1.0	draw4592	True
1.0	172.0	-1.200597468130871	-1.2485378460218928	0.0	0.096656223933748	0.0006201776264086289	1.0	draw4594	True
1.0	171.0	-0.9142907801137692	-1.0818380798341956	0.0	0.09439829608187661	0.0012201221476469768	1.0	draw4596	True
1.0	190.0	-1.2817728766519554	-1.2817728766519554	0.0	1.1020143668629059	0.050496323828186175	1.0	draw4597	True
1.0	185.0	-0.5455420545224894	-0.5455420545224894	0.0	0.3605800722411161	0.00038178638702575363	1.0	draw4598	True
1.0	193.0	-1.0427614969194399	-1.0427614969194399	0.0	0.11242314055983699	0.0009319315772802565	1.0	draw4603	True
1.0	198.0	-2.6112251283367085	-2.6112251283367085	0.0	1.0187007830414196	0.011189797246158394	1.0	draw4604	True
1.0	159.0	-0.0896240226669395	-0.07904577052652544	0.0	0.2330764419336108	0.0004805682220083497	1.0	draw4605	True
1.0	176.0	-0.27387785658467	-0.2611082167818691	0.0	0.26309226497383864	0.001794708548319994	1.0	draw4606	True
2.0	41.0	-14.282189198494976	-14.282189198494976	0.0	0.035075484017862736	0.003263920908915673	1.0	draw4608	True
1.0	151.0	-0.011756172186753174	-0.011756172186753174	0.0	0.028515746548431527	6.115794049046251e-07	1.0	draw4613	True
1.0	164.0	-0.07700277707563198	-0.07700277707563198	0.0	0.9940722038162122	0.00024075734507083172	1.0	draw4614	True
1.0	220.0	-4.28321466680998	-8.699437874918445	0.0	0.1320175159377504	0.0024372061757546963	1.0	draw4616	True
1.0	182.0	-0.09357708944721696	-0.1455647587102304	0.0	0.07482852562091719	0.00011309500567336018	1.0	draw4620	True
1.0	154.0	-0.07201456103768972	-0.07201456103768972	0.0	0.0723362726792191	2.4074598362624653e-05	1.0	draw4622	True
1.0	240.0	-0.07246915531552442	-0.15936281131780514	0.0	0.010928585755273999	0.00013853675402272648	1.0	draw4625	True
3.0	114.0	0.2442571985941706	-0.028758493285006	52.0	0.1315114470895815	0.0003819986147407168	1.0	draw4627	True
1.0	194.0	-4.918772055794651	-4.918772055794651	0.0	1.1153718202807021	0.0034354132341375665	1.0	draw4629	True
1.0	243.0	-0.14735231456354078	-0.2351477864879738	0.0	0.003937982856658955	6.17659638259387e-05	1.0	draw4632	True
1.0	137.0	-1.3621568392138572	-1.3621568392138572	0.0	0.032241564931631855	1.2937350062409046e-05	1.0	draw4633	True
3.0	204.0	-0.29148423708391064	-0.29148423708391064	0.0	0.11305925713596476	6.434272229830988e-05	1.0	draw4635	True
1.0	167.0	-6.08592536622899	-6.1143000124469244	0.0	0.22726790825917842	0.0169501161949187	1.0	draw4636	True
1.0	50.0	-8.814906578649722	-31.56987683323631	0.0	0.0893226387960444	0.003283452644674031	1.0	draw4637	True
1.0	216.0	-0.11209579888192822	-0.11209579888192822	0.0	0.17619190849201521	2.1178266711805852e-05	1.0	draw4638	True
1.0	168.0	-0.007543924014098803	-0.17887673109812213	0.0	0.0341388789110097	9.288474668208986e-07	1.0	draw4639	True
3.0	171.0	3.6694318856824912	3.406243390538897	33.0	0.9779496499684365	0.003001041351109555	1.0	draw4640	True
1.0	178.0	-0.22814071942928124	-0.22814071942928124	0.0	0.16478305534095994	2.716102604131904e-05	1.0	draw4642	True
1.0	166.0	0.25869034231418003	0.25869034231418003	16.0	0.31522136192381556	0.0007829974071105585	1.0	draw4644	True
1.0	80.0	-1.6283355064889118	-55.281060274681565	0.0	0.07624544311034819	0.0004697137430865209	1.0	draw4648	True
2.0	87.0	-1.2727003961872583	-20.7820450438794	0.0	0.12835338093732832	0.3342323491544241	1.0	draw4650	True
1.0	148.0	-0.01342847589431499	-0.01281436432113197	0.0	0.07675422228105068	4.3918860353548955e-06	1.0	draw4651	True
1.0	180.0	-0.01839187118239177	-0.03149227774871692	0.0	0.007624671547873035	3.2580405810604375e-05	1.0	draw4653	True
1.0	252.0	-7.206182991044618	-7.001175408357176	0.0	0.8675066342441606	0.03423790948676939	1.0	draw4655	True
1.0	210.0	-0.2366284860946824	-0.27412008929266585	0.0	0.07120043414212772	0.0009819737416254543	1.0	draw4658	True
1.0	232.0	-3.3326465597387442	-3.3137439857654867	0.0	0.21128944930355448	0.017214608649945996	1.0	draw4659	True
1.0	219.0	-0.6799743056662798	-0.6667425325797735	0.0	0.1468471399174605	7.4687001844133216e-06	1.0	draw4660	True
1.0	181.0	-2.073111250563413	-1.9825337570705284	0.0	2.2365589811228457	0.07827981754613818	1.0	draw4664	True
1.0	176.0	0.04073460319989252	0.049778888756929165	4.0	0.08840837350320793	0.0001152972037428302	1.0	draw4665	True
1.0	216.0	-0.6803015482220092	-0.6803015482220092	0.0	0.1982129517302243	0.0020976312267339658	1.0	draw4667	True
1.0	224.0	-0.34783023908888916	-0.34783023908888916	0.0	0.25537394682709896	0.0003166463376442799	1.0	draw4669	True
1.0	156.0	-0.19117099566525783	-0.19117099566525783	0.0	0.03335011886881899	2.7705985823033916e-05	1.0	draw4672	True
1.0	203.0	-3.2487049308873326	-3.2487049308873326	0.0	0.4102820567850498	0.0018807725306330412	1.0	draw4673	True
1.0	221.0	-0.9763462789374162	-7.147261470749262	0.0	2.5875512300511363	1.3893078423476921	1.0	draw4674	True
1.0	205.0	-0.26534337070838904	-0.23437302405953073	0.0	1.0848073087294832	0.003651070890292385	1.0	draw4675	True
1.0	191.0	0.004176019602369685	-3.577445497424487	1.0	0.8306301322472334	0.008737980229182065	1.0	draw4676	True
1.0	188.0	-0.1431729576823054	-0.13938398554746023	0.0	0.3201488361440307	0.0003999447646908977	1.0	draw4679	True
1.0	96.0	-15.875192003536325	-15.875192003536325	0.0	0.1426104036955275	0.005586641708409838	1.0	draw4680	True
1.0	135.0	-0.22616830124065532	-0.22616830124065532	0.0	0.08077894553459614	1.4023560201262871e-05	1.0	draw4682	True
1.0	200.0	-0.9275458387529457	-0.9275458387529457	0.0	0.16234035454286252	0.0013171272924679706	1.0	draw4683	True
1.0	189.0	-0.956835920461733	-0.9510568128126756	0.0	0.20299522617088284	0.00503198083505484	1.0	draw4684	True
1.0	167.0	-0.39119515054219756	-0.44032690763716575	0.0	0.019611472107023686	0.00041057909485880023	1.0	draw4685	True
1.0	142.0	-0.027549506463551757	-0.027549506463551757	0.0	0.05581443584093218	1.8167039890528493e-05	1.0	draw4688	True
1.0	178.0	-3.2877267662559357	-3.2656806771711135	0.0	0.1864860594387945	0.002164703921316056	1.0	draw4690	True
1.0	210.0	-0.8596643185250258	-0.8250294453383131	0.0	0.4064576430522766	0.010721493390612716	1.0	draw4692	True
1.0	180.0	-1.203444099921351	-1.1930246195676835	0.0	0.12058988628454465	0.005646964107441974	1.0	draw4696	True
1.0	62.0	-2.1289154836578206	-2.112390016256008	0.0	0.15161619929882575	0.011113160410140566	1.0	draw4697	True
1.0	171.0	-0.37356820942273683	-0.37356820942273683	0.0	0.1303746295770828	4.909354681208971e-06	1.0	draw4700	True
1.0	191.0	-0.044811139512042034	-0.044811139512042034	0.0	0.002560549832530746	1.3871539346504498e-05	1.0	draw4703	True
1.0	190.0	-1.2266401572871461	-1.6550770276806799	0.0	0.08539314042906816	0.0011333369765351004	1.0	draw4704	True
1.0	169.0	-0.7517580315914593	-0.7517580315914593	0.0	0.10765859907987968	1.2661216730231937e-05	1.0	draw4707	True
2.0	96.0	-2.0921344971108256	-0.5535154815201452	0.0	0.050188098480687844	0.0004089245085391261	1.0	draw4708	True
1.0	238.0	-2.1895048037140326	-2.1895048037140326	0.0	0.11630950358773792	0.011003861046167069	1.0	draw4710	True
3.0	133.0	-0.16291566801923824	-0.09335029267658801	0.0	0.5138191386404483	0.00139155901173806	1.0	draw4711	True
1.0	167.0	-0.0641860122572753	-0.06754221139206373	0.0	0.04411748882962787	8.492549051567307e-05	1.0	draw4712	True
3.0	182.0	0.5043449645994786	-0.0130180738401513	39.0	0.418591872180472	0.0010780800204045877	1.0	draw4714	True
1.0	153.0	-0.05625847672618711	-1.6677032232401554	0.0	0.0388800197681614	6.684081651445821e-06	1.0	draw4715	True
1.0	225.0	-1.2348412841040837	-1.2877044635222736	0.0	0.019116053131399895	0.0001621814073337873	1.0	draw4716	True
1.0	167.0	-0.0474809551165341	-0.0474809551165341	0.0	0.0741711802628656	3.992801340837342e-06	1.0	draw4717	True
3.0	97.0	-0.0018373594493000939	-0.10482741588618921	0.0	0.0798117453173491	7.450747712154117e-06	1.0	draw4718	True
1.0	190.0	-0.7907094488208133	-0.7907094488208133	0.0	0.280895964724975	0.019165100950154994	1.0	draw4719	True
1.0	158.0	-0.6532978832999213	-0.6532978832999213	0.0	0.20055040252166922	0.0017369341636890485	1.0	draw4720	True
1.0	182.0	-0.09075588589833464	-0.08946988395931973	0.0	0.020812957254362288	2.2151442417503374e-05	1.0	draw4721	True
1.0	191.0	-0.8919803783368689	-1.0296113037177013	0.0	0.2751928120724036	0.002910904928855959	1.0	draw4722	True
1.0	91.0	-1.186706776275312	-1.1801519096913187	0.0	0.06130149243376382	0.000824924961130183	1.0	draw4725	True
1.0	198.0	-2.442144502815479	-2.409281240296291	0.0	0.2531155584603084	0.030143113458091668	1.0	draw4726	True
1.0	187.0	-0.26195274891455506	-0.5375927872098631	0.0	0.07227336030781896	0.0009833299556442207	1.0	draw4727	True
1.0	185.0	-0.4897853580307208	-0.4852589701052091	0.0	0.24126817057168964	0.00019015496469808083	1.0	draw4728	True
1.0	148.0	-0.24864839111869935	-20.382294121675372	0.0	0.0013222681036933136	1.538414400907361e-05	1.0	draw4730	True
1.0	157.0	-0.13959431349648524	-0.14208135343933506	0.0	0.019357350580392216	4.4692106738072515e-07	1.0	draw4731	True
1.0	140.0	-0.15842053784977078	-0.15022461734113843	0.0	0.09803018094478233	0.001119618566360523	1.0	draw4733	True
1.0	174.0	-0.06560862996291045	-0.06560862996291045	0.0	0.2054713906391034	0.00030773956705063736	1.0	draw4734	True
1.0	164.0	-0.12047150512101151	-0.11018266827976647	0.0	0.19522231972335571	0.0004706938785516494	1.0	draw4735	True
1.0	51.0	-0.03178944602784031	-0.2994187221918567	0.0	0.003134306155286473	1.8182806648177222e-06	1.0	draw4736	True
1.0	202.0	-0.924152788833395	-0.8882112094072144	0.0	0.6050675362976655	0.015447210405083617	1.0	draw4737	True
1.0	148.0	-25.205179581051357	-25.187606583162513	0.0	0.10441830269590036	0.08905436641740432	1.0	draw4739	True
1.0	96.0	-0.07618705180557865	-0.07618705180557865	0.0	0.010098506271834898	2.465641925116649e-06	1.0	draw4740	True
1.0	183.0	-0.07867146707320466	-0.07867146707320466	0.0	0.027582587097074035	2.2486900486901067e-05	1.0	draw4741	True
1.0	197.0	-1.024739826981043	-0.9899264403784315	0.0	0.5304451308251991	0.01618857775618775	1.0	draw4746	True
1.0	142.0	-0.22381375054684088	-0.22119095812761996	0.0	0.2454053279211208	0.0007105212691524382	1.0	draw4747	True
1.0	140.0	-2.5504808542017194	-2.5504808542017194	0.0	0.5949690141553291	0.005871937728999126	1.0	draw4748	True
1.0	174.0	-0.1939755095510235	-0.1939755095510235	0.0	0.07252181687209273	0.00013078425353538556	1.0	draw4749	True
1.0	174.0	-0.16815295241631567	-0.1628161113644351	0.0	0.24308153727170967	0.00048816596119067847	1.0	draw4750	True
1.0	172.0	-0.3223051127489771	-0.9499743862180206	0.0	0.1612636552004683	0.00016653287294226925	1.0	draw4751	True
1.0	150.0	-1.377135488587662	-1.3507477696644776	0.0	0.5169271623754715	0.01954734432943435	1.0	draw4753	True
1.0	177.0	-0.016125662237405095	-0.21588702581780284	0.0	0.07321931486633419	4.6621857485102536e-05	1.0	draw4755	True
1.0	155.0	-0.24011193372404896	-0.10363507368489258	0.0	1.3992566242846907	0.013804403230235667	1.0	draw4758	True
1.0	196.0	-0.2842680596541193	-0.1447881210635232	0.0	1.292352544883325	8.525429394075662e-05	1.0	draw4763	True
1.0	160.0	-0.02018874020507129	-0.02018874020507129	0.0	0.06333778072714404	1.8463403165307057e-05	1.0	draw4764	True
1.0	145.0	-0.0330047187150523	-0.032000282626359934	0.0	0.009289276039081296	1.20649075736869e-05	1.0	draw4765	True
1.0	180.0	-0.06445740791600786	-0.06445740791600786	0.0	0.19071404776923073	8.328586564158211e-05	1.0	draw4767	True
1.0	154.0	-0.012836613327911224	-0.19810006346906023	0.0	0.05012887530114839	1.3432086151146194e-05	1.0	draw4768	True
1.0	171.0	-0.10170048403889331	-0.10084675823882555	0.0	0.06574089478026166	0.00020298881101677894	1.0	draw4772	True
1.0	183.0	-0.03731094960115275	-5.010995357617229	0.0	0.10433468125971042	0.004303812972225117	1.0	draw4776	True
1.0	198.0	-0.8904549117682585	-0.8904549117682585	0.0	0.2829378463901287	0.00011921870261366622	1.0	draw4777	True
1.0	227.0	-103.51266785277637	-103.51266785277637	0.0	2.3453791270842643	0.06634040204759406	1.0	draw4778	True
1.0	129.0	-0.015128051431811482	-0.015127162583344244	0.0	0.003032762229115684	9.367153099875334e-09	1.0	draw4782	True
1.0	196.0	-0.9774668291115233	-0.9774668291115233	0.0	0.5307488912556136	0.00010502497440890094	1.0	draw4784	True
1.0	123.0	-2.0790875951147583	-2.079185662915546	0.0	0.009114443944198252	2.694335541624802e-07	1.0	draw4785	True
1.0	193.0	-0.0773340781213601	-0.0773340781213601	0.0	0.08362042411010007	1.7385773431901885e-05	1.0	draw4787	True
2.0	137.0	-2.646091134798862	-2.646091134798862	0.0	0.40896591035240554	0.008615837846773102	1.0	draw4788	True
2.0	159.0	-1.5747145109900844	-4.230073751682674	0.0	0.06519848148906694	0.12494852879689623	1.0	draw4789	True
1.0	155.0	-0.48348387337885806	-0.47125162920758396	0.0	0.23865146931684422	0.0029941414285394163	1.0	draw4790	True
1.0	176.0	-0.45038666654821263	-0.942551691097643	0.0	0.15012570560521116	0.0013777036976578391	1.0	draw4791	True
1.0	256.0	-4.590854680797203	-26.92573407323244	0.0	1.9795336204870135	0.057015958497654264	1.0	draw4792	True
1.0	155.0	-2.664190032550278	-2.6649486380269813	0.0	0.06324140001617924	3.9211430238009754e-07	1.0	draw4793	True
1.0	168.0	-0.009023296129168516	-0.008934684718108503	0.0	0.004949893612649706	1.8134284958936668e-06	1.0	draw4794	True
1.0	160.0	-0.35162537141935607	-0.387469886131834	0.0	0.1370155107597128	9.018611766974047e-05	1.0	draw4795	True
1.0	160.0	-0.2763524069027354	-0.2763524069027354	0.0	0.4205795735852498	0.001459713488351513	1.0	draw4797	True
1.0	191.0	-0.11794806817204521	-0.11794806817204521	0.0	0.21165525407562175	6.210878090197422e-05	1.0	draw4799	True
1.0	197.0	-0.1170070327579326	-1.5142456445701222	0.0	0.1751293041858447	0.003416578227290335	1.0	draw4801	True
1.0	231.0	-0.6411565331707971	-0.6411565331707971	0.0	0.030607264614739622	1.996187707074115e-05	1.0	draw4808	True
1.0	250.0	-0.5244803710070491	-6.0505166113534985	0.0	0.3471494282727835	0.007598519829270791	1.0	draw4810	True
1.0	181.0	-0.2571037036359088	-0.2571037036359088	0.0	0.12433541265448031	0.0005299565131815192	1.0	draw4811	True
1.0	190.0	-0.16865109799828398	-0.17903074030190425	0.0	0.014497830390353763	6.606807227142319e-05	1.0	draw4816	True
1.0	189.0	-0.20617254303228774	-0.20792536948947296	0.0	0.07358802815897049	0.00017293046856794734	1.0	draw4818	True
2.0	230.0	-1.3371819282025834	-10.005536835036207	0.0	0.10504688198084144	0.004466195545599521	1.0	draw4821	True
1.0	186.0	-1.6813259561245562	-1.6813259561245562	0.0	0.03682678979736687	0.0007979764721845969	1.0	draw4822	True
1.0	54.0	-1.0440910731138215	-7.9267647860619705	0.0	0.03225282264620707	0.0014729606268149367	1.0	draw4823	True
1.0	186.0	-0.010266058936678	-0.08698132958285404	0.0	0.06977641999136844	1.5547427980576823e-05	1.0	draw4824	True
1.0	193.0	-0.4118006181800743	-0.4118006181800743	0.0	0.11842601390293542	1.0475988064169202e-05	1.0	draw4829	True
1.0	161.0	-0.8978731593421103	-0.8978731593421103	0.0	0.24859494508223906	0.0015856587827842248	1.0	draw4830	True
0.0	237.0	-0.17931036090800304	-96.50683926560934	0.0	0.008800538760352174	1.4044490299233976e-06	1.0	draw4832	True
2.0	45.0	-0.03639921132663073	-17.47794147623245	0.0	0.0002676858558102786	0.00027401925428076384	1.0	draw4833	True
1.0	164.0	-1.748554481551228	-1.748554481551228	0.0	0.2697135314604518	0.00012513922839047135	1.0	draw4834	True
1.0	162.0	-0.8132751170459339	-0.8145857721822367	0.0	0.011860766054668619	4.6845938585067285e-06	1.0	draw4836	True
1.0	223.0	-0.06134223531338888	-0.0620107780835817	0.0	0.0036755790040031385	1.0315286451042066e-05	1.0	draw4838	True
1.0	124.0	-3.8482642335019155	-3.8490320699700122	0.0	0.34753855041827336	0.0005656302126471	1.0	draw4839	True
2.0	28.0	-0.15810003774156534	-4.390784633106865	0.0	0.023760596610292655	3.6458942213831705e-05	1.0	draw4840	True
1.0	140.0	-0.04351321033609748	-0.04351321033609748	0.0	0.0609718372981761	1.0393640438289959e-06	1.0	draw4844	True
1.0	166.0	-0.043840184107447555	-0.12244465493680909	0.0	0.017334949908351667	5.8545346605288425e-05	1.0	draw4846	True
1.0	76.0	-2.551668966325937	-69.82739987054993	0.0	0.14003199296908228	0.012009892296140405	1.0	draw4847	True
2.0	72.0	-0.54518210569582	-0.3406533437634179	0.0	0.004156912842005863	9.606220259782292e-07	1.0	draw4849	True
1.0	195.0	-0.2994143467401261	-0.2994143467401261	0.0	1.0495486489507893	0.0011873400601510866	1.0	draw4853	True
1.0	165.0	0.22775545795302815	-2.003326484039851	23.0	0.15485567238982045	0.002059682132038501	1.0	draw4854	True
1.0	184.0	-0.07726225046937006	-0.07726225046937006	0.0	0.06485608586545638	5.8968179644287295e-06	1.0	draw4856	True
1.0	223.0	-6.80599369391449	-6.80599369391449	0.0	1.0618664048996296	0.0011971601258495136	1.0	draw4859	True
1.0	186.0	-0.32052163255103616	-0.3129307303705201	0.0	0.1294339979721945	1.6529764998111682e-05	1.0	draw4860	True
1.0	90.0	-51.74547770163501	-51.74547770163501	0.0	0.006244030384878803	5.677016898508179e-08	1.0	draw4861	True
1.0	241.0	-0.9762016295388457	-9.269371530008545	0.0	0.03497782171107326	0.003059246071080571	1.0	draw4863	True
1.0	159.0	-0.08603511612267861	-0.17066108585802436	0.0	0.04862158812848798	0.00144457536987627	1.0	draw4867	True
1.0	186.0	-0.5858560075717251	-0.5858560075717251	0.0	0.3065393639030237	0.001022260876083447	1.0	draw4871	True
1.0	183.0	-1.0932370163214857	-1.1456348587080047	0.0	0.04884108667812774	0.00012619976386453544	1.0	draw4872	True
1.0	194.0	-0.29502960503516873	-3.2772814017202836	0.0	0.6272085104414495	0.009522828439249953	1.0	draw4873	True
1.0	171.0	-0.45607479605582146	-0.45607479605582146	0.0	0.14910182494128238	0.0017573285845182856	1.0	draw4874	True
1.0	168.0	-7.2751680756314405	-7.169379594145878	0.0	0.46762148388401986	0.11298559063116173	1.0	draw4876	True
1.0	171.0	-0.10934163546860066	-0.059909577472282344	0.0	1.4472501341653876	0.0002810076513411727	1.0	draw4877	True
1.0	189.0	-0.09612298883838169	-0.08725025317294274	0.0	0.21758282507227586	0.00035402392999663593	1.0	draw4878	True
1.0	225.0	-2.060138603898096	-2.015052515342281	0.0	0.4174893460709602	0.0206905691216021	1.0	draw4879	True
3.0	161.0	0.14370023729946838	-0.05596616740229035	40.0	0.424278698967584	0.0002446092394379907	1.0	draw4882	True
1.0	128.0	-0.3263199323207108	-0.32407167599195663	0.0	0.012688731762063915	5.919313635706192e-05	1.0	draw4883	True
1.0	187.0	0.8330559724532124	-0.7438389462067518	39.0	0.6794886508893155	0.0003772838342045596	1.0	draw4884	True
1.0	192.0	-0.14951898239104122	-0.14951898239104122	0.0	0.30817450435340277	7.814704053885615e-06	1.0	draw4885	True
1.0	137.0	-0.2500048773881583	-0.2498315139209282	0.0	0.08925479185851198	7.877293049183634e-05	1.0	draw4886	True
1.0	132.0	-0.5351387052510327	-0.5055688840645172	0.0	2.1011409305881688	0.009922069228945087	1.0	draw4887	True
1.0	181.0	-0.17556080859536588	-1.1085954068634964	0.0	0.07790758771117443	0.0015561792850724452	1.0	draw4888	True
1.0	162.0	-0.22652590508952386	-0.22652590508952386	0.0	0.2273954786544045	0.0006539031826827439	1.0	draw4890	True
1.0	220.0	-0.4738358596833706	-0.44312554156400813	0.0	0.4917710692654354	0.004957298793018567	1.0	draw4891	True
1.0	245.0	-0.3477318248369841	-0.3477318248369841	0.0	0.029166378337190067	8.562897902807515e-06	1.0	draw4895	True
1.0	192.0	-0.3055047791315212	-0.30715433613280146	0.0	0.04931150707527106	0.0007232918168122366	1.0	draw4899	True
1.0	252.0	-0.48447556408239323	-1.5929272666037664	0.0	0.04008505836878978	0.0013074050681454602	1.0	draw4901	True
1.0	185.0	-0.3380038030478258	-0.3383822552008484	0.0	0.05124386763144971	2.1292017183992468e-05	1.0	draw4902	True
1.0	151.0	-0.6160886090147841	-0.6114068395270893	0.0	0.19924229398834684	0.0013919201335438973	1.0	draw4903	True
1.0	199.0	-0.8293360773935906	-0.81250885725246	0.0	0.06336865596895588	0.0015294719875438506	1.0	draw4907	True
1.0	192.0	-0.1974374718131808	-0.1974374718131808	0.0	0.07244343540517072	5.443463872807852e-05	1.0	draw4908	True
3.0	154.0	-0.1841637378085998	-0.1841637378085998	0.0	0.06665155169447183	0.0001644275029788242	1.0	draw4910	True
1.0	129.0	-25.115953857044175	-25.03341698617587	0.0	0.07601649490479533	0.010986132829161109	1.0	draw4911	True
1.0	152.0	-0.27188035541120636	-0.27188035541120636	0.0	0.14275491125998696	0.0008146603943068017	1.0	draw4913	True
1.0	192.0	-0.7313799922852527	-0.7313799922852527	0.0	0.17462793161657703	0.013663052640889777	1.0	draw4915	True
1.0	175.0	-0.03431913750072834	-5.011807903727661	0.0	0.003094958817506911	6.883286145692957e-08	1.0	draw4917	True
1.0	167.0	0.00402053091839619	0.0030149485491029193	6.0	0.054522408842054136	8.387032243461995e-05	1.0	draw4922	True
1.0	156.0	-0.34672909507402366	-0.34672909507402366	0.0	0.4455839669511892	0.0015776801310054718	1.0	draw4923	True
1.0	214.0	-0.6305562272129057	-0.6271486794252014	0.0	0.0070669246432875825	0.0004490683270741214	1.0	draw4925	True
1.0	166.0	-1.877334881652167	-2.0541020195951782	0.0	0.07074703797457257	5.5197085170242075e-05	1.0	draw4928	True
1.0	198.0	-0.05478358451346158	-0.0579758542803104	0.0	0.0029529751533913444	5.686168612363613e-07	1.0	draw4929	True
1.0	211.0	-0.1603461494632242	-0.15299091768789314	0.0	0.1684724761554854	0.0003773351451525434	1.0	draw4931	True
1.0	235.0	-0.4901795930174564	-0.4273536181422264	0.0	0.40271637434089863	0.025070920279072484	1.0	draw4933	True
1.0	205.0	-3.043157326832905	-3.1052595439873403	0.0	0.07826318894015674	0.0036153939067637485	1.0	draw4938	True
2.0	113.0	-0.6173864322553988	-50.48353220389083	0.0	0.06572022548010623	0.09195425569372016	1.0	draw4940	True
1.0	146.0	-5.017346900269199	-5.017346900269199	0.0	0.03820141531526464	1.330847381887129e-05	1.0	draw4941	True
1.0	245.0	-0.555791490978581	-0.5560338266631051	0.0	0.028885518786062197	0.0005810651544420168	1.0	draw4942	True
1.0	136.0	-0.10769555647768697	-0.09796736213940255	0.0	0.35607338978429426	0.0004694605347519832	1.0	draw4944	True
1.0	181.0	-0.17232988496307602	-0.16664722373161467	0.0	0.23713453162948822	0.00028315952481891527	1.0	draw4945	True
1.0	146.0	-1.7359936504215687	-1.7419659500076794	0.0	0.1976442522401211	0.0001557650551972091	1.0	draw4947	True
1.0	182.0	-1.3559567475497407	-1.3559567475497407	0.0	0.222615943868025	0.010443172687581896	1.0	draw4948	True
1.0	238.0	-0.2999429475429088	-1.2651878267381123	0.0	0.029520109149408145	0.0012083090087643274	1.0	draw4949	True
1.0	165.0	-0.0942137266227132	-0.0942137266227132	0.0	0.07762639689114859	0.0011339870435646967	1.0	draw4952	True
1.0	226.0	-5.448349163370059	-5.126538094746361	0.0	3.0557815288243506	0.04013345696868419	1.0	draw4957	True
1.0	147.0	-0.15994595800368422	-0.15994595800368422	0.0	0.05317088988204352	0.0005921102517031423	1.0	draw4959	True
1.0	147.0	-1.03332881798655	-1.033798425087911	0.0	0.06547627904818501	1.4356710454092477e-05	1.0	draw4960	True
1.0	149.0	-4.27803235336919	-4.27803235336919	0.0	0.1017661206453027	3.7855596452209084e-05	1.0	draw4961	True
1.0	167.0	-0.015279345733542503	-0.015279345733542503	0.0	0.03489715522986521	4.997788385052162e-06	1.0	draw4962	True
1.0	179.0	-0.07727775730579921	-0.07727775730579921	0.0	0.03758055826864021	2.6923253589730848e-05	1.0	draw4964	True
1.0	181.0	-0.23894277399670874	-0.4928970314125239	0.0	0.07902434638513799	0.00010369935028186335	1.0	draw4966	True
1.0	196.0	-0.8080674190085497	-0.8233627107599837	0.0	0.033658694374204094	0.0001365255540480019	1.0	draw4970	True
3.0	129.0	-0.09090921393520787	-0.11151200644725281	0.0	0.06038203679877794	4.6163661945530167e-05	1.0	draw4973	True
2.0	140.0	-13.199518315801575	-13.199518315801575	0.0	0.053019091498421815	0.00042582677561205616	1.0	draw4976	True
1.0	176.0	-1.6089693501235391	-1.6089693501235391	0.0	0.2706023721452952	0.0014597262699262209	1.0	draw4977	True
1.0	156.0	-0.04913064183010736	-0.04817430974543205	0.0	0.04798635290836788	3.0519885043490905e-05	1.0	draw4978	True
1.0	164.0	-4.072429699417747	-4.124031366874585	0.0	0.1896662458399623	0.0047068568558995445	1.0	draw4980	True
1.0	179.0	-0.3350466158768979	-0.3350466158768979	0.0	0.09768358813854452	0.0029918001294324554	1.0	draw4983	True
1.0	192.0	-0.40521588605307535	-0.40521588605307535	0.0	0.10464133625198843	1.2140544377583712e-05	1.0	draw4984	True
1.0	183.0	-11.939499045398952	-11.88671418026659	0.0	3.6046783313073645	0.9962627550162592	1.0	draw4985	True
1.0	159.0	-0.07207756657423524	-0.07473576585239888	0.0	0.0025446717382776388	2.476454181456692e-06	1.0	draw4986	True
2.0	114.0	-1.0171183611624672	-5.542842557896197	0.0	0.029081861053657662	0.1085687409142199	1.0	draw4987	True
2.0	74.0	-1.1221208501226427	-56.68715268095155	0.0	0.11201320633787192	0.01111844197968543	1.0	draw4988	True
1.0	223.0	-1.0962782894117102	-1.0974231122736082	0.0	0.17749927471958177	0.0003852663853173702	1.0	draw4991	True
1.0	196.0	-0.018531218985584314	-0.029621357036032546	0.0	0.03918801982243529	5.483512009932198e-05	1.0	draw4993	True
1.0	162.0	-2.305769053748071	-2.2917420652183798	0.0	0.14189363821183698	0.003739889285881895	1.0	draw4994	True
1.0	159.0	-0.4238880760135314	-0.4238880760135314	0.0	0.16742782271557713	9.789913018370326e-05	1.0	draw4995	True
1.0	197.0	-0.028110193225232363	-0.028110193225232363	0.0	0.06034634378978439	3.5190967331949758e-06	1.0	draw4997	True
1.0	144.0	-0.010677524755469337	-0.01264526278111882	0.0	0.002009688472113157	4.2810134992626146e-09	1.0	draw4998	True
