tr_max	tr_at_low_j	det_at_low_j	j_lo	j_hi	j_crit	n_points	n_cross	u_at_trmax	a_at_trmax	det_at_trmax	j_at_trmax	G_absmax	j_at_first_cross	det_at_first_cross	at_u_edge	at_a_edge	fold_is_j_max	lowj_at_floor	lowj_at_ceiling	frac_of_path	n_proj_fail	path_count	name	traced
-0.7635800247301274	-2.2172264800782697	0.8973461860797245	0.0164349656414291	0.40828070773713326	0.4083990513328104	182	0	1.1836632308266788	0.21162550580166223	0.03152837857181876	0.40178247201017736	1.682681771697503e-16			0	1	1	1	0	0.8878048780487805	0	1	draw2	True
-0.7808284251386076	-0.7808284251386076	0.06692330414734633	6.777210950546824e-05	0.10187360225393045	0.10188438153995075	249	0	9.999999999994291e-05	2.9872175102960293e-06	0.06692330414734633	6.777210950546824e-05	6.418476861114186e-17			1	0	1	1	0	0.9154411764705882	0	1	draw5	True
-0.6073420567166147	-0.6523969653577923	0.028489898223416976	0.001558099800565157	0.10306419055458048	0.10308731700635422	199	0	0.16925132254381933	0.03615201781491387	0.0016407647019457603	0.10271861129545841	1.0842021724855044e-18			0	1	1	1	0	0.868995633187773	0	1	draw7	True
-0.7020540347308076	-0.867467253559527	0.14941187282118726	0.004294081268181939	0.4315320019648526	0.4318256638719201	199	0	0.5791087666702913	0.14805419579997695	0.1013774457126357	0.3213480999637521	5.551115123125783e-17			0	1	1	1	0	0.9004524886877828	0	1	draw10	True
-0.25397670986906073	-0.8733247343188381	0.15465711196466495	0.006443831280110134	0.08241214757450069	0.08242585669371749	169	0	0.38563847962077047	0.02612702912484097	0.0009598104186034608	0.08241214757450069	4.4655576979246714e-18			0	1	1	1	0	0.8666666666666667	0	1	draw13	True
-0.4706060710429303	-1.0298586421422224	0.0845113438172624	0.03023565686882739	0.5922195836011488	0.5922457411953886	180	0	0.773654807770885	0.28579814717194457	0.02185646968355048	0.5537884668495598	6.245004513516506e-17			0	1	1	1	0	0.9045226130653267	0	1	draw19	True
-0.9042586205437368	-2.200404645260498	1.1603049401470467	0.057468655462324394	0.8778776035841587	0.8780411718253743	176	0	1.2246631415905886	0.1509620695393399	0.009703029205800786	0.8778776035841587	3.469446951953614e-17			0	1	1	1	0	0.8888888888888888	0	1	draw21	True
-0.3424440278508079	-3.030775007361839	2.005445440349808	0.13927215502208404	0.9097975009872501	0.9098063384277963	155	0	1.0084947185395565	0.04199692188768843	0.0037740439371241235	0.9097975009872501	1.0408340855860843e-16			0	1	1	1	0	0.856353591160221	0	1	draw22	True
-3.107463719291527	-4.4208976694972115	3.690071867746336	0.00345721574311828	1.8805914197414517	1.8814889603192166	228	0	0.7401611140323079	0.3595083750727176	0.6149900765905693	1.7898176771294358	3.209238430557093e-16			0	1	1	1	0	0.9047619047619048	0	1	draw23	True
-2.135443084291016	-7.3771678673277465	0.8246350841403055	2.7375223650907285	6.150832680735119	6.150914914952046	142	0	0.9931936670991836	0.036309309691643615	0.0011241609201789226	6.150832680735119	2.3852447794681098e-18			0	1	1	1	0	0.8658536585365854	0	1	draw28	True
-0.12704328610402077	-1.4165019585211125	0.4824307515720822	0.1342342576469639	0.4894876330744881	0.48955038969960135	168	0	3.5188745380516537	0.08072407693621957	0.0004068394069590744	0.4894876330744881	1.0855574252011113e-17			0	1	1	1	0	0.8795811518324608	0	1	draw30	True
-0.052010251253011175	-2.993535640248102	1.9081578299149602	0.0881977013228298	1.413867964390511	1.414738937284222	184	0	3.32224237458096	1.108445657393361	0.061274138397185374	1.3569853083728458	3.3306690738754696e-16			0	1	1	1	0	0.8214285714285714	0	1	draw34	True
-0.1720519577666953	-0.595622848435403	0.07981551839147347	0.03382939220690857	0.6433452967691277	0.6434356457342566	169	0	1.6174586506463053	0.3924135295616082	0.00021421082899140875	0.6433452967691277	9.486769009248164e-18			0	1	1	1	0	0.8894736842105263	0	1	draw37	True
-0.26053172582742196	-0.48072191999700864	0.04106459085787261	0.019216371907174398	0.36621775038265997	0.36625062880765574	171	0	1.0652799072169161	0.06952765021149378	0.00025906783588885166	0.36621775038265997	2.6020852139652106e-18			0	1	1	1	0	0.8769230769230769	0	1	draw39	True
-1.2420875404532439	-1.4616398988529555	0.18034384393284472	0.010176235154266737	0.5675167169344499	0.5676213243646946	192	0	0.4216205335874429	0.10578609066943309	0.021640146877706705	0.541691514975548	1.734723475976807e-17			0	1	1	1	0	0.8930232558139535	0	1	draw42	True
-0.16356081937406436	-0.9485945479208523	0.10692409976364207	0.5026886510313285	0.8210603310118181	0.8210637857679101	137	0	1.243521500686477	0.012487861854904	5.615346110923447e-05	0.8210603310118181	5.963111948670274e-19			0	1	1	1	0	0.8404907975460123	0	1	draw44	True
-0.3368481551337035	-0.38177933594685864	0.008112264759260834	0.0007676267346234045	0.04510343487606566	0.045112590315857036	199	0	0.12874372498049613	0.03717759789476292	0.00023591889007380405	0.04498292438601764	5.421010862427522e-19			0	1	1	1	0	0.8766519823788547	0	1	draw45	True
-0.16279002658588448	-2.423864340709456	0.9977402059841891	0.6957500452035467	0.8859622525062131	0.8859748028074639	139	0	2.1306184272099906	0.026891594389980573	0.0003220396423961607	0.8859622525062131	4.992412191116846e-18			0	1	1	1	0	0.852760736196319	0	1	draw47	True
-0.2613271850973911	-0.8361731396233806	0.11099684053415651	0.00644863486299637	0.39759861330409263	0.3976027359498356	189	0	4.140426057419713	0.2257621988907792	0.00022623054151626334	0.39759861330409263	3.9898639947466563e-17			0	1	1	1	0	0.8957345971563981	0	1	draw48	True
-1.7067675201756038	-1.8184411834954106	0.09106751379972322	0.08875942103543435	0.22320498824421625	0.22320498922575924	139	0	0.1270861667077367	0.00288654515961147	0.0001999759129862454	0.22318751931193415	8.131516293641283e-20			0	1	1	1	0	0.8373493975903614	0	1	draw50	True
-1.6515316241885256	-5.357188289255838	7.1491258786213585	1.5192028773222934	2.127708104296918	2.1277084192707916	151	0	1.7951403831297297	0.0985653746064676	0.0007670911383173232	2.127708104296918	1.359691168250493e-16			0	1	1	1	0	0.8728323699421965	0	1	draw54	True
-1.082819163192902	-1.223968842991012	0.09695119998102239	0.002215405795761549	0.09979748330790725	0.09979822129996091	199	0	0.0937615622145005	0.0585660137073033	0.0001814431841264514	0.09979748330790725	6.505213034913027e-19			0	1	1	1	0	0.8805309734513275	0	1	draw59	True
-0.092088256390454	-2.3852883568993057	0.18263234070006573	0.8396541248525542	1.6988673311762328	1.6989456652052441	150	0	1.694892443225185	0.08528122657761739	0.00022713034446785675	1.6988673311762328	1.883801274693564e-18			0	1	1	1	0	0.847457627118644	0	1	draw64	True
-2.8734519247606403	-3.19902557165848	1.2817892017722454	0.011450356891941755	0.4537957082063601	0.45394608372021344	180	0	0.8366960895033146	0.07884361022936773	0.08221797667108591	0.4537957082063601	1.571008947931496e-16			0	1	1	1	0	0.8823529411764706	0	1	draw65	True
-179.46089762597518	-179.46089762597518	0.00252894254962131	1.6035982235000688	1.6098001199737282	1.6098645487127892	167	0	0.010000854706014809	436.59191849750977	0.00252894254962131	1.6035982235000688	6.661338147750939e-16			1	0	1	0	1	1.0	0	1	draw66	True
-0.17897072523411633	-3.6588606431790622	1.8335694229054178	1.0878917600150813	2.426402358867045	2.426409663084343	156	0	2.2641822581889945	0.11626407262341884	0.0001286027897726884	2.426402358867045	6.5052130349130266e-18			0	1	1	1	0	0.8666666666666667	0	1	draw68	True
-3.491788861680229	-7.939416748146268	3.9849131487408336	0.09750858596696768	0.4831960983483958	0.48323678174242446	154	0	1.2185308279728757	0.0666813957545465	0.0379666576807312	0.4831960983483958	9.352429583813632e-17			0	1	1	1	0	0.8651685393258427	0	1	draw71	True
-0.14570504523354158	-0.2451165122265172	0.014765252630799279	0.0017078937862289587	0.01830285946382179	0.01830488445102137	170	0	0.1380274501330378	0.014068331962989462	0.0008336482504669406	0.018057561960846864	3.5236570605778894e-19			0	1	1	1	0	0.8762886597938144	0	1	draw75	True
-0.24250284877292008	-3.304869239125966	2.1193644735633064	0.05509811589436623	0.7826102994332158	0.7826439932594247	190	0	1.6422610859949442	0.10492566476551109	0.009690005460387804	0.7126544161953713	4.996003610813204e-16			0	1	1	1	0	0.8296943231441049	0	1	draw77	True
-4.081708977245553	-5.7544746253743675	1.0080975809983221	0.009940064363327249	1.0375536853258043	1.037883891839127	195	0	22.355961700652312	0.15624239432204154	0.004319065816228271	1.0375536853258043	1.772535026742239e-16			0	1	1	1	0	0.8823529411764706	0	1	draw79	True
-1.014604795145845	-1.0277386648940974	0.01392600911450651	0.0002199957589300502	0.016868688110906447	0.01686936761672108	228	0	0.014800409501500692	0.004970348752695875	0.002053476249560598	0.014976744077435378	1.8973538018496328e-19			0	1	1	1	0	0.9047619047619048	0	1	draw85	True
-2.6813395578353862	-3.5210942325478434	0.25935672834088946	0.6586849785115475	1.526927068580929	1.5269349878380474	138	0	0.4617882604635411	0.0048970209634858096	0.0010304456763088766	1.5267156797547872	1.7618285302889447e-19			0	1	1	1	0	0.8414634146341463	0	1	draw89	True
-1.6686682042000776	-2.4487836811460992	0.18699737267613395	0.002575732510210326	0.6009047013434967	0.600940291481734	221	0	0.3265924589225802	0.2352592493707071	0.002361732463409122	0.6009047013434967	1.0408340855860843e-17			0	1	1	1	0	0.8911290322580645	0	1	draw90	True
-1.7795762354952407	-3.9629446378670714	2.3276381557747157	0.0050846749262889925	3.1328252089843054	3.1350818970453025	225	0	1.633491375383181	0.33025436987075524	0.0625378703307796	3.1328252089843054	1.1102230246251565e-16			0	1	1	1	0	0.896414342629482	0	1	draw93	True
-1.387837082587212	-1.5118410440791497	0.5008849477048294	0.005800940818766836	0.5757424371409956	0.5766100437933156	195	0	0.3431390656515782	0.012011173680589238	0.3844378765120708	0.14989111512599923	4.440892098500626e-16			0	1	1	1	0	0.9112149532710281	0	1	draw94	True
-2.3085309941345806	-6.5248565169373105	0.0007218175793827089	0.06691215161054878	0.13676779521820492	0.06691164336771639	67	0	0.05995099769774045	1.970568831738275e-06	0.05800262242124643	0.13676779521820492	3.469446951953614e-17			0	1	0	0	0	0.5234375	0	1	draw95	True
-0.740937071911574	-0.7418274028166332	0.11017755948599309	0.0014991550700525192	0.17178834668186949	0.17179160911270153	193	0	0.019884720502724784	2.3040045317258636e-05	0.11018011020119835	0.004087214537508601	4.163336342344337e-17			0	1	1	1	0	0.8616071428571429	0	1	draw96	True
-0.8458253680937974	-0.8458253680937974	0.129194130489128	6.364565591515543e-05	0.183193335869856	0.18333593762035616	252	0	9.999999999935194e-05	2.2074445758959074e-06	0.129194130489128	6.364565591515543e-05	2.1510571102112408e-16			1	0	1	1	0	0.9197080291970803	0	1	draw99	True
-0.7759234144519184	-0.8180763167347529	0.021995918578267878	0.027609146006815216	0.057253899833429774	0.057253899973861475	135	0	0.07243848767476212	0.0008434196515217872	0.00017276311033803188	0.05718141450155763	6.522153693858113e-20			0	1	1	1	0	0.8181818181818182	0	1	draw104	True
-0.5473385450569511	-0.80017720874237	0.03596024659049355	0.02203446714135926	0.27514660887705944	0.2751504337815795	170	0	0.4276403972306674	0.05922641327001497	0.00016951323186905164	0.27514660887705944	1.7550522667109103e-18			0	1	1	1	0	0.8629441624365483	0	1	draw110	True
-3.1186980591427163	-3.9035101629830673	2.305386317396987	0.020257489430019936	1.3095355059270466	1.3099630422810191	197	0	0.5128588249534755	0.28255299385038163	0.07214451766402463	1.3095355059270466	1.3877787807814457e-16			0	1	1	1	0	0.8602620087336245	0	1	draw111	True
-1.1476400741152035	-4.817334828970702	0.3526570530701848	0.5398318568261378	2.703017555093806	2.7032066638842087	157	0	0.8985433468524041	0.020499354571374903	0.004582226618350816	2.703017555093806	3.469446951953614e-18			0	1	1	1	0	0.8722222222222222	0	1	draw112	True
-0.3238447323220782	-0.3238447323220782	0.0020605904910699887	0.21961914042423553	0.3933041123473669	0.21960252269150024	27	0	0.5000585084655551	0.07951299321146536	0.0020605904910699887	0.21961914042423553	1.1102230246251565e-16			0	0	0	0	0	0.15	0	1	draw113	True
-0.8818398469655361	-0.9116036987951882	0.015920046002127396	0.4252047251549869	0.45774752336561236	0.45775217887224834	122	0	0.49057211752180063	0.00022874058333793209	3.0079468219609085e-05	0.45774752336561236	1.267406134553749e-20			0	1	1	1	0	0.8026315789473685	0	1	draw115	True
-2.5178890797741245	-6.278152322497552	9.790778063421293	0.1912717035062712	3.4643473749841505	3.465098102180182	176	0	1.9820526571163106	0.2975407305903428	0.0876035220144601	3.4643473749841505	1.7433970933566911e-16			0	1	1	1	0	0.88	0	1	draw118	True
-0.9175242639665564	-1.2329156450812273	0.3153599995039915	0.0008270248168904016	0.3677683800977736	0.3679969133949263	226	0	0.5639368237273352	0.3862796658465376	0.00476337934219049	0.3677683800977736	6.743737512859838e-17			0	1	1	1	0	0.9186991869918699	0	1	draw119	True
-0.4460545814762666	-0.6099128491609095	0.02426647954466454	0.0016664034111371219	0.1825041452788144	0.18276882360884228	206	0	0.4469877244736572	0.17635179130628287	0.0014376537301632787	0.1825041452788144	3.469446951953614e-18			0	1	1	1	0	0.8879310344827587	0	1	draw128	True
-0.679733627834926	-1.1429844237278957	0.022382758399597753	0.0633940727418211	0.4435624088896462	0.44356243288933644	163	0	0.49355330207086046	0.055511512947518174	4.2014383068117735e-06	0.4435624088896462	4.072110893925049e-19			0	1	1	1	0	0.8670212765957447	0	1	draw129	True
-6.674010679918419	-6.674010679918419	0.002824010493657997	0.13171905663336808	0.3096739135377662	0.131712932205096	37	0	0.6161335776317479	2.663235858921552	0.002824010493657997	0.13171905663336808	1.915134717478395e-15			0	0	0	0	0	0.17209302325581396	0	1	draw130	True
-0.34337150184792264	-7.734269273813382	14.525021626892201	1.0248898110214268	4.121182680647661	4.121185367114434	156	0	1.5081051003584969	0.12099063201768429	0.00034107145752692685	4.121182680647661	7.632783294297951e-17			0	1	1	1	0	0.8863636363636364	0	1	draw131	True
-1.3591926037301472	-2.5984081452505254	1.5846072643844091	0.10961883071845803	0.9185910066571794	0.9186290026603513	164	0	0.8430610385005117	0.04729282311939658	0.33510915717786705	0.7573736836113699	6.106226635438361e-16			0	1	1	1	0	0.845360824742268	0	1	draw133	True
-0.8274349123399577	-3.8231929525343418	0.0715685376074797	0.23599473915231545	2.0116716657399447	2.0119134955750537	167	0	0.8442454976661157	0.08695054613163804	0.00021948256163341066	2.0116716657399447	4.607859233063394e-19			0	1	1	1	0	0.8697916666666666	0	1	draw135	True
-0.24523746877812636	-2.321878636546031	0.11570723802469987	0.2460373239677557	2.1499574025414665	2.1499583865439154	163	0	1.399049380532962	0.03151403831304576	3.763302307901288e-05	2.1499574025414665	9.75781955236954e-19			0	1	1	1	0	0.8716577540106952	0	1	draw136	True
-1.9525005253844083	-1.9525005253844083	0.9453780438586129	0.0006437414318811749	0.9461841638426434	0.9461960574822487	278	0	0.0006112204029789125	9.997997876998266e-07	0.9453780438586129	0.0006437414318811749	6.661338147750939e-16			1	1	1	1	0	1.0	0	1	draw139	True
-1.1620454843799644	-1.212352549602056	0.053726859364873515	0.1341569772879589	0.3205430610371192	0.32054311658447254	137	0	0.2749350420623883	0.001971961312152927	0.00033891697272164973	0.3202867559149892	4.404571325722362e-20			0	1	1	1	0	0.8353658536585366	0	1	draw141	True
-0.3967640430056422	-0.3967640430056422	0.0002178388106262139	0.617690717467185	0.7887587499447763	0.617664652538681	19	0	1.3824007399334377	2.109365622465992	0.0002178388106262139	0.617690717467185	3.3306690738754696e-16			0	0	0	0	0	0.09743589743589744	0	1	draw142	True
-0.9459781202079232	-1.3376988185008762	0.39654263313038307	0.004171621260378362	0.13039922601994322	0.1304307932514573	187	0	0.14982994439792285	0.02196940599607843	0.013791800322494998	0.13003487649033693	4.343584953520052e-18			0	1	1	1	0	0.8697674418604651	0	1	draw143	True
-0.2918100264024993	-1.6849107058170434	0.7089796453434966	0.46880353353736576	0.8862661800401872	0.8862764618219882	144	0	1.4463477763050536	0.12434303313920099	0.001327857863266557	0.886112745819543	3.8163916471489756e-17			0	1	1	1	0	0.8674698795180723	0	1	draw144	True
-0.9626941440762884	-4.034019783625732	2.875699750497517	0.037001139654515514	0.9908753630696178	0.9910322388672461	188	0	5.680277887718656	0.04915793241471894	0.0032416821817408217	0.9908753630696178	2.7326976944318238e-17			0	1	1	1	0	0.8909952606635071	0	1	draw148	True
-0.6214729260177418	-3.452530109139725	2.880344118365628	0.15992726674052987	1.9159614140312458	1.9162550578965014	165	0	1.6122355137515971	0.1682352938964577	0.003750995458926697	1.9159614140312458	8.185726402265558e-18			0	1	1	1	0	0.8870967741935484	0	1	draw150	True
-0.21577563647600728	-0.26571811480331037	0.003786857863595687	0.0010450731920411535	0.10552396908912674	0.10556444577740633	203	0	0.4840400830667216	0.4272350596330519	5.768425609236801e-05	0.10552396908912674	1.0842021724855044e-18			0	1	1	1	0	0.9022222222222223	0	1	draw152	True
-0.929556150672486	-0.9448130610873233	0.006573626218718484	0.11910004352398147	0.1726818821176181	0.17268189894029795	124	0	0.18339558089859334	0.0007095130268859553	5.109837214636484e-07	0.1726818821176181	3.8116482626443515e-21			0	1	1	1	0	0.7948717948717948	0	1	draw157	True
-0.20284522297077717	-0.8768673625530446	0.12512578586995202	0.09679444373863248	0.6069603110896521	0.6069680071743331	162	0	1.562751915639427	0.06008550610825482	0.00022221230500697772	0.6069603110896521	6.5052130349130266e-18			0	1	1	1	0	0.8709677419354839	0	1	draw158	True
-0.7450819127199442	-1.9368242596848289	0.937636305255962	0.06539775431461313	0.6385870520572964	0.6387241012750641	161	0	0.6671699463605727	0.046925430780945	0.019245489280746327	0.6385870520572964	2.0816681711721685e-17			0	1	1	1	0	0.8298969072164949	0	1	draw159	True
-1.6447940136841543	-1.6447940136841543	0.5810973295662605	0.09451843746151031	1.086570892273541	1.086570907416266	165	0	0.08481573396551201	9.955236099396965e-07	0.5810973295662605	0.09451843746151031	3.152317816501604e-17			0	1	1	1	0	0.8823529411764706	0	1	draw161	True
-0.3972252496756688	-0.9268684827806923	0.02343560096424549	0.0016828905122811487	0.6300075823398582	0.6300664965917193	220	0	1.0539579118172302	0.24754976995898528	0.00030238798819667666	0.6300075823398582	2.168404344971009e-18			0	1	1	1	0	0.9016393442622951	0	1	draw162	True
-0.9962695615820014	-1.2602292441867498	0.03625930181210094	0.0006985485144016116	0.06536311823356711	0.0653696661513832	221	0	0.07304147916967947	0.13146898948230878	0.0006132355035674369	0.06536311823356711	1.3010426069826053e-18			0	1	1	1	0	0.8911290322580645	0	1	draw164	True
-1.6592141409124777	-1.6679913767638146	0.014164365222346736	0.0016410161526024159	0.03058340368532872	0.03486372341796906	183	0	0.00208805019281664	6.488473093271415e-05	0.0007276388468668889	0.0034653749938365003	1.3877787807814457e-17			0	1	1	1	0	1.0	0	1	draw166	True
-1.5576149233118497	-2.8176034966782693	1.3681925227474572	0.006337219605737051	0.6111915337168352	0.6111918684610492	197	0	1.2686217454511595	0.21440263140662527	0.0007293075553501245	0.6111915337168352	2.1684043449710089e-16			0	1	1	1	0	0.8995433789954338	0	1	draw168	True
-2.5161019523876456	-2.5161019523876456	0.38720358307111996	0.003519833291455917	1.7882119335867088	1.788215410639386	221	0	0.0014987064272428882	9.99879236688117e-07	0.38720358307111996	0.003519833291455917	2.47198095326695e-17			0	1	1	1	0	0.91701244813278	0	1	draw170	True
-0.6372870011113245	-1.494976437659201	0.0001596759533027372	0.08255818563793074	0.17637946158861134	0.08255610317173966	90	0	0.29771492253113685	1.4424734411501949e-05	0.03482578609977661	0.17637946158861134	6.245004513516506e-17			0	1	0	0	0	0.6766917293233082	0	1	draw175	True
-1.8413734777767652	-3.0974877364743363	0.8877049693067797	0.035285884699597696	0.8042382925777414	0.8042716549902329	182	0	0.36619763922980386	0.1204807979377849	0.0052759377619370695	0.8042382925777414	1.2793585635328952e-17			0	1	1	1	0	0.8625592417061612	0	1	draw178	True
-2.19523663988462	-2.19523663988462	0.3940530978788443	0.0021947613458148324	0.2824731522888803	0.2824922371063376	202	0	0.011111128222856353	9.983746584067476e-07	0.3940530978788443	0.0021947613458148324	3.139849491518021e-16			0	1	1	1	0	0.8859649122807017	0	1	draw179	True
-0.14111216427866158	-0.7260764149023328	0.009816079375887177	0.0006873117561592703	0.20641229904796157	0.2064807162222351	226	0	0.6816816712407321	0.3326509056375514	4.756030147398824e-05	0.20641229904796157	1.0842021724855044e-18			0	1	1	1	0	0.904	0	1	draw180	True
-0.08511715569288916	-0.3481686234014603	0.014479497096853294	0.16040190881246677	0.29197750638370484	0.2919798167865341	135	0	1.1348954970937268	0.013765647193430928	1.3925233874703222e-05	0.29197750638370484	5.692061405548898e-19			0	1	1	1	0	0.8490566037735849	0	1	draw182	True
-1.7953511516841856	-2.42202936445298	0.35657347603373063	0.006461665940342288	0.36556025399303443	0.3655607815005591	190	0	4.771232067190754	0.26959520962452876	0.0002893599552407308	0.36556025399303443	2.3884973859855663e-16			0	1	1	1	0	0.892018779342723	0	1	draw183	True
-0.6473720487490721	-0.7000563329924145	0.026508020914805152	0.004712994609165558	0.021483811582988257	0.02148391887881499	164	0	0.03176326715094118	0.001173608250839637	0.0009891916611474982	0.020789739308239127	1.734723475976807e-18			0	1	1	1	0	0.8631578947368421	0	1	draw187	True
-0.4983925595708378	-1.7902901068314394	0.7187824227146774	0.09510002557697274	1.0371460358266478	1.0371835112929266	169	0	1.586946378795577	0.07064125732887327	0.001972750672800949	1.0371460358266478	1.7830043539703022e-17			0	1	1	1	0	0.8756476683937824	0	1	draw188	True
-73.00703708095914	-73.00703708095914	9.074186668810766e-06	0.6822370410881484	0.6822940309032752	0.6822945680855211	168	0	0.010000022457484378	496.00231166589407	9.074186668810766e-06	0.6822370410881484	3.3306690738754696e-16			1	0	0	0	1	1.0	0	1	draw190	True
-0.16990829685242903	-1.2561166009186695	0.28775276148400997	0.20348327922470785	0.89264363436836	0.8926639983820942	163	0	1.9841591854581226	0.6637281959564424	0.0016324891503849469	0.8873213942481423	5.551115123125783e-17			0	1	1	1	0	0.8907103825136612	0	1	draw191	True
-0.778556278091973	-5.213407277951602	3.9759756641423563	0.0037208480525798837	3.0215419255715843	3.021601970361609	226	0	4.631436428053399	3.0597164713420812	0.018722637456296456	3.0052277619195227	1.7763568394002505e-15			0	1	1	1	0	0.8862745098039215	0	1	draw196	True
-0.3593761150747707	-0.3610884837889013	0.01493055140866782	0.00019859620556163775	0.024461471769467953	0.024469075174159596	219	0	0.02488328644582485	0.0031968705127971247	0.012498679412745612	0.007792014073599096	1.734723475976807e-18			0	1	1	1	0	0.8830645161290323	0	1	draw197	True
-0.5664206452432766	-4.7887602969267435	0.6749802957862728	0.01241797139103881	0.25506995661205345	0.25509766415249985	173	0	2.6042551224981794	0.03942651136017681	0.0032723420785258535	0.25506995661205345	6.869776015411277e-17			0	1	1	1	0	0.8781725888324873	0	1	draw198	True
-0.08075322847873234	-0.5251174410293767	0.06532921582727409	0.010171095724736158	0.19544974458070463	0.1954535121045251	185	0	1.9108963314129315	0.2459240621554708	3.833169543247061e-05	0.19544974458070463	1.214306433183765e-17			0	1	1	1	0	0.8851674641148325	0	1	draw199	True
-0.24048521852002716	-0.8072866093187405	0.06839437294038457	0.07273163299159834	0.4915352483104559	0.49155193094871613	158	0	0.9494317387284742	0.007169390181652452	0.00029356575818704534	0.4915352483104559	7.995991022080595e-19			0	1	1	1	0	0.8681318681318682	0	1	draw203	True
-0.7262204356468167	-1.8340095488584256	0.7091151310164948	0.009485631689151494	0.8532482287795681	0.8534349585622685	199	0	1.0061308585107869	0.1739005820147369	0.006294656991803964	0.8532482287795681	9.020562075079397e-17			0	1	1	1	0	0.8923766816143498	0	1	draw206	True
-0.5806084196626253	-1.3431141865315839	0.33097346157598556	0.020196649540070295	0.3828669090219827	0.3828968244955136	168	0	1.0506507597663277	0.07149123135037547	0.003179051188662865	0.3828669090219827	1.5585406229479126e-17			0	1	1	1	0	0.8888888888888888	0	1	draw210	True
-1.2588186322162827	-1.8814844234801127	0.5113709990346799	0.043120323735371155	1.131084050564019	1.131176365553535	179	0	0.8212013766225614	0.12918987007432678	0.011979129769835012	1.131084050564019	4.5102810375396984e-17			0	1	1	1	0	0.8861386138613861	0	1	draw215	True
-0.6322346571981978	-0.733628190555892	0.015685277435660214	0.0025817868122184145	0.15452320358386393	0.1545778593703238	200	0	0.23172862661960675	0.352638243913457	0.0028632981980560883	0.14739650945117955	3.713392440762853e-18			0	1	1	1	0	0.8968609865470852	0	1	draw219	True
-1.7594573486990426	-2.818544510421313	1.788345361483996	0.043764560612002866	0.5115677099859297	0.5115940790437132	164	0	0.28356748574952834	0.009439709665726471	0.005219103055776435	0.5115677099859297	1.734723475976807e-18			0	1	1	1	0	0.8631578947368421	0	1	draw221	True
-0.7784213338556645	-0.8361259578614656	0.004961183985057829	0.0026050288860987336	0.14477423565103842	0.1448741475901321	199	0	0.18258548078027562	0.37610478317378354	0.00011286822568756978	0.14477423565103842	1.2468324983583301e-18			0	1	1	1	0	0.8844444444444445	0	1	draw225	True
-0.7598274121455975	-1.8204919811143867	0.8219995527640154	0.012607358341355936	0.2519249441670585	0.2519268491035741	185	0	0.5090258385433215	0.059468641828748094	0.0017260701568070091	0.2519249441670585	2.0816681711721685e-17			0	1	1	1	0	0.8851674641148325	0	1	draw226	True
-0.07972195408754035	-0.5298365849758195	0.046036334229925265	0.013960115960392214	0.27133709332649697	0.2713475767324203	188	0	2.5908233460600005	0.25103432440315454	6.186539741144122e-05	0.27133709332649697	1.0408340855860843e-17			0	1	1	1	0	0.8826291079812206	0	1	draw227	True
-0.2310580240518896	-0.23311124381141649	0.007850560702436806	0.00010358547574648705	0.04037310155453595	0.04037551266876784	231	0	0.09848702123482335	0.021747288741926107	0.005452789170238147	0.019126509474237864	6.938893903907228e-18			0	1	1	1	0	0.8783269961977186	0	1	draw228	True
-1.8379599880900972	-1.8381647076812755	0.6761066929249803	0.002360030693646865	0.2064032477852006	0.20672740798849168	202	0	0.010114984087087331	6.553126261548707e-06	0.6740604684580761	0.005146267262890847	1.0086129522725307e-16			0	1	1	1	0	0.8938053097345132	0	1	draw229	True
-0.4989616512305091	-0.502833498118864	0.03729625273250496	0.0003503896655291266	0.025631519921364736	0.025648708679154683	201	0	0.041528388021592574	0.000402465787422652	0.03580275107943127	0.0037439459760595767	1.3381426500723437e-17			0	1	1	1	0	0.8072289156626506	0	1	draw235	True
-0.16257003638789802	-0.8742399271922509	0.05390474176925481	0.01453333970224846	0.5686785648305862	0.5687124709272733	190	0	1.3632294718313567	0.18062583741997867	0.00017265941194328688	0.5686785648305862	5.204170427930421e-18			0	1	1	1	0	0.8962264150943396	0	1	draw237	True
-0.21993604285726528	-1.1381188829026516	0.17763803502897413	0.015302073970955923	0.838058710658307	0.8380955460246896	190	0	1.2474520159800653	0.13464406183518343	0.0006992184846121836	0.838058710658307	1.3877787807814457e-17			0	1	1	1	0	0.8837209302325582	0	1	draw239	True
-1.1818762862585428	-1.913539119697911	0.7965731446600317	0.06274322378174525	1.172581202833895	1.17267279973036	175	0	2.024255459800441	4.179889906860543	0.0011940891504023947	1.172581202833895	5.551115123125783e-16			0	1	1	1	0	0.8793969849246231	0	1	draw244	True
-0.4792421442073884	-0.4792421442073884	3.1203151231826256	1.2235144909246376	1.4332991635381014	1.4333001453863181	37	0	0.5240055428263568	0.39134674440574013	3.1203151231826256	1.2235144909246376	8.881784197001252e-16			0	0	1	0	1	0.23125	0	1	draw245	True
-0.5340077191765807	-0.5531625987735017	0.048155555371954886	0.0029260421058886765	0.18021734871598216	0.180269477848407	195	0	0.1274985490829583	0.007262001329067616	0.04402723167614793	0.055256700660416214	2.7755575615628914e-17			0	1	1	1	0	0.8823529411764706	0	1	draw250	True
-0.687744651080212	-1.4015125238036639	0.3467955000907332	0.04212164822840206	0.4322561841916661	0.4324407163870606	171	0	0.5881149779919937	0.1741550602707412	0.0041360058499929665	0.4322561841916661	1.5612511283791264e-17			0	1	1	1	0	0.8860103626943006	0	1	draw256	True
-2.63430696842879	-8.971412849818563	7.412992735938329	0.0022071560575891505	6.41710102601732	6.417273101837859	229	0	3.808344890101315	4.671248792023882	0.10616844842890366	6.320481361762296	3.552713678800501e-15			0	1	1	1	0	0.9233870967741935	0	1	draw257	True
-4.659869965456802	-4.659869965456802	0.003186234379215971	0.6424688562033685	0.7613752210825581	0.6424201947503207	36	0	0.14412881953199524	2.093418959273341	0.003186234379215971	0.6424688562033685	4.440892098500626e-16			0	0	0	0	0	0.1643835616438356	0	1	draw261	True
-2.10079080828767	-5.835839775370155	6.442875954296956	0.22491344460168516	3.4690691983079125	3.4698168180353197	176	0	1.294364675024541	1.1905910826559876	0.9308274553944362	3.3900787843579576	1.3322676295501878e-15			0	1	1	1	0	0.7822222222222223	0	1	draw262	True
-0.429730957038006	-1.088597165661667	0.2957197585274453	0.00037914150495316917	0.5129331693991385	0.5130878742031548	237	0	0.6745341585510822	0.6650825153631683	0.01186128569241518	0.5129331693991385	2.220446049250313e-16			0	1	1	1	0	0.8286713286713286	0	1	draw263	True
-0.32704007408437047	-1.2085049028247559	0.3315313869811704	0.04676182693845606	0.5736855112230568	0.574039455850894	183	0	2.6845830519943936	2.2287129157783463	0.0011782427745055802	0.5736855112230568	1.6653345369377348e-16			0	1	1	1	0	0.8883495145631068	0	1	draw264	True
-0.7362983021422947	-0.7611648411324851	0.024273209402009	0.004182041500584001	0.3792864655028571	0.3793475160272017	199	0	0.5405310100378469	0.2858444786548631	0.0005088073981387802	0.3792864655028571	4.336808689942018e-18			0	1	1	1	0	0.9004524886877828	0	1	draw268	True
-0.9637064982853393	-0.993825324400008	0.01854151064755366	0.07204631316917517	0.2172824624156755	0.2172853049544554	138	0	0.2235181949251569	0.0014533277104566732	1.828161936682871e-05	0.2172824624156755	2.0328790734103208e-20			0	1	1	1	0	0.8165680473372781	0	1	draw272	True
-1.9278428432207912	-4.275250113554157	2.6851042527150066	0.6022517269861756	1.6174644979237158	1.6174729971399324	143	0	0.5353429097148458	0.005705805900435341	0.001112195777756037	1.6174644979237158	8.673617379884035e-19			0	1	1	1	0	0.8461538461538461	0	1	draw274	True
-0.3275586335391395	-0.3636635882434017	0.03213234320217876	4.102597028528792e-05	0.007215525323900966	0.007215627031600262	237	0	0.02064012673793169	0.005477006223842891	0.013981499568649872	0.0042742659887490195	1.2414114874959026e-17			0	1	1	1	0	0.9221789883268483	0	1	draw278	True
-2.037796603784506	-2.037796603784506	0.0008334941677132083	0.0891167394284038	0.25114385761159713	0.08911619896594611	53	0	0.07262318506863939	0.8628134538325292	0.0008334941677132083	0.0891167394284038	1.6653345369377348e-16			0	0	0	0	0	0.18861209964412812	0	1	draw280	True
-1.4002342562088168	-1.7888829249652807	0.22460838794999993	0.4341959298631664	0.9372988505851908	0.9372995090593014	137	0	0.5809265982714488	0.0014732917555975535	7.018487776894229e-05	0.9372988505851908	1.8973538018496328e-19			0	1	1	1	0	0.845679012345679	0	1	draw281	True
-1.9522349133049168	-9.650502133665253	0.007658411326765816	0.016359895173878286	0.08196898093755123	0.016352830979933293	71	0	0.1438259968392923	1.866123500486576e-06	0.5661338097195594	0.08196898093755123	2.3592239273284576e-16			0	1	0	0	0	0.6283185840707964	0	1	draw283	True
-0.6779591857547662	-0.9896734106875373	0.014391517271225953	0.03399333565224538	0.6698210433732585	0.6698743133465928	174	0	0.7347768748745157	0.13190923800764293	0.00037093565952067936	0.6698210433732585	2.168404344971009e-18			0	1	1	1	0	0.8743718592964824	0	1	draw284	True
-0.8124183163709957	-1.224124856924983	0.019653731550682778	0.00012124117049730727	0.14518315555064698	0.14518788634233554	256	0	0.17948457083524863	0.22602044259352744	0.00014259714123503997	0.14518315555064698	6.505213034913027e-19			0	1	1	1	0	0.9110320284697508	0	1	draw285	True
-0.406647510091512	-1.5321139217722703	0.5521953449317274	0.04490491888176169	0.9551454990959305	0.9551918405189255	181	0	2.2450542976506647	0.27882345851528306	0.0009440045329842951	0.9551454990959305	4.163336342344337e-17			0	1	1	1	0	0.8872549019607843	0	1	draw286	True
-1.6163805121465447	-1.6163805121465447	0.0018156588000091888	0.025747256291769965	0.026652664649471556	0.026652722390772605	55	0	0.017978928797730553	0.45755607782465263	0.0018156588000091888	0.025747256291769965	1.734723475976807e-17			0	0	1	0	1	0.39285714285714285	0	1	draw287	True
-0.8503360258042462	-1.7611873292993918	0.722870667746788	0.04315972829174943	1.8241842875022276	1.8247152665010555	185	0	2.7333165128615824	0.150154155600495	0.011067158178255316	1.8241842875022276	1.3877787807814457e-17			0	1	1	1	0	0.8851674641148325	0	1	draw292	True
-1.0258256664135186	-1.0258256664135186	0.011069567786757058	0.00010140322557022799	0.02030315281019648	0.02031210877510522	226	0	0.00010000000000786799	1.1367591809206826e-05	0.011069567786757058	0.00010140322557022799	8.673617379884035e-19			1	0	1	1	0	0.8659003831417624	0	1	draw295	True
-2.5693963416427428	-4.6171778085217206	5.258152902754562	0.05452935526325906	1.9283390267265377	1.9284368635232592	189	0	1.377702968582508	0.25448234464429687	0.029458040981512307	1.9283390267265377	2.220446049250313e-16			0	1	1	1	0	0.9	0	1	draw296	True
-0.4146343015362035	-0.4146343015362035	0.00970718015283378	0.00015722375842274383	0.04261060538786987	0.04263017164329411	230	0	0.00040353551723358594	9.996450211452114e-07	0.00970718015283378	0.00015722375842274383	1.0842021724855044e-18			0	1	1	1	0	0.8812260536398467	0	1	draw299	True
-0.5871280093914077	-2.2838811348710384	1.2758971497996334	0.027804076470333474	0.7014660799398877	0.7015732361043253	180	0	1.0991121521630176	0.0805218649668615	0.006552436921867638	0.7014660799398877	2.0816681711721685e-17			0	1	1	1	0	0.8866995073891626	0	1	draw300	True
-6.539300247560711	-11.01371826117566	28.033622370302517	0.37392903807479455	5.214974423945769	5.215043911097715	181	0	1.196473544082843	0.1636710691518563	6.5222142018211535	4.177177861936721	2.6645352591003757e-15			0	1	1	1	0	0.8227272727272728	0	1	draw302	True
-0.7518713046632609	-1.1356484258734536	0.15029155146645223	0.026992846875363068	0.6616816251263913	0.6617250810341684	178	0	0.7177161015330973	0.1818795988900799	0.005208535452145243	0.6575234022874369	1.5395670849294163e-17			0	1	1	1	0	0.898989898989899	0	1	draw306	True
-7.043504154311957	-7.043504154311957	10.695775845008058	0.0011628757718770222	0.9097975401628631	0.9098187950843087	236	0	0.00052168203627627	9.992427233754348e-07	10.695775845008058	0.0011628757718770222	7.216449660063518e-16			0	1	1	1	0	0.8166089965397924	0	1	draw307	True
-2.602374208874419	-2.6972326351627567	0.5279052282264223	0.0014943855090802844	1.8182994847502143	1.8186924501784592	233	0	0.706364197814535	0.26237441537656275	0.016962475937191843	1.8182994847502143	2.7755575615628914e-17			0	1	1	1	0	0.9173228346456693	0	1	draw308	True
-1.4126903070254768	-2.9191939420414337	1.2267320804681714	0.0004288341956521131	1.0296202591158214	1.0299879476465774	239	0	0.6924552742438593	0.6657318508732274	0.3329621693484423	1.0082538640560614	4.440892098500626e-16			0	1	1	1	0	0.8356643356643356	0	1	draw310	True
-0.8686865663465655	-3.0697996457981915	1.9489982736248816	0.20745417476935676	1.8756105364671862	1.8756772365265943	169	0	1.2693550301404244	0.1263213080088889	0.1655881894922685	0.9109712175274883	1.3322676295501878e-15			0	1	1	1	0	0.8366336633663366	0	1	draw313	True
-5.540227611810069	-8.601607062736795	10.46302323891	0.01143813472180593	1.0942886563110552	1.0944932302637718	201	0	1.28811623142968	0.30131327407970304	0.09280931147677793	1.0942886563110552	9.168013570537425e-16			0	1	1	1	0	0.8973214285714286	0	1	draw314	True
-0.2074214342389182	-0.9131089073596266	0.20760172512722175	0.03611049791835026	0.3655467635830472	0.3655768261199015	164	0	1.0635255562826091	0.0293989003448104	0.0006669224769522522	0.3655467635830472	5.204170427930421e-18			0	1	1	1	0	0.8631578947368421	0	1	draw317	True
-0.22983451911373765	-6.354677212307623	6.844540455528754	0.006450779624269391	1.7926891516825096	1.7929393373197344	224	0	6.665488625330045	4.483858969086287	0.0019652768515661914	1.7888333670769816	6.661338147750939e-16			0	1	1	1	0	0.8818897637795275	0	1	draw322	True
-6.896614584486611	-6.973994175370812	0.37801709862589467	0.13881202383993332	0.3158861736657046	0.3158868452877843	140	0	0.045324031632157286	0.0006242089849727463	0.006363860972599853	0.31351638402132026	1.6263032587282567e-19			0	1	1	1	0	0.8433734939759037	0	1	draw323	True
-2.5656555765889344	-2.6539469197889307	1.7013080698511955	0.008161781358750116	0.4989040098388569	0.4989621538050033	199	0	0.23352377330056692	0.006204097483515681	1.35610555770493	0.2307877720657777	6.917209860457518e-16			0	1	1	1	0	0.9170506912442397	0	1	draw324	True
-0.7448050410035895	-3.1226070365586525	2.204633111798769	0.09993553437070254	1.4755499519404915	1.4760075451204486	167	0	1.7006228453367753	0.049074564402670315	0.01750655285053141	1.4755499519404915	2.5804011705155006e-17			0	1	1	1	0	0.8652849740932642	0	1	draw325	True
-0.6882193251180456	-1.1303610666552906	0.19571251993338776	0.05103141643279046	0.41401398429554676	0.4140424574967079	158	0	0.49013494238670985	0.009982359498645801	0.0014565614053317839	0.41401398429554676	1.5178830414797062e-18			0	1	1	1	0	0.8540540540540541	0	1	draw326	True
-0.47043038773291923	-0.47043038773291923	9.116117031631279e-05	0.00181972254443775	0.006811997221878796	0.0018183751734162515	73	0	0.012684378037186313	0.36035425159642653	9.116117031631279e-05	0.00181972254443775	4.336808689942018e-18			0	0	0	0	0	0.3146551724137931	0	1	draw327	True
-0.9345208720872639	-0.9951084399724093	0.054660898759259204	0.04633902304287748	0.32287971049776115	0.06040310757900676	131	0	0.1547521229340712	6.364656797388211e-05	0.033898203901746304	0.1433761485701525	8.326672684688674e-17			0	1	0	1	0	0.7616279069767442	0	1	draw330	True
-2.1253523690226204	-4.5628387756326685	1.3675515671735916	0.05650659410794376	2.526531607816847	2.527616198746704	188	0	0.7939115879131087	0.09402069861788745	0.019830586028950718	2.526531607816847	1.9081958235744878e-17			0	1	1	1	0	0.8867924528301887	0	1	draw331	True
-1.069742457647731	-4.386809819215288	4.725116946124829	0.10148941166397828	2.000818601961934	2.000911980291751	177	0	1.7965914188045848	0.1260430806643037	0.014639640548487029	2.000818601961934	1.0317877737094083e-16			0	1	1	1	0	0.8805970149253731	0	1	draw333	True
-0.8107145282979992	-0.8330063632472469	0.014325329034163762	0.00044562620783781577	0.03048880576925549	0.030490190115144183	213	0	0.03590974269029888	0.007364642837576999	0.0013484378053152993	0.02912434572657846	6.776263578034403e-20			0	1	1	1	0	0.891213389121339	0	1	draw335	True
-1.309591050632078	-1.7616260270215953	0.4814914833812777	0.2327790353468252	0.7085739383620708	0.7085784569209284	142	0	0.5093137398337939	0.004971166071095868	0.0005335812499895204	0.7085739383620708	1.3010426069826053e-18			0	1	1	1	0	0.8402366863905325	0	1	draw341	True
-1.2630886762281124	-2.521742749321457	0.9455392975257908	0.005000416058328189	0.28672079531761097	0.28698544331954345	193	0	0.8898160863493031	0.17278793130667733	0.025491108899917635	0.28672079531761097	1.4021444595668786e-16			0	1	1	1	0	0.7845528455284553	0	1	draw346	True
-0.9619322341845568	-1.6747061811730202	0.3666444948234524	0.3486826368561219	1.4266823315854589	1.426808767479925	148	0	1.077512211030162	0.030304157649868872	0.006870171894074064	1.4266823315854589	7.535205098774256e-18			0	1	1	1	0	0.8604651162790697	0	1	draw348	True
-6.044147293198902	-8.097350444644407	0.27759981540280326	0.06468334149663471	3.313526219590836	3.3135415054582094	190	0	0.45444539327989275	0.054078485537225135	0.003652838164455043	3.31222150054014	5.421010862427522e-19			0	1	1	1	0	0.8878504672897196	0	1	draw349	True
-0.3147374305255943	-1.3495927054805728	0.44688165572600014	0.006604868918571717	0.4244242036209242	0.42456913733399726	194	0	1.2753679895172891	0.09314803207548374	0.0027191883186445122	0.4244242036209242	1.431146867680866e-17			0	1	1	1	0	0.8899082568807339	0	1	draw352	True
-0.2596992188787117	-1.2785832757250306	0.40842272571740557	0.006667226910417222	1.328115857147117	1.328117666038711	205	0	4.357858649228261	0.2147217792975522	0.00020365480707901159	1.328115857147117	4.163336342344337e-17			0	1	1	1	0	0.8874458874458875	0	1	draw353	True
-0.26922849551165373	-1.0297399653380817	0.075884307846014	0.13945793842410498	0.6858849249503945	0.6860604450963268	159	0	1.1842420354028451	0.16605610144346214	0.0026093417224517007	0.6858849249503945	2.0816681711721685e-17			0	1	1	1	0	0.8457446808510638	0	1	draw355	True
-0.5847350193841008	-1.5536995344884907	0.5523320175305754	0.0036514813200483223	0.9998414275518005	1.000063425412709	210	0	1.9208094032346867	1.5982241490987616	0.004531857235177155	0.9998414275518005	6.661338147750939e-16			0	1	1	1	0	0.8641975308641975	0	1	draw356	True
-1.2624386517641906	-1.2624501148488159	0.3132418222475537	0.0010416164392948086	0.18251310049342154	0.18276523005397505	210	0	0.004150838422245434	1.9857292998037453e-06	0.31303884525826287	0.00141070595672584	2.5934115965853266e-16			0	1	1	1	0	0.8860759493670886	0	1	draw358	True
-0.5520826380378719	-1.0846226240162098	0.12661056295015197	0.3520080067856099	0.8502118382237351	0.8502441465559422	139	0	1.0001569541771331	0.006131355755764132	0.0007325122168816773	0.8502118382237351	6.505213034913027e-19			0	1	1	1	0	0.8475609756097561	0	1	draw360	True
-2.27721823326673	-4.763233448652274	0.46825877688546363	0.01113125463681801	0.3959047605163208	0.39620575241406525	198	0	0.13078996258237627	0.05013022789707378	0.0116547094872896	0.3959047605163208	1.3010426069826053e-18			0	1	1	1	0	0.88	0	1	draw362	True
-0.045340289606812204	-0.09106013087673437	0.001997762552991723	0.0010336040365294858	0.03720098672323926	0.03720098685785824	187	0	0.8939711595025486	0.461327475480682	6.273925989198867e-08	0.03720098672323926	2.6020852139652106e-18			0	1	1	1	0	0.8697674418604651	0	1	draw363	True
-2.1924906866239278	-2.8744867034163066	1.2643774159006935	0.23514894090644	0.6935698589954289	0.6937009423798096	150	0	2.3684566649466205	0.047103387304803485	0.01489338943682119	0.6935698589954289	7.39425881635114e-17			0	1	1	1	0	0.8522727272727273	0	1	draw364	True
-2.3183267716630525	-3.2885759523399916	0.03299349190915984	0.017904597708897164	1.2201492775971705	1.2201645475596647	200	0	0.4540612705074808	1.2024306538577862	0.00010832311939929762	1.2201492775971705	2.6020852139652106e-18			0	1	1	1	0	0.9090909090909091	0	1	draw365	True
-0.557628200812536	-4.576452594137838	3.1583801959044	0.020892919102580336	1.0429494108149049	1.042954132594721	185	0	1.623804090015338	0.06309333875086509	0.0010756099068602281	1.0429494108149049	3.8163916471489756e-17			0	1	1	1	0	0.8894230769230769	0	1	draw368	True
-0.5502569773271986	-0.5502569773271986	3.415245670429293e-06	0.005333590939817549	0.005813282128908151	0.0053335638426850965	29	0	0.010259651679802055	0.02491141763155229	3.415245670429293e-06	0.005333590939817549	1.3010426069826053e-18			0	0	0	0	0	0.17901234567901234	0	1	draw372	True
-0.8598260020098027	-1.170046104761881	0.07261150573448875	0.07435830656509511	0.3297771694594997	0.32977728334753675	153	0	0.3296608865662054	0.01291302814554127	0.0003635328078571149	0.3294637499301981	2.710505431213761e-19			0	1	1	1	0	0.864406779661017	0	1	draw375	True
-4.7096718234309	-4.7096718234309	0.0005203067491222757	0.4116511972730029	0.43490767231766314	0.41164161080533757	18	0	0.9221157684756977	7.255679766878543	0.0005203067491222757	0.4116511972730029	6.106226635438361e-16			0	0	0	0	0	0.10465116279069768	0	1	draw376	True
-0.8768528821530417	-1.2553189838582424	0.38976123274386093	0.026092224170212886	0.5540824667252088	0.5542263387205515	176	0	1.4362462523603163	0.08599043736861929	0.008585493300097075	0.5540824667252088	4.7704895589362195e-17			0	1	1	1	0	0.88	0	1	draw379	True
-0.1443844246013484	-0.9864533238403714	0.02717395591421591	0.03395438292906802	0.5995102850732643	0.5995106883830537	178	0	1.0052869851376767	0.21249830667841832	1.898821369573661e-05	0.5995102850732643	4.336808689942018e-18			0	1	1	1	0	0.8944723618090452	0	1	draw380	True
-0.22590049176356805	-0.3939163794985672	0.004600477825170596	0.006931193950935979	0.18070819402308236	0.18076530999207588	180	0	0.5573106048548601	0.08052481208032089	0.00018432736271167146	0.18070819402308236	4.336808689942018e-19			0	1	1	1	0	0.8910891089108911	0	1	draw386	True
-2.8393893739277143	-2.844874018780617	1.9724105486423957	0.007748409000314512	1.4735682455200816	1.4735756000228406	200	0	0.010000000000000116	7.201836511290327e-06	1.9642039718463398	0.01646258550361596	1.5543122344752192e-15			1	1	1	1	0	1.0	0	1	draw387	True
-2.5858128512444627	-3.2761044419008805	0.749620405324699	0.10601232224778312	0.6640311827589077	0.6640591089692456	158	0	0.23426880110238926	0.02257898064975998	0.002310090670760455	0.6640311827589077	2.6020852139652106e-18			0	1	1	1	0	0.8633879781420765	0	1	draw390	True
-0.3368886097600039	-5.019182841847739	5.753248107824939	0.3041546167098938	1.5358340518139741	1.5358549854521968	152	0	1.2883804705331703	0.00970810356452435	0.005262597978325713	1.5358340518139741	1.5697214578516694e-17			0	1	1	1	0	0.8587570621468926	0	1	draw393	True
-3.0699867324452046	-3.0699867324452046	0.0013940712682925089	0.28634603697255473	0.30211210321062615	0.28625995882895033	18	0	0.5541045733932375	4.396762895832087	0.0013940712682925089	0.28634603697255473	4.996003610813204e-16			0	0	0	0	0	0.09326424870466321	0	1	draw398	True
-0.2113240838638725	-0.776078433808008	0.1414886969068553	0.043459857497414614	0.35275152825442485	0.3527515491344079	161	0	0.9891563385408788	0.01654234007472647	1.3781613929987179e-05	0.35275152825442485	2.6020852139652106e-18			0	1	1	1	0	0.8702702702702703	0	1	draw401	True
-0.5755089776450417	-1.0515431041993502	0.07500162257480555	0.07290470851512337	0.6078384912739198	0.6079650138186915	162	0	0.6826842270101036	0.13035014274278098	0.006402350865951075	0.6051242816152538	1.474514954580286e-17			0	1	1	1	0	0.8709677419354839	0	1	draw404	True
-0.6899517634010313	-1.4201210180364068	0.25848679961648796	0.004837824651249082	0.6922526549243632	0.6929266419217229	208	0	1.0141297902595	0.1722123838965256	0.00961395318026073	0.6922526549243632	1.734723475976807e-17			0	1	1	1	0	0.8739495798319328	0	1	draw410	True
-2.0563115189397387	-2.6846231575013157	0.4715654398055368	0.012953157035171626	2.914588900080691	2.9148747946791373	203	0	1.0179073875682387	0.06214138728815797	0.01258726564215503	2.914588900080691	3.903127820947816e-18			0	1	1	1	0	0.8942731277533039	0	1	draw412	True
-2.523233252558551	-5.7078501032898	6.750466423802488	0.15180641301000694	2.0093643843413864	2.0096334628824732	167	0	0.5672107270384111	0.027314761961195196	0.08797620887844763	2.0093643843413864	4.163336342344337e-17			0	1	1	1	0	0.8652849740932642	0	1	draw413	True
-0.6816735964846914	-1.1024904982650356	0.18436003494990139	0.0027612949532124544	0.5668787919962376	0.5670845659266033	209	0	0.7575185964136573	0.14582533050629726	0.007180211826112822	0.5668787919962376	1.9081958235744878e-17			0	1	1	1	0	0.8636363636363636	0	1	draw414	True
-0.44286494314074104	-1.2390431864630773	0.26014437807656426	0.0932303570651137	0.4273488967917064	0.4273489065882827	155	0	0.575826980822657	0.031133082639555137	1.2209347745803612e-05	0.4273488967917064	2.168404344971009e-18			0	1	1	1	0	0.8659217877094972	0	1	draw417	True
-0.2031430329922748	-0.2110746915668056	0.00207570016708832	0.00013795759083471817	0.014660443381959294	0.014660503423521919	217	0	0.0633302761499553	0.02385684861503633	0.0004667792660175846	0.012724490865083427	2.168404344971009e-19			0	1	1	1	0	0.889344262295082	0	1	draw418	True
-0.8319677119174642	-4.301451026433338	3.2209246505557636	0.15273277062390894	1.294109606833605	1.2941406278392003	169	0	2.9154420190089634	0.24750503450119185	0.0032517896887285127	1.294109606833605	1.942890293094024e-16			0	1	1	1	0	0.8894736842105263	0	1	draw421	True
-1.2762489019757768	-2.5020216632152206	1.5432258403578027	0.27561339278041624	1.262432929723192	1.262514614970194	154	0	1.2523774147787317	0.07085096118610484	0.015472616391319067	1.262432929723192	7.486416001012408e-17			0	1	1	1	0	0.8700564971751412	0	1	draw422	True
-0.16366945140452102	-0.4733763909979872	0.0405446923020806	0.016258186658200426	0.4351530914981705	0.4352113355515894	181	0	1.892083995894664	0.2932312226178751	0.00019593480703130876	0.4351530914981705	1.1275702593849246e-17			0	1	1	1	0	0.8960396039603961	0	1	draw424	True
-0.2233682242692924	-0.5630197762760148	0.02683324813113812	0.0038462815568924428	0.38019568317833935	0.3801956903880933	198	0	0.9193807598341085	0.1000444397920008	4.36381995797806e-06	0.38019568317833935	4.336808689942018e-18			0	1	1	1	0	0.9041095890410958	0	1	draw429	True
-0.2185023621501801	-1.2445634190162995	0.023722637133845738	0.006551333516337221	0.6508726967908217	0.651282500693456	207	0	1.5228375267983676	0.18736053328023752	0.00022138145986446412	0.6508726967908217	1.3823577699190182e-18			0	1	1	1	0	0.8961038961038961	0	1	draw431	True
-1.0163395282210659	-1.5010806485933958	0.3162869893338534	0.07044698690672098	0.6823691742951138	0.682567589680718	166	0	0.6052213459830554	0.19019651897748638	0.03687888572575224	0.668524851523898	5.551115123125783e-17			0	1	1	1	0	0.8691099476439791	0	1	draw433	True
-1.101789067071234	-1.2188483884574903	0.3521366339099911	0.005383999002642679	0.36722457026218713	0.3672263313347524	192	0	0.6599600575824268	0.04856427540580068	0.18469662607151555	0.32693366787815015	1.0603497246908233e-16			0	1	1	1	0	0.9056603773584906	0	1	draw435	True
-0.5697564718823307	-3.7659514782877253	3.534790997505991	1.2213979514159612	2.3879679769018853	2.387975873277356	148	0	2.175595282614946	0.11477280956792348	0.001114280036417915	2.3879679769018853	6.938893903907228e-17			0	1	1	1	0	0.8757396449704142	0	1	draw438	True
-0.11192393642440998	-0.8614841876255485	0.1525352392443002	0.0914196962290994	0.3530377175709903	0.35304537553812726	146	0	1.7489355073034372	0.015425054611803891	0.00026543220153674776	0.3530377175709903	2.812149384884277e-18			0	1	1	1	0	0.8588235294117647	0	1	draw439	True
-0.5453934454908954	-0.5712114813488796	0.014333472171529667	0.003544640967407939	0.005473185518348516	0.005473202213845803	130	0	0.009946365829175486	0.00011043107489072649	0.0004350955139511471	0.005424668471328778	1.2705494208814505e-20			0	1	1	1	0	0.8074534161490683	0	1	draw441	True
-0.4838866672167965	-1.552581112135897	0.5215828851419805	0.08079548578826164	1.276174912115184	1.2761770568065773	173	0	1.5775532310859761	0.25270922647813066	0.05616359021407208	0.6189348307588188	3.885780586188048e-16			0	1	1	1	0	0.8398058252427184	0	1	draw443	True
-1.8286813299037576	-1.8286813299037576	0.7427546697346018	0.009712363868593702	1.2863193700247728	1.2863431636767577	196	0	0.007984210338822519	9.997188894580472e-07	0.7427546697346018	0.009712363868593702	3.469446951953614e-17			0	1	1	1	0	0.8949771689497716	0	1	draw446	True
-0.7315599050921773	-1.2558174334701804	0.2816319358117781	0.23671578988068626	0.7989274474513615	0.7989538958757666	144	0	0.8667292018006899	0.0034562505177063545	0.0009618215068714852	0.7989274474513615	1.105377996166862e-18			0	1	1	1	0	0.8571428571428571	0	1	draw447	True
-0.7322622297906534	-0.7390971494100218	0.004530332844765437	0.001543492805757543	0.030994919864937163	0.030995134052562993	187	0	0.04048007098602663	0.0034205694110995954	0.00030784746792520865	0.02964439566553976	2.0328790734103208e-20			0	1	1	1	0	0.8862559241706162	0	1	draw448	True
-0.8967562946012608	-1.1100953718309605	0.16642790988688094	0.0416084270089052	0.30061899955206245	0.3006294131148912	160	0	0.3253189586235209	0.015609861440962746	0.00834163879861573	0.2961921730866543	4.228388472693467e-18			0	1	1	1	0	0.8743169398907104	0	1	draw450	True
-3.330210122829333	-3.5558086822463033	0.27382554693912237	0.0017148246964136134	0.6982738969226545	0.698634157316624	230	0	0.20567569888554638	0.15519622099445174	0.010306036491902664	0.6982738969226545	5.204170427930421e-18			0	1	1	1	0	0.8778625954198473	0	1	draw451	True
-0.06792091344587092	-1.0419440225361654	0.21218670287750205	0.5982926585441549	0.8902290160643835	0.8902329814550973	141	0	1.4403362905322923	0.123600274261622	0.0001418167718128534	0.8902290160643835	1.0408340855860843e-17			0	1	1	1	0	0.8493975903614458	0	1	draw452	True
-1.1803156593944686	-7.865694032410854	7.602515513299687	1.5939363855102606	3.9742611079847743	3.9742931776341224	162	0	2.7007852553424048	0.12614370851345375	0.0025670424733422775	3.9742611079847743	6.657001339060997e-17			0	1	1	1	0	0.8709677419354839	0	1	draw453	True
-0.9431384309290044	-0.9604667681981203	0.012259696452618766	0.004272552723792823	0.03262585975333972	0.032625909577255176	168	0	0.033676111456255986	0.0014851589669282385	0.0004479881728658476	0.03184921731379556	8.131516293641283e-20			0	1	1	1	0	0.8704663212435233	0	1	draw454	True
-0.838129851103167	-6.662202987088217	1.0141723433856058	0.008240115281516166	0.3985867517285662	0.39862248372212794	186	0	6.046580417136162	0.06787054233600763	0.0028090947441435405	0.3985867517285662	1.3704315460216776e-16			0	1	1	1	0	0.8857142857142857	0	1	draw455	True
-0.49354149388803015	-0.988931764030475	0.04879987499855693	0.0484809489147483	0.6712235726750668	0.6713015570203522	170	0	0.8682138852547511	0.07795156509799034	0.00041883331282139614	0.6712235726750668	1.951563910473908e-18			0	1	1	1	0	0.8808290155440415	0	1	draw457	True
-0.955661519837444	-1.39528176076177	0.11916998011001048	0.014714452472046117	0.38478397926879926	0.3848170896331878	180	0	0.32275769943163896	0.02728072517881486	0.0005919620534470501	0.38478397926879926	9.75781955236954e-19			0	1	1	1	0	0.8780487804878049	0	1	draw458	True
-0.7165758676879543	-1.0053475466543194	0.1560585395977931	0.06481302792805112	0.5674491076921848	0.5674499401270817	168	0	0.6927626068107477	0.09051403689039819	0.04597105480834242	0.49000427666481017	9.6710833785707e-17			0	1	1	1	0	0.9081081081081082	0	1	draw460	True
-0.20478196496496087	-7.120582839356524	7.9899372316270725	0.8520129327635539	5.903608162865009	5.9038730286725585	171	0	3.346865727840214	0.3998050789621907	0.0005493024508438648	5.903608162865009	1.734723475976807e-17			0	1	1	1	0	0.8814432989690721	0	1	draw464	True
-0.3233598478001247	-0.5252653377774936	0.05357043118138421	0.0011834522808577116	0.057982400390580904	0.05798243014410746	197	0	0.1718233364799477	0.030994425259962682	0.003909573039715655	0.05698392722696501	4.607859233063394e-18			0	1	1	1	0	0.8834080717488789	0	1	draw465	True
-0.7753791106527917	-6.231757093415016	0.3045263994019587	0.034129459675236465	4.155462397034485	4.15601246158003	204	0	1.184285907110489	0.15909176780230286	0.004059265976396427	4.155462397034485	4.553649124439119e-18			0	1	1	1	0	0.8947368421052632	0	1	draw468	True
-2.942459610154138	-3.4227378146833267	0.008065745926379916	0.0003420168807911521	0.10188297960607118	0.1019561614163539	229	0	0.03525493544463602	1.8289143662620941	0.00019912081244426475	0.10188297960607118	1.5178830414797062e-18			1	0	1	1	0	0.9233870967741935	0	1	draw469	True
-5.486165526561452	-62.85033330424569	0.01598261554186598	0.018482501079809144	0.07280995332216732	0.018479458961239727	99	0	0.10747159558769502	9.504800617338909e-06	2.987758809438552	0.07280995332216732	1.0824674490095276e-15			0	1	0	0	0	0.7071428571428572	0	1	draw473	True
-0.5810266648835812	-1.4827148891675852	0.45372307254481903	0.0373144822551823	0.5282284807314509	0.5282614139346503	173	0	2.6299162489638173	0.03869164029936913	0.0016152778044476147	0.5282284807314509	1.610040226140974e-17			0	1	1	1	0	0.8781725888324873	0	1	draw474	True
-0.5467144353330959	-0.5467144353330959	0.0019109315275679239	0.3801337703752856	0.5642143314735917	0.37987571559088823	21	0	0.5263017335265134	1.4692249396894794	0.0019109315275679239	0.3801337703752856	1.6653345369377348e-16			0	0	0	0	0	0.11351351351351352	0	1	draw475	True
-0.49516067437495376	-4.155380843717103	4.316744531529958	0.5279541861629123	1.3347312555760387	1.3347379281191971	150	0	1.0142160861345495	0.020081059301416272	0.008677894461845956	1.3332536733093008	2.0816681711721685e-17			0	1	1	1	0	0.8670520231213873	0	1	draw476	True
-1.7341574942915972	-1.9589647088769084	0.10502115064335683	0.004218346741340241	0.6635416595763404	0.6637105303309649	208	0	0.3595025403691527	0.09384552550738001	0.0010910357745198846	0.6635416595763404	2.168404344971009e-18			0	1	1	1	0	0.896551724137931	0	1	draw478	True
-0.6025631354232766	-0.8086231477051111	0.10393283839999325	0.01296126536919031	0.4174020880693865	0.41740244524612785	178	0	0.6475458690951045	0.020218623715901263	5.939929361656465e-05	0.4174020880693865	1.734723475976807e-18			0	1	1	1	0	0.8811881188118812	0	1	draw484	True
-4.992263946706459	-4.992263946706459	1.5155526085772484	0.08907266846626985	0.41819022504034525	0.418191052539224	148	0	0.38595676244692795	9.683400214841985e-07	1.5155526085772484	0.08907266846626985	2.0339632755828063e-16			0	1	1	1	0	0.8654970760233918	0	1	draw487	True
-0.36242287529329564	-0.38415154719249606	0.02550464244417696	0.9609120262512862	1.0924660804111157	1.092505157947491	37	0	3.273567567968189	5.13033256554587	0.009628697760157111	1.0257100523687657	4.440892098500626e-16			0	0	1	0	1	0.16299559471365638	0	1	draw488	True
-0.17911838110244382	-0.19534320046623058	0.002937564067864156	0.0004080975930978865	0.023727753984620816	0.0237568245934804	202	0	0.14372042366451904	0.15224304527728863	0.0003545143197610871	0.023489543830951285	7.589415207398531e-19			0	1	1	1	0	0.7984189723320159	0	1	draw490	True
-0.4849246906731896	-0.9097910086493319	0.04890011198605118	0.04943501448531777	0.5388994547778531	0.5389799217456648	168	0	0.7870070585734734	0.14312971292065993	0.0011817526545624343	0.5388994547778531	1.0408340855860843e-17			0	1	1	1	0	0.8615384615384616	0	1	draw492	True
-0.7403458781290363	-1.3701575610325154	0.46863728485579953	0.05517095568397284	1.0651388502248562	1.0652265294226024	179	0	3.119342858099378	1.388300154102528	0.003301241153664664	1.0651388502248562	2.7755575615628914e-16			0	1	1	1	0	0.8905472636815921	0	1	draw493	True
-0.5591899183817921	-1.9761696533976028	0.23419884191073814	0.004650453218411726	0.7584567944364526	0.7584712949207734	214	0	0.880601033274549	0.11308389275884846	0.00048143608249492237	0.7584567944364526	2.6020852139652106e-18			0	1	1	1	0	0.8991596638655462	0	1	draw494	True
-0.27324600771592983	-0.5033572345336566	0.05052651513660528	0.00048796245158595704	0.07243288076349537	0.07243394029830191	211	0	0.3750193948920787	0.16622786646607102	0.012908162224493796	0.06763777580094645	2.7755575615628914e-17			0	1	1	1	0	0.7700729927007299	0	1	draw501	True
-2.224984663031901	-2.478569885301449	0.03556512237729606	0.010914692190962106	1.2518319804192848	1.2521719790189219	203	0	0.523496120141549	0.3637306140808923	0.0004666027939994943	1.2518319804192848	2.168404344971009e-18			0	1	1	1	0	0.9022222222222223	0	1	draw504	True
-0.35933166708837844	-0.5412221717634318	0.04042068208032859	0.021208395270292734	0.3312356679343816	0.3312365941649308	175	0	0.8065948033649095	0.21617480909105521	0.008581866205587211	0.30614636152091607	2.0816681711721685e-17			0	1	1	1	0	0.8974358974358975	0	1	draw507	True
-0.6472959638640847	-0.6988706028530113	0.03468073288327372	0.005152123460555182	0.06441532848702813	0.06441554224895943	172	0	0.09805312141995162	0.0037144115174622626	0.0013303533890686053	0.06336780878932187	2.168404344971009e-19			0	1	1	1	0	0.8686868686868687	0	1	draw508	True
-0.32904874147425817	-0.342416701062322	0.027098212990084636	0.002845344021540031	0.05900893943030355	0.059066601442534616	181	0	0.1274618984422778	0.0031527524080173803	0.024620833205849384	0.026492900697632243	1.3877787807814457e-17			0	1	1	1	0	0.8872549019607843	0	1	draw509	True
-0.7208792449306464	-0.7416098721073999	0.10898279567245293	0.0009356890952744899	0.16726561990993777	0.16726641378506518	214	0	0.176302117544105	0.031190276579025643	0.08875514187542081	0.09175770963603007	3.469446951953614e-17			0	1	1	1	0	0.7456445993031359	0	1	draw513	True
-0.32360830247741534	-3.3687355387813165	2.3502528894049926	0.38687432325096077	1.4259626314921845	1.42619842486081	166	0	3.311362556300686	1.0554671239690538	0.01600232808540253	1.2110661135271326	4.440892098500626e-16			0	1	1	1	0	0.8512820512820513	0	1	draw515	True
-1.9183397295804936	-1.9183397295804936	0.15158326123517127	0.05813178894906103	0.1298736001428423	0.12987484836612984	154	0	0.505510734244982	9.67166759526534e-07	0.15158326123517127	0.05813178894906103	1.5341460740669888e-16			0	1	1	1	0	0.8651685393258427	0	1	draw518	True
-0.9283425837978507	-1.2310582542733297	0.08645215241308084	0.0070927396084986315	0.8541613024785336	0.8543909593774904	199	0	0.7704834628772519	0.08138522385340129	0.0035362457101642685	0.8541613024785336	1.1850837965034916e-17			0	1	1	1	0	0.8766519823788547	0	1	draw521	True
-4.088942163775405	-7.404155857577383	7.90026213359996	0.016902447203579016	1.7864983661280174	1.786614540986769	196	0	1.5441218103836125	0.2561209331335519	0.05065397892318591	1.7864983661280174	4.85722573273506e-16			0	1	1	1	0	0.9032258064516129	0	1	draw525	True
-1.1466781791309746	-1.3981450842825809	0.4886335553985273	0.04029128089231216	1.0001478979348413	1.0002022027866972	181	0	0.5016126357091245	0.014401021392159893	0.31713079811894057	0.2810000015554783	5.551115123125783e-16			0	1	1	1	0	0.8457943925233645	0	1	draw526	True
-2.0764311301306657	-2.0764311301306657	0.48538797872869865	0.0015391716763606795	0.14115470721616172	0.14115564670722333	202	0	0.005727964411817159	9.991490229344534e-07	0.48538797872869865	0.0015391716763606795	2.0635755474188167e-16			0	1	1	1	0	0.9017857142857143	0	1	draw528	True
-1.7700895218877948	-1.7700895218877948	0.19973870815346378	0.00016442196668693904	0.28433128735605545	0.28433380660361746	249	0	0.00010000000000000003	2.4547175482416404e-06	0.19973870815346378	0.00016442196668693904	3.209238430557093e-17			1	0	1	1	0	0.8645833333333334	0	1	draw530	True
-2.6930045212460483	-5.181005411574646	5.967504815728938	0.015800318891143538	1.156654805344719	1.1567877242592237	194	0	0.7921175307178622	0.07003387841388732	0.08231760109146312	1.156654805344719	1.6653345369377348e-16			0	1	1	1	0	0.8899082568807339	0	1	draw531	True
-0.8431485495486315	-1.068131567614734	0.09169739319640463	0.02435014843845648	0.577782901613768	0.5779588529152819	175	0	0.6273084291580913	0.043512290644106395	0.0026645217712071086	0.577782901613768	3.1069168505287736e-18			0	1	1	1	0	0.8578431372549019	0	1	draw532	True
-0.03593928874535725	-0.035951737949000265	2.259009765568703e-06	6.64876462636314e-05	0.03213049190044915	0.033432066419548656	158	0	0.001853662555305189	2.182341184450194e-06	1.6233179237924907e-06	6.659071385929273e-05	3.122502256758253e-17			0	1	1	1	0	1.0	0	1	draw535	True
-0.7381675644504001	-0.7676913334989465	0.14168914795928897	0.00017620675295975866	0.21180204917012063	0.21228671256025683	240	0	0.6260472012826999	0.3889761636368323	0.008398507284903305	0.21180204917012063	2.7755575615628914e-17			0	1	1	1	0	0.8888888888888888	0	1	draw537	True
-0.35731174075107414	-0.6738112335313078	0.06456818403408193	0.014811466547601045	0.4308943081828092	0.43089453611509926	184	0	1.1828792878912235	0.46674360382742963	4.18573261116159e-05	0.4308943081828092	2.0816681711721685e-17			0	1	1	1	0	0.9019607843137255	0	1	draw538	True
-0.3020340540564198	-1.1034621341057762	0.21763217189873868	0.03615694120827464	0.12691883078740773	0.12693655522448052	156	0	0.2539336598504555	0.015370635647430018	0.001335141587252116	0.12691883078740773	6.505213034913027e-19			0	1	1	1	0	0.8571428571428571	0	1	draw539	True
-0.3188576010619087	-0.33110658854775055	0.0035487457655171617	0.003859234057585391	0.006480242118759583	0.006480249334885661	132	0	0.02011698968826095	0.00017795667764377513	5.84492065628234e-05	0.006447329050034649	1.3552527156068805e-20			0	1	1	1	0	0.8098159509202454	0	1	draw544	True
-0.8833673779457553	-1.0455362306927833	0.12070500627551539	0.18812382545747652	0.3235837002963237	0.3235877942795634	130	0	0.35357639809318103	0.001980803269900706	0.00013152412373629727	0.3235837002963237	1.2538734597323815e-19			0	1	1	1	0	0.8176100628930818	0	1	draw545	True
-0.29979714445229405	-1.6073981705151086	0.5550217649120972	0.026365619128894045	0.5440030148796239	0.5440779778226951	177	0	1.7667357164163036	0.16943159745253278	0.002216537289550796	0.5440030148796239	6.245004513516506e-17			0	1	1	1	0	0.8805970149253731	0	1	draw546	True
-1.1983567772388226	-1.231604861654689	0.2358656326290726	0.0020403863263884353	0.7183132185257999	0.7183132458767306	219	0	0.31214441156007267	0.01188729265672816	0.1922186256992587	0.3082551288849185	2.553296116203363e-16			0	1	1	1	0	0.9201680672268907	0	1	draw548	True
2.915373199330049	-5.203285229378689	1.8094381207262558	0.005253808548391406	2.090979745666602	2.0910031412844186	215	21	1.8460587261610844	0.5427961424677785	0.7259010122141031	2.043987499023117	1.9984014443252818e-15	1.699150107655882	2.467408808506439	0	1	1	1	0	0.7962962962962963	0	1	draw549	True
-0.11581507592716907	-0.1279960618358445	0.0014206105360055005	0.0012651709787794212	0.0657686406812705	0.06577366574717272	190	0	0.5709716357459822	0.1417600938042077	0.00025735616212793253	0.06438240059376842	2.7647155398380363e-18			0	1	1	1	0	0.892018779342723	0	1	draw552	True
-0.1153286843115422	-0.5744264446715345	0.011086265552639474	0.02870697960860254	0.19994927416790373	0.2000129143838535	168	0	0.704140322438309	0.18415506132866602	9.373002565184404e-05	0.19994927416790373	1.5178830414797062e-18			0	1	1	1	0	0.8615384615384616	0	1	draw555	True
-0.24135126361228446	-0.3188544401368596	0.021049995244744758	0.005638215156244765	0.16010300061637728	0.1601031187588792	177	0	0.6788000841208924	0.059389888380801746	2.362256252596961e-05	0.16010300061637728	5.204170427930421e-18			0	1	1	1	0	0.8762376237623762	0	1	draw557	True
-0.25196125488312454	-2.866176603395082	2.036504972493221	0.025943612950915948	1.072895916620006	1.0729466998682968	196	0	3.2401535890037922	0.27437940964486296	0.0006113339593953486	1.072895916620006	3.469446951953614e-17			0	1	1	1	0	0.8990825688073395	0	1	draw558	True
-0.9893155081817628	-1.7614214502175527	0.4793972147637033	0.0033947623959559334	0.7815542335782519	0.7816902258851341	201	0	1.53544612220288	1.3453272872621191	0.017167324537195293	0.7780914285874145	4.440892098500626e-16			0	1	1	1	0	0.9136363636363637	0	1	draw568	True
-0.519729837698889	-1.033256537360208	0.049990963880202105	0.005315741461255334	1.16929676025129	1.1697654992661475	210	0	1.716869478125801	1.9361483642981971	0.0004906172799546173	1.16929676025129	2.7755575615628914e-17			0	1	1	1	0	0.9090909090909091	0	1	draw569	True
-1.9101780688795345	-1.9101780688795345	0.4717395395881868	0.5188534868597665	1.0543947079956981	1.0544017192695367	132	0	0.3631248097120201	9.986763475864006e-07	0.4717395395881868	0.5188534868597665	1.1858461261560205e-18			0	1	1	1	0	0.8354430379746836	0	1	draw571	True
-5.516245294014451	-8.036422630812154	10.258135554112997	0.013618523312171222	3.469262479397447	3.4702818323117026	215	0	0.6486008209262489	0.28531163610318155	0.2934703014818382	3.469262479397447	1.6653345369377348e-16			0	1	1	1	0	0.9033613445378151	0	1	draw573	True
-0.5794339090177983	-2.1808936437338975	1.1378861430364213	0.7504334547372478	1.001846411211664	1.0018472304878285	126	0	1.1179749746338972	0.0020922349349687852	0.0004172773865821683	1.001846411211664	1.734723475976807e-18			0	1	1	1	0	0.8129032258064516	0	1	draw577	True
-0.06684821108983306	-0.5740880575973392	0.047344014651824105	0.08912994973291022	0.4752476034158411	0.4752595228703171	156	0	1.544649453828874	0.023674236332992024	7.462942405539427e-05	0.4752476034158411	1.1926223897340549e-18			0	1	1	1	0	0.8666666666666667	0	1	draw579	True
-7.754208820990241	-9.66071102555262	4.7818168498656455	0.08699595280247263	2.90610664797498	2.9061116842745007	183	0	0.33777417157196454	0.01800372089246721	0.02097461272990812	2.9057828795107157	1.3010426069826053e-18			0	1	1	1	0	0.8840579710144928	0	1	draw580	True
-0.8668939331265897	-2.7005019553492664	1.6119259279356155	0.045579875452961334	0.5577026599969689	0.5578424315913517	174	0	1.036499042323871	0.08375860877956322	0.05408670152370956	0.5477540492372489	1.3357370765021415e-16			0	1	1	1	0	0.87	0	1	draw582	True
-0.8246721850706382	-4.047084712471847	2.421404900910523	0.04092229577097502	0.8203091534218503	0.8204453449172455	180	0	2.6767705703686766	0.16222354802072617	0.004497653038036596	0.8203091534218503	2.3201926491189795e-17			0	1	1	1	0	0.8910891089108911	0	1	draw583	True
-2.376110802457053	-6.582616981880904	0.0962435117572802	0.10081164363430697	1.2628158478857732	1.2628163806138244	174	0	0.2555331245270941	0.05502929108787624	0.0001002827422599151	1.2628158478857732	4.2012834183813297e-19			0	1	1	1	0	0.883248730964467	0	1	draw584	True
-0.5802806995522218	-6.539940475911444	5.8099721483900835	0.4602091381840891	1.1363911938087683	1.1364130565722848	142	0	1.3837507033904288	0.008374863042358988	0.008906001358606724	1.1363911938087683	3.8272336688738307e-17			0	1	1	1	0	0.8452380952380952	0	1	draw588	True
-0.5452003889265723	-0.796938801811754	0.15508812672566624	0.008801004850054656	0.10488519335618204	0.10488789996748318	172	0	0.20975217340354066	0.02724117215085345	0.03608257019413452	0.08873290585882043	3.5561831257524545e-17			0	1	1	1	0	0.86	0	1	draw589	True
-0.7437058348509398	-2.5117428159669206	1.0377871375615006	0.004265730967390032	1.3973834270679175	1.3980017636493007	218	0	1.2934485825226736	0.3135432826144092	0.014045922530207079	1.3973834270679175	5.865533753146579e-17			0	1	1	1	0	0.8685258964143426	0	1	draw590	True
-0.14601175202446848	-0.6151334153364241	0.09365847742450452	0.008102139174866779	0.08790326802435058	0.08790872446220911	169	0	0.4594227316520705	0.0250606380286412	0.00024881086930420194	0.08790326802435058	3.2526065174565133e-18			0	1	1	1	0	0.8756476683937824	0	1	draw592	True
0.21265309036145227	-1.6587187528706497	0.33668419159080865	0.006153591680957897	0.5302041928842653	0.5302043884875546	196	5	3.7175122341860494	0.4708528190091113	9.123681181475627e-05	0.5302041928842653	1.3877787807814457e-16	0.5248749238281987	0.014988053395637095	0	1	1	1	0	0.8340425531914893	0	1	draw594	True
-0.7250346227766883	-1.2624826336132116	0.21733399441296183	0.11366101198834958	0.8773377494563609	0.8773562025938378	156	0	0.8889812781826436	0.007307907093289535	0.0007617034531521265	0.8773377494563609	1.4094628242311558e-18			0	1	1	1	0	0.861878453038674	0	1	draw595	True
-0.5204975626913219	-0.9716524981055845	0.03490717116520848	0.015930830173387697	0.6823317869730894	0.6823678759438593	187	0	0.857121666341034	0.26924202972764866	0.00024471320485405145	0.6815575954822501	4.662069341687669e-18			0	1	1	1	0	0.9033816425120773	0	1	draw596	True
-0.3977847630278454	-2.9074589229523413	2.112983420031938	0.016025709011367944	0.8339572767302516	0.8339827366999838	195	0	1.4137499515555965	0.0374536211045349	0.0021404274925062583	0.8339572767302516	1.338989683019598e-17			0	1	1	1	0	0.8944954128440367	0	1	draw597	True
-0.655341265487242	-0.8608758026423792	0.17926475328564942	0.01411368987739079	0.08397715096528269	0.015365822340919037	160	0	0.12637370723677716	0.0002478300635783092	0.08301754014260425	0.06295619883772659	3.122502256758253e-16			0	1	0	1	0	0.8040201005025126	0	1	draw598	True
-0.11508436419987168	-0.2092358042614666	0.005418193092812334	0.02331520476471946	0.16460718175072336	0.16461665462595262	163	0	1.3699746392587278	0.1229044143275617	7.066708548565015e-05	0.16460718175072336	2.710505431213761e-18			0	1	1	1	0	0.8810810810810811	0	1	draw603	True
-2.357218003762403	-5.144454211700943	0.139868799080066	0.08354210318516707	3.748516738883263	3.748705149234049	187	0	0.8659349272296324	0.13042901400383494	0.0012093118927266086	3.748516738883263	2.6020852139652106e-18			0	1	1	1	0	0.9033816425120773	0	1	draw605	True
-0.84921387070314	-1.0275720347129524	0.09036864851429101	0.07756552234185969	0.3113071828110721	0.31131562781267347	146	0	0.3441603773131781	0.005709152520825073	0.00025042328997857555	0.3113071828110721	4.0170537523535194e-19			0	1	1	1	0	0.8439306358381503	0	1	draw606	True
-0.3244681919993982	-2.311774047625576	1.2050899724542665	0.03398795641628518	0.5030586630708769	0.5030587633420643	172	0	0.9381075167607316	0.027125403942504223	0.0025134363388823614	0.5029409917308958	1.0408340855860843e-17			0	1	1	1	0	0.8865979381443299	0	1	draw607	True
-2.1509272947625213	-2.6534011310936005	0.26823538369485456	0.0631158146804999	1.1565823465591827	1.1565984772817626	172	0	0.47881827697470314	0.022043730354039132	0.0005027932573927305	1.1565823465591827	1.5178830414797062e-18			0	1	1	1	0	0.8775510204081632	0	1	draw609	True
-0.1953768712023885	-0.5254773874549623	0.020613780076493386	0.04063108461903952	0.29962087631455825	0.29962882225157755	165	0	0.9631591468388696	0.11035195540374339	0.00016966913357884818	0.29962087631455825	4.336808689942018e-18			0	1	1	1	0	0.8776595744680851	0	1	draw610	True
-0.438116898828801	-1.0272696771179284	0.08246133666188823	0.10829892018046887	0.7686369906722327	0.7688912799436093	169	0	1.9166527392687691	0.8238348252484999	0.002627985447104211	0.7686369906722327	8.326672684688674e-17			0	1	1	1	0	0.8756476683937824	0	1	draw611	True
-0.8682040984842685	-3.7124379180786486	1.2210400126142391	2.6887168686809795	3.231505294772986	3.231524989601982	129	0	0.8994828032952648	0.0048768959580121115	0.0011491610164516056	3.231505294772986	1.2466207401215165e-18			0	1	1	1	0	0.832258064516129	0	1	draw612	True
-0.0706422877050312	-0.07113092443228927	0.0008229835519366894	0.000326725134496416	0.01206808248983019	0.012083017534113494	188	0	0.0336010282401151	0.0003786302731862384	0.0007816657945952436	0.001903390032336035	8.673617379884035e-19			0	1	1	1	0	0.8506787330316742	0	1	draw614	True
-1.0473263870672003	-1.90548970243727	0.3820635298032737	0.017668345495983968	0.49488194974012917	0.49495572071351795	188	0	0.45168728944873954	0.26889227295825296	0.005598167432636721	0.49432500838122023	1.3877787807814457e-17			0	1	1	1	0	0.8909952606635071	0	1	draw618	True
-0.4743341693782416	-0.9985642847425498	0.14232741907369123	0.0430477081714243	0.5093667709582153	0.5093982675479689	165	0	0.741694167868385	0.022945401375876175	0.0007583039663420518	0.5093667709582153	1.3010426069826053e-18			0	1	1	1	0	0.8505154639175257	0	1	draw621	True
-1.3757971654886	-3.157550531057154	1.9894864142619955	0.4248970139091262	1.739873322321794	1.7398745471606232	148	0	0.8546420326799706	0.010212648933090845	0.001110384949424632	1.739873322321794	1.1275702593849246e-17			0	1	1	1	0	0.8554913294797688	0	1	draw626	True
-2.330234019480083	-6.621236990417941	1.2492398403946163	1.8555840449658987	5.433400752968917	5.43363676949517	147	0	1.0142259517917038	0.05320438143002401	0.012768446241016489	5.433400752968917	1.474514954580286e-17			0	1	1	1	0	0.8698224852071006	0	1	draw629	True
-0.8340588614107975	-0.9817035098823286	0.011278766026921254	0.02119153762160509	0.5092922019494049	0.5093251456313895	178	0	0.5536702431708335	0.12462380576309051	0.00025481239930910595	0.5092922019494049	1.9786689647860456e-18			0	1	1	1	0	0.8725490196078431	0	1	draw630	True
-0.6499900690281954	-0.6499900690281954	0.09806450646910422	0.0007995472917173515	0.2364548471033735	0.23683252454048376	208	0	0.0033572179304768783	9.98250547519441e-07	0.09806450646910422	0.0007995472917173515	1.1102230246251565e-16			0	1	1	1	0	0.9162995594713657	0	1	draw632	True
-186.5011040890268	-186.5011040890268	0.0002269327510713834	1.8492083129882537	1.8494333427194747	1.849434859946201	169	0	0.010000022255305422	249.65471974337	0.0002269327510713834	1.8492083129882537	8.881784197001252e-16			1	0	0	0	1	1.0	0	1	draw638	True
0.5157326121663528	-9.354390824849373	7.231012854848316	0.13548453455238932	5.034881442883325	5.035031041153863	206	25	29.539316017497477	3.173387682640627	0.06304584737441986	4.523525454007892	3.552713678800501e-15	3.6982114366887258	0.14115836535775445	0	1	1	1	0	0.8619246861924686	0	1	draw640	True
-3.4968987537123923	-3.5887976631588496	0.31675946435211233	0.0216385070578307	0.07512256515952358	0.0428502227140896	141	0	0.021552784504923747	1.8176911608226294e-05	0.14192172991003232	0.07512256515952358	4.163336342344337e-17			0	1	0	1	0	0.7230769230769231	0	1	draw646	True
0.061019472572332395	-2.0799781173319016	0.38040700556493356	0.008784217070354936	1.7690098270159176	1.7690371699464271	216	13	14.858005057441325	3.1573547469850927	0.006839384612830866	1.70450719321209	6.661338147750939e-16	1.6465204370648763	0.016363306251259712	0	1	1	1	0	0.8605577689243028	0	1	draw648	True
-0.2172574044740643	-1.4679445231673778	0.34593924814916643	0.3527767417028261	1.1302330123450048	1.1302603055003282	145	0	1.2556838822694467	0.014853836619857317	0.0007173020521053009	1.1302330123450048	4.336808689942018e-18			0	1	1	1	0	0.847953216374269	0	1	draw649	True
-0.09633264660222293	-0.11225070038465826	0.002170009803733134	0.0005770068440593659	0.07605218951485426	0.07605624539753195	209	0	0.7000364392210948	0.06866223597851234	0.0016409510960001179	0.04999354063116173	1.8214596497756474e-16			0	1	1	1	0	0.9047619047619048	0	1	draw657	True
-0.9464307317258794	-1.315285980627582	0.41472007688499524	0.00033360724789791317	0.3375253155884648	0.3376045172215809	240	0	1.0123313967057819	0.27102368631157486	0.0048515740531811045	0.3375253155884648	5.2475385148298415e-17			0	1	1	1	0	0.9022556390977443	0	1	draw658	True
-0.6632807151413084	-0.6632807151413084	0.01586893145092707	8.782085920865706e-05	0.07139088899964446	0.07142746165408025	252	0	0.0001375904543504638	9.994171471358452e-07	0.01586893145092707	8.782085920865706e-05	1.0408340855860843e-17			0	1	1	1	0	0.9230769230769231	0	1	draw659	True
-0.4197511612128381	-0.487305673398666	0.0030702430827789094	0.00487379673050897	0.08599922036516311	0.0860007965452306	180	0	0.19814868116569356	0.23227182196458185	1.2204292164954785e-05	0.08599922036516311	8.131516293641283e-19			0	1	1	1	0	0.8780487804878049	0	1	draw660	True
-0.9553424844934343	-1.0690735883749034	0.0659982797181527	0.3137239446262537	0.3773151028774646	0.3773151164072725	121	0	0.3496701682325441	0.00040985947536711237	4.774041789187709e-06	0.3773151028774646	4.0657581468206416e-20			0	1	1	1	0	0.7908496732026143	0	1	draw664	True
-0.3261354624585129	-0.3915883633380259	0.014277741272833456	0.0737747715567551	0.23041028469083555	0.23041028489790197	144	0	0.6654559895080366	0.00753285877265234	0.0001292985586288471	0.23004730816424354	2.574980159653073e-19			0	1	1	1	0	0.8622754491017964	0	1	draw668	True
-4.725021535688233	-6.141414922397985	0.543294995615643	0.0029990382948219866	0.9845772343498574	0.9845823633444104	231	0	0.20001151740796963	0.3065767134891638	0.0022971664189614482	0.9845772343498574	6.938893903907228e-18			0	1	1	1	0	0.9094488188976378	0	1	draw669	True
-0.632096297746726	-0.71875362508738	0.11361888269334447	0.0002466049791777069	0.012229212950553762	0.012231691337366294	212	0	0.01846622769270364	0.003877032354950765	0.04065854070506129	0.008855563968308236	2.4801124695605914e-18			0	1	1	1	0	0.8907563025210085	0	1	draw670	True
-0.23286714433726752	-0.23558602712415305	0.00254435988938743	0.008549090306031982	0.01914352094310855	0.019143668958206888	134	0	0.08435928246794196	0.00028838875125312095	6.245421103447113e-05	0.0189859557990424	1.3552527156068805e-20			0	1	1	1	0	0.8170731707317073	0	1	draw671	True
-0.18690090149761607	-0.2749031319633618	0.007595368305634973	0.028571144764856622	0.16320175377850887	0.1632071777995989	157	0	0.7226407387185833	0.22732547862205188	0.00029104928227543153	0.1629454212065251	6.938893903907228e-18			0	1	1	1	0	0.8870056497175142	0	1	draw677	True
-0.8554952235642723	-0.8554952235642723	0.1825548410125239	0.00035036177126183786	0.36441401252269123	0.1739849109027301	272	0	0.0007830905928399499	9.998407268855258e-07	0.1825548410125239	0.00035036177126183786	4.996003610813204e-16			0	1	0	1	0	1.0	0	1	draw678	True
-0.5624134551054776	-4.322703293199518	1.9379891028535452	0.9932460372481147	2.3638180998851	2.3638268944187986	149	0	1.1961713527712594	0.011653319800447984	0.0013348898095671155	2.3638180998851	2.168404344971009e-18			0	1	1	1	0	0.8563218390804598	0	1	draw680	True
-1.293926160365078	-2.0131088566578246	0.05321817226650219	0.002215746152151135	0.7809064274784829	0.7809374295920396	223	0	0.5172384653290761	0.2287295575547464	0.0005879508247287386	0.7809064274784829	1.734723475976807e-18			0	1	1	1	0	0.8884462151394422	0	1	draw682	True
-0.262831065901494	-1.005998264835029	0.18908539957603293	0.013729862624296678	0.36839977676389907	0.36864015397236527	188	0	7.8074231477681275	0.09027945721889444	0.000804491221920478	0.36839977676389907	3.675508892196904e-17			0	1	1	1	0	0.8826291079812206	0	1	draw683	True
-0.11228461836543963	-1.6865988287698883	0.7111443079362866	0.10465623070337682	0.4834298068348645	0.4834814310496983	175	0	3.3450062458681606	0.2702046857364489	0.00014625227904359084	0.4834298068348645	4.7704895589362195e-18			0	1	1	1	0	0.8928571428571429	0	1	draw684	True
-0.18767218704161287	-0.9597575189811977	0.12017099243939408	0.008697835953069107	0.6826272656944131	0.6827603214725743	198	0	1.4761591740352953	0.3645563854911844	0.0004335423662984038	0.6826272656944131	1.0408340855860843e-17			0	1	1	1	0	0.8878923766816144	0	1	draw686	True
-0.2584935851124577	-0.30722534818156755	0.008109417250372432	0.017040636786570154	0.055610822303781275	0.055612450658809105	145	0	0.20426120741103787	0.006277200790512972	1.2823680395814684e-05	0.055610822303781275	6.776263578034403e-20			0	1	1	1	0	0.8430232558139535	0	1	draw697	True
-0.5204602080495329	-0.9544606578354873	0.20893536340042412	0.018578167316524275	0.220496365865582	0.22050990345361798	183	0	1.6791516739911991	0.31770301887838664	0.01706749711598578	0.1874631920306565	1.942890293094024e-16			0	1	1	1	0	0.8883495145631068	0	1	draw699	True
-1.2130994292336488	-1.2130994292336488	0.3000697205246783	3.999230302986553e-05	0.11786412948932484	0.11789819761865718	258	0	0.00011294705104048442	9.997674058559227e-07	0.3000697205246783	3.999230302986553e-05	1.8041124150158794e-16			0	1	1	1	0	0.9247311827956989	0	1	draw703	True
-1.0839187231726843	-1.443052040406875	0.4987929039371152	0.0009203524051747366	0.28854075375483107	0.2888756410784039	220	0	0.36544386167998905	0.09003363128851781	0.026241900904545867	0.28854075375483107	2.4109945810646405e-17			0	1	1	1	0	0.8396946564885496	0	1	draw705	True
-0.5359778712321404	-0.6961819096408144	0.03950565141446988	0.00714673910433759	0.3250673575955733	0.32528178091100496	188	0	0.5739451537424347	0.17403387179359267	0.0028368165512735353	0.3250673575955733	9.107298248878237e-18			0	1	1	1	0	0.8584474885844748	0	1	draw708	True
-0.07430135612944469	-0.10973502728889627	0.0008725730750296313	0.0001782607079010573	0.03723374649451411	0.037257249179995594	215	0	0.5139095773109239	0.09016971390240233	2.5611608917982682e-05	0.03723374649451411	2.168404344971009e-19			0	1	1	1	0	0.8775510204081632	0	1	draw709	True
-0.7723624479512605	-0.7723624479512605	0.00047665350299560015	0.4800764630143772	0.5274852789975817	0.480017862472146	20	0	0.6337674791839374	0.6404363918646	0.00047665350299560015	0.4800764630143772	1.1102230246251565e-16			0	0	0	0	0	0.11834319526627218	0	1	draw713	True
-0.604191942470234	-5.2937024149713165	4.988581600110776	0.49092643143061443	4.894962154157525	4.894991474614025	174	0	5.126663030907201	0.03574230926918936	0.000803890168277156	4.894962154157525	6.938893903907228e-18			0	1	1	1	0	0.8656716417910447	0	1	draw716	True
-0.23811864254029397	-0.29992224584571564	0.019101087977155512	0.015329818377396909	0.25976996403501434	0.25978381647074655	172	0	1.2886289059695508	0.35293106022593995	0.0022468990446991013	0.2565189615675591	1.9325903724554117e-17			0	1	1	1	0	0.900523560209424	0	1	draw717	True
-0.2900508807237083	-0.3213686639744878	0.02504144425194942	0.002291533432794484	0.028484455664871473	0.028485657348312966	173	0	0.136850934189581	0.005427007486594887	0.01733104237952461	0.017791253145201965	7.697835424647081e-18			0	1	1	1	0	0.8606965174129353	0	1	draw719	True
-0.6169090768800264	-0.9432402609992575	0.04604069620907531	0.03642153008377764	0.5444377597076334	0.5445555393260014	170	0	0.6951983111797053	0.08808497283238298	0.0004702809338118901	0.5444377597076334	1.4094628242311558e-18			0	1	1	1	0	0.8808290155440415	0	1	draw720	True
-3.38682794512989	-4.3633123293008484	1.2574622732566676	0.09802914836292051	1.7984991251795661	1.7984991335891605	175	0	0.4876862794839555	0.05080265725965339	0.011193986770092921	1.7981491254223385	9.974659986866641e-18			0	1	1	1	0	0.8883248730964467	0	1	draw721	True
-0.5727808028836608	-0.8682303340118301	0.044295608951956444	0.005243480292450785	0.36253934798142967	0.36264345798434705	198	0	0.5880017388400525	0.30048052078113097	0.0008592088729169693	0.36253934798142967	3.469446951953614e-18			0	1	1	1	0	0.8959276018099548	0	1	draw722	True
-0.10049799683583835	-0.2948849892512998	0.017058555467718846	0.002159109901915311	0.18325408542952848	0.18339913464250832	200	0	2.069764555826124	0.16502961005586814	0.00028040443550906007	0.18325408542952848	5.353248226647178e-18			0	1	1	1	0	0.8438818565400844	0	1	draw723	True
-0.6141120953654489	-0.9586402633244264	0.11108903768209466	0.010676841097476956	0.535100138084555	0.5354046998866585	187	0	0.7567089499709277	0.09507730543883776	0.0045632553126033325	0.535100138084555	1.4094628242311558e-17			0	1	1	1	0	0.8779342723004695	0	1	draw731	True
-9.278493901724476	-12.04874085133403	35.965213093389735	0.2702967634183492	2.347880466939859	1.7113373903962437	150	0	0.5136763122777095	0.00039871507043260496	18.055771463108293	2.347880466939859	3.3306690738754696e-15			0	1	0	1	0	0.7894736842105263	0	1	draw732	True
-1.2079253179116956	-2.1559020008116683	0.16035154348664366	0.6574895932953966	1.5505987068169667	1.5506068116617626	141	0	0.7972866647728285	0.023105394410498945	0.00010508555533902573	1.5505987068169667	1.0842021724855044e-18			0	1	1	1	0	0.8545454545454545	0	1	draw736	True
-0.8803211907416348	-1.2209244966594675	0.27415445932729016	0.055761939363380704	0.7582016157147544	0.7582816395209951	169	0	0.8508347832719829	0.16657255376753088	0.03147093992101124	0.7488119502236458	6.938893903907228e-17			0	1	1	1	0	0.8941798941798942	0	1	draw738	True
-0.25055993012737965	-0.25060171516679464	0.013305535478065168	0.00039539393310311513	0.07107196179904081	0.07109062739256441	209	0	0.0037700100455081175	4.51769418988495e-06	0.013297865776179627	0.0006569141039906735	3.469446951953614e-17			0	1	1	1	0	0.9126637554585153	0	1	draw739	True
-0.2637292747064175	-1.2759701280135505	0.23171871195748242	0.01538838718859346	0.3793542000721157	0.37938143990268014	182	0	4.25372403188037	0.28051429816064377	0.00033994570911583406	0.3793542000721157	4.824699667560495e-17			0	1	1	1	0	0.900990099009901	0	1	draw744	True
-0.9702982497369113	-1.5827389240649583	0.6028301223624523	0.13367205452371161	0.6458505068483007	0.6459643043786414	156	0	1.6719835368144178	0.04541902399941517	0.007658571127124838	0.6458505068483007	3.529078071440317e-17			0	1	1	1	0	0.861878453038674	0	1	draw745	True
-0.11945870080415867	-0.41914537192624846	0.009898826778769158	0.05830874857500844	0.3742639245706416	0.37426443425235706	160	0	1.409990207865604	0.054945860966651466	2.3503193224566262e-05	0.3742639245706416	1.1926223897340549e-18			0	1	1	1	0	0.8743169398907104	0	1	draw747	True
-0.8886851665569662	-2.8628676350490982	1.8015047082549493	0.0925588362048704	1.5689064270994104	1.5689584838875348	181	0	5.152137727977553	0.5324955540085318	0.0037014774140374527	1.5689064270994104	4.440892098500626e-16			0	1	1	1	0	0.905	0	1	draw749	True
-0.10994307778625953	-0.6408568636053555	0.10185378165306136	0.0003623101448735614	0.46420396174229606	0.4642039636944272	235	0	2.5728732733089514	1.8565667973147546	0.0014815615942818873	0.4625013263703605	1.1102230246251565e-16			0	1	1	1	0	0.8736059479553904	0	1	draw750	True
-217.08588286888835	-217.08588286888835	0.12692899243853162	2.12370074993767	2.1319080281527647	2.132005222117061	167	0	0.010003384972819237	14.979569814402307	0.12692899243853162	2.12370074993767	1.3322676295501878e-15			1	0	1	0	1	1.0	0	1	draw754	True
-0.9013350483800242	-1.2162919944228783	0.30435422088611824	0.0028732168730035102	0.27015612245235204	0.27015737330493284	202	0	0.3244115885120412	0.0766791544705984	0.03168970444625821	0.2674537528426085	2.42861286636753e-17			0	1	1	1	0	0.8559322033898306	0	1	draw755	True
-0.15801742357861548	-0.6459696225714915	0.020904941776012875	0.057904494298938014	0.4754385590046991	0.47545205461013135	166	0	1.30984456986775	0.12294884672847538	5.565947426030305e-05	0.4754385590046991	8.673617379884035e-19			0	1	1	1	0	0.8691099476439791	0	1	draw756	True
-1.1099517059253932	-1.1983496161692049	0.20722288262621683	0.0035966611239112967	0.22868742462138303	0.2287735535889846	199	0	0.1597899242175459	0.015831410358959422	0.10374881644264326	0.15659024254409623	3.122502256758253e-17			0	1	1	1	0	0.8257261410788381	0	1	draw757	True
-0.6560938528886526	-0.9152667435197648	0.01307613922501759	0.0020005119718686155	0.08185336846766557	0.08186763762297974	201	0	0.12021088270060706	0.27849321678171857	0.00017482653543584678	0.08185336846766557	1.734723475976807e-18			0	1	1	1	0	0.9013452914798207	0	1	draw759	True
-1.3848608534244682	-2.76647463867282	1.297242852423556	0.021765231142994692	0.9384951810297625	0.9388139352425304	199	0	15.094324970136656	0.35699643712790163	0.001869526242187833	0.9384951810297625	1.320287195544223e-16			0	1	1	1	0	0.8963963963963963	0	1	draw763	True
-1.7332426766009843	-1.8578846049010502	0.8606334202199919	0.0034356730760832033	0.45627623626586417	0.4568125738589229	206	0	0.690070277296728	0.3648808442405207	0.032515482997785956	0.45627623626586417	8.500145032286355e-17			0	1	1	1	0	0.8956521739130435	0	1	draw765	True
-0.9131684016302303	-1.046134622987346	0.19296478233282946	0.008577637242613083	0.3846096580462811	0.3846218515009502	192	0	0.33617674118411967	0.037431149097933915	0.12098643097164159	0.24841228599264292	1.3877787807814457e-16			0	1	1	1	0	0.8930232558139535	0	1	draw767	True
-1.8455255774622428	-3.5237169002082647	2.7545950593846595	0.026841151932335165	1.8989461560585212	1.899034526261082	196	0	1.361490703482772	0.14169809220955915	0.022729786990288773	1.8989461560585212	8.326672684688674e-17			0	1	1	1	0	0.8949771689497716	0	1	draw770	True
-1.0544387030244113	-1.0544387030244113	0.09277603269378527	9.088101584028527e-06	0.261045907888069	0.26104989480537966	257	0	9.999999999993934e-05	1.8322565066940707e-06	0.09277603269378527	9.088101584028527e-06	5.551115123125783e-16			1	0	1	1	0	0.9244604316546763	0	1	draw775	True
-1.5049687796735371	-1.8446001732289867	0.8393770684866312	0.045982465905010914	0.5584591639230381	0.5585275786198971	167	0	0.5035542404368384	0.13733305857081532	0.010011093117592755	0.5584591639230381	3.8163916471489756e-17			0	1	1	1	0	0.8564102564102564	0	1	draw777	True
-0.6626894098968514	-1.2696559585288865	0.22385472268904658	0.03898480646166977	1.1835317674226884	1.183742748640814	179	0	1.241034595835314	0.3396461142142087	0.0016851290906920713	1.1835317674226884	2.097931203759451e-17			0	1	1	1	0	0.895	0	1	draw782	True
-0.05150539873675336	-1.7071378225805796	0.7262164639578897	0.011604409002608469	0.8330663666907075	0.8333128929978253	196	0	1.5419571323705552	0.31187887710953044	0.008384604045888578	0.8330663666907075	8.326672684688674e-17			0	1	1	1	0	0.8448275862068966	0	1	draw783	True
-1.522209816012415	-1.6329198350581215	0.5310602902700757	0.0002561962290278986	0.4889588688647373	0.4889635582617057	238	0	1.1551717785840743	1.1785035746701287	0.001123397623604921	0.4889588688647373	2.220446049250313e-16			0	1	1	1	0	0.918918918918919	0	1	draw788	True
-1.0699140274318204	-1.8127059680552144	0.7634875615320692	0.057752016421254694	1.0820671059198015	1.0821336250861104	169	0	0.9219526388193665	0.03890299336187432	0.0077304865921570985	1.0820671059198015	1.3749038799831803e-17			0	1	1	1	0	0.8756476683937824	0	1	draw790	True
-0.6145652969411189	-0.6589049014846146	0.020720970461286358	0.005491368319936406	0.03209777906899837	0.03209834107230722	160	0	0.05087637160473815	0.004917083222173624	0.0011583452727343519	0.031456196382552384	1.1265538198482195e-19			0	1	1	1	0	0.8648648648648649	0	1	draw791	True
-1.5465464122223722	-1.5738010237342615	0.03779440643485002	0.019001410572782707	0.03030159178858781	0.030301608082593946	126	0	0.01949658359469214	0.00021228421644181418	0.0006248385668929032	0.030234443868206066	4.7645603283054394e-21			0	1	1	1	0	0.7875	0	1	draw796	True
-0.27236542073463027	-0.8309875388297387	0.01846930896215793	0.003120096435503389	0.30795946523384055	0.30796236135549404	207	0	0.6026239515855438	0.49249162567659177	6.63028753750475e-05	0.30795946523384055	4.336808689942018e-18			0	1	1	1	0	0.9039301310043668	0	1	draw798	True
-2.526290458039346	-2.526290458039346	0.8364547729259391	9.236257852747086e-05	1.0677596094149173	0.49205457010117437	280	0	0.00023690163958504473	9.99506148246109e-07	0.8364547729259391	9.236257852747086e-05	8.881784197001252e-16			0	1	0	1	0	1.0	0	1	draw801	True
-0.7350235103312724	-1.0116837596568764	0.04305737309258358	0.05996231028675491	0.7069674429527024	0.7071214232147607	168	0	0.7981181466351231	0.23437607567189467	0.009596720557305663	0.7010006636574406	1.734723475976807e-17			0	1	1	1	0	0.8842105263157894	0	1	draw803	True
-0.9919205242323682	-1.0106684751841157	0.017041060075124657	0.016625908939433925	0.11197544595564547	0.11197661335617289	158	0	0.11213605173546756	0.002200529331572612	0.0002940970906708022	0.11130837579895643	1.0503208545953324e-19			0	1	1	1	0	0.8586956521739131	0	1	draw806	True
-0.5035099573923479	-7.892590045022148	2.810432771386045	0.013278125706836147	5.088213384521908	5.088380177171919	203	0	13.852236399766756	6.117883411987434	0.0004463837285128428	5.088213384521908	3.552713678800501e-15			0	1	1	1	0	0.8982300884955752	0	1	draw810	True
-0.5475905860820878	-1.4256072355180343	0.44296430045546986	0.1110157495042357	0.871147117612651	0.8712336882972992	165	0	1.5198720313541514	0.07312701768005678	0.003866906760527874	0.871147117612651	2.5153490401663703e-17			0	1	1	1	0	0.873015873015873	0	1	draw811	True
-0.03258884511628781	-1.0669015957147798	0.2110189223422275	0.12251947185750633	0.5470139357684118	0.5470275190574174	179	0	4.556230130261186	2.051150471732894	6.617911066121693e-05	0.5470139357684118	1.1102230246251565e-16			0	1	1	1	0	0.8443396226415094	0	1	draw814	True
-0.10128186943056178	-0.14957673603551017	0.002543239229234618	0.0017144095875571337	0.06003074377635801	0.0600314909641418	187	0	0.6670024245430869	0.10837310739707391	1.4262367278185158e-05	0.06003074377635801	4.2012834183813297e-19			0	1	1	1	0	0.8820754716981132	0	1	draw817	True
-1.428395970037418	-1.428395970037418	0.18309831594792403	0.0010434718678149545	0.4896357777955299	0.490324879951172	226	0	0.0008120410937286819	9.992790614893594e-07	0.18309831594792403	0.0010434718678149545	2.0816681711721685e-17			0	1	1	1	0	0.9149797570850202	0	1	draw819	True
-1.9529228258933267	-2.2359507605049957	0.058250913457224045	0.03352965380495515	0.7152999524000324	0.7159784128319838	179	0	0.3569701459809588	0.17653331945307915	0.004613695350181639	0.7152999524000324	4.336808689942018e-18			0	1	1	1	0	0.895	0	1	draw821	True
-1.2429058725134192	-4.058802776724379	4.111369498079911	0.6805123150168684	1.790717272104498	1.7907357193555964	164	0	5.087761297349551	0.13434751565035444	0.0008537829445271558	1.790717272104498	8.673617379884035e-17			0	1	1	1	0	0.8723404255319149	0	1	draw824	True
-0.46722483446602325	-0.724019316793177	0.07475371920270955	0.044104530487156124	0.17415489137967777	0.17415553370319942	148	0	0.31569796961921653	0.005189249320188862	6.352132652599358e-05	0.17415489137967777	6.505213034913027e-19			0	1	1	1	0	0.8457142857142858	0	1	draw826	True
-1.179002436510883	-1.2273953852171473	0.35976113493410433	0.006709039136389141	0.20460191076112452	0.20471204052640907	187	0	0.148425782023211	0.0023629490609982204	0.3089229802050125	0.06914141839542153	1.1102230246251565e-16			0	1	1	1	0	0.8947368421052632	0	1	draw828	True
-0.32831421011171313	-2.254295873691415	1.2470127516607739	0.1753396186017082	0.9788568201544011	0.9789124187851673	154	0	1.3824851887553793	0.015979961751322845	0.0027494776485749747	0.9788568201544011	4.0115480381963664e-18			0	1	1	1	0	0.8651685393258427	0	1	draw829	True
-0.5397551799455068	-0.5411127352795697	0.07214062343695911	0.023189211593317355	0.11664532797291899	0.11664811150184677	161	0	0.29396546356486064	0.0006615951934355081	0.06146738151251679	0.06389424486769944	3.0005295123536335e-17			0	1	1	1	0	0.8797814207650273	0	1	draw830	True
-0.581757604239886	-1.4363147105804923	0.4617531086139973	0.0408627366298796	0.8713459172396579	0.8714048160937564	176	0	1.2242690988916862	0.13036183236540455	0.005477184699679418	0.8713459172396579	4.163336342344337e-17			0	1	1	1	0	0.8844221105527639	0	1	draw831	True
-0.07368094830926537	-1.2280521437984557	0.3216587500914341	0.052908989182951276	0.7915306042771088	0.7915565655440971	180	0	1.9668005127553556	0.665312663824033	0.00014814331896231605	0.7915306042771088	4.163336342344337e-17			0	1	1	1	0	0.8695652173913043	0	1	draw837	True
-0.5956715666330569	-2.2257041309463736	1.079936511056937	0.06341676946990106	0.6774306068874297	0.6774500029046283	170	0	1.660397874150082	0.13540446548370755	0.0011473662012947677	0.6774306068874297	3.3905034812695134e-17			0	1	1	1	0	0.8808290155440415	0	1	draw838	True
-0.564195371548217	-1.195804594508137	0.14694171718785176	0.10789644809234591	0.6954125245002387	0.6955457222829722	161	0	0.9210604351789731	0.07247591725258114	0.002962701589638911	0.6954125245002387	3.903127820947816e-18			0	1	1	1	0	0.8702702702702703	0	1	draw841	True
-0.9016158404874363	-1.0095740377683673	0.035617835679781926	0.00100351908409061	0.16685837841105847	0.16705427402755546	215	0	0.17922911303109604	0.09217891079760401	0.0016949099622411083	0.16685837841105847	2.168404344971009e-18			0	1	1	1	0	0.8365758754863813	0	1	draw844	True
-0.35927276758462257	-0.7411403355365354	0.056547220001836804	0.00042917658760482924	0.2292153639136575	0.2292324542922224	210	0	1.358364940285264	1.8439500852484383	0.00010448968408020152	0.2292153639136575	1.942890293094024e-16			0	1	1	1	0	0.8974358974358975	0	1	draw848	True
-0.1339318410080836	-0.47396640452278693	0.03651637877095783	0.007027868737215871	0.12447112991869565	0.12447113805067857	178	0	0.43882657703862415	0.06218193368684497	0.00020829126286644293	0.12420727012253109	3.469446951953614e-18			0	1	1	1	0	0.8944723618090452	0	1	draw852	True
0.074469818657765	-1.0194859322819598	0.11296400691654858	0.0031945757714191402	0.4229924080098807	0.23959518012815767	212	5	2.1806134704018905	0.39980337468678406	0.07319462542482272	0.4229924080098807	8.326672684688674e-17	0.3849451312890136	0.06624832063015292	0	1	0	1	0	1.0	0	1	draw853	True
-3.487405793986367	-4.574252278076603	0.3315170774885061	0.013063018351336747	2.0023040173636906	2.0023303493791866	208	0	0.4935962475921004	0.11942308258693014	0.0005126126449308279	2.0023040173636906	1.734723475976807e-18			0	1	1	1	0	0.9004329004329005	0	1	draw854	True
-0.3455456958906853	-0.40393351527531346	0.006568572336572188	0.025212560367649677	0.19950610259513366	0.19950945938301717	159	0	0.5350962228956639	0.020544064127304543	8.5864852512666e-05	0.19946261111223193	2.439454888092385e-19			0	1	1	1	0	0.8641304347826086	0	1	draw855	True
-1.2673960440169443	-4.258875209029991	2.400549222758894	0.4210574801903564	2.6316859086746374	2.631778696686701	160	0	1.008361355115395	0.13728301365216236	0.00746342936104581	2.6316859086746374	6.591949208711867e-17			0	1	1	1	0	0.8839779005524862	0	1	draw856	True
-1.8223269690257227	-2.6362045080539636	1.1992804010229767	0.17801413112453787	1.3734651548332186	1.3735229088957657	160	0	0.7357500285891053	0.12338297751852079	0.014003343489040814	1.3734651548332186	4.163336342344337e-17			0	1	1	1	0	0.8602150537634409	0	1	draw860	True
-0.2622481178147952	-2.020143408533536	1.0069891657702963	0.06359694414833658	0.9134102525104362	0.913470274076686	177	0	2.7014165147538294	0.15253112455747217	0.0006743709832645367	0.9134102525104362	1.1275702593849246e-17			0	1	1	1	0	0.8939393939393939	0	1	draw861	True
-1.8856758674490426	-3.091388578998053	0.6865150643244042	0.002799675110893111	2.1237596436446884	2.1237718290023126	229	0	0.7776031866666114	0.4898549655523037	0.001257125015183316	2.1237596436446884	5.458957938464515e-17			0	1	1	1	0	0.916	0	1	draw863	True
-0.25975658885512753	-0.7857080493204956	0.043117133461796575	0.010695624169353208	0.05196429779342563	0.05196717514171993	157	0	1.3402849919509725	0.038268732778741474	0.0003431513057805772	0.05196429779342563	1.984089975648473e-17			0	1	1	1	0	0.8674033149171271	0	1	draw869	True
-0.2586216887154867	-0.36543018551178413	0.03221480607882065	0.10416309453177995	0.23663872604732863	0.2366656017799209	139	0	1.117589312883945	0.06804651817299474	0.0006133376968994104	0.23663872604732863	1.566672139241554e-17			0	1	1	1	0	0.8580246913580247	0	1	draw873	True
-0.7911405329601937	-0.8954072455754355	0.008126870378708488	0.02199804563941947	0.15827558380298998	0.1582770711242527	162	0	0.1853467469501864	0.03407089372395306	0.0001423344898270768	0.1576021829846268	1.8973538018496328e-19			0	1	1	1	0	0.8852459016393442	0	1	draw874	True
-0.4656578560742358	-2.939873871654718	0.1016161835368945	0.7643125777604454	2.117897877786161	2.1179070601694248	147	0	1.0217628513754309	0.03626166818469995	5.8437565867210365e-05	2.117897877786161	7.36071631163987e-19			0	1	1	1	0	0.8647058823529412	0	1	draw875	True
-0.36520871538366784	-0.5715546577315844	0.05524695335027785	0.016903181574103518	0.18579984865162477	0.18582414972262953	166	0	0.4478640355842217	0.06839642646374712	0.0006216818538163758	0.18579984865162477	5.204170427930421e-18			0	1	1	1	0	0.83	0	1	draw877	True
-0.8025676381803077	-2.8071176445717274	1.8867152581196696	0.0661484876893368	0.7428897724463445	0.7428956153984785	165	0	0.7609496444920232	0.017760464928658383	0.009023845470625964	0.7425818149604916	7.806255641895632e-18			0	1	1	1	0	0.8776595744680851	0	1	draw878	True
-0.8709298706254771	-0.9608799593116661	0.08201755526944103	0.0048889391881601464	0.6418899830021864	0.6421372248327218	202	0	0.7067457121576171	0.30196020490906417	0.013226586258562902	0.6092125288285133	2.1521413123837263e-17			0	1	1	1	0	0.9017857142857143	0	1	draw882	True
-0.8309782469735654	-5.200031640197407	1.377629587929788	0.745230653375089	2.832289300677626	2.832292641070579	157	0	1.2170037371070819	0.018081194446948393	0.0015341091880682232	2.832289300677626	6.749158523722265e-18			0	1	1	1	0	0.8626373626373627	0	1	draw883	True
-0.8818132965856423	-1.1694252681614545	0.11979254194003859	0.044076245849578505	0.5229930418794755	0.5230107139719222	166	0	0.5212155679149898	0.03776535452700674	0.0007724076294953064	0.5229930418794755	2.168404344971009e-18			0	1	1	1	0	0.8691099476439791	0	1	draw886	True
-0.3678595729834337	-0.38857166318114944	0.02850921053715081	0.0006023407338630748	0.0563478306698847	0.05639983690432889	207	0	0.22157445463501438	0.1612748110402229	0.0010359545060878094	0.0563478306698847	6.2680438096818225e-18			0	1	1	1	0	0.8181818181818182	0	1	draw890	True
-1.5635000929622416	-1.5635000929622416	4.400534581795779e-05	0.00667896430353666	0.007262909990989644	0.006678711238606394	29	0	0.008383032304284834	0.1168147979327873	4.400534581795779e-05	0.00667896430353666	7.37257477290143e-18			0	0	0	0	0	0.18012422360248448	0	1	draw897	True
-0.5914413174423363	-3.155732489336412	1.6526122682131308	0.05664051187744544	0.6238367598565394	0.623925086811899	167	0	1.4878156846689372	0.04449073357431111	0.008021344252669435	0.6238367598565394	3.2390539903004445e-17			0	1	1	1	0	0.8743455497382199	0	1	draw898	True
-0.5129806156275973	-1.103543599972077	0.15680432376306047	0.16136546702935953	0.7695983300037932	0.7695986374784025	156	0	1.0158939413197572	0.21089863799808023	7.190473871808924e-05	0.7695983300037932	3.122502256758253e-17			0	1	1	1	0	0.8813559322033898	0	1	draw903	True
-0.29611515035487906	-0.29611515035487906	0.004033448025568685	2.8146679073130194e-05	0.016786245463300972	0.016786615763699057	251	0	0.00010000000000000061	1.3163574257785732e-06	0.004033448025568685	2.8146679073130194e-05	4.938202082492571e-19			1	0	1	1	0	0.7652439024390244	0	1	draw908	True
-1.7726831531743426	-2.158167068560785	1.1232046676790721	0.00237422965882158	0.5093454364374093	0.5093797900060159	215	0	0.3956823965145087	0.051013118831970274	0.5219225206930362	0.3165780045338543	4.996003610813204e-16			0	1	1	1	0	0.9188034188034188	0	1	draw912	True
-0.11833883771055512	-1.1358572101995845	0.2873885337113114	0.19146266911761348	1.693570631464039	1.693732993701965	183	0	2.3563291841110425	0.5736577423076011	0.005181166240300075	0.6516165292023075	6.661338147750939e-16			0	1	1	1	0	0.8243243243243243	0	1	draw919	True
-4.392276011386008	-4.61062142792498	0.3165937463696972	0.10040251145072333	1.2406918684451989	1.2406923024998784	166	0	0.27686752994693	0.009358089170490535	0.0014946140422414328	1.2402383360292075	4.336808689942018e-19			0	1	1	1	0	0.8736842105263158	0	1	draw929	True
-0.19671581010613925	-0.7849406729684396	0.09992148472880111	0.1088926219883397	0.7031356495250134	0.7031357478031776	165	0	2.372520263219762	0.2149221579064259	1.4042117475398582e-05	0.7031356495250134	1.5829351718288365e-17			0	1	1	1	0	0.8776595744680851	0	1	draw930	True
-4.21436814521489	-4.21436814521489	0.7129758230793716	0.029844820849597626	0.2537798494683867	0.253780945403902	170	0	0.16318901535549563	9.979593043171213e-07	0.7129758230793716	0.029844820849597626	2.654126918244515e-16			0	1	1	1	0	0.8762886597938144	0	1	draw931	True
-0.8667876947208605	-0.8934443643674048	0.16682111999849225	9.80537116413495e-05	0.1943060515806295	0.19453815118760492	294	0	0.010000000027515605	0.00017359890842205274	0.1648208646233709	0.0027406275277574487	1.6653345369377348e-16			1	1	1	1	0	1.0	0	1	draw933	True
-3.061573976425709	-4.424162222689975	1.1723093850384596	0.2949032711217629	3.2633904757523635	3.263450808249598	164	0	0.8265657493678239	0.059451615616720924	0.010689241179037896	3.2633904757523635	3.0106125925577487e-15			0	1	1	1	0	0.8677248677248677	0	1	draw935	True
-0.11390242166549658	-1.4811533057604371	0.46502142218003756	0.0369646500954737	0.4824709188609886	0.48248239141244664	173	0	0.9553920283834325	0.2003225584276578	0.011806625013049032	0.48124952125418785	1.1102230246251565e-16			0	1	1	1	0	0.8199052132701422	0	1	draw937	True
-0.5862275447445009	-1.2515232979155977	0.11490207694974686	0.017861588837622854	0.34480161499085105	0.34486308170451063	182	0	0.3920654086440448	0.28507235747026444	0.005428280368201886	0.33461945587399644	1.734723475976807e-17			0	1	1	1	0	0.8921568627450981	0	1	draw939	True
-0.5507149252114001	-3.987648903336839	0.4539738655513206	0.09934618096721616	2.90205719700961	2.9025078002691944	185	0	1.621879411044953	0.08084166065620138	0.003408858401982746	2.90205719700961	2.6020852139652106e-18			0	1	1	1	0	0.8685446009389671	0	1	draw941	True
-0.19333082649926087	-1.8093891359857377	0.7816046669830347	0.016491804064784163	0.9040111619246546	0.904044498274533	201	0	4.056621208687951	0.5595907704739647	0.0001949896530597629	0.9040111619246546	2.7755575615628914e-17			0	1	1	1	0	0.9013452914798207	0	1	draw943	True
-2.813161122626311	-5.053346518715497	6.3811055035667446	0.028210522635897288	1.3427112532451608	1.343118143074688	196	0	0.8173657012972445	0.10734877790085229	0.9190330158539431	1.1828393305901914	5.447031714567174e-16			0	1	1	1	0	0.9074074074074074	0	1	draw946	True
-0.2339902799710903	-0.871691971856367	0.18253496978707942	0.0009808551153268183	0.27186088901624705	0.271891578917278	214	0	1.0119858908799046	0.2726134570531421	0.0011176924918189514	0.27186088901624705	3.469446951953614e-17			0	1	1	1	0	0.7925925925925926	0	1	draw949	True
-0.3546996177455208	-0.6741249398425472	0.025758031768662194	0.045647398570390775	0.23949059204420195	0.239490845307843	158	0	0.4706892153339308	0.03252817203714612	1.4760524487608585e-05	0.23949059204420195	5.421010862427522e-19			0	1	1	1	0	0.8633879781420765	0	1	draw950	True
-0.4090114073851524	-1.1998872241848406	0.3048307427775342	0.01621280332251368	0.7081540004083129	0.7081710952407294	186	0	1.0494805336159834	0.08342008508926195	0.0044471714006178616	0.7057819017558086	8.456776945386935e-18			0	1	1	1	0	0.8985507246376812	0	1	draw952	True
-0.9805896300770778	-0.9805896300770778	0.004443267983731952	0.07986553620540798	0.24984499571945423	0.07977753481844839	35	0	0.09010553084323629	0.2833379475341737	0.004443267983731952	0.07986553620540798	5.551115123125783e-17			0	0	0	0	0	0.12915129151291513	0	1	draw954	True
-1.2971472435016205	-1.6337835460716654	0.6495375760312974	0.07169205338963605	0.778788370253382	0.7794971382404701	168	0	0.4252647423912807	0.007919666534490106	0.41128169214357113	0.34511666657516576	2.7755575615628914e-16			0	1	1	1	0	0.8936170212765957	0	1	draw957	True
-2.764789507534906	-7.160370021581218	3.8339460479291563	0.004075802078179658	0.39893090113216195	0.39901306344499315	203	0	1.3962212094966893	0.13955931671761024	0.027701971143857432	0.39893090113216195	3.1407981684189457e-16			0	1	1	1	0	0.8942731277533039	0	1	draw959	True
-1.68021405184668	-1.6843472856081074	0.01727190999649398	0.0006183777320972118	0.12062103579079424	0.12066576361143301	230	0	0.030544714228422774	0.0068226074372040564	0.012955360709843175	0.05109916792109514	5.336307567702092e-19			0	1	1	1	0	0.8455882352941176	0	1	draw964	True
-2.648900480070662	-5.939060808352424	1.1502319582618807	0.04596382774827554	0.9971972803020734	0.9971973987260516	181	0	0.21559636241233868	0.018397379508385246	0.0002024668678658901	0.9971972803020734	1.5178830414797062e-18			0	1	1	1	0	0.8786407766990292	0	1	draw966	True
-1.0632159854100676	-1.6019197069821471	0.05785338550341993	0.010595543145478623	0.9975061065095921	0.9975988115158035	197	0	0.7366988987210233	0.1307750712479938	0.0011805776723700417	0.9975061065095921	8.023096076392733e-18			0	1	1	1	0	0.8873873873873874	0	1	draw969	True
-1.6414831789649185	-1.808822571633906	0.12295999692805697	0.030238873114040457	0.2381780323842861	0.23818765458895327	162	0	0.14037086619119515	0.008144671701061347	0.0010153540283099726	0.2380523225344861	2.439454888092385e-19			0	1	1	1	0	0.8617021276595744	0	1	draw970	True
-1.1033331400362618	-1.2439343210071252	0.27114295371166824	0.09772360295844909	0.7503498200609948	0.7508037185823094	162	0	0.7251085558666798	0.018380442847602638	0.28929624037088497	0.6047498305033052	1.942890293094024e-16			0	1	1	1	0	0.8571428571428571	0	1	draw971	True
-0.4393950789742191	-2.179272746031769	0.48245907115547126	0.0038703475096615813	0.03356477828601628	0.033567648295183085	165	0	0.13721878856298408	0.0069269939475650796	0.01945560546354681	0.03306411699762903	1.6127507315721878e-17			0	1	1	1	0	0.868421052631579	0	1	draw972	True
-0.6247084434366839	-0.7843226166657005	0.0993625699349908	0.0031759265054113277	0.33024488681539044	0.3302457378445761	205	0	0.6249418845153367	0.22631488727038798	0.03003892395664581	0.3073130986554587	2.7755575615628914e-17			0	1	1	1	0	0.9111111111111111	0	1	draw979	True
-0.2278961202190898	-0.22885864437724934	0.0016609163433078738	8.317953274853135e-05	0.01285166258755311	0.012861610686140286	231	0	0.005801334203041111	0.0008179304513563813	0.0016281452835243814	0.001274590565819438	2.168404344971009e-18			0	1	1	1	0	0.9130434782608695	0	1	draw982	True
-4.2375012319270215	-5.437782432229057	1.4970285519577258	0.001306321658853042	1.7356713718328085	1.7365396995326812	244	0	0.38466587357010207	0.2881353342668215	0.06015678885444761	1.7356713718328085	4.163336342344337e-17			0	1	1	1	0	0.9104477611940298	0	1	draw985	True
-0.260057968889875	-1.9180772573079399	0.9016648775703137	0.01715926357572417	0.2543087225018188	0.25432187025962555	187	0	1.4344265585375395	0.07291120578653279	0.0003078873382442955	0.2543087225018188	5.041540102057596e-18			0	1	1	1	0	0.8862559241706162	0	1	draw986	True
-0.21929468396519297	-1.0623167463553893	0.2577740390195737	0.025368003914741265	0.5239970993294004	0.524107889773839	182	0	1.6302160495526308	0.33747825539620074	0.00044990803563777876	0.5239970993294004	1.3877787807814457e-17			0	1	1	1	0	0.900990099009901	0	1	draw987	True
-0.466637180827304	-0.7272124450461713	0.11702161082484061	0.0021716443577866826	0.0961290784867223	0.09614523727170605	189	0	0.44079494252160767	0.0852805860053467	0.017132637844572793	0.09386000120301971	1.734723475976807e-17			0	1	1	1	0	0.875	0	1	draw992	True
-0.30238944155175884	-3.511222066165542	2.0753783205759264	0.07139269282383169	0.9532300022812176	0.9532316947039035	187	0	10.478016610130748	0.6263807290168222	1.7717964943168666e-05	0.9532300022812176	3.469446951953614e-17			0	1	1	1	0	0.9033816425120773	0	1	draw994	True
-0.9730397046612026	-0.9938883789916392	0.01900459064861949	0.004147186925201935	0.07434648803271195	0.07434659968840004	181	0	0.07424865714278099	0.006898129432560208	0.0014337053149240243	0.07225062753658072	8.131516293641283e-20			0	1	1	1	0	0.8743961352657005	0	1	draw996	True
-0.7863480122593166	-0.8075774610312175	0.008137613598253117	0.015323742682002317	0.059021847533216265	0.059023577997871016	149	0	0.07400699835217522	0.0020762046489300303	0.00014411308345142336	0.05874727290180156	2.0328790734103208e-20			0	1	1	1	0	0.8418079096045198	0	1	draw998	True
-6.305758392962629	-12.790949547184203	40.756938715506145	0.9473428878297159	4.291131429599873	4.291219416133291	160	0	1.1096816935543061	0.08180505100846347	1.3597229719919175	4.280406566390039	9.697375281253473e-16			0	1	1	1	0	0.8839779005524862	0	1	draw1004	True
-0.45770068421230864	-0.4651838114380102	0.03923794904551885	0.0009331654409985653	0.07357245525568099	0.07359496693338562	198	0	0.0945125902024252	0.0009405226350971083	0.0369196785270505	0.010376585613846651	1.5525775109992423e-16			0	1	1	1	0	0.8959276018099548	0	1	draw1005	True
-0.28499460659370063	-0.36311678521307866	0.009435505866511713	0.0034743481710629506	0.08763992805582611	0.08766824234729081	182	0	0.2917039661567831	0.07658155195736284	0.00017453700519237415	0.08763992805582611	7.894347068410079e-19			0	1	1	1	0	0.8310502283105022	0	1	draw1006	True
-0.6011414668496305	-0.6229631983085421	0.05505616678877245	0.004549368429161218	0.18658562412084886	0.18670764589904915	190	0	0.43015528830174765	0.3144472657132804	0.0027704084524921126	0.18658562412084886	1.0408340855860843e-17			0	1	1	1	0	0.8085106382978723	0	1	draw1009	True
-1.6769719565126653	-2.2127340822448636	0.05930847135912779	0.2622577948242382	0.4164591731060188	0.4164593542400697	131	0	0.1908457200930688	0.0029849384217660612	7.200604911382419e-05	0.41644370396808505	5.61159327555974e-20			0	1	1	1	0	0.8291139240506329	0	1	draw1013	True
-1.0144062028209895	-1.2052458406559263	0.011900058196287436	0.014860667997250106	0.6136437058391041	0.6136694203578867	187	0	0.5449359133134593	0.1185140712673667	0.0001977034591228412	0.6136437058391041	1.3010426069826053e-18			0	1	1	1	0	0.8697674418604651	0	1	draw1016	True
-1.1735539693331796	-1.7988704694670208	0.7584611442064048	0.1967771250057768	0.7960249056957207	0.7961028362506113	158	0	1.0714398623867192	0.05663983202595063	0.13827710089899792	0.7779841382381744	1.1405806854547507e-16			0	1	1	1	0	0.8777777777777778	0	1	draw1017	True
-4.089812358470664	-4.089812358470664	1.285516057461701	0.00041389471811672114	7.131831816966281	7.131837399663528	250	0	0.0012137258988362985	9.998968841893947e-07	1.285516057461701	0.00041389471811672114	3.552713678800501e-15			1	1	1	1	0	1.0	0	1	draw1022	True
-0.3368772418331043	-2.599918851326798	0.2110378019226051	0.8421206328091658	1.9669661163310213	1.9669870451166265	147	0	1.2181008908854438	0.04183570537086787	0.00010399933656357363	1.9669661163310213	8.402566836762659e-19			0	1	1	1	0	0.8698224852071006	0	1	draw1025	True
-3.700485873053574	-3.700485873053574	0.9359844203936012	0.00042938378132005605	0.10384814339853995	0.10389825749395426	218	0	0.001569747319789751	9.99410433130341e-07	0.9359844203936012	0.00042938378132005605	5.783134388037681e-16			0	1	1	1	0	0.8755020080321285	0	1	draw1026	True
-1.43300220221346	-1.4672569282554744	0.39847381805937415	0.010824151026327267	0.2456105072029954	0.2456107617923783	182	0	0.23560384224626485	0.00158800733146145	0.3441553718978075	0.08022570330683085	2.0339632755828063e-16			0	1	1	1	0	0.896551724137931	0	1	draw1031	True
-0.5615473123847898	-3.5990927865160787	2.3231769275586203	0.02127572447350863	0.8410927912379114	0.8413183467213278	196	0	4.02767778661363	1.7194645878778865	0.002419265960094446	0.8410927912379114	3.3306690738754696e-16			0	1	1	1	0	0.8828828828828829	0	1	draw1035	True
-0.9030937273009791	-3.1069876215327445	0.36957026283600447	0.17826231850198954	0.6647399793648932	0.6647540211079841	156	0	0.3424051769353643	0.03457328019385658	0.0012725081366132347	0.6647399793648932	3.469446951953614e-18			0	1	1	1	0	0.8666666666666667	0	1	draw1036	True
-0.24947103022609998	-0.9903435542873608	0.08956558475690578	0.023017331484791872	0.7680970104653706	0.7681501772464314	182	0	1.1942813674882986	0.07943884893486648	0.0002892230082242234	0.7680970104653706	2.2768245622195593e-18			0	1	1	1	0	0.896551724137931	0	1	draw1039	True
-1.1855056411189184	-1.41861308397691	0.3750827527662412	0.0011652088665736633	0.35965151609538387	0.3597489913949668	213	0	1.0744090404427211	0.304906268650551	0.07618419561451362	0.3394383160842247	2.1597307275911248e-16			0	1	1	1	0	0.9063829787234042	0	1	draw1044	True
-0.8359909252228457	-0.9117986730514394	0.19568195509285657	0.005489669871947354	0.4886093190628407	0.48871830512742237	199	0	0.6348205661283327	0.048569275286980296	0.12487709796895466	0.339330836691846	1.6729239521451333e-16			0	1	1	1	0	0.9170506912442397	0	1	draw1045	True
-0.7889411967688197	-0.7916048395532446	0.03471572748545181	0.00027074549106529625	0.06297988334699645	0.06307169009316996	231	0	0.016422780731902707	0.00305072693317401	0.03195468113118014	0.012087586154556209	5.068645156369733e-18			0	1	1	1	0	0.8716981132075472	0	1	draw1049	True
-8.91418209836107	-8.91418209836107	0.01777544785505631	0.08574839544853358	0.24176408507583957	0.08573860103981001	56	0	0.10426857566755372	0.8482571879008505	0.01777544785505631	0.08574839544853358	4.996003610813204e-16			0	0	0	0	0	0.24347826086956523	0	1	draw1051	True
-0.8822261755449479	-0.8919054537036725	0.009924571126157126	8.80554378723766e-05	0.043997270844491065	0.04401748728391515	249	0	0.036337977830815854	0.02408425325152483	0.003915535866991203	0.03201237906498284	2.168404344971009e-19			1	0	1	1	0	0.89568345323741	0	1	draw1056	True
-0.23161829588697083	-0.26002614925200473	0.005780436856498593	0.0023435605525854893	0.06363798601340646	0.06365240775834663	186	0	0.25216126844487585	0.06664067725769564	0.003135062062031783	0.055033055183323264	4.87890977618477e-18			0	1	1	1	0	0.7848101265822784	0	1	draw1057	True
-0.33596726538481153	-0.3415332872528812	0.008315941699194604	0.0015213127047536694	0.08865929228359896	0.08868839890038382	200	0	0.052142919712640914	0.0029324654129829434	0.00793974382939093	0.01623698837467557	2.42861286636753e-17			0	1	1	1	0	0.9049773755656109	0	1	draw1058	True
-0.7266794051919899	-1.122925537628951	0.31496279177718967	0.0002663671758728155	0.5208512852380746	0.5209516334475387	242	0	1.669246679763262	0.6751881744909122	0.002257472919569653	0.5208512852380746	6.938893903907228e-17			0	1	1	1	0	0.9201520912547528	0	1	draw1061	True
-0.1814987468535051	-1.0136373414461999	0.14100744763720371	0.49956225964056716	0.805193265027718	0.8051986862125902	137	0	1.1378376398361116	0.02348148015301028	6.803064640072384e-05	0.805193265027718	1.8431436932253575e-18			0	1	1	1	0	0.85625	0	1	draw1062	True
-0.34181633000932754	-0.34181633000932754	0.004201377827025984	0.3099456267443117	0.4879296567172628	0.30948304197143295	38	0	1.2138321064701945	1.6964300061283832	0.004201377827025984	0.3099456267443117	3.885780586188048e-16			0	0	0	0	0	0.15702479338842976	0	1	draw1064	True
-0.5562447007182656	-1.9882727692908613	0.7221261975463241	0.01108268264659057	0.8538297905420175	0.8541169640285933	190	0	1.7426079372298149	0.7040970228055395	0.008946755658341228	0.8538297905420175	2.220446049250313e-16			0	1	1	1	0	0.8715596330275229	0	1	draw1069	True
-2.830450138193118	-7.796715449753232	1.2783551555524777	1.6731966408180563	5.3369611482329224	5.33717204357751	149	0	0.8463481930696595	0.0683214275230213	0.008377718509905823	5.3369611482329224	5.204170427930421e-18			0	1	1	1	0	0.8764705882352941	0	1	draw1070	True
-0.5259534639780893	-0.5720245926808647	0.051250544858493834	0.0015899765502903741	0.11306807122482936	0.11324040513209271	204	0	0.1390147688230923	0.02086692763848187	0.0398113721592921	0.05761957848426284	3.5128150388530344e-17			0	1	1	1	0	0.8755364806866953	0	1	draw1071	True
-2.2195697568652784	-2.916562454033385	0.5821449588006201	0.0007758532469656995	0.9193016333756363	0.9193113445948213	211	0	0.8514522634130959	1.0093003075069709	0.042487715281827876	0.9171412085859751	4.440892098500626e-16			0	1	1	1	0	0.9134199134199135	0	1	draw1072	True
-0.5173958786992605	-0.5173958786992605	0.06594152407691012	0.00023519765736459568	0.12859480374083412	0.12860569577746825	230	0	0.0010240862524566407	9.99306802482691e-07	0.06594152407691012	0.00023519765736459568	1.1518563880486e-15			0	1	1	1	0	0.8712121212121212	0	1	draw1073	True
-0.5905894706983735	-0.5905894706983735	0.0486592293907057	0.0004532297578912167	0.10871348885615381	0.10881479319108783	221	0	0.0009219868109116094	9.989420591272494e-07	0.0486592293907057	0.0004532297578912167	1.0408340855860843e-17			0	1	1	1	0	0.8983739837398373	0	1	draw1074	True
-0.6994721115672876	-1.0780463370617879	0.11264869058230079	0.1073947593973547	0.7062093245682275	0.7062250295136676	159	0	0.8433283566176425	0.11116569240046738	0.005756175395126696	0.7059761027444377	1.3010426069826053e-17			0	1	1	1	0	0.8833333333333333	0	1	draw1075	True
-0.04148878804114042	-0.8136237729223201	0.16416536349692368	0.00934290964865633	0.4967639325972102	0.49676663895630524	206	0	2.0448157127956392	1.2356126266215313	0.010518238915147698	0.4792655726636555	2.7755575615628914e-16			0	1	1	1	0	0.8306451612903226	0	1	draw1080	True
-2.9093011554276953	-6.9972461168523425	0.3180680870139148	0.5532722064001755	3.554921172903244	3.554993759539932	159	0	0.5879340866575802	0.07742502744378833	0.000570829386381984	3.554921172903244	2.574980159653073e-18			0	1	1	1	0	0.8784530386740331	0	1	draw1082	True
-0.6590207311963634	-1.726905448420188	0.7453557053883877	0.012853739062858706	0.12732408938335527	0.12732538548095407	166	0	0.16556527571427684	0.004788308595201234	0.009753083510490979	0.12691746392584527	2.5478751053409354e-18			0	1	1	1	0	0.8645833333333334	0	1	draw1083	True
-0.4428512300995146	-1.014905417830921	0.0747069203021557	0.014892591359637341	1.1285909066120277	1.1294142454945428	192	0	1.8525820176762704	0.08770216755388424	0.0015546219178136542	1.1285909066120277	2.6020852139652106e-18			0	1	1	1	0	0.8727272727272727	0	1	draw1085	True
-0.7660103032538947	-0.9998956876662781	0.24667512686086318	0.03807023038290462	0.5898107326956611	0.5898215546439973	177	0	1.5227589500938494	0.04658614899507015	0.09969059288902798	0.4753093144459316	1.734723475976807e-16			0	1	1	1	0	0.8939393939393939	0	1	draw1086	True
-0.3714113691509179	-0.37437776648288723	0.03452776315275216	0.00029392119988036437	0.06693392157341961	0.06694502203827715	238	0	0.010000000000047755	3.550287188708622e-05	0.03406859949535995	0.0016490847733292267	4.163336342344337e-17			1	1	1	1	0	1.0	0	1	draw1087	True
-1.1523164851337997	-1.1523164851337997	0.14934016519900611	0.00016145132529967214	0.2270607153661343	0.2272319715895378	251	0	0.00016099801399354269	9.99730557619042e-07	0.14934016519900611	0.00016145132529967214	5.551115123125783e-17			0	1	1	1	0	0.9261992619926199	0	1	draw1088	True
-1.7680713133568604	-2.9622713907096774	1.846646201135679	0.24606980773487563	0.759366154632869	0.7594477638300577	148	0	1.0177611616199762	0.027469984215681024	0.28566460595505766	0.7483478515656362	1.2836953722228372e-16			0	1	1	1	0	0.8654970760233918	0	1	draw1091	True
-1.077218614650325	-1.863476384606027	0.848968226773725	0.15001724537464053	0.9497472917782827	0.9498348072916022	157	0	0.9964889427743847	0.062444492616042444	0.016656296340838404	0.9497472917782827	5.168086824377388e-17			0	1	1	1	0	0.8722222222222222	0	1	draw1099	True
-2.7925455010736004	-2.8051489447039257	0.010760768318965521	0.023146160856745444	0.03322437953617079	0.033224469024499916	126	0	0.011843875486356186	0.0006239300078383527	4.867412395976989e-06	0.03322437953617079	8.470329472543003e-22			0	1	1	1	0	0.7924528301886793	0	1	draw1102	True
-0.18660690096792687	-5.339906494054318	4.20683285194499	0.6199886883213092	1.7757227676657195	1.7762174164021742	155	0	3.2947071343393834	0.947273696331995	0.007306590384088618	1.7757227676657195	6.661338147750939e-16			0	1	1	1	0	0.8333333333333334	0	1	draw1103	True
-0.2866372430289021	-0.3756366139319205	0.03391268585422777	0.0033038951238952056	0.12192012476155314	0.12192535944039246	186	0	0.7289095602406874	0.11759874285380156	0.000290097727449927	0.12192012476155314	5.9834407394043776e-18			0	1	1	1	0	0.8899521531100478	0	1	draw1104	True
-0.5006461706608746	-1.0752435107092178	0.24056163693801802	0.15541145955040034	0.5478868235885628	0.5479142281664242	153	0	0.7924767497875113	0.01773270626365896	0.00223984624736271	0.5387716570691025	3.469446951953614e-17			0	1	1	1	0	0.85	0	1	draw1106	True
-0.6860622942549003	-0.9105683757898286	0.022607984857438982	0.004075242937724149	0.3453573295758665	0.3453687105012408	201	0	0.4359523480163915	0.3714786719486178	0.009590505381656471	0.3393607312276518	6.071532165918825e-18			0	1	1	1	0	0.9054054054054054	0	1	draw1109	True
-0.14805452063003585	-0.33449823071627927	0.027955802480253165	0.009980797503218113	0.07102823382580614	0.0710282341020533	169	0	0.7437493674621242	0.10420370665691152	1.1437284452769225e-06	0.07102823382580614	6.169787987800324e-18			0	1	1	1	0	0.8535353535353535	0	1	draw1110	True
-0.8510960057420457	-1.0351348852879487	0.0832326922805143	0.0041777410971375935	0.5202529583889222	0.5202821188156054	205	0	0.6170340975961308	0.5600048278312431	0.0008332238027574735	0.5202529583889222	4.5102810375396984e-17			0	1	1	1	0	0.9111111111111111	0	1	draw1115	True
-0.8586182202834823	-0.9299997423203211	0.08408043973131375	0.0015737514822733779	0.16194412912429892	0.16195854580250113	206	0	0.1846173250370061	0.07070999754655534	0.020187211541103273	0.15512491968562747	3.469446951953614e-18			0	1	1	1	0	0.8373983739837398	0	1	draw1117	True
-0.9850499305794922	-1.0011511251770402	0.04959931196829477	0.04775071064751728	0.1460937037416257	0.05034437762892915	107	0	0.1545955964040577	4.5866156065061615e-05	0.047843588423536115	0.1460937037416257	6.938893903907228e-17			0	1	0	1	0	0.7328767123287672	0	1	draw1118	True
-0.2630971591742115	-1.6100595682977428	0.6464279012294812	0.035183353304866334	0.2904411819365982	0.29045385258835943	168	0	0.7282437184845372	0.03960965414261021	0.0009835038968100686	0.2904411819365982	1.8931239310692816e-17			0	1	1	1	0	0.8704663212435233	0	1	draw1120	True
-0.42019083323963047	-0.850069746909315	0.17946159799605674	0.13381014045182138	0.240790651017764	0.24079144021214288	131	0	0.5687788358688946	0.0029450956231436547	0.000529672212580827	0.24074349038132245	6.2341624917916505e-19			0	1	1	1	0	0.8291139240506329	0	1	draw1121	True
-2.022044511846842	-2.4045801071761566	1.1657449058086853	0.0036159907275820813	1.139516177466628	1.1396300769042378	218	0	0.6673948323016679	0.182269477047288	0.31343416208558905	1.044977013112137	8.906720846968419e-17			0	1	1	1	0	0.923728813559322	0	1	draw1122	True
-1.1841738908672137	-1.628222272743821	0.11882107422939264	0.0007896453430737551	0.07758158781378237	0.07765630497879748	198	0	1.4763354790929941	0.18039059363686058	0.004375078546766975	0.07758158781378237	9.790345617544105e-17			0	1	1	1	0	0.8608695652173913	0	1	draw1123	True
-0.9528962280760005	-2.1540390285410225	0.8864769572440527	0.3228957140553623	1.3138828685707304	1.313896579996075	155	0	1.3533529456790976	0.03524144631404032	0.00415382491228294	1.3138828685707304	1.919037845299343e-17			0	1	1	1	0	0.8659217877094972	0	1	draw1125	True
-2.502793294574205	-6.410409051614832	0.14701606633981368	0.08061154423089385	1.80141333364208	1.8018140817999662	184	0	0.35746183046412483	0.7332335767099782	0.004427960946771093	1.80141333364208	6.5052130349130266e-18			0	1	1	1	0	0.9019607843137255	0	1	draw1130	True
-1.0734962235852936	-2.1443281962497354	0.31438797462503393	0.13747874594387136	1.4690312350598016	1.4693877519534966	166	0	0.9113867390809143	0.07641663851094987	0.009719706402440308	1.4690312350598016	1.9081958235744878e-17			0	1	1	1	0	0.8783068783068783	0	1	draw1131	True
-0.6108292897245248	-0.7777859090901884	0.01412476090184717	0.1034102226138762	0.505745088058064	0.5057506081650543	150	0	0.7027269934567072	0.012245118670045567	3.3958504097552576e-05	0.505745088058064	1.8973538018496328e-19			0	1	1	1	0	0.8620689655172413	0	1	draw1132	True
-0.3735675583551515	-0.7188209865342874	0.08832082421250688	0.00746989164271373	0.17631263553573231	0.1763145313023766	183	0	0.4472203071250174	0.11193816849828586	0.0002039051979885942	0.17631263553573231	8.890457814381136e-18			0	1	1	1	0	0.8755980861244019	0	1	draw1133	True
-1.1303766346613264	-2.1723625823515818	0.18503201787250806	0.05346108883299563	1.4943072547700285	1.494847804074865	180	0	0.9034586736918874	0.08126445204458918	0.00468283302804508	1.4943072547700285	5.204170427930421e-18			0	1	1	1	0	0.8823529411764706	0	1	draw1135	True
-1.6352035313359632	-8.190742817354076	16.205992261802873	0.3123093063877158	3.460482712575861	3.4604828542893187	168	0	1.0403474770168475	0.05436862124525023	0.0016113557336670655	3.460482712575861	8.326672684688674e-17			0	1	1	1	0	0.8795811518324608	0	1	draw1136	True
-0.14685259391539168	-0.17305772682166426	0.004733814607138073	0.00479628754413416	0.07656066592541515	0.07657789742264709	174	0	0.5700588678501075	0.1079081598726043	0.002151830250496704	0.07102375621600877	4.336808689942018e-18			0	1	1	1	0	0.8877551020408163	0	1	draw1138	True
-0.15567018815833694	-0.20354244137698357	0.007815478656751033	0.04813706932948978	0.13788580493624547	0.13789286528088868	148	0	1.0973861174577348	0.2493801895049729	8.25307956441731e-05	0.13788580493624547	2.3852447794681098e-18			0	1	1	1	0	0.8809523809523809	0	1	draw1142	True
-0.7453556534871871	-0.7471737379033118	0.0012732562864806666	0.1008536699589648	0.10521033257086956	0.10521035220996232	114	0	0.14083120869626928	9.87291769993019e-05	1.2818507619893851e-05	0.10519085480857794	3.3881317890172014e-21			0	1	1	1	0	0.7549668874172185	0	1	draw1144	True
-2.554128304906835	-2.9179364605502487	0.526547037365137	0.004661058943632891	0.05745844095330397	0.05746280558652081	178	0	0.021745425145635773	0.003068253622473988	0.0013404160632262273	0.05745844095330397	1.6263032587282567e-19			0	1	1	1	0	0.8557692307692307	0	1	draw1147	True
-0.09083094355120103	-1.1955435709909352	0.35573771180941577	0.10012650094954022	0.4485772165625924	0.4485785204416258	155	0	1.4310195400635646	0.012989753556513085	7.401560380455868e-05	0.4485772165625924	5.421010862427522e-19			0	1	1	1	0	0.8659217877094972	0	1	draw1151	True
-0.4789339003662649	-0.48184788338628987	0.016138599231652968	0.0015621382362712745	0.08984871327060988	0.0898497712290384	201	0	0.03135211367011474	0.000967770165067566	0.01582925956965137	0.013903807684686317	2.0816681711721685e-17			0	1	1	1	0	0.9178082191780822	0	1	draw1158	True
-1.244305246842724	-1.5452702875186708	0.27704681294199696	0.011546816207516034	0.15098585099492362	0.15098595050518895	181	0	2.42065096024662	0.31308857706352516	0.00010014733126486453	0.15098585099492362	7.025630077706069e-17			0	1	1	1	0	0.8916256157635468	0	1	draw1160	True
-3.3126963628083126	-10.54016063871213	26.770330149057187	0.14976575889396887	5.777723814613078	5.7777279875650684	186	0	1.324181767123518	0.14712297160612184	0.009360620121748478	5.777723814613078	2.498001805406602e-16			0	1	1	1	0	0.8899521531100478	0	1	draw1162	True
-3.966067706467852	-6.097913312678898	5.511344631081712	0.0011462681363897218	1.0391139630108257	1.0395507803788702	231	0	1.5412054974685105	0.6984106495173498	0.05533493975977096	1.0391139630108257	7.077671781985373e-16			0	1	1	1	0	0.9094488188976378	0	1	draw1163	True
-0.7246884454265263	-0.7246884454265263	0.11489966299523821	0.0003979296440684163	0.1285682199750437	0.12862020804329674	220	0	0.0016936684378105469	9.987036579225465e-07	0.11489966299523821	0.0003979296440684163	2.42861286636753e-16			0	1	1	1	0	0.9090909090909091	0	1	draw1164	True
-1.8229344257526672	-4.8988635066914075	2.976040581370973	0.06193474804617922	1.4805692886117898	1.4808671066963965	184	0	0.5226016292768667	0.1569714033852574	0.03183177855475725	1.4794424247788995	3.122502256758253e-17			0	1	1	1	0	0.8888888888888888	0	1	draw1171	True
-4.475051496382007	-8.309798838222688	15.879250803326977	0.014639750167923831	1.209622062041483	1.2096820031611748	206	0	0.9828019239744614	0.2648293479762712	0.037799517223979215	1.209622062041483	7.424616477180734e-16			0	1	1	1	0	0.8995633187772926	0	1	draw1179	True
-1.0028270571801476	-1.4109885390259693	0.03672970457136684	0.0196074695136087	0.2990554410893606	0.2992349081620904	176	0	0.2623032890331339	0.08763620759925449	0.0010605643657603176	0.2990554410893606	4.336808689942018e-19			0	1	1	1	0	0.8585365853658536	0	1	draw1182	True
-1.8555245537319243	-2.8976565603951396	2.0052813382815935	0.011911850233742485	0.8262046872551747	0.8263208086623521	188	0	0.6184936573193134	0.03616443421413168	0.1039748229429412	0.82380895630149	4.90059381963448e-17			0	1	1	1	0	0.8867924528301887	0	1	draw1183	True
-0.16737454017124956	-0.2353503765012892	0.013782624998694953	0.0013316734333999095	0.14264885023784699	0.14268712648938897	199	0	1.8975563615387212	0.6337044667561063	0.00017432807130340967	0.14264885023784699	1.1546753136970622e-17			0	1	1	1	0	0.9045454545454545	0	1	draw1185	True
-5.591063535640943	-5.591063535640943	7.293274792572756	0.006400704020642386	6.545452513260886	6.54570393423613	213	0	0.003096972859666041	9.99944580326741e-07	7.293274792572756	0.006400704020642386	2.6645352591003757e-15			1	1	1	1	0	1.0	0	1	draw1186	True
-0.6797242926927555	-1.044736960812671	0.07390012813720191	0.006814382670744504	0.7053595410261939	0.7054417179136738	201	0	0.8371182111407887	0.7038074770945872	0.0005122503089435928	0.7053595410261939	2.710505431213761e-17			0	1	1	1	0	0.9136363636363637	0	1	draw1189	True
-1.0243478075085404	-1.5751494004906195	0.12749549348154252	0.036869839063561366	0.6635816805804898	0.6636306332674035	178	0	0.5653890313470846	0.2568424387410645	0.0016992837634169143	0.6635816805804898	1.3877787807814457e-17			0	1	1	1	0	0.898989898989899	0	1	draw1192	True
-0.2996214353035361	-0.2996214353035361	0.0003513011632181387	0.25656588419520865	0.3473774836049256	0.25639910457083354	33	0	1.1699560876316206	5.565957460924128	0.0003513011632181387	0.25656588419520865	1.1102230246251565e-16			0	0	0	0	0	0.17098445595854922	0	1	draw1197	True
-0.10375693970980909	-1.2094463348484015	0.1897378616875656	0.3512699732573326	1.0032936808778736	1.0032985944590582	152	0	1.835706361854298	0.06289339053790621	5.830426334259393e-05	1.0032936808778736	1.734723475976807e-18			0	1	1	1	0	0.8685714285714285	0	1	draw1198	True
-0.5842244636996441	-0.9510925927898863	0.013753037458135829	0.013718303392882722	0.32488835916402153	0.3249191274626457	182	0	0.4036228904414256	0.27342078047576385	0.0003513427199812938	0.32488835916402153	5.692061405548898e-18			0	1	1	1	0	0.8921568627450981	0	1	draw1199	True
-0.5360387863263134	-0.6161281446885931	0.01469935170573837	0.0006301715618003171	0.24824052737824218	0.24833976220558548	224	0	0.39764394225501576	0.6801164037143903	0.0027819922658578336	0.22686255828783158	8.673617379884035e-18			0	1	1	1	0	0.8924302788844621	0	1	draw1202	True
-0.3270476513650356	-0.47918114638725334	0.013135091856362956	0.0009700720779268598	0.16265544440983995	0.16279885647885012	211	0	0.4205754282670836	0.3330645267312893	0.0007773332956105936	0.16265544440983995	5.204170427930421e-18			0	1	1	1	0	0.83399209486166	0	1	draw1205	True
-0.022210900610707962	-4.1839137267568285	3.057357801877568	0.027749755849620233	1.275917871662616	1.276023831953092	195	0	3.241495091182494	0.5793455002149824	0.00641089232663648	1.2723629545129096	2.7755575615628914e-16			0	1	1	1	0	0.8823529411764706	0	1	draw1206	True
-1.7801434730883154	-1.7801434730883154	0.7085774330273678	0.04372256271245332	1.0859643237798515	1.0859896751668432	176	0	0.03754006238594606	9.96404962254003e-07	0.7085774330273678	0.04372256271245332	8.326672684688674e-17			0	1	1	1	0	0.9072164948453608	0	1	draw1208	True
-1.1575491652281253	-1.4609155952551758	0.18887831017099516	0.00045440648610698276	0.11827501457527607	0.11833954346255175	233	0	0.11620699497475116	0.15789390263887906	0.0032508506392452566	0.11827501457527607	8.673617379884035e-18			0	1	1	1	0	0.91015625	0	1	draw1213	True
-2.266473087360057	-2.564067097828212	0.17120404412982845	0.004308443447801839	1.1374205483697908	1.1375936200295242	215	0	0.4800982940651494	0.12768719193774544	0.014498478801815847	1.1374205483697908	3.686287386450715e-18			0	1	1	1	0	0.8669354838709677	0	1	draw1215	True
-1.8594228216073299	-2.482024956179304	0.12692120187881334	0.030202124644115074	1.08882009857132	1.0888871061238734	186	0	0.48775795604207434	0.1210783522233456	0.002877780439829721	1.0880859575981638	2.3852447794681098e-18			0	1	1	1	0	0.8899521531100478	0	1	draw1216	True
-0.41666198351296174	-2.721863460344218	1.5451387672804746	0.015088364136431082	0.517243806812151	0.5172439007309557	183	0	0.9291817013959128	0.03081580088753169	0.00018786987999919137	0.517243806812151	2.949029909160572e-17			0	1	1	1	0	0.8883495145631068	0	1	draw1217	True
-3.92391170347389	-4.556342954018475	0.40492990303810844	0.0112295609977959	1.1203742974266582	1.1204589559128486	205	0	0.26873812770618627	0.11998921717985668	0.005661265763541593	1.1203742974266582	5.204170427930421e-18			0	1	1	1	0	0.8232931726907631	0	1	draw1218	True
-0.7427664990070194	-1.3460887676559836	0.42726782420065756	0.07354213254353431	0.45540295344720266	0.45541194395830437	163	0	0.6603372033914421	0.06335851584088231	0.0665915071426493	0.43204185447199656	1.1622647289044608e-16			0	1	1	1	0	0.8956043956043956	0	1	draw1222	True
-0.40051308363037896	-2.9813610175023832	1.1285393973798605	0.004883136660867368	0.47759924526959524	0.4776019794445792	195	0	1.4197346132984532	0.032831351913690826	0.000899160312626238	0.47759924526959524	1.6046192152785466e-17			0	1	1	1	0	0.8904109589041096	0	1	draw1223	True
-0.2903023520591056	-1.3819627143247142	0.40390724969276515	0.40591191472315175	0.931930110297596	0.9319313045934435	141	0	1.1577121602093017	0.014888483951481079	0.00025347666305647424	0.931930110297596	6.5865281978494394e-18			0	1	1	1	0	0.8597560975609756	0	1	draw1225	True
-0.9278269731769203	-1.161530669020427	0.006727140805915522	0.0070437694981825465	0.5131786872738434	0.5132088481924572	196	0	0.48694235204762537	0.07041282296193511	2.8207434922905615e-05	0.5131786872738434	1.6263032587282567e-19			0	1	1	1	0	0.8949771689497716	0	1	draw1227	True
-0.9367779203952127	-1.2019407381658818	0.1683209927057985	0.004032354352427318	0.381238309107569	0.3812485636557064	203	0	0.3693698042094868	0.14853993967161255	0.02398508114276319	0.351983539131735	1.734723475976807e-17			0	1	1	1	0	0.8942731277533039	0	1	draw1228	True
-0.9523641497940045	-1.5699428212716384	0.21630884765738914	0.015999245862832072	0.7587943940483182	0.7589718102359275	187	0	0.6330568426494768	0.04482439683395297	0.002683007648134634	0.7587943940483182	1.734723475976807e-18			0	1	1	1	0	0.8820754716981132	0	1	draw1229	True
-0.1887608170849366	-0.8455271065503909	0.020215384124206443	0.043084929983858024	0.8179836490951329	0.8180263758100764	177	0	1.81295996302413	0.12309601348862025	0.00010092817469151317	0.8179836490951329	2.168404344971009e-18			0	1	1	1	0	0.8894472361809045	0	1	draw1232	True
-2.2470070550912986	-2.8811001453149756	0.7685921548725237	0.29376776557049156	1.9195133552952715	1.9198728885650829	155	0	0.7589118427451782	0.04402511544113333	0.018949693276355505	1.9195133552952715	1.734723475976807e-17			0	1	1	1	0	0.856353591160221	0	1	draw1235	True
-0.3695421678439757	-1.4318043190645793	0.4766169054313077	0.0813111867540548	0.46514131940985387	0.4651501451142386	153	0	0.9537595197206669	0.007155942155725628	0.0018123522100405088	0.46514131940985387	1.1600963245594897e-17			0	1	1	1	0	0.8693181818181818	0	1	draw1236	True
-1.0879181812710461	-1.4923800762644763	0.24263497471466847	0.014818984459318937	0.24498229232420582	0.24498301355893765	177	0	0.2004387422961242	0.024207877786302356	0.009442714730435998	0.24183841450179525	1.3010426069826053e-18			0	1	1	1	0	0.8762376237623762	0	1	draw1240	True
-0.20911530025408073	-0.20911530025408073	0.010925205601874544	0.0007402387962759306	0.044956727866138815	0.044998740175045675	190	0	0.006912454190268847	9.992079950735373e-07	0.010925205601874544	0.0007402387962759306	4.163336342344337e-17			0	1	1	1	0	0.8962264150943396	0	1	draw1241	True
-0.870313600557329	-4.979507082482128	5.96600920744629	0.11175305885702948	1.6860383571511792	1.6860501657923932	169	0	1.1755420583466367	0.02356883788038395	0.002622018777996113	1.6860383571511792	1.3877787807814457e-17			0	1	1	1	0	0.8711340206185567	0	1	draw1243	True
-0.22882440680455698	-0.22882440680455698	0.0054473939132028484	0.08773523121201053	0.7059244402479288	0.08762723808692521	42	0	0.4457709316543348	0.33148170297728063	0.0054473939132028484	0.08773523121201053	5.551115123125783e-16			0	0	0	0	0	0.16600790513833993	0	1	draw1245	True
-0.8342995577699509	-0.9003953206348981	0.0430562020587135	0.02261859424584273	0.07933905218719264	0.07933908329960876	144	0	0.09377267500592468	0.0012636067504002008	0.0003552084983071539	0.07920461384050327	4.404571325722362e-20			0	1	1	1	0	0.8372093023255814	0	1	draw1256	True
-0.15706709088432816	-0.47135980851990034	0.009681646923411434	0.0009170841002473182	0.09318434163800328	0.0932315531500218	213	0	0.3859471137888191	0.9607915623025943	4.904002218114031e-05	0.09318434163800328	3.0357660829594124e-18			0	1	1	1	0	0.9141630901287554	0	1	draw1259	True
-1.5382532026892985	-2.8617503007528384	1.9094571740743338	0.3017605457992602	1.284326336216473	1.285046512842599	149	0	1.261658650047621	0.0925087460004387	0.04911509577646558	1.284326336216473	8.500145032286355e-17			0	1	1	1	0	0.861271676300578	0	1	draw1262	True
-1.2758041028050577	-1.4669217382606905	0.1144309196568443	0.23155853768319942	0.2503823794552244	0.25038238029698456	120	0	0.14396933740898935	0.00024439474914589223	0.0006929546584341312	0.25032760260298026	1.0164395367051604e-19			0	1	1	1	0	0.7894736842105263	0	1	draw1263	True
-0.6834614011446204	-0.9091661826965854	0.011601723134910372	0.0700708748783326	0.41331233072041174	0.41331309140636535	156	0	0.5039489652402902	0.031576922468676376	1.796435827374253e-05	0.41331233072041174	3.2610768469290563e-19			0	1	1	1	0	0.861878453038674	0	1	draw1268	True
-1.1054685887065858	-2.6121017681158696	0.8144833940195512	0.0017937205285012928	0.16938244445213552	0.16943827433556247	201	0	0.6202652255605692	0.13967479347407974	0.012831315070389572	0.16938244445213552	1.6581516975450183e-16			0	1	1	1	0	0.8305785123966942	0	1	draw1270	True
-0.3025768346908307	-2.05151947956919	0.027951234519027906	0.05118982985523108	0.27046452473233257	0.27047027187131306	173	0	0.356801288003579	0.23950110622554188	7.56267087380468e-05	0.27046452473233257	8.267041565201971e-19			0	1	1	1	0	0.8781725888324873	0	1	draw1272	True
-0.2953316874873957	-0.3249614745756057	0.020493959622684594	0.007346247794534072	0.028092203139305844	0.028092204408417712	145	0	0.10941102786720085	0.0009922811693429505	0.0006105843781268471	0.02785783920488502	1.4801900753268898e-19			0	1	1	1	0	0.8430232558139535	0	1	draw1273	True
-0.8260915926713883	-0.8746556869869441	0.007575108824715195	0.014399072228931975	0.08058347870643148	0.08058373644438295	155	0	0.09456099678831742	0.0033263387004372437	5.322635948935359e-05	0.08048039723051961	2.0328790734103208e-20			0	1	1	1	0	0.856353591160221	0	1	draw1274	True
-0.7451082060363649	-0.7462604970316962	0.0006145166416923031	0.028957891323933015	0.029577467898736536	0.02957747216347371	115	0	0.03919011062226396	3.3936392057581795e-05	1.941171431348948e-05	0.02956071491640487	2.117582368135751e-21			0	1	1	1	0	0.7666666666666667	0	1	draw1275	True
-1.6012278398434323	-1.6012278398434323	0.6108554494019128	0.1295522177926506	0.88137597247265	0.8813879669152697	162	0	0.13225312615813825	9.992727345453248e-07	0.6108554494019128	0.1295522177926506	7.94178091345632e-17			0	1	1	1	0	0.8709677419354839	0	1	draw1276	True
-0.10589926714383385	-0.6866313366090855	0.05016758528213229	0.009704234663359828	0.6420813466978721	0.6421399546282154	194	0	1.9748587857788726	0.32493003836723344	6.793434101208813e-05	0.6420813466978721	4.7704895589362195e-18			0	1	1	1	0	0.9065420560747663	0	1	draw1277	True
-0.4814678717163775	-1.6054912669961472	0.6299160120657681	0.028553564887869115	0.7048874584099291	0.7048899302184917	176	0	0.9714205232461506	0.120634165307892	0.004668830738318215	0.6973927648542487	2.42861286636753e-17			0	1	1	1	0	0.8844221105527639	0	1	draw1278	True
-5.146081673744714	-5.151849123817822	0.016217507521739467	0.025693291972519957	0.03078071039564671	0.03078071670015241	123	0	0.005950138293479643	6.300587509176064e-05	0.00040971058071288325	0.03067111928406016	2.541098841762901e-21			0	1	1	1	0	0.7935483870967742	0	1	draw1279	True
-0.15466642105381956	-0.17248859116361365	0.0027321146673602095	0.00034135930262758023	0.005439940592440102	0.0054401167501883264	182	0	0.03430629625382112	0.0029760641375917597	0.0001480187228961738	0.005306470543051076	2.710505431213761e-20			0	1	1	1	0	0.8625592417061612	0	1	draw1284	True
-0.2253662054006198	-0.2253662054006198	0.0024925495141486665	9.675803706858491e-05	0.06512968072047033	0.06520402745347213	234	0	0.0004528623848105916	9.999616507264523e-07	0.0024925495141486665	9.675803706858491e-05	1.734723475976807e-18			0	1	1	1	0	0.8830188679245283	0	1	draw1286	True
-1.6378074849095865	-2.960729766974802	0.4827265062684289	0.0006761220200755817	0.24227960287786549	0.24233007664643824	215	0	2.3181048073034694	0.6189037596586668	0.004690441783071127	0.24227960287786549	3.469446951953614e-16			0	1	1	1	0	0.8739837398373984	0	1	draw1288	True
-0.5742794047990522	-0.7347101817909503	0.06467651463297167	0.007474524172417523	0.4492830900547305	0.44928528415404806	187	0	0.6976276061066465	0.03445757711716448	0.00012102698387700873	0.4492830900547305	2.6020852139652106e-18			0	1	1	1	0	0.8862559241706162	0	1	draw1290	True
-0.13282684722316065	-0.5120221946163312	0.050172827142503006	0.0033748645726176057	0.5581383701184853	0.5583409074515582	206	0	2.8753395050317305	0.8162754010974709	0.00021469319154142946	0.5581383701184853	2.42861286636753e-17			0	1	1	1	0	0.9074889867841409	0	1	draw1294	True
-2.037347986712666	-8.501689889296	15.603180225011462	0.3983696745328903	2.568350209530085	2.5683507722832193	181	0	13.449668550906553	0.057654587206453146	6.695126106961218e-05	2.568350209530085	4.242533922912614e-17			0	1	1	1	0	0.8743961352657005	0	1	draw1295	True
-0.3625225012836014	-0.36409268735249467	0.03303901341148056	0.0005400737431851488	0.06415875711327045	0.06416141984263586	212	0	0.0130869561400951	8.429841335487601e-05	0.03268185831327031	0.0025226132445416716	3.469446951953614e-17			0	1	1	1	0	0.8217054263565892	0	1	draw1296	True
-0.32134283209834663	-0.34004531879779276	0.02706603026830553	0.0001875563403635524	0.06875431167141847	0.06880599211380573	219	0	0.5908198444251151	0.17048992468250362	0.0015218734924792637	0.06875431167141847	9.75781955236954e-18			0	1	1	1	0	0.8690476190476191	0	1	draw1299	True
-1.8868856015641204	-3.6954531677811873	0.7393860831846334	0.005115669914793547	1.2603584879692917	1.26036921215002	218	0	0.4838616567255217	0.11014592297425875	0.0020519128316985723	1.2603584879692917	1.3877787807814457e-17			0	1	1	1	0	0.8790322580645161	0	1	draw1301	True
-0.7179716694341586	-1.0018274353251067	0.14326676125920898	0.00786425686780325	0.20528926825390076	0.2053008047773603	186	0	0.3277951676659286	0.12166580662156924	0.0016503590191024784	0.20528926825390076	8.700722434196173e-18			0	1	1	1	0	0.8571428571428571	0	1	draw1303	True
-0.4625996394694372	-0.580765958504292	0.008075793736405797	0.006092302286360645	0.16537590904592933	0.16538587309126584	183	0	0.319735644069319	0.06303466807973819	6.007032009722931e-05	0.16537590904592933	3.2526065174565133e-19			0	1	1	1	0	0.8433179723502304	0	1	draw1305	True
-1.1460301677527633	-1.1460301677527633	0.28307560435685963	8.597873419305644e-05	0.11596649195888187	0.11619763937413112	245	0	0.00023567883245947555	9.999519835723545e-07	0.28307560435685963	8.597873419305644e-05	1.734723475976807e-16			0	1	1	1	0	0.9107806691449815	0	1	draw1313	True
-1.4017528702146078	-1.9354300402789502	0.9210945265609295	0.017159503259524353	0.49741672337394627	0.4976212919509016	186	0	0.507440061017552	0.04121220693326545	0.33334199273076276	0.37366768744494977	1.700029006457271e-16			0	1	1	1	0	0.9073170731707317	0	1	draw1318	True
-0.38159926085980256	-0.7655013731450988	0.07168760937347178	0.3854986223030745	0.6859877800040313	0.6860055985707367	152	0	3.3813344848784337	0.06674061388733372	0.00038408722203036563	0.6859877800040313	1.5382118322138094e-17			0	1	1	1	0	0.8587570621468926	0	1	draw1320	True
-0.593239535584228	-0.9683738568643002	0.05560766656531415	0.0009425170434969266	0.3930248454004751	0.3933866256644958	225	0	0.5328252159033814	0.33845833288709765	0.00354348482594558	0.3930248454004751	1.734723475976807e-17			0	1	1	1	0	0.9	0	1	draw1321	True
-0.42467570400920546	-0.46565863430686694	0.020331544757916344	0.07594049660204324	0.08338238619524906	0.08338238918191912	119	0	0.21553407311383943	0.0001454227853127442	0.00017332573038264615	0.08334689564234582	5.378659215064807e-20			0	1	1	1	0	0.7828947368421053	0	1	draw1322	True
-0.3544732706598423	-1.104912532936217	0.2946973229564126	0.03161144870458324	0.20995114910015078	0.20995938273149392	170	0	0.6107911897897321	0.09933592221184409	0.011517536101752691	0.20380334197089955	2.0816681711721685e-17			0	1	1	1	0	0.8900523560209425	0	1	draw1323	True
-0.26961186115875724	-0.3226701492073821	0.020131644274973572	0.0008075290812533826	0.1498368421758177	0.149840927696493	211	0	1.0003457588691855	0.22395437794320142	0.00023285613791307135	0.1498368421758177	1.0408340855860843e-17			0	1	1	1	0	0.8755186721991701	0	1	draw1325	True
-4.006032169903382	-6.540877890524154	0.2515277208221818	0.26036960762519545	4.456183839529273	4.456250471138797	171	0	0.7560479762061293	0.060991814079495284	0.0025052837641846054	4.456183839529273	4.7704895589362195e-18			0	1	1	1	0	0.8724489795918368	0	1	draw1326	True
-2.0306329756668875	-3.3509095383621426	2.2144762095359645	0.00341133812415509	1.3190614654506443	1.3190786733070199	212	0	1.2189294973553921	0.7374327829436724	0.089636995506603	1.3088076813372034	5.551115123125783e-16			0	1	1	1	0	0.9217391304347826	0	1	draw1327	True
-0.7051139794879198	-0.7690441794788323	0.14515471916598593	0.010703311237627921	0.28588583796759	0.2861231629969714	185	0	0.2552910067154567	0.007654579273322701	0.11062178502767572	0.10485662721466428	2.7755575615628914e-16			0	1	1	1	0	0.9068627450980392	0	1	draw1329	True
-0.45757158412249166	-0.6884712130872214	0.11757854406635324	0.11632338014146601	0.4154430798711466	0.4154494121907728	144	0	1.2121175817054444	0.029853884346428418	0.001206615533231826	0.4154430798711466	7.306506203015595e-18			0	1	1	1	0	0.8571428571428571	0	1	draw1336	True
-1.671220200472568	-3.080166867914209	1.9000305476061492	0.016686060602920154	0.6674823478606192	0.1817950742996317	201	0	0.8833466826409668	0.04947746382650221	0.29993196912016123	0.6674823478606192	1.7208456881689926e-15			0	1	0	1	0	0.8170731707317073	0	1	draw1338	True
-0.2603987850870822	-0.2603987850870822	0.0030946210111615223	0.003750146709659639	0.15394643239531342	0.1539735140876512	186	0	0.01515053522236629	9.986767813606558e-07	0.0030946210111615223	0.003750146709659639	4.445228907190568e-18			0	1	1	1	0	0.9073170731707317	0	1	draw1339	True
-0.9070295759950735	-1.3623590800350804	0.1458025703632178	0.007039554779306765	0.3263785544701555	0.3264368490847324	190	0	9.871392946628603	0.28127254283416786	0.0006902452793235384	0.3263785544701555	9.803898144700174e-17			0	1	1	1	0	0.892018779342723	0	1	draw1340	True
-2.6040691840742203	-2.6481705476421267	0.047450103599277094	0.006624627893484665	0.17249610893984668	0.17249808237757322	189	0	0.06407217176712222	0.0068237092729174316	0.0020678660776263843	0.16776362504354958	1.6263032587282567e-19			0	1	1	1	0	0.8915094339622641	0	1	draw1341	True
-0.2005472529731407	-0.5089222489365094	0.03431803416318009	0.08064430036671578	0.4000914003403623	0.40010887015463353	153	0	1.0928732893230695	0.055153513638756244	0.0004402807993983867	0.4000914003403623	3.0357660829594124e-18			0	1	1	1	0	0.8742857142857143	0	1	draw1345	True
-0.6406221928660771	-1.2842156078338214	0.381236290965288	0.03317824266729223	0.44885385166021846	0.4489396154590116	169	0	0.5980888356002224	0.07989564081873105	0.00477850272720803	0.44885385166021846	1.3877787807814457e-17			0	1	1	1	0	0.8164251207729468	0	1	draw1347	True
-2.9306398431219263	-4.734736939944277	0.16224973951542712	0.1461040394019569	1.1416917239915065	1.1418222043019253	162	0	0.2847546072751304	0.024935087719075433	0.0014366353667845564	1.1416917239915065	4.336808689942018e-19			0	1	1	1	0	0.8663101604278075	0	1	draw1348	True
-0.24278939320898002	-0.5309524107766133	0.023250504725478977	0.0009661931702097756	0.2845278139131731	0.28453660388409685	218	0	0.9455105053241297	0.22748374974336233	0.0001751352033493307	0.2845278139131731	4.336808689942018e-18			0	1	1	1	0	0.9045643153526971	0	1	draw1353	True
-0.7342510144449859	-0.8890756135565667	0.09525617308084992	0.030146470333311214	0.4381962183849756	0.43823422989989064	168	0	0.580151295021505	0.04212391831685973	0.0011114245496010233	0.4381962183849756	2.6020852139652106e-18			0	1	1	1	0	0.8704663212435233	0	1	draw1357	True
-1.4872797889881433	-1.801959651145029	0.05876502867430289	0.017305284880125563	0.5362312413543012	0.5364360893526076	186	0	0.3363152849357585	0.15070780392843142	0.0015423143829009054	0.5362312413543012	1.8431436932253575e-18			0	1	1	1	0	0.8691588785046729	0	1	draw1362	True
-0.31266287084885613	-0.8968249387848144	0.17060123872490482	0.016871157985051292	0.5500511525667818	0.550059744149396	183	0	1.363695736379842	0.060531720610006765	0.00021837833688605408	0.5500511525667818	2.6020852139652106e-18			0	1	1	1	0	0.8840579710144928	0	1	draw1363	True
-0.23984090973325609	-0.34121099139843586	0.008012736997886048	0.00022312254312767995	0.1274446946012147	0.12754255500572817	230	0	0.5536980450504381	0.2955963125918586	0.00029292504604768675	0.1274446946012147	2.168404344971009e-18			0	1	1	1	0	0.8582089552238806	0	1	draw1365	True
-0.6395793619615314	-1.405651276257679	0.051454907748430145	0.6011721678339628	1.226730254264398	1.226782230960293	140	0	0.992195142591653	0.026083040065566276	0.00038820824947581356	1.226730254264398	8.673617379884035e-19			0	1	1	1	0	0.8588957055214724	0	1	draw1367	True
-1.0726285864563552	-5.978551890115838	1.5187938364280795	0.038749979411689096	0.1524022832701649	0.15244313188005773	170	0	3.2781579893220343	0.0807859577818983	0.0029636041177928513	0.1524022832701649	8.149153107789894e-17			0	1	1	1	0	0.8717948717948718	0	1	draw1368	True
0.029015584758098352	-2.1920641284603657	1.0683573214262951	0.6267445178265002	1.3207321542059907	1.3207645751218113	185	15	10.236249770881983	2.470804959454116	0.0032782418216370612	1.2267037526640105	2.7755575615628914e-16	1.1636000358602763	0.00547377717729687	0	1	1	1	0	0.8564814814814815	0	1	draw1372	True
-0.12777821255733873	-0.6258258643796286	0.09054125002525039	0.014489154072917605	0.5877999352367829	0.5878164773419233	204	0	4.10948356158469	3.9497072359851924	0.0016991362008590423	0.5623225154201301	2.7755575615628914e-16			0	1	1	1	0	0.8464730290456431	0	1	draw1374	True
-0.8622477125961783	-2.6196091212017563	1.1963876656339296	0.017629823932163908	0.6782284713659507	0.6784855195756772	190	0	3.100907461145174	0.3799104354099907	0.0038413183590310187	0.6782284713659507	1.1937065919065404e-16			0	1	1	1	0	0.8878504672897196	0	1	draw1377	True
-1.5426433488777838	-2.028253765193921	1.024205330718504	0.001721493708855135	0.6531543102638936	0.6532357630412222	218	0	0.8207058571281088	0.13376584440593212	0.01901767412017252	0.6531543102638936	6.632606790180073e-17			0	1	1	1	0	0.9083333333333333	0	1	draw1378	True
-1.324341607210681	-1.7903278368542617	0.26923131910490256	0.005422637202478416	0.45818245635170873	0.45835497596081864	203	0	0.34445390882627763	0.13930750514893053	0.0062163210909552055	0.45818245635170873	6.938893903907228e-18			0	1	1	1	0	0.8638297872340426	0	1	draw1382	True
-0.9989952247775379	-1.0075601736752144	0.03584091677912383	0.0017725387276708506	0.2684504951020647	0.26851680031854286	212	0	0.1707900198578514	0.0499709218176369	0.027413349575413488	0.1652658584787962	6.938893903907228e-18			0	1	1	1	0	0.8796680497925311	0	1	draw1386	True
-0.33343328510043635	-0.8552675084662801	0.13557963477691207	0.07431266168855641	0.17040889505992168	0.17041266296627308	141	0	0.8600747478478226	0.03376893454809279	0.0008764818161961439	0.17040889505992168	2.4119263173066202e-17			0	1	1	1	0	0.8597560975609756	0	1	draw1387	True
-0.5698514803420828	-1.447448589282306	0.3486858508194094	0.006437308519397523	0.6237722330447042	0.6244143822518673	190	0	1.6245820972874914	0.9372249752435673	0.009717341814589654	0.6237722330447042	1.6653345369377348e-16			0	1	1	1	0	0.8558558558558559	0	1	draw1389	True
-0.4180526288660598	-0.901308635556288	0.19929252193417463	0.02239091490793036	0.5137875197005808	0.5137951474747233	181	0	1.7452914382555758	0.5302574393013213	0.00035213990275536516	0.5137875197005808	6.938893903907228e-17			0	1	1	1	0	0.900497512437811	0	1	draw1391	True
-0.5492760787936919	-3.2436687369926362	2.4236696329463285	0.030339784993881864	1.8488561261053411	1.8488867090028265	193	0	1.6318767751638508	0.06213787422919493	0.004227000296685114	1.8488561261053411	2.78911008871896e-17			0	1	1	1	0	0.8772727272727273	0	1	draw1393	True
-0.7620060759796042	-1.0172409580821398	0.07094666889034251	0.14787691688158472	0.5093283899506285	0.5093317421886584	143	0	0.566656340764245	0.005461953387375606	7.413986945556596e-05	0.5093283899506285	2.710505431213761e-19			0	1	1	1	0	0.8411764705882353	0	1	draw1395	True
-0.3289784622838967	-0.3289784622838967	0.005480155574069236	3.082127592902192e-05	0.006758482934704113	0.006773477748708706	228	0	0.00010000000000099895	9.266206759969638e-06	0.005480155574069236	3.082127592902192e-05	1.4971307342719758e-18			1	0	1	1	0	0.7524752475247525	0	1	draw1401	True
-1.2327571316123254	-1.2327571316123254	0.28250037763823543	0.00026742743834406416	0.15472317453290238	0.15473958609375565	238	0	0.00028863410726127675	9.997333791035618e-07	0.28250037763823543	0.00026742743834406416	2.7755575615628914e-17			0	1	1	1	0	0.8292682926829268	0	1	draw1403	True
-0.753780958106231	-0.79865471390094	0.020533080688010002	0.10349482171519947	0.4633760465063942	0.46340477497679683	147	0	0.6026242840375121	0.008547074825545287	9.990748008523515e-05	0.4633760465063942	2.168404344971009e-19			0	1	1	1	0	0.8497109826589595	0	1	draw1405	True
-1.2591698036784447	-2.1593652394478773	0.7911407714328603	0.09837575395809212	0.8881224341265969	0.8882140752949357	167	0	0.748370062681076	0.11514982632624932	0.06920015994769302	0.8859254035459861	6.699691799602614e-17			0	1	1	1	0	0.8789473684210526	0	1	draw1407	True
-1.1484888985592954	-1.2531283436096972	0.2032854230471595	0.0455383350614038	0.2186696436365008	0.1254263514718223	150	0	0.20858484706942887	0.0002869592272439492	0.12724097652315328	0.2186696436365008	8.326672684688674e-17			0	1	0	1	0	0.7731958762886598	0	1	draw1411	True
-0.4788098805847531	-0.4788994000331943	0.056007037366250144	0.001052254114183709	0.07836109964880408	0.07836193434748141	199	0	0.008662155794484962	4.895897160536954e-06	0.055932654356291404	0.0017616457685652395	1.0408340855860843e-16			0	1	1	1	0	0.8766519823788547	0	1	draw1412	True
-1.1187399168895316	-1.1187399168895316	0.30144873698085484	0.0016320577143841704	0.4797588309413192	0.47978225282371084	214	0	0.0024541750228475523	9.99161094657559e-07	0.30144873698085484	0.0016320577143841704	8.023096076392733e-17			0	1	1	1	0	0.9106382978723404	0	1	draw1416	True
-0.16405497052484314	-0.5633720392702655	0.033976565227883886	0.03169407998470815	0.3276011240887477	0.3276746848490628	172	0	1.1272123616086824	0.7016988716979177	0.00047466735134318384	0.32725208197581435	1.734723475976807e-17			0	1	1	1	0	0.86	0	1	draw1417	True
-0.22016766712912983	-0.7840304959195179	0.11648941721885359	0.01998526385255333	0.49303416933566	0.49303523876461325	180	0	1.3193595229454997	0.059428745588412414	4.9746102975413496e-05	0.49303416933566	3.211948935988307e-18			0	1	1	1	0	0.8910891089108911	0	1	draw1418	True
-0.2874837484594355	-2.651515745589704	1.355203308710463	0.10713463833380997	1.060569076627113	1.060602659702521	166	0	0.9325426481957637	0.351449059553302	1.0469537002742515	1.0009764438188031	7.771561172376096e-16			0	1	1	1	0	0.7980769230769231	0	1	draw1421	True
-0.33064694103005343	-0.9017374901768989	0.027931094559738256	0.010856972458584377	0.6983649139417204	0.6983941525151963	193	0	1.1409641749966712	0.259118597042918	7.904356215137251e-05	0.6983649139417204	3.903127820947816e-18			0	1	1	1	0	0.8976744186046511	0	1	draw1425	True
-0.7168559988739742	-1.1141417062114816	0.19522532112611143	0.008183143383740996	0.4333316536884288	0.4333499022958045	190	0	0.543805288762605	0.06610872397011244	0.001098625312494161	0.4333316536884288	9.75781955236954e-18			0	1	1	1	0	0.8878504672897196	0	1	draw1428	True
-0.46353824373547414	-0.6556734551773052	0.019076754995997994	0.009570991568718348	0.23610721661506018	0.23617154599011778	181	0	0.4366691849935966	0.15126388397133533	0.0006149292140008212	0.23610721661506018	3.903127820947816e-18			0	1	1	1	0	0.8660287081339713	0	1	draw1429	True
-1.0170250729548265	-1.4300358764157213	0.12141056279112937	0.01591000431379761	0.5205532504127187	0.5205567595250555	186	0	0.42892167384159957	0.2293599733523423	0.00037877585006351684	0.5205532504127187	1.1275702593849246e-17			0	1	1	1	0	0.8985507246376812	0	1	draw1431	True
-0.7323440231207269	-1.3418047805193059	0.31573482570071676	0.00649197382106584	0.8691019794720333	0.8694759307734806	200	0	1.0036705029908395	0.08574714365158725	0.00563006501707157	0.8691019794720333	1.0408340855860843e-17			0	1	1	1	0	0.8888888888888888	0	1	draw1432	True
-0.11467077172241405	-0.11807634548357684	0.00046535714302665927	0.00031492847483420973	0.0021099723595552735	0.002110002733661456	170	0	0.016911266827809454	0.001762460933326385	5.758730134700168e-05	0.0019245709385300842	1.1858461261560205e-20			0	1	1	1	0	0.8808290155440415	0	1	draw1435	True
-0.6999259307409594	-1.2435112403302095	0.27164307313443503	0.050646640275336115	0.8224899573169951	0.8225511296351181	173	0	0.9488250521052108	0.22813615423932476	0.03503242812505279	0.8055359869783246	5.551115123125783e-17			0	1	1	1	0	0.9010416666666666	0	1	draw1439	True
-0.10118936437210063	-1.0483851332269642	0.07294687747164105	0.04885881972973381	0.7137846859965014	0.7138003875081886	174	0	1.115126064880316	0.2988658491627354	8.480677729041103e-05	0.7137846859965014	1.3877787807814457e-17			0	1	1	1	0	0.883248730964467	0	1	draw1447	True
-0.14551517875730535	-0.14554666977629938	0.005288843037698873	0.000121587921272286	0.04351420282896301	0.043528126901896766	220	0	0.002690632899509034	4.000711025477163e-06	0.005282585538095934	0.0002015987884376174	3.469446951953614e-17			0	1	1	1	0	0.8695652173913043	0	1	draw1448	True
-0.4964753768552118	-1.4475899257685674	0.30951527844207116	0.008362025078687987	0.5672439544848962	0.5672439684015275	200	0	0.9538048583748773	0.20883450740606546	3.369136515498567e-05	0.5672439544848962	2.0064516454559866e-17			0	1	1	1	0	0.8888888888888888	0	1	draw1451	True
-2.570182768657768	-2.6590940994243777	0.2893743266729878	0.0005402916259640614	0.6683647549913123	0.6683756898472868	247	0	0.11452168986695323	0.10354237418245528	0.2734903828203234	0.2890125125611731	8.326672684688674e-17			0	1	1	1	0	0.9285714285714286	0	1	draw1454	True
-0.17214057309243766	-0.17214057309243766	0.006839336362120146	1.073320146643243e-05	0.042631285717049106	0.042645331147209364	244	0	9.999999999993131e-05	4.427174456445937e-06	0.006839336362120146	1.073320146643243e-05	2.0816681711721685e-17			1	0	1	1	0	0.9003690036900369	0	1	draw1456	True
-0.6354474579694733	-0.6442685975309044	0.0015068435899496693	0.03809131800486649	0.04556279459550116	0.04556280557958283	121	0	0.06957969705861178	0.0002916570432070415	8.520269199596593e-06	0.04554349462302732	3.3881317890172014e-21			0	1	1	1	0	0.7908496732026143	0	1	draw1459	True
-0.5501239785515856	-1.8282271484360266	0.8353310318441715	0.018939947076638	0.9672680862040974	0.9672869443666173	198	0	4.98950960967582	0.2899199007704322	0.0004821370584097637	0.9672680862040974	8.326672684688674e-17			0	1	1	1	0	0.9	0	1	draw1461	True
-0.6539849640682969	-1.5722845183592793	0.6046127850071615	0.004488859552194468	0.7770470458037068	0.7770904553773722	206	0	1.2921791203790889	0.12839199726253836	0.0033460637920999605	0.7770470458037068	3.2959746043559335e-17			0	1	1	1	0	0.8995633187772926	0	1	draw1467	True
-2.1513428000479227	-2.214184678428329	0.40207718663925024	0.018207253727479337	0.26539289145577494	0.2655101765976366	171	0	1.0191789991378304	0.008620736395466564	0.26894036191317455	0.17509561091928855	1.3379054808471125e-16			0	1	1	1	0	0.8769230769230769	0	1	draw1469	True
-0.8763209535546044	-0.877937222947654	0.042771063779279125	0.002024953824594425	0.04557075766170969	0.0455790232273973	178	0	0.13821369681263815	9.398195603248683e-05	0.04185736847039979	0.007116096970699447	1.8474805019152996e-16			0	1	1	1	0	0.8768472906403941	0	1	draw1471	True
-0.33138513973905875	-1.6902092560798956	0.5684740440227876	0.03963262563658146	0.32371580023540436	0.3237160778541459	158	0	0.8122516399948461	0.0063562779265607244	0.00025210502881655583	0.32371580023540436	4.363913744254155e-18			0	1	1	1	0	0.8586956521739131	0	1	draw1474	True
-0.6062266502840996	-0.7581571103641134	0.05237398434533426	0.010780013436089714	0.07957343396216071	0.0795787755758652	163	0	0.12414419016338091	0.018354778876294792	0.0014045779414512745	0.0793640690648595	6.776263578034403e-19			0	1	1	1	0	0.8670212765957447	0	1	draw1478	True
-0.8013107927804037	-0.8013235423626042	1.464336926715529e-05	0.004885969562321049	0.004900449197328727	0.004900429691325594	150	0	0.006108229392224022	4.609729571546208e-06	3.19062233683429e-06	0.004897279776227484	1.6940658945086007e-21			0	1	1	1	0	1.0	0	1	draw1480	True
-2.0006302261731705	-7.805223479912733	14.651007610475787	1.963869501939038	3.1596744827204537	3.159692578526435	134	0	0.7279937914442433	0.010436328688133175	0.01072922175986274	3.1596744827204537	1.734723475976807e-17			0	1	1	1	0	0.8427672955974843	0	1	draw1483	True
-0.7416066736329565	-0.7416066736329565	0.11965957353786999	0.0057703162540752514	0.3542326896405682	0.3543027189875565	193	0	0.011451207923894566	9.977872456876504e-07	0.11965957353786999	0.0057703162540752514	6.396792817664476e-17			0	1	1	1	0	0.8976744186046511	0	1	draw1485	True
-3.474215244040103	-5.2336333409820135	4.200183276135856	0.0702162972989067	3.155264561961295	3.1555179359166896	184	0	0.7965896919250821	0.039556252779807205	0.10086830385808043	3.155264561961295	4.640385298237959e-17			0	1	1	1	0	0.8761904761904762	0	1	draw1487	True
-0.23744384522567608	-0.47236662761933845	0.05571316670770091	0.08727503986361296	0.25438033061099785	0.2543807617520202	146	0	1.3253767120281417	0.043815264199949765	9.05418486705887e-05	0.25438033061099785	9.540979117872439e-18			0	1	1	1	0	0.863905325443787	0	1	draw1493	True
-1.5569032685812745	-1.6649237825971503	0.021831346068993365	0.011241741217578496	0.22424944272323705	0.22426404943200465	181	0	0.13541428366483724	0.0170773037558577	0.0020590229737040533	0.21794092630293557	2.168404344971009e-19			0	1	1	1	0	0.8701923076923077	0	1	draw1496	True
-5.607469273419709	-6.021546955776857	1.0072516915507428	0.024553121246439803	0.23328797464277648	0.2333261840252507	162	0	1.8222907432259747	0.04035327203004922	0.018192467689475633	0.23328797464277648	1.5742615544489524e-16			0	1	1	1	0	0.8617021276595744	0	1	draw1502	True
-0.6981066599084292	-0.6983355892815325	0.12181171960960778	0.0011321174797670804	0.0823704894326644	0.08237441433980061	204	0	0.007823856140948078	1.0362445552958374e-05	0.1214092437690902	0.0027511347417513454	5.70612215247332e-17			0	1	1	1	0	0.8869565217391304	0	1	draw1503	True
-0.5638000937800709	-0.7166476017099226	0.09561195093471928	0.001718991129601743	0.23488068979066237	0.23497986781649238	207	0	0.42488990360930484	0.18928407789914817	0.020560823377816794	0.22708091655966658	4.85722573273506e-17			0	1	1	1	0	0.7931034482758621	0	1	draw1504	True
-0.6398430592728404	-0.8722679087342147	0.1223896467168463	0.03564191731416	0.2604395244498742	0.2604414401249281	160	0	0.3787021203407133	0.06029208355667243	0.00019100831661508902	0.2604395244498742	1.734723475976807e-18			0	1	1	1	0	0.8602150537634409	0	1	draw1505	True
-0.34927920707834587	-0.8620586051313235	0.02947367568193524	0.014796477216586093	0.51987880348159	0.5199048770392615	185	0	0.921457510679805	0.06426480891996456	0.0001531405498933383	0.51987880348159	9.75781955236954e-19			0	1	1	1	0	0.8894230769230769	0	1	draw1509	True
0.07912210031951383	-0.647288315565854	0.030244947494829418	0.00017332189958179622	0.28804273983097795	0.28805085327359164	240	14	1.7331402886389307	0.8187166557040167	0.007450136092049144	0.28082443702061577	1.1102230246251565e-16	0.26569395802960766	0.020121542086171437	0	1	1	1	0	0.8391608391608392	0	1	draw1511	True
-1.8482807307958633	-1.8727065304409902	0.025347820989724375	0.0005142968160218901	0.030669742742125694	0.030672708930386015	221	0	0.016214397525211182	0.012546274363512596	0.0016204828686746504	0.030067484654853406	5.421010862427522e-20			0	1	1	1	0	0.8875502008032129	0	1	draw1512	True
-0.34571728828837756	-0.6520609419464604	0.07093619106103606	0.0003902913835635747	0.26598573749708054	0.26598813207527583	234	0	0.782205506225418	1.3925067120394297	0.0037226738961168414	0.258698354148944	5.551115123125783e-17			0	1	1	1	0	0.9105058365758755	0	1	draw1513	True
-1.9595295504202488	-2.292060741380715	1.0611000055198228	0.011686528547185257	1.0301818257555388	1.0302554525518082	202	0	0.5608900460335077	0.09740266472909491	0.5681615748671945	0.7695003907417982	2.4830940255349265e-16			0	1	1	1	0	0.9099099099099099	0	1	draw1514	True
-0.28810143337121596	-1.074463132073934	0.1922735122971433	0.07912745538014192	0.793589110756299	0.7936066538952384	166	0	1.2740557968553436	0.26626260914024774	0.00019426314457242325	0.793589110756299	7.37257477290143e-18			0	1	1	1	0	0.8924731182795699	0	1	draw1515	True
0.5691897202238658	-8.00759982697351	6.6178697690841615	0.14429187673131916	4.002853682449951	4.00290371620416	198	15	5.306481897706607	1.242295142700878	0.30344365211495256	3.8061042574652157	1.7763568394002505e-15	3.5861691757036707	0.8416724990969756	0	1	1	1	0	0.868421052631579	0	1	draw1517	True
-1.3581664431979728	-3.5326154691311404	2.924545970083366	0.01744885670376023	0.8637638839827522	0.8637643587288447	205	0	2.4281407843151417	0.11741360216359467	0.0003931358817804959	0.8637638839827522	2.033879631079265e-17			0	1	1	1	0	0.8760683760683761	0	1	draw1523	True
-2.219450564442795	-2.8732516734743014	1.0362073870740953	0.0015424817147501246	0.773441813523974	0.7737746649150948	230	0	0.37178437015022303	0.2858688018722747	0.035289234658758876	0.773441813523974	5.551115123125783e-17			0	1	1	1	0	0.9090909090909091	0	1	draw1524	True
-0.6585323766911397	-1.3663381367120242	0.4549001729651005	0.1716158586045887	0.7470908793586943	0.74709733211862	156	0	1.4491306818760008	0.05616531264878128	0.001652805972969362	0.7470908793586943	3.0249240612345574e-17			0	1	1	1	0	0.8764044943820225	0	1	draw1525	True
-0.3606343686243494	-0.3606343686243494	0.03056121503240352	0.001843051194734127	0.15824073233065059	0.1582583554956296	195	0	0.008209881151641308	9.99415375898004e-07	0.03056121503240352	0.001843051194734127	3.729655473350135e-17			0	1	1	1	0	0.8823529411764706	0	1	draw1527	True
-0.4394146337125948	-1.13419926297669	0.3099349360866869	0.0036074776431795196	0.09470201522673384	0.09470206762553504	187	0	0.3055482091059991	0.03131553104293554	0.0001969017026803895	0.09470201522673384	1.0408340855860843e-17			0	1	1	1	0	0.8461538461538461	0	1	draw1528	True
-2.9678849459314867	-6.402946201783076	3.738684983526675	0.03643594389726375	0.8489794970601219	0.8489860777817845	186	0	5.737571261512614	0.11722160399992981	0.0011670838066751977	0.8489794970601219	1.457167719820518e-16			0	1	1	1	0	0.8899521531100478	0	1	draw1529	True
-0.7650944237785484	-0.9506205694046717	0.039284354638603254	0.03796562610165506	0.44351983048267357	0.44363636000266937	169	0	0.5249388219767838	0.23968766173460046	0.001943342770859435	0.43903227285626484	6.451002926288751e-18			0	1	1	1	0	0.8894736842105263	0	1	draw1530	True
-0.1699113738088643	-1.2532386451645618	0.3908200583041686	0.003892305837396389	0.3032574993302531	0.30328130225370975	211	0	2.543023101656176	0.9447520819700673	0.0001354797534210426	0.3032574993302531	3.469446951953614e-17			0	1	1	1	0	0.9134199134199135	0	1	draw1531	True
-0.35413932458519387	-0.9190851355124015	0.03596323732730473	0.061587380164500626	0.599629910283263	0.5996573784345949	166	0	0.8897528718011009	0.15109127467935046	9.634826659944107e-05	0.599629910283263	3.469446951953614e-18			0	1	1	1	0	0.8829787234042553	0	1	draw1532	True
-0.30181452778186096	-0.30181452778186096	0.009634670621814388	0.04756829963093504	0.2878292647885339	0.2878310835923739	154	0	0.18638208760493424	9.9998157415922e-07	0.009634670621814388	0.04756829963093504	9.540979117872439e-18			0	1	1	1	0	0.88	0	1	draw1533	True
-3.8159611842227292	-4.123093968759691	2.1184550505275594	0.0038245926916602854	0.39133333347840404	0.3916555368766309	200	0	0.8403901937327398	0.17223136619347276	0.08946614969389424	0.39133333347840404	1.5959455978986625e-16			0	1	1	1	0	0.8733624454148472	0	1	draw1535	True
-0.9517930716976956	-1.2496455527729156	0.34919515449030075	0.0020629872158413453	0.5916818941686873	0.5917135555333184	216	0	0.9960010526465647	0.5181366547523718	0.002978195008810927	0.5916818941686873	8.326672684688674e-17			0	1	1	1	0	0.9113924050632911	0	1	draw1538	True
-0.23675589253512258	-0.3233586196380299	0.0035824645984640353	0.011113830698816253	0.22452397787636097	0.2245886261030469	175	0	0.8362655142993998	0.14126183043491908	0.0001430261174781976	0.22452397787636097	9.215718466126788e-19			0	1	1	1	0	0.8838383838383839	0	1	draw1539	True
-0.758968056820022	-1.1805141378055486	0.29651619879544566	0.0003341790985832284	0.2341119153421284	0.2343147949376058	229	0	0.8043067563522908	0.35108171276806144	0.007027925333730678	0.2341119153421284	5.724587470723463e-17			0	1	1	1	0	0.9051383399209486	0	1	draw1541	True
-0.26511446123296256	-0.7282026760819778	0.11780994990507195	0.00195062460018743	0.3044907927031779	0.304524796732491	216	0	0.9971660539543821	1.3372640201551607	0.0024790969528469555	0.303694645880325	9.71445146547012e-17			0	1	1	1	0	0.84375	0	1	draw1542	True
-0.6199134893627836	-1.2990079835315125	0.31317937908257965	0.1170953857516923	0.6872294940309549	0.6872439035032667	161	0	0.9591523459105299	0.2475264961669484	0.0006757789525929125	0.6872294940309549	5.0306980803327406e-17			0	1	1	1	0	0.8895027624309392	0	1	draw1544	True
-4.52386736050529	-4.52386736050529	1.118638822424899	0.0013821604291764829	0.1902013558113723	0.19035935092090117	206	0	0.005256257947029313	9.998334529794167e-07	1.118638822424899	0.0013821604291764829	6.700369425960417e-16			0	1	1	1	0	0.9074889867841409	0	1	draw1546	True
-0.6782210832822034	-1.1087735106782048	0.2255073640042316	0.03285086972665997	0.16795398670279085	0.16795915935067765	150	0	0.21506522631375274	0.0020374216198485963	0.0004238350101654156	0.16795398670279085	1.8592373192231892e-19			0	1	1	1	0	0.8333333333333334	0	1	draw1547	True
-2.835299172976886	-3.2616709361276635	0.7943248174509508	0.1512463542375419	1.104989902628068	1.1049929007985748	158	0	0.3740324900902846	0.008778407800610458	0.012388575474955399	1.1012782252087823	3.469446951953614e-18			0	1	1	1	0	0.8729281767955801	0	1	draw1552	True
-0.570254439897879	-0.570254439897879	0.07202358961465319	0.0001125583866114624	0.27823871725883187	0.278239941487995	248	0	0.0005982384545831842	9.99955103161032e-07	0.07202358961465319	0.0001125583866114624	8.326672684688674e-17			0	1	1	1	0	0.8551724137931035	0	1	draw1554	True
-1.2413963441146398	-1.9674326171918706	0.963775469217868	0.009298334867377236	0.10586957827279699	0.10586960079693311	170	0	0.09680231291929417	0.004022415336176892	0.06251013062191725	0.10389550450885372	3.9861370497787374e-18			0	1	1	1	0	0.8673469387755102	0	1	draw1556	True
-0.23695223905298676	-1.1876589062687137	0.16368732091575133	0.002001607966375413	0.6109895913556569	0.6110653890840214	208	0	8.150036047432097	0.6235813665406968	0.0004049235545574041	0.6109895913556569	8.673617379884035e-17			0	1	1	1	0	0.9082969432314411	0	1	draw1557	True
-0.34021170651150584	-2.191643177911264	0.2789342088191008	0.4234916625534793	1.7588328805503506	1.7589827170945	151	0	1.2168213400630417	0.026451428167672476	0.00221552200871184	1.7588328805503506	3.0357660829594124e-18			0	1	1	1	0	0.848314606741573	0	1	draw1562	True
-0.6732117481561913	-3.9505503282877505	1.0869344318077518	0.15702943635713765	2.3398966314216256	2.3401520712053925	175	0	1.127037947436415	0.16955842997969345	0.0026344669239737033	2.3398966314216256	2.42861286636753e-17			0	1	1	1	0	0.8838383838383839	0	1	draw1563	True
-0.6178443214989463	-1.9868124196221217	0.7099555035868945	0.01601182287682571	1.0230375830629768	1.023396681066731	198	0	1.6016439832258418	0.1814884525686907	0.006182672370398165	1.0230375830629768	2.5695591487906455e-17			0	1	1	1	0	0.8878923766816144	0	1	draw1565	True
-0.4366082154929027	-0.491345418509641	0.0012472657328829373	0.09817711162153689	0.38511464375582916	0.38512138383124767	150	0	0.7911608329959505	0.15117749245048054	1.436000382661041e-06	0.38511464375582916	1.6263032587282567e-19			0	1	1	1	0	0.8771929824561403	0	1	draw1571	True
-0.45187197114128685	-0.6436448333370861	0.10197742928394667	0.0004909276895413675	0.04492657948809452	0.0449494045106449	210	0	0.15214690922226642	0.08111499438711633	0.0019737640547872674	0.04492657948809452	5.204170427930421e-18			0	1	1	1	0	0.8786610878661087	0	1	draw1572	True
-0.21104403540685818	-0.21193472953204257	0.007553709625951981	0.0011254802018200118	0.04658658666708217	0.046602994336682864	186	0	0.11728180964692034	0.00019413639196683057	0.007375841922524452	0.005280919069028026	6.418476861114186e-17			0	1	1	1	0	0.8773584905660378	0	1	draw1573	True
-0.306421612380557	-0.7678227281687358	0.07650444595727628	0.033635357503649606	0.5863582912982572	0.58635875385487	175	0	1.3265067512378963	0.107058243247546	0.00010318510815828144	0.5863582912982572	8.673617379884035e-18			0	1	1	1	0	0.8883248730964467	0	1	draw1574	True
-4.8274074934665885	-5.183233625234703	0.28494409829671874	0.3626418836208962	2.3164036888227253	2.316497498604547	154	0	0.4607974807968332	0.016003221585095706	0.0007025718015494897	2.3164036888227253	2.710505431213761e-19			0	1	1	1	0	0.8651685393258427	0	1	draw1577	True
-0.1943556008444009	-0.5564403800310519	0.06763745963202882	0.0037515501113234958	0.006823387999110589	0.006823453100205856	131	0	0.037829551644328135	0.0003852639852648957	0.0013169447883748942	0.006793028041772818	2.7401515843676616e-19			0	1	1	1	0	0.808641975308642	0	1	draw1581	True
-0.3834763170911954	-0.6230240697244692	0.060085593758230096	0.16190234975606269	0.38570933341933256	0.38572409436146715	164	0	0.5561419865304208	0.0030600584788190504	0.0004153879109590332	0.282122848023051	1.1102230246251565e-16			0	1	1	1	0	0.7772511848341233	0	1	draw1583	True
-0.023140136546408868	-1.2646222854186004	0.27765373159976925	0.1360987267556103	0.9231378035880211	0.9231447097217125	169	0	1.7236199504023828	0.34605128299895316	0.005822696264659424	0.9187979641682015	2.7755575615628914e-17			0	1	1	1	0	0.8578680203045685	0	1	draw1587	True
-0.18252183363301955	-0.745845156815642	0.13790126693846153	0.001547717304083215	0.6027973933680937	0.602905988974623	220	0	5.216042712755584	0.6514266342568468	0.0003014859150347277	0.6027973933680937	2.1033522146218786e-17			0	1	1	1	0	0.9128630705394191	0	1	draw1589	True
-0.5203982659210407	-1.4210667379053665	0.49102398263407615	0.2665314682405637	0.5553906797601061	0.5554058012626318	157	0	2.2154994149477214	0.12195828613509353	0.0008274737495850048	0.5553906797601061	3.970721050138709e-17			0	1	1	1	0	0.8626373626373627	0	1	draw1590	True
-10.23007358233433	-10.23007358233433	0.0017782503505963953	0.1345600518865616	0.19886404877731356	0.13455671609772635	61	0	0.04190624941777694	3.2026478528534077	0.0017782503505963953	0.1345600518865616	2.498001805406602e-16			0	0	0	0	0	0.24897959183673468	0	1	draw1591	True
-2.90330400184674	-3.848847238733007	2.5205590821027997	0.028953391202895775	0.6570830907103229	0.6570848907502491	180	0	0.8084161563155677	0.048554454545719196	0.8426556125939564	0.5612280421583797	1.7500378316631648e-16			0	1	1	1	0	0.9	0	1	draw1595	True
-2.412323457138809	-2.412323457138809	2.7446706977338127e-05	0.02687283551487702	0.03439747471821503	0.026872680057317303	60	0	0.016319410865195227	3.90082663878803	2.7446706977338127e-05	0.02687283551487702	2.7755575615628914e-17			0	0	0	0	0	0.18518518518518517	0	1	draw1597	True
-0.44108430740435606	-0.8194045418908429	0.1116981037181194	0.005790920421862111	0.4239216001682617	0.4239404817326836	195	0	0.8354941883471743	0.1177274332233897	0.000660030162151368	0.4239216001682617	6.938893903907228e-18			0	1	1	1	0	0.8628318584070797	0	1	draw1599	True
-1.9860745865393665	-2.5137421086231186	0.4908949253807746	0.005417223788651792	0.2810864616082378	0.28129786733403395	197	0	7.246070335000616	0.15935698014451585	0.003512557157366974	0.2810864616082378	8.276676564976989e-17			0	1	1	1	0	0.8565217391304348	0	1	draw1600	True
-2.9486624135020865	-3.4867224173372593	3.033807339374204	0.024809812082901696	0.9299020577535112	0.929967718487129	190	0	0.5413225805375352	0.03455508531156556	1.3997368550137115	0.7557948769678046	3.217912047936977e-16			0	1	1	1	0	0.9004739336492891	0	1	draw1601	True
-0.545795194689859	-1.7807833904116466	0.012634684943757859	0.1612789541390359	0.6728058808586546	0.6728545360493315	158	0	0.5769334666236134	0.16206804356959192	3.326750137564943e-05	0.6728058808586546	2.829090043829363e-19			0	1	1	1	0	0.8876404494382022	0	1	draw1603	True
-0.3798626856565996	-0.7539371779452984	0.1077674431194414	0.017047008616286934	0.38807236055951205	0.38808383388970896	179	0	0.9306781428697347	0.12015891815996185	0.00044506323816012963	0.38807236055951205	2.053207864144424e-17			0	1	1	1	0	0.895	0	1	draw1605	True
-0.3837016187028801	-0.4631199802892343	0.04487079131922206	0.002792968105617237	0.06595123143611098	0.06599566174003628	182	0	0.20569304515444656	0.05404968841911336	0.007357939631080518	0.06390344594478144	4.0115480381963664e-18			0	1	1	1	0	0.8544600938967136	0	1	draw1609	True
-2.332426941887004	-2.782466302198748	1.3795289776578465	0.037647270646993046	1.549999036735066	1.5502394341913082	188	0	0.6016754157433643	0.9910019023968616	0.9886999464585493	1.474677723212053	8.881784197001252e-16			0	1	1	1	0	0.7866108786610879	0	1	draw1610	True
-3.046757662828293	-3.081234457797649	0.03975978041094198	0.08139339400338276	0.12632267006188147	0.126322965870402	127	0	0.04100081204005526	0.00029541540829006353	0.0003116925172148377	0.12615155004343184	5.082197683525802e-21			0	1	1	1	0	0.79375	0	1	draw1613	True
-0.19647389901776963	-3.4758463873360697	0.48544354666803685	0.1355018646824104	2.270631424443498	2.2707805177546114	184	0	2.7074573746507475	0.07367706183330673	0.0007304182228445525	2.270631424443498	4.323256162785949e-18			0	1	1	1	0	0.8846153846153846	0	1	draw1615	True
-0.6132249966687695	-0.8033577431792117	0.017408639520720373	0.0013208400392356926	0.32092767457736365	0.3209642311393459	216	0	0.4398352973186424	0.8429661260629474	0.0001106026228711224	0.32092767457736365	1.214306433183765e-17			0	1	1	1	0	0.9191489361702128	0	1	draw1617	True
-0.4959733955033263	-0.4959733955033263	0.03249632282702152	4.1421258024714166e-05	0.03732717033955976	0.037360243766102544	248	0	0.00010000000000001865	2.519461630696092e-06	0.03249632282702152	4.1421258024714166e-05	1.6046192152785466e-17			1	0	1	1	0	0.9185185185185185	0	1	draw1619	True
-0.5853881118158457	-5.509964455075076	6.680268974450116	0.4025207358331196	3.147356581560227	3.1474571269329017	158	0	3.125280236802308	0.015085680443303622	0.007479040549192667	3.147356581560227	2.0816681711721685e-17			0	1	1	1	0	0.8681318681318682	0	1	draw1621	True
-0.7346207405284682	-0.7824315409867734	0.026375243538733193	0.009596050170248316	0.07259900626753461	0.07260255311732124	162	0	0.09753394923290061	0.005395525825648808	0.0006380020545240322	0.07218289764277956	1.2027867851011065e-19			0	1	1	1	0	0.8617021276595744	0	1	draw1622	True
-0.696496757300272	-1.0632044512623433	0.08805437776629617	0.21845550542152242	0.7609083201530065	0.7609401878799837	143	0	0.8345215910328053	0.003764358067555863	0.0003241510199608604	0.7609083201530065	2.439454888092385e-19			0	1	1	1	0	0.8411764705882353	0	1	draw1623	True
-1.1004523674193867	-1.44768296588757	0.32149816827665567	0.008994352586094805	0.6800590895832017	0.6801999662332947	191	0	0.5965819346700684	0.027476306748435826	0.0020081907715715297	0.6800590895832017	1.5178830414797062e-18			0	1	1	1	0	0.8883720930232558	0	1	draw1624	True
-0.7086963850572076	-0.7110518732428573	0.007552615593589901	0.0011116766148703075	0.05740528599064455	0.05743286297664796	204	0	0.028416662715584805	0.004187400776480102	0.006251854705153588	0.019856237812328273	1.3010426069826053e-18			0	1	1	1	0	0.8908296943231441	0	1	draw1626	True
-0.22848191867111117	-2.1984953120347615	1.1491822886653262	0.03735164574190525	0.9032354315092943	0.9032633294356768	186	0	2.83905709199347	0.6903006410697842	0.0001581597704718847	0.9032354315092943	6.895525817007808e-17			0	1	1	1	0	0.8985507246376812	0	1	draw1631	True
-0.3043351455412787	-0.3043351455412787	0.00474970244280321	0.005353081056911845	0.2891975518309693	0.2892746647055741	185	0	0.018703943764766844	9.993998994170041e-07	0.00474970244280321	0.005353081056911845	7.806255641895632e-18			0	1	1	1	0	0.8767772511848341	0	1	draw1632	True
-0.09481236903662595	-3.5824378892675823	2.391898774415023	0.14936746645199006	0.8010307352361234	0.8010310070740906	167	0	2.707623788448867	0.23109624196940143	7.90525855437789e-06	0.8010307352361234	1.6046192152785466e-17			0	1	1	1	0	0.893048128342246	0	1	draw1635	True
-1.9331974474607512	-1.9331974474607512	0.3189120632511649	0.013066008001745526	1.4663457165431597	1.4673932774500458	196	0	0.007487771650169272	9.993916555418057e-07	0.3189120632511649	0.013066008001745526	2.42861286636753e-17			0	1	1	1	0	0.8868778280542986	0	1	draw1638	True
-4.8431228861312325	-6.1357932103370185	9.258596213983848	0.03591395789425621	1.8451631319189905	1.8454154158837723	191	0	0.6578774650037889	0.1278210094846895	2.789135217599033	1.6000495712227125	8.569533971325427e-16			0	1	1	1	0	0.9052132701421801	0	1	draw1639	True
-0.17322893350153473	-0.311272474864943	0.024205505508148456	0.0536434402947953	0.19176230082642007	0.1918214403711293	148	0	1.4652455651048046	0.04658978666048716	0.0007123402217594089	0.19176230082642007	3.076423664427619e-18			0	1	1	1	0	0.8654970760233918	0	1	draw1640	True
-0.5468691122904448	-2.2516766694539836	0.7544909614673794	0.04685342672430645	0.8558766757834697	0.855888231547123	174	0	1.9538967908235716	3.268920190084504	0.0002961320829102652	0.8558766757834697	2.220446049250313e-16			0	1	1	1	0	0.848780487804878	0	1	draw1641	True
-0.3966137957324791	-0.3966137957324791	0.03852899188502096	0.00027914811388016035	0.09456099026409572	0.09459447012672721	221	0	0.0016329195000757781	9.995007078458802e-07	0.03852899188502096	0.00027914811388016035	2.7159264420761886e-17			0	1	1	1	0	0.8947368421052632	0	1	draw1642	True
-0.619277030860484	-0.7192547443238108	0.12341905235687867	0.006739117429902194	0.27196587408669226	0.2719898647163898	194	0	0.5946127658952118	0.02620950785543979	0.07196566806592487	0.1886735908123895	7.502679033599691e-17			0	1	1	1	0	0.8940092165898618	0	1	draw1645	True
-0.43689893008767183	-0.9777608363022567	0.1298879732368103	0.01552550707879423	0.6341568349292473	0.6345442589184302	187	0	1.172968648838354	0.17486208653839658	0.0032735024680414357	0.6341568349292473	8.131516293641283e-18			0	1	1	1	0	0.8862559241706162	0	1	draw1646	True
-3.6170983838680346	-3.6170983838680346	0.0018969310635002944	0.238547707817112	0.569130133726207	0.23854633960514093	47	0	0.20333178503758292	1.315404611604537	0.0018969310635002944	0.238547707817112	4.163336342344337e-16			0	0	0	0	0	0.21962616822429906	0	1	draw1648	True
-1.0165512064335156	-1.0272494166342911	0.004704113504786474	0.004108906107379424	0.03734782409034317	0.03734804755631501	171	0	0.036068826722443055	0.001971635927978565	0.0001083524232479274	0.03678709671450092	2.371692252312041e-20			0	1	1	1	0	0.8769230769230769	0	1	draw1649	True
-2.7260978037156627	-2.9252488584785628	0.3374619048314771	0.25138396319565753	0.6974832567150568	0.6974910664996481	139	0	0.2501199095758171	0.002328682763965878	0.0012022302403087261	0.6972870630868759	1.0842021724855044e-19			0	1	1	1	0	0.8323353293413174	0	1	draw1650	True
-0.5805315582175947	-3.39884985219245	2.782465563951277	0.057181673432840786	2.0006676332512296	2.0007897154801757	187	0	4.205420578024304	0.13129225381052514	0.004911822813695248	2.0006676332512296	8.326672684688674e-17			0	1	1	1	0	0.8779342723004695	0	1	draw1653	True
-1.9338059419635358	-1.9338059419635358	0.37174028249426927	0.00023375279108529668	0.5938407414382698	0.5938478439207194	231	0	0.001088841664266069	9.98858913494348e-07	0.37174028249426927	0.00023375279108529668	3.3306690738754696e-16			0	1	1	1	0	0.8461538461538461	0	1	draw1654	True
-2.2172250932145356	-2.2172250932145356	13.7895395954874	2.659213361216233	4.721587380967918	4.72172304107456	42	0	1.0130160518660263	0.6834279071090391	13.7895395954874	2.659213361216233	2.6645352591003757e-15			0	0	1	0	1	0.3181818181818182	0	1	draw1658	True
-0.2232714546019206	-0.29549066799172574	0.007789341395333507	0.00022633401604063035	0.05835989555813415	0.058360145211568015	224	0	0.3010662098303888	0.1897453403935376	2.2913933509858965e-05	0.05835989555813415	1.734723475976807e-18			0	1	1	1	0	0.8853754940711462	0	1	draw1660	True
-0.31124371489147673	-0.599572173628977	0.0718672822785192	0.028594310196877058	0.07277324372597317	0.07278164300969513	150	0	0.5601137105522497	0.03400705766105198	0.008610740063362788	0.06978993538757021	2.0176324803597434e-17			0	1	1	1	0	0.8771929824561403	0	1	draw1661	True
-0.269757525589248	-0.6789329844312262	0.11221211902566766	0.002143526090535896	0.03596016144186693	0.035960176166182904	174	0	0.1346795099670678	0.004906593672073745	2.1346328854172343e-05	0.03596016144186693	5.21772295508649e-19			0	1	1	1	0	0.87	0	1	draw1662	True
-1.1465191210592487	-2.1036275568138008	1.1030457930864817	0.07634596536666864	1.3463946385721666	1.3463990831583152	170	0	1.1564838611649997	0.2240190978928509	0.0024524253518023206	1.3463946385721666	8.326672684688674e-17			0	1	1	1	0	0.8762886597938144	0	1	draw1664	True
-1.1116928392928356	-1.1116928392928356	0.00016333061549706735	0.004642687835962328	0.010620239539745852	0.004637876811091743	48	0	0.006459067962311308	0.6694615610241578	0.00016333061549706735	0.004642687835962328	2.168404344971009e-18			0	0	0	0	0	0.19433198380566802	0	1	draw1665	True
-0.7623956337091292	-0.7643007805678718	0.0006818296741899069	0.032818343335413586	0.040927487371139264	0.040927539624020084	123	0	0.05346162666718107	0.00022729633276208022	5.353750161921909e-06	0.04089003036470047	1.6940658945086007e-21			0	1	1	1	0	0.7935483870967742	0	1	draw1668	True
-1.9351711635630728	-1.9351711635630728	0.158234987699281	0.02661497996446478	1.3763267990398234	1.3763639120129791	184	0	0.014429795531264356	9.991198599362455e-07	0.158234987699281	0.02661497996446478	1.734723475976807e-18			0	1	1	1	0	0.8761904761904762	0	1	draw1670	True
-1.2590617015562138	-1.7173034028346659	0.7346746510776491	0.021743316735703504	0.6345190586794834	0.6345225310663658	181	0	0.9159985867750613	0.218772534786622	0.003631092907262759	0.6345190586794834	1.942890293094024e-16			0	1	1	1	0	0.8872549019607843	0	1	draw1671	True
-0.5418063213291624	-0.7137609781728654	0.01236334122541279	0.007359025532252192	0.23424015064187662	0.23425312120398742	187	0	0.4130907165827487	0.2663333529498581	7.864425250110629e-05	0.23424015064187662	2.0599841277224584e-18			0	1	1	1	0	0.9033816425120773	0	1	draw1672	True
-0.861202084910466	-1.02519414433614	0.09364940733355133	0.024049989944575946	0.5217213924486535	0.522024122532218	177	0	0.6092845079266432	0.144237382052535	0.026837711819359032	0.5174582537307508	3.122502256758253e-17			0	1	1	1	0	0.855072463768116	0	1	draw1673	True
-0.22353381253312393	-3.1116449316503743	1.515331987634577	0.08180646676969773	2.7607277520386675	2.760878319287895	188	0	3.0491700887756923	0.15110165547076992	0.0005763561401301747	2.7607277520386675	3.469446951953614e-18			0	1	1	1	0	0.8995215311004785	0	1	draw1674	True
-0.7754658201368432	-1.2516338420215662	0.38687789842162124	0.004586905759668321	0.07657799200437428	0.07658832880140226	180	0	0.13903362597254565	0.024329974217547838	0.005277272972932036	0.07657799200437428	9.269928574751063e-18			0	1	1	1	0	0.8571428571428571	0	1	draw1675	True
-0.8727837594209953	-0.9331673626759698	0.04253664407220174	0.006185311955226638	0.13396043500375818	0.04310508594055738	214	0	0.11478226143348019	0.0027393800601526806	0.012825113757889833	0.10010250149903076	5.551115123125783e-17			0	1	0	1	0	0.823076923076923	0	1	draw1676	True
-1.2221690067407835	-1.2221690067407835	0.00032958158360095393	0.33678437573091496	0.3744865474822353	0.3367812163360097	27	0	0.29023090785537003	0.15715807711124716	0.00032958158360095393	0.33678437573091496	1.6653345369377348e-16			0	0	0	0	0	0.14917127071823205	0	1	draw1680	True
-0.42762696639633346	-0.516709538116982	0.016913774593119463	0.007406816058645062	0.12678423218351556	0.12678521309229202	173	0	0.2736074425955945	0.019641093236665814	7.699129555173475e-05	0.12678423218351556	5.963111948670274e-19			0	1	1	1	0	0.8693467336683417	0	1	draw1682	True
-0.74268250690098	-2.8466266546270482	0.5509393815832181	0.37288023722889196	1.5039970927515074	1.5040145541399152	151	0	0.7598168766612421	0.02289609826336698	0.0011641516865610229	1.5038239503297057	2.9002408113987244e-18			0	1	1	1	0	0.867816091954023	0	1	draw1683	True
-0.41412131788235185	-4.9216192292814505	2.5002829969146845	0.09145269315596775	4.645383041615196	4.645466741006267	191	0	2.5692990559512547	0.08160447101874735	0.0013580496918116235	4.645383041615196	3.469446951953614e-18			0	1	1	1	0	0.880184331797235	0	1	draw1685	True
-0.9243837109312305	-2.4411360479215474	0.21454266346482712	0.007470073612292146	1.986876923615023	1.987145714692614	213	0	1.38413740262117	0.1422818800178671	0.001968211150072476	1.986876923615023	3.469446951953614e-18			0	1	1	1	0	0.902542372881356	0	1	draw1688	True
-0.2719906115373327	-1.540726656098976	0.42651284851899096	0.004410709217136068	0.557331336229956	0.5573322345472222	197	0	2.0223710703274516	0.10579268776301129	0.00038634952687207925	0.557331336229956	2.0816681711721685e-17			0	1	1	1	0	0.8528138528138528	0	1	draw1693	True
-1.4400587971072198	-1.6207402892460945	0.1277997013792323	0.029069701832199007	0.09950282153804349	0.09950282412756709	149	0	0.065533824830058	0.0018757861302980592	0.0021155002864283487	0.09880963908520293	1.6263032587282567e-19			0	1	1	1	0	0.8563218390804598	0	1	draw1695	True
-0.3347954663412625	-0.3347954663412625	0.021169947125166212	0.01217276170109752	0.08114417981786026	0.08114541628260272	163	0	0.13932571039490527	9.934198945448866e-07	0.021169947125166212	0.01217276170109752	2.5261910618912253e-17			0	1	1	1	0	0.8763440860215054	0	1	draw1697	True
-0.27736706828676455	-0.8867523632188341	0.170638847073405	0.02476802609845459	0.13835830789001008	0.13837896053230903	155	0	0.5457072371741286	0.02625447472891215	0.0010100542364370319	0.13835830789001008	6.288372600415926e-18			0	1	1	1	0	0.8611111111111112	0	1	draw1700	True
-0.14934134901304752	-0.4500950825965658	0.025641797999066886	0.002375459299762873	0.17082935660380452	0.17090645493657997	201	0	0.8327111807573504	0.18092301474211286	0.0005335946114251212	0.17082935660380452	8.673617379884035e-18			0	1	1	1	0	0.8663793103448276	0	1	draw1701	True
-0.12351139564981631	-0.13682908305707622	0.0017249767805489625	0.00012235619397058122	0.01536776916879368	0.01538060366072575	213	0	0.12864312266375436	0.09547405110514505	3.6596820835548607e-05	0.01536776916879368	2.168404344971009e-19			0	1	1	1	0	0.8765432098765432	0	1	draw1702	True
-1.6727329815245464	-1.8539407067308817	0.051508293844188674	0.00021626973835078074	0.08628837015759025	0.08630411585273459	249	0	0.05359328699448996	0.17636398524839167	0.0010587964577661521	0.08628837015759025	1.3010426069826053e-18			0	1	1	1	0	0.7854889589905363	0	1	draw1704	True
-0.5964433919905934	-1.1697450687636755	0.04038531976938709	0.009499554684344975	0.5832174192692055	0.5832215373756787	196	0	0.773062445168896	0.1777471281522952	0.0001654244639156773	0.5832174192692055	8.673617379884035e-19			0	1	1	1	0	0.8909090909090909	0	1	draw1706	True
-0.35721366998348547	-1.2475984377485498	0.3283328532063244	0.004461105636271547	0.17719525292176522	0.17719563733963561	197	0	0.3758486367440563	0.10871890220561713	0.00014514017529123014	0.17719525292176522	6.938893903907228e-18			0	1	1	1	0	0.8794642857142857	0	1	draw1707	True
-0.5906896540548051	-0.7093550214000054	0.013776712354505598	0.004310026808086424	0.17203945459053832	0.1164710714954594	211	0	0.2700262695530789	0.07306889939789911	0.002669620759243713	0.17203945459053832	5.551115123125783e-17			0	1	0	1	0	0.8178294573643411	0	1	draw1710	True
-1.4678234233903866	-1.7579665145684333	0.03944857879583691	0.024964356096933288	0.43396756243488666	0.4339693637180014	179	0	0.2619513824020961	0.254444636153158	0.0016624004547030429	0.4300273373648494	5.637851296924623e-18			0	1	1	1	0	0.8994974874371859	0	1	draw1711	True
-0.2277574019243936	-0.2277574019243936	0.008809382707015373	0.0020099990896354602	0.05227593881019654	0.052278270408683845	184	0	0.011332343121378693	9.985552829984308e-07	0.008809382707015373	0.0020099990896354602	6.018169090241804e-18			0	1	1	1	0	0.8975609756097561	0	1	draw1714	True
-0.2739091436532969	-0.9713242422469158	0.1157256120339031	0.06532246862302166	0.40119908618821154	0.4012893122202554	165	0	0.6981947129606861	0.1867483827979555	0.004230738183112084	0.39547303245374044	1.3877787807814457e-17			0	1	1	1	0	0.873015873015873	0	1	draw1716	True
-0.5037793097752108	-0.5062457755645275	0.011708546600949455	0.0002285971441715635	0.13067813162849368	0.13068587497721998	234	0	0.06318305588082769	0.015058436930311789	0.010842782754172374	0.030405531566964236	8.673617379884035e-18			0	1	1	1	0	0.8897338403041825	0	1	draw1718	True
-0.22819599961899797	-0.4378908000641044	0.012011173444464222	0.008167276397428374	0.20023440908493226	0.20032151439271648	182	0	0.736025859321678	0.1515431981560653	0.0002054980150181808	0.20023440908493226	1.0842021724855044e-18			0	1	1	1	0	0.8504672897196262	0	1	draw1720	True
-0.17295554837028954	-0.5921746431426422	0.07741609981143854	0.0031404583097547345	0.5132367081224334	0.513273663782669	206	0	3.023596092148072	0.12548008739935246	0.00027038206742895494	0.5132367081224334	4.336808689942018e-18			0	1	1	1	0	0.8995633187772926	0	1	draw1721	True
-0.3449684148098419	-0.5372205773588148	0.043791506157081155	0.01050472927653288	0.10749167065274931	0.10751264193212212	168	0	0.28116641349354876	0.053909662384927136	0.003092808734281744	0.10644524067958108	2.168404344971009e-18			0	1	1	1	0	0.8704663212435233	0	1	draw1724	True
-0.012232729153090593	-0.8115664524888535	0.1521370739279855	0.00017204480155153223	0.29038694863959436	0.2905738349206862	239	0	0.8575924902748979	0.35296341383173624	0.0038306600184200685	0.29038694863959436	8.326672684688674e-17			0	1	1	1	0	0.7785016286644951	0	1	draw1730	True
-0.31536124035208113	-1.0387943537224031	0.15670441234264934	0.09584485522463514	0.3750414721218805	0.37504147524196724	163	0	0.5455275737721651	0.08284865789466914	0.015264745189765366	0.3217274192992681	1.6653345369377348e-16			0	1	1	1	0	0.9055555555555556	0	1	draw1731	True
-1.0242725084037814	-1.5521414328853615	0.5834826901308444	0.05308624796765492	0.6746469633492405	0.6746783130301796	171	0	0.8524396200708722	0.0989672426982246	0.10274500578386721	0.6511180931336331	8.630249292984615e-17			0	1	1	1	0	0.8952879581151832	0	1	draw1734	True
-0.5137093318053729	-0.5462131449821597	0.016359124627493376	0.004382173650321064	0.015101091124924986	0.015101158747385771	148	0	0.029110282722713432	0.0008016233144589335	0.0004498582102711746	0.014947887022096757	2.795208725939191e-20			0	1	1	1	0	0.8409090909090909	0	1	draw1736	True
-0.4224693484090811	-0.6977801906977552	0.12075455843628603	0.0042167384484361435	0.040536465999464026	0.040536778556785565	169	0	0.1036865499489622	0.007315282204113116	0.009987438242658719	0.03867803909864299	1.9871392942585886e-18			0	1	1	1	0	0.8802083333333334	0	1	draw1738	True
-2.4239313386524337	-7.578728235204269	5.104662819521732	0.28816787785616077	5.857491677175149	5.857511355939848	176	0	1.0340201250063012	0.23338468670068538	0.005064041138282467	5.857491677175149	8.825405684032006e-17			0	1	1	1	0	0.8934010152284264	0	1	draw1740	True
-0.26901331649300064	-0.3074763098615341	0.010088190583025613	0.01655254831707032	0.1384662187536348	0.13848775542154204	166	0	0.4725424537353761	0.027281050002361786	0.009069457365864723	0.11521933809728738	9.107298248878237e-18			0	1	1	1	0	0.8877005347593583	0	1	draw1741	True
-0.5620418487057428	-2.8020031308167197	1.9306870632545474	0.22019356941063556	2.282867359576919	2.282874685622303	166	0	4.838206106091979	0.016705018651112558	0.0005259193340249164	2.282867359576919	3.469446951953614e-18			0	1	1	1	0	0.8601036269430051	0	1	draw1746	True
-0.17250548936625829	-0.17444427325112705	0.005761420256886943	0.0005263700408373934	0.020149626929977696	0.020150524445996815	196	0	0.02650342760856941	0.0004190295619342229	0.005418852489469971	0.003426545161576713	6.830473686658678e-18			0	1	1	1	0	0.8949771689497716	0	1	draw1752	True
-2.59956680913937	-4.640181576404732	2.2069922272257028	0.09203540694379157	2.0947723999689036	2.095095364630781	176	0	0.5866647815629206	0.048611390530301106	0.022989766275958237	2.0947723999689036	1.3227266504323154e-17			0	1	1	1	0	0.88	0	1	draw1755	True
-0.4108702386121792	-1.1138653085227759	0.1639701221466792	0.0044946724010745814	0.2895329868503982	0.2895621438164117	198	0	5.390877307275566	1.4166336773952146	0.0003052868893784141	0.2895329868503982	3.6093090322042443e-16			0	1	1	1	0	0.9166666666666666	0	1	draw1757	True
-0.772508855135644	-1.0597654494401554	0.08282504707660038	0.003935832878273756	0.47537414948841616	0.47546912789991774	206	0	0.5789106984698247	0.4848220499617762	0.005056151757255385	0.47078004337525886	1.474514954580286e-17			0	1	1	1	0	0.9035087719298246	0	1	draw1758	True
-0.37821074377146463	-0.7337389419630361	0.13247609300532298	0.0006405511734970123	0.23327195817320678	0.23327284947780483	223	0	0.44652144451927295	0.38675282790133936	0.0401384218873087	0.2304585079447275	8.326672684688674e-17			0	1	1	1	0	0.8198529411764706	0	1	draw1760	True
-0.8602540056910413	-0.8602540056910413	0.00016502263315291076	0.11304918188968047	0.12416443844543001	0.11304779116056796	68	0	0.15095120522281333	0.8266387792976142	0.00016502263315291076	0.11304918188968047	1.249000902703301e-16			0	0	0	0	0	0.2943722943722944	0	1	draw1762	True
-0.5814131953932355	-0.888187201925453	0.009467843776083855	0.0029574182153412005	0.21926148884746108	0.2194512609534091	202	0	0.3300054667684327	0.16167607786358548	0.00045791888189613693	0.21926148884746108	6.505213034913027e-19			0	1	1	1	0	0.8898678414096917	0	1	draw1769	True
-0.3255821897573687	-0.4501114508345365	0.01797516561388572	0.014324892418630575	0.14039997004643281	0.1404009669368332	164	0	0.38053381190992935	0.02022266938769138	1.7886838220596823e-05	0.14039997004643281	3.2526065174565133e-19			0	1	1	1	0	0.8677248677248677	0	1	draw1771	True
-0.7328032763984345	-0.906201588589578	0.0989213231353606	0.010513097285410881	0.336416569472066	0.33641661249740945	186	0	0.5369490210053769	0.2105342176541231	7.644585054575926e-05	0.336416569472066	1.0408340855860843e-17			0	1	1	1	0	0.9029126213592233	0	1	draw1776	True
-1.803489688717673	-11.83023399342734	31.328615309116376	1.3305499618015253	5.922767120045987	5.922769741915357	178	0	11.436501937112345	0.05982417305705302	0.00016499916032157628	5.922767120045987	2.1894107620629155e-17			0	1	1	1	0	0.8725490196078431	0	1	draw1777	True
-0.6620880639166858	-2.216962745986697	0.18788842308152495	0.15558836646672392	1.10329463936454	1.1033889115891926	161	0	0.7465729122392869	0.04579123449327529	0.00045072374601016525	1.10329463936454	5.963111948670274e-19			0	1	1	1	0	0.875	0	1	draw1779	True
-0.5167460367630762	-3.84729366269742	0.20224195637588693	0.9193064592911738	2.9951447730424587	2.9952765121157308	152	0	1.1805979615799986	0.17420698114582994	0.00016433316618842125	2.9951447730424587	2.168404344971009e-18			0	1	1	1	0	0.8837209302325582	0	1	draw1790	True
-2.008597252549313	-2.008597252549313	0.5952162590302635	0.0001703221397688157	0.40339107617935743	0.4034074762133314	258	0	0.0001035185495805486	9.99596763750734e-07	0.5952162590302635	0.0001703221397688157	8.326672684688674e-17			0	1	1	1	0	0.9247311827956989	0	1	draw1793	True
-0.4240314906176978	-0.674259728426368	0.052429546340355467	0.05994194727718862	0.3602684089234772	0.360309720082293	156	0	0.694973835067441	0.03887904603621719	0.0014267163176122553	0.3602684089234772	4.7704895589362195e-18			0	1	1	1	0	0.8666666666666667	0	1	draw1796	True
-0.7957569204909148	-1.0240656261071788	0.25328434142224204	0.010327246565347182	0.5312310880312532	0.5312428539523476	190	0	1.2576604505333293	0.22593279608460598	0.0015906614254387126	0.5312310880312532	3.0140820395097023e-17			0	1	1	1	0	0.8878504672897196	0	1	draw1797	True
-0.8019144973756479	-0.8661521927616491	0.01752842385556885	0.024389384138453343	0.09179445924327999	0.09179697297813091	146	0	0.11046612827338136	0.0030503836005444907	2.2132662551986874e-05	0.09179445924327999	2.710505431213761e-20			0	1	1	1	0	0.8342857142857143	0	1	draw1798	True
-0.43019773944586664	-0.43019773944586664	0.0001549689362688025	0.013404573387602986	0.03338887729773599	0.013401664395827052	32	0	0.03228104688809464	0.39385122428225805	0.0001549689362688025	0.013404573387602986	1.0408340855860843e-17			0	0	0	0	0	0.14414414414414414	0	1	draw1799	True
-0.6106084178707781	-2.5644784430792287	1.1860219118405866	0.029701225327027913	0.22426505849637884	0.22426505859580295	159	0	0.3908699921505089	0.008380711401601983	0.018621172096180885	0.22329280193148449	1.2468324983583301e-17			0	1	1	1	0	0.8688524590163934	0	1	draw1806	True
-0.13937340832712006	-0.6085430902947893	0.011444678339096338	0.0003025303371974785	0.06047263510159283	0.06047651668909203	232	0	0.2065671366810852	0.32291998207093553	0.0001458151887429844	0.05960436130483686	9.215718466126788e-19			0	1	1	1	0	0.9169960474308301	0	1	draw1809	True
-8.670532776116563	-10.721428695899558	17.585122563094757	0.7074350020584369	1.2937571288407483	1.293795413716723	162	0	4.191768528627535	0.12953636890011833	0.011384851135907977	1.2937571288407483	2.5932533073033085e-16			0	1	1	1	0	0.8617021276595744	0	1	draw1811	True
-0.8367852648953864	-1.9550968404247195	0.8370720408705451	0.03350180525694431	1.1249787361955794	1.124994534179552	192	0	1.2881551420910202	0.4438800032081426	0.1494756740939262	0.7956566888722986	5.551115123125783e-16			0	1	1	1	0	0.8421052631578947	0	1	draw1813	True
-0.3108366041819878	-0.43532247122079565	0.005373941618077165	0.0026859778854706347	0.15901723266308432	0.15901871634031228	197	0	0.47096561717029417	0.26588740510342634	1.8902699465900615e-05	0.15901723266308432	1.463672932855431e-18			0	1	1	1	0	0.8914027149321267	0	1	draw1816	True
-0.06381453599133824	-0.39468354205190037	0.03813789817822232	0.0025312985590235453	0.020753697115189356	0.020753707758865154	173	0	0.1907014357522898	0.010835895306340987	6.843495113507874e-05	0.020752268172947223	7.657177843178875e-19			0	1	1	1	0	0.8693467336683417	0	1	draw1821	True
0.2840760684533104	-2.737208660207597	1.4547960587116033	0.05972123893055004	1.0744591888620074	1.075063105666373	182	9	3.6824693674936246	0.39770242889181484	0.004792445804951825	1.0744591888620074	1.6653345369377348e-16	1.0453037933356042	0.04311829010076137	0	1	1	1	0	0.8425925925925926	0	1	draw1826	True
-1.4415004227491277	-1.4415004227491277	0.11456868158537828	0.00017420693479620986	0.09671576777357827	0.09671596214008717	249	0	0.00012847739945213372	9.99679778771252e-07	0.11456868158537828	0.00017420693479620986	3.4287893704854078e-18			0	1	1	1	0	0.8798586572438163	0	1	draw1829	True
-0.36987691273513845	-1.3655232489898035	0.4464896514111001	0.010953398054131374	0.7403395622759348	0.7403942353946698	196	0	1.735587788220593	0.3230131998546047	0.0009451190024510984	0.7403395622759348	8.326672684688674e-17			0	1	1	1	0	0.8990825688073395	0	1	draw1831	True
-0.2807302926810973	-0.8678177810413313	0.18821762769756695	0.005859688929184598	0.1811191044499369	0.18118784824469852	185	0	0.5554024147372605	0.15981275302568296	0.0032375393002237844	0.1811191044499369	3.469446951953614e-17			0	1	1	1	0	0.7905982905982906	0	1	draw1832	True
-0.21579101182458754	-0.2643330601320776	0.007675879790207151	0.0027031564097782777	0.05793483894364048	0.057934906337900625	180	0	0.26163700537532225	0.10675276315319107	8.223698593768217e-06	0.05793483894364048	2.168404344971009e-18			0	1	1	1	0	0.8372093023255814	0	1	draw1835	True
-0.5452460795112468	-4.693179947680166	2.7338125260508046	0.03569890078633032	1.4026543273918515	1.4026978796228216	199	0	1.3546331025285778	0.18830803449156575	0.002009252125683363	1.4026543273918515	3.176712365382528e-17			0	1	1	1	0	0.908675799086758	0	1	draw1836	True
-0.5470820740634237	-0.9146228429455231	0.03969769307566152	0.02507736995021359	0.5081844258143081	0.5081844550583826	176	0	0.7216641484457259	0.10381976869298402	1.2092439352295627e-05	0.5081844258143081	3.469446951953614e-18			0	1	1	1	0	0.8712871287128713	0	1	draw1837	True
-0.8303690172081634	-0.9334221939984244	0.004548339292063632	0.004178333338448059	0.35097822336268913	0.35101574888404125	199	0	0.39586868485017984	0.16689353731294998	1.7734446997569753e-05	0.35097822336268913	1.7618285302889447e-19			0	1	1	1	0	0.9045454545454545	0	1	draw1840	True
-0.8998121322143833	-2.9373110689753625	1.5466274021261122	0.1981750855409283	2.1944929651209777	2.1953197204170873	170	0	1.677746715504279	0.17748559635959796	0.02093537218921274	2.1944929651209777	4.651227319962814e-17			0	1	1	1	0	0.8673469387755102	0	1	draw1846	True
-1.105136075886322	-1.5771206914680618	0.5670553723962432	0.03287717872850606	0.47960671334493754	0.4796468555703426	169	0	0.46651310804091134	0.030492499184152564	0.021229048976411074	0.4776678046491831	1.620882247865829e-17			0	1	1	1	0	0.8756476683937824	0	1	draw1849	True
-2.0496214520811282	-2.0496214520811282	1.0498100022017125	0.0006748838924725315	1.416109607841016	1.4161735157516504	235	0	0.0006726371275667469	9.996932849446172e-07	1.0498100022017125	0.0006748838924725315	8.881784197001252e-16			0	1	1	1	0	0.9215686274509803	0	1	draw1850	True
-0.432615224112827	-1.0452064552370552	0.2543197005353771	0.5577868368104698	0.6945635969671248	0.6945638024993245	138	0	0.9627244622425791	0.004225015710442702	0.0032586393875945812	0.6678844127331013	6.938893903907228e-17			0	1	1	1	0	0.8117647058823529	0	1	draw1852	True
-0.29069680165147166	-0.5948769857928892	0.029130364547942527	0.004816353987164296	0.21505284955799872	0.21510706063564744	194	0	0.5972577450292121	0.527645701890703	0.0011076843537600122	0.2131827140198964	9.107298248878237e-18			0	1	1	1	0	0.9065420560747663	0	1	draw1853	True
-0.8092129814493354	-0.9983286728017163	0.02589994940905632	9.707119083141502e-05	0.0932610832455679	0.09326835225426526	246	0	0.1417111164913144	0.6148196486683759	0.00027744886973941934	0.0932610832455679	3.469446951953614e-18			1	0	1	1	0	0.9144981412639405	0	1	draw1860	True
-1.2638447550428396	-1.3944821602121975	0.044643524136595274	0.005885400287856121	0.06186662076377257	0.061868082656310934	172	0	0.04666937040963928	0.004098405733373157	0.0009429116307540453	0.061395270800487844	1.1434944787933055e-19			0	1	1	1	0	0.8686868686868687	0	1	draw1861	True
-2.041831357013022	-6.068062884062926	0.08915281130588389	1.2028482626034547	3.530909373528479	3.5309466274945116	145	0	0.7460701194281644	0.012736495821505765	0.00013872712660740745	3.530909373528479	1.0842021724855044e-19			0	1	1	1	0	0.847953216374269	0	1	draw1862	True
-0.14126080788408568	-0.14256219870383352	0.0035647519075767647	0.001149847621982042	0.036596538658123956	0.03661209477849861	188	0	0.06678174542261765	0.0006968077394767968	0.003514737319023794	0.007310622025582367	6.938893903907228e-17			0	1	1	1	0	0.9082125603864735	0	1	draw1863	True
-2.174118448257326	-2.1993922506440065	0.06659168681997558	0.011240035752542357	0.07982467063590616	0.07982565402249414	165	0	0.035914840561731394	0.0009456669767941993	0.002207643732550851	0.07796500879021608	5.421010862427522e-20			0	1	1	1	0	0.868421052631579	0	1	draw1864	True
-0.8638648806945607	-1.921889607480161	0.26092663262401455	0.03155335790465186	0.4645994507329488	0.4646163934950065	182	0	0.47893352016169305	0.14515881502170155	0.03358733023844902	0.4557605658169335	1.3227266504323154e-17			0	1	1	1	0	0.8921568627450981	0	1	draw1865	True
-0.0694324095708664	-0.3377061670923382	0.021748750599144676	0.013381244869760544	0.17997093911591816	0.1799778091329115	175	0	1.3418575694768113	0.12816412698337476	7.240987994363649e-05	0.17997093911591816	3.469446951953614e-18			0	1	1	1	0	0.8454106280193237	0	1	draw1868	True
-1.0657485713380135	-1.4066620893940078	0.3973397902621439	0.01664146140691356	0.3614306398403556	0.3614403431250097	175	0	0.35402618835793026	0.0161268625089391	0.011133527987948902	0.36048634344403285	6.2426328212641935e-18			0	1	1	1	0	0.875	0	1	draw1871	True
-0.23995228374067118	-2.5652481914267025	0.2809056269599273	0.11153480430815474	1.0290272513152514	1.029084108748773	174	0	1.1870372907905078	0.07698454474391328	0.0008147592587977506	1.0290272513152514	9.703609443745265e-18			0	1	1	1	0	0.8787878787878788	0	1	draw1872	True
-0.3499649223237914	-1.8839774454615017	0.8099782685857662	0.033000650497159396	0.7070648648222939	0.7072113091088672	178	0	1.9853913367181377	0.08637028733393726	0.0033062245724228578	0.7070648648222939	3.382710778154774e-17			0	1	1	1	0	0.89	0	1	draw1873	True
-1.1168101390598075	-8.378385874668263	16.38960683613687	1.1608128501829287	5.0270371217151855	5.027284243193667	165	0	4.014666370281022	0.04736489128503131	0.007021477424109509	5.0270371217151855	2.7755575615628914e-17			0	1	1	1	0	0.8638743455497382	0	1	draw1874	True
-0.5749966752766789	-1.358226113487005	0.4590329377826718	0.0010410616813234914	0.7880304340992272	0.7886029938223318	224	0	1.6185878625425707	0.3325977761909031	0.009901981125539715	0.7880304340992272	5.551115123125783e-17			0	1	1	1	0	0.8715953307392996	0	1	draw1875	True
-1.8589321456573682	-3.9568493128534943	3.623040204694932	0.24778540460610654	2.449405454604489	2.4498861677579873	162	0	1.1232728949901127	0.08452319966066968	0.08004058621413877	2.449405454604489	1.6653345369377348e-16			0	1	1	1	0	0.8709677419354839	0	1	draw1877	True
-0.55542205701155	-0.9469887808996477	0.008240866694666333	0.056170453655719224	0.5232929418057096	0.5233078233948144	167	0	0.6792637939614117	0.5591502108639421	4.905679965812108e-05	0.5232929418057096	3.0086610286472748e-18			0	1	1	1	0	0.8978494623655914	0	1	draw1878	True
-0.3944777457422366	-0.3948144091449435	0.03640321722896913	0.0015580020090582962	0.17712147687771984	0.17712706093187894	192	0	0.02514404287435279	1.8926802265015818e-05	0.0363223060045107	0.0036895794225129705	8.326672684688674e-17			0	1	1	1	0	0.9056603773584906	0	1	draw1880	True
-1.0126904564693064	-1.1429803706209776	0.02292477852877703	0.013270971423842414	0.4188292550763398	0.41903757465124714	184	0	0.40267350433376353	0.15508473547424606	0.001256000252293687	0.4188292550763398	3.686287386450715e-18			0	1	1	1	0	0.8679245283018868	0	1	draw1887	True
-1.6606362738332492	-1.6606362738332492	0.5840299823372084	9.55936906492616e-05	0.8346581796261665	0.8348005605450545	254	0	0.0001901532898029528	9.997170962114392e-07	0.5840299823372084	9.55936906492616e-05	3.3306690738754696e-16			0	1	1	1	0	0.900709219858156	0	1	draw1888	True
-7.476736182483531	-8.155174004187176	6.1884984467107165	0.005419959498197827	0.7251143722634847	0.7254909448096125	201	0	1.1887935656581523	0.08931489722737046	0.18579437039300986	0.7251143722634847	3.7312817766088635e-16			0	1	1	1	0	0.8893805309734514	0	1	draw1889	True
-1.0684336111858304	-1.6802810432486337	0.6221740482482891	0.025758135307100832	0.4464157996027281	0.44644880623190486	174	0	0.4433596242242962	0.06700162868581216	0.006352511468832582	0.4464157996027281	1.734723475976807e-17			0	1	1	1	0	0.8656716417910447	0	1	draw1890	True
-0.2307662169790831	-4.595313377507245	0.19291241011174898	0.04561598678589138	1.6913442153935916	1.6915821135198905	198	0	1.5273508614406361	0.1483311973613358	0.000507880980147226	1.6913442153935916	2.7884324623611567e-18			0	1	1	1	0	0.8608695652173913	0	1	draw1891	True
-0.8620945005604549	-0.8620945005604549	0.017093063505505778	0.00028355533388354153	0.15502252496801672	0.15503150874526506	238	0	0.00033687798618959973	9.994445962914826e-07	0.017093063505505778	0.00028355533388354153	1.0191500421363742e-17			0	1	1	1	0	0.8981132075471698	0	1	draw1899	True
-0.05954851250097936	-0.20795090767487928	0.006226866744846224	0.00571960480632604	0.06581354507732626	0.06581515125991921	179	0	0.9282222582126587	0.23344864113128116	1.194905217712767e-05	0.06581354507732626	2.8189256484623115e-18			0	1	1	1	0	0.8647342995169082	0	1	draw1903	True
-0.21016414154798035	-0.26419060893757956	0.011024690613635472	0.0014607716577173379	0.09798795136367157	0.0980249073499165	198	0	0.6685196509051968	0.28089803808821795	0.00035101017793778193	0.09798795136367157	3.903127820947816e-18			0	1	1	1	0	0.8284518828451883	0	1	draw1905	True
-3.136910540562572	-3.3083711937918894	2.3496006996342973	0.13904153590601573	1.1807800292504433	1.1816322128717367	160	0	0.811523358180605	0.014596405454544313	1.9634045212203388	0.7868966306244461	4.996003610813204e-16			0	1	1	1	0	0.8695652173913043	0	1	draw1907	True
-2.8823756206986855	-5.877221912590178	2.6786989088735984	0.011103161542157163	3.6758964512364813	3.6773656592060093	219	0	1.0297670754428057	0.7366966812399444	0.032484683438627905	3.6758964512364813	1.1102230246251565e-16			0	1	1	1	0	0.9163179916317992	0	1	draw1908	True
-0.3241025829976163	-2.853431004692339	1.3002490813835723	0.03353689560967553	1.0063540108665392	1.0063766686794673	205	0	8.55962497986311	0.11758979080440368	0.00024158527666490778	1.0063540108665392	1.8979467249127108e-17			0	1	1	1	0	0.8913043478260869	0	1	draw1910	True
-1.3791253259514336	-1.3791253259514336	0.017264944591154536	0.01289192458452779	0.33472021587315776	0.33477814688843366	179	0	0.009458270401285895	9.992785823075629e-07	0.017264944591154536	0.01289192458452779	1.0842021724855044e-19			0	1	1	1	0	0.8731707317073171	0	1	draw1911	True
-0.7474417992595049	-1.4503135974956236	0.2004334984374243	0.33285161219472836	1.1217049873482337	1.1218738661502876	147	0	0.9581106880716587	0.03510477275027085	0.004217676878837255	1.1217049873482337	7.047314121155779e-18			0	1	1	1	0	0.8647058823529412	0	1	draw1914	True
-2.852925932013968	-4.430319903559447	1.8468887915518055	0.04783218208515735	1.8235406705444506	1.8238539913081715	186	0	0.5528305596252326	0.07131465562492112	0.019313838530951647	1.8235406705444506	6.938893903907228e-18			0	1	1	1	0	0.8732394366197183	0	1	draw1915	True
-0.26650129295419805	-0.26650129295419805	2.7891401789324757e-05	0.040399569036236906	0.0897805267727163	0.04039912637589446	30	0	0.230947355302329	1.0585639438107555	2.7891401789324757e-05	0.040399569036236906	4.163336342344337e-17			0	0	0	0	0	0.12295081967213115	0	1	draw1920	True
-1.837809717767985	-1.837809717767985	0.0002529882417534161	0.013215441723477456	0.03503548902691995	0.01321494373305583	50	0	0.10597560639551583	1.039506450475036	0.0002529882417534161	0.013215441723477456	1.1275702593849246e-16			0	0	0	0	0	0.20080321285140562	0	1	draw1924	True
-0.714328151167248	-1.6420505396197016	0.6461856104498678	0.057021034801955986	1.2826567614419062	1.2827091042034993	183	0	0.9453916675892862	0.2228605582966801	0.04952007085431037	0.8238886811676757	8.881784197001252e-16			0	1	1	1	0	0.8472222222222222	0	1	draw1925	True
-6.41027758921392	-9.76498148427807	21.5265433428952	0.21073692167724425	1.0409337620843808	1.041052873139735	174	0	1.43574212883951	0.15485417133775195	0.05377151955644468	1.0409337620843808	7.031593189654739e-16			0	1	1	1	0	0.8325358851674641	0	1	draw1927	True
-1.08913390398668	-1.122439962546932	0.015330264312339808	0.0074687153911420535	0.058150840285528874	0.05815133161541086	168	0	0.051862511522706475	0.004268863194733072	0.0005226469958294333	0.057035519188987575	8.470329472543003e-20			0	1	1	1	0	0.875	0	1	draw1932	True
-1.220833249753748	-2.2908771423754217	0.12021815474132642	0.025476470565674127	0.5670610448848413	0.567201079966156	184	0	0.3405563312998359	0.14796913393267788	0.0022817895933269676	0.5670610448848413	4.7704895589362195e-18			0	1	1	1	0	0.8803827751196173	0	1	draw1934	True
-0.319916729362419	-1.382503867361381	0.4721788082088035	0.033287813859741666	0.3332711602355924	0.33327131819020994	179	0	1.957813245703766	0.21079434593713928	5.914358229901326e-05	0.3332711602355924	4.1104814864356687e-17			0	1	1	1	0	0.8731707317073171	0	1	draw1935	True
-1.423155408177187	-3.2796921370668217	2.655665127274567	0.27476349759843705	2.071433245741265	2.0714597385051707	163	0	1.9259561878974643	0.05769574123170946	0.007289803394417247	2.071433245741265	6.071532165918825e-17			0	1	1	1	0	0.8624338624338624	0	1	draw1936	True
-0.43392893570607227	-0.806166214117187	0.011555243265356868	0.02033834434500968	0.3979659159363702	0.39812911288821046	177	0	0.6564589190104343	0.1597206518422672	0.00045562632950978647	0.3979659159363702	2.6020852139652106e-18			0	1	1	1	0	0.8805970149253731	0	1	draw1938	True
-3.2030681471740183	-7.941903912057121	0.11823058917491289	0.13528942398796304	2.4917018568101224	2.4918288403472237	180	0	0.3938137955781396	0.5444151099882732	0.0024220524258327346	2.4917018568101224	4.391018798566293e-18			0	1	1	1	0	0.8823529411764706	0	1	draw1945	True
-6.6440459591923995	-6.6440459591923995	0.9830937369137296	0.0034511041239894276	0.21238341817456247	0.21270470215500692	188	0	0.02281232233615293	9.99340822942426e-07	0.9830937369137296	0.0034511041239894276	2.554042034592539e-16			0	1	1	1	0	0.8785046728971962	0	1	draw1946	True
-3.933900147081167	-3.9357665435413294	2.538348175774205	0.006654139277443737	0.5844526432009836	0.5846216124463897	198	0	0.040407123219290984	4.7166905540015316e-05	2.5145626300772834	0.032752985322673143	3.8380756905986857e-16			0	1	1	1	0	0.908256880733945	0	1	draw1948	True
-1.2302826658909984	-3.0527667191214447	0.22309823421511926	0.0054122041277057265	1.9174280656283746	1.9175272823604996	220	0	0.9940764989608062	0.24413507726174682	0.0011068318196819805	1.9174280656283746	5.204170427930421e-18			0	1	1	1	0	0.9128630705394191	0	1	draw1951	True
-0.8785451382959119	-0.8785451382959119	0.0001250153920746036	0.08868528144369112	0.22155577968525958	0.08868444305894516	24	0	0.48133671085663615	1.0135659229443246	0.0001250153920746036	0.08868528144369112	1.6653345369377348e-16			0	0	0	0	0	0.12371134020618557	0	1	draw1956	True
-1.2384346519056038	-4.106337967968305	1.4974929749044932	0.007523300095661344	2.9908077989504425	2.990891513160717	223	0	1.4977408449388734	1.2966553764908548	0.0020548477097580885	2.9908077989504425	9.8879238130678e-17			0	1	1	1	0	0.9102040816326531	0	1	draw1962	True
-0.4750496790804454	-0.4750496790804454	0.053819215696429466	0.003267359885521559	0.26139659946227845	0.261403324612808	191	0	0.011349100665359305	9.988599291027795e-07	0.053819215696429466	0.003267359885521559	7.632783294297951e-17			0	1	1	1	0	0.8565022421524664	0	1	draw1963	True
-0.49338198159001634	-0.6333580388142864	0.09955491989213669	0.0030775537702488016	0.09656965750941064	0.09657272936500001	203	0	0.1480616840733246	0.032713204129975706	0.041329869109435285	0.05476684893442996	2.0816681711721685e-17			0	1	1	1	0	0.8185483870967742	0	1	draw1964	True
-1.0062370566366157	-1.4506979297164317	0.45619372069687203	0.02304978520130864	0.5991930048914902	0.5991961919453103	179	0	0.5947286975254806	0.12928307526909671	0.04184335124778286	0.5913631861330216	5.551115123125783e-17			0	1	1	1	0	0.8647342995169082	0	1	draw1965	True
-1.0636584644040288	-1.9633101157667943	0.9612706803893585	0.0009679884927426912	1.1251249893220885	1.125133131165237	233	0	1.4045511962511863	2.2982437874265114	0.007121570379173306	1.1216825262046235	3.3306690738754696e-16			0	1	1	1	0	0.91015625	0	1	draw1966	True
-1.649822885533864	-1.649822885533864	0.6120407545467159	0.010490165616996124	0.8474536756721198	0.8487578752540625	193	0	0.009684813646168251	9.984420428810569e-07	0.6120407545467159	0.010490165616996124	9.71445146547012e-17			0	1	1	1	0	0.8354978354978355	0	1	draw1967	True
-0.7776473497916956	-4.105094981674375	1.0323451601927414	0.15937159880934904	1.8188769422858453	1.8189918118894282	173	0	0.9449810532026557	0.04003204966175672	0.0016697738894196606	1.8188769422858453	3.903127820947816e-18			0	1	1	1	0	0.8826530612244898	0	1	draw1970	True
-0.08221447198857296	-0.7946551154769206	0.05396918784406967	0.059501337515776104	0.5830504108924397	0.5830721836920568	172	0	2.0462308086648497	0.13919390650392874	6.771013895944425e-05	0.5830504108924397	3.469446951953614e-18			0	1	1	1	0	0.8865979381443299	0	1	draw1974	True
-1.0395178571947667	-1.3082744769406227	0.41178039017962065	0.01546456623434811	0.4727000887567293	0.472834766562885	179	0	0.9679975800558833	0.15101230980973254	0.011185281316644771	0.4727000887567293	3.745918505937418e-17			0	1	1	1	0	0.8905472636815921	0	1	draw1975	True
-1.3140227863377074	-1.6540257302209365	0.6657168507821675	0.06978448717525944	0.7748891259224076	0.7749925590233754	166	0	0.9302350760541888	0.11670333946051442	0.07382059425389988	0.773048752597305	6.938893903907228e-17			0	1	1	1	0	0.8877005347593583	0	1	draw1978	True
-0.8283581080969675	-1.4579786215038664	0.45205605836789764	0.0012190238993873962	0.699080506319107	0.6991338723884684	226	0	0.8482701100404457	0.5871996258860003	0.0019195102116502435	0.699080506319107	5.551115123125783e-17			0	1	1	1	0	0.9186991869918699	0	1	draw1979	True
-0.8995649901884801	-4.646131147945054	3.814841969403425	0.029941032839878385	1.0265108969341228	1.0265155123541059	180	0	1.2468337043571607	0.032996142447047606	0.0034708961520439406	1.0265108969341228	2.721347452938616e-17			0	1	1	1	0	0.8866995073891626	0	1	draw1980	True
-0.3163940893219185	-0.3163940893219185	0.008039176845057502	2.880918166246849e-05	0.04426751772571328	0.04427035654655288	248	0	0.00010000000000000701	2.9250467936865987e-06	0.008039176845057502	2.880918166246849e-05	3.469446951953614e-18			1	0	1	1	0	0.7425149700598802	0	1	draw1981	True
-1.882320625981301	-3.1672875377767324	0.06633491319063665	0.017860150009138858	1.2265665246970976	1.226575822124589	194	0	0.4725913249762209	0.01983959624362855	0.00013038884539139244	1.2265665246970976	2.168404344971009e-19			0	1	1	1	0	0.8858447488584474	0	1	draw1983	True
-0.17668381653206905	-0.2832227243459789	0.015244819840587457	0.014910881651642621	0.14194738624819994	0.141962798728341	164	0	0.7846141686902426	0.06985230695653899	0.00012374621113011853	0.14194738624819994	1.6775487520371418e-18			0	1	1	1	0	0.8723404255319149	0	1	draw1984	True
-0.9725229173864457	-0.9905356922140174	0.015442480445802763	0.005054904136655446	0.058322443446606274	0.058322528008646665	170	0	0.0597195875011621	0.0022939976969694915	0.00024530178804098686	0.05816211295317359	6.776263578034403e-21			0	1	1	1	0	0.8585858585858586	0	1	draw1987	True
-2.8240781826703616	-5.051045408796556	0.18584245260577087	0.1255014303582831	2.267456173989928	2.267627039306062	176	0	0.5110082468018486	0.1456037802915593	0.004284826043939902	2.267456173989928	6.342582709040201e-18			0	1	1	1	0	0.8979591836734694	0	1	draw1989	True
-0.9601958463827275	-0.9631446387910043	0.19000268576264012	0.0038810489322367915	0.16933488254826312	0.16951641320468486	182	0	0.049844727758411346	8.543475072657049e-05	0.18897043824596146	0.013785249499258344	6.938893903907228e-17			0	1	1	1	0	0.900990099009901	0	1	draw1994	True
-0.12934981391910502	-0.15657732159587567	0.006124218547413034	0.0011966065788506243	0.04664404801546328	0.04664478552744978	185	0	0.4802686599832504	0.1360051681243485	0.0022521658257186753	0.03989830294440108	1.9081958235744878e-17			0	1	1	1	0	0.8525345622119815	0	1	draw1995	True
-7.540568526926318	-7.57140987613141	14.292656981426513	0.012980288281015327	6.769144518973292	6.7691635295449535	211	0	0.01000000000000012	6.410718902799928e-06	14.176066427527312	0.03978930044142867	3.552713678800501e-15			1	1	1	1	0	1.0	0	1	draw1997	True
-3.7117938913296133	-8.142933580911487	2.7030503847851084	0.16014391314987897	4.178883364025163	4.179320079438391	180	0	0.6693643525616854	0.06754268035509797	0.04527969671876427	4.178883364025163	3.469446951953614e-17			0	1	1	1	0	0.8780487804878049	0	1	draw2002	True
-0.30696663149184067	-0.30696663149184067	0.0001283456884929155	0.037342750601513076	0.08604154331776119	0.03733312906350469	35	0	0.2132488282270818	1.2256135653082332	0.0001283456884929155	0.037342750601513076	5.551115123125783e-17			0	0	0	0	0	0.14112903225806453	0	1	draw2004	True
-1.7741758346167809	-2.0922957268708116	1.01944076494721	0.005964191425465693	0.5400714393640279	0.540072988115236	198	0	0.7598190199188114	0.14976307793169172	0.15216635356794184	0.5340779702264051	1.4452414959231774e-16			0	1	1	1	0	0.9	0	1	draw2005	True
-71.39664536549174	-71.39664536549174	3.023600063415857e-05	0.571201017084637	0.5726304200972842	0.5726448752579544	166	0	0.01000038129129768	3401.1322860395812	3.023600063415857e-05	0.571201017084637	4.440892098500626e-16			1	0	1	0	1	1.0	0	1	draw2008	True
-0.5870595352595671	-0.5870595352595671	0.00022135262026012055	0.044066445600776306	0.09871007800580718	0.04405977290964756	38	0	0.07984019468726934	0.1422358636770112	0.00022135262026012055	0.044066445600776306	3.469446951953614e-17			0	0	0	0	0	0.20994475138121546	0	1	draw2010	True
-3.5388718769207315	-5.495753753965167	4.00034751181341	0.34308968294073716	4.014039879041577	4.014574118210571	167	0	1.0501476320708243	0.1252974024664113	0.10536756445349081	4.014039879041577	9.71445146547012e-17			0	1	1	1	0	0.8789473684210526	0	1	draw2014	True
-0.7047761920537681	-1.1460875811335929	0.2684102108121989	0.03174364741901665	0.554154724323901	0.554273246625004	176	0	1.0220971043248204	0.13980460463893749	0.0058132859659308115	0.554154724323901	3.382710778154774e-17			0	1	1	1	0	0.8844221105527639	0	1	draw2016	True
-1.2960357247834842	-1.3410107052358238	0.08887585421566552	0.0003785044527024903	0.014729082981930215	0.014730621967254123	216	0	0.009408811920384794	0.001994562804939718	0.02053606799888768	0.011919148277210698	2.303929616531697e-19			0	1	1	1	0	0.8962655601659751	0	1	draw2021	True
-0.38661172086408113	-0.3872309623154335	0.02570789631348298	0.0013249586847248335	0.19130873760878697	0.19131188849246072	199	0	0.010000000000000021	5.293064845059847e-06	0.025537938047467103	0.0030213099083641515	1.3877787807814457e-16			1	1	1	1	0	1.0	0	1	draw2025	True
-1.6351275419983091	-1.8433547662999372	0.8407574841164299	0.003076375368056259	0.528391182376543	0.5287187863124578	207	0	0.40590035260176344	0.052928380306650216	0.530501037942216	0.32021173099942535	3.0531133177191805e-16			0	1	1	1	0	0.8625	0	1	draw2026	True
-0.2911043252348536	-0.6199614179938299	0.09418938376455324	0.0019370683781895837	0.2296201881402009	0.2297504993665719	204	0	1.185654313886956	0.15695856637132993	0.0014778397415103556	0.2296201881402009	1.0842021724855044e-17			0	1	1	1	0	0.8717948717948718	0	1	draw2031	True
-0.564879232968078	-1.059260860592468	0.2642858829366591	0.02689497651267183	0.9060618451485362	0.9060622745749419	190	0	5.70644939186872	0.10466900462673698	6.344509195179664e-05	0.9060618451485362	1.3877787807814457e-17			0	1	1	1	0	0.8796296296296297	0	1	draw2033	True
-0.469726041400765	-4.935498535139866	5.339012609983322	0.9385872650968803	1.9016785434421	1.9017062777477134	149	0	2.5358384304775	0.04181888667977095	0.0020049229824118655	1.9016785434421	3.7838655819744105e-17			0	1	1	1	0	0.8662790697674418	0	1	draw2035	True
-2.493651149748624	-2.6296469868122077	0.026835582152778557	0.0005475871676796603	0.7973661770173397	0.7976675838000744	249	0	0.19934255234506618	0.12871908282741026	0.02274736247349746	0.5254971088275723	2.2497195079074217e-18			0	1	1	1	0	0.8924731182795699	0	1	draw2038	True
-0.19977758585282404	-0.2118330952974309	0.0024632369197207225	0.0007323481096579099	0.00200956070227406	0.0020095972747581556	144	0	0.009962628474709386	0.00030543967782566307	8.030787899558895e-05	0.0019850622587822427	5.082197683525802e-21			0	1	1	1	0	0.8228571428571428	0	1	draw2041	True
-0.8271448795149817	-0.8882208129160156	0.18342869031805578	0.002542762940617147	0.3154642404451624	0.31573207940946096	203	0	0.5550268916089389	0.225346131610224	0.06165968896202896	0.30408910732644445	2.42861286636753e-17			0	1	1	1	0	0.8353909465020576	0	1	draw2048	True
-0.4289294521946422	-2.383367172259901	1.0233160298953334	0.010910036511055059	0.9797923279705002	0.9798723291751326	205	0	9.536066481353174	1.49310847506112	0.0005846769686871173	0.9797923279705002	6.661338147750939e-16			0	1	1	1	0	0.9111111111111111	0	1	draw2051	True
-0.7164371448990399	-0.8319055624494618	0.1481801474907817	0.0076841285823129905	0.3262030459699642	0.326476222209378	187	0	0.6774918979808628	0.17277607759613878	0.0080367460989822	0.3262030459699642	2.0561618915479734e-17			0	1	1	1	0	0.8862559241706162	0	1	draw2055	True
-0.9938235650604146	-1.1566217181444984	0.21373710848522073	0.0027185611347981184	0.5634126803687014	0.563523767345869	196	0	0.26622825543001744	0.019319997296515845	0.2178882349270166	0.06702873591111255	1.942890293094024e-16			0	1	1	1	0	0.8868778280542986	0	1	draw2056	True
-0.26011973106725755	-0.7530390316385924	0.14176226511856152	0.04860005760629864	0.40473963042310107	0.4047421578353928	165	0	1.3888069169000576	0.20635364188095479	0.004159070502882388	0.4005359345960329	5.4643789493269423e-17			0	1	1	1	0	0.8967391304347826	0	1	draw2058	True
-0.3489823538495721	-0.7672430015798205	0.038398316047884025	0.00019384268814761114	0.09628615296304188	0.09634542538827529	217	0	3.487836807488296	0.15228176532580043	0.0005177762563803957	0.09628615296304188	2.1250362580715887e-17			0	1	1	1	0	0.8857142857142857	0	1	draw2060	True
-0.2362902287848382	-0.46682688327193833	0.01480188021399374	0.0034024671530159074	0.29289351312527645	0.2929004806977077	199	0	1.0344509793226067	0.22570741034061073	8.47191352290721e-05	0.29289351312527645	3.5236570605778894e-18			0	1	1	1	0	0.8963963963963963	0	1	draw2061	True
-0.22524576038916538	-0.43003773464849776	0.014584367402051629	0.021495973304231555	0.08947717753599524	0.08947741408167471	154	0	0.28528398003101374	0.019741069089654315	5.955786371855896e-06	0.08947717753599524	2.168404344971009e-19			0	1	1	1	0	0.8651685393258427	0	1	draw2062	True
-0.6517393873642233	-0.716658633297727	0.009999488898517105	0.0002691939654878892	0.10081162930630265	0.10081178986971989	238	0	0.12788676508937666	0.5307686257511501	0.0043313957014012965	0.07687541886345407	1.3986208025063007e-17			0	1	1	1	0	0.9260700389105059	0	1	draw2065	True
-0.6148007297905906	-1.1882510186052795	0.2055409495468688	0.00305339349015395	0.8201663933333734	0.8204171080025173	211	0	1.058267497234626	0.1470431727642064	0.004383319132949448	0.8201663933333734	7.806255641895632e-18			0	1	1	1	0	0.9017094017094017	0	1	draw2072	True
-0.14503054986170882	-0.5286176026391488	0.06216215090210937	0.0005441991526893713	0.2497912525101851	0.24980716997306313	226	0	1.248128920144612	0.5566246011188407	0.00043832624048073006	0.2496083826090044	4.163336342344337e-17			0	1	1	1	0	0.889763779527559	0	1	draw2074	True
-0.40193017472061765	-0.5058151620890392	0.019476866002540883	0.001203604721966561	0.04337040478754888	0.043380602614763564	194	0	0.10008895806103754	0.025904562096821643	0.0015483690019273536	0.0425455594649595	5.929230630780102e-19			0	1	1	1	0	0.8818181818181818	0	1	draw2076	True
-0.46059123375116534	-0.7410752349207566	0.13262816278031464	0.01008175753685727	0.41842433799213086	0.4184395921804863	187	0	1.3303606787978195	0.3850753244528523	0.0016142677808385275	0.41842433799213086	4.163336342344337e-17			0	1	1	1	0	0.8947368421052632	0	1	draw2078	True
-0.4103272293761047	-0.4586508430535728	0.05214819436176547	0.03407185120145811	0.20094582180365617	0.20094723851674853	150	0	0.660994774927162	0.011698277388502152	0.002054810868745896	0.19915452499975517	2.168404344971009e-18			0	1	1	1	0	0.872093023255814	0	1	draw2079	True
-1.225152378991822	-3.105861293759253	0.5665906762652255	0.01903682783487413	0.9957782501665471	0.9958035447271991	201	0	0.6594899947154155	0.6856366473273019	0.04423856570841626	0.9740493349142101	1.0180658399638887e-16			0	1	1	1	0	0.9095022624434389	0	1	draw2084	True
-1.1092991317520062	-2.24163547916004	0.6020462855837889	0.05408445838194831	0.4713585620881685	0.47136032756144736	169	0	4.881208197417244	0.04056587153145742	0.00018946809374136006	0.4713585620881685	1.5395670849294163e-17			0	1	1	1	0	0.8666666666666667	0	1	draw2087	True
-0.49388358736405835	-0.49388358736405835	7.766618780182871e-06	0.0018851287114814022	0.0028732685973795373	0.0018851083306319523	37	0	0.013199865399474448	0.0894188567543586	7.766618780182871e-06	0.0018851287114814022	1.3010426069826053e-17			0	0	0	0	0	0.18592964824120603	0	1	draw2088	True
-0.8369857617431873	-0.8369857617431873	0.00020035164926171528	0.16771954425098234	0.31706631747216685	0.16770477373802628	32	0	2.9986987202272344	7.017313890153013	0.00020035164926171528	0.16771954425098234	1.4988010832439613e-15			0	0	0	0	0	0.13675213675213677	0	1	draw2089	True
-0.6825867544113776	-0.6925596692632108	0.048661420366489724	0.0019216151431722419	0.22972684548097816	0.22980882578314296	205	0	0.28470286365247743	0.06087404885374911	0.04028316980246691	0.1734976150519014	1.0408340855860843e-17			0	1	1	1	0	0.8760683760683761	0	1	draw2090	True
-1.0965227119807912	-1.0965227119807912	0.13528377212568854	0.0003939515455896431	0.2866876250671588	0.2866991111892222	236	0	0.0004127270708492589	9.99464152022091e-07	0.13528377212568854	0.0003939515455896431	2.0816681711721685e-17			0	1	1	1	0	0.8973384030418251	0	1	draw2092	True
-0.8305850318675345	-0.9962295687192677	0.12194898091070056	0.012266043845035778	0.28249912304701674	0.28252194363153954	181	0	0.39037025628317173	0.12395299140418062	0.0025060105653244135	0.28249912304701674	9.64939933512099e-18			0	1	1	1	0	0.8916256157635468	0	1	draw2096	True
-2.9183245507164273	-4.800646537914967	3.9823901900408907	0.006853121235010193	0.9802082857315106	0.9802180409441256	209	0	2.4733671496535043	0.3135753001139155	0.004216703430056004	0.9802082857315106	2.2736905403147184e-16			0	1	1	1	0	0.9008620689655172	0	1	draw2098	True
-0.72837237224948	-0.7903928130999496	0.04590018973232022	0.004681835897208087	0.363940508012091	0.3639901119297551	196	0	0.5053887807065561	0.13427037044667028	0.0011426740080224729	0.363940508012091	5.204170427930421e-18			0	1	1	1	0	0.8672566371681416	0	1	draw2099	True
-0.09746648838382735	-1.2301808627411204	0.3046660535799566	0.2345690002340053	0.4783720421845758	0.4783920715045584	150	0	1.1352701563866197	0.08466798106527303	9.837133643149097e-05	0.4783720421845758	2.6020852139652106e-18			0	1	1	1	0	0.8670520231213873	0	1	draw2104	True
-1.1371128443370844	-1.1413348620787231	0.32162732471038935	0.0007121163428073159	6.112544257777468	6.1125718632392125	249	0	0.00999999999998991	3.883586623081079e-05	0.3193666808365375	0.006323399312977126	3.552713678800501e-15			1	1	1	1	0	1.0	0	1	draw2105	True
-0.44827096255490384	-2.874577173053765	0.3878750907580901	0.016489440174947766	0.9425403251197882	0.9429042169322901	202	0	0.8772439695384237	0.3835330173111663	0.0008343266535465344	0.9425403251197882	4.336808689942018e-18			0	1	1	1	0	0.905829596412556	0	1	draw2106	True
-0.4720509956720768	-1.0432244980119918	0.07826565684189456	0.1018097764382895	0.8832426287988973	0.8834161208454283	164	0	1.1412193180086472	0.38549021997486443	0.0004198207229022198	0.8832426287988973	1.0144066576317501e-17			0	1	1	1	0	0.8864864864864865	0	1	draw2111	True
-0.939364278753452	-0.9440781833270937	0.002034343044058422	0.053546138022472656	0.1932930503659717	0.053534163720371536	18	0	1.4895825146652377	1.1342406691817593	0.01987543191166389	0.05511987210181262	2.498001805406602e-16			0	0	0	0	0	0.09	0	1	draw2116	True
-1.2888033057419153	-1.4874827931685248	0.08997337538660033	0.008114626804778749	0.27553929934622245	0.2756249692744234	192	0	0.25649795106145185	0.2924010698418469	0.0031454770681435804	0.27553929934622245	1.235990476633475e-17			0	1	1	1	0	0.8847926267281107	0	1	draw2117	True
-0.8661802186723333	-1.192396832476094	0.026830139516390645	0.0011368354038663914	0.17862286738864375	0.1786228840600468	220	0	0.21162116563819533	0.21162176404740088	1.3805332851529034e-05	0.17862286738864375	3.469446951953614e-18			0	1	1	1	0	0.8979591836734694	0	1	draw2123	True
-0.11853722803996142	-0.38887150883740146	0.028585006220117143	0.0006345705289299746	0.35352509076313454	0.35364542967211166	214	0	6.32697902579062	0.30598801595689296	0.00023275236762957308	0.35352509076313454	2.2551405187698492e-17			0	1	1	1	0	0.9067796610169492	0	1	draw2126	True
-0.43131702214192413	-0.6683869845795246	0.027858043170481985	0.0011991599078231283	0.11535198151601077	0.11548068961592327	208	0	0.2465433953828103	0.09141841706517133	0.0020606687735552466	0.11535198151601077	2.168404344971009e-18			0	1	1	1	0	0.8666666666666667	0	1	draw2130	True
-1.2530167962482328	-1.5169277726319983	0.1793790203165198	0.012417325374678222	0.4676584126066199	0.46769656049887515	185	0	0.3503151372371141	0.03025215768881968	0.005352449780282778	0.46574531410912656	2.3852447794681098e-18			0	1	1	1	0	0.8894230769230769	0	1	draw2134	True
-0.2994320513279542	-0.34742302351094156	0.027721137563819533	0.0006719252058802443	0.3089542303847856	0.30909349749898685	220	0	2.254720915475684	0.042418445344983256	0.0111233531285971	0.17192152037902017	6.938893903907228e-17			0	1	1	1	0	0.9128630705394191	0	1	draw2135	True
0.03077017275789401	-1.2633739001465463	0.39757453025410155	0.04314521869981874	0.7423988309800802	0.7424993427409958	186	2	4.467830236581539	0.6962067819494117	0.0011316297319504368	0.7423988309800802	2.220446049250313e-16	0.7422700255576535	0.0017278135317116575	0	1	1	1	0	0.8416289592760181	0	1	draw2136	True
-1.5257979436085682	-1.6994335976303026	0.04705804552657938	0.03950021535184825	0.5623866358156062	0.5624234938344348	169	0	0.3516647683311701	0.022789681195747525	0.00023475689132737354	0.5623866358156062	3.2526065174565133e-19			0	1	1	1	0	0.8711340206185567	0	1	draw2138	True
-0.18990114377149786	-0.8922470580193413	0.1426516892750116	0.13333338962207789	0.7273238274881998	0.7273596177516005	156	0	1.783754874329904	0.036340350906272016	0.0004740839339208023	0.7273238274881998	5.002907458728919e-18			0	1	1	1	0	0.8666666666666667	0	1	draw2139	True
-0.582021106354786	-1.3244351011394548	0.39397298533575265	0.0015860705974765133	0.68178701977888	0.6821958812907835	220	0	1.1336790191249426	0.3781540469183296	0.0041199363446352754	0.68178701977888	4.33138767907959e-17			0	1	1	1	0	0.9016393442622951	0	1	draw2140	True
-0.7402220621787194	-0.8909992153898781	0.12822907733101369	0.0030664911732605203	0.20192836923117696	0.20192915083067944	194	0	0.2854829357619188	0.030139290650263117	0.0017952355889217875	0.20185234797337212	2.3852447794681098e-18			0	1	1	1	0	0.8858447488584474	0	1	draw2141	True
-0.6131756293003698	-0.6131756293003698	0.08901578002471885	0.003890961389992169	0.1119568757577248	0.11197308873938212	186	0	0.010304845195592036	9.983078663634362e-07	0.08901578002471885	0.003890961389992169	4.7704895589362195e-17			0	1	1	1	0	0.8985507246376812	0	1	draw2144	True
-3.432347741835117	-5.602085318804207	1.428365206565735	0.011641371693911363	2.042129922264188	2.0427191769626383	213	0	0.4891923121096896	0.2877258238085237	0.0370255198641191	2.042129922264188	2.7755575615628914e-17			0	1	1	1	0	0.9063829787234042	0	1	draw2149	True
-5.088019008843944	-6.826757456427879	2.9993366783267272	0.04081382319390222	0.7575471086934336	0.7576635070659856	180	0	5.971213462416374	0.07989134156313718	0.008671947573020117	0.7575471086934336	8.688525159755711e-17			0	1	1	1	0	0.8695652173913043	0	1	draw2150	True
-2.50029812389567	-3.246279447170873	2.6177081798420154	0.10209260468878772	1.063165502566544	1.0633667722732392	169	0	1.007574359453879	0.08830506126177215	0.3911313461305249	1.0489736991699292	1.8843433757798067e-16			0	1	1	1	0	0.8894736842105263	0	1	draw2151	True
-0.31961005621829586	-0.31961005621829586	0.002713115184815945	3.106963563489729e-05	0.056090050462677614	0.056090092832375656	252	0	0.00010000000000058019	2.316599476669763e-06	0.002713115184815945	3.106963563489729e-05	3.2526065174565133e-18			1	0	1	1	0	0.9163636363636364	0	1	draw2152	True
-0.7081504214655223	-1.0607629379739476	0.0801149363658017	0.002248400267016535	0.6789777161962757	0.6789874958144038	216	0	0.7956821546622566	0.5251283382795335	0.00021700576409872503	0.6789777161962757	1.5612511283791264e-17			0	1	1	1	0	0.9191489361702128	0	1	draw2155	True
-0.18620858991752162	-0.18620858991752162	0.008389696658549013	4.55633809858989e-05	0.014271832033736807	0.014271863341795891	233	0	0.0004193216895047414	9.99361000100359e-07	0.008389696658549013	4.55633809858989e-05	1.6263032587282567e-17			0	1	1	1	0	0.8726591760299626	0	1	draw2157	True
-1.2663978294396816	-1.2865178825948769	0.02214539050307349	0.019782898635548125	0.10139096923574205	0.1013915134101892	153	0	0.07955973379573501	0.0015632409667426937	0.000365776801417962	0.1008838137872756	1.3552527156068805e-20			0	1	1	1	0	0.8453038674033149	0	1	draw2158	True
-0.151812370610687	-0.1673622197777517	0.0023363503576658254	0.0006747642389593081	0.048247231272901654	0.04828749631851392	201	0	0.26023302077220223	0.13717156736294023	0.0012361056881486452	0.0365483188791725	5.204170427930421e-18			0	1	1	1	0	0.8893805309734514	0	1	draw2159	True
-1.3294615260959752	-4.292562750170738	4.14697649472344	0.04213482681532484	0.9084938292095064	0.9084978624865152	196	0	4.85951553305161	0.604927823398275	0.000430013076625949	0.9084938292095064	3.7925391993542945e-16			0	1	1	1	0	0.8949771689497716	0	1	draw2160	True
-0.036567840569557725	-1.0060276133192427	0.10756723161588043	0.21041257107370426	0.6948434011237039	0.6948611889664928	155	0	1.6136184553204997	0.08589695401464457	7.920280644310689e-05	0.6948434011237039	2.6020852139652106e-18			0	1	1	1	0	0.842391304347826	0	1	draw2162	True
-4.898322421441948	-4.898322421441948	0.0008207730149887369	0.09584174929827227	0.14474167916000794	0.09583110739851752	50	0	0.36249943955228875	7.688612359442447	0.0008207730149887369	0.09584174929827227	8.743006318923108e-16			0	0	0	0	0	0.199203187250996	0	1	draw2163	True
-1.044724060081017	-1.044724060081017	0.017981992966398443	0.0015635655716959363	0.30516867601875897	0.3052624875596816	212	0	0.0015222140653716148	9.99543442469895e-07	0.017981992966398443	0.0015635655716959363	1.1248597539537109e-18			0	1	1	1	0	0.8833333333333333	0	1	draw2165	True
-0.14395779760575367	-0.18510828150090541	0.0011295643084912156	0.000736619060849008	0.07503596854900464	0.07504434731354619	202	0	0.46728309352609937	0.2817616954051511	7.263217979572041e-06	0.07503596854900464	5.421010862427522e-19			0	1	1	1	0	0.8938053097345132	0	1	draw2167	True
-0.9075452942971498	-0.9635011559807387	0.023551249535387942	0.18644147170937472	0.3012555613696114	0.3012555937960076	128	0	0.31994864726523053	0.0011194009570773085	2.3931046578023107e-06	0.3012555613696114	2.668153783851046e-20			0	1	1	1	0	0.810126582278481	0	1	draw2168	True
-2.649779543216886	-4.6613908660637176	0.26291532188972916	0.14457191817335951	2.32300100154861	2.3230345919330864	173	0	0.6094746297612124	0.061869546639155205	0.0014685779975401752	2.3225557716589713	2.6020852139652106e-18			0	1	1	1	0	0.8826530612244898	0	1	draw2173	True
-0.46112605992407507	-0.46112605992407507	0.042311021740904786	0.015005747073182661	0.23446802226193672	0.23447658128721852	172	0	0.11886512939799716	9.981146245710475e-07	0.042311021740904786	0.015005747073182661	5.898059818321144e-17			0	1	1	1	0	0.8865979381443299	0	1	draw2181	True
-2.4585464334146803	-5.559872043437082	7.37432261047355	0.02117156279639659	0.9148296871356741	0.9150238785060459	196	0	0.5648912023548501	0.07659093108782968	0.0588745792144637	0.9148296871356741	5.551115123125783e-17			0	1	1	1	0	0.8909090909090909	0	1	draw2186	True
-0.5104320900237512	-2.603334620439362	0.6839908379188953	0.00807617534472989	0.3281794255479722	0.32817950678963703	178	0	0.9682678094756425	0.02939776887357806	0.00031418813526314207	0.3281794255479722	1.734723475976807e-17			0	1	1	1	0	0.8811881188118812	0	1	draw2188	True
-3.005922488408682	-4.0033993330513225	2.462692947013476	0.03641334470641635	0.711690581909134	0.7117885245729548	178	0	1.9687110148626459	0.07331400000848295	0.018404168327173613	0.711690581909134	1.7640869318845615e-16			0	1	1	1	0	0.8768472906403941	0	1	draw2190	True
-1.7120633885436005	-1.8717908940375638	0.8677638363196224	0.003567739902871273	1.0076629441333755	1.0077791606209558	209	0	0.2005173291606665	0.008493788253799208	0.7013735903196078	0.15106010687150134	2.220446049250313e-16			0	1	1	1	0	0.9126637554585153	0	1	draw2191	True
-1.3076513857662722	-1.3640871267905088	0.44261265049184145	0.0010406211948741763	0.3514489138533477	0.3515370730968561	220	0	0.4648927731291312	0.2830103427374699	0.009125562735324666	0.3514489138533477	8.847089727481716e-17			0	1	1	1	0	0.8870967741935484	0	1	draw2193	True
-0.757723548454272	-1.0110106777026266	0.13123231276689723	0.01775631935076635	0.3583190750031697	0.3583566463172892	175	0	0.44579208270596066	0.06888747991742661	0.0015374834302492471	0.3583190750031697	4.7704895589362195e-18			0	1	1	1	0	0.8793969849246231	0	1	draw2199	True
-1.0377110347530265	-4.719564475019498	4.689332055194915	0.05291645918531537	1.249547798088735	1.2496090422003465	183	0	1.7350335870821687	0.3523187346016493	0.0023880497686689242	1.249547798088735	1.3682631416767066e-16			0	1	1	1	0	0.8883495145631068	0	1	draw2203	True
-2.259534172937212	-2.259534172937212	2.4804506812911793e-05	0.009001755609080809	0.010269244581256023	0.009001507474979391	77	0	0.008369909539936281	1.6421900815813701	2.4804506812911793e-05	0.009001755609080809	1.9081958235744878e-17			0	0	0	0	0	0.32217573221757323	0	1	draw2204	True
-2.4168444763308576	-64.63594347786724	0.013749070065753122	0.024248682219581888	0.07450284834993613	0.024237745803364633	96	0	0.11710288794747711	7.097611780922666e-06	1.1062721212258415	0.07450284834993613	8.396061623727746e-16			0	1	0	0	0	0.7111111111111111	0	1	draw2205	True
-0.418276139856796	-0.47318430257603317	0.003691570696315237	0.029545815139734543	0.16036360419051832	0.16036483698712717	154	0	0.357974604027207	0.02086599666729289	4.052408462606262e-06	0.16036360419051832	4.743384504624082e-20			0	1	1	1	0	0.8651685393258427	0	1	draw2207	True
-0.9063768476616678	-0.9315523501258269	0.019818228329534834	0.011381828608326065	0.03216254502766362	0.03216255257576192	145	0	0.03492743465494849	0.0007713471423794166	0.0005581723480776705	0.03175198804473054	2.710505431213761e-20			0	1	1	1	0	0.8430232558139535	0	1	draw2211	True
-0.5222056088610368	-1.0472381837586873	0.10568741981998943	0.0009606337616969629	0.37625082936666643	0.37631275448760554	227	0	0.5181237979983608	0.827263956341006	0.005419226732336431	0.36709626544062257	3.8163916471489756e-17			0	1	1	1	0	0.9190283400809717	0	1	draw2215	True
-0.9420723362289785	-1.0027600904442626	0.21983493621717223	0.0026352152120085546	0.061214845829441006	0.017362879554070097	192	0	0.09309079100779713	0.001144098892897341	0.18936063977574336	0.061214845829441006	1.6306400674181987e-16			0	1	0	1	0	0.8275862068965517	0	1	draw2217	True
-0.31099385634654	-1.323558213934913	0.07333450107140002	0.428316403871847	1.117084482305999	1.117101538052726	147	0	1.284437430839214	0.0633366680063547	0.00037763043893160536	1.117084482305999	1.734723475976807e-18			0	1	1	1	0	0.8647058823529412	0	1	draw2218	True
-3.0868859058328524	-8.881933287216127	19.716017598590902	0.7713944670883863	3.6963992566326764	3.696477895352099	162	0	1.6908327291074072	0.29915488373778304	0.017441035548586524	3.6963992566326764	3.3306690738754696e-16			0	1	1	1	0	0.8901098901098901	0	1	draw2219	True
-1.5972962403814508	-8.658472973911993	6.16806700179873	0.43833065330181625	3.514936092419746	3.5151064370338596	167	0	0.8120106934989092	0.04000130824564001	0.023536979592670943	3.514936092419746	1.3877787807814457e-17			0	1	1	1	0	0.8697916666666666	0	1	draw2221	True
-1.1003476927977172	-1.1004546919809366	0.23017216993739845	0.0012605445586497785	0.5940591793479411	0.5942177126345655	206	0	0.0073546686212962896	3.732046027605855e-06	0.23014486025094572	0.002066139682081348	3.3306690738754696e-16			0	1	1	1	0	0.8583333333333333	0	1	draw2225	True
-1.9118389997840444	-111.32768789566687	0.0011381657619161842	0.005131137684591016	0.029489698648958805	0.005131115057344324	85	0	0.053131636844189416	2.4049995963053546e-06	0.7457297523132993	0.029489698648958805	7.181755190543981e-16			0	1	0	0	0	0.6746031746031746	0	1	draw2226	True
-0.29534144915182015	-0.4427469201894309	0.043242974902426116	0.016772011411905555	0.1337220808619024	0.016784802258469803	153	0	0.24286261965738987	0.0006475133590636431	0.008153423392321809	0.06923999374836703	4.163336342344337e-17			0	1	0	1	0	0.7727272727272727	0	1	draw2229	True
-0.3143169813246818	-0.5837961780343043	0.031247696868842705	0.025510652193081986	0.22555630760107576	0.22555890504927062	169	0	0.5281273171513732	0.10094724704901831	0.011737363891763284	0.20278469455092005	2.42861286636753e-17			0	1	1	1	0	0.8848167539267016	0	1	draw2232	True
-1.2761689155803624	-1.2944176216712784	0.41524032296558805	0.013982893063226993	0.26960495400434864	0.26960763183917025	179	0	0.14369501047269173	0.0008252286847373061	0.3929723775145582	0.0831942271980079	9.475926987523309e-17			0	1	1	1	0	0.8905472636815921	0	1	draw2234	True
0.5995234038009345	-2.049263328063513	1.0396427764026943	0.1175162805631338	1.0466275272336647	1.0466325620983374	195	24	6.460222547902554	0.4536483503640089	0.003000506018355546	1.0407632781076779	1.6653345369377348e-16	1.011098538008758	0.005518286409363356	0	1	1	1	0	0.8478260869565217	0	1	draw2235	True
-0.21399699324706845	-1.3669488135362609	0.4127671683616213	0.0646116639596126	0.5377631211390272	0.5378680583649749	176	0	0.6667380982068776	0.8424373609699591	0.022227682243967317	0.5369250076103816	2.220446049250313e-16			0	1	1	1	0	0.7489361702127659	0	1	draw2241	True
-1.161365451816901	-1.5980810002002834	0.6375355759080529	0.00785828973554119	0.5689998649339655	0.569047301483808	197	0	0.8102644507571831	0.22241439818842293	0.10610241997181863	0.5384410301728854	1.5265566588595902e-16			0	1	1	1	0	0.8873873873873874	0	1	draw2242	True
-1.417289979390657	-1.777080627676807	0.48086761098624026	0.03001848595944122	0.913020671570375	0.9131228976526807	178	0	0.610224819316498	0.0436147162529729	0.004796908069327164	0.913020671570375	4.336808689942018e-18			0	1	1	1	0	0.8768472906403941	0	1	draw2243	True
-0.350421095523058	-0.350421095523058	0.013570160346097059	0.0006402688694364319	0.19998013206417378	0.19998432571050714	213	0	0.002093766601549564	9.996560964325072e-07	0.013570160346097059	0.0006402688694364319	2.168404344971009e-18			0	1	1	1	0	0.8838174273858921	0	1	draw2244	True
-1.3732803139128813	-1.5909780847367088	0.12551722049220002	0.0018725563538430508	0.17722216939208657	0.1772233247984086	210	0	0.12001096645589071	0.05396450568304105	0.018285833309713912	0.17078866807222412	3.2526065174565133e-18			0	1	1	1	0	0.875	0	1	draw2246	True
-0.6907523887934703	-1.418487185054655	0.4675217471890597	0.0007681784713893496	0.412273866302016	0.41255547173483736	220	0	0.6625949222342981	0.3045976722592064	0.016398859523670734	0.412273866302016	6.938893903907228e-17			0	1	1	1	0	0.8365019011406845	0	1	draw2247	True
-0.6677604171794133	-4.574801010410942	3.421764749042944	0.5124395657875905	0.9511483271736785	0.9511496858907521	162	0	2.719861503257231	0.055314960711449784	0.0007714357338302529	0.9511483271736785	5.1093027378379396e-17			0	1	1	1	0	0.8756756756756757	0	1	draw2248	True
-5.737956068648226	-5.737956068648226	0.00037298312392955153	0.008287388934152129	0.014300499748914524	0.008287284488524118	105	0	0.004538994417619792	0.701849429176275	0.00037298312392955153	0.008287388934152129	2.0816681711721685e-17			0	0	0	0	0	0.6645569620253164	0	1	draw2252	True
-2.436478770890078	-3.9946214957502946	3.203878519799361	0.1723774804790233	1.5253349069552198	1.5253871190932293	166	0	0.5532004958552957	0.09380111798040916	0.20935068279362723	1.4907716157825375	5.551115123125783e-17			0	1	1	1	0	0.8426395939086294	0	1	draw2259	True
-0.6366232040714541	-0.8377985719265093	0.09015931683332683	0.0010487746462792013	0.26639405086294055	0.26639780515305017	217	0	0.39760849084071903	0.1454671613666632	0.007447347891257949	0.2626060643460865	5.204170427930421e-18			0	1	1	1	0	0.8966942148760331	0	1	draw2262	True
-0.6103279912860774	-1.0586453674343819	0.13031859394182027	0.09368812674912996	0.6511817199450147	0.6512772983252845	160	0	0.8516616119909843	0.07271779517761916	0.003623214624534599	0.6511817199450147	1.0171171630629638e-17			0	1	1	1	0	0.8791208791208791	0	1	draw2263	True
-0.10868878078855194	-0.18114890355309435	0.005073241898473548	0.0014150349425961495	0.07702631042172428	0.07708705247439017	192	0	0.720488756156394	0.16784297188218522	0.00013013636282063198	0.07702631042172428	8.673617379884035e-19			0	1	1	1	0	0.8687782805429864	0	1	draw2265	True
-1.031566961851765	-4.807069097593541	0.15580797854942338	1.6724029448022248	3.3048028790163992	3.304822543674059	143	0	0.9115490676417222	0.033022946732803156	0.0001886081682530689	3.3048028790163992	5.014435047745458e-19			0	1	1	1	0	0.8562874251497006	0	1	draw2267	True
-0.6037033148646715	-1.9510072746362357	0.7979171670999059	0.06297013004428696	0.4452616640728318	0.4452618078666805	168	0	1.2277008178645639	0.2578012940691243	0.020555638229179524	0.43877177538711976	5.551115123125783e-17			0	1	1	1	0	0.8983957219251337	0	1	draw2268	True
-0.2633813865809322	-0.28756253257394904	0.002396723373562263	0.0036326476991951112	0.0325033431064753	0.03250760879401802	168	0	0.11844789353916137	0.03939031790530983	0.0001184155025686708	0.03195039627834474	9.486769009248164e-20			0	1	1	1	0	0.8842105263157894	0	1	draw2269	True
-0.8351993316010908	-0.9914444199885399	0.2386487581933804	0.02167529348403711	0.3774701345225472	0.3774907453023482	168	0	0.7061618299941688	0.15593053548572236	0.04590138268299938	0.370694999278756	4.85722573273506e-17			0	1	1	1	0	0.8842105263157894	0	1	draw2271	True
-0.3750512725987415	-0.3750512725987415	0.03438901184394107	0.0035076067629137343	0.19942441521061907	0.19942445943016066	191	0	0.016278868166212098	9.989415619445785e-07	0.03438901184394107	0.0035076067629137343	5.421010862427522e-17			0	1	1	1	0	0.8967136150234741	0	1	draw2273	True
-0.2338695362772678	-0.6542528649968297	0.0913015206179442	0.0007500320685713689	0.16581948824061005	0.16588750654885248	218	0	0.8768741606258831	0.05064511765100505	0.0009444175910416021	0.16581948824061005	1.734723475976807e-18			0	1	1	1	0	0.8790322580645161	0	1	draw2277	True
-0.9608323667650206	-1.2162815867258803	0.07113002567204095	0.06520231866107712	0.7515573319204921	0.7517029214582848	165	0	0.7081089847809203	0.07375622085554417	0.002125583063757862	0.7515573319204921	3.469446951953614e-18			0	1	1	1	0	0.873015873015873	0	1	draw2278	True
-4.896528688254547	-5.995438212993045	0.10148284524802856	0.0014751970701199998	1.6052711460535756	1.6055614888106424	244	0	0.2961366460218506	0.6449386384616369	0.0009185911148741875	1.6052711460535756	1.951563910473908e-18			0	1	1	1	0	0.9138576779026217	0	1	draw2279	True
-0.8669812897157226	-1.3978415250357998	0.4607132748279535	0.0015529193267392754	0.35274915349665215	0.3527573449701743	217	0	0.437240396381514	0.09445444469443784	0.06010010024346533	0.3314073911646563	6.071532165918825e-17			0	1	1	1	0	0.9004149377593361	0	1	draw2283	True
-0.6292763135698531	-0.6292763135698531	0.0013520663997184902	0.1209623648870459	0.22911240545110037	0.12094680062000476	63	0	0.23474144552504073	0.3757539597195539	0.0013520663997184902	0.1209623648870459	3.0531133177191805e-16			0	0	0	0	0	0.26141078838174275	0	1	draw2285	True
-0.2580127900488453	-0.41481050154981725	0.03743485449358325	0.018645109009524576	0.09374410155385754	0.09374473341482609	154	0	0.33913789673980843	0.017305697750073512	0.0008815561738223524	0.09321507420676015	2.6020852139652106e-18			0	1	1	1	0	0.850828729281768	0	1	draw2288	True
-0.450578230629743	-0.9961216346633928	0.0848429326023579	0.13733672693587248	0.7077329437913299	0.7077475909336072	161	0	1.1914846717858907	0.06413698607452605	0.021817361264496155	0.6981596948651492	4.163336342344337e-17			0	1	1	1	0	0.8846153846153846	0	1	draw2290	True
-0.24251745587256343	-1.6053269165062813	0.6408524895618863	0.07988105907429906	0.5516516766356803	0.5516937418879482	182	0	6.3168551773813	0.2645760443125773	0.0003298512643565914	0.5516516766356803	3.707971429900425e-17			0	1	1	1	0	0.896551724137931	0	1	draw2295	True
-4.44741387300088	-4.44741387300088	2.194574063567073	0.060614387705999646	0.6822942034906395	0.6822966695914832	171	0	0.10345855310905311	9.938090737508328e-07	2.194574063567073	0.060614387705999646	5.508289137312605e-16			0	1	1	1	0	0.8814432989690721	0	1	draw2297	True
-0.8092540792825805	-0.9644121577293167	0.06838068897832002	0.05501988424771444	0.26606552544107176	0.26606735277319854	150	0	0.30968602397456885	0.005298842748134437	8.016509727983156e-05	0.26606552544107176	2.168404344971009e-19			0	1	1	1	0	0.8426966292134831	0	1	draw2298	True
-1.3773436644513912	-7.959564347634519	3.426066309226576	0.2390089867218988	0.6327268313425136	0.6327284707997255	153	0	3.644043454726674	0.011713040345390514	0.000792459033491962	0.6327268313425136	4.0825717508236395e-17			0	1	1	1	0	0.8595505617977528	0	1	draw2299	True
-7.818415631138389	-8.532588286629553	3.439371066076795	0.004374274136974408	0.4833293616457587	0.483808763098923	200	0	2.258501013888084	0.1777901616495551	0.08763170431743915	0.4833293616457587	7.277164981722706e-16			0	1	1	1	0	0.8849557522123894	0	1	draw2307	True
-0.3015973356408481	-0.6772882671918287	0.10190539857568372	0.004294217190208062	0.3706573027066553	0.37066597875342383	195	0	2.5933449260649235	0.23127022486583812	0.0003480862694063479	0.3706573027066553	3.122502256758253e-17			0	1	1	1	0	0.8986175115207373	0	1	draw2308	True
-0.27369206829491405	-1.5253809947740535	0.573569140176475	0.42142241079214887	0.9918463346811586	0.9918465654827119	148	0	2.4186754630820837	0.017744584106816962	6.886362315818343e-05	0.9918463346811586	4.938519719847791e-18			0	1	1	1	0	0.8554913294797688	0	1	draw2311	True
-0.6637277415337031	-0.8182805511838727	0.061032812842575286	0.008606926318497429	0.30779033395511995	0.3077908660210762	188	0	0.47441480283253806	0.2162396130928385	0.00019849056987965828	0.30779033395511995	9.540979117872439e-18			0	1	1	1	0	0.8867924528301887	0	1	draw2313	True
-0.48796548585935584	-3.1497833304821707	2.2530035670677426	0.022133747448116192	2.0705504813258218	2.0705719686370645	205	0	3.6915080183685127	0.5375623630360007	0.0005649288622931944	2.0705504813258218	2.0166160408230382e-16			0	1	1	1	0	0.9111111111111111	0	1	draw2316	True
-2.1596995324026254	-7.190599814381641	5.0998551558873695	0.43470942065612	5.3937183590284725	5.393837894514318	170	0	1.1352276499290221	0.262205475148971	0.011502117168429877	5.3937183590284725	9.020562075079397e-17			0	1	1	1	0	0.8900523560209425	0	1	draw2317	True
-0.3290397014633116	-0.7734851149037543	0.026251001313883242	0.0314786619445971	0.2528933003298854	0.2529372759427967	169	0	0.5272253591039853	0.3286350719676001	0.00010626747119583249	0.2528933003298854	1.8431436932253575e-18			0	1	1	1	0	0.8941798941798942	0	1	draw2318	True
-0.5342503607524751	-0.6575615793439002	0.021037014022731195	0.020315467390206943	0.23924961826254135	0.23931324841603324	168	0	0.4160125792767432	0.09085235917256715	0.0002247571865256629	0.23924961826254135	8.944667923005412e-19			0	1	1	1	0	0.8795811518324608	0	1	draw2321	True
-0.2137285795716299	-0.2137285795716299	0.004237978730844574	9.266713117635496e-05	0.03810908551725085	0.03811500354423305	230	0	0.0004837633031548432	9.995663103083893e-07	0.004237978730844574	9.266713117635496e-05	2.3744027577432547e-16			0	1	1	1	0	0.8185053380782918	0	1	draw2322	True
-0.2744292169414376	-0.9766160364977768	0.06585120646435119	0.042047548261420445	0.6151656985312459	0.6151667967478175	176	0	1.3254846236336137	0.1757732287409533	6.0986200198878846e-05	0.6151656985312459	1.734723475976807e-18			0	1	1	1	0	0.8712871287128713	0	1	draw2327	True
-1.3672949649830386	-1.7970421337375933	0.568241223239272	0.0008728324598251318	0.11490696961171702	0.11491184438953692	208	0	0.2618689127774771	0.06256757963641067	0.14085671751162807	0.1097439400756716	1.3357370765021415e-16			0	1	1	1	0	0.8702928870292888	0	1	draw2330	True
-0.5119993424749953	-0.8697011046061103	0.055335746542500674	0.011347275037042708	0.42311345434838105	0.4233672803134328	187	0	0.7102800067130479	0.1614806573114732	0.002571699196903206	0.42311345434838105	4.336808689942018e-18			0	1	1	1	0	0.8820754716981132	0	1	draw2331	True
-1.0108122522256289	-1.2001604564261572	0.2262105273318713	0.004384513198663223	0.7579281199297018	0.7579342577434408	211	0	0.6120293628069948	0.09724992237757694	0.16138268521962934	0.5270562107599585	2.7755575615628914e-16			0	1	1	1	0	0.8791666666666667	0	1	draw2335	True
-2.7324505485319217	-2.7362756189086785	0.8672507675674986	0.006566140385581425	0.7940129818617028	0.7940200885168984	186	0	0.06045773925716621	5.030121262256123e-05	0.8618804625225549	0.02207382481254263	6.661338147750939e-16			0	1	1	1	0	0.9117647058823529	0	1	draw2336	True
-2.200887684018114	-2.200887684018114	0.4848737898519368	0.0005483349514175273	0.08717714995614571	0.08717873934076156	211	0	0.0022043640295883937	9.997287900186286e-07	0.4848737898519368	0.0005483349514175273	2.1976778036281175e-16			0	1	1	1	0	0.8146718146718147	0	1	draw2337	True
-2.4917936042590565	-3.5810669159832202	0.06097955266418764	0.00832435376091857	1.0960360687686161	1.0965077314775418	211	0	0.3772130777023022	0.6863008119096813	0.0013667223189704973	1.0960360687686161	1.6263032587282567e-18			0	1	1	1	0	0.9055793991416309	0	1	draw2339	True
-1.0409931125459282	-1.7872943073671874	0.2503949837187913	0.005841078025032263	0.5150600455640068	0.5153571330876168	194	0	6.584220879569322	0.7928931793984054	0.003223308911779481	0.5150600455640068	3.885780586188048e-16			0	1	1	1	0	0.9065420560747663	0	1	draw2351	True
-2.8312749015991705	-3.6116901371980803	0.0905806955819812	0.04348606364201193	1.84117890499816	1.8412732264953002	185	0	0.5619066367359272	0.03631528283871321	0.0006903322474899267	1.84117890499816	5.421010862427522e-19			0	1	1	1	0	0.8809523809523809	0	1	draw2353	True
-1.2509064197751802	-2.9948070380118774	2.029836491690989	0.43317394914610724	1.1712966994429095	1.1713576316469876	146	0	1.759468916389358	0.02415711796551041	0.008003393408438088	1.1712966994429095	1.0317938088191575e-15			0	1	1	1	0	0.8488372093023255	0	1	draw2359	True
-0.09313106502712105	-0.09313106502712105	2.0816310880392076e-05	0.09500536817154642	0.14531235213183227	0.09500220161099461	27	0	1.1789361704478396	0.906349701171428	2.0816310880392076e-05	0.09500536817154642	6.938893903907228e-17			0	0	0	0	0	0.12162162162162163	0	1	draw2360	True
-1.7077885520433276	-3.9438452877394585	2.6915476872900657	0.11594304129758598	0.8012336868214314	0.8012343183503124	163	0	1.0308203875813684	0.052973846029483275	0.3036029557972172	0.7577914862270161	2.5587171270657905e-16			0	1	1	1	0	0.8907103825136612	0	1	draw2362	True
-1.5261330518428573	-2.5386726030600295	0.5877724282465313	0.060928929280593555	2.123398524080442	2.1234048267395136	180	0	1.0820826581331855	0.03040568198313134	0.0006591042014406861	2.123398524080442	1.734723475976807e-18			0	1	1	1	0	0.8866995073891626	0	1	draw2369	True
-0.6268693253728504	-0.9909952173492026	0.013782462149611603	0.00660358941754941	0.7289094080192621	0.7290683841088204	200	0	0.8455993400951357	0.34280045577161355	0.00012052720347233294	0.7289094080192621	1.5720931501039814e-18			0	1	1	1	0	0.9049773755656109	0	1	draw2372	True
-5.340736393056362	-8.421121656604392	17.533737795782706	0.1872527467762114	4.554150846619911	4.554346624538232	173	0	1.0216697245468043	0.24993252079446407	0.36388856658828234	4.552083663453096	5.238864897449957e-16			0	1	1	1	0	0.8963730569948186	0	1	draw2377	True
-0.5623401140328264	-0.5984226740801621	0.08121728329590527	0.00016316930664770415	0.2055452956200608	0.20575811853968587	234	0	1.5829333869584394	0.3584781287245105	0.003053026887191493	0.2055452956200608	2.7755575615628914e-17			0	1	1	1	0	0.8830188679245283	0	1	draw2378	True
-0.38413980974966494	-0.38413980974966494	0.002380462789865715	3.668940569622228e-05	0.009801201981743515	0.009802954462915034	204	0	0.00010000000469157347	0.00021665806355862294	0.002380462789865715	3.668940569622228e-05	1.734723475976807e-18			1	0	1	1	0	0.8947368421052632	0	1	draw2380	True
-6.17371445851081	-6.17371445851081	0.028326651849738815	2.083513156002495	2.548860490471991	2.083399774046052	31	0	0.3497184154446329	0.9099074034656695	0.028326651849738815	2.083513156002495	1.1102230246251565e-15			0	0	0	0	0	0.15270935960591134	0	1	draw2386	True
-0.07088699339177276	-0.07088699339177276	0.0004787079285108733	0.08473497892590129	0.2243301238984017	0.08436846244031056	23	0	1.1831815634528715	1.336379077014299	0.0004787079285108733	0.08473497892590129	1.1102230246251565e-16			0	0	0	0	0	0.09829059829059829	0	1	draw2388	True
-0.28446844545170397	-0.28446844545170397	0.0029245818912510026	0.01106492237822591	0.06010879837473956	0.06010973281390797	154	0	0.04172869971927256	9.978684063344062e-07	0.0029245818912510026	0.01106492237822591	8.936197593532869e-20			0	1	1	1	0	0.8603351955307262	0	1	draw2391	True
-1.4641029109558357	-6.586068874100376	3.680540859390252	0.9350773661029769	5.490848406776331	5.490898805134423	160	0	1.6447771196213326	0.03632060324009073	0.014497071693277921	5.490848406776331	6.554002132674874e-17			0	1	1	1	0	0.8648648648648649	0	1	draw2393	True
-0.8583637002571588	-1.4302329780742062	0.16690494384756877	0.06498691100758905	0.9706193224657971	0.9706717520581992	171	0	0.8661108823548084	0.12401794864257522	0.002244831448677574	0.9706193224657971	1.3118846287074604e-17			0	1	1	1	0	0.890625	0	1	draw2394	True
-0.2213906631408717	-0.992785622538014	0.1942530382155611	0.10296421287234976	0.8065364112454556	0.8071068237648481	172	0	1.341433129623124	0.08257305925909653	0.001465559390434494	0.6858834357328746	1.1102230246251565e-16			0	1	1	1	0	0.8269230769230769	0	1	draw2396	True
0.10213121162802019	-1.526779898294472	0.5535046857311764	0.02522452605401288	0.7431764298687864	0.7434665671064793	183	2	0.8456191336123133	0.6465545909664573	0.02102526305181845	0.7431764298687864	2.7755575615628914e-16	0.7429245362807123	0.028963877538082616	0	1	1	1	0	0.7261904761904762	0	1	draw2400	True
-2.620824066181075	-2.620824066181075	0.049695585081186426	0.11642946751166161	0.641437117478895	0.6414585284192476	152	0	0.045257246618489226	9.962150570559747e-07	0.049695585081186426	0.11642946751166161	7.411538288475128e-20			0	1	1	1	0	0.8444444444444444	0	1	draw2406	True
-0.08879595012241241	-0.5719977958952519	0.02565160465434534	0.11138766671257709	0.40980676411777667	0.4098277131242167	155	0	1.1779468543711331	0.18661694286957317	1.1980300126595204e-05	0.40980676411777667	1.6771252355635147e-18			0	1	1	1	0	0.8806818181818182	0	1	draw2409	True
-0.5515937825034888	-0.6251994138515551	0.013735757734397913	0.00038431459017269215	0.10808774716587412	0.10817843168908355	228	0	0.2202175552481714	0.8123250552727297	0.00047095050429002465	0.10808774716587412	7.806255641895632e-18			0	1	1	1	0	0.9156626506024096	0	1	draw2420	True
-0.8031831888115255	-1.100917334477137	0.14044557608759137	0.0064005321701744436	0.6531751007326135	0.6533126360361861	201	0	0.7698956507084731	0.45795596425273355	0.012171221282708426	0.6444238104009211	5.377642775528102e-17			0	1	1	1	0	0.9136363636363637	0	1	draw2424	True
-0.9127160412280132	-1.0504271304508097	0.1185192128475607	0.028342287347747897	0.10159005363419689	0.1015900788146274	147	0	0.11004291805661386	0.0013437196422650397	0.0015857832309424914	0.10106043576206754	2.710505431213761e-19			0	1	1	1	0	0.8497109826589595	0	1	draw2426	True
-0.3346675619154815	-0.3346675619154815	0.024104840368663935	0.004255912790790477	0.07891114848872893	0.07891782670292792	171	0	0.019106732686052185	9.978599783731914e-07	0.024104840368663935	0.004255912790790477	1.0842021724855044e-18			0	1	1	1	0	0.8769230769230769	0	1	draw2428	True
0.34484330553400777	-1.6797226989275738	0.21321089228348306	0.008080776638376344	0.730011226512419	0.730068691241935	193	15	2.5839724695039394	0.6876926996858139	0.031919234965033155	0.7184364085844991	4.440892098500626e-16	0.6388830963528971	0.11060410089643938	0	1	1	1	0	0.8177966101694916	0	1	draw2431	True
-0.48469575504907725	-1.7403234324854169	0.6500724486682365	0.12999413798413947	0.2922598593777416	0.2922657396506428	141	0	0.5755617964846225	0.015487715886314975	0.013222136236002154	0.29171572283857	1.235990476633475e-17			0	1	1	1	0	0.8545454545454545	0	1	draw2433	True
-3.4967112891095353	-3.4967112891095353	1.2921053967515488	0.005661759386040394	0.199898274648949	0.19990521923187607	188	0	0.013451103163805912	9.996675008963853e-07	1.2921053967515488	0.005661759386040394	1.6933882681507972e-16			0	1	1	1	0	0.8867924528301887	0	1	draw2436	True
-0.3795215777045356	-0.7736370565576758	0.14294619898440547	0.011346840858694147	0.721196292448922	0.7213969342088894	191	0	2.6401786208280114	0.14231450324153389	0.002040331337452448	0.721196292448922	2.6020852139652106e-17			0	1	1	1	0	0.8842592592592593	0	1	draw2438	True
-0.11655701634868394	-1.202247113377455	0.1433314967183335	0.5049265337622029	1.080970220148293	1.0809929268001328	147	0	1.4317528495356304	0.3453326142919476	3.9482916665816284e-05	1.080970220148293	6.071532165918825e-18			0	1	1	1	0	0.8802395209580839	0	1	draw2440	True
-0.8718692592266306	-1.0752663544365573	0.04543927019135979	0.0006137245387214149	0.12097953504561064	0.12099366323857527	226	0	0.16309315442435748	0.24414656386517	0.0008161135908128605	0.12097953504561064	4.9873299934333204e-18			0	1	1	1	0	0.8862745098039215	0	1	draw2442	True
-0.19667759959123693	-0.29365322725961307	0.005823303229767578	0.00025371894627850586	0.0739784587140543	0.07401899959910671	223	0	0.3333750244106618	0.15454792315513372	0.0001752029755134961	0.0739784587140543	1.3010426069826053e-18			0	1	1	1	0	0.8643410852713178	0	1	draw2443	True
-1.8212805568559944	-1.8235476759995435	0.07947814085308162	0.04489963480413092	0.3894681100739252	0.3894875174047238	162	0	0.21242063956115792	0.005172441524346888	0.004903683956450184	0.3817069335827598	4.87890977618477e-19			0	1	1	1	0	0.8663101604278075	0	1	draw2444	True
-0.45874107122033825	-1.4495515145702231	0.28353445776363073	0.009567376391305499	0.642201588945808	0.6422294701343266	186	0	2.948982526479798	0.620730251774111	0.0004154728963908009	0.642201588945808	5.811323644522304e-17			0	1	1	1	0	0.8942307692307693	0	1	draw2445	True
-0.5943900424082735	-1.2717065288920115	0.2811443651463323	0.013991727041007797	0.6049689345699097	0.6051207572956054	187	0	0.7770119055682537	0.08012476217390566	0.005242901886402173	0.6049689345699097	2.0816681711721685e-17			0	1	1	1	0	0.8657407407407407	0	1	draw2447	True
-0.35387818629571555	-0.35387818629571555	0.0227536092233379	0.016469221638819122	0.31061211735318356	0.3106164575395531	170	0	0.0616712612062552	9.999717738839265e-07	0.0227536092233379	0.016469221638819122	1.9569849213363355e-17			0	1	1	1	0	0.8900523560209425	0	1	draw2448	True
-0.7300524622015736	-1.0244050468526065	0.18350845949351294	0.02563671842314856	0.19384674703296847	0.1938508605532277	157	0	0.2539966883672625	0.005016094791062288	0.0008947583081403277	0.193754647293358	4.777265822514254e-19			0	1	1	1	0	0.8579234972677595	0	1	draw2449	True
-0.6723108204639265	-4.798390348080911	3.383218568074901	0.0314752323488039	2.3032672052131806	2.3032672845596514	191	0	0.9974856311382935	0.7583370945704656	1.5844904476608956	2.267334972983842	1.7763568394002505e-15			0	1	1	1	0	0.7701612903225806	0	1	draw2454	True
-0.20315631051762673	-0.7940741479866339	0.15659909284896073	0.01618476119963952	0.07668706453591156	0.0766879771700858	158	0	0.2522768288702687	0.009308198806184841	0.001170796647608864	0.07656855856103668	1.6521377636195128e-18			0	1	1	1	0	0.8633879781420765	0	1	draw2456	True
-0.2514484067998259	-0.6016074396029747	0.012974568435378366	0.0026653231075708154	0.4261872215629152	0.42619401841278276	208	0	1.0445662061251544	0.5182019874961417	2.3931986043484888e-05	0.4261872215629152	2.6020852139652106e-18			0	1	1	1	0	0.9082969432314411	0	1	draw2457	True
-0.7156290093538431	-0.7782923620954861	0.044875071277021006	0.0025375109915577346	0.008335305101314989	0.008335356779420829	150	0	0.011476047897250926	0.00027581461701028855	0.0013844836318427987	0.008199517408766663	3.5575383784680614e-20			0	1	1	1	0	0.8379888268156425	0	1	draw2460	True
-6.310650460246967	-6.405744125554891	0.13019191408631664	0.5330604685047262	1.062661838809834	1.0626621616855767	133	0	0.1665403252763636	0.0017327370559928256	1.565249983663863e-05	1.062661838809834	2.710505431213761e-20			0	1	1	1	0	0.8209876543209876	0	1	draw2461	True
-0.7428116039972288	-0.7428116039972288	0.0012066101204540156	0.25258189545724796	0.5815239381386175	0.2525804529017187	29	0	0.7071929110775481	0.4372785059553512	0.0012066101204540156	0.25258189545724796	6.661338147750939e-16			0	0	0	0	0	0.16201117318435754	0	1	draw2464	True
-6.179401084687181	-8.661609956557573	0.11431639459495767	0.45693933260453484	5.7599390086845155	5.760084285362332	167	0	0.7198951176770371	0.05965621478069323	0.001869655742144294	5.7599390086845155	1.2468324983583301e-18			0	1	1	1	0	0.8743455497382199	0	1	draw2466	True
-0.8840054065127472	-1.0068978305606822	0.03266630607782152	0.010764825977791994	0.4651165442730946	0.46511777474746085	186	0	0.49462216049850677	0.032423151157061916	5.732644041755465e-05	0.4651165442730946	6.979551485375435e-19			0	1	1	1	0	0.8815165876777251	0	1	draw2467	True
-0.7738762052316999	-1.354781922730973	0.40600200426335575	0.28877230086697936	0.8107117885613802	0.8107830207655465	150	0	0.8232898182007151	0.020195960890577784	0.14291789574264396	0.6281735881133695	3.608224830031759e-16			0	1	1	1	0	0.8928571428571429	0	1	draw2468	True
-1.9968555777068668	-3.4887334048620233	0.2206203402753081	0.08874947209427947	2.1364017299543523	2.1364317460575966	178	0	0.7481435921626044	0.11231225024474106	0.0020210577383539337	2.1364017299543523	4.336808689942018e-18			0	1	1	1	0	0.8811881188118812	0	1	draw2470	True
-1.9362370709590595	-2.012561309419728	0.13038294499204886	0.004236141387362788	0.026166537930731745	0.026166747149497602	169	0	0.0128462840137649	0.0012441870820829465	0.010615198721686547	0.02487111411779795	8.131516293641283e-20			0	1	1	1	0	0.8666666666666667	0	1	draw2473	True
-0.7230966809714126	-0.8673685445582088	0.016657344432176684	0.0017080694402739677	0.20040483297869272	0.2005180835539427	208	0	0.2600179534066883	0.17326419908637775	0.00029394710081089953	0.20040483297869272	7.115076756936123e-19			0	1	1	1	0	0.8888888888888888	0	1	draw2475	True
-1.8674750768142163	-2.4070942914510587	0.3692979528731568	0.36706406668530067	1.1888722878925557	1.188874586040199	142	0	0.5503562051916641	0.0028924437906933287	0.0002227574020062524	1.1888722878925557	7.047314121155779e-19			0	1	1	1	0	0.8452380952380952	0	1	draw2481	True
-1.2675170780535199	-1.2675170780535199	0.038885826957005515	0.00028459585852419803	0.13194914534527047	0.13195742243370476	243	0	0.00023028976210920794	9.991747460869464e-07	0.038885826957005515	0.00028459585852419803	1.734723475976807e-17			0	1	1	1	0	0.9204545454545454	0	1	draw2482	True
-0.5530259279162442	-1.1527906287562435	0.21990891096001114	0.2831352845745093	0.7477191956667543	0.7477313423169716	144	0	0.9171504113001214	0.0218519491414084	0.0013322695992241656	0.7477191956667543	3.5151867311053464e-18			0	1	1	1	0	0.8622754491017964	0	1	draw2485	True
-0.14275272515526458	-0.14275272515526458	0.0025259157232438395	9.678646905439278e-05	0.036287928372178986	0.036300992193039006	224	0	0.000793240471709013	9.99686478539126e-07	0.0025259157232438395	9.678646905439278e-05	2.6020852139652106e-18			0	1	1	1	0	0.8086642599277978	0	1	draw2487	True
-2.3573104400538756	-2.8358354522295746	1.5769158314691063	0.7328462010808005	1.053578003567603	1.053604342386343	147	0	3.795019346771396	0.026617694296290337	0.0019966273159308396	1.053578003567603	3.426078865054194e-17			0	1	1	1	0	0.8497109826589595	0	1	draw2491	True
-1.8979202136855964	-3.294230699280554	0.8793317893960924	0.06516128559443846	2.55814176284226	2.5582008989899103	184	0	0.998141005527108	0.11473850689322566	0.003904196185519289	2.55814176284226	1.0408340855860843e-17			0	1	1	1	0	0.8932038834951457	0	1	draw2493	True
-5.361726113686021	-5.361726113686021	0.14139918205479707	0.00741456808417624	0.6100969867336398	0.6101621315452581	209	0	0.0013898880919320311	9.990306801033658e-07	0.14139918205479707	0.00741456808417624	3.469446951953614e-18			0	1	1	1	0	0.8969957081545065	0	1	draw2495	True
-0.2396149344964405	-0.8500579346488488	0.03802448890163027	0.0007675299365686299	0.33932762384162074	0.3393876014037783	228	0	0.8763266171285179	0.2603498101942699	0.0004181877252103118	0.33932762384162074	6.938893903907228e-18			0	1	1	1	0	0.8735632183908046	0	1	draw2496	True
-1.5366109978246367	-2.086902201854056	1.0460104492382676	0.003334562881045627	0.6023810008014279	0.6026083041441586	210	0	0.5248688842274172	0.24096936442573955	0.1427701077645266	0.5941333992885311	1.3877787807814457e-16			0	1	1	1	0	0.9090909090909091	0	1	draw2499	True
-0.3293369769719145	-0.4744308834493311	0.03270243563603288	0.00223683257910434	0.17384938257932572	0.17385697130567	199	0	0.5525998817840406	0.23899228964753505	0.00034890060435283505	0.17384938257932572	1.3877787807814457e-17			0	1	1	1	0	0.908675799086758	0	1	draw2501	True
-0.44426464828931733	-0.9542395472293779	0.21909037545099472	0.24035741080979894	0.303488305790137	0.30348929935887625	122	0	0.4621349690661554	0.000798756699360442	0.0001319272921336295	0.303488305790137	1.308665903507894e-19			0	1	1	1	0	0.7922077922077922	0	1	draw2503	True
-4.3947886844562	-5.472698603630528	6.18506621040596	0.014898699268352395	0.5767394786522805	0.5767530205956288	200	0	1.4499133269642541	0.2322030916944053	0.01033129961127367	0.5767394786522805	4.0023323197302396e-16			0	1	1	1	0	0.8888888888888888	0	1	draw2506	True
-0.740443454972427	-1.0984002085933737	0.07696386917665908	0.014459940554791542	0.24940351456481563	0.24940511713396096	179	0	0.3148704509280384	0.10928517791057056	0.0003134783529477077	0.24940351456481563	3.903127820947816e-18			0	1	1	1	0	0.8817733990147784	0	1	draw2507	True
-0.5150266577503538	-0.5150266577503538	0.04952559549808983	9.663594227465895e-05	0.05249725962741226	0.05249850541301046	231	0	0.0007523894674867704	9.992900086199888e-07	0.04952559549808983	9.663594227465895e-05	2.0816681711721685e-16			0	1	1	1	0	0.9166666666666666	0	1	draw2508	True
-0.7708763678271793	-4.631742819866936	3.4249282965816117	0.1821085891765891	0.711590821423335	0.7115924620859252	147	0	0.8568812659823748	0.011094397646045025	0.0021391869596384333	0.711590821423335	3.344763702117781e-17			0	1	1	1	0	0.8546511627906976	0	1	draw2509	True
-0.7802888353156178	-1.1079189412447432	0.18323689885384314	0.01475411320121505	0.2561292968397213	0.256147112421435	173	0	0.3024080565509449	0.012269685201093948	0.0022822622434210274	0.2556793055172649	9.75781955236954e-19			0	1	1	1	0	0.8737373737373737	0	1	draw2511	True
-0.2927413917071906	-0.2927413917071906	0.004095638031042769	0.0004275014613086942	0.029380459859831246	0.029382454600084124	206	0	0.0015383500526710595	9.993621425539945e-07	0.004095638031042769	0.0004275014613086942	8.673617379884035e-19			0	1	1	1	0	0.8879310344827587	0	1	draw2513	True
-2.5987088141161143	-2.887759914414142	1.8007907307838578	0.07827236097895443	2.091169471842358	2.0913381194648855	173	0	0.6010422095346578	0.007280098158150556	1.2528411821406447	0.4803468323926584	1.1102230246251565e-15			0	1	1	1	0	0.8917525773195877	0	1	draw2514	True
-0.5771361881499255	-2.695661587938944	1.7477068117042227	0.04324749918789324	0.6732335998981142	0.6734423565792629	181	0	1.04597287612698	0.18427072602314837	0.005010366040412522	0.6732335998981142	3.122502256758253e-17			0	1	1	1	0	0.8872549019607843	0	1	draw2515	True
-0.4403541027721569	-0.7424337199253097	0.13154998977009993	0.001454043808571375	0.23436343254830885	0.23443247739696516	207	0	0.5321652238000969	0.1621098072479131	0.0028607804159032323	0.23436343254830885	2.0816681711721685e-17			0	1	1	1	0	0.8149606299212598	0	1	draw2521	True
-1.1728127645865156	-1.4726258497401694	0.38067547150873	0.0006463035352442335	0.3502595206238647	0.35025952912464936	233	0	0.3316580366399629	0.11278884842978429	0.13338230472571952	0.295249496076749	8.055622141567298e-17			0	1	1	1	0	0.91015625	0	1	draw2523	True
-0.6998485868490673	-0.9328615631685891	0.017147470465650426	0.025469404951352456	0.3452479141939175	0.34529056392970303	169	0	0.4165727130200064	0.04404972838113852	0.0001548791614094389	0.3452479141939175	2.710505431213761e-19			0	1	1	1	0	0.8756476683937824	0	1	draw2524	True
-3.1677915189496497	-3.1860161520856796	0.046965340485694757	0.00031709653252882085	0.12249067855661831	0.12250451683256412	248	0	0.028575039290692356	0.031000607335446188	0.01708102408167844	0.09025722202183545	4.336808689942018e-19			1	0	1	1	0	0.915129151291513	0	1	draw2528	True
-0.5954581913945739	-0.5954581913945739	0.005548088256413286	0.02707276309715099	0.27882489839475716	0.27882883422839544	162	0	0.04678072581705643	9.976103789813467e-07	0.005548088256413286	0.02707276309715099	1.3383120566617945e-19			0	1	1	1	0	0.8804347826086957	0	1	draw2534	True
-0.7056038209851524	-1.5929628385842856	0.5339698130208846	0.004801817021485139	0.5327291038132913	0.5328370200332043	196	0	1.1919467812953992	0.14629476924335622	0.006361019645996216	0.5327291038132913	3.903127820947816e-17			0	1	1	1	0	0.8949771689497716	0	1	draw2536	True
-2.2199005849775375	-5.03638068967001	2.673216788764693	0.012894407225811573	1.1733138656921853	1.1736858017467195	206	0	0.4163855941032852	0.1680027877669117	0.020717937538342696	1.1733138656921853	2.7755575615628914e-17			0	1	1	1	0	0.9035087719298246	0	1	draw2537	True
-0.26062343989035025	-0.7785439457139374	0.08620355947323897	0.10042535919284486	0.2563945687958591	0.2563995331206269	144	0	0.479356561186089	0.01565552090093687	0.00012843718115684868	0.25637964474618347	5.421010862427522e-19			0	1	1	1	0	0.8520710059171598	0	1	draw2538	True
-0.21870685898397482	-0.7849415537798902	0.1292974956506332	0.0017104919251393672	0.12359985990907109	0.12361581268638919	195	0	0.6980568559099462	0.07562165357459566	0.0005125632978856743	0.12359985990907109	9.974659986866641e-18			0	1	1	1	0	0.8944954128440367	0	1	draw2540	True
-0.2787915671256115	-0.2796113522556728	0.00021224609354755759	0.07302076783688213	0.07375860141844719	0.07375861357787931	109	0	0.2619457083565344	7.526905116391832e-05	1.914112617876552e-07	0.07375860141844719	1.0587911840678754e-21			0	1	1	1	0	0.7266666666666667	0	1	draw2544	True
-2.830563770055659	-3.051156027574636	0.2522749633727907	0.0013676689487542477	1.150918752317684	1.1518568933138695	235	0	0.3931204025654762	0.33202397949976253	0.013573868111277972	1.150918752317684	6.288372600415926e-18			0	1	1	1	0	0.8901515151515151	0	1	draw2548	True
-0.7730353084998524	-0.7730353084998524	0.00023382290737689046	0.005445605409510407	0.017506687396288714	0.005443973763522995	41	0	0.008673836196041737	0.16977621905202445	0.00023382290737689046	0.005445605409510407	5.204170427930421e-18			0	0	0	0	0	0.22282608695652173	0	1	draw2551	True
-1.2776069633657745	-1.2808155107169708	0.015358098694802638	0.1350498791771867	0.17434389185386429	0.17434409314731739	121	0	0.13856445805444134	0.00043665982213160264	1.6821850026063453e-05	0.17434112102950355	7.411538288475128e-21			0	1	1	1	0	0.7756410256410257	0	1	draw2552	True
-0.6162617390075168	-2.496678937769986	0.9059462809039301	0.036899694088978766	1.5717936364851306	1.5717987793186192	189	0	1.31961506660874	0.18338009004064906	0.00041674048502657167	1.5717936364851306	1.4013313079375145e-17			0	1	1	1	0	0.8915094339622641	0	1	draw2553	True
-0.4202234963292489	-1.9845527453273308	0.8768140225790934	0.24053159099415983	0.4161434454837943	0.41614471223596133	133	0	0.64758927360478	0.003158046284419032	0.00037325601867443	0.4161434454837943	3.808260130855334e-18			0	1	1	1	0	0.83125	0	1	draw2554	True
-0.5464752210291265	-0.7548192391516817	0.12429876711991264	0.0010710854940438129	0.16865010848231135	0.1687355622094124	210	0	0.36548515295101214	0.16047610737015527	0.0025480278210893064	0.16865010848231135	1.3877787807814457e-17			0	1	1	1	0	0.8571428571428571	0	1	draw2556	True
-0.5538865748105455	-0.5600221848639036	0.019241766997123582	0.0011189247383080407	0.25184019493149246	0.2518922116351281	214	0	0.36492989691285554	0.0931332773854006	0.014110531303490416	0.1887223722986113	1.3877787807814457e-17			0	1	1	1	0	0.9029535864978903	0	1	draw2557	True
-0.8792009010561362	-1.021670280576772	0.06997503368601662	0.0125001947225821	0.358500539665587	0.35857597382845985	179	0	0.38895876368143273	0.026957216399996924	0.0006901065703983422	0.358500539665587	8.673617379884035e-19			0	1	1	1	0	0.8731707317073171	0	1	draw2560	True
-0.4260666479880908	-0.43316438170862165	0.011428080370762662	0.0015703851739559372	0.07156179316669906	0.07159957790832842	198	0	0.08352494564903597	0.01203498404844035	0.010523450921581464	0.03305596648310205	6.938893903907228e-18			0	1	1	1	0	0.8839285714285714	0	1	draw2568	True
-0.06322396710639859	-0.25385125008526693	0.016089569324561407	0.0009697532050305818	0.12097528038547657	0.12098396275576176	201	0	1.4577715532115154	0.06580309941852792	6.962585859401653e-05	0.12097528038547657	1.1926223897340549e-18			0	1	1	1	0	0.8854625550660793	0	1	draw2570	True
-0.12700638989869506	-7.811058225781617	6.392918521221851	0.015917180489448013	6.146945567076641	6.146945679580066	237	0	12.531021853414813	4.185112036070153	0.05095211264890292	5.925843164576851	2.6645352591003757e-15			0	1	1	1	0	0.8713235294117647	0	1	draw2576	True
-0.5502628166989347	-0.5575196865730964	0.05292616059986095	0.007211462521628255	0.28407968334362477	0.284126833100458	181	0	0.5736604591887404	0.03659168567741991	0.005126902718073861	0.2828440110727419	6.071532165918825e-18			0	1	1	1	0	0.8743961352657005	0	1	draw2577	True
-0.332993163318221	-0.332993163318221	0.011361635777321825	0.004671445594540458	0.13332784559181163	0.13333128366654698	182	0	0.01586350488017228	9.97307348093385e-07	0.011361635777321825	0.004671445594540458	4.336808689942018e-18			0	1	1	1	0	0.8666666666666667	0	1	draw2587	True
-0.18423214811643665	-0.18423214811643665	0.003262790157238697	0.001454255278893802	0.07727795060031808	0.07730132063146833	190	0	0.008849318826814794	9.975722875434836e-07	0.003262790157238697	0.001454255278893802	5.204170427930421e-18			0	1	1	1	0	0.867579908675799	0	1	draw2592	True
-2.474588948283808	-4.3261898721239875	4.630951693743309	0.004880529693053926	2.0368866942610846	2.036964925040264	222	0	1.2078847779920785	0.7129653129186487	0.19917889188066007	1.9947302515429997	7.376369480505129e-16			0	1	1	1	0	0.925	0	1	draw2596	True
-0.9497193694741332	-1.950429323035537	0.15566413451456612	0.021379746437047768	0.20236787580452198	0.20237652738957415	172	0	0.14656874744270776	0.037847973657258956	0.0004297112693732008	0.20236787580452198	5.421010862427522e-19			0	1	1	1	0	0.8775510204081632	0	1	draw2597	True
-671.7244755137141	-671.7244755137141	0.003343754351672062	4.952560441109746	4.9618591901001246	4.961953697801439	167	0	0.010000302866599938	1879.45921427241	0.003343754351672062	4.952560441109746	1.7763568394002505e-15			1	0	1	0	1	1.0	0	1	draw2599	True
-0.17646216821009675	-0.511774681542915	0.06538897808757041	0.003525657972875921	0.25748424217979304	0.2574842423227742	198	0	1.9281792472430739	1.102242453355306	3.6116145776939696e-07	0.25748424217979304	4.163336342344337e-17			0	1	1	1	0	0.9	0	1	draw2600	True
-0.10367258756081382	-0.3688994868751565	0.016974232845308784	0.011430527289004963	0.07353490643045518	0.07353497402985824	173	0	0.36908743678320133	0.019434099078801705	0.00017214988275234645	0.07215713523152302	3.469446951953614e-18			0	1	1	1	0	0.8046511627906977	0	1	draw2601	True
-0.8894535424494012	-0.8894535424494012	0.19672327601396328	0.00017578032570088125	0.285524399012709	0.2855292079648153	242	0	0.00037479838043049887	9.994836652443578e-07	0.19672327601396328	0.00017578032570088125	1.3877787807814457e-16			0	1	1	1	0	0.9272030651340997	0	1	draw2603	True
-0.8082605849026289	-5.391977455021319	2.31526154663914	0.057280598711019606	3.45610384398145	3.4561214179244324	187	0	5.556770329302506	3.285267862049463	0.0666618989074095	3.401502443489372	3.1086244689504383e-15			0	1	1	1	0	0.8577981651376146	0	1	draw2607	True
-0.28674649510184463	-0.749732399872758	0.041076465804502686	0.004810297199990735	0.31840119660956867	0.31844834919788134	198	0	0.6813384238406035	0.2676251400843611	0.000495216146845063	0.31840119660956867	6.938893903907228e-18			0	1	1	1	0	0.853448275862069	0	1	draw2608	True
-1.2311552071580993	-5.5813034513252235	1.5465947226167929	0.0038448056898337767	0.7142330978931684	0.7142365897134628	226	0	0.2651710670730871	0.14399932640407262	0.03259301023745025	0.7098999895057374	2.613604862047869e-17			0	1	1	1	0	0.9149797570850202	0	1	draw2611	True
-0.9418088529576555	-0.9615217709444931	0.01886332915729103	0.0001409710990480482	0.0793575736238237	0.07937013329122491	247	0	0.06501982994050412	0.05690540403165677	0.009348529893988912	0.061203094675820746	8.673617379884035e-19			0	1	1	1	0	0.8636363636363636	0	1	draw2613	True
-2.2827921809870477	-5.389679272880591	0.15733470349690973	0.09392325342154609	1.6148022937658835	1.6151673294079685	176	0	0.40738214958759206	0.04056831863989153	0.0036445890499222752	1.6148022937658835	1.3010426069826053e-18			0	1	1	1	0	0.8712871287128713	0	1	draw2615	True
-8.541996560358124	-9.036211266884344	0.05704726575097939	0.010116244925455674	4.3048496177421125	4.304892070547677	225	0	0.48592287768402725	1.2170678517063718	0.00013832737709248817	4.3048496177421125	4.336808689942018e-18			0	1	1	1	0	0.9109311740890689	0	1	draw2617	True
-0.6554384009472805	-0.6807624825992964	0.11559847595423142	0.003135176900723107	0.2305121033975336	0.2305136345461141	198	0	0.24831367077901711	0.007363824982598862	0.09784369324921444	0.0765612470984679	1.7694179454963432e-16			0	1	1	1	0	0.908256880733945	0	1	draw2631	True
-5.964504318691951	-5.964504318691951	0.09705262591156914	0.45804602207926426	1.0753067166660522	0.4577810850840377	20	0	1.289922420405408	0.7720378284558161	0.09705262591156914	0.45804602207926426	1.7763568394002505e-15			0	0	0	0	0	0.10810810810810811	0	1	draw2635	True
-1.0846857448627896	-1.0846857448627896	0.2234530653693927	0.011828711896909247	0.28265188497200666	0.28291573196735426	173	0	0.045090024009237215	9.976565448316554e-07	0.2234530653693927	0.011828711896909247	6.460489695298e-17			0	1	1	1	0	0.8871794871794871	0	1	draw2637	True
-0.4865296860864663	-0.4865296860864663	0.030516655188402908	4.788212836923727e-05	0.06798968345768801	0.06799435219383684	257	0	0.00011637035279459008	9.993091201927743e-07	0.030516655188402908	4.788212836923727e-05	1.734723475976807e-17			0	1	1	1	0	0.927797833935018	0	1	draw2639	True
-0.2803429121654344	-1.1523220495692492	0.1635058665718616	0.024903461528686208	0.8906729936173214	0.8907616009598331	181	0	1.1994961996051743	0.04516549119330302	0.0008893985165194846	0.8906729936173214	3.533821455944941e-18			0	1	1	1	0	0.8872549019607843	0	1	draw2640	True
-0.9260240450931775	-1.2291053321873426	0.04833638944921267	0.04748716236064611	0.10466644319464781	0.1046682059803002	134	0	0.09171039096293025	0.0008283277597804904	7.508386351319281e-05	0.10466644319464781	2.371692252312041e-20			0	1	1	1	0	0.8072289156626506	0	1	draw2641	True
-0.7394489495282853	-0.7909811907908713	0.04075593171131762	0.002490022602783718	0.16757104992328048	0.16763765219765772	201	0	0.2583948574009642	0.28291032724136544	0.0013401039866715273	0.16757104992328048	3.2526065174565133e-18			0	1	1	1	0	0.8340248962655602	0	1	draw2642	True
-0.49177760511748947	-0.49177760511748947	0.03679104202062988	5.093803995938799e-05	0.06389020308039267	0.06389325687066587	254	0	0.00012763781620751423	9.994277329582932e-07	0.03679104202062988	5.093803995938799e-05	2.42861286636753e-17			0	1	1	1	0	0.8943661971830986	0	1	draw2644	True
-0.8290616204299065	-0.8887939806571753	0.042384592444102004	0.0014758531422197614	0.059439894950676656	0.05944612490267789	199	0	0.06735627420010115	0.011237180558263268	0.0045161141880712035	0.05611823439721205	8.673617379884035e-19			0	1	1	1	0	0.8805309734513275	0	1	draw2645	True
-0.4395500347881505	-0.8139676645559849	0.047929209884330644	0.03118068319859994	0.43859733342596685	0.43863205530044663	173	0	0.7829839371075569	0.16001902793550302	0.0005075242033427916	0.43859733342596685	4.39440693035531e-18			0	1	1	1	0	0.8917525773195877	0	1	draw2647	True
-0.6730466618587172	-1.0342183749423228	0.10727586209619763	0.01373219394187525	0.5868833216564241	0.5870104737364203	186	0	0.731742238559662	0.1657022208436325	0.001045509350090203	0.5868833216564241	1.2149840595415684e-17			0	1	1	1	0	0.8942307692307693	0	1	draw2650	True
-0.8880036502919143	-0.9339753863726642	0.04226549356106053	0.0004237550631883372	0.29667657857211494	0.296880713659624	235	0	0.32223117371805077	0.344765954224427	0.02197695617737115	0.2687168332733339	2.0816681711721685e-17			0	1	1	1	0	0.91796875	0	1	draw2651	True
-0.8916226282603725	-0.9541215544100772	0.2259863694023113	0.002427190574103378	0.026974684399008766	0.009718189034874983	174	0	0.05208059696585027	0.0005739784663368136	0.19191371013659658	0.02261975597369587	2.7755575615628914e-17			0	1	0	1	0	0.7909090909090909	0	1	draw2652	True
-0.3529305437239857	-3.9272929312853955	1.6576662705526828	0.22847083079990765	0.6515856376313933	0.6515875069587034	153	0	2.9737397736314515	0.06062574635017909	0.00022442312039717106	0.6515856376313933	1.222776762656308e-17			0	1	1	1	0	0.8742857142857143	0	1	draw2654	True
-0.22169084129366406	-0.26088118062386184	0.007328094002744951	0.0015216321925758964	0.05526624093527323	0.05526628579289772	185	0	0.24399493418142462	0.018972031717091144	4.926910054115731e-06	0.05526624093527323	3.2526065174565133e-19			0	1	1	1	0	0.8767772511848341	0	1	draw2658	True
-0.4491756956377339	-0.5191270061134625	0.022641401297517204	0.008907634929375883	0.30152747810244973	0.301695160091311	181	0	0.655129136372171	0.09367600882838718	0.0014424495740134435	0.30152747810244973	8.239936510889834e-18			0	1	1	1	0	0.8660287081339713	0	1	draw2666	True
-1.8804240763769342	-4.195700658768862	3.1159313511303868	0.01800397626457351	0.6923386172449555	0.6923395370646904	188	0	1.3335048272163816	0.06617324946937234	0.0010566291314483326	0.6923386172449555	3.0466081046842675e-17			0	1	1	1	0	0.8826291079812206	0	1	draw2668	True
-13.027088192323987	-13.027088192323987	0.048305422000550886	0.12423884820313436	0.15410083888133747	0.15447356886643843	166	0	0.01003812517713115	6.7985492319497585	0.048305422000550886	0.12423884820313436	1.6653345369377348e-16			1	0	1	0	1	1.0	0	1	draw2674	True
-0.5923620886998605	-0.5923620886998605	0.051776778837827685	0.0019228652043076536	0.3717980429072357	0.3717993345935353	212	0	0.003960184491653778	9.994377290174341e-07	0.051776778837827685	0.0019228652043076536	1.8041124150158794e-16			0	1	1	1	0	0.9217391304347826	0	1	draw2677	True
-1.5797434081152304	-8.2408524248921	5.599889283166978	0.4387230263575187	4.264088068182639	4.264199730397032	171	0	0.9270511062745239	0.5665133540244613	0.016062538513612397	4.262944338618107	8.326672684688674e-17			0	1	1	1	0	0.9	0	1	draw2680	True
-0.27516452758421	-0.5302340092640565	0.03103417575096812	0.014527370224075412	0.38710547641128135	0.387108622866084	180	0	1.0044806851425998	0.22494863983952143	6.114091131817052e-05	0.38710547641128135	2.3852447794681098e-18			0	1	1	1	0	0.8955223880597015	0	1	draw2681	True
-0.7171890099482817	-0.7194791851119423	0.016123737099052318	0.0006848893674883649	0.0771656709795863	0.07716575604311061	218	0	0.013967155630359086	0.0010595417850766614	0.01523798007549216	0.009688439691699574	6.7220534694101275e-18			0	1	1	1	0	0.897119341563786	0	1	draw2682	True
-2.23002666347713	-2.852297768423833	1.4365518068966914	0.01442009829462982	0.6371604235094235	0.6373728691318928	192	0	1.3822671551981405	0.12431056605434558	0.3080350726398838	0.5393863391459329	6.106226635438361e-16			0	1	1	1	0	0.8930232558139535	0	1	draw2686	True
-0.9150635465153028	-0.934285012347146	0.011043407695957722	0.0011779304801594777	0.05104107140006556	0.05105508398677906	201	0	0.05246513846054117	0.017049155777723816	0.0015701065258537056	0.04811319228230842	2.439454888092385e-19			0	1	1	1	0	0.881578947368421	0	1	draw2687	True
-0.4618779719212237	-1.1809079490165135	0.34279863203906097	0.0008479609765023387	0.5425638906211019	0.5430110008110729	224	0	1.7332128090483725	0.3770786900312719	0.004944301856178833	0.5425638906211019	8.326672684688674e-17			0	1	1	1	0	0.9032258064516129	0	1	draw2689	True
-0.6210390739512511	-1.003853142844025	0.18947263773569814	0.004749648011888256	0.44817550629172537	0.44820339129870557	199	0	0.7068882296743971	0.268221371088452	0.0015132266669585245	0.44817550629172537	3.469446951953614e-17			0	1	1	1	0	0.8577586206896551	0	1	draw2692	True
-0.20232502547760337	-0.24350342998736516	0.0025411309147324213	0.0029770866510481922	0.0432554540744765	0.04329319180359822	177	0	0.22471126474893788	0.18006192327724724	0.0001225717050208376	0.0432554540744765	1.773686991550505e-18			0	1	1	1	0	0.8232558139534883	0	1	draw2693	True
-0.08570784377426513	-0.8263208809572202	0.14920297310791567	0.011790446691654799	0.5723709108090232	0.5724702105802258	186	0	3.630678114831682	0.30071728746186194	0.0011183891428777977	0.5723709108090232	1.1102230246251565e-16			0	1	1	1	0	0.7948717948717948	0	1	draw2697	True
-1.0039359721267573	-1.186521626311678	0.16616484997367714	0.03232231127219217	0.08202891270180028	0.08202897596270449	139	0	0.08018216447724769	0.000875636761104522	0.0021498649731764813	0.08174494285772498	1.4230153513872246e-19			0	1	1	1	0	0.8323353293413174	0	1	draw2699	True
-2.368704035208621	-2.4894517569627928	0.014871180415527456	0.001597144962590153	0.3948663882388861	0.3949623970528534	224	0	0.16206868245676873	0.1779370855741815	0.00012324517783598028	0.3948663882388861	4.336808689942018e-19			0	1	1	1	0	0.9068825910931174	0	1	draw2701	True
-0.5973731085892152	-1.6329777361986537	0.6212510208823113	0.002201828278817719	0.7676367395537467	0.7676600736521378	218	0	1.2072512926701322	0.23713199311105612	0.0022677201627968563	0.7676367395537467	4.2934406030425976e-17			0	1	1	1	0	0.8934426229508197	0	1	draw2702	True
-0.7723948718424056	-1.2901510961042222	0.3386126730951269	0.1576302975640973	0.5781847471902747	0.5781936508498743	144	0	0.6510250546241032	0.008115955679052251	0.0006860913802995325	0.5781847471902747	3.0357660829594124e-18			0	1	1	1	0	0.8421052631578947	0	1	draw2703	True
-0.5966413459438235	-0.9371703315597322	0.10325376941215728	0.004329073824470533	0.45954972784525194	0.459614073950208	202	0	0.6391838458244129	0.229868808444475	0.01923345420224871	0.43685313975917833	2.0816681711721685e-17			0	1	1	1	0	0.9099099099099099	0	1	draw2707	True
-3.239746726064705	-5.266322579303575	1.9803398203610199	0.05681463605426434	1.18059568256515	1.1806224961980887	178	0	0.28976431998912694	0.01332526278073354	0.0243130471033857	1.1767642481399294	4.739996372835065e-18			0	1	1	1	0	0.8855721393034826	0	1	draw2708	True
-1.0050643566103061	-1.0313185439705244	0.010692904998033758	0.008382391554012289	0.014346714648039596	0.014346722510027186	128	0	0.014016460666905201	0.00035743325729361924	2.2152221414390262e-06	0.014346714648039596	4.235164736271502e-21			0	1	1	1	0	0.7852760736196319	0	1	draw2709	True
-0.6906052240191948	-0.6906052240191948	0.09455969383306854	0.013044646857266938	0.1608334119010117	0.12857885130157326	187	0	0.0689468732283873	9.963079493366048e-07	0.09455969383306854	0.013044646857266938	7.979727989493313e-17			0	1	0	1	0	1.0	0	1	draw2712	True
-3.224320870806813	-4.248731351366253	4.31346381816574	0.05625823528979001	1.1293601832104154	1.1293827635797802	185	0	1.837758773180544	0.5688163958529472	0.004884682056607213	1.1293601832104154	4.475586568020162e-16			0	1	1	1	0	0.8980582524271845	0	1	draw2717	True
-1.6252485366846523	-1.6252485366846523	0.626258016229779	0.0009197189293464467	0.291735536779581	0.29216215704851484	219	0	0.0014600321981864488	9.993468906051216e-07	0.626258016229779	0.0009197189293464467	1.6653345369377348e-16			0	1	1	1	0	0.8588235294117647	0	1	draw2721	True
-0.7976443040557402	-0.7976443040557402	0.016849518592889037	8.897057651841639e-05	0.06737229172955327	0.06737893614986223	252	0	0.00011469609481808676	9.995612949679623e-07	0.016849518592889037	8.897057651841639e-05	2.168404344971009e-18			0	1	1	1	0	0.84	0	1	draw2723	True
-0.9406128597540127	-0.9553632095606537	0.06493720792842307	0.0030830548847955793	0.028667750075234495	0.008522477255587062	188	0	0.022655533406529	8.890701854394498e-05	0.05510431348730307	0.01993308473938944	3.8163916471489756e-17			0	1	0	1	0	0.8068669527896996	0	1	draw2724	True
-0.7925889721640303	-0.9610199719155883	0.1294689571878784	0.1115573104637551	0.525053173425239	0.5250803792123828	148	0	0.6469504184541839	0.016250169252952428	0.0009541491801148276	0.525053173425239	2.3852447794681098e-18			0	1	1	1	0	0.8554913294797688	0	1	draw2727	True
-0.5430054204635083	-1.1363706701434892	0.22452001246423858	0.02718729005986037	0.62019823743427	0.6204712341974223	177	0	0.8967966066738923	0.0873447359789393	0.005978377481213419	0.62019823743427	1.3877787807814457e-17			0	1	1	1	0	0.855072463768116	0	1	draw2728	True
-0.49387598638566765	-0.6997237166622219	0.0787960726581567	0.0050773584903593665	0.063638753241246	0.0636400530047915	184	0	0.1289103207401131	0.009242042056684437	0.04206287580908341	0.05068853171596749	2.5370330836160804e-17			0	1	1	1	0	0.8846153846153846	0	1	draw2732	True
-0.3762933690003521	-0.8651851119897049	0.10824092509731478	0.00037220691328918585	0.4736624410037471	0.4738448306572689	237	0	0.9516481879967749	0.28325197916993683	0.002219024252055189	0.4736624410037471	1.0408340855860843e-17			0	1	1	1	0	0.8876404494382022	0	1	draw2735	True
-0.7712723665002221	-1.5733667216174476	0.553559428140241	0.11938003192665907	0.445455137366351	0.4454554676305092	146	0	0.451157865920024	0.008219109453360664	0.00035958218813836253	0.445455137366351	4.336808689942018e-18			0	1	1	1	0	0.8488372093023255	0	1	draw2737	True
-1.0828950880121033	-1.0828950880121033	0.2741174107282226	0.0001876527542482177	0.8321035629292147	0.8321066917613757	286	0	0.00046595504548845674	9.999375636735453e-07	0.2741174107282226	0.0001876527542482177	4.440892098500626e-16			1	1	1	1	0	1.0	0	1	draw2738	True
-0.3728984298580298	-0.38764295035744	0.008208980463569176	0.003277809994013113	0.06705761098040425	0.06709876742497878	182	0	0.20471244283619297	0.16947298504525696	0.000403122784211704	0.06705761098040425	3.869246503057644e-18			0	1	1	1	0	0.8310502283105022	0	1	draw2739	True
-0.8384259349582925	-0.8384259349582925	0.17470963718395238	0.00010717538740298078	0.11709348621535737	0.11709951237740651	245	0	0.0002711951564202613	9.998598519639776e-07	0.17470963718395238	0.00010717538740298078	5.551115123125783e-17			0	1	1	1	0	0.8812949640287769	0	1	draw2743	True
-0.33565352924496594	-0.33565352924496594	0.011602205923570303	0.1294879166193583	0.8201819469879763	0.1290535884799998	38	0	0.3730416433408228	0.5676376314082376	0.011602205923570303	0.1294879166193583	2.220446049250313e-16			0	0	0	0	0	0.15966386554621848	0	1	draw2745	True
-0.24977448879071623	-0.4089332755368991	0.03497619395598559	0.0002684475610797238	0.14690942200321686	0.14700528188364617	225	0	0.5710267750083055	0.17537798027044876	0.0005851518554428816	0.14690942200321686	6.938893903907228e-18			0	1	1	1	0	0.8858267716535433	0	1	draw2747	True
-0.34305313693145095	-0.36277927248468433	0.005622182998536475	0.0022289643029060357	0.016959643191362877	0.01696175971396239	166	0	0.048324099750058976	0.006955356511133068	0.0003352236895820346	0.016611057829056437	6.776263578034403e-20			0	1	1	1	0	0.8645833333333334	0	1	draw2749	True
-3.539311462999425	-4.008485479016368	0.5661551449966802	0.007800243717679742	0.4345887771039748	0.43469006950477174	188	0	7.232523592326661	0.13599399191573255	0.005582118041751656	0.4345887771039748	2.7072528246963046e-16			0	1	1	1	0	0.8826291079812206	0	1	draw2750	True
-0.4679597062667192	-0.542118744474724	0.02844156404239127	0.0007600116518862947	0.18069311423440146	0.18070725574853008	218	0	0.4415199148611409	0.534132972150258	0.00022169349831171946	0.18069311423440146	9.86623976961809e-18			0	1	1	1	0	0.8861788617886179	0	1	draw2751	True
-1.6212133119699876	-2.995552348132219	1.0226454560446425	0.10813083251056348	0.4815898409259712	0.48170165178972907	163	0	4.217971726228397	0.04870770975123893	0.005994724731768932	0.4815898409259712	4.5644911461639737e-17			0	1	1	1	0	0.8624338624338624	0	1	draw2754	True
-1.0981428900377181	-1.2288416518304792	0.3006228349491919	0.003643449543208088	1.5491055407827916	1.5492091072181964	227	0	0.4976292677989639	0.0982705956434661	0.19647749215233581	0.43554697397542397	8.881784197001252e-16			0	1	1	1	0	0.8284671532846716	0	1	draw2755	True
-0.6721821261832888	-0.6721821261832888	0.1128640727181969	0.003407784421517046	0.5095540360283765	0.5096923043005666	199	0	0.009946101070022691	9.989328959104396e-07	0.1128640727181969	0.003407784421517046	1.9212062496443139e-16			0	1	1	1	0	0.9128440366972477	0	1	draw2756	True
-0.9535235879547334	-1.8136580823713169	0.6660776332380346	0.12025988223041148	1.0892902837537217	1.089537013788379	162	0	0.9483291967539423	0.07260001097430577	0.014828278199258464	1.0892902837537217	2.688821387764051e-17			0	1	1	1	0	0.8756756756756757	0	1	draw2759	True
-0.8390222868446877	-0.984053668600428	0.06867898412430422	0.0028165290430282883	0.26117049731144093	0.26120665269686927	203	0	0.28852238698061233	0.055728843890216595	0.008281684397765596	0.25035604670141026	3.144186300207963e-18			0	1	1	1	0	0.8982300884955752	0	1	draw2763	True
-0.3029847245396583	-0.3657442364708214	0.01076699155705356	0.004130180483812085	0.1410914260770788	0.14109980871064576	187	0	0.5269952680259594	0.240965704564961	0.00023241299714101124	0.1410914260770788	5.204170427930421e-18			0	1	1	1	0	0.8904761904761904	0	1	draw2764	True
-0.7089954728472225	-0.906712056073142	0.08099396753877466	0.013807373702497319	0.3619713776446615	0.3621189175704702	181	0	0.5006148153910445	0.17217959307817812	0.001579663430193209	0.3619713776446615	7.589415207398531e-18			0	1	1	1	0	0.8786407766990292	0	1	draw2767	True
-1.9463096404674984	-2.7229084285486183	0.9060605771471534	0.03662351533085539	0.9321692706185443	0.9327106835822643	180	0	0.4392440751252275	0.17444173545561908	0.040538886058658116	0.9305885726647624	2.42861286636753e-17			0	1	1	1	0	0.861244019138756	0	1	draw2768	True
-0.5335927911466879	-0.551557491886257	0.06016437690726921	0.0022327541464154245	0.13254063971188768	0.13254064608851351	197	0	0.5097105558549274	0.010646300700001393	0.042735989033988266	0.06648167517987477	1.3888629829539312e-16			0	1	1	1	0	0.9120370370370371	0	1	draw2771	True
-1.5749608099540873	-1.954681868735885	0.9382163461214474	0.0140362717857031	0.1206890304750807	0.050169296243376175	150	0	0.14910138428148767	9.969312352461913e-05	0.6176968574764791	0.1206890304750807	4.579669976578771e-16			0	1	0	1	0	0.7936507936507936	0	1	draw2772	True
-2.539457533809197	-6.852599033684556	0.35653008299237354	0.36909271386262454	3.4630869434673635	3.463318345617783	165	0	0.7103840138007739	0.03567409903502036	0.005068658376095858	3.4630869434673635	2.0599841277224584e-18			0	1	1	1	0	0.873015873015873	0	1	draw2774	True
-0.07683750614591955	-0.2813650202390598	0.015180483398161212	0.0014636888498398678	0.012233258088582258	0.012233847127948722	160	0	0.17022768597552967	0.005050205825421771	0.00012110743186798795	0.012218769265586503	3.7947076036992655e-19			0	1	1	1	0	0.8556149732620321	0	1	draw2776	True
-0.341272332666312	-0.918670853941934	0.2052505674994782	0.043260239375868724	0.5090535144064436	0.5090735546334211	167	0	1.242262603776284	0.12431057376632218	0.0008983285842008065	0.5090535144064436	8.673617379884035e-18			0	1	1	1	0	0.8697916666666666	0	1	draw2778	True
-2.143535271592612	-2.3038405482144557	1.1050855013784113	0.005369328796369771	0.5089337467598364	0.10730065674044126	218	0	0.7341040595678618	0.005279069900010536	0.9098507545120136	0.5089337467598364	1.124100812432971e-15			0	1	0	1	0	0.8616600790513834	0	1	draw2780	True
-0.4990741093089172	-1.6125314053861708	0.6299281142299215	0.04799338120209803	0.6093381337312692	0.6093449919424441	177	0	0.712938525187308	0.14180770468862738	0.03797634243937625	0.4961916228352592	3.0531133177191805e-16			0	1	1	1	0	0.8939393939393939	0	1	draw2781	True
-0.2882047305581725	-0.3115800762773131	0.004516173305416882	0.004351746284344886	0.10995212762769296	0.1100109656055133	183	0	0.31555740682455197	0.12104009256854985	0.002611165645336447	0.08880673943118632	6.071532165918825e-18			0	1	1	1	0	0.8970588235294118	0	1	draw2785	True
-2.595451728520448	-2.6942438906997745	0.0946430621284362	0.031019106433096903	0.47875284908580323	0.4787721313430066	173	0	0.18027394973161134	0.013687416806378722	0.004558027178184909	0.4745117382773702	2.846030702774449e-19			0	1	1	1	0	0.8737373737373737	0	1	draw2786	True
-0.9505008289543921	-0.9505008289543921	0.20121159405658268	9.466956421873732e-05	0.14754782921955595	0.14770808333422292	244	0	0.00029533473016720926	9.997852243827866e-07	0.20121159405658268	9.466956421873732e-05	3.8163916471489756e-17			0	1	1	1	0	0.7770700636942676	0	1	draw2787	True
-0.20049365785401088	-0.7087201828157685	0.06515532062202598	0.07836328405058976	0.5962812561953539	0.5963836225195381	163	0	1.4528229888006465	0.17706859146883466	0.000832235181691095	0.5962812561953539	1.8648277366750676e-17			0	1	1	1	0	0.8810810810810811	0	1	draw2791	True
-1.6469469823699816	-4.786174436271983	4.153700421543011	0.5164235619467701	2.410256726552877	2.410543378925502	157	0	1.0629206086179535	0.038633152531942896	0.04120734103737117	2.410256726552877	1.734723475976807e-17			0	1	1	1	0	0.8674033149171271	0	1	draw2797	True
-0.5239837070055413	-0.5239837070055413	2.7138261718322036e-05	0.05736878798255701	0.08995137467111287	0.05736870063140102	29	0	0.11126718138818388	0.052177440701725024	2.7138261718322036e-05	0.05736878798255701	2.7755575615628914e-17			0	0	0	0	0	0.17159763313609466	0	1	draw2798	True
-315.0282118261569	-315.0282118261569	1.3511629949998678	3.093650952050905	3.1635871644396234	3.164344107503308	167	0	0.010005263701121857	17.25861098883557	1.3511629949998678	3.093650952050905	1.7763568394002505e-15			1	0	1	0	1	1.0	0	1	draw2800	True
-7.73263100388462	-7.867606029572014	3.537650411668666	0.11678539144795581	0.2935848647734482	0.2936233164037446	151	0	0.49383615855406426	0.0004252902630059689	1.9526690430765878	0.21820043508845693	3.7180850032906415e-16			0	1	1	1	0	0.867816091954023	0	1	draw2802	True
-0.5328423317418151	-0.5437861609677346	0.0514841925551212	0.000508565355191102	0.2879404821823201	0.28795196783763105	224	0	0.541189551797956	0.08143654004778245	0.03536386544836969	0.2321870463877861	5.204170427930421e-17			0	1	1	1	0	0.9068825910931174	0	1	draw2803	True
-0.9764451042720077	-0.9864951851007275	0.24068018231599272	0.0025167851998443673	0.5559668422089897	0.5561381999266327	203	0	0.062084159122417056	0.0006310874286092036	0.23504859731811478	0.027083099770594973	2.220446049250313e-16			0	1	1	1	0	0.9227272727272727	0	1	draw2804	True
-0.1526660477835661	-0.8922602655016193	0.12859607200551124	0.03141799595829909	0.27912014616311503	0.27912016962388253	171	0	0.7534825871435524	0.10566748934456133	7.656820600512535e-06	0.27912014616311503	4.336808689942018e-18			0	1	1	1	0	0.8769230769230769	0	1	draw2805	True
-1.1399415317893782	-1.1399415317893782	0.19145800383225858	0.009316271214604684	0.6321614664429805	0.6324619317519149	193	0	0.009954760175097515	9.998083430811574e-07	0.19145800383225858	0.009316271214604684	6.938893903907228e-17			0	1	1	1	0	0.8772727272727273	0	1	draw2806	True
-1.0788830071544835	-10.439773416822872	25.591544139076692	0.541477222523765	2.1657290834528626	2.165992470330247	184	0	7.197022251062132	0.3965845482301038	0.002733892324842784	2.1657290834528626	1.2839275121899441e-16			0	1	1	1	0	0.8975609756097561	0	1	draw2813	True
-0.5544060831006103	-1.2513824596536303	0.38941657760835624	0.010936030387267046	0.8673009845772541	0.8679538479986677	194	0	1.9439180433247374	0.36918378780375716	0.007876682071021017	0.8673009845772541	5.551115123125783e-17			0	1	1	1	0	0.8778280542986425	0	1	draw2817	True
-1.7803135881916246	-2.4539299419778757	1.50374534060606	0.029225960977550144	0.7624050106429776	0.7625379367735827	193	0	3.5316332344353523	0.14365627801449213	0.00522195114357449	0.7624050106429776	4.6674903525500966e-17			0	1	1	1	0	0.8772727272727273	0	1	draw2824	True
-0.5873053621644921	-0.5873053621644921	0.05572597766648226	0.00014987814444264233	0.08840588600532538	0.08852749163026194	224	0	0.001257847998506264	9.99466783331818e-07	0.05572597766648226	0.00014987814444264233	1.0061396160665481e-16			0	1	1	1	0	0.8853754940711462	0	1	draw2831	True
-1.0648326788398361	-1.6504593854736562	0.6734305927263666	0.21744244903743426	0.931275254791526	0.9320078916594301	160	0	2.187286262764839	0.9372038933072256	0.017538956739036028	0.931275254791526	2.7755575615628914e-16			0	1	1	1	0	0.8938547486033519	0	1	draw2833	True
-0.5352692755712826	-6.323637214881639	9.248248816931573	3.076063207678475	3.716980814534158	3.717002831110523	140	0	2.1950173684770555	0.02599754885391273	0.001686137571429093	3.716980814534158	1.6171553028979102e-17			0	1	1	1	0	0.8536585365853658	0	1	draw2835	True
-0.5342188512893677	-0.5800997498102325	0.015015204620267017	0.0003672343886350131	0.08164595784029524	0.08167005110955414	224	0	0.13796477467955792	0.09141887482302567	0.004722039925894137	0.07249922776828706	4.2825985813177425e-18			0	1	1	1	0	0.9032258064516129	0	1	draw2839	True
-5.159538248967168	-5.159538248967168	0.13014459793399583	0.001375999883415123	0.4899990963705848	0.49000497555016753	236	0	0.00026801618961315405	9.997869079827244e-07	0.13014459793399583	0.001375999883415123	8.673617379884035e-19			0	1	1	1	0	0.8838951310861424	0	1	draw2840	True
-0.0699231787974132	-0.1662029534144337	0.0028554654941589912	0.002731606242310125	0.07606030132033206	0.07606038463363136	182	0	0.5992837268831218	0.0812750650954907	0.00012828752334626776	0.07555749335667553	2.859583229930518e-18			0	1	1	1	0	0.9054726368159204	0	1	draw2841	True
-3.5001625768933504	-3.660340844056577	0.3417514922030117	0.01242909099907946	0.18272547671061784	0.1827260668886785	178	0	0.05126228291460771	0.006174021381551473	0.009363538236879318	0.18128311875879535	4.336808689942018e-19			0	1	1	1	0	0.8768472906403941	0	1	draw2843	True
-1.062605564377546	-2.0304778356580737	0.9617434669433576	0.16084096069236536	1.430294086418485	1.4305448262360843	173	0	1.9095225193130219	7.927850512543174	0.0009193385683092767	1.430294086418485	6.661338147750939e-16			0	1	1	1	0	0.8317307692307693	0	1	draw2845	True
-3.90345017503306	-3.9878340643606416	0.4968489078234357	0.01742659930885944	0.19409425793614568	0.19410201503416377	168	0	0.8634824414850674	0.0037052017576323067	0.3743498360751989	0.09971746671364698	3.069376350306463e-16			0	1	1	1	0	0.8795811518324608	0	1	draw2846	True
-1.5318713279318303	-2.6735295765580744	0.35717212591241204	0.5502738385983699	1.5661319477041105	1.56616325827478	143	0	0.6839120558620648	0.015431889376162494	0.0004716898479308002	1.5661319477041105	6.505213034913027e-19			0	1	1	1	0	0.8562874251497006	0	1	draw2847	True
-2.0398791698516154	-2.049808487287779	0.012398752595446658	0.012572063842509107	0.03754703818108419	0.03754707192365202	146	0	0.018086017605786212	0.0003473664668922092	0.00045075635479639215	0.03694894752802641	4.235164736271502e-21			0	1	1	1	0	0.8342857142857143	0	1	draw2848	True
-0.7333242133220261	-7.329624422925229	8.319026090425119	0.34088487092197856	1.7883703145383383	1.7884165477984562	169	0	6.535217564308462	0.08316393678209988	0.001952831214481683	1.7883703145383383	1.5265566588595902e-16			0	1	1	1	0	0.8802083333333334	0	1	draw2851	True
-0.8622907467400658	-0.8622907467400658	0.1822527610788654	0.020797548354757632	0.3993540876995321	0.39935562829264204	176	0	0.042274716531408366	9.98401216559209e-07	0.1822527610788654	0.020797548354757632	3.0357660829594124e-17			0	1	1	1	0	0.8888888888888888	0	1	draw2853	True
-0.2655444181415179	-0.4364011791103702	0.008093814718746272	0.015258435868738951	0.15372009599082556	0.15372900015459295	166	0	0.44263467174056675	0.03827796066701085	4.446188400097753e-05	0.15372009599082556	4.336808689942018e-19			0	1	1	1	0	0.8736842105263158	0	1	draw2854	True
-2.177319494289761	-6.873213081219205	8.11615167975747	0.05513477062007329	2.35810318889715	2.3592148073569534	186	0	1.7293401387390308	1.2220700139046228	0.27100697167262355	2.300550594752011	1.3322676295501878e-15			0	1	1	1	0	0.8571428571428571	0	1	draw2856	True
-0.2630281512156696	-0.4522738164480764	0.027986441615976066	0.008546695942458498	0.35635000844955544	0.3564783866490673	185	0	1.1402346025853078	0.32019364110687887	0.0004197750294214043	0.35635000844955544	3.469446951953614e-18			0	1	1	1	0	0.893719806763285	0	1	draw2860	True
-0.7333001797155557	-0.8770196058540405	0.031486975865119796	0.5476337113955034	0.6553978815241401	0.6553984364901051	126	0	0.7277277606240886	0.0009361496490406703	1.3522343407892485e-05	0.6553978815241401	7.168016316139517e-20			0	1	1	1	0	0.8235294117647058	0	1	draw2862	True
-0.17061549097827974	-0.6542049765308243	0.08850674657503656	0.06304753821883566	0.22820847015072868	0.22821209597735725	146	0	1.4674657961693536	0.01132210934839055	0.00037957252610887885	0.22820847015072868	7.182839392716467e-18			0	1	1	1	0	0.8538011695906432	0	1	draw2863	True
-0.9355980602344564	-3.7045375234657456	0.12189316915559563	0.003147359588900612	1.0962002799360153	1.0962889353120193	230	0	0.6725853358497175	1.3246289534863733	0.001846328415978409	1.0962002799360153	3.8163916471489756e-17			0	1	1	1	0	0.9163346613545816	0	1	draw2864	True
-1.0328820049276182	-1.9202838786856737	0.8754340586009215	0.23919727984739	1.0095646164813668	1.0096185615964743	152	0	1.070868842928357	0.055361575130219075	0.0116862732481053	1.0095646164813668	2.3344016268091704e-17			0	1	1	1	0	0.8735632183908046	0	1	draw2867	True
0.7086698924411489	-2.455106485725106	0.9116900023273424	0.27759415935384624	1.5934488801986566	1.5936214643129711	177	21	3.523041995990339	1.0731744603040478	0.14136037950359878	1.508812566831543	6.661338147750939e-16	1.3154794326273962	0.4429730053920608	0	1	1	1	0	0.8232558139534883	0	1	draw2872	True
-0.8508455935185053	-0.850888280097609	0.13576994444800222	0.000577986154651775	0.15630168334334438	0.15632012682095198	216	0	0.007850216683222519	9.20945310199713e-06	0.13531271474756632	0.0016709124872927974	7.979727989493313e-17			0	1	1	1	0	0.9037656903765691	0	1	draw2874	True
1.2718937497974612	-0.7112970791359192	0.09024659839464284	0.00039207727403961566	0.5088997575134689	0.5089029065608024	235	12	2.268092352621754	0.841240432063094	0.0004942017406522384	0.5088997575134689	3.885780586188048e-16	0.4743621411146039	0.02226205655762953	0	1	1	1	0	0.7912457912457912	0	1	draw2877	True
-0.7542890185182425	-0.7558874641787798	0.1348418079997757	0.001358969207198025	1.1282299307016364	1.1282466643269635	219	0	0.010000000000012076	2.6143034181626846e-05	0.13415446560924874	0.004668181651264286	8.881784197001252e-16			1	1	1	1	0	1.0	0	1	draw2880	True
-0.6324073225131347	-0.6324073225131347	3.377765721171954e-05	0.01254140020790448	0.016930386517147594	0.012529576539859196	31	0	0.0366387783075842	4.897521493408819	3.377765721171954e-05	0.01254140020790448	6.938893903907228e-18			0	0	0	0	0	0.10032362459546926	0	1	draw2881	True
-3.1174263190276825	-3.414650414289201	1.823501818524016	0.010511252569158587	1.0143428579492557	1.014760567539002	203	0	0.46073067609478574	0.28474132719166306	0.07465304126018472	1.0143428579492557	1.1102230246251565e-16			0	1	1	1	0	0.8982300884955752	0	1	draw2884	True
-0.5025210295609243	-1.3053280602223443	0.3534167876789605	0.21736604089241457	0.8667772355063149	0.8668003114623106	153	0	1.2927352755373045	0.13162145735745506	0.0018719510355008598	0.8667772355063149	5.551115123125783e-17			0	1	1	1	0	0.8793103448275862	0	1	draw2891	True
-1.3236501473829367	-1.5170494078673014	0.056847651096647404	0.00027363151720470185	0.21006669361599503	0.2102186596133434	246	0	0.15636366274366148	0.3585790870638001	0.0013705973225215968	0.21006669361599503	5.204170427930421e-18			0	1	1	1	0	0.917910447761194	0	1	draw2895	True
-1.0729422244568947	-2.7230098219815435	0.8774360941211788	0.008400106327094611	1.5248345750570866	1.5249475000937354	201	0	1.4877937949999698	0.7247017465136385	0.2779657510136062	0.7666450354483962	8.881784197001252e-16			0	1	1	1	0	0.8481012658227848	0	1	draw2896	True
-0.264859265442969	-0.47277306774131245	0.026395241974071622	0.007516258379228979	0.11615725513162256	0.11616108216087388	182	0	0.3211521840679628	0.0509206467833834	0.011445638426530928	0.08935244086306185	1.3877787807814457e-17			0	1	1	1	0	0.875	0	1	draw2897	True
-0.38197914633530466	-0.45238982159440666	0.05054222487837219	0.001392449842922165	0.16624579042362672	0.16624859793109686	201	0	0.7324727207774772	0.22967735124389443	0.00044379059643810025	0.16624579042362672	3.2959746043559335e-17			0	1	1	1	0	0.8445378151260504	0	1	draw2898	True
-0.6551861993730734	-3.482629645825612	2.2647809157724264	0.15251094652252184	1.1625512364842994	1.1627739161349204	168	0	0.8608404733688848	0.08540878950672223	0.007214213341113772	1.1625512364842994	1.734723475976807e-17			0	1	1	1	0	0.8704663212435233	0	1	draw2900	True
-0.38938698866296534	-0.4916322799366975	0.009628775546184666	0.00259526387953452	0.18446211227714093	0.18457000931095574	197	0	0.44885370557728077	0.1605187823485281	0.00020963263162277675	0.18446211227714093	1.0028870095490916e-18			0	1	1	1	0	0.8716814159292036	0	1	draw2902	True
-3.9214042935391324	-4.165249641991471	0.08985376303801039	0.001245187182645344	0.7486270128080149	0.7486440621843685	238	0	0.18675078808107984	0.22615643172572708	0.0006791614967658502	0.7486270128080149	3.0357660829594124e-18			0	1	1	1	0	0.8623188405797102	0	1	draw2903	True
-0.7490234096350048	-0.9883151685377465	0.1293624686004215	0.0048410531519808096	0.2637232073629098	0.2637303533567178	194	0	0.345917576529353	0.11444050884565311	0.0006311978978481955	0.2637232073629098	3.469446951953614e-18			0	1	1	1	0	0.8471615720524017	0	1	draw2904	True
-1.5254409451923947	-2.655014461805045	0.0799449401971585	0.009801046036184449	1.0767556973258041	1.0767861694722398	205	0	0.5119091677060581	0.23562371966238568	0.0008996951817123792	1.0767556973258041	4.9873299934333204e-18			0	1	1	1	0	0.9070796460176991	0	1	draw2905	True
-1.381078680918632	-1.7162868481957938	0.5248688582116992	0.00016425545436313013	0.16437872324227165	0.16438135556968192	254	0	0.22061467214249555	0.23775993994489628	0.0008175489322709851	0.16437872324227165	2.0816681711721685e-17			0	1	1	1	0	0.900709219858156	0	1	draw2909	True
-3.317292458248365	-3.317292458248365	0.002083292448554961	0.23079946684420766	0.36088597621746815	0.23079004865136954	41	0	0.07300784586469053	0.23560242225570968	0.002083292448554961	0.23079946684420766	2.498001805406602e-16			0	0	0	0	0	0.2192513368983957	0	1	draw2919	True
-0.49469816501745756	-0.49469816501745756	0.0023323811984392244	0.002501180274019072	0.16129591702913368	0.16140078631463775	199	0	0.005109010189072644	9.995161171364492e-07	0.0023323811984392244	0.002501180274019072	2.6020852139652106e-18			0	1	1	1	0	0.9004524886877828	0	1	draw2921	True
-0.5892115675658163	-1.5380059386332463	0.5878361015902646	0.08462118719641669	0.8768251326556848	0.8768251876229779	175	0	3.1516255561020565	0.20430616134315005	5.323740285283628e-05	0.8768251326556848	8.326672684688674e-17			0	1	1	1	0	0.8883248730964467	0	1	draw2922	True
-1.8235463755696786	-1.8235463755696786	0.559459166363831	5.149677065845707e-05	0.7386293673967856	0.7386294257965391	258	0	0.0001338093890828314	9.996064035609473e-07	0.559459166363831	5.149677065845707e-05	3.3306690738754696e-16			0	1	1	1	0	0.9280575539568345	0	1	draw2923	True
-0.09279971131144682	-0.17881013219665923	0.004737072742552706	0.002345720219481765	0.1017520025311056	0.1017604699788633	189	0	0.9216144004438103	0.24757623055322736	4.1993062668834724e-05	0.1017520025311056	1.734723475976807e-18			0	1	1	1	0	0.8513513513513513	0	1	draw2929	True
-2.2759651846697455	-2.2759651846697455	0.0023790624840355303	0.16936069017808775	0.2908776643629855	0.1692952891236274	43	0	0.11315930237873352	1.3639546221964438	0.0023790624840355303	0.16936069017808775	1.3877787807814457e-16			0	0	0	0	0	0.16226415094339622	0	1	draw2930	True
-0.5113018126681206	-6.883716936355225	2.0592397297660696	1.5055749290372191	5.565658239687916	5.56566001080371	156	0	1.562174762746635	0.10428102087481651	0.00017788506345267052	5.565658239687916	6.071532165918825e-18			0	1	1	1	0	0.8666666666666667	0	1	draw2933	True
-0.7025717315030109	-4.9892166249819505	2.8218812672087785	0.07060908912566041	0.5937517787160506	0.5937645104867887	167	0	1.893192017643839	0.07709348060711699	0.0008570749821582713	0.5937517787160506	3.859759734048396e-17			0	1	1	1	0	0.8743455497382199	0	1	draw2940	True
-0.6309482430439277	-0.6309482430439277	4.601408094626432	4.479897843420593	5.738910635653728	5.738912106941718	38	0	1.7380995667737449	1.517740031211906	4.601408094626432	4.479897843420593	2.6645352591003757e-15			0	0	1	0	1	0.2111111111111111	0	1	draw2948	True
-0.4029513179671189	-0.5261582930807268	0.00737667581339858	0.0013029837984507942	0.1213733361295666	0.12138338822697818	206	0	0.2887636185676832	0.24138901684282651	0.00011583933698438465	0.1213733361295666	1.1926223897340549e-18			0	1	1	1	0	0.8273092369477911	0	1	draw2951	True
-0.5828726840569556	-1.4824945093179949	0.04063304666884652	0.14295720017470168	1.3185022864419296	1.3185022937235418	164	0	1.1339873967007872	0.09623706308642382	3.187253666124157e-06	1.3185022864419296	2.2768245622195593e-18			0	1	1	1	0	0.8864864864864865	0	1	draw2955	True
-1.2879448262993707	-1.2879448262993707	0.29442901733085786	0.019420304398150342	0.2095104491497449	0.20959823501623165	167	0	0.06539347288871468	9.945637495577905e-07	0.29442901733085786	0.019420304398150342	1.1866592777853846e-16			0	1	1	1	0	0.8882978723404256	0	1	draw2958	True
-0.8978246973107592	-0.9017240480547575	0.0019277699753150414	0.00750811542814311	0.015305102570034448	0.015305102576487265	139	0	0.01687898505695661	0.0003222566947917497	3.685669882586465e-05	0.015183881188758224	2.329340604949326e-21			0	1	1	1	0	0.8373493975903614	0	1	draw2961	True
-2.106319792491947	-2.616308725823963	1.4140200734398922	0.09632402716004278	0.3069061825938063	0.30690695590378747	161	0	0.48675847701690633	0.004107936261449207	0.293203973606862	0.2711801276863968	4.1970821349629484e-16			0	1	1	1	0	0.8702702702702703	0	1	draw2963	True
-0.7908154767647845	-0.9714216939510326	0.06998549776141332	0.3281278067322069	0.600407761356702	0.6004101357838826	133	0	0.6795421408300348	0.004013720474598415	0.00021058498484970083	0.6002559019653082	3.3881317890172014e-19			0	1	1	1	0	0.8364779874213837	0	1	draw2964	True
-1.1230845486929764	-1.1230845486929764	0.2843083666194234	0.0002638807253067559	0.6551786579282343	0.6552125152575876	236	0	0.0006854029426558037	9.996533595484253e-07	0.2843083666194234	0.0002638807253067559	3.3306690738754696e-16			0	1	1	1	0	0.921875	0	1	draw2967	True
-0.22438560196526183	-1.1613345689978622	0.33711362296432423	0.034533715445627396	0.5360967788317695	0.5360975350560678	176	0	1.546004786959006	0.11776162297667365	0.003825807330001491	0.5336955528279034	2.0816681711721685e-17			0	1	1	1	0	0.8934010152284264	0	1	draw2969	True
0.04753507400169946	-0.6630930119690102	0.09750471055646126	0.09176919917320282	0.3681207739095165	0.3681284324540057	169	4	2.2940775206018107	0.6888764663789136	0.00015826807751992463	0.3681207739095165	1.1102230246251565e-16	0.36668667819334416	0.0019038659075019618	0	1	1	1	0	0.786046511627907	0	1	draw2974	True
-0.6234234409068452	-0.6578019730235426	0.028582431843392618	0.002454082072556351	0.3420899883432355	0.34231863829824943	210	0	0.30951543070762966	0.08226313573031845	0.02680345755682739	0.179556190816756	3.937822290467352e-16			0	1	1	1	0	0.9130434782608695	0	1	draw2975	True
-0.1926840667864098	-1.1481215446033377	0.2814830351320535	0.033085420154298974	0.04608952097125679	0.04608976059854619	129	0	0.1145170014375869	0.0008299706233250197	0.0001618021099735112	0.04608952097125679	2.1345230270808369e-19			0	1	1	1	0	0.8012422360248447	0	1	draw2976	True
-0.2867290227934642	-0.2867290227934642	0.017167721675635603	0.0005621270092029357	0.20604411103056314	0.20610200069642975	212	0	0.002791033113994356	9.997254784727168e-07	0.017167721675635603	0.0005621270092029357	6.591949208711867e-17			0	1	1	1	0	0.902127659574468	0	1	draw2979	True
-0.6670986893817374	-1.6298872082539473	0.08094047783517797	0.10184981541007784	0.6571719883092956	0.65717971788438	165	0	0.6542157947599286	0.11024178617259689	0.00042770632532331156	0.6571719883092956	7.562310153086393e-18			0	1	1	1	0	0.868421052631579	0	1	draw2982	True
-1.1910662021536815	-1.6046002435607853	0.6345879590296813	0.009276735815817248	0.5623706694038426	0.33433032245022204	206	0	0.8426996045863347	0.038959014497363754	0.2991139317886808	0.5623706694038426	3.885780586188048e-16			0	1	0	1	0	0.8512396694214877	0	1	draw2984	True
-0.32235844601496805	-3.320267971098084	2.6889044412213052	0.2574132887952657	1.2092048308129992	1.2092150948178877	168	0	3.3437685268835415	0.2637878713253773	0.00023639471488917286	1.2092048308129992	4.765068548073792e-17			0	1	1	1	0	0.8888888888888888	0	1	draw2987	True
-1.5462346849820536	-1.8052994174215768	0.297992067814752	0.007011625342825482	0.884063366379949	0.8842618746986433	204	0	0.60512308657131	0.1650937410760867	0.13930948412820354	0.8602515667460638	6.136584296267955e-17			0	1	1	1	0	0.9066666666666666	0	1	draw2988	True
-2.568923060168186	-8.202645982698455	0.18080565569641052	0.9876033513451511	4.436848527533813	4.4371057457513805	153	0	0.6881635840729279	0.03571897266866109	0.002040653556241878	4.436848527533813	7.047314121155779e-19			0	1	1	1	0	0.8693181818181818	0	1	draw2991	True
-0.7685528929458422	-0.835717750285319	0.11276679527294027	0.00708933570812305	0.2549605436214696	0.25498518841665585	188	0	0.41455174919600235	0.09569022740701859	0.050108332709204895	0.23898694861791958	2.3093506273941244e-17			0	1	1	1	0	0.8909952606635071	0	1	draw2993	True
-0.33746551193266766	-0.8886472386205874	0.13140403703719705	0.07161673381243165	0.7387537142151954	0.7387674999028445	165	0	1.098836184416798	0.45317677443195825	0.0018861432442441185	0.7377907091163605	3.9898639947466563e-17			0	1	1	1	0	0.8967391304347826	0	1	draw3006	True
-0.5591191955428672	-0.5591191955428672	0.0015847537471411963	0.14254610605975612	0.20292708813543225	0.14247810885542705	22	0	0.4051348947149533	0.8303171404587129	0.0015847537471411963	0.14254610605975612	1.942890293094024e-16			0	0	0	0	0	0.10232558139534884	0	1	draw3010	True
-2.9914682905652725	-6.672364612156489	6.519824093210948	0.01188486608573418	3.506143230149047	3.5102150230303475	216	0	1.027680491897267	0.17989931408152404	0.23597461474104675	3.506143230149047	2.7755575615628914e-17			0	1	1	1	0	0.8852459016393442	0	1	draw3012	True
-3.056121860382843	-10.315746514577867	18.393717371262014	1.2310320932716505	6.863780436267242	6.8637987075891544	155	0	1.072962343938341	0.03151809878101504	0.017207053956631597	6.863780436267242	9.020562075079397e-17			0	1	1	1	0	0.8707865168539326	0	1	draw3013	True
-0.0414891151245559	-0.12630317291913767	0.0029455552843965596	0.0015476878571133248	0.09030679449444738	0.09030687377066358	191	0	1.446695108691557	0.10551735930512979	2.2051708350318733e-06	0.09030679449444738	1.0842021724855044e-18			0	1	1	1	0	0.8967136150234741	0	1	draw3016	True
-0.3898275598914656	-0.3898275598914656	0.009305718874427977	0.0430066559907889	0.04938929659675192	0.04938935236094996	39	0	0.1457379337312303	0.4886564157941102	0.009305718874427977	0.0430066559907889	2.7755575615628914e-17			0	0	1	0	1	0.11538461538461539	0	1	draw3017	True
-0.45342405818990383	-0.5923271726715027	0.03705221368167427	0.0008710331556076292	0.1842669912029512	0.18436697869798133	214	0	0.40425305910168174	0.14639461866324605	0.002192434404794562	0.18380107828063671	6.288372600415926e-18			0	1	1	1	0	0.895397489539749	0	1	draw3018	True
-0.7803934461002654	-0.8475266380060561	0.016982951789864097	0.04856844473160217	0.2900503775611782	0.29005987883984424	154	0	0.3574844437188622	0.016044354715914082	2.6063828057261764e-05	0.2900503775611782	1.7364175418713157e-19			0	1	1	1	0	0.8603351955307262	0	1	draw3022	True
-1.1346595937403863	-2.85853735181892	1.827952038555184	0.056291750970231265	0.3797221093195909	0.37972212113928555	159	0	0.4068830004584104	0.01982105332108753	0.11092470108497962	0.37396613926162364	4.5102810375396984e-17			0	1	1	1	0	0.8784530386740331	0	1	draw3024	True
-0.7341598817101482	-1.5429293624051532	0.5198691543184167	0.0021240052936123393	0.22251628080210958	0.2225620118125854	204	0	0.40997406487646704	0.08177378090934886	0.07759057748738693	0.20382287625738835	8.326672684688674e-17			0	1	1	1	0	0.8717948717948718	0	1	draw3027	True
-0.9311663673392172	-2.5328657197898052	0.3490179182614814	0.0026465995608314676	0.4252651464469768	0.4253596785605945	204	0	13.580698809853997	0.08760663383361558	0.0005755705170199484	0.4252651464469768	3.122502256758253e-17			0	1	1	1	0	0.8986784140969163	0	1	draw3029	True
-0.24201971785777232	-2.1337330535142005	0.8651072641416333	0.0008149740070392482	0.9592489508864566	0.959777332852244	228	0	1.70021124929489	0.6482607879321834	0.0384454964839465	0.9592489508864566	3.3306690738754696e-16			0	1	1	1	0	0.8321167883211679	0	1	draw3031	True
-0.8470736972220121	-0.8470736972220121	0.1405550631262906	0.0006315569633497974	0.2354541695904438	0.23570222184896705	217	0	0.0027834111152308895	9.992447549849232e-07	0.1405550631262906	0.0006315569633497974	5.637851296924623e-17			0	1	1	1	0	0.8821138211382114	0	1	draw3032	True
-2.5018542990588672	-4.881582351921881	0.22421277914561358	0.0023638992509727526	1.0456609324242672	1.0457512129852555	234	0	0.3362780488142238	0.24455086899620843	0.002738266723643515	1.0456609324242672	9.107298248878237e-18			0	1	1	1	0	0.9105058365758755	0	1	draw3034	True
-0.9853881175434464	-1.7818440519447962	0.7837676224859417	0.16029780064524332	0.3818043841806388	0.3818246853796751	136	0	0.3884950389418363	0.003417132162827285	0.004603177404359565	0.3818043841806388	2.459783678826488e-18			0	1	1	1	0	0.8343558282208589	0	1	draw3042	True
-0.27620414522619746	-0.8097832198653725	0.1639246854268708	0.07209863265420365	0.3978911812882422	0.397903624869356	150	0	1.0129331087960953	0.017455263803216072	0.0005062574032209094	0.3978911812882422	3.469446951953614e-18			0	1	1	1	0	0.8571428571428571	0	1	draw3050	True
-0.13143904192927158	-0.21318380411802326	0.005195056220801037	0.013547603182065923	0.14369313376435439	0.1436931342632477	163	0	0.8569199672119112	0.028324373615378897	2.463444419685136e-07	0.14369313376435439	4.607859233063394e-19			0	1	1	1	0	0.8763440860215054	0	1	draw3053	True
-0.09249304681107688	-0.16081803206100048	0.0023174731502026906	0.02012762640122821	0.12284305677433763	0.12285470147997984	157	0	0.9716837527787608	0.057015385830278015	0.00012016070825858901	0.12284305677433763	5.7462715141731735e-18			0	1	1	1	0	0.8722222222222222	0	1	draw3056	True
-2.43854186675373	-2.5210057088308435	1.496258388150784	0.00738950224590856	0.51998139950295	0.5203313452056147	200	0	0.13729216316828746	0.007580135621676316	1.3307703173923184	0.20314392399105968	2.220446049250313e-16			0	1	1	1	0	0.9009009009009009	0	1	draw3057	True
-3.36949793648938	-7.667129910381677	5.520133982901436	0.11588462904397069	0.6601454285822365	0.6601454291657487	160	0	1.316523208073194	0.0755374155049293	0.00010534284512753215	0.6601454285822365	3.4911309954033243e-16			0	1	1	1	0	0.8839779005524862	0	1	draw3059	True
-0.5204851671770283	-1.4057505830328636	0.1329749179674474	0.2393489882952779	0.986300491705288	0.9863045673800886	154	0	0.96141896100213	0.10352986513665086	0.0003951917068941602	0.986300491705288	8.023096076392733e-18			0	1	1	1	0	0.88	0	1	draw3060	True
-1.1031677593751352	-1.1102099156942717	0.2866507422978319	0.009377492092671977	0.7172257581529404	0.7175419257512734	194	0	0.17344706733737875	0.0015002326687505703	0.2857704851759782	0.1199794673082467	5.551115123125783e-17			0	1	1	1	0	0.8362068965517241	0	1	draw3064	True
-0.6754665868324752	-0.6773819672316737	0.01460962047668056	0.0004243329519370134	0.10580202318803175	0.10582566312735146	224	0	0.046236055212498024	0.006718471783297651	0.013521216497811222	0.03031103213148674	1.734723475976807e-18			0	1	1	1	0	0.8296296296296296	0	1	draw3068	True
-0.8673234652542977	-1.1476940989546471	0.033167501564951664	0.0248987781561778	0.6877411597947399	0.6879306090579669	179	0	0.663999936504412	0.15101745906830644	0.0014877058174072246	0.6877411597947399	3.781155076543197e-18			0	1	1	1	0	0.8774509803921569	0	1	draw3069	True
-0.5485406601299997	-0.867495837636263	0.047838429619181604	0.0892326518164311	0.46051492792993654	0.4605191819684479	157	0	0.6697300799405367	0.11150226782872663	0.0001319326606604709	0.46051492792993654	1.8431436932253575e-18			0	1	1	1	0	0.8722222222222222	0	1	draw3071	True
-0.35454611385176016	-0.35454611385176016	0.008227502916368992	0.00010888922730868305	0.04965469867546126	0.04967528191559316	238	0	0.000330519053666242	9.99107072838969e-07	0.008227502916368992	0.00010888922730868305	1.2576745200831851e-17			0	1	1	1	0	0.8913857677902621	0	1	draw3074	True
-0.2289968067257051	-0.5321199234713875	0.03221731606022861	0.008731903420336385	0.1959472587059929	0.19594736189269685	192	0	0.5350388288863496	0.2528058429967882	0.0026221630880751143	0.12095386698256456	4.7704895589362195e-17			0	1	1	1	0	0.9142857142857143	0	1	draw3077	True
-0.7900469098398588	-3.9388091117046202	2.7954979523320937	0.1100446248548327	0.8139015336567387	0.8139054098782634	160	0	1.2389517655978486	0.03308220318553518	0.00270919318157555	0.8139015336567387	2.6820451241860166e-17			0	1	1	1	0	0.8695652173913043	0	1	draw3079	True
-0.038952221560960926	-0.0389596405609519	0.00035609218792708965	2.7892577361273472e-05	0.0023104839116705363	0.0023105686109915454	212	0	0.0021075728473599633	4.585098256535488e-06	0.0003547828414653744	5.107674910414167e-05	1.212951180468158e-18			0	1	1	1	0	0.8582995951417004	0	1	draw3081	True
-0.6992936329881614	-4.201666395138385	0.3839013308679368	0.002831165798788058	0.06354175707742912	0.06355393810193756	182	0	1.4063945506074693	0.07596561231713056	0.0019263674356852134	0.06354175707742912	8.627538787553402e-17			0	1	1	1	0	0.883495145631068	0	1	draw3085	True
-0.580655468173627	-0.7308661682550147	0.034803829994447075	0.08259383744976025	0.25655323841885325	0.2565532399939768	141	0	0.3906012666527844	0.0024224783604082515	1.1229089203570765e-06	0.25655323841885325	1.6263032587282567e-19			0	1	1	1	0	0.8392857142857143	0	1	draw3087	True
-1.2372529080133488	-1.2372529080133488	0.20169612186377583	0.0004945562519954735	1.0719598517554343	1.071960311930355	222	0	0.002562374146904361	9.999762812426144e-07	0.20169612186377583	0.0004945562519954735	6.661338147750939e-16			1	1	1	1	0	1.0	0	1	draw3089	True
-0.4165262526795255	-0.42702639500034095	0.004438546402463921	0.0010899021986069365	0.012906305063695103	0.012907328581679948	178	0	0.0294201428343388	0.009113692304710652	0.000748455821234118	0.012219418577223648	4.743384504624082e-20			0	1	1	1	0	0.8557692307692307	0	1	draw3090	True
-0.3781517866120273	-0.7702503848519228	0.02077545611704414	0.09135505938742183	0.4892957733464178	0.4893264117977634	157	0	0.821261040082132	0.06718599509145205	0.00024221770326066542	0.4892957733464178	9.75781955236954e-19			0	1	1	1	0	0.8722222222222222	0	1	draw3091	True
-0.8522557081821023	-0.8522557081821023	0.03226027513046621	8.121163482664471e-05	0.03977477693805663	0.03978045393707213	252	0	0.0001000000000000162	1.0705284052787236e-06	0.03226027513046621	8.121163482664471e-05	1.3010426069826053e-18			1	0	1	1	0	0.8904593639575972	0	1	draw3093	True
-1.9164057227950788	-2.708905227190723	0.09360524276375427	0.006230344862846952	1.7317922470363725	1.7320686087440325	213	0	0.7295259255418075	0.12613620124678238	0.0029288510228225734	1.7317922470363725	3.469446951953614e-18			0	1	1	1	0	0.902542372881356	0	1	draw3095	True
-1.3190207950475112	-1.733223571308648	0.445341916891045	0.03707216351902928	0.17174888558180768	0.1717508738377786	174	0	0.7263011728394889	0.0073824504540255746	0.04857742280285588	0.14331496975329136	6.444497713253838e-16			0	1	1	1	0	0.90625	0	1	draw3096	True
-4.384103431207125	-4.384103431207125	0.0002635882102689342	0.013351192186143175	0.02133671986373301	0.013348988205246382	77	0	0.017635020383029196	3.6045360966827706	0.0002635882102689342	0.013351192186143175	3.9898639947466563e-17			0	0	0	0	0	0.652542372881356	0	1	draw3100	True
-5.138440279670045	-5.6775229673885805	1.7872665997448405	0.0041028430449335665	2.168944667251147	2.1693172353566736	227	0	0.42077401503241707	0.2536970158369611	0.06165010482350607	2.168944667251147	2.7755575615628914e-17			0	1	1	1	0	0.8798449612403101	0	1	draw3103	True
-6.24200278079085	-6.88223303136746	1.7130719864891542	0.10352820161653543	0.5536519271276894	0.5536523448415009	154	0	0.0855045277137985	0.00283630197189725	0.00517011519005778	0.5535254233349908	3.7947076036992655e-19			0	1	1	1	0	0.850828729281768	0	1	draw3106	True
-3.491191305757416	-4.8082052596437785	0.446934848500379	0.010773971951463006	2.6576732793985274	2.657673290082912	214	0	0.639256351535205	0.2092877894219532	6.557711583372186e-05	2.6576732793985274	2.42861286636753e-17			0	1	1	1	0	0.9106382978723404	0	1	draw3107	True
-0.8688312938207533	-1.0039319984414028	0.10088242658742971	0.001836639186100469	0.3710532900676835	0.37108431485811877	214	0	0.4736719084428048	0.2471622717205025	0.001808709292304177	0.3710532900676835	2.677979366039196e-17			0	1	1	1	0	0.895397489539749	0	1	draw3108	True
-0.19752231595299097	-0.3704047174155583	0.028356636886038216	0.03948013721387189	0.1837120498932607	0.18371547125581553	156	0	0.8689050644123762	0.1166805953624707	0.00017667741905234833	0.1837120498932607	9.540979117872439e-18			0	1	1	1	0	0.8666666666666667	0	1	draw3111	True
-0.31843220703519826	-0.4850158406320344	0.03297576711809744	0.0013929865392573377	0.15767954928238917	0.15768713065321352	202	0	0.44635818806318944	0.03762091840642119	9.888327338370917e-05	0.15767954928238917	1.0842021724855044e-18			0	1	1	1	0	0.8938053097345132	0	1	draw3113	True
-0.1479403052702301	-3.4673219519159306	1.434536610911833	0.008377979427342966	2.3436250891984103	2.34427317501976	214	0	5.198930156754096	2.3051782169458477	0.07962266525192804	2.1879575959829274	6.661338147750939e-16			0	1	1	1	0	0.852589641434263	0	1	draw3116	True
-0.48493159212555126	-0.48819631361679905	0.005053501340545092	0.0005109305277844598	0.03639559727279449	0.036412390733693074	211	0	0.031134602274876275	0.007903737467699094	0.003932172896717951	0.014806105438016677	1.0842021724855044e-18			0	1	1	1	0	0.8865546218487395	0	1	draw3120	True
-0.30956985345276433	-1.8530072463315528	0.3756461758359867	0.06799640137979905	0.16774565718399537	0.16774628204463335	142	0	0.8215422708634706	0.01131887498085596	0.000641002835413442	0.16774565718399537	1.054386612742153e-17			0	1	1	1	0	0.8502994011976048	0	1	draw3121	True
-0.5980509830939906	-0.661419358922609	0.10585341751201535	0.02049563312605164	0.30726812547046106	0.3072704496933896	168	0	0.8996275577583324	0.04317176705658812	0.054556497672195094	0.2821926580584447	1.3465790982269965e-16			0	1	1	1	0	0.8983957219251337	0	1	draw3125	True
-14.379801820990032	-14.379801820990032	0.1507414403323437	0.2008497995458144	0.8307614431558682	0.2007913270340757	62	0	0.1566123180348512	0.8307837374720911	0.1507414403323437	0.2008497995458144	2.609024107869118e-15			0	0	0	0	0	0.2594142259414226	0	1	draw3128	True
-0.4298428040033293	-1.1908523085744966	0.35223407553074526	0.014889653968485036	0.6956394760259518	0.6957499565846349	185	0	1.4485544328773003	0.357237432860961	0.002289208929380725	0.6954519308319083	4.7474502627709025e-17			0	1	1	1	0	0.8980582524271845	0	1	draw3130	True
-0.3311258826712069	-0.4919875572748753	0.030707087393041364	0.02380085485831727	0.19528117646266388	0.19528122893431785	163	0	0.529837360960857	0.05539222317935956	1.2115645764629228e-05	0.19528117646266388	9.75781955236954e-19			0	1	1	1	0	0.8716577540106952	0	1	draw3131	True
-0.5744199614213512	-0.6376170113741837	0.07954103112458309	0.009287365800124084	0.20924620556576984	0.20944083970406138	180	0	0.45709957685574193	0.058418866315354846	0.04249946630255572	0.18428940302843677	1.2224379494774062e-17			0	1	1	1	0	0.8866995073891626	0	1	draw3132	True
-0.6308718441538261	-0.6308718441538261	0.001091520810514422	0.1431393888766984	0.20139031863851958	0.14305831561754934	40	0	0.3619541763614638	1.227481857218575	0.001091520810514422	0.1431393888766984	1.249000902703301e-16			0	0	0	0	0	0.1646090534979424	0	1	draw3133	True
-0.5794434050466672	-1.1400903451969961	0.21068073245570168	0.0031444817978711135	0.2516044228893198	0.2516247435033291	206	0	0.37736926446756525	0.272540091246694	0.01693181034845587	0.24349595014129097	2.42861286636753e-17			0	1	1	1	0	0.911504424778761	0	1	draw3134	True
-0.7222908793363798	-0.7651093033566247	0.02461114925232548	0.012486226602047765	0.038595094329340794	0.038595327989921054	146	0	0.052567794071920165	0.0008722204347476177	0.0003621816587497542	0.03834395876128173	8.131516293641283e-20			0	1	1	1	0	0.8390804597701149	0	1	draw3136	True
-0.7634032929849854	-0.8120561578534087	0.08272538118938706	0.000651491078518567	0.11783824514674335	0.11794227648124232	218	0	0.17525989305388304	0.11875926132042687	0.011597463693328132	0.1148109663159266	3.577867169202165e-18			0	1	1	1	0	0.8861788617886179	0	1	draw3138	True
-2.0325126719004327	-4.281199477445759	2.8830682864261994	0.017895898142339946	0.7977270292897662	0.7977575006515312	192	0	2.738595671211146	0.06958881547456695	0.0032941329923778396	0.7977270292897662	8.646512325571898e-17			0	1	1	1	0	0.8727272727272727	0	1	draw3141	True
-3.0144981838404514	-3.2021534000471332	0.48038695596316894	0.04526107102195407	0.3672119183186974	0.36724965091380285	159	0	3.424449580467813	0.06843146618585577	0.005184095698042861	0.3672119183186974	3.692724836849848e-17			0	1	1	1	0	0.8548387096774194	0	1	draw3142	True
-0.3269008355008589	-0.9303451552775696	0.1508933875819774	0.07496522915346641	0.49606312900572813	0.49607290752107297	170	0	1.767036040644607	0.5008029843609375	0.0005738302294999078	0.49606312900572813	6.938893903907228e-17			0	1	1	1	0	0.8808290155440415	0	1	draw3143	True
-1.262216803128679	-5.206850009734552	0.11643146172447774	0.5400449082752069	4.338977781407117	4.33903217581224	161	0	1.0997427738862817	0.02880281369538667	0.0004592346352439596	4.338977781407117	5.963111948670274e-19			0	1	1	1	0	0.8702702702702703	0	1	draw3144	True
-1.214107091556942	-1.214107091556942	0.2798497016701891	0.0008289223219863019	0.08729183261477631	0.0872919975001398	207	0	0.002675661122440561	9.9938735952171e-07	0.2798497016701891	0.0008289223219863019	6.61227799944597e-17			0	1	1	1	0	0.8214285714285714	0	1	draw3148	True
-0.8510989455933291	-1.1103655939042405	0.23093786186882576	0.012680572923713466	0.8345902907091535	0.8347549122161125	183	0	1.023257552242863	0.17137970320869608	0.22282755365203197	0.3713102048831594	3.3306690738754696e-16			0	1	1	1	0	0.8755980861244019	0	1	draw3150	True
-0.6446525723355372	-2.997203398099036	0.4775597866486819	0.004927587547990062	1.2872032565825715	1.2873353529679716	220	0	0.9789696755792443	0.2585392090481518	0.0034542107206204944	1.2872032565825715	3.480288973678469e-17			0	1	1	1	0	0.8943089430894309	0	1	draw3151	True
-0.17538855260191447	-0.18200385727873225	0.0022076776095248376	0.030474352109963555	0.05748948265336418	0.05748994572366091	131	0	0.3394942217107618	0.001551786636397709	8.763540409690818e-06	0.057483040844240246	2.0328790734103208e-20			0	1	1	1	0	0.81875	0	1	draw3154	True
-0.4025641657625675	-0.4025641657625675	0.037086082523766245	0.00041430137842813215	0.15220934575974004	0.1523813158092396	215	0	0.0028994844064344815	9.981833995827877e-07	0.037086082523766245	0.00041430137842813215	1.457167719820518e-16			0	1	1	1	0	0.8921161825726142	0	1	draw3157	True
-1.9696633612592185	-4.302211586935243	2.26374502470636	0.6483071389952647	2.849066928731017	2.8491266443317973	149	0	0.8672742350639318	0.006800898413660966	0.008797715964005257	2.849066928731017	5.204170427930421e-18			0	1	1	1	0	0.8563218390804598	0	1	draw3162	True
-0.5300413326132453	-1.1949454195718372	0.3298386566344326	0.005989686061001422	0.4380864037404016	0.43826906003634186	193	0	1.5097699315910076	0.08505523489129044	0.005820835660534919	0.4380864037404016	2.9788454689039234e-17			0	1	1	1	0	0.8853211009174312	0	1	draw3169	True
-0.7382385501642038	-2.5820530626136504	1.156562732150914	0.04743766051780985	1.7124034508481958	1.712563904255436	186	0	2.511211611594072	2.139052546385345	0.10070709282020475	1.6494028492462118	6.661338147750939e-16			0	1	1	1	0	0.8303571428571429	0	1	draw3172	True
-0.4430927456770159	-0.9798092223027941	0.09687652029702137	0.013771896302114776	0.2528205504049672	0.25285382052311295	179	0	0.40482936272121134	0.07432140584315301	0.0010375907825663623	0.2528205504049672	3.808260130855334e-18			0	1	1	1	0	0.8861386138613861	0	1	draw3175	True
-0.9261503431814015	-0.9467119240006798	0.010063551318756758	0.04235135574780058	0.10052488996338901	0.10052564591485616	135	0	0.10755061690872536	0.0009645468181417569	2.2815644200754648e-05	0.10051561255901308	6.776263578034403e-21			0	1	1	1	0	0.8132530120481928	0	1	draw3179	True
-0.09254599548164943	-0.42360531462998485	0.031702430630685216	0.011267550760804356	0.1369048812197012	0.13693274381900555	173	0	0.7407035880185062	0.0942064560902037	8.23245785490395e-05	0.1369048812197012	2.6020852139652106e-18			0	1	1	1	0	0.8781725888324873	0	1	draw3181	True
-0.11468739158678438	-0.12558109558111846	0.0014316554660478713	0.0003155912588951942	0.01684405667153543	0.016847691998602244	197	0	0.1388565382509354	0.025406223118061178	0.0002104921290580597	0.0157681993954954	1.6263032587282567e-19			0	1	1	1	0	0.8678414096916299	0	1	draw3183	True
-0.4761550571240334	-1.511327670023435	0.5642921538174487	0.004932308459555433	0.16839940075564996	0.1684067271713945	193	0	0.4203015162024273	0.037872937710978445	0.0010426029483923947	0.16839940075564996	3.3881317890172014e-18			0	1	1	1	0	0.8733031674208145	0	1	draw3184	True
-0.19997380467817988	-2.984867471365068	1.633124878793709	0.09645152213899416	1.4304758269534195	1.4305526462259197	178	0	1.850877800238429	0.044964350249114216	0.0012842763991744212	1.4304758269534195	1.0286368111456223e-17			0	1	1	1	0	0.8811881188118812	0	1	draw3185	True
-0.8598646610863804	-1.2100738824821164	0.3367120482568986	0.0021307061959269804	0.1090176055712282	0.109094765972828	194	0	0.23918848979235163	0.06066153976412281	0.08513932216432392	0.09774996105126553	5.551115123125783e-17			0	1	1	1	0	0.7918367346938775	0	1	draw3187	True
-0.4160807221977512	-0.5720768217983803	0.07011714525020724	0.011715724523137275	0.23985038279957813	0.239968053601432	174	0	0.665545461906717	0.0895622898222354	0.003376691683089149	0.23985038279957813	1.762506156646748e-17			0	1	1	1	0	0.848780487804878	0	1	draw3190	True
-1.5755644610339385	-1.5755644610339385	0.18724682530722417	0.0002279748625408854	0.2550006915638575	0.2550084181727107	250	0	0.0001577428699251498	9.996469595482145e-07	0.18724682530722417	0.0002279748625408854	2.0816681711721685e-17			0	1	1	1	0	0.8833922261484098	0	1	draw3191	True
-0.5449490721514252	-0.9989834113997451	0.025073565396473454	0.023870577470835087	0.5353145475708316	0.5353848379842203	176	0	0.6199957252243458	0.08566869083115768	0.0001988281037672924	0.5353145475708316	4.336808689942018e-19			0	1	1	1	0	0.8844221105527639	0	1	draw3195	True
-0.47094350812052355	-0.5968943695003466	0.035696824796441255	0.002546958838260326	0.15047693789317285	0.15048467117339687	196	0	0.3116815382090599	0.1234701444032969	0.00018112950888466545	0.15047693789317285	1.0842021724855044e-18			0	1	1	1	0	0.8828828828828829	0	1	draw3196	True
-0.8424070628673411	-0.8834161759297284	0.009919082754150375	0.07875748106054127	0.17499687930382704	0.17499727259919381	138	0	0.20120036888492868	0.0021860159379488617	6.126677471709643e-05	0.17474757945315642	2.0328790734103208e-20			0	1	1	1	0	0.8363636363636363	0	1	draw3197	True
-0.5891936144458031	-0.6059092980567455	0.006437123207147221	0.0015857880726534638	0.012594026229502857	0.012594401495636452	170	0	0.02079652056324892	0.0019037954230123851	0.0003271743330462971	0.01230745011701373	1.1117307432712692e-20			0	1	1	1	0	0.8585858585858586	0	1	draw3202	True
-0.8258335753039071	-1.1155725217845847	0.19972782571245756	0.02249887128507736	0.24206977014229766	0.24207211955370778	163	0	0.2804910244433133	0.005260112506942603	0.0020463782970134626	0.24161016985851727	1.0909784360635388e-18			0	1	1	1	0	0.8670212765957447	0	1	draw3203	True
-1.0588551392317664	-2.954743411805	0.6589784157763441	0.013899523720781033	0.48425159161715975	0.48425242177016403	180	0	2.6480335050372883	0.22156929818616786	0.00024544077870483405	0.48425159161715975	7.621941272573096e-17			0	1	1	1	0	0.8823529411764706	0	1	draw3204	True
-0.4611337703589525	-0.783199226295472	0.12523403450227621	0.0001745199476113455	0.014563883179082087	0.014564798470502653	215	0	0.05752354186897796	0.011116531788040384	0.025833440959667213	0.01194006582434159	4.079988300334514e-17			0	1	1	1	0	0.9071729957805907	0	1	draw3206	True
-1.2337524814248069	-1.8979787101177843	0.22118196576404295	0.173020928752294	1.2816955392807572	1.2818652737970826	160	0	0.8165119657109386	0.07119472929354544	0.006459063433911884	1.2816955392807572	1.0408340855860843e-17			0	1	1	1	0	0.8695652173913043	0	1	draw3207	True
-3.6399951409229274	-7.903570873664794	0.11130910603903726	0.7974294306853158	3.527013938127777	3.527494414855369	154	0	0.5668720930234019	0.036176069507960276	0.003180639937727004	3.527013938127777	7.047314121155779e-19			0	1	1	1	0	0.875	0	1	draw3209	True
-0.32997396814843155	-0.5329490634179562	0.05037883226792247	0.0016551326055540714	0.22499042174191403	0.2250240430775125	205	0	0.6439492204573338	0.15751942074030678	0.003437978127255631	0.21959878997254922	5.231275482242559e-18			0	1	1	1	0	0.9070796460176991	0	1	draw3210	True
-0.39228166934605135	-0.39228166934605135	0.019068736930282586	3.340335067517369e-05	0.027331132610045824	0.02735019068681338	244	0	0.00010000000000216952	2.9725994910188923e-06	0.019068736930282586	3.340335067517369e-05	3.469446951953614e-18			1	0	1	1	0	0.9207547169811321	0	1	draw3211	True
-0.29721101553554524	-1.0344176034413366	0.07911160851079897	0.040879489238285764	0.7443661732188133	0.7443924798975361	177	0	1.1121913193055273	0.40327563625903173	0.001988283988435234	0.7416209806088577	1.5612511283791264e-17			0	1	1	1	0	0.8984771573604061	0	1	draw3217	True
-1.289830681968833	-1.289830681968833	0.19049719618876376	0.0005378788469957642	0.18663929238322022	0.1867491268466698	233	0	0.00048065010830732134	9.989182154557596e-07	0.19049719618876376	0.0005378788469957642	3.8163916471489756e-17			0	1	1	1	0	0.9137254901960784	0	1	draw3220	True
-0.5698131510426446	-2.9358175196786043	0.3745393534406066	0.08492436131946224	2.4333840640214617	2.4333888960800376	180	0	1.2416854359100349	0.05654971521292569	0.0006044732262316547	2.4333840640214617	8.239936510889834e-18			0	1	1	1	0	0.8780487804878049	0	1	draw3226	True
-0.6311194706308395	-5.555895241762895	4.322520896419345	0.05008985335392827	0.651184541640324	0.6512061487536482	169	0	0.9260931538827739	0.04006939686665008	0.013536526602062535	0.6510804393886996	3.859759734048396e-17			0	1	1	1	0	0.8756476683937824	0	1	draw3228	True
-0.4114993730300033	-0.7776583302947946	0.009350094044885768	0.004698852796082614	0.32245983700700565	0.3225226693982211	197	0	0.5637616707698736	0.13136820152588213	0.0002193566079663049	0.32245983700700565	1.1655173354219173e-18			0	1	1	1	0	0.8873873873873874	0	1	draw3229	True
-1.5042037926687761	-3.5496069598193674	0.04310231834066908	0.4078053678148888	1.2495030300318821	1.249503031220291	150	0	0.46386521811162645	0.01836610989916607	3.6669748692385175e-07	1.2495030300318821	1.393369198233324e-19			0	1	1	1	0	0.8670520231213873	0	1	draw3230	True
-5.21140504901016	-10.19162304834188	25.52470376765844	0.18704284990429135	4.330032161300068	4.330067774197164	181	0	1.152687843403849	0.5426337208892763	0.020350750328197713	4.330032161300068	8.396061623727746e-16			0	1	1	1	0	0.905	0	1	draw3234	True
-0.649688131025626	-1.8344676248684382	0.5599039567383078	0.02217752030148849	0.4493491508639512	0.4493687225974703	181	0	2.758435689837548	0.29011040959265344	0.0006042760064758574	0.4493491508639512	5.421010862427522e-17			0	1	1	1	0	0.8916256157635468	0	1	draw3235	True
-0.5160603741098619	-0.5304436810354698	0.007601781290792532	0.0009040297598189312	0.0021986227066567296	0.002198626061527785	145	0	0.004163772715204559	0.00013405806469771924	0.0003741699482444138	0.002146504546185934	7.411538288475128e-21			0	1	1	1	0	0.8285714285714286	0	1	draw3240	True
-2.6518378258641757	-5.8128960058329575	5.116137415655418	1.5543526642724894	4.444781008598537	4.444785643487498	148	0	1.0157389612426557	0.1856695872200693	0.09613832180749655	4.420754991350393	1.1015494072452725e-16			0	1	1	1	0	0.891566265060241	0	1	draw3242	True
-1.049505192440371	-4.227962178194055	3.8112724865649623	0.8590599437059248	2.6842862579217157	2.6842894662909633	149	0	1.371461953197055	0.019353083139217773	0.002219754854039749	2.6842862579217157	2.2768245622195593e-17			0	1	1	1	0	0.8514285714285714	0	1	draw3244	True
-0.2621148263362837	-0.34094220773073025	0.011499061508494154	0.0016780235091785143	0.13858056580630185	0.13868364388323387	200	0	0.5616000383566468	0.3367317269303766	0.0005619323575569625	0.13858056580630185	5.204170427930421e-18			0	1	1	1	0	0.9009009009009009	0	1	draw3245	True
-0.22806278117059436	-0.2285114649894825	0.0066526293614892745	0.00014336654994727055	0.043426343884665125	0.043454669925645804	226	0	0.012451275506424704	0.0004836035092193517	0.006520491258991531	0.002419307970324994	6.938893903907228e-18			0	1	1	1	0	0.8158844765342961	0	1	draw3247	True
-0.7135515042837483	-0.942817462760296	0.13495553532867155	0.009945470466511898	0.13762363939555924	0.13762369776139294	175	0	0.1799638647852178	0.014876572954182857	0.008220474101789003	0.1337271501034393	5.204170427930421e-18			0	1	1	1	0	0.8620689655172413	0	1	draw3248	True
-1.0333706768195463	-2.6434032955626767	1.7371196142952163	0.027754616963611808	1.6808138131249957	1.6808620074391631	195	0	3.269534553374456	0.13133890288217595	0.0019770577192875917	1.6808138131249957	2.7755575615628914e-17			0	1	1	1	0	0.8783783783783784	0	1	draw3249	True
-0.2515253360496296	-0.3765729927437023	0.027509570974928746	0.0014616599186103114	0.041890087803116816	0.04190570461066978	186	0	0.16368557720114854	0.045689439304297835	0.000759759024176853	0.041890087803116816	3.0357660829594124e-18			0	1	1	1	0	0.8303571428571429	0	1	draw3251	True
-0.7693396388671394	-0.9899661805509921	0.01831964038373628	0.026917965545085135	0.5956910696019958	0.595892544679728	177	0	0.657033265914751	0.379544294059011	0.0006039538714130477	0.5956910696019958	4.336808689942018e-18			0	1	1	1	0	0.8894472361809045	0	1	draw3254	True
-4.2545424851258575	-8.559587013203096	5.291219204867469	0.34131748178214627	3.169955182384268	3.1699764504820016	163	0	0.46653415897492706	0.020014829888861656	0.014403359859993668	3.169955182384268	2.2551405187698492e-17			0	1	1	1	0	0.8624338624338624	0	1	draw3255	True
-0.13106257993383164	-0.27641181962714106	0.00735652239372206	0.027282563810969815	0.22676148932412152	0.2267620682310177	168	0	1.2280617509480223	0.2975900775971033	0.0010103300519079819	0.2173205475569277	1.3037531124138191e-17			0	1	1	1	0	0.9032258064516129	0	1	draw3257	True
-1.5824857121187805	-1.5938932168013593	0.2678406782439802	0.01953581385813911	0.4450160620200609	0.44502127256940255	177	0	0.30400302837688065	0.03411813215479623	0.0005792809429146239	0.4450160620200609	1.3010426069826053e-18			0	1	1	1	0	0.8805970149253731	0	1	draw3258	True
-0.21172997655768627	-0.9156965220220121	0.17829385451503385	0.026233232687859362	0.6186523959668474	0.6188359002842387	186	0	3.118202906287271	0.40431865358781394	0.0004951155884613741	0.6186523959668474	2.7755575615628914e-17			0	1	1	1	0	0.8857142857142857	0	1	draw3259	True
-0.6161187171107689	-0.6457795407705325	0.09667814175480413	0.0003180743422415199	0.31491463938806197	0.3153969701624525	227	0	0.8847505550085104	0.14850028321419623	0.07485140940823459	0.1979879102328912	1.1102230246251565e-16			0	1	1	1	0	0.8832684824902723	0	1	draw3260	True
-0.7471577747766338	-1.0652488761102528	0.2818596038606595	0.044551771947921606	0.7085024944784971	0.7089379893823207	176	0	0.9487113733524515	0.07818310831903076	0.1471359604842936	0.4074995769660176	3.885780586188048e-16			0	1	1	1	0	0.8186046511627907	0	1	draw3263	True
-0.11287413822765092	-0.26634983253120786	0.017422229010719124	0.004470490535962647	0.017096307024540458	0.017096503752698836	146	0	0.1522037692096962	0.0024918018018941428	4.7332415408539226e-05	0.017094911280479158	8.470329472543003e-20			0	1	1	1	0	0.8390804597701149	0	1	draw3264	True
-2.6465441584507134	-3.008080030237004	2.0937004765975806	0.04537313532949364	0.765995061189687	0.7663251894016594	175	0	0.8320705630718596	0.05878090257603521	0.7241703126354503	0.7185830240691107	1.476683358925257e-16			0	1	1	1	0	0.8883248730964467	0	1	draw3265	True
-1.1576769762373473	-4.3860723648952735	3.341860643320461	0.04397281668367629	0.8016425545219203	0.8017046074599753	171	0	0.9783529375657319	0.022264883502589927	0.02529482608294836	0.8016425545219203	4.889751797909625e-17			0	1	1	1	0	0.8814432989690721	0	1	draw3267	True
-2.350738980246935	-2.350738980246935	1.1437220654516979e-05	0.017313805929456562	0.018938052390335244	0.01731377713226691	93	0	0.020287420071623413	3.3182197831344653	1.1437220654516979e-05	0.017313805929456562	4.163336342344337e-17			0	0	0	0	0	0.7099236641221374	0	1	draw3270	True
-3.223791785321463	-3.223791785321463	0.3825802288672071	0.005445855446538566	0.17924926314224204	0.1792494663470798	176	0	0.04435198094628547	9.986151185649945e-07	0.3825802288672071	0.005445855446538566	1.4647571350279165e-16			0	1	1	1	0	0.88	0	1	draw3276	True
-0.4870788913492104	-1.1571252609920015	0.07330399546271214	0.005659971947432278	0.7722127961092545	0.7723405071805666	204	0	0.984344730147562	0.1292787418304928	0.0014159977238127701	0.7722127961092545	3.469446951953614e-18			0	1	1	1	0	0.8908296943231441	0	1	draw3277	True
-0.8661084319050235	-1.0221529973936514	0.1144119026858963	0.033582350041432	0.1620473073415418	0.16204764947196262	151	0	0.18261376505954988	0.002107281229315121	0.0013098807977062093	0.16124385709062108	2.642742795433417e-19			0	1	1	1	0	0.8579545454545454	0	1	draw3279	True
-0.7054892741600449	-1.08747265073206	0.1104970185396671	0.1530873351241082	0.7428908191881949	0.7428908857148732	152	0	0.8191608230153558	0.031714817858177875	7.41218902988909e-06	0.7428908191881949	1.1384122811097797e-18			0	1	1	1	0	0.8685714285714285	0	1	draw3282	True
-1.4182942904264948	-2.0562099038758532	0.09443624433325781	0.013106472517597306	0.98548511686367	0.9855916148982441	196	0	0.5539744840937791	0.14775309605798553	0.0007257402092701247	0.98548511686367	2.6020852139652106e-18			0	1	1	1	0	0.8949771689497716	0	1	draw3285	True
-0.7434174019200576	-1.05103713756061	0.05569807822974495	0.08421942206892573	0.7512503312087858	0.7512866426160645	161	0	0.8059940034239687	0.037257422345852526	0.0006193794611788011	0.7512503312087858	1.3010426069826053e-18			0	1	1	1	0	0.8702702702702703	0	1	draw3286	True
-0.4344739959486297	-0.5247834212456174	0.04138455732309935	0.0010375803081160687	0.038180268087088	0.038183330386886094	193	0	0.08623033074167193	0.012456456069433903	0.003211863884955552	0.03660214206850691	1.3010426069826053e-18			0	1	1	1	0	0.8853211009174312	0	1	draw3289	True
-1.2363433891938247	-1.938343139100909	0.1118258282859925	0.15495503170412922	0.9344722302633068	0.9346895719971975	157	0	0.5587317424948046	0.04217424064804407	0.0038671767508058016	0.9344722302633068	2.168404344971009e-18			0	1	1	1	0	0.8626373626373627	0	1	draw3290	True
-0.36107495268642326	-1.1659500217795318	0.04281106991990177	0.023646434145322585	1.0555128406077061	1.0557161950645033	187	0	1.2912153680336733	0.39062354101701247	0.0001092641789647148	1.0555128406077061	2.6020852139652106e-18			0	1	1	1	0	0.8990384615384616	0	1	draw3291	True
-1.1572825019904727	-2.3148314370297474	0.04590361475040163	0.0024108051969935628	0.8198748097464728	0.8205861149555839	223	0	0.44143222136978794	0.35498898371461735	0.003042105410953677	0.8198748097464728	4.553649124439119e-18			0	1	1	1	0	0.8849206349206349	0	1	draw3296	True
-1.2358193915066957	-4.806294466834217	4.443400359682506	0.059509971306809316	1.6134010399763365	1.6134059152059972	193	0	1.0145111766618258	0.20109407732669665	0.2567655036398535	0.8847883470308473	1.1102230246251565e-15			0	1	1	1	0	0.8318965517241379	0	1	draw3297	True
-0.06356183294352408	-0.06356183294352408	0.0003537444178758301	8.476464295410757e-06	0.006350147726742794	0.006350151905996334	256	0	0.00014783035268385098	9.991673292400172e-07	0.0003537444178758301	8.476464295410757e-06	3.469446951953614e-18			0	1	1	1	0	0.8737201365187713	0	1	draw3298	True
-1.768635498300233	-1.7715207903194496	0.1382509845913639	0.0036897444531422932	0.030118566834825736	0.0301185540660139	100	0	0.010000000000000725	1.6041944456159758e-05	0.1376674501206353	0.016887380355763926	7.632783294297951e-17			1	1	1	1	0	0.4098360655737705	0	1	draw3300	True
-1.5767647294282328	-9.546452187841282	20.210366126965663	1.370948461296386	2.6004308197861437	2.6004852928800264	147	0	0.6532080621175763	0.07245723248934577	0.01648787285329325	2.6004308197861437	9.020562075079397e-17			0	1	1	1	0	0.8647058823529412	0	1	draw3301	True
-0.2691823322306838	-0.36971855595204395	0.006876715941068736	0.001493476404168098	0.13934511992313645	0.13938927513350646	202	0	0.48337723079323897	0.17856859530214073	0.00012382497373742416	0.13934511992313645	6.505213034913027e-19			0	1	1	1	0	0.8938053097345132	0	1	draw3303	True
-0.15254886662982847	-0.36370145646933166	0.011526477826723803	0.006184044070408394	0.12132835887124217	0.12133289590602712	180	0	0.5451423542305751	0.06633500356588969	2.7597289380040103e-05	0.12132835887124217	8.673617379884035e-19			0	1	1	1	0	0.8780487804878049	0	1	draw3305	True
-0.4232011520785625	-0.44117584302682494	0.009393713773280974	0.0032330865374771423	0.19581420784180525	0.20160564254085256	190	0	0.010000000000116744	9.042516159868162e-06	0.0019164007311510511	0.0041900538972784	1.6653345369377348e-16			0	1	1	1	0	1.0	0	1	draw3306	True
-0.5257306265794942	-0.9445639399615064	0.21733468807018627	0.000743527230002975	0.443698900928441	0.4437124874324991	221	0	1.2591409769335864	0.5015239476781805	0.001547233910612532	0.443698900928441	8.326672684688674e-17			0	1	1	1	0	0.8700787401574803	0	1	draw3308	True
-0.1783315080335559	-0.6692752119282528	0.11111962665886901	0.006747458191846004	0.3430717965317849	0.2456410561315045	204	0	0.8181296652455164	0.56536137952251	0.0019817379334744144	0.3430717965317849	8.326672684688674e-17			0	1	0	1	0	0.9532710280373832	0	1	draw3311	True
-0.0808406428743381	-0.13744386723301236	0.004663736177823766	0.0007944376730455676	0.006112730105994702	0.006113736811982967	164	0	0.0975197375708963	0.010508526206980019	0.0005087114237070675	0.0058934006018617445	4.2012834183813297e-19			0	1	1	1	0	0.8631578947368421	0	1	draw3313	True
-0.6043486098512717	-3.0358424837841618	0.8950506528844705	0.05263159970781901	1.9354212299393647	1.9356674744909106	185	0	0.9993370372116352	0.16025996058591707	0.003886122252041048	1.9354212299393647	1.9081958235744878e-17			0	1	1	1	0	0.893719806763285	0	1	draw3316	True
-1.6465039859644337	-1.750278131324168	0.7631272447455603	0.005739923004239605	0.7506776314595371	0.7506782321855532	207	0	0.55254555100181	0.042450512910606676	0.5030647459046746	0.3844656504439707	3.0314292742694704e-16			0	1	1	1	0	0.9039301310043668	0	1	draw3317	True
-2.062361971111418	-3.908470821080292	0.7250176315024661	0.013544853032201242	1.8370170581689897	1.8378095975926731	208	0	0.7047746553511107	0.8274545192456478	0.010561475440653296	1.8370170581689897	3.729655473350135e-17			0	1	1	1	0	0.9122807017543859	0	1	draw3318	True
-0.469049818080734	-0.469049818080734	0.008593804069768316	4.80705644300278e-05	0.01971350772740353	0.019731210860644794	250	0	0.00010688172999453838	9.99573260961854e-07	0.008593804069768316	4.80705644300278e-05	1.3010426069826053e-18			0	1	1	1	0	0.9090909090909091	0	1	draw3319	True
-0.5435391486803761	-1.567487617652015	0.5750612766805386	0.28323993214997895	1.0555876034619556	1.0555887848190433	152	0	1.4424784572282092	0.10495509901577857	0.0004936263889656759	1.0555876034619556	2.0816681711721685e-17			0	1	1	1	0	0.8587570621468926	0	1	draw3321	True
-0.6064824677345851	-0.9068579098829265	0.09745765765518706	0.09062401559758428	0.6422273594075395	0.6422767025755137	158	0	0.8924530288805612	0.05776080471903302	0.0026940301179937207	0.6422273594075395	6.979551485375435e-18			0	1	1	1	0	0.8777777777777778	0	1	draw3327	True
-1.1342740134652949	-1.261409207383226	0.03220329835853536	0.10384369598388017	0.6683534477388227	0.6683881078654386	154	0	0.5528308112462216	0.014896321470622139	9.845430156946598e-05	0.6683534477388227	1.6263032587282567e-19			0	1	1	1	0	0.8603351955307262	0	1	draw3328	True
-0.7191818567751358	-0.7191818567751358	0.07704423229294452	5.8521899662269024e-05	0.057540929161823615	0.05754166626252834	246	0	9.999999999999792e-05	2.9735062133165485e-06	0.07704423229294452	5.8521899662269024e-05	6.938893903907228e-18			1	0	1	1	0	0.8913043478260869	0	1	draw3332	True
-0.13063359872618352	-7.841806559165791	6.440523800949591	0.05973779090950254	4.570484559406024	4.570651382905758	220	0	11.945391432157065	6.192374344837728	0.06200257761242607	3.616725620769351	1.7763568394002505e-15			0	1	1	1	0	0.8661417322834646	0	1	draw3335	True
-1.4232537380846157	-1.5561421826709272	0.0720601799881408	0.04439373749770237	0.11454111153850184	0.11454223916601854	142	0	0.07651466832627578	0.0022019270747249188	0.0009323938059395705	0.11412555385926171	2.168404344971009e-19			0	1	1	1	0	0.8402366863905325	0	1	draw3336	True
-0.6081496724386999	-1.2227167050472154	0.2711374867613273	0.04418793108791122	0.6281467995196109	0.6282616170455748	172	0	0.9061046157196485	0.14453305006297668	0.005185826871869346	0.6281467995196109	2.42861286636753e-17			0	1	1	1	0	0.8686868686868687	0	1	draw3338	True
-9.74808720542101	-9.74808720542101	0.24851267490430662	0.08770824716195787	0.11050605600168706	0.11089838121241972	164	0	0.010050607312561211	1.343035907526448	0.24851267490430662	0.08770824716195787	6.938893903907228e-17			1	0	1	0	1	1.0	0	1	draw3341	True
-0.12476940228028653	-0.8916071563086586	0.09853934756513097	0.019958552649499296	0.04702271906608628	0.047022743711523804	139	0	0.37524875772149313	0.0033034324946019595	0.0005659950068646371	0.04699050296775218	1.4907779871675686e-18			0	1	1	1	0	0.8424242424242424	0	1	draw3354	True
-0.42815891867256106	-2.297586471019267	0.3781913883254378	0.008805316571104704	0.15405034560002184	0.1540604567176624	169	0	0.9125135562099813	0.02110095546965718	0.0031422377771378376	0.15405034560002184	3.207179081704081e-17			0	1	1	1	0	0.8756476683937824	0	1	draw3363	True
-2.6450881955028525	-2.6450881955028525	0.11530919183056541	0.11139530141247096	2.002288926232987	2.0036650717582694	169	0	0.0438983827394104	9.953371211972838e-07	0.11530919183056541	0.11139530141247096	6.938893903907228e-18			0	1	1	1	0	0.8756476683937824	0	1	draw3366	True
-0.35745013901745326	-1.9620450740095277	0.27300922397716865	0.007647935537771162	1.8944488518506497	1.8946246948674874	213	0	2.5876929050114263	0.14159921080483606	0.0012068598907443008	1.8944488518506497	5.204170427930421e-18			0	1	1	1	0	0.8949579831932774	0	1	draw3368	True
-0.6534395357243981	-6.040184709501724	2.6445479292804666	0.3391262738291498	1.0052931798066098	1.005293922096958	174	0	0.6278570286709644	0.03695639480711024	0.03412117353756895	0.9828479018596012	6.210106756089628e-17			0	1	1	1	0	0.8877551020408163	0	1	draw3375	True
-3.91965889684461	-6.633131285991559	7.464175244370643	0.997100928164029	2.906548673687803	2.9065505810244168	141	0	0.5970183414551221	0.004309490608204463	0.012641126977522505	2.906286291746174	5.204170427930421e-18			0	1	1	1	0	0.844311377245509	0	1	draw3376	True
-0.7862410435849202	-1.0544864974920007	0.06833677536104751	0.028791030648645306	0.786014297511326	0.7860316626279853	182	0	0.8434846158232052	0.4882947486888938	0.013516776467833854	0.769231862063532	4.85722573273506e-17			0	1	1	1	0	0.9054726368159204	0	1	draw3377	True
-0.2293979748453184	-1.0457956226325322	0.0903772946109877	0.0048405426078765405	0.14973474536802103	0.1497755047613004	178	0	1.8809184115750701	0.1565241813342673	0.0007646340675978596	0.14973474536802103	3.916680348103885e-17			0	1	1	1	0	0.8944723618090452	0	1	draw3378	True
-0.9629080065325675	-2.36444690454802	1.2419097429805788	0.031337875258102235	0.5823617932948382	0.5823842569654338	174	0	0.9761339737838798	0.059643095498420846	0.008743320143423178	0.5823617932948382	3.4640259410911867e-17			0	1	1	1	0	0.8787878787878788	0	1	draw3379	True
-0.32688018680984465	-2.854314414801916	0.6947408897857342	0.31239375278611586	2.0831583255270427	2.083381991190864	164	0	1.5358829828927116	0.08730686721024296	0.0031291819252366954	2.0831583255270427	1.2085677849661171e-17			0	1	1	1	0	0.8677248677248677	0	1	draw3380	True
-0.1174339143272888	-5.62820187174952	0.5515979193762175	1.1909355824746817	2.1741712426953197	2.1741715607838508	158	0	1.4963249415823772	0.1047868196312789	8.1803400591e-06	2.1741712426953197	7.047314121155779e-19			0	1	1	1	0	0.8633879781420765	0	1	draw3383	True
-0.29571346826813716	-0.7483157494312291	0.08822341315288408	0.01881385872515199	0.07549429236467303	0.061979223282774325	168	0	0.4376359740670694	0.0009679578146270109	0.011222414560867663	0.07549429236467303	3.2526065174565133e-19			0	1	0	1	0	1.0	0	1	draw3386	True
-0.8417880545800951	-1.6122565276947778	0.5206601775025934	0.007352714133039133	0.847402931455977	0.8481906196004878	197	0	2.9334070284239155	0.3578344390686848	0.015690213016970274	0.847402931455977	1.1102230246251565e-16			0	1	1	1	0	0.9036697247706422	0	1	draw3388	True
-0.3623659473725309	-1.2331057566149726	0.3690247386075623	0.027037532486017604	0.07933493229548905	0.07933493229781344	148	0	0.17747380522500028	0.005191995241838469	0.01105060143297848	0.07877847432379645	6.0308745844506184e-18			0	1	1	1	0	0.8654970760233918	0	1	draw3390	True
-0.5080703921227084	-0.5080703921227084	0.00037102111096251513	0.42405331294656934	0.48964250681956806	0.42397350691322866	38	0	0.8955696223055526	5.293530521231315	0.00037102111096251513	0.42405331294656934	3.3306690738754696e-16			0	0	0	0	0	0.16964285714285715	0	1	draw3391	True
-2.0705495360891057	-3.0794186936590777	0.09234019482643722	0.04666862849281673	1.5074714031007694	1.5075697138208282	181	0	0.5718676459802239	0.022855072083839488	0.0004746842274246083	1.5074714031007694	3.2526065174565133e-19			0	1	1	1	0	0.8829268292682927	0	1	draw3394	True
-0.8342577931527275	-5.815097302626885	2.3127684215870383	0.7296256682228355	4.26080763854678	4.2608080793871	157	0	1.1283868878232566	0.02934711745317025	0.0004890016593183079	4.26080763854678	1.0408340855860843e-17			0	1	1	1	0	0.8626373626373627	0	1	draw3395	True
-0.14375645286375222	-0.14585593530757995	0.002503316452535064	0.00010098100545138481	0.03400600995365676	0.0340147424398564	223	0	0.25280127501982236	0.06637977688106811	0.0013949606394399567	0.03164715948438896	1.951563910473908e-18			0	1	1	1	0	0.8745098039215686	0	1	draw3397	True
-1.123950975579946	-3.663785999731598	2.9908642117554125	0.16537721796100882	1.1751356717634265	1.175146331791022	161	0	0.64231701338986	0.03682322165297382	0.002758742100867843	1.1751356717634265	1.3877787807814457e-17			0	1	1	1	0	0.875	0	1	draw3399	True
-0.058544663046232626	-1.611833456002582	0.6430130819633596	0.37299410147415335	1.2119831902699083	1.212288880488122	155	0	2.214469683517913	0.36901594668472304	0.013249475768603481	1.2119831902699083	1.6653345369377348e-16			0	1	1	1	0	0.8157894736842105	0	1	draw3400	True
-0.017747108785140228	-0.9802931558152261	0.20304228432588936	0.02775788682013782	0.5676762831087285	0.567716591759215	186	0	2.811796737999135	0.26702801589721553	0.0006036070526544732	0.5676762831087285	2.7755575615628914e-17			0	1	1	1	0	0.7848101265822784	0	1	draw3405	True
-2.201819619496679	-2.299015005866	0.03669496473815067	0.10226910270513907	0.6495803400512706	0.649591393227006	153	0	0.2883454782723335	0.005913169834133947	5.614792251956082e-05	0.6495803400512706	5.421010862427522e-20			0	1	1	1	0	0.8547486033519553	0	1	draw3407	True
-0.45576992271273226	-0.6911890144547117	0.03881179056442247	0.0014861820650742973	0.2647158682064704	0.2647671445434363	211	0	0.5050303466180511	0.14289481362480963	0.0005032551296679918	0.2647158682064704	3.469446951953614e-18			0	1	1	1	0	0.8940677966101694	0	1	draw3409	True
-5.910618822261942	-6.765468138262587	0.05776302925518333	0.22411121287666372	2.9951257553132447	2.995457699944134	167	0	0.4583001617077004	0.046447666174161704	0.0005523867572634955	2.9951257553132447	1.8973538018496328e-19			0	1	1	1	0	0.8789473684210526	0	1	draw3410	True
-3.2241146802075944	-9.414897125612327	6.4407008689903815	0.03747211102140305	0.6850722932251024	0.685095708326201	176	0	2.145972633022909	0.024420524228876323	0.006286572956070694	0.6850722932251024	5.1323420340032566e-17			0	1	1	1	0	0.8712871287128713	0	1	draw3413	True
-0.3791813554928344	-0.9573399744736634	0.22175578375232677	0.003451342967240908	0.20954305146329913	0.20959515506662377	195	0	0.48378942773907224	0.07889636124103425	0.003914302567084031	0.20911142942356387	1.0408340855860843e-17			0	1	1	1	0	0.8823529411764706	0	1	draw3414	True
-0.3267406948348159	-0.3267406948348159	0.025009037548985053	0.00033259493483881565	0.08112874901782059	0.08115339974738575	210	0	0.0027130688308507453	9.987745861154019e-07	0.025009037548985053	0.00033259493483881565	3.400058012914542e-16			0	1	1	1	0	0.9251101321585903	0	1	draw3419	True
-0.4572638118334813	-1.756118027659305	0.770534872819127	0.017850768676546128	0.37788660329522766	0.37788660920812506	178	0	0.5935950892374999	0.03169982523425423	3.309275473803142e-05	0.37788660329522766	1.0408340855860843e-17			0	1	1	1	0	0.8682926829268293	0	1	draw3420	True
-3.4215025003410227	-7.964294840548572	0.5014615503855647	0.15449128232375645	2.578459983847838	2.578658704003926	176	0	0.4222120968889655	0.07426339861219201	0.0023250214549949064	2.578459983847838	2.8189256484623115e-18			0	1	1	1	0	0.88	0	1	draw3421	True
-0.42261085985331537	-1.2597100653952822	0.3577550662435568	0.0038132072505336063	0.08622140492545899	0.08622386573900997	179	0	0.2080446176622337	0.005949767867876049	0.0062603854728814955	0.08557000020059494	3.2526065174565133e-18			0	1	1	1	0	0.8731707317073171	0	1	draw3424	True
-0.6916832992026873	-2.2933328437575495	1.0577476307391938	0.06918866863469772	0.3439491735267209	0.34395681775427517	148	0	0.5296812006058622	0.005974088679493801	0.002037973512051526	0.3439491735267209	5.685285141970864e-18			0	1	1	1	0	0.8457142857142858	0	1	draw3425	True
-0.8483742014213054	-1.5616080534283998	0.5783192300488852	0.009908203548410906	0.8895748306894502	0.8895784002754443	200	0	1.005459587019048	0.6117887065508717	0.1333661358154676	0.8545536204643749	2.7755575615628914e-16			0	1	1	1	0	0.8403361344537815	0	1	draw3428	True
-1.6759467561655466	-2.498581989123859	1.2765444074030092	0.00134374318208	0.42673453990428223	0.42695338631351243	220	0	0.8048801801315049	0.12185815909515964	0.2141625922604853	0.389514749122896	1.730386667286865e-16			0	1	1	1	0	0.8979591836734694	0	1	draw3431	True
-1.0067640029459344	-1.4676715277850838	0.5217004151999179	0.004368182661890917	0.29195726524369814	0.2919865448470231	197	0	0.38868848247545307	0.09151988427404448	0.04854171560138638	0.28870214890215035	4.8138576458356397e-17			0	1	1	1	0	0.8914027149321267	0	1	draw3432	True
-0.6304399040899851	-2.1031300248683755	0.9868069040030527	0.033326118762300835	0.23372701146947897	0.2337271650623597	158	0	0.3626430585674067	0.011637277036637592	0.00023959156426126623	0.23372701146947897	4.363913744254155e-18			0	1	1	1	0	0.8633879781420765	0	1	draw3433	True
-2.6235526295224836	-2.6287810475458127	0.19865618394206963	0.0019561847969107077	0.45407530816457176	0.45409471747794117	184	0	0.06674580537678734	4.3537934474913764e-05	0.20642833545542355	0.005246426464015649	2.1094237467877974e-15			0	1	1	1	0	0.8214285714285714	0	1	draw3436	True
-2.199553952818338	-4.144241049481801	2.146810664429707	0.1569598056005084	1.598473226102335	1.5986510638833558	173	0	0.5731175051623341	0.09093432164980998	0.5882663619415393	1.47524344568029	3.0009360881683156e-16			0	1	1	1	0	0.8963730569948186	0	1	draw3437	True
-0.795610862263779	-1.0849352452895138	0.27393295612384416	0.0006840504000487734	0.1970172759888869	0.19702911003942883	221	0	0.3293709958411437	0.11800871462687082	0.002394187516650392	0.1970172759888869	1.1709383462843448e-17			0	1	1	1	0	0.86328125	0	1	draw3440	True
-1.8261218057627178	-1.904392242091099	0.046936097805230455	0.0035667672774954374	0.0962539594023969	0.09625513054113523	193	0	0.04974876494825765	0.014940494234443004	0.0034942759982213977	0.09226700244003773	6.505213034913027e-19			0	1	1	1	0	0.8935185185185185	0	1	draw3442	True
-0.6017857313144499	-2.0189995104998433	1.0179722967381786	0.5653472661578716	1.0317176808646822	1.0317639239395238	138	0	1.1379934025043403	0.014563374073732493	0.00853424450375881	1.0317176808646822	1.312424612211335e-17			0	1	1	1	0	0.8571428571428571	0	1	draw3444	True
-0.09488975873777616	-0.09488975873777616	0.0015314472588944755	2.8509147426843226e-05	0.0238519997414312	0.023879390248039693	241	0	0.00038463298892987043	9.989526264439217e-07	0.0015314472588944755	2.8509147426843226e-05	6.331740687315346e-17			0	1	1	1	0	0.926923076923077	0	1	draw3445	True
-1.5765019965901728	-1.5765019965901728	0.0014170847894636874	0.1258814048971661	0.19796568938784628	0.1258729996219653	53	0	0.1041013894874123	1.4536567978946566	0.0014170847894636874	0.1258814048971661	1.3877787807814457e-16			0	0	0	0	0	0.1840277777777778	0	1	draw3451	True
-0.2604686396494706	-0.3237679812385222	0.019897095212550033	0.0011731797211551446	0.13531011167016202	0.1353506393436657	199	0	0.5482623980307169	0.051458372590989725	0.0005788573418069886	0.13531011167016202	3.469446951953614e-18			0	1	1	1	0	0.8766519823788547	0	1	draw3452	True
-0.5303584760741118	-1.1974267937946215	0.34645155608898637	0.007989257905209836	0.8155280748625151	0.8155322590132937	201	0	4.3930157882534	0.4820052278766001	0.0003384731475984846	0.8155280748625151	1.3877787807814457e-16			0	1	1	1	0	0.8973214285714286	0	1	draw3453	True
-0.4969196181962023	-1.998480577968221	0.6352985298388109	0.06440671927668237	0.37048737661378245	0.3705584368122807	168	0	3.463969727517689	0.048150150664686746	0.0011977016130034217	0.37048737661378245	1.8214596497756474e-17			0	1	1	1	0	0.875	0	1	draw3456	True
-0.22158485070120948	-0.22158485070120948	0.011367701751459531	0.00034067154712094216	0.03080309382276316	0.03089785061940211	202	0	0.004215944979788452	9.98809983300205e-07	0.011367701751459531	0.00034067154712094216	7.979727989493313e-17			0	1	1	1	0	0.8820960698689956	0	1	draw3457	True
-0.39298058178177864	-0.39298058178177864	0.00011285076923204372	0.03299320545083069	0.127796621003475	0.03299231620429251	45	0	0.1478516092835759	0.4269723143818713	0.00011285076923204372	0.03299320545083069	8.326672684688674e-17			0	0	0	0	0	0.23076923076923078	0	1	draw3458	True
-0.5608359464594785	-2.7086317719741126	1.5997321777590081	0.14145934341006156	1.3125880862065629	1.3126413043812832	178	0	3.5594223216284173	0.14092275494744358	0.0009500710631461982	1.3125880862065629	5.204170427930421e-17			0	1	1	1	0	0.8725490196078431	0	1	draw3459	True
-0.9558152116813354	-4.952752545531305	3.769901409343191	0.1477769714832754	0.457232719918124	0.4572361988777251	143	0	0.5078099527833039	0.006235020070143101	0.03448297398941791	0.456958105365654	2.6952588381631837e-17			0	1	1	1	0	0.8461538461538461	0	1	draw3460	True
-0.5243729408584058	-1.5099323420954143	0.5386674691126664	0.010896358691865782	0.4110036886987491	0.41107448077192166	188	0	0.7036611463200594	0.08845500743512458	0.00287172149677706	0.4110036886987491	9.324138683375338e-18			0	1	1	1	0	0.8867924528301887	0	1	draw3461	True
-2.8626231497233343	-7.061998894892458	12.43258794451949	1.2416942363291164	5.1927027609093095	5.192708287941145	162	0	4.996338104708673	0.057676702937654464	0.00262269392690835	5.1927027609093095	6.938893903907228e-17			0	1	1	1	0	0.8617021276595744	0	1	draw3462	True
-0.44533904051795115	-0.44533904051795115	0.04909726240424061	0.0015028630425857942	0.1372573734022408	0.1372804244271818	200	0	0.006147274021104838	9.991411461922103e-07	0.04909726240424061	0.0015028630425857942	3.447762908503904e-17			0	1	1	1	0	0.9009009009009009	0	1	draw3463	True
-0.4268212540559792	-0.7813709474570415	0.041518604817175404	0.0022609436906068786	0.2986837892810777	0.29876428677231476	206	0	0.5141343652729682	0.0827578782602336	0.0005411024972838861	0.2986837892810777	8.673617379884035e-19			0	1	1	1	0	0.8728813559322034	0	1	draw3464	True
-0.741845976049413	-0.7715454108592494	0.019324406636137367	0.0026023950043247385	0.09482310774848263	0.013737435496022417	198	0	0.0618701950654774	0.0011313217376560086	0.010434440984637958	0.04558003793798969	2.7755575615628914e-17			0	1	0	1	0	0.825	0	1	draw3466	True
-0.4739404447786684	-0.4739404447786684	0.04979263703646146	0.0001734503651571939	0.09952342395442694	0.09966987859841456	232	0	0.0005489729575645564	9.997105015057166e-07	0.04979263703646146	0.0001734503651571939	1.0408340855860843e-17			0	1	1	1	0	0.8345323741007195	0	1	draw3471	True
-1.2802785293681054	-1.9396140426840907	0.4731653644893507	0.027492135312888518	1.0373126667373116	1.0373229353894662	183	0	0.694725745833742	0.06209534869495137	0.0008764841552997971	1.0373126667373116	1.3877787807814457e-17			0	1	1	1	0	0.8926829268292683	0	1	draw3472	True
-0.22807680725551752	-1.2301764779225197	0.3147151370963743	0.02073756109760173	1.211769088841834	1.211867827694383	196	0	5.045777705893125	0.14892983010271496	0.0006375193480444422	1.211769088841834	2.7755575615628914e-17			0	1	1	1	0	0.8909090909090909	0	1	draw3475	True
-0.24587291163895364	-4.724942063262207	5.265101921902254	0.057041979641664034	1.5027303734994102	1.502750508528955	188	0	3.069508094071724	0.06538204973000074	0.0014948229560519553	1.5027303734994102	2.7755575615628914e-17			0	1	1	1	0	0.8867924528301887	0	1	draw3476	True
-2.532163466439143	-5.751008406879169	6.0950066995676995	0.014877285493588091	1.614252670540104	1.6152170156291512	207	0	0.6102833902604164	0.1821844258858371	0.09298722349808124	1.614252670540104	8.326672684688674e-17			0	1	1	1	0	0.9039301310043668	0	1	draw3477	True
-0.5435293086387674	-0.5623052296653883	0.008148432471187229	0.007562612197263158	0.0988241814624974	0.09883353152098473	171	0	0.182100960212478	0.040932569246188585	6.313349984675595e-05	0.0988241814624974	2.202285662861181e-19			0	1	1	1	0	0.8724489795918368	0	1	draw3479	True
-0.8621199286375631	-0.9273258619903231	0.035109979874324945	0.038366136332130464	0.09109741657587757	0.09109772315872669	139	0	0.1027599988562782	0.0008824405597784718	0.00031448243888850176	0.09080584577376082	1.4907779871675686e-19			0	1	1	1	0	0.8373493975903614	0	1	draw3480	True
-0.43757943182312053	-1.8784996298499137	0.8815458864533476	0.02658098978574237	0.9832758320213143	0.9839157053455773	183	0	0.8714376950040039	0.19095572506555375	0.10551220792751627	0.9832758320213143	4.996003610813204e-16			0	1	1	1	0	0.7887931034482759	0	1	draw3481	True
-0.3766788005112029	-0.3806471686944469	0.008118253176062481	0.0007597807987475454	0.05402586568435769	0.054037447982414846	204	0	0.06654247795782128	0.010407855728231646	0.007216829211344355	0.023675166948767385	1.734723475976807e-18			0	1	1	1	0	0.816	0	1	draw3482	True
-0.7809701978577277	-1.1214754984824702	0.014596905368981518	0.0026155460243226917	0.4089968183953707	0.40899789640045725	209	0	0.4215754458206449	0.10809171013886576	3.1795915563752e-05	0.4089968183953707	5.709002064493984e-19			0	1	1	1	0	0.8781512605042017	0	1	draw3483	True
-1.0909707876093453	-1.292650971810201	0.37763974121365834	0.017188898259233653	0.9208709250564031	0.921148594744986	184	0	0.6504649170655883	0.024758316702179498	0.25288433134232735	0.2311586605605705	6.661338147750939e-16			0	1	1	1	0	0.8975609756097561	0	1	draw3484	True
-0.17332423947415743	-1.4836969467793804	0.5408842408729798	0.025381063698105086	0.6797971328781653	0.6814805160233144	183	0	0.9166900045571971	0.4170668666768009	0.05467344327263128	0.6797971328781653	8.326672684688674e-17			0	1	1	1	0	0.7261904761904762	0	1	draw3486	True
-0.5187492647095983	-0.7256510555120304	0.11247972149790932	0.0744321739946431	0.4391296688911462	0.4391301515691206	154	0	0.8893532350983533	0.03618227456113601	0.00036599415438600373	0.4391296688911462	8.673617379884035e-18			0	1	1	1	0	0.875	0	1	draw3488	True
-0.3711982616606211	-0.40776846916017123	0.027519069853378673	0.03226527919007876	0.17891695924373408	0.17892120474061365	150	0	0.5207848304944558	0.010251072889095823	8.492249001748961e-05	0.17891695924373408	3.7947076036992655e-19			0	1	1	1	0	0.8522727272727273	0	1	draw3490	True
-0.26744830311750817	-1.2570409759783243	0.34759806937795973	0.10569200887145384	0.3791378071858584	0.3791887396891305	150	0	1.2783779839612974	0.02629157465639444	0.002094420375159309	0.3791378071858584	4.824699667560495e-18			0	1	1	1	0	0.8522727272727273	0	1	draw3495	True
-0.7300570476182614	-0.7300570476182614	0.03156927903404238	6.824085349333345e-05	0.03834162976265067	0.03840372734065832	239	0	0.00010000000000132829	4.775716458152246e-06	0.03156927903404238	6.824085349333345e-05	3.469446951953614e-18			1	0	1	1	0	0.8505338078291815	0	1	draw3496	True
-0.1600391261989989	-0.23270060447061974	0.009564740247373435	0.0012119347136947056	0.13709684528311417	0.13709997639127497	201	0	1.0259367388324365	0.22466669594036873	5.323750480063382e-05	0.13709684528311417	1.734723475976807e-18			0	1	1	1	0	0.8893805309734514	0	1	draw3497	True
-0.7230730108113147	-4.981569177129659	2.1889740896658596	0.13689260759784985	0.5277301578219912	0.5277519085702741	144	0	1.1092312269516222	0.011621872181322485	0.011548587722030847	0.5277301578219912	3.401006689815467e-17			0	1	1	1	0	0.8571428571428571	0	1	draw3500	True
-0.7502875009992668	-0.7607213171364767	0.007357256501418835	0.0005225532346967865	0.007067530119934856	0.007067568273381885	191	0	0.00916129390944971	0.0018933206370371034	0.0003457582405862215	0.0068772295894256475	1.3552527156068805e-20			0	1	1	1	0	0.8761467889908257	0	1	draw3505	True
-1.0612671604853783	-1.5607551210546655	0.2608997020295438	0.019135417414455905	0.2780604937396151	0.27813490337345553	174	0	0.23313414041496125	0.04302718855652908	0.004922412672714365	0.2780604937396151	2.6020852139652106e-18			0	1	1	1	0	0.848780487804878	0	1	draw3507	True
-0.7265857675476527	-2.050965845802393	0.9941793440509439	0.10457673525587864	0.7830449746875519	0.7830747163877722	162	0	1.0963535004353107	0.11689717272279367	0.0441680870485826	0.7630518807157232	1.9938477952008427e-16			0	1	1	1	0	0.8901098901098901	0	1	draw3514	True
-2.297756835212203	-3.806585659506098	2.67112717267502	0.00025473183393383877	1.5107742660961445	1.5119222137491466	249	0	0.8134663512682639	0.9056679492777768	0.07844894156680987	1.5107742660961445	6.661338147750939e-16			0	1	1	1	0	0.8706293706293706	0	1	draw3515	True
-1.7643616537648847	-1.7731944837136842	0.03518976612884226	0.00017526150975666197	0.14007232156229907	0.14009407957833478	252	0	0.07121701071671561	0.5760146615681725	0.013386009995706693	0.11396230593370373	5.637851296924623e-18			1	0	1	1	0	0.9230769230769231	0	1	draw3516	True
-0.08467024837591278	-0.32273928989230805	0.023246645779786572	0.014875130862878486	0.1268489033374645	0.12685367035345002	176	0	5.1877031104856925	0.28130593383161606	1.5387734045324514e-05	0.1268489033374645	2.5370330836160804e-17			0	1	1	1	0	0.8888888888888888	0	1	draw3521	True
-0.1415628258365227	-1.1404259604700122	0.18814053879508386	0.31171518842334694	0.8589173601014701	0.8589179211839961	145	0	1.2687176952864987	0.018536464001998387	5.3097937620762095e-05	0.8589173601014701	7.589415207398531e-19			0	1	1	1	0	0.8529411764705882	0	1	draw3522	True
-0.7168910623384677	-1.0958227512159007	0.047629117075313275	0.16505739275641537	0.8988379637743522	0.898987211258403	154	0	0.9182371697377738	0.07780220541013141	0.0012875425536236825	0.8988379637743522	3.943785402416022e-18			0	1	1	1	0	0.88	0	1	draw3523	True
-1.8616676096334805	-1.8616676096334805	0.28317657322107986	0.004407099945894935	0.6366217326146547	0.636675363897098	208	0	0.0026019986043012565	9.993496244657545e-07	0.28317657322107986	0.004407099945894935	8.803721640582296e-17			0	1	1	1	0	0.9162995594713657	0	1	draw3524	True
-0.40146347202090027	-0.4569347115313779	0.02182454036652168	0.0043712497560299745	0.0058182651998217524	0.005818275531268687	124	0	0.014244660095854846	9.610803691804877e-05	0.0004945529698371416	0.005793670283477489	2.583450489125616e-20			0	1	1	1	0	0.7898089171974523	0	1	draw3529	True
-0.3995123292608155	-0.47829671790476075	0.02306226645497292	0.011698410986214493	0.05970948278930268	0.059714033505808006	154	0	0.14523994228283854	0.009955460594726576	7.290560496970246e-05	0.05970948278930268	1.6940658945086007e-19			0	1	1	1	0	0.8555555555555555	0	1	draw3531	True
-0.6526973424111784	-1.8159853179618781	0.05503254839184457	0.006923570297596563	0.1974554407400743	0.1974940226444829	198	0	0.21397923733188015	0.2787050220657429	0.0008291751007325657	0.1974554407400743	6.925764893224787e-18			0	1	1	1	0	0.8761061946902655	0	1	draw3537	True
-0.7582900988652899	-2.4289273980635286	1.1155922113200696	0.029333519654967326	0.7529594012753947	0.7529852504706134	189	0	0.7559583014626192	0.35653801612042274	0.31384647208302796	0.6515785352054424	2.7755575615628914e-16			0	1	1	1	0	0.7842323651452282	0	1	draw3539	True
-0.535169590062879	-1.514526936315895	0.3421350986751383	0.23194111812001203	1.0416896601048533	1.041696449241341	162	0	2.323453137872825	0.0603877944976034	0.0005716147757969269	1.0416896601048533	9.107298248878237e-18			0	1	1	1	0	0.8617021276595744	0	1	draw3542	True
-0.7164077787584437	-1.2257466274673476	0.23301004391478164	0.00268182885492802	0.8488988084395019	0.8489188995449782	215	0	1.0115901653525323	0.528101003746588	0.0008526844404010958	0.8488988084395019	4.85722573273506e-17			0	1	1	1	0	0.9148936170212766	0	1	draw3543	True
-0.5407363591604132	-0.5899014380510338	0.019874967830875133	0.001789177128055285	0.024853873695014257	0.024854227656815393	179	0	0.04548217706768378	0.00796940908927655	0.0007779072775190679	0.024661871416751274	1.7618285302889447e-19			0	1	1	1	0	0.8731707317073171	0	1	draw3544	True
-2.6102127891770297	-4.675481089107372	2.7657745612852738	0.0008271318768867535	3.373044061479883	3.3730973950427057	238	0	1.901740635432977	2.4138675054212926	0.47388822501480937	3.1101273466645383	1.7763568394002505e-15			0	1	1	1	0	0.9015151515151515	0	1	draw3545	True
-0.18531115086172584	-0.37561898757363965	0.035149359235589143	0.028331249198185224	0.3442767530913471	0.3442921709775107	165	0	1.9870781291609207	0.2706430629319462	0.00018812608218994966	0.3442767530913471	1.1275702593849246e-17			0	1	1	1	0	0.8823529411764706	0	1	draw3546	True
-0.34490965168064164	-0.34490965168064164	8.26138115452665e-06	0.008883201166477325	0.009985532371447836	0.008882393568168966	45	0	0.036147717453572766	0.6776623044509804	8.26138115452665e-06	0.008883201166477325	6.938893903907228e-18			0	0	0	0	0	0.22842639593908629	0	1	draw3549	True
-0.17381968115422108	-0.3492823402672375	0.007229583386672695	0.026981493017453635	0.20105383544275704	0.20106524683112104	162	0	0.818340407583051	0.03744513675288511	2.724844036867493e-05	0.20105383544275704	1.3552527156068805e-19			0	1	1	1	0	0.8709677419354839	0	1	draw3550	True
-1.165435261430504	-1.3767722102743254	0.18528979825458264	0.014984378086898079	0.32178434920130444	0.3219694841705522	177	0	1.9984395119868843	0.06821126184611545	0.08300247982959094	0.23594547899971616	8.083811398051921e-16			0	1	1	1	0	0.8984771573604061	0	1	draw3557	True
-1.517220222086582	-3.096845097783008	1.7248961243165701	0.15560037353807343	0.8542030630006329	0.854257112963429	164	0	3.809948661140834	0.043945071142224935	0.002134822667300716	0.8542030630006329	1.4962837013247215e-17			0	1	1	1	0	0.8497409326424871	0	1	draw3559	True
-0.8402365099142206	-3.0850277063530505	2.237170093839225	0.2174833195900457	1.4365010900209598	1.4365775220034238	159	0	1.0290955507308557	0.03616137299306092	0.013002978968126846	1.4365010900209598	2.5720578959850457e-17			0	1	1	1	0	0.8736263736263736	0	1	draw3561	True
-0.15200652435643613	-0.3613814414368374	0.029257999398457465	0.05143704592918337	0.2224807449891354	0.22252707677127026	153	0	1.2442397847078117	0.04327845020848343	0.0003062924933271613	0.2224807449891354	1.98544522836408e-18			0	1	1	1	0	0.8547486033519553	0	1	draw3562	True
-0.8752749529092361	-3.4974764376748637	0.8169434768172196	0.731928632709834	2.866549837062223	2.866762039090625	153	0	1.2343549186111111	0.0879992226918765	0.0018606420403138796	2.866549837062223	2.6020852139652106e-18			0	1	1	1	0	0.8693181818181818	0	1	draw3566	True
-0.3186467707695645	-0.338474665950135	0.005585080143781352	0.01499069214254403	0.07616814331402895	0.07617091473653254	153	0	0.23331469895467283	0.010173245820063567	0.000415072292840597	0.07492124101804032	1.8973538018496328e-19			0	1	1	1	0	0.8547486033519553	0	1	draw3571	True
-0.5108468044720725	-0.6043447301020264	0.08605787112095421	0.00346779362683404	0.07281285607854074	0.07282366805753873	183	0	0.14031293471770526	0.016182634617189863	0.03873834489975943	0.04984544392694647	1.7564075194265172e-17			0	1	1	1	0	0.8883495145631068	0	1	draw3573	True
-0.5427298031048011	-0.9021663679262899	0.15463312097143464	0.013736355822303266	0.306574100619909	0.3065914293368259	173	0	0.4941153705640566	0.009894386099626904	0.0004881220820831201	0.306574100619909	6.505213034913027e-19			0	1	1	1	0	0.865	0	1	draw3576	True
-0.5227506170134212	-4.663662019555688	2.493334301195523	3.6748852180173057	4.87082293144945	4.870835451495602	137	0	1.6085736362835372	0.011231313520926996	0.0016945780360419246	4.87082293144945	9.107298248878237e-18			0	1	1	1	0	0.8404907975460123	0	1	draw3577	True
-4.096311420713159	-7.185815505450254	1.4663269612411705	0.4185276395842628	5.30719225259308	5.307213124988831	167	0	0.8310752070663042	0.06018265752483823	0.0018714695446845773	5.30719225259308	5.637851296924623e-18			0	1	1	1	0	0.8835978835978836	0	1	draw3579	True
-0.4002156949310261	-1.2590852364942016	0.21429280262101894	0.029251083761606515	1.0070822408507134	1.0071041338251026	183	0	1.1863013004714513	0.23738101853772375	0.0011275132466529799	1.0065060409110964	7.806255641895632e-18			0	1	1	1	0	0.9014778325123153	0	1	draw3587	True
-0.3885393436793548	-0.7340628866741121	0.09384303299068268	0.005098059240902111	0.3364743665048717	0.33647518473881266	193	0	0.6868731219249261	0.05685849374076106	0.0013988817114346647	0.3349648464610542	5.204170427930421e-18			0	1	1	1	0	0.8976744186046511	0	1	draw3589	True
-0.40793827700319624	-1.2317001274641501	0.11797060124015621	0.031387527795085225	0.9110470902133745	0.9111054242391199	183	0	1.1571473697598769	0.30018524624453263	0.0004952138231605807	0.9107477206246932	6.938893903907228e-18			0	1	1	1	0	0.905940594059406	0	1	draw3594	True
-3.7938236182853484	-3.7938236182853484	2.1723794362054187	0.0004945718852515079	2.708140610357647	2.7081439714722264	269	0	0.0007019836526425283	9.999722453523561e-07	2.1723794362054187	0.0004945718852515079	2.220446049250313e-15			1	1	1	1	0	1.0	0	1	draw3595	True
-1.2171322559627238	-1.3774616444502534	0.04186175246569793	0.051134440642957475	0.1586693491503134	0.1586699616813338	141	0	0.1210792547414378	0.001783200078963831	3.1149864854878213e-05	0.1586693491503134	2.710505431213761e-20			0	1	1	1	0	0.8294117647058824	0	1	draw3598	True
-1.8789218743343559	-2.588487113404425	1.6089668957020018	0.007038079083573637	1.2545655347065015	1.254929648858487	205	0	0.9786647045695205	0.27593153893208694	0.7251290252430668	1.0788555595558083	5.551115123125783e-16			0	1	1	1	0	0.9111111111111111	0	1	draw3599	True
-0.3665840006031632	-0.38544289993505615	0.009772503267770283	0.00018561174385942728	0.020019229861667036	0.02001961856653965	226	0	0.04234230627403322	0.014828226427958705	0.00284920606631989	0.015196505837421504	1.734723475976807e-18			0	1	1	1	0	0.8560606060606061	0	1	draw3603	True
-231.30646778988913	-231.30646778988913	0.003804257833508167	2.2471856671799046	2.2488821211237258	2.2488995282573696	168	0	0.010000140718553197	104.27836566458653	0.003804257833508167	2.2471856671799046	8.881784197001252e-16			1	0	0	0	1	1.0	0	1	draw3605	True
-1.0141662321398262	-1.073042096979342	0.021544807846890945	0.11827038062236764	0.3276099123776581	0.32761220942258107	140	0	0.31412267817045436	0.003697791380713911	2.2249269816576728e-05	0.3276099123776581	3.3881317890172014e-20			0	1	1	1	0	0.8333333333333334	0	1	draw3608	True
-0.37196867851222015	-0.7835431494782895	0.07221764566943989	0.1467345080773217	0.4520475986300094	0.4520643046988629	149	0	0.8061178679293711	0.039682490093383385	0.00024065481837161416	0.4520475986300094	1.951563910473908e-18			0	1	1	1	0	0.8662790697674418	0	1	draw3611	True
-0.6395927407490781	-2.12908599077919	0.05194821365788759	0.017558977289573785	0.24281482031568638	0.24282340181190326	193	0	0.2641463575903093	0.2676678686601473	0.002935442645116206	0.2316304342241987	2.211772431870429e-17			0	1	1	1	0	0.8976744186046511	0	1	draw3613	True
-2.2810570810793185	-2.2810570810793185	0.06316629925488962	0.15680205956535914	0.6943406777482102	0.15644419482567912	35	0	0.6143289173253969	0.7006377763350302	0.06316629925488962	0.15680205956535914	1.2351231148954867e-15			0	0	0	0	0	0.13409961685823754	0	1	draw3615	True
-0.8716257764715499	-0.981552442179768	0.07033189222721632	0.07493483352179736	0.17752458746882194	0.1775257710075465	135	0	0.1973531080126904	0.0014032083863893781	0.00031024851897285325	0.17744122168823007	1.0842021724855044e-19			0	1	1	1	0	0.823170731707317	0	1	draw3616	True
-3.8772201279735667	-9.309264987967655	4.01965483185162	0.0003886411720268356	1.9737873847460314	1.9738291571365352	235	0	1.3043285983588044	1.2147115790220573	0.385215585429964	1.9037715509624793	8.881784197001252e-16			0	1	1	1	0	0.9325396825396826	0	1	draw3620	True
-2.529928380030113	-5.382998733372949	1.0325301161208145	0.009882842838763688	2.7510975093544423	2.751546330089862	218	0	0.7189657930049771	0.6184294517631209	0.017470362386100752	2.7510975093544423	7.632783294297951e-17			0	1	1	1	0	0.9159663865546218	0	1	draw3624	True
-0.5912302723122236	-0.591232676315861	0.0834531320837104	0.0014046976062908306	0.1444920962067765	0.14453954141670936	203	0	0.004535438581162362	1.4970727848413244e-06	0.08344916534897447	0.0016250033915618423	8.326672684688674e-17			0	1	1	1	0	0.90625	0	1	draw3625	True
-0.7433441014350184	-3.2295318144177094	0.15750387627824083	0.08432975114185164	2.3925906400561545	2.3926195436676814	183	0	1.1108752358994662	0.25511673633963333	8.283292443680955e-05	2.3925906400561545	2.6020852139652106e-18			0	1	1	1	0	0.905940594059406	0	1	draw3627	True
-2.985145442872198	-2.985145442872198	1.9431305205960272	0.004106235406750892	1.941598896900687	1.9416251384666472	212	0	0.004281372160932006	9.988315957943537e-07	1.9431305205960272	0.004106235406750892	8.881784197001252e-16			0	1	1	1	0	0.9177489177489178	0	1	draw3628	True
-0.16684740866454406	-0.5835366705548228	0.05399191488793185	0.018677024588336377	0.5127042962515868	0.5127581405356483	176	0	1.2867402245435695	0.08277567083932236	0.00041403691783667966	0.5127042962515868	5.204170427930421e-18			0	1	1	1	0	0.88	0	1	draw3629	True
-0.6746082937577982	-2.291141385710641	1.0682026374114881	0.12921975969308047	0.6926651914401609	0.6926673284745043	157	0	1.538148248000464	0.056191206519843134	0.0008858162691416273	0.6926651914401609	4.2500725161431774e-17			0	1	1	1	0	0.8722222222222222	0	1	draw3631	True
-1.8370512741735903	-1.8370512741735903	0.030447134371146108	0.40468098266020996	1.5600381577463138	1.5600660151753654	141	0	0.24947735117918335	9.90492972646943e-07	0.030447134371146108	0.40468098266020996	2.439454888092385e-19			0	1	1	1	0	0.8493975903614458	0	1	draw3634	True
-0.20125128299500278	-1.0882809165311602	0.20760162868742316	0.0744158415122054	0.8290758108076399	0.8291220144387144	172	0	2.089360303761072	0.1541284245889011	0.00035767976872312266	0.8290758108076399	1.235990476633475e-17			0	1	1	1	0	0.8730964467005076	0	1	draw3635	True
-2.445676165255818	-7.5541835783326	11.941400836691786	0.2493927903368238	1.1475428633756655	1.1475748880560557	153	0	0.26444229817924897	0.00970102006666924	0.024378330739521305	1.1475428633756655	6.938893903907228e-18			0	1	1	1	0	0.8547486033519553	0	1	draw3636	True
-0.4338240071172503	-0.6612677984041222	0.03829830738624562	0.0011220208951729018	0.1317109047271059	0.1318010872923807	212	0	0.324337609671299	0.3438168605552058	0.0012100163873450375	0.1317109047271059	1.3715157481941631e-17			0	1	1	1	0	0.8582995951417004	0	1	draw3644	True
-0.4832077152074355	-0.953283298150209	0.10582679079994926	0.015111860833447238	0.583862829208172	0.5839450867544861	185	0	0.8754160362938775	0.1391730256409729	0.002905199933526074	0.583862829208172	2.42861286636753e-17			0	1	1	1	0	0.8894230769230769	0	1	draw3648	True
-0.2804124319877682	-0.2804124319877682	0.004558313306013119	0.001821628664704292	0.12987937810298122	0.12990560534355994	192	0	0.0069259509537250245	9.998034686200637e-07	0.004558313306013119	0.001821628664704292	1.0842021724855044e-18			0	1	1	1	0	0.8767123287671232	0	1	draw3649	True
-0.2795471550712617	-0.9407579173638756	0.12546264316245945	0.055775859874543914	0.3032450686412146	0.30324859040762703	159	0	0.5533151232760184	0.0330289209178216	0.0002774247937001767	0.3032450686412146	3.0357660829594124e-18			0	1	1	1	0	0.8736263736263736	0	1	draw3651	True
-0.37634224819221174	-1.0218962387934614	0.14309056676263465	0.004562604897604812	0.14796668280920175	0.1479742044515274	191	0	2.725709841759586	0.24510955854735872	0.00030261988623185354	0.14796668280920175	6.288372600415926e-17			0	1	1	1	0	0.8925233644859814	0	1	draw3656	True
-1.666487876527549	-1.6672326575704355	0.2494339714759183	0.002254611512486003	0.3047046233692202	0.30485622948782926	187	0	0.027992687160948874	1.1231345875990805e-05	0.2505499938540272	0.004657531108580426	8.326672684688674e-17			0	1	1	1	0	0.8904761904761904	0	1	draw3659	True
-1.7956433080800263	-2.3971275693288514	0.04681168700331692	0.0037778627490430592	0.17649274709597493	0.1764953437816319	204	0	0.08412653069036312	0.11994197035812196	0.0012762009892913816	0.17458180294988315	1.3010426069826053e-18			0	1	1	1	0	0.9066666666666666	0	1	draw3662	True
-0.838452838253154	-0.9921750735945003	0.07218534073806902	0.0008257149708917036	0.3042248899106096	0.30427377479500695	222	0	0.34562722904290843	0.07039340698093301	0.0008560169219668616	0.3042248899106096	1.734723475976807e-18			0	1	1	1	0	0.8844621513944223	0	1	draw3663	True
-0.512078371134186	-1.9409156665301246	0.9416321709407309	0.2765661742925082	0.8808297471016026	0.8809662960369884	148	0	1.1992633641893435	0.048555898470693866	0.0033140283395003568	0.8808297471016026	4.553649124439119e-18			0	1	1	1	0	0.8654970760233918	0	1	draw3669	True
-0.4895629721343104	-0.6417362366868384	0.06726783267010686	0.04757211695041324	0.16169888880986477	0.1616993934447859	147	0	0.31909490686969033	0.0040403812280378195	0.0009545142833412805	0.16069834774548675	7.589415207398531e-19			0	1	1	1	0	0.8596491228070176	0	1	draw3671	True
-0.6575268910316994	-3.042849399775257	1.8801714916539247	0.03541540976839058	1.2718651003021053	1.27206433433598	182	0	1.179883795094921	0.5872994496620048	0.03181737265355738	1.2718651003021053	5.551115123125783e-16			0	1	1	1	0	0.8161434977578476	0	1	draw3672	True
-0.05271480504676031	-0.32269893199824823	0.025357781408068082	0.048918302953757646	0.18944318053214515	0.18946588045761747	166	0	3.6078415062714724	0.9495764454172836	2.2084476622535727e-05	0.18944318053214515	2.7755575615628914e-17			0	1	1	1	0	0.8645833333333334	0	1	draw3674	True
-0.45070376207138485	-1.0430917770354844	0.14035750794449978	0.024960019153294228	0.6208758105659419	0.6208792429741548	179	0	0.9087409919430993	0.057615690383181775	0.00045451809406350736	0.6207920476920801	4.157237705124106e-18			0	1	1	1	0	0.8905472636815921	0	1	draw3677	True
-0.36355551470925346	-0.36355551470925346	0.01180830771020951	0.010411479347150969	0.17198166309235688	0.17202869804435755	171	0	0.031991996745482774	9.967930063702755e-07	0.01180830771020951	0.010411479347150969	4.336808689942018e-18			0	1	1	1	0	0.8507462686567164	0	1	draw3678	True
-1.1625804827600337	-4.638191748962966	2.7699187893946537	0.012250993055111892	2.565811843989254	2.5662847892282823	205	0	3.213560809888004	3.1627270027739622	0.04022030928235992	2.530388516138137	1.1102230246251565e-15			0	1	1	1	0	0.8686440677966102	0	1	draw3679	True
-0.48610420553074807	-0.6839535038845265	0.07629887363985667	0.006151418426539684	0.2944414674497277	0.2945121104385727	191	0	0.7117233407951157	0.2845003834221439	0.0017996892161163784	0.2944414674497277	1.734723475976807e-17			0	1	1	1	0	0.9009433962264151	0	1	draw3681	True
-0.6710696960353799	-0.9398699962476995	0.140569511073178	0.0025311241967890777	0.22889791843135956	0.22890836307532506	204	0	4.988985058322367	0.4179125087229306	0.0003240019718564127	0.22889791843135956	6.762711050878334e-17			0	1	1	1	0	0.8947368421052632	0	1	draw3682	True
-6.380081978317293	-6.423882705341494	1.8945833094117734	0.12005332127642838	0.37767435673071736	0.37768442905839195	155	0	0.9012439418023018	0.0019280092916710637	1.0899552120681735	0.25053326651843594	2.411265631607762e-16			0	1	1	1	0	0.8659217877094972	0	1	draw3685	True
-0.5347051622204774	-0.8107087468288492	0.030257777913000238	0.06900955762276326	0.5251853739037243	0.5251916305663027	157	0	0.7554244741442222	0.02104808615607325	7.57059889091438e-05	0.5251853739037243	3.7947076036992655e-19			0	1	1	1	0	0.8674033149171271	0	1	draw3686	True
-0.3478714400270107	-1.116200791332336	0.30627797970758597	0.0016820137631504074	0.5304655355512988	0.5304712232385982	217	0	1.5325244101667643	0.22832513134588708	0.0003679151247818793	0.5304655355512988	1.214306433183765e-17			0	1	1	1	0	0.9079497907949791	0	1	draw3687	True
-0.40774053903743857	-0.9324549742379129	0.10587632208645469	0.06186527907229405	0.1720618115267991	0.1720724683669256	143	0	1.366881818984244	0.06708072791551663	0.0010183129652624769	0.1720618115267991	2.2985086056692694e-17			0	1	1	1	0	0.8666666666666667	0	1	draw3689	True
-1.4407396969295014	-2.223192204191847	0.025330935407545507	0.03617062260183457	0.8447924644967404	0.8448310167076333	184	0	0.47236001371690906	1.34442087319632	0.0001387327957690949	0.8447924644967404	5.204170427930421e-18			0	1	1	1	0	0.8975609756097561	0	1	draw3690	True
-1.0598587895082854	-1.060028757093118	0.09888286120497775	0.0011104913076804748	0.27046638660234285	0.2704776365147709	221	0	0.02322730982407399	0.0004584063302749751	0.09874051065896292	0.022196830439863435	4.163336342344337e-17			0	1	1	1	0	0.9132231404958677	0	1	draw3692	True
-0.8724030983330537	-1.0228095201372596	0.21130434775839893	0.0005138617668817251	0.10591666987921174	0.10591960495031925	222	0	0.1361700380007165	0.042810222124907656	0.049465528710140386	0.09587909143720394	9.215718466126788e-18			0	1	1	1	0	0.891566265060241	0	1	draw3694	True
-0.14739531173050108	-0.4898716012813961	0.007969461239009634	0.00046242677556264557	0.27885660962981	0.27952778188888516	228	0	0.9979995436722869	0.3883004463844421	0.00041260733050454284	0.27885660962981	2.6020852139652106e-18			0	1	1	1	0	0.8507462686567164	0	1	draw3695	True
-0.8709366419311202	-1.1491990517796133	0.06541109673470194	0.025137067633929262	0.6143984913928914	0.6144114010477588	178	0	0.6162659248179286	0.1135245589323975	0.0006342982132889629	0.6143984913928914	3.686287386450715e-18			0	1	1	1	0	0.8640776699029126	0	1	draw3696	True
-1.5922054151798115	-1.5922054151798115	0.6025193188867575	0.14224387287913184	0.8755054411816221	0.8760235881981084	157	0	0.1454782514227116	9.939231281755596e-07	0.6025193188867575	0.14224387287913184	2.636779683484747e-16			0	1	1	1	0	0.8306878306878307	0	1	draw3699	True
-2.520938648951118	-2.5299952269777846	0.013830615215926871	0.0029283288995520145	0.016362884901708282	0.016362886059380213	172	0	0.00624232765000173	0.0006744128745834802	0.0007127799887837705	0.015749763866421865	2.710505431213761e-20			0	1	1	1	0	0.8775510204081632	0	1	draw3700	True
-0.10083407791111496	-0.9257242203310712	0.15704108556497418	0.006833412659002744	0.46102042268440213	0.4610350077859816	211	0	2.5676332551322187	2.1231267580038047	0.0010818581139623727	0.4551308302093544	5.551115123125783e-17			0	1	1	1	0	0.8791666666666667	0	1	draw3702	True
-0.9809358674783173	-1.0381277810941227	0.051938941755718615	0.0015194053759922115	0.37845320996577253	0.3784532108725259	215	0	0.39064080794946926	0.10446962974516741	4.967887522267671e-06	0.37845320996577253	2.439454888092385e-18			0	1	1	1	0	0.8669354838709677	0	1	draw3703	True
-0.8506412054461575	-1.0459721905101116	0.16788037299519595	0.006218536093746246	0.5235469874395378	0.5235537788822897	199	0	0.6009607400489858	0.2534211943668213	0.08092583701441276	0.45606173300654523	9.020562075079397e-17			0	1	1	1	0	0.9128440366972477	0	1	draw3704	True
-1.6242856667581071	-1.6242856667581071	0.04181330330900647	0.00015975525176713723	0.04485383049185014	0.04486496090237461	245	0	9.999999999995162e-05	1.6344349688204081e-06	0.04181330330900647	0.00015975525176713723	1.3010426069826053e-18			1	0	1	1	0	0.7852564102564102	0	1	draw3709	True
-3.47440641435365	-5.131752999775931	0.2368036345859494	0.0009978192258459585	1.6901155322554082	1.6902886009428117	249	0	0.4183351401419706	0.5516153519160704	0.0019134086283098515	1.6901155322554082	6.938893903907228e-18			0	1	1	1	0	0.9054545454545454	0	1	draw3712	True
-0.14588797520949193	-0.28984047329755014	0.019084673966909257	0.00808705547758359	0.022352903032920386	0.022352903033645965	142	0	0.12575510951475205	0.002345648894582935	3.0647855647599167e-08	0.022352903032920386	8.131516293641283e-20			0	1	1	1	0	0.8304093567251462	0	1	draw3714	True
-1.9820223196637192	-3.529096662015742	2.2122223579645204	0.20993923557794722	2.18816029113478	2.188983305747715	163	0	1.0427428783894888	0.041523030700777674	1.0074613664954633	0.7410167627056168	1.9984014443252818e-15			0	1	1	1	0	0.8029556650246306	0	1	draw3716	True
-2.064211070434141	-5.54192389902694	2.5329768358783826	0.002441349417841022	0.10063835479103915	0.10064256561757484	191	0	0.19788454718717707	0.03502600329588189	0.24764291946993477	0.0980117064606499	8.738669510233166e-17			0	1	1	1	0	0.8721461187214612	0	1	draw3717	True
-0.5960130381312065	-0.6070512472794876	0.04682067996320844	0.004323229875979434	0.14059712257490026	0.14067551530113293	189	0	0.09615436801116012	0.0034696049245874112	0.043648380933110714	0.04882537201415462	1.734723475976807e-17			0	1	1	1	0	0.8181818181818182	0	1	draw3720	True
-0.3870987177911543	-1.0098701458379118	0.16412671875804866	0.14727020579743827	0.7272437926241594	0.7272469397930498	158	0	1.504755886923695	0.054127362993373944	0.0004711401842625601	0.7272437926241594	1.214306433183765e-17			0	1	1	1	0	0.8681318681318682	0	1	draw3722	True
-2.5092189374237046	-3.9234534480505765	3.419643606969188	0.017492243131372612	1.6503811096863674	1.6514797198223041	201	0	1.0404593560225228	0.16633296682520254	0.12611403060282164	1.6503811096863674	2.706168622523819e-16			0	1	1	1	0	0.8739130434782608	0	1	draw3725	True
-0.3002529876016964	-0.3002529876016964	0.005243902880797418	5.253744222766359e-05	0.010854700356038345	0.010855412939515871	240	0	0.0001866832389781939	9.99321905365233e-07	0.005243902880797418	5.253744222766359e-05	1.9244588561617704e-18			0	1	1	1	0	0.8	0	1	draw3728	True
-0.2281809704824409	-0.34796998551135927	0.004017716251816921	0.008984723973783939	0.05241811908135872	0.052418317522791115	158	0	0.1791271697035134	0.012518617769048182	2.377237344987675e-06	0.05241811908135872	4.527655800870252e-20			0	1	1	1	0	0.8681318681318682	0	1	draw3729	True
-0.8765459503411573	-1.1676643427572735	0.10304801302630597	0.004822430033892128	0.43437725657032905	0.43483544574535343	203	0	0.5205918246442819	0.3871670639526469	0.004466021363789803	0.43437725657032905	1.734723475976807e-17			0	1	1	1	0	0.90625	0	1	draw3731	True
-0.39708614856332547	-7.258473679974635	4.2166114627103655	0.024650653951429256	2.575435134359666	2.5754761202103063	198	0	6.853759742401092	3.0924470045945895	0.0052995251699823635	2.573527099534587	8.881784197001252e-16			0	1	1	1	0	0.8878923766816144	0	1	draw3732	True
-0.8599122514621755	-4.2299931180669335	4.439956307681675	0.13930031337625423	0.6076672082573777	0.6076720502728868	171	0	0.9360820109835826	0.24852116490946746	0.0006794543200411394	0.6076672082573777	8.326672684688674e-17			0	1	1	1	0	0.8860103626943006	0	1	draw3734	True
-2.9567164511465487	-12.913064814103553	41.44157765794065	0.17389943199843522	4.514200845414354	4.514266907422748	193	0	5.522108191837715	0.06901966897116309	0.007612984364748946	4.514200845414354	1.7469885130530494e-16			0	1	1	1	0	0.8935185185185185	0	1	draw3735	True
-2.2733336952025387	-4.653988549481245	0.7829634643170568	0.12041880303470118	1.8456155553361762	1.8458434121270526	172	0	0.5369339145933142	0.023354266578312622	0.007059619486498174	1.8456155553361762	2.168404344971009e-18			0	1	1	1	0	0.8730964467005076	0	1	draw3737	True
-0.5802308431083332	-0.685582673134472	0.049738176971327666	0.0009843850656973785	0.1302902376149465	0.1303029685060033	212	0	0.24811354740747577	0.21120106799205834	0.00362765586254677	0.12955888557512052	4.7704895589362195e-18			0	1	1	1	0	0.8870292887029289	0	1	draw3741	True
-0.16016638004607556	-0.18007476822540774	0.0014966766892724448	0.019570059202904416	0.08217094845546863	0.08217255373990125	146	0	0.4874028029325199	0.005995540033871468	3.875441017615746e-06	0.08217094845546863	3.3881317890172014e-20			0	1	1	1	0	0.8439306358381503	0	1	draw3743	True
-0.562788586485548	-0.6099699798760259	0.08954107810067874	0.004610168029923151	0.14036158128661358	0.14036427867623483	188	0	0.2046106255510535	0.011140069470721952	0.06892978598257231	0.06885605851609863	4.85722573273506e-17			0	1	1	1	0	0.752	0	1	draw3745	True
-0.8960311822843576	-3.379687651894423	2.2596845449414076	0.05593809154564636	0.365792064949962	0.3657942916094656	155	0	0.42184784823089	0.008234460781104316	0.03133574768061872	0.36515160803729035	1.973247953923618e-17			0	1	1	1	0	0.8659217877094972	0	1	draw3748	True
-0.7575694929297854	-0.8887784939375705	0.10971661382931108	0.002259498611617495	0.3821917763141821	0.3822298433612858	209	0	0.560994844450151	0.26648471376596194	0.001739801892527889	0.3821917763141821	1.2793585635328952e-17			0	1	1	1	0	0.8893617021276595	0	1	draw3752	True
-0.08639156012414811	-0.12776488236504982	0.0026739490717444785	0.0020139771016834595	0.028810129977122192	0.028810746149550176	174	0	0.3006668961411847	0.05338865588631323	9.74571125664716e-05	0.028580011109320902	8.673617379884035e-19			0	1	1	1	0	0.848780487804878	0	1	draw3753	True
-0.34385646027947414	-0.6815182691573888	0.036688184169134136	0.0026589154445722475	0.5089864860762242	0.5091368647343221	211	0	1.2665743778641154	1.8691155365627925	0.0002266793778837433	0.5089864860762242	1.702197410802242e-17			0	1	1	1	0	0.9173913043478261	0	1	draw3758	True
-1.0438776751662644	-1.282517661923107	0.3947825184021422	0.0032122193170732974	0.578536184704342	0.57855242679999	211	0	0.6145354551022357	0.7282723391260634	0.08818263750975809	0.5577481249650967	1.6653345369377348e-16			0	1	1	1	0	0.8274509803921568	0	1	draw3762	True
-0.13594145394627907	-1.1128830092423074	0.17937583392816317	0.1305655717661501	0.8469428642930424	0.846998993793862	171	0	4.26323543558874	0.07669723004835027	0.00018093187377224147	0.8469428642930424	3.469446951953614e-18			0	1	1	1	0	0.868020304568528	0	1	draw3764	True
-1.6957632491234813	-1.6957632491234813	0.09193285223028526	0.007250430548036291	1.3333504853186298	1.3336146943275735	203	0	0.0044251621106191396	9.99631504132675e-07	0.09193285223028526	0.007250430548036291	7.806255641895632e-18			0	1	1	1	0	0.8565400843881856	0	1	draw3765	True
-0.6957382722719208	-1.9850003213374259	0.9756121681295379	0.006961927358127577	0.8703174793123216	0.8705078370718743	201	0	1.1633485408857827	0.07445890578344054	0.013497716193901384	0.8703174793123216	2.3310346708438345e-17			0	1	1	1	0	0.8854625550660793	0	1	draw3769	True
-1.1355233459056941	-3.3553793631028936	0.578016579409138	0.04603645308470931	1.3599192998991545	1.3600169545816945	188	0	0.6423154570933272	0.6254860001554712	0.001985802788141115	1.3599192998991545	2.42861286636753e-17			0	1	1	1	0	0.9082125603864735	0	1	draw3770	True
-0.21796723883630348	-0.40209868263169735	0.03838710632147258	0.00264239527491908	0.4410486848778409	0.44138644885392786	201	0	6.14908974175443	0.17302809782460118	0.0005632847697604557	0.4410486848778409	1.4508456776604487e-17			0	1	1	1	0	0.8893805309734514	0	1	draw3774	True
-1.0726937327731179	-1.5552899263863917	0.03138728187486322	0.0051846282983278895	1.064659038754882	1.0649645073592255	211	0	0.7608505876161907	1.9029302819371157	0.0002688311103759091	1.064659038754882	1.214306433183765e-17			0	1	1	1	0	0.9094827586206896	0	1	draw3778	True
-0.2870122557150767	-0.47277090471973915	0.040376196002097374	0.001800376096658096	0.37168057002509713	0.3717770837740951	212	0	2.7295665662780433	0.4193186729089315	0.0005855826478303141	0.37168057002509713	1.1275702593849246e-17			0	1	1	1	0	0.8983050847457628	0	1	draw3779	True
-0.1787345006895843	-0.6699237299903371	0.09205484244158278	0.042050460930689766	0.3915960858399032	0.3916107323916543	165	0	1.2238497802039847	0.0655945949587447	0.00042291674585802407	0.3915960858399032	6.938893903907228e-18			0	1	1	1	0	0.868421052631579	0	1	draw3780	True
-0.3641601789183594	-0.3692813271749018	0.0307879652589608	0.0034556531268715297	0.06251131842124569	0.06252766904183914	177	0	0.1392854501887881	0.0005931152586707689	0.02917962942933099	0.017506612977999554	3.350184712980209e-17			0	1	1	1	0	0.8894472361809045	0	1	draw3782	True
-3.4367055296997586	-5.648459128383329	1.492598488872564	0.013742914342484812	1.538947500106713	1.5394362884371267	208	0	0.36802172325962673	0.29523144421181	0.037946602002149284	1.538947500106713	4.206704429243757e-17			0	1	1	1	0	0.8559670781893004	0	1	draw3783	True
-2.8300422820224247	-2.8300422820224247	0.00020261535837702774	0.0026061268574576954	0.008546813893963287	0.002605011197394912	59	0	0.014152613217094219	1.342842955546153	0.00020261535837702774	0.0026061268574576954	2.7755575615628914e-17			0	0	0	0	0	0.19407894736842105	0	1	draw3786	True
-0.7588153237446472	-2.3131168875818173	0.39289972340057944	0.006882522758679976	0.2760435616957475	0.27609947113090005	206	0	0.27588661693409083	0.0633848718972259	0.05359040716199612	0.2537484380704518	2.959871930885427e-17			0	1	1	1	0	0.9035087719298246	0	1	draw3791	True
-0.9161439108618055	-5.491697590404009	1.8709766672828665	0.7129606134328919	2.3889871240719702	2.3890244521516553	151	0	0.7812623633233525	0.009420030611728917	0.001208639025995976	2.3889871240719702	2.168404344971009e-18			0	1	1	1	0	0.8531073446327684	0	1	draw3796	True
-0.43131691546990747	-0.7359280555056373	0.014920155316153781	0.00012830042921986508	0.11150999705330933	0.11156670377386763	249	0	0.21712730003619818	0.6740365629772387	0.0004381722862896626	0.11150999705330933	5.204170427930421e-18			0	1	1	1	0	0.9256505576208178	0	1	draw3797	True
-0.38796131806624756	-0.39071942782507124	0.009963080053404535	0.0019266839863767429	0.0554613886664529	0.05546943314901312	187	0	0.12810299654146254	0.014818675704388171	0.0036681975394973307	0.04706324795261475	5.421010862427522e-19			0	1	1	1	0	0.8697674418604651	0	1	draw3798	True
-0.5962647581752959	-5.0757410962114085	3.9867640968516134	0.1661870371601708	0.9574817235255073	0.957486811776816	161	0	1.9135036787949573	0.0723856981896845	0.0003302638698290758	0.9574817235255073	2.5695591487906455e-17			0	1	1	1	0	0.8655913978494624	0	1	draw3799	True
-0.3468141654965238	-0.3493917213282376	0.010262803366056804	0.0009300678745382012	0.038930022287414025	0.03893168465990301	199	0	0.02925587871078717	0.0010324455745005401	0.0097628306006784	0.00920737125706005	4.404571325722362e-18			0	1	1	1	0	0.8396624472573839	0	1	draw3800	True
-0.47942860609195576	-1.0998937998811837	0.18406301812039522	0.009975560551434405	0.39669445915187723	0.39670486099329183	187	0	0.5357374023348263	0.03715627442213096	0.005975943701676075	0.3943742873757074	8.673617379884035e-18			0	1	1	1	0	0.8617511520737328	0	1	draw3801	True
-2.5943722027933793	-3.2793643986808694	1.2169004869188225	0.01336631333620261	0.8419313837698454	0.8419826913475535	196	0	0.3065905186643813	0.04382300783263855	0.05310840300905616	0.834645659455366	1.0408340855860843e-17			0	1	1	1	0	0.8868778280542986	0	1	draw3803	True
-0.7355620966284259	-2.4222222024651314	0.9000245210876006	0.004066110495138868	1.874649144261565	1.8746496739773586	228	0	2.0141245031808315	1.5151181173341055	0.316576459781138	1.5008004779863495	1.1102230246251565e-15			0	1	1	1	0	0.8413284132841329	0	1	draw3807	True
-0.412314631462544	-6.3237343658787815	7.479096974896842	1.260737036427934	1.8706339305041197	1.8706346039324657	143	0	2.480343953042799	0.03304237089516644	0.0002116931264860191	1.8706339305041197	6.383240290508407e-18			0	1	1	1	0	0.8666666666666667	0	1	draw3808	True
-2.836195310397397	-3.4880731700432617	1.421637612479338	0.0023293498893643453	1.0097392647001933	1.0098140277484113	207	0	0.34623746863759675	0.09651664684553006	2.0644862216517392	0.2733085131213164	7.771561172376096e-16			0	1	1	1	0	0.9	0	1	draw3812	True
-3.9603716665167084	-3.9603716665167084	0.00043315756099082686	1.5055677572487398	1.5765210010195654	1.5055633000764421	23	0	0.3620886595146566	0.08585929653098943	0.00043315756099082686	1.5055677572487398	1.3877787807814457e-16			0	0	0	0	0	0.11274509803921569	0	1	draw3813	True
-0.09938145525359793	-0.956677720297736	0.039241515537730275	0.029186044027250255	0.38556494070814007	0.3855968776583655	180	0	1.030092410227307	0.2813534052898215	0.00011324175260280918	0.38556494070814007	1.734723475976807e-18			0	1	1	1	0	0.8910891089108911	0	1	draw3814	True
-0.797026365829957	-0.7983747237433433	0.017761225291061777	0.002907873365387082	0.012426340401072098	0.004266080321147458	175	0	0.01601784392171281	1.2138363919188175e-05	0.01601554488563681	0.012426340401072098	2.0816681711721685e-17			0	1	0	1	0	0.7918552036199095	0	1	draw3815	True
-5.356811335622726	-5.356811335622726	0.8554948162353503	0.015534041570209874	0.1705894753241664	0.1705925548684732	168	0	0.09287771702215923	9.924973856954951e-07	0.8554948162353503	0.015534041570209874	3.2699537522162814e-16			0	1	1	1	0	0.8795811518324608	0	1	draw3816	True
-0.5120712445215768	-0.699398190882494	0.11299622422332618	0.02398563858453184	0.45630184231272725	0.456320809614308	171	0	1.1145865181694	0.24026578674282453	0.021373672008183162	0.4090144422139814	1.9081958235744878e-16			0	1	1	1	0	0.9095744680851063	0	1	draw3820	True
-0.15210370397730355	-4.14095114815236	1.1363785498272012	0.004705431532859392	1.3122833424177665	1.3136762456150397	202	0	2.5930782909407775	0.9787877666003522	0.017596075304668436	1.3122833424177665	4.440892098500626e-16			0	1	1	1	0	0.8487394957983193	0	1	draw3821	True
-0.9274940027683243	-3.354717390884009	2.2820529265571237	0.0074864733563249075	0.8078209528174943	0.8079484333148673	199	0	1.1343088263849785	0.17059056100902611	0.008918695021977226	0.8078209528174943	8.933825901280557e-17			0	1	1	1	0	0.9045454545454545	0	1	draw3827	True
-0.5730172998463265	-0.8794416844246313	0.1338997484361921	0.0072932325898471696	0.44124648735679467	0.44150201964919145	194	0	0.8324376574758892	0.4013719954507687	0.003119402978281145	0.44124648735679467	3.8163916471489756e-17			0	1	1	1	0	0.8940092165898618	0	1	draw3830	True
-0.30684788908209176	-0.30684788908209176	0.0006922403134466611	0.007611657145128674	0.03400186067450219	0.034001861053473234	154	0	0.0250203604672663	9.997107931632247e-07	0.0006922403134466611	0.007611657145128674	1.8634724839594607e-20			0	1	1	1	0	0.8700564971751412	0	1	draw3832	True
-0.2123098297693244	-0.7127887606583807	0.07432204866519189	0.017500173666907936	0.47936206761886224	0.4793816957877839	178	0	1.0733584200842679	0.034858606836164825	0.0008610763532800972	0.47936206761886224	7.562310153086393e-18			0	1	1	1	0	0.8768472906403941	0	1	draw3836	True
-0.6992576465771797	-0.7006201730436314	0.00033236393824740307	0.014123090874073953	0.014919211450210055	0.014919218355585531	114	0	0.021066115712317205	7.120857055635913e-05	5.252436720869895e-06	0.014911829714413448	3.970466940254533e-22			0	1	1	1	0	0.7549668874172185	0	1	draw3837	True
-1.4331356286324919	-1.7664131616887457	0.28930621112027183	0.0014664269326263243	0.42785255084121626	0.42795014048426994	222	0	0.27993657879231215	0.20404994288451478	0.027830179042323388	0.42120197211556887	1.3877787807814457e-17			0	1	1	1	0	0.8844621513944223	0	1	draw3841	True
-0.18209578559993125	-1.428366510925715	0.5099466991198294	0.025825993730891898	0.7991973850717313	0.7992052835704163	193	0	6.88716498045652	0.2581815439209104	6.494301714730501e-05	0.7991973850717313	2.7755575615628914e-17			0	1	1	1	0	0.8935185185185185	0	1	draw3842	True
-1.0578036785580698	-2.7253282696006726	0.41561238598913763	0.006857364000271254	0.8379272141851766	0.837927463042055	215	0	0.6819121287514595	1.1594833937254347	0.017191278953410518	0.8254207080848598	1.1796119636642288e-16			0	1	1	1	0	0.9148936170212766	0	1	draw3847	True
-0.23305942798868526	-0.37798994972590017	0.03432091822712422	0.0011369504068344742	0.23266576413985957	0.2331563988318832	205	0	1.947506714283992	0.8708239219527732	0.0023213119468766127	0.23266576413985957	6.938893903907228e-17			0	1	1	1	0	0.8686440677966102	0	1	draw3849	True
-1.1895589962614692	-5.837633522070744	1.4658872251157202	0.00951789167202431	1.5550092294206965	1.555313196832395	189	0	1.7162215693093268	1.0580057319614125	0.18698400574017873	1.523341240692386	6.661338147750939e-16			0	1	1	1	0	0.8513513513513513	0	1	draw3852	True
-0.7687340962517386	-1.03423906574812	0.08980072011914102	0.32031969699321605	0.6272679250201159	0.6273018607154427	134	0	0.6854095735495161	0.004262097602204346	0.0004555863439649403	0.6272679250201159	6.640738306473715e-19			0	1	1	1	0	0.8375	0	1	draw3854	True
-0.3696846377174228	-0.48083763166979815	0.012689310379830825	0.011164137858277771	0.1499243974331145	0.1499282218107693	174	0	0.426988111608633	0.23517756655285707	0.00012114343928119955	0.1499243974331145	3.903127820947816e-18			0	1	1	1	0	0.8877551020408163	0	1	draw3855	True
-0.6213210248959615	-1.7320003207836914	0.7331530866375642	0.02600102735374259	0.20318737645924168	0.20318960443751896	180	0	0.38594473177161104	0.1863246880993285	0.04960571605791163	0.180084429345225	8.326672684688674e-17			0	1	1	1	0	0.8035714285714286	0	1	draw3857	True
-0.697237050239268	-0.8636084060366954	0.020678990639867514	0.0020529993867728627	0.3076186234177211	0.3076354648143057	208	0	0.39677536453386303	0.11121196519916454	0.0005153200486821783	0.30707298356469226	1.1926223897340549e-18			0	1	1	1	0	0.9004329004329005	0	1	draw3858	True
-1.1634016549975312	-2.821474854393742	1.7093326244780007	0.10005358273486362	1.7728527453559983	1.7728543774119567	176	0	1.4408350063939102	0.10374185868475916	0.0016531375320002777	1.7728527453559983	5.551115123125783e-17			0	1	1	1	0	0.8844221105527639	0	1	draw3860	True
-1.0288626449499865	-1.0337243842715196	0.004204145080536208	0.01751878624861748	0.03487861853136357	0.03487862165869838	134	0	0.03374941417635286	0.0003350424938191021	5.4905381119318366e-05	0.03475181175761634	2.964615315390051e-21			0	1	1	1	0	0.8170731707317073	0	1	draw3861	True
-0.326818441112829	-4.793531384525083	1.1802203171431336	2.9778985126895816	4.218433416844134	4.218463277575526	140	0	1.26634042537685	0.14924715269701982	0.0001605123067842934	4.218433416844134	2.6020852139652106e-18			0	1	1	1	0	0.8695652173913043	0	1	draw3866	True
-1.050684991830359	-1.1135369452663515	0.021748313546630482	0.002552743643604322	0.03243772152296061	0.03244494221301863	178	0	0.030430699634728494	0.010281745531701561	0.00015760055707371936	0.03243772152296061	5.421010862427522e-20			0	1	1	1	0	0.8640776699029126	0	1	draw3867	True
-1.04222080608441	-1.1318896962361413	0.20292758288763624	0.06559235219048427	0.2273544796081778	0.2273915578581104	157	0	0.8495463808035438	0.002567699808346214	0.103488551557923	0.15566821780884668	9.530137096147584e-17			0	1	1	1	0	0.8674033149171271	0	1	draw3871	True
-0.23551875799755081	-1.2441134567573267	0.3861038932806903	0.008104521022824955	0.9350927373820075	0.9354246122040183	201	0	4.434043691955723	0.17290710580842328	0.0011058666176950497	0.9350927373820075	3.133344278483108e-17			0	1	1	1	0	0.8973214285714286	0	1	draw3874	True
-1.114935057097096	-1.18282031401132	0.01583450304955708	0.0002936194475527673	0.058678003671466215	0.058682961602998865	235	0	0.05279993622679089	0.13704271334858248	0.00013621877608164815	0.058678003671466215	4.336808689942018e-19			0	1	1	1	0	0.8801498127340824	0	1	draw3876	True
-0.5616594690078177	-0.9250244888723154	0.20539675401323568	0.019908022492820216	0.04467384425170916	0.044674017917948845	137	0	0.0802689841367745	0.0006663315677394721	0.0026953709077729366	0.044474421415934516	4.977046484058061e-19			0	1	1	1	0	0.8303030303030303	0	1	draw3878	True
-1.0504640396368243	-2.880881935822128	1.3319721731987848	0.0180106233102151	0.8140464886934285	0.8141218924986495	194	0	5.487726709390043	0.32852013007309794	0.0012179016548418777	0.8140464886934285	1.0061396160665481e-16			0	1	1	1	0	0.8899082568807339	0	1	draw3879	True
-0.6781251131000025	-3.7502859787021365	0.770399440900981	0.07220487724817438	2.4853455646002347	2.485372022876691	185	0	1.22491793399696	0.05992844730182322	0.0017811419617439006	2.4853455646002347	8.673617379884035e-18			0	1	1	1	0	0.8767772511848341	0	1	draw3882	True
-6.9130690306339195	-7.229553759892058	0.015100340286811367	0.13756049812067198	0.37690560792437844	0.37690560801265316	145	0	0.05266910650701066	0.004808340283004077	3.3403706082984464e-08	0.37690560792437844	5.082197683525802e-21			0	1	1	1	0	0.8430232558139535	0	1	draw3884	True
-0.1307543153372761	-2.1088660774512418	0.9657112424169922	0.036668664043338337	0.778385826107802	0.7783871527601802	194	0	10.242698503978248	1.1647617585870569	2.6356946241376446e-05	0.778385826107802	1.5265566588595902e-16			0	1	1	1	0	0.9107981220657277	0	1	draw3887	True
-0.35180129906712587	-1.208737431823122	0.18352276110538732	0.1715697142184243	1.1042749711350388	1.1042838817518168	161	0	1.634842499216711	0.10851002982059163	0.0005465122365163922	1.1042749711350388	1.3877787807814457e-17			0	1	1	1	0	0.8846153846153846	0	1	draw3889	True
-0.9393951018722193	-1.090086712986593	0.06767879551647457	0.38507578871550896	0.6631403681128841	0.6631424721996492	131	0	0.6488410230517451	0.002932925294131641	0.00011520317855845158	0.6630768984056628	1.8973538018496328e-19			0	1	1	1	0	0.8291139240506329	0	1	draw3895	True
-0.8391214845001644	-0.8391214845001644	0.07349428359386775	8.737395114561468e-05	0.24265436799192378	0.24284130189347605	257	0	0.00011834477107120873	9.996465582047266e-07	0.07349428359386775	8.737395114561468e-05	3.4206578541917665e-17			0	1	1	1	0	0.9178571428571428	0	1	draw3899	True
-0.5383829508392437	-0.7979016335077969	0.1591537456317716	0.002288396390314169	0.46687982011243007	0.4669162836259463	205	0	1.0908953055986756	0.4767910074145231	0.007731025093818891	0.4650926094356958	6.938893903907228e-17			0	1	1	1	0	0.9070796460176991	0	1	draw3900	True
-2.1821341453987193	-2.1821341453987193	0.0003168789899739536	0.1508541799463359	0.5059401326020209	0.1508541222285204	53	0	0.0984125544950489	0.5493977399747328	0.0003168789899739536	0.1508541799463359	1.942890293094024e-16			0	0	0	0	0	0.2548076923076923	0	1	draw3901	True
-0.4610588697866391	-0.5149838091749368	0.04211862769529439	0.003214931031273055	0.9012676673787732	0.9125577780842923	187	0	0.010000000000001265	4.0638926949707295e-06	0.020068194286961216	0.004138747348899223	6.661338147750939e-16			1	1	1	1	0	1.0	0	1	draw3902	True
-0.40678904712459735	-1.207301100876885	0.271797182058156	0.23487954693247293	0.9102770022125991	0.9102771430260843	154	0	1.8298247901205527	0.02957831106806978	8.217344324409854e-05	0.9102770022125991	1.1058862159352145e-17			0	1	1	1	0	0.8603351955307262	0	1	draw3903	True
-0.11556670380449302	-0.1599824122464018	0.002412626859819963	0.003395906317614753	0.048020120480839236	0.048020120682587424	169	0	0.36113960604720025	0.01835993287950512	6.956977958266872e-08	0.048020120480839236	1.3552527156068805e-19			0	1	1	1	0	0.8756476683937824	0	1	draw3904	True
-0.34247634409546557	-2.04718087642613	0.4882094876100545	0.02112707100878052	0.15607010560541507	0.1560705997522275	159	0	0.6359880026087924	0.03285017935559585	0.0004535445153586334	0.15607010560541507	1.3877787807814457e-17			0	1	1	1	0	0.8641304347826086	0	1	draw3906	True
-1.8010663675697012	-1.8010663675697012	0.47175039779897127	0.05996592440569076	1.5355908383714567	1.5355965163539325	173	0	0.04085377374488884	9.994444860635128e-07	0.47175039779897127	0.05996592440569076	2.0816681711721685e-17			0	1	1	1	0	0.8826530612244898	0	1	draw3912	True
-0.6422694010804955	-1.1176227825679492	0.19850475632364314	0.3641313668020701	0.7777462801116622	0.7777466111185439	140	0	0.907919936711902	0.025554525963062322	0.001671248952175673	0.7776006941317021	3.2593827810345477e-18			0	1	1	1	0	0.8588957055214724	0	1	draw3915	True
-0.500380699479333	-0.9355914563327445	0.21863333802607596	0.06933139486846177	0.6130710995517458	0.6130725266673969	170	0	2.7315538932667067	0.21229619305755837	0.00022798299492818473	0.6130710995517458	1.3877787807814457e-17			0	1	1	1	0	0.8854166666666666	0	1	draw3919	True
-0.9216612010209925	-0.9792936701095575	0.030940912504600498	0.09587079538648607	0.24100602630476303	0.24100694124605238	139	0	0.25536796821997004	0.0016798070588283714	0.0001906821617355681	0.2405351831850236	1.3552527156068805e-19			0	1	1	1	0	0.8424242424242424	0	1	draw3920	True
0.04821036658688435	-5.467596331998211	3.834290705523879	0.048757967889553104	1.9892326682127184	1.9892475610088947	201	11	6.701167809317265	1.8124629153553071	0.02758347889678086	1.8870521059758079	4.440892098500626e-16	1.7892925363510526	0.04082704016546145	0	1	1	1	0	0.8553191489361702	0	1	draw3925	True
-0.9153910346025915	-1.0412495110760964	0.10222684611411241	0.013305000444546668	0.12888861519531788	0.12888875494965482	165	0	0.13892828768685803	0.0038988225240426336	0.0017481279104575086	0.128328622272789	3.2526065174565133e-19			0	1	1	1	0	0.8638743455497382	0	1	draw3926	True
-0.62378497460958	-0.62378497460958	0.029341363448406616	5.7146916515604334e-05	0.08449894001850557	0.08458611143633851	256	0	0.00010000000000000006	1.100798925473736e-06	0.029341363448406616	5.7146916515604334e-05	8.83248899705342e-18			1	0	1	1	0	0.9014084507042254	0	1	draw3928	True
-0.27983797857513426	-1.3685657094798893	0.329217796579736	0.007314126349779437	1.6702036291356475	1.6708210888145414	210	0	4.024795145850723	0.34431798082808307	0.001407131425244323	1.6702036291356475	1.3877787807814457e-17			0	1	1	1	0	0.9090909090909091	0	1	draw3930	True
-1.4148398022472697	-2.510123457452811	0.060948907194209874	0.010712209761159731	0.875843579619992	0.8759431891184023	202	0	0.49871478049754986	0.12676005379370422	0.0014170449830323518	0.875843579619992	2.6020852139652106e-18			0	1	1	1	0	0.8977777777777778	0	1	draw3934	True
-0.4102803465431654	-8.736343150930336	1.2131100730089956	0.6671217207815355	5.216000246712831	5.216134591988034	169	0	1.2007861431660627	0.3135122758645123	0.0016067377273375027	5.216000246712831	1.599198204416119e-17			0	1	1	1	0	0.8802083333333334	0	1	draw3935	True
-0.28311446445955535	-0.30665006754641094	0.009894254427199817	0.00041655256023844504	0.041761903717504774	0.04176958532154665	210	0	0.12426251806670559	0.036955466446484765	0.0029728270217695345	0.03269416778315515	2.710505431213761e-18			0	1	1	1	0	0.9051724137931034	0	1	draw3936	True
-1.5172461612638382	-1.587095264350126	0.07342716664505365	0.07918395402946758	0.2320147754036555	0.2320147768060067	142	0	0.1511454883315911	0.002525703210979321	0.00037432696291569127	0.23192982995494127	1.3552527156068805e-19			0	1	1	1	0	0.8352941176470589	0	1	draw3945	True
-0.7479072597096743	-0.9833691533687045	0.015201088534380285	0.30977288990049834	0.7293949046175855	0.7294173463314463	141	0	0.782781660930665	0.04372239010544188	4.8201476566497766e-05	0.7293949046175855	3.9302328752599536e-19			0	1	1	1	0	0.8597560975609756	0	1	draw3946	True
-0.43567226047466523	-0.6361368088760214	0.020397499459575075	0.0031734934948129843	0.2709201689303885	0.2709337932760735	198	0	0.5383335237251801	0.061593777327786765	0.00011129552048172495	0.2709201689303885	4.336808689942018e-19			0	1	1	1	0	0.8722466960352423	0	1	draw3947	True
-0.6768725033006796	-5.542359957699514	6.410253227167704	1.217466521144753	2.2357425310979617	2.2357426317925913	160	0	5.16379201312984	0.10519118400717992	4.305987617145746e-05	2.2357425310979617	5.551115123125783e-17			0	1	1	1	0	0.8791208791208791	0	1	draw3950	True
-0.3133172236526851	-0.3258644987448181	0.0038844745771143795	0.031838697775620234	0.07409766508311708	0.07409840880442524	136	0	0.23621868334884438	0.0021604496434752484	2.4098224026425247e-05	0.07406665020139412	3.049318610115481e-20			0	1	1	1	0	0.8292682926829268	0	1	draw3952	True
-0.1792869766951735	-0.235572147799301	0.0033383930223770445	0.0011699088603450952	0.12360575636328405	0.12363854882087433	199	0	0.6142449046095854	0.07688738371847911	7.367746304471968e-05	0.12360575636328405	4.336808689942018e-19			0	1	1	1	0	0.8766519823788547	0	1	draw3956	True
-0.43899323726318806	-1.0613383564349637	0.2264550767046028	0.06835716127389624	0.6847925145241133	0.6848365443067592	174	0	2.3834374698716205	0.2538764116000389	0.0012894580960911423	0.6847925145241133	5.551115123125783e-17			0	1	1	1	0	0.883248730964467	0	1	draw3957	True
-1.5421963352392654	-13.503284000499706	0.005396695257268213	0.025760833967774177	0.06401818790440975	0.02575753659888017	75	0	0.0695662870611276	1.3794887006444978e-06	0.5786994808431983	0.06401818790440975	9.71445146547012e-17			0	1	0	0	0	0.646551724137931	0	1	draw3958	True
-1.0323091679261698	-2.2567394631005473	1.137200675696959	0.07358370830757963	1.2755223974664287	1.2762304384911451	175	0	2.4887254236855925	0.7570346707592053	0.02840565099747354	1.2755223974664287	3.3306690738754696e-16			0	1	1	1	0	0.8883248730964467	0	1	draw3959	True
-0.7448720126838764	-0.9287583651544982	0.022569076087901183	0.0016093033895443485	0.24625828965218916	0.24632358968408594	214	0	0.3193476633370203	0.628908191186454	0.0005593978321959807	0.24625828965218916	9.974659986866641e-18			0	1	1	1	0	0.9029535864978903	0	1	draw3960	True
-0.42418644151271057	-0.9522478829118921	0.226268764761414	0.13299276714402739	0.522649555361529	0.5226496500341549	156	0	2.191856498064285	0.030086218611296726	9.966418423748517e-05	0.522649555361529	1.2603850255143989e-17			0	1	1	1	0	0.8666666666666667	0	1	draw3961	True
-0.8262705549005533	-0.8402551198554156	0.15869700901865227	0.0008496889804500932	0.21640054400832942	0.21666883518291236	210	0	0.1411551409339107	0.007643748948785403	0.14996930164842803	0.04132327238804817	8.326672684688674e-17			0	1	1	1	0	0.860655737704918	0	1	draw3963	True
-0.5096871066611952	-0.8055854076522184	0.06033251147148933	0.02218053151452293	0.6481072207844499	0.6483817938833674	177	0	0.9232289927861702	0.08341914539217628	0.0032811301494657563	0.6481072207844499	4.065758146820642e-18			0	1	1	1	0	0.8894472361809045	0	1	draw3965	True
-0.6195656828259661	-1.5329271270720437	0.585276520574128	0.0009057415127791969	0.6856237984412511	0.6863517479296175	228	0	1.6026462868805822	0.18072597031108523	0.013276023587510758	0.6856237984412511	6.938893903907228e-17			0	1	1	1	0	0.8871595330739299	0	1	draw3967	True
-1.393727379573529	-1.8671698775598682	0.07676698772051918	0.006184565584128467	0.3874692396446655	0.3878756396951469	198	0	0.24355153900582516	0.09276550723614205	0.005353530530732112	0.3874692396446655	1.734723475976807e-18			0	1	1	1	0	0.8839285714285714	0	1	draw3970	True
-0.5536424711290318	-2.385214791815708	0.15711605856930294	0.998006849496454	1.7005456056830734	1.7006007349919088	138	0	0.8945484753949925	0.018782734357100674	0.0007160629591927513	1.7005456056830734	5.421010862427522e-19			0	1	1	1	0	0.8571428571428571	0	1	draw3971	True
-2.71663735531143	-2.87724614925998	1.7409892220398417	0.012887070472152649	3.0777279582146857	3.0777579200066136	199	0	0.16523006745538796	0.002127135095900268	1.4142436010308257	0.12887865154955058	2.6645352591003757e-15			0	1	1	1	0	0.8540772532188842	0	1	draw3972	True
-2.4314422951580785	-4.888829835603785	5.967070811624031	0.02925620140896261	1.854300610147132	1.854657413653619	195	0	1.6340074589825062	0.08173029738815404	0.050512518570960646	1.854300610147132	1.5439038936193583e-16			0	1	1	1	0	0.8904109589041096	0	1	draw3974	True
-0.41940710952486987	-2.879195681523399	0.2650660715124856	0.06656069602129397	1.5281148524357042	1.5282662864275058	184	0	1.4017255658124446	0.045672322233341466	0.0008004982372240776	1.5281148524357042	8.673617379884035e-19			0	1	1	1	0	0.8803827751196173	0	1	draw3983	True
-4.380043093590137	-4.711499495597978	1.5140811853671368	0.017559076629859293	2.052808432441799	2.0529018269280424	205	0	0.4512695278065312	0.08682985295757274	0.18857385847686517	1.9681603545087518	3.469446951953614e-17			0	1	1	1	0	0.9030837004405287	0	1	draw3985	True
-0.9427616771289425	-0.9765369545240313	0.00657381015848393	0.013855266047773155	0.040896505002368265	0.04089650557391089	145	0	0.042384750912791015	0.001593992950274496	6.004962128545717e-05	0.040812960430650504	1.1434944787933055e-20			0	1	1	1	0	0.838150289017341	0	1	draw3994	True
-0.9101325968361486	-0.9956872381882785	0.03155054648545595	0.0491552462951032	0.3824223806557585	0.38243647315474044	159	0	0.40506063254689817	0.0225207272757294	0.00022188775631115754	0.38234685581214584	2.981555974335137e-19			0	1	1	1	0	0.8688524590163934	0	1	draw3995	True
-1.6788449980548519	-1.6788449980548519	9.909151393921278e-05	0.04638131700571456	0.05451239933414011	0.04637830449790186	36	0	0.03281794451211002	0.5430963613973203	9.909151393921278e-05	0.04638131700571456	3.122502256758253e-17			0	0	0	0	0	0.19672131147540983	0	1	draw3996	True
-0.35118861500570847	-0.5324414107185406	0.06022911331264653	9.719104109840202e-05	0.2037890070335299	0.20379536005203924	246	0	0.555253779593376	0.5071286349258729	0.0002809963270886949	0.2037890070335299	2.7755575615628914e-17			0	1	1	1	0	0.8723404255319149	0	1	draw3998	True
-0.5071289859253001	-2.185271491350521	1.1762685200938066	0.3325622487477295	0.9716188005431814	0.9716194753231681	152	0	1.7271190431547039	0.10596712996679498	0.00015898156925969132	0.9716188005431814	6.418476861114186e-17			0	1	1	1	0	0.8685714285714285	0	1	draw4000	True
-2.8466415583481597	-2.994186004968018	0.05370254942740094	0.00029987046197196794	0.09797414614711664	0.09812180738410502	250	0	0.03510890552625561	0.1781906523862137	0.0024506985723286023	0.09797414614711664	1.3010426069826053e-18			0	1	1	1	0	0.8620689655172413	0	1	draw4002	True
-1.6693120103753094	-2.291949450715346	0.12537938937127172	0.00340752338190189	0.4039994772820214	0.4040005341852304	213	0	0.21483801951574238	0.2169475285566743	0.00020904712652046798	0.4039994772820214	3.469446951953614e-18			0	1	1	1	0	0.8623481781376519	0	1	draw4004	True
-3.75495305752107	-4.70642774337396	4.770033839940886	0.0022411295237494814	2.1038061303249562	2.1066405719442476	225	0	1.5795551192101964	0.383801856008412	0.2633196924139852	2.1038061303249562	4.440892098500626e-16			0	1	1	1	0	0.9036144578313253	0	1	draw4008	True
-3.9228457172426605	-3.935795750915632	0.07975768448008852	0.14041769519332564	0.1931355894001354	0.173031098350197	88	0	0.04306455965581281	2.2916320400824192e-06	0.06194041617598674	0.1692545776312017	8.326672684688674e-17			0	1	0	1	0	0.6376811594202898	0	1	draw4011	True
-0.515837870388141	-0.5221931528966866	0.0031825347609687016	0.0012257776015029743	0.0027124965200222327	0.0027125024734976897	147	0	0.005123833986657136	0.00016008459976609959	0.00015150831565679412	0.002643698956258151	1.8211208365967457e-20			0	1	1	1	0	0.8546511627906976	0	1	draw4013	True
-0.310165235467041	-0.604202089646066	0.03635095641600298	0.01906865430643177	0.39387388051596695	0.39387390248698967	174	0	0.8661987072127226	0.030654025793779262	4.256331716569029e-06	0.39387388051596695	5.421010862427522e-19			0	1	1	1	0	0.883248730964467	0	1	draw4014	True
-3.226455318024276	-3.357098937082573	2.7388955475962864	0.008211947481473693	0.8656394821717347	0.8661743120162277	204	0	0.3642198514847699	0.060347511406711206	1.6604248850566108	0.6332362505654167	2.233456475320139e-16			0	1	1	1	0	0.8831168831168831	0	1	draw4015	True
-0.6563432833068177	-1.280867736254872	0.31906929112347476	0.07374118445556056	0.5752351854734016	0.5752488401129243	165	0	0.7112949679389928	0.0915955769816841	0.0422023044834689	0.55724758603691	3.426078865054194e-17			0	1	1	1	0	0.8870967741935484	0	1	draw4017	True
-13.69752815503025	-13.69752815503025	2.0652068416552417e-05	0.061216860199366924	0.06407038205604831	0.06121669681370493	74	0	0.005126171350012711	29.855752915053714	2.0652068416552417e-05	0.061216860199366924	4.163336342344337e-17			0	0	0	0	0	0.6115702479338843	0	1	draw4019	True
-0.5278349604147574	-1.6095885217640522	0.6375863012843672	0.5238606226295606	0.8235133646828797	0.8235136024074023	135	0	0.9517750344969697	0.00769128233268885	0.00023565340612829883	0.8235133646828797	9.784924606681678e-18			0	1	1	1	0	0.8544303797468354	0	1	draw4022	True
-1.3059705341888515	-1.3079594592862134	0.06291128387777672	0.0035204573935767366	1.9283263357730036	1.9283375468059751	220	0	0.009999999999954868	2.4996514309720404e-05	0.0628090930945846	0.012572813149234089	8.881784197001252e-16			1	1	1	1	0	1.0	0	1	draw4027	True
-1.2952711086457034	-1.322616670592347	0.35915842057204234	0.0016637175206717153	0.3433129271586084	0.3436412073543818	214	0	0.2090554943261199	0.02687342650939547	0.2630635407572386	0.19202061303301007	5.0523821237824507e-17			0	1	1	1	0	0.8916666666666667	0	1	draw4028	True
-2.5928096524253474	-3.0948153109423617	1.2276008986847389	0.07534654872025871	0.5352524613993831	0.5353641217624707	158	0	1.4305293014683085	0.04731733704543056	0.0278700594510416	0.5352524613993831	7.72714276462208e-17			0	1	1	1	0	0.8633879781420765	0	1	draw4031	True
-0.8098788090952239	-2.41870422308464	0.12783808769741536	0.003397793304266358	2.7717258395690294	2.7720063084844186	227	0	2.1233972946498003	0.24838191031707657	0.0008716906363761922	2.7717258395690294	5.204170427930421e-18			0	1	1	1	0	0.908	0	1	draw4032	True
-0.2607499719479258	-0.2607499719479258	0.00024985433008796617	0.20624406802664663	0.3375158909655097	0.20624169634136352	24	0	0.7775976500206382	0.6145800186920146	0.00024985433008796617	0.20624406802664663	1.942890293094024e-16			0	0	0	0	0	0.13793103448275862	0	1	draw4034	True
-1.9723231521281228	-1.9723231521281228	0.002126988226143614	0.037946444943424605	0.10166869441981403	0.03790163921535903	54	0	0.023425857566624398	1.718413013833529	0.002126988226143614	0.037946444943424605	2.0816681711721685e-17			0	0	0	0	0	0.5806451612903226	0	1	draw4039	True
-1.0154643897480538	-5.7816734624102555	0.28856656084523963	0.11553342344150302	0.740686544095035	0.7406866386080221	171	0	0.2362650729149602	0.21409458713696342	8.054982328219928e-05	0.740686544095035	7.087971702623985e-18			0	1	1	1	0	0.890625	0	1	draw4042	True
-0.23254905509651919	-0.23254905509651919	0.012910141010639703	0.04095518017728731	0.23950072488366314	0.23954211168108772	147	0	0.3278369755442301	9.887043458347467e-07	0.012910141010639703	0.04095518017728731	6.245004513516506e-17			0	1	1	1	0	0.8802395209580839	0	1	draw4043	True
-0.8182094846128628	-1.3265745517542822	0.0744759291722454	0.16980445115304502	1.017094819256797	1.0172036012157535	156	0	0.928873691044387	0.03456230029961748	0.0009871510211448239	1.017094819256797	1.951563910473908e-18			0	1	1	1	0	0.8764044943820225	0	1	draw4045	True
-0.419029243047508	-1.1460057765693852	0.22319579388214358	0.08399688824724404	0.704105592459134	0.7043055193801585	168	0	1.3960138427658533	0.3838917940298377	0.0025430623900222268	0.704105592459134	6.245004513516506e-17			0	1	1	1	0	0.8842105263157894	0	1	draw4046	True
-0.6363080252938785	-0.7369553252123909	0.056948510433453524	0.007058633337124739	0.021046262815938136	0.021046445103309767	144	0	0.032448251126979806	0.0006761569410980399	0.0010800947194736594	0.02091255956473726	7.538593230563273e-20			0	1	1	1	0	0.8323699421965318	0	1	draw4047	True
-1.2344538604125348	-1.6592692901960955	0.41457797915212147	0.048823130807771016	0.4593562758812194	0.4593584115137202	161	0	0.3518095846885402	0.006623648069440001	0.0020425572015446503	0.45916976982234736	8.673617379884035e-19			0	1	1	1	0	0.8609625668449198	0	1	draw4048	True
-0.4519318406321692	-0.6683122464008647	0.01837383656379398	0.010292401351533236	0.21233624729510367	0.21240883617241713	180	0	0.4103231810895904	0.15275209831163444	0.0004371602925916978	0.21233624729510367	2.6020852139652106e-18			0	1	1	1	0	0.8695652173913043	0	1	draw4049	True
-0.8187593166553477	-1.00203838563324	0.03035352652520875	0.3131565554018857	0.6663909139125851	0.6663936367344782	137	0	0.7018151943892469	0.011386047984885177	6.066271749108509e-05	0.6663909139125851	2.168404344971009e-19			0	1	1	1	0	0.845679012345679	0	1	draw4053	True
-3.1857692144923284	-4.245219183017324	0.3046343583898677	0.017721643713487875	0.5581498452740706	0.5583469695590084	189	0	0.1534713195516234	0.025908120826267967	0.005127732962647143	0.5581498452740706	6.505213034913027e-19			0	1	1	1	0	0.8669724770642202	0	1	draw4054	True
-1.4102258475678786	-1.6143935543818255	0.6345862823019567	0.008620558978949004	0.41001925229491776	0.4100228682718714	192	0	0.3548806619800434	0.027631432396806013	0.35341109807453125	0.314918580178994	1.5699247457590104e-16			0	1	1	1	0	0.8767123287671232	0	1	draw4056	True
-0.19785778439590304	-1.2163114628435916	0.06919419738159711	0.00275877846768584	0.011887045600836157	0.011887379276309956	153	0	0.2071300066038144	0.009546404050565671	0.0030880198417180885	0.011726912683205963	1.1741570714839111e-17			0	1	1	1	0	0.8595505617977528	0	1	draw4057	True
-2.262252011268903	-2.954255487347929	2.1110701000518013	0.38576370866404186	1.6468199754447863	1.6469030071915847	146	0	0.854581633704156	0.035810922472111546	0.02261814832142675	1.6468199754447863	2.42861286636753e-17			0	1	1	1	0	0.8588235294117647	0	1	draw4062	True
-1.3082501134332678	-3.8524728096752567	0.10214697977306136	0.0581992552368282	2.2480731007873125	2.2482582913455134	189	0	0.9385219285606302	0.12203637169751815	0.0012997458931054398	2.2480731007873125	8.673617379884035e-19			0	1	1	1	0	0.8915094339622641	0	1	draw4065	True
-0.25770357144250816	-0.2613263458583729	0.006642861981929967	0.000611349020071469	0.06728301250721465	0.06728527060480285	209	0	0.074302909695359	0.00682628188920027	0.005804705014579962	0.017102505472076198	4.7704895589362195e-18			0	1	1	1	0	0.8893617021276595	0	1	draw4066	True
-1.1261159122727138	-1.1468764727637615	0.09609115879277641	0.00040531267591130865	0.23532891099035524	0.23548463408007633	234	0	0.1891385201181946	0.053135227548794274	0.04112307709557453	0.19892370199011625	3.903127820947816e-18			0	1	1	1	0	0.8764044943820225	0	1	draw4074	True
-0.6804441440003313	-0.8526788298321304	0.05510440887211529	0.09053835758309209	0.4249125876319624	0.4249662509935501	152	0	0.5619289869805445	0.04726464844778528	0.0004805179601795424	0.4249125876319624	1.8431436932253575e-18			0	1	1	1	0	0.8636363636363636	0	1	draw4076	True
-0.8154319387365123	-1.2807617737830173	0.34880581549371464	0.09684323461008357	0.297405017206533	0.2974055682234891	140	0	0.3428824217256678	0.0024691840173863967	0.0001120753599740791	0.297405017206533	5.963111948670274e-19			0	1	1	1	0	0.8333333333333334	0	1	draw4077	True
-0.2731448699151361	-0.40163559438813856	0.010651861322390706	0.0017500840673544394	0.17173971929112872	0.17176975351660187	202	0	0.5725258441861469	0.2679413298022953	0.00013196248623907551	0.17173971929112872	1.734723475976807e-18			0	1	1	1	0	0.8859649122807017	0	1	draw4080	True
-0.5188178562789595	-0.984123711905331	0.2058168739795334	0.007840584642652549	0.07813417340241191	0.07813672967035838	167	0	0.1299531114925834	0.005597690270115495	0.003456388654506009	0.07783464322070534	8.944667923005412e-19			0	1	1	1	0	0.8652849740932642	0	1	draw4081	True
-0.2698004465751723	-1.8260517116937258	0.7394534686328831	0.012472500238200512	0.327083905473688	0.32710083224323516	190	0	0.7629431193252637	0.03886488034363771	0.000904620442272469	0.327083905473688	3.916680348103885e-18			0	1	1	1	0	0.8837209302325582	0	1	draw4082	True
-2.675815219392593	-4.573444502445077	2.052412270360245	0.5734750754158295	3.056414757572668	3.0564518875357676	154	0	0.838378910089511	0.03726664084544986	0.0028845918564343355	3.056414757572668	4.445228907190568e-18			0	1	1	1	0	0.8700564971751412	0	1	draw4084	True
-0.05944143294169122	-0.1023160548752725	0.0006129149833966745	0.0003456652887251988	0.02871093020663971	0.028715253887703688	201	0	0.35645891746374525	0.08680191544714644	5.574622788302241e-06	0.02869781670547834	1.2197274440461925e-19			0	1	1	1	0	0.9013452914798207	0	1	draw4091	True
-0.6595724096401246	-0.880809278110576	0.13020605680019948	0.0007054698532644012	0.10490917387487893	0.10500287756970722	219	0	0.21951068526583614	0.19042857079169015	0.0025263312434144025	0.10490917387487893	1.7564075194265172e-17			0	1	1	1	0	0.9087136929460581	0	1	draw4098	True
-0.6385425034147423	-1.2239119823962354	0.11340574421367115	0.0011110108692481615	0.18365868182758055	0.18365968589153858	221	0	0.2683611476792177	0.22121043716358257	0.0001905447649090701	0.18365868182758055	4.87890977618477e-18			0	1	1	1	0	0.8947368421052632	0	1	draw4099	True
-3.2213430741269686	-3.2213430741269686	0.0074247658557790724	0.7470331549121223	0.8471119930463017	0.746909124505776	47	0	0.42549437480578406	1.7922938128802157	0.0074247658557790724	0.7470331549121223	7.771561172376096e-16			0	0	0	0	0	0.2025862068965517	0	1	draw4102	True
-0.15961869273023724	-0.33157554163483266	0.022205630992522013	0.003579785570811137	0.3308716977545723	0.3308925180621173	193	0	1.1666282945178206	1.0287167003164177	0.0003123271200570374	0.32902969207573024	1.734723475976807e-17			0	1	1	1	0	0.8976744186046511	0	1	draw4103	True
-0.5004751318545517	-0.7004566952773784	0.041184946790592855	0.02741058957305022	0.5270969607014199	0.5271459863493786	174	0	0.8044054177036838	0.42132018694795625	0.003099951495141329	0.5229350924097161	1.9081958235744878e-17			0	1	1	1	0	0.8877551020408163	0	1	draw4106	True
-1.7428810920922382	-2.112353849318713	0.17673149075645722	0.0003824326061313856	0.21808187725904737	0.21821358038561764	246	0	0.15193426309527006	0.3125393954774927	0.00856478153888343	0.21808187725904737	1.5612511283791264e-17			0	1	1	1	0	0.8601398601398601	0	1	draw4110	True
-0.05746194774521454	-0.147267159781252	0.004400838471635978	0.005921185129266496	0.08842635134507108	0.08843974858810778	169	0	1.0483708718507334	0.043596996682784224	5.153200666921525e-05	0.08842635134507108	7.047314121155779e-19			0	1	1	1	0	0.8756476683937824	0	1	draw4111	True
-0.9016534480148274	-1.04303090386567	0.09139617346345477	0.06210712753693567	0.544955871421955	0.5450191800750063	163	0	0.6345549557516618	0.13056568559270224	0.0037065335434773895	0.544955871421955	1.3010426069826053e-17			0	1	1	1	0	0.8763440860215054	0	1	draw4114	True
-0.44496927880765447	-1.3831170117353868	0.4537745062789482	0.022633056013543686	0.42878274735608085	0.42878428202373353	173	0	0.7619723628093703	0.18734266360490665	0.001106907414248096	0.42878274735608085	9.71445146547012e-17			0	1	1	1	0	0.8277511961722488	0	1	draw4117	True
-0.33974790000499827	-1.1502441879714413	0.2616760077790469	0.007684231549543139	0.16516479548413385	0.16516519938082713	174	0	0.5131799275851465	0.015526032952838787	0.00539700706120277	0.16451758215423248	1.474514954580286e-17			0	1	1	1	0	0.8743718592964824	0	1	draw4122	True
-0.7286732364097332	-0.9633361649133879	0.04408424716256169	0.29956655213008565	0.6987499460167518	0.6987514488145468	138	0	0.7910092731017438	0.006727923982462719	5.795544839878982e-05	0.6987499460167518	2.846030702774449e-19			0	1	1	1	0	0.8414634146341463	0	1	draw4126	True
-1.288273382795325	-3.353495650764023	1.0118800250408577	0.0015585301021852898	0.8220613836045285	0.8221079133328569	237	0	0.5471810967803897	1.1039354217710953	0.016459813979095985	0.8186496232705025	8.326672684688674e-17			0	1	1	1	0	0.915057915057915	0	1	draw4131	True
-0.322595582170369	-1.6180834794715548	0.20976846357184167	0.018654231198639116	0.11171898057275068	0.1117601170062477	159	0	1.2676569570637943	0.04692307169881659	0.0021473401257196337	0.11171898057275068	2.068917678338031e-17			0	1	1	1	0	0.8548387096774194	0	1	draw4132	True
-0.25491431707683465	-0.25491431707683465	0.0044209996165635234	2.3574369720532427e-05	0.012685570798908058	0.012685579893036987	247	0	9.999999999992883e-05	2.158206496389641e-06	0.0044209996165635234	2.3574369720532427e-05	8.673617379884035e-19			1	0	1	1	0	0.7942122186495176	0	1	draw4135	True
-0.2266465809086557	-1.1738677483570479	0.2842828703102155	0.09651939624073523	0.7077418657976516	0.7077574716773081	162	0	1.2690688659562563	0.06996166228382335	0.0004908664405632253	0.7077418657976516	1.1275702593849246e-17			0	1	1	1	0	0.8756756756756757	0	1	draw4140	True
-0.8323541885071077	-0.8323541885071077	0.08580678091943383	0.00029176637436854116	0.2765988009561377	0.27662129476946284	226	0	0.0024189628355422827	9.991749121940698e-07	0.08580678091943383	0.00029176637436854116	7.320533068622126e-16			0	1	1	1	0	0.9186991869918699	0	1	draw4141	True
-4.437792080872483	-4.455296966375312	0.0192692746114881	0.17098653998671368	0.1838385671721087	0.18383856905451906	114	0	0.04061083270843919	0.00019002744520231252	1.2054071614069593e-06	0.1838385671721087	3.3881317890172014e-21			0	1	1	1	0	0.75	0	1	draw4143	True
-0.2723965393302094	-0.3271506801307774	0.01105305734525083	0.005451883218810315	0.12557771957808106	0.12560489670548253	182	0	0.5839085039863567	0.26823235873440415	0.000331934393101007	0.12557771957808106	6.071532165918825e-18			0	1	1	1	0	0.8708133971291866	0	1	draw4144	True
-0.3194843824115068	-0.5537454766388799	0.07662179203872384	0.0012694098976445353	0.25290179130567114	0.25290391533524376	210	0	1.2754273305820794	0.4577662832432317	0.004069218752409935	0.25021825259235153	2.3527187142935446e-17			0	1	1	1	0	0.9051724137931034	0	1	draw4145	True
-0.3807690707026287	-4.1547435342955295	2.197730687768338	0.24344303185316468	0.6208120109798497	0.6208882498686263	139	0	1.1548940721734584	0.004000471072477535	0.009285677014536921	0.6208120109798497	4.716279450311944e-18			0	1	1	1	0	0.8323353293413174	0	1	draw4146	True
-0.22608468627664083	-1.0601396999840738	0.08727647255284937	0.030615400312635623	0.7556733911075916	0.7556775573715067	180	0	1.0902788949138011	0.2264571178720905	0.00021708069468313114	0.7556733911075916	1.0408340855860843e-17			0	1	1	1	0	0.9045226130653267	0	1	draw4148	True
-0.8528156907258718	-1.188693304031898	0.12658991833717148	0.5289887132628731	0.7879906540313684	0.7879908839617419	131	0	0.7281359333305243	0.003782254733305942	0.0005086028387713857	0.7877026596003803	8.402566836762659e-19			0	1	1	1	0	0.8397435897435898	0	1	draw4154	True
-1.1061135728300961	-1.5229860895161318	0.2881328868817662	0.06418590452819599	0.49393186206663897	0.4939340114304001	159	0	0.3968430292650289	0.019710110874472813	0.0006661431397752654	0.49393186206663897	4.336808689942018e-18			0	1	1	1	0	0.8641304347826086	0	1	draw4156	True
-0.4550557110023554	-0.5223885125631574	0.03851889407715937	0.00785009550788109	0.14860352201566085	0.1487930138833595	177	0	0.2532908178885789	0.03712042375460765	0.024101679705643475	0.1024431625924585	1.0408340855860843e-17			0	1	1	1	0	0.8271028037383178	0	1	draw4164	True
-2.721724124744638	-2.789202033742837	0.45602828184638583	0.046050572106120735	0.11239003077563874	0.04631050832214934	97	0	0.04305801154628818	1.7591612722153256e-05	0.3514838358377727	0.11239003077563874	2.0816681711721685e-17			0	1	0	1	0	0.6466666666666666	0	1	draw4165	True
-0.31632874607411987	-1.2927536533997417	0.4176930193056132	0.02095132248749414	1.6305258980659276	1.6305315998630363	196	0	8.018083000502491	0.21951931873381786	0.00015698311215957075	1.6305258980659276	4.163336342344337e-17			0	1	1	1	0	0.8949771689497716	0	1	draw4167	True
-0.3823823770946601	-3.7678046416837514	1.6731175547184072	0.09538163260930062	3.7351250645538943	3.7359518895843182	190	0	3.955929783680265	0.09390846861345907	0.0035688615638437026	3.7351250645538943	1.0842021724855044e-17			0	1	1	1	0	0.8878504672897196	0	1	draw4168	True
-0.5752584513704087	-0.7115281640911173	0.10716206503900196	0.002035621087066119	0.1788556941306725	0.17887014470467652	198	0	0.5127091343170135	0.10778055911714295	0.05628037582027238	0.11411440715017644	1.3877787807814457e-16			0	1	1	1	0	0.8497854077253219	0	1	draw4170	True
-1.3735440953132516	-1.3735440953132516	0.25738270769319016	0.02805240206698712	0.11326681752341612	0.11330299658977185	159	0	0.1206776449965159	9.89736668554615e-07	0.25738270769319016	0.02805240206698712	2.5392014879610514e-16			0	1	1	1	0	0.8784530386740331	0	1	draw4173	True
-0.8467050807983878	-0.9906665145901057	0.10491412084282682	0.04785117366494997	0.12051080176580342	0.12051157280829387	141	0	0.13865100353628312	0.0016188812574336557	0.0014295912948265408	0.11994599677412891	3.3203691532368573e-19			0	1	1	1	0	0.8392857142857143	0	1	draw4176	True
-0.4105473146540817	-0.4105473146540817	0.015836280191791494	0.010748261404439564	0.16119279878966647	0.16119477311043234	168	0	0.02941987929690732	9.977439143569063e-07	0.015836280191791494	0.010748261404439564	7.589415207398531e-19			0	1	1	1	0	0.865979381443299	0	1	draw4177	True
-3.408704327363372	-3.6050801396896883	0.1127464487405841	0.578429753048241	1.554186291013708	1.5541936837089736	139	0	0.43896242710627775	0.005755197217409968	0.00010642360905102765	1.5541239721990985	1.8973538018496328e-19			0	1	1	1	0	0.8424242424242424	0	1	draw4180	True
-0.9223254119394326	-1.803821005918472	0.2809372111893287	0.015202240070886677	0.8429870669467696	0.8430816225623942	192	0	0.7025753230687329	0.07169195423144496	0.0012311934584081146	0.8429870669467696	4.336808689942018e-18			0	1	1	1	0	0.8930232558139535	0	1	draw4184	True
-0.12160175463412055	-0.879015880109519	0.12850057113431984	0.19646156620341124	0.27709601745206935	0.2771008784778415	139	0	0.5020086232661236	0.01627348795840224	0.0001296548172706293	0.27709601745206935	9.994988777600744e-19			0	1	1	1	0	0.8475609756097561	0	1	draw4185	True
-0.4476801183915549	-0.4476801183915549	0.00023296566928763458	0.24241700145060696	0.45719812084764466	0.24241510031108943	25	0	0.8922331732437285	1.0459052920984466	0.00023296566928763458	0.24241700145060696	2.220446049250313e-16			0	0	0	0	0	0.12953367875647667	0	1	draw4187	True
-0.3454863837925408	-0.34741627004798575	0.0238235902245348	0.0013232249025805832	0.06851636277718397	0.06863018501585162	196	0	0.051186550806232016	0.0006337652552671964	0.023256684080505116	0.012851131806360858	5.458280312106711e-18			0	1	1	1	0	0.8868778280542986	0	1	draw4192	True
-0.9754936012988975	-6.747243737269221	11.356974717294792	0.05533896894676624	1.1232591728290977	1.1232976581668996	181	0	0.617278329311224	0.022965303714635593	0.016137507181704557	1.1232591728290977	3.469446951953614e-17			0	1	1	1	0	0.8786407766990292	0	1	draw4193	True
-3.7584111481369336	-5.527801515972822	2.6296360443146574	0.006912155578074197	1.9117644679270929	1.9122829070833292	219	0	0.5266677808160939	0.14441901249690955	0.1406886824403255	1.9117644679270929	6.071532165918825e-17			0	1	1	1	0	0.8975409836065574	0	1	draw4194	True
-1.682573407183317	-1.712796461008062	0.1682466104242829	0.013724423840349215	0.35618373630787636	0.3561842269684629	181	0	0.21653880386217397	0.032036214066619946	0.00014048989603122542	0.35618373630787636	1.3010426069826053e-18			0	1	1	1	0	0.8743961352657005	0	1	draw4195	True
-0.16778274730863602	-0.6160022414692492	0.05908402993717082	0.009723940808166109	0.25021843605053246	0.25023274043871474	188	0	1.2054495760584367	0.2611897852221063	0.0002796564059364407	0.25021843605053246	3.122502256758253e-17			0	1	1	1	0	0.8506787330316742	0	1	draw4199	True
-0.508640895594654	-0.9309808355181112	0.1794374467926125	0.017501756534147168	0.38047735437099334	0.38070906499937107	182	0	0.7942785607206932	0.14396212771639502	0.03236077391855332	0.35649576686105355	7.28583859910259e-17			0	1	1	1	0	0.875	0	1	draw4202	True
-0.4211066136852538	-3.390753755726664	0.1487577648400933	2.135271385939466	3.3764421737677845	3.3764717540972238	138	0	1.262113949545459	0.04066026839444965	7.469769902726983e-05	3.3764421737677845	3.7947076036992655e-19			0	1	1	1	0	0.8571428571428571	0	1	draw4203	True
-0.04800851260171446	-0.04800851260171446	0.0005613911584557929	2.938303673447305e-05	0.017269176620823314	0.017269176950391887	226	0	0.0014596423791547754	9.985295637568121e-07	0.0005613911584557929	2.938303673447305e-05	3.469446951953614e-18			0	1	1	1	0	0.8528301886792453	0	1	draw4204	True
-0.7868309304338449	-1.1395648715732847	0.06204502019248887	0.10176558573791882	0.7692302609060413	0.769247036222977	156	0	0.7732981108428416	0.00953937147164706	0.0001346305497141417	0.7692302609060413	2.710505431213761e-19			0	1	1	1	0	0.8571428571428571	0	1	draw4206	True
-0.2374588378886462	-4.179639702114492	2.4660705720299445	0.3717775232362842	1.8383609201133602	1.8385058670007957	167	0	1.900580861657395	0.04738624608258419	0.0023690054091257723	1.8383609201133602	1.0126331823984364e-17			0	1	1	1	0	0.8697916666666666	0	1	draw4207	True
-0.5251738158657612	-1.057312077400525	0.23055072640310292	0.14117326079680267	0.687316135072202	0.6873162233527558	154	0	1.2101204750885963	0.050304434262049426	0.00015292603579805314	0.687316135072202	1.546004535328549e-17			0	1	1	1	0	0.8700564971751412	0	1	draw4208	True
-0.2944825356399767	-1.0196766049667816	0.22390911393467286	0.002970781712545071	0.8815223562277206	0.8816448120463275	213	0	2.618346235130714	0.19075394728173295	0.0008200996357039114	0.8815223562277206	4.9873299934333204e-18			0	1	1	1	0	0.8987341772151899	0	1	draw4215	True
-1.1619056640602525	-4.87318511755022	0.2098614734747391	0.15394197212149918	1.937469065767322	1.9375555190807965	173	0	0.5376540769561715	0.27270052649670157	0.0007270745671974637	1.937469065767322	3.469446951953614e-18			0	1	1	1	0	0.8826530612244898	0	1	draw4220	True
-1.2455032360172056	-5.468386830465556	1.646189964462897	0.006470669153738329	0.4407295422909091	0.440880021362115	190	0	2.3260898288528584	0.08522871500220229	0.01506587645993512	0.4407295422909091	1.491862189340054e-16			0	1	1	1	0	0.8837209302325582	0	1	draw4222	True
-0.43101256441977787	-0.4673918849244386	0.01288150849485434	0.0029916063141889083	0.0996438479939916	0.09967952497909287	191	0	0.14656979474899873	0.03877445253147242	0.01024786472621342	0.05991757915301888	4.336808689942018e-18			0	1	1	1	0	0.8925233644859814	0	1	draw4225	True
-0.1920008134275882	-0.6757551901748301	0.016457794271268294	0.0004471538025115461	0.19907547267439862	0.19920876167624918	232	0	0.5347730831822746	0.7312492231000417	0.0003986342430326984	0.19907547267439862	6.071532165918825e-18			0	1	1	1	0	0.8992248062015504	0	1	draw4227	True
-0.6187485345013758	-1.6985128847290811	0.46147568086631	0.032143706107200624	0.4003835854231927	0.40038546589268015	174	0	2.485838345917994	0.22961778330283958	0.00029325290922310726	0.4003835854231927	7.28583859910259e-17			0	1	1	1	0	0.8969072164948454	0	1	draw4228	True
-0.3416678423821385	-0.4346724036665513	0.004186695433893707	0.00615244076625681	0.032718168363438695	0.03271977015966995	158	0	0.08394028024282302	0.009544177471903531	1.443400829927973e-05	0.03271302723697521	2.710505431213761e-20			0	1	1	1	0	0.8586956521739131	0	1	draw4231	True
-11.074739326783305	-11.074739326783305	0.3022234524023458	0.11321094394337047	0.11939148726101191	0.11942523843559064	169	0	0.010006168789505204	0.3384145738258013	0.3022234524023458	0.11321094394337047	5.551115123125783e-17			0	0	1	0	1	1.0	0	1	draw4238	True
-0.9321876516354164	-2.7506484514099965	0.23612702844591338	0.22223860025913547	2.0960504670772204	2.09619299649909	167	0	1.2113079880898583	0.12472824276451057	0.003873560056933437	2.0960504670772204	7.37257477290143e-18			0	1	1	1	0	0.8789473684210526	0	1	draw4241	True
-0.8372662540657202	-2.3363399638653255	1.2896449566819776	0.23881540071743307	0.7034798643424921	0.7035121715737953	150	0	0.9936053727107522	0.034264678373563034	0.09285083225137641	0.6876791161172489	1.201296007113939e-16			0	1	1	1	0	0.872093023255814	0	1	draw4242	True
-0.5086897489542989	-4.331049013209336	3.516305188042357	0.5213109614344896	1.0715851787656063	1.0715931351317551	153	0	0.6596036995034432	0.021047484546335322	0.001532406147718807	1.0715851787656063	4.589436266460613e-18			0	1	1	1	0	0.864406779661017	0	1	draw4243	True
-3.498848642273745	-5.10016817318572	0.6519015748462409	0.13798356043238075	1.9480797753587213	1.948099652102503	170	0	0.44682918994439946	0.03333144007831316	0.0022637142519586766	1.9480797753587213	6.071532165918825e-18			0	1	1	1	0	0.8717948717948718	0	1	draw4245	True
-0.6615535636014519	-0.8244112928450357	0.09201217286633787	0.003569312832635301	0.21008099430933536	0.2101483038360873	196	0	0.3660287913364745	0.13713556363631238	0.002741360994565436	0.21008099430933536	7.874018277675976e-18			0	1	1	1	0	0.8270042194092827	0	1	draw4247	True
-0.7679966780661986	-0.9966888613649507	0.2167804303672777	0.0008803300491399727	0.10120619371816872	0.10120668159174598	213	0	0.12895696373213716	0.05360360892235606	0.0323869177404547	0.09719898386069901	8.673617379884035e-18			0	1	1	1	0	0.8385826771653543	0	1	draw4248	True
-1.7413310884806399	-1.7413310884806399	0.753199557199007	0.0002848647632216554	0.9666730100521557	0.9666883928200041	298	0	0.00035619418968216494	9.999551701657959e-07	0.753199557199007	0.0002848647632216554	4.440892098500626e-16			1	1	1	1	0	1.0	0	1	draw4249	True
-0.1868940632950297	-0.8820968760031859	0.05859025967980455	0.06948788426646398	0.22518007423016212	0.225189605497394	161	0	0.47179266442555484	0.10916569939366368	0.0030562817788966625	0.20451091059924678	1.0408340855860843e-17			0	1	1	1	0	0.8429319371727748	0	1	draw4250	True
-0.26403374862796963	-0.3247060865602653	0.009036823363725797	0.008817516160512106	0.08312763551863697	0.08312788831077912	166	0	0.29923991002311134	0.07824439018433277	1.8298281879510883e-05	0.08312763551863697	1.3010426069826053e-18			0	1	1	1	0	0.8469387755102041	0	1	draw4254	True
-0.29471823439734446	-0.5643835870270688	0.0744442013654657	0.000997329107684371	0.188762647371892	0.1887629716912093	213	0	0.936701044868614	0.21369504187505262	6.0584636638061464e-05	0.188762647371892	1.3660947373317356e-17			0	1	1	1	0	0.902542372881356	0	1	draw4255	True
-4.878442065598282	-6.192021809958233	5.173069294285875	0.003114238700660867	1.937279325861784	1.9373061189927558	232	0	0.4562974545734057	0.4917346575514415	0.016807701915854782	1.937279325861784	1.457167719820518e-16			0	1	1	1	0	0.9169960474308301	0	1	draw4261	True
-21.48995370155509	-21.48995370155509	0.009881683585264787	0.19561711590046055	0.37015788331429644	0.19561682820075516	71	0	0.09963798939392753	1.337060359956891	0.009881683585264787	0.19561711590046055	2.220446049250313e-15			0	0	0	0	0	0.6761904761904762	0	1	draw4262	True
-9.138946552392792	-9.138946552392792	1.8077255742281981	0.0004456894919220454	0.142873325933808	0.14290578642093554	218	0	0.0022000317320190208	9.99172732755258e-07	1.8077255742281981	0.0004456894919220454	1.233822072288504e-15			0	1	1	1	0	0.9083333333333333	0	1	draw4263	True
-1.5548620488136646	-4.560128940634619	1.390929004578007	0.005549035484183088	0.2474698400287256	0.24748591880459794	183	0	0.6918633668738499	0.0656346875186876	0.013773784493109637	0.2474698400287256	7.697835424647081e-17			0	1	1	1	0	0.8883495145631068	0	1	draw4268	True
-0.9002484234455836	-0.9002484234455836	0.17334829300775842	0.00018331252818477333	1.1396699243045798	1.139683870191707	305	0	0.000295708178759837	9.999313544648332e-07	0.17334829300775842	0.00018331252818477333	6.661338147750939e-16			1	1	1	1	0	1.0	0	1	draw4274	True
-0.7652322367923282	-2.7840028936134034	1.6521862291258627	0.08416535248734847	0.8027316401064882	0.8027316599599874	166	0	1.4941387488875155	0.052506585189995396	0.0001216305219838232	0.8027316401064882	5.637851296924623e-17			0	1	1	1	0	0.8877005347593583	0	1	draw4276	True
-1.0422433718370199	-8.34765507698379	11.989611866607518	2.3921690907338964	3.7628533882918296	3.762875149357423	138	0	0.7602934107370725	0.008564666780038513	0.006477980592539636	3.7628533882918296	3.903127820947816e-18			0	1	1	1	0	0.8363636363636363	0	1	draw4281	True
-0.8659039045099332	-0.974851775179254	0.022467320391768922	0.005002479858688507	0.3089756926460658	0.30900650862438095	192	0	0.33950045678805074	0.023575385939587287	0.00016850333117095456	0.3089756926460658	3.5236570605778894e-19			0	1	1	1	0	0.8807339449541285	0	1	draw4282	True
-0.7640845027830523	-2.1505544372466288	0.16571058064420666	0.08237894429450747	1.4937213741246858	1.4937430038355914	174	0	0.9220806987194012	0.05519151040904933	0.0009250243781938136	1.4937213741246858	2.6020852139652106e-18			0	1	1	1	0	0.8877551020408163	0	1	draw4284	True
-0.22162374451066055	-0.22165376769146522	0.011484691776407555	0.001025242980787885	0.060256077116815146	0.06026302866550404	188	0	0.018041430181636786	4.1922162453377e-06	0.011475278803516915	0.0014914636540913069	1.8735013540549517e-16			0	1	1	1	0	0.9038461538461539	0	1	draw4286	True
-1.3688812330226985	-1.3688812330226985	0.2503066054332288	5.348702486827603	5.816992187654012	5.816995613777253	34	0	2.9215182305726364	7.5139950358498435	0.2503066054332288	5.348702486827603	3.552713678800501e-15			0	0	1	0	1	0.14107883817427386	0	1	draw4289	True
-0.727286889907325	-1.0841150838899398	0.13624486128839527	0.02333470955525271	0.5276838037467974	0.5277360876848299	178	0	0.6548308089025358	0.13444460289168778	0.0022419150522677484	0.5276838037467974	1.5585406229479126e-17			0	1	1	1	0	0.8855721393034826	0	1	draw4290	True
-3.29842147954626	-3.784833398240639	2.7254860338537634	0.0020342607435606644	0.5555134901024803	0.5559660336563657	221	0	1.8199863249234352	0.3918736481757082	0.028574456858873817	0.5555134901024803	3.400058012914542e-16			0	1	1	1	0	0.8983739837398373	0	1	draw4295	True
-0.44346258251776827	-1.254677514509853	0.08137815230884309	0.08294952860314325	0.8359147255997528	0.8359178296510346	167	0	0.9484437779429902	0.1032957144655264	0.00019210279137138553	0.8359147255997528	6.071532165918825e-18			0	1	1	1	0	0.8835978835978836	0	1	draw4296	True
-0.7199700835925947	-0.9753911190084152	0.012753088452983488	0.11449506116566471	0.5585266427104868	0.5585696457947092	150	0	0.6183224296404527	0.013091441168425729	0.00011253723404349289	0.5585266427104868	1.6940658945086007e-19			0	1	1	1	0	0.8571428571428571	0	1	draw4298	True
-0.7319857289138785	-1.2576331374136671	0.17557802762754793	0.011932520441510474	0.781642944074587	0.7824813173604689	193	0	0.9090830064411533	0.17863381390122235	0.008497717540893094	0.781642944074587	8.673617379884035e-18			0	1	1	1	0	0.8616071428571429	0	1	draw4299	True
-0.5849430167000411	-0.8949272259606089	0.06972530890870186	0.009763346827518523	0.39342965778611017	0.39348815105618706	186	0	0.5713456364830062	0.07154329172479008	0.0007645776584235831	0.39342965778611017	1.3010426069826053e-18			0	1	1	1	0	0.8773584905660378	0	1	draw4300	True
-0.3739058258226815	-1.0239424265742334	0.15486983162693155	0.008946904262129221	0.3633872486546827	0.3633917880230735	194	0	0.8145244902981883	0.2318231989841805	0.0001682502480743932	0.3633872486546827	1.214306433183765e-17			0	1	1	1	0	0.8981481481481481	0	1	draw4302	True
-0.6538353046768929	-6.849649986073273	5.248129223241869	0.1337999395989126	4.2957732989716755	4.295981779482049	198	0	6.9185247971342125	3.374386910995331	0.07415640456920228	4.11282543834778	1.7763568394002505e-15			0	1	1	1	0	0.8571428571428571	0	1	draw4303	True
-0.7655930774552098	-0.787033310224024	0.012310050897676934	0.0018369501479836947	0.051590409266606865	0.05159607585628836	190	0	0.06358389093276567	0.007943873071462318	0.0014816356840217815	0.04886338901326253	5.421010862427522e-20			0	1	1	1	0	0.8755760368663594	0	1	draw4307	True
-0.3767199350584714	-1.484552512546454	0.34326016154317035	0.05600131048346063	0.21529389455778392	0.2152970362919405	161	0	0.32499633743281525	0.034585080974639686	0.00047138576125046577	0.21529389455778392	3.469446951953614e-18			0	1	1	1	0	0.8702702702702703	0	1	draw4308	True
-1.704450308177597	-1.704450308177597	0.2561900364374435	0.00021720503537742955	0.12913579052636678	0.12932593017815847	224	0	0.0013018228190075272	9.993747793790875e-07	0.2561900364374435	0.00021720503537742955	6.911788849595091e-17			0	1	1	1	0	0.8995983935742972	0	1	draw4315	True
-0.9895703411193013	-9.544599523080022	11.893061282744597	4.241645963593938	6.613579564159994	6.613581969669817	138	0	1.0730419944947958	0.012116298452546885	0.0005518696351234759	6.613579564159994	3.2526065174565133e-18			0	1	1	1	0	0.8518518518518519	0	1	draw4319	True
-0.16223965909908727	-0.9128538519648597	0.17574747061948776	0.14960691753783162	0.6706139028235534	0.6706607605340655	156	0	1.6962497201070845	0.0762577161200329	0.00036631901626950645	0.6706139028235534	3.0357660829594124e-18			0	1	1	1	0	0.8764044943820225	0	1	draw4320	True
-0.776375038881771	-0.9410774296297373	0.018885338358292404	0.005232321860767454	0.34075688170897933	0.3407717664790405	193	0	0.4010829732090365	0.03698936043209983	9.119138787755648e-05	0.34075688170897933	2.710505431213761e-19			0	1	1	1	0	0.8894009216589862	0	1	draw4323	True
-1.4117986768938353	-4.745702156856554	0.20412995603965003	0.1894162525075205	3.7308780695233135	3.7316698183712433	177	0	1.1737317738678832	0.14949779056278933	0.002977564729661921	3.7308780695233135	2.791820594150174e-18			0	1	1	1	0	0.855072463768116	0	1	draw4326	True
-0.4551501907841608	-0.49617401144394613	0.01639354021795852	0.004979120678079658	0.02367395811308977	0.023674113347697895	156	0	0.05028773739870547	0.0035032191236894442	0.000914686698158219	0.023108684531675174	1.0842021724855044e-19			0	1	1	1	0	0.8524590163934426	0	1	draw4327	True
-0.13317577750580484	-0.8445697041104285	0.09261021611187574	0.07854918735294321	0.21911661239484218	0.21912903775334736	167	0	0.8103258063683533	0.0549110959603837	0.0029592258902912385	0.2003446955761847	3.8163916471489756e-17			0	1	1	1	0	0.8743455497382199	0	1	draw4328	True
-0.6966476844197103	-0.7078238115262947	0.004289227089754894	0.012159214150284587	0.01714133363868355	0.017141333845773703	127	0	0.024224708795119433	0.00020603514424332212	5.6295857631720885e-05	0.01709462512849145	4.870439446712227e-21			0	1	1	1	0	0.8089171974522293	0	1	draw4330	True
-0.9971375662956724	-0.9971375662956724	0.034349735515424404	0.0002950490613206429	0.24132209765327425	0.2417505601904287	239	0	0.00030693450281317947	9.99861475186795e-07	0.034349735515424404	0.0002950490613206429	5.204170427930421e-18			0	1	1	1	0	0.8690909090909091	0	1	draw4332	True
-1.5756890636092846	-1.7203518132863813	0.737511297579958	0.007891137359707487	0.9370901581856776	0.9375527078711272	198	0	0.9528772528991928	0.7079344766875137	0.05511048607624841	0.9348810139926315	3.3306690738754696e-16			0	1	1	1	0	0.88	0	1	draw4334	True
-2.0598788436776827	-2.073699752164128	0.04622060506120981	0.0006288979605297441	0.029634687593298306	0.029647985593029665	218	0	0.010555747662847722	0.0053617561056985424	0.017408168052437552	0.021564615950133897	1.6263032587282567e-19			0	1	1	1	0	0.8825910931174089	0	1	draw4336	True
-1.715723637838772	-2.1259282540753746	0.15829640625812638	0.008415934809782963	1.132337561171264	1.1323582576672535	204	0	0.5941147346388373	0.11151197720366517	0.0017476206453706546	1.132337561171264	7.806255641895632e-18			0	1	1	1	0	0.8717948717948718	0	1	draw4345	True
-1.2671845310265155	-1.889056131693851	0.8236169928866791	0.002105912093908744	0.4991489143714752	0.49915884396479027	218	0	0.39365107211241895	0.08159532010739311	0.10143655131253955	0.4814672254310078	9.71445146547012e-17			0	1	1	1	0	0.8515625	0	1	draw4348	True
-2.3202891663766714	-3.23948163582613	2.3915908050115147	0.030022077713136162	1.5120814302644836	1.5123847069529168	193	0	1.2121195412502956	0.585318967305936	0.04360823708124004	1.5120814302644836	3.716645047280309e-16			0	1	1	1	0	0.8894009216589862	0	1	draw4354	True
-1.1978892108581325	-1.1978892108581325	0.0038439497723770652	0.021805645395739745	0.1726786838232059	0.02178354002054513	62	0	0.0904451903296984	0.32808275939516485	0.0038439497723770652	0.021805645395739745	2.3592239273284576e-16			0	0	0	0	0	0.25	0	1	draw4355	True
-0.30418201525223126	-1.1618168603598773	0.33387656800798343	0.020102275472135833	0.1013523234271141	0.10135969478718683	163	0	0.27051047802481015	0.021271623281005757	0.002955079113123717	0.10125371891181598	2.7841972976248852e-18			0	1	1	1	0	0.8716577540106952	0	1	draw4356	True
-1.8434409200538435	-1.9302598730391876	0.1658825324014405	0.3644729012239914	0.41581400075761277	0.41581405172899766	120	0	0.22708420802247545	0.00022790937558586643	0.0011296761039264836	0.4156315380579761	7.602120701607346e-20			0	1	1	1	0	0.7894736842105263	0	1	draw4359	True
-0.21588609004070883	-2.7108271486673177	0.8601460510956472	0.01777017303597328	0.3614775198091437	0.36147970884248165	177	0	2.0861474799149473	0.034047918697201446	0.00029574052277970837	0.3614775198091437	1.439278383974507e-17			0	1	1	1	0	0.8894472361809045	0	1	draw4360	True
-0.17918687779743747	-0.27278643480403375	0.009612482200059093	9.465672191099898e-05	0.1390147486959952	0.13917795908189784	241	0	0.9152396225329252	0.4201184024018318	0.0004422696452214639	0.1390147486959952	3.469446951953614e-18			0	1	1	1	0	0.8992537313432836	0	1	draw4365	True
-0.218012710765275	-1.5686608271135838	0.6072519483307294	0.41449400109664863	0.6582150362393873	0.6582151335166968	148	0	1.864826700969565	0.060607203682620216	0.003206352723023846	0.6557977018068264	1.0842021724855044e-17			0	1	1	1	0	0.8409090909090909	0	1	draw4369	True
-1.1562554006966752	-3.5758351320361346	0.19895571323744082	0.9474450099917524	3.0292951221929116	3.029391979906469	147	0	1.023758535041906	0.04221770164233052	0.0007943555524941668	3.0292951221929116	2.574980159653073e-18			0	1	1	1	0	0.8647058823529412	0	1	draw4371	True
-1.7332994207454413	-1.7332994207454413	0.07209774638092342	0.01278809154456867	0.8393600397568939	0.8397516019196344	190	0	0.007580072811165158	9.991503304211413e-07	0.07209774638092342	0.01278809154456867	4.336808689942018e-19			0	1	1	1	0	0.8796296296296297	0	1	draw4372	True
-0.15755996043966944	-1.1068915137419246	0.11708927202255642	0.050347186869324406	0.9340121476228984	0.9340678787206176	178	0	1.9489494292600409	0.1719956838334893	0.0002649535124854515	0.9340121476228984	2.8189256484623115e-18			0	1	1	1	0	0.8811881188118812	0	1	draw4376	True
-1.701305896134985	-4.025141387482929	3.462509641629265	0.014242829979272401	2.0318306362575065	2.0318306578650907	207	0	0.9630452019343995	0.5684433242769996	0.09274709087722763	2.011497882635014	1.942890293094024e-16			0	1	1	1	0	0.9078947368421053	0	1	draw4377	True
-1.4134602191200873	-2.192332536888614	1.1061192706871683	0.020876333712448417	0.5114092587858287	0.5115652735517532	181	0	1.1362237823625347	0.08449084306141208	0.015494588971569067	0.5114092587858287	9.71445146547012e-17			0	1	1	1	0	0.8743961352657005	0	1	draw4379	True
-0.5994319590457792	-0.710438179015477	0.04873366103982542	0.0014801096740691213	0.12082511672472793	0.12089951407505452	205	0	0.24171488123501603	0.15018126193372505	0.002213508548164606	0.12082511672472793	6.179952383167375e-18			0	1	1	1	0	0.8991228070175439	0	1	draw4380	True
-0.3900465466427906	-2.1650104652207904	0.1708255688660442	0.18389031932601047	1.5451240342347519	1.545136119375987	165	0	1.247053810666345	0.06283647748524662	8.371925045436679e-05	1.5451240342347519	1.5178830414797062e-18			0	1	1	1	0	0.873015873015873	0	1	draw4382	True
-0.18144957394458516	-0.9341407435409498	0.058745713091188936	0.04023835984266337	0.7358736746582553	0.7358960712772793	178	0	1.4052705540580515	0.27621939097007187	0.00011176809019415869	0.7358736746582553	1.0408340855860843e-17			0	1	1	1	0	0.8855721393034826	0	1	draw4383	True
-3.1403569960480153	-3.2649870981188576	0.4732206117170765	0.03123201569725836	0.17728364189793758	0.1772881670074334	158	0	1.6461389589355526	0.11176961008491208	0.0034356115793567196	0.17728364189793758	1.201296007113939e-16			0	1	1	1	0	0.8729281767955801	0	1	draw4384	True
-0.5160404166708896	-3.500294801412051	0.6300806542914772	0.11173591099552696	1.9590969678671373	1.959334536701451	180	0	1.264449026518852	0.14385686183350752	0.0022995301147775344	1.9590969678671373	7.806255641895632e-18			0	1	1	1	0	0.8866995073891626	0	1	draw4385	True
-0.9197554057577108	-0.9197554057577108	0.1801297524037029	0.00031988028456232507	0.1097759850329448	0.10979192799249278	232	0	0.0005036207280319646	9.992917140857603e-07	0.1801297524037029	0.00031988028456232507	6.331740687315346e-17			0	1	1	1	0	0.8957528957528957	0	1	draw4386	True
-0.37116781270256305	-4.091652040577555	1.7378218391058935	0.038142181152001034	2.1530335490718504	2.1535988166167153	190	0	7.420998806554649	5.482625312216709	0.001368014914361985	2.1530335490718504	6.661338147750939e-16			0	1	1	1	0	0.8715596330275229	0	1	draw4388	True
-0.28851500774374184	-1.2374050017859781	0.36642913153559964	0.012607052518023541	0.15235559644804297	0.15236549849530068	175	0	0.4944097475001289	0.04835405357241261	0.005421970483310139	0.15146320762484786	1.5287250632045613e-17			0	1	1	1	0	0.8838383838383839	0	1	draw4393	True
-0.24090833107041032	-0.24090833107041032	0.0034726584450644345	0.01025381914448064	0.15499416640886846	0.15507010436949506	168	0	0.04566447022187107	9.988290380331933e-07	0.0034726584450644345	0.01025381914448064	6.938893903907228e-18			0	1	1	1	0	0.8704663212435233	0	1	draw4397	True
-5.407180110951508	-5.759571355307866	1.6327065251605106	0.014422069333152737	0.28352855365746005	0.25038961841478796	181	0	0.05310764871765868	0.0003762778562191937	1.0621419199192077	0.28352855365746005	2.220446049250313e-16			0	1	0	1	0	0.8044444444444444	0	1	draw4400	True
-1.1676908614604389	-1.1676908614604389	0.22830115633192002	0.034684526823205775	0.25978439851472773	0.2597854559435848	159	0	0.1398166521159304	9.950745762234878e-07	0.22830115633192002	0.034684526823205775	6.158268339717665e-17			0	1	1	1	0	0.8736263736263736	0	1	draw4401	True
-1.0294918321370274	-1.0317633130648745	0.004590185571213382	0.00036293850982626187	0.021018307006263344	0.021020026780481843	217	0	0.017157971124669415	0.002288606659617865	0.0009321299072078013	0.017632568019078	3.218725199566341e-20			0	1	1	1	0	0.8966942148760331	0	1	draw4405	True
-1.1183429616667844	-2.729090382445052	1.860335226897291	0.3989723584943164	2.1731399574388814	2.173205772738706	150	0	1.290825706678623	0.24604643503385906	0.0046941942273989205	2.1716986279953407	1.0842021724855044e-17			0	1	1	1	0	0.8771929824561403	0	1	draw4406	True
-0.26707351695057036	-1.075049617934973	0.24817639377804	0.05992947254307598	0.25880441694611045	0.25882087951117877	148	0	0.8657239748182469	0.009162916079153947	0.0007553298082357299	0.25880441694611045	1.9244588561617704e-18			0	1	1	1	0	0.8505747126436781	0	1	draw4409	True
-1.602442057801519	-6.5037134203977125	8.577018881604966	0.5044267070347609	3.9115989091470835	3.9116492321136316	163	0	1.1179622246579077	0.12040182510838238	0.031371811114395624	3.9110427564776864	7.947201924318748e-17			0	1	1	1	0	0.8858695652173914	0	1	draw4412	True
-4.967967206778884	-5.995323833574166	0.28570814125744504	0.0038026174898970347	1.484845771507287	1.4856600905425115	228	0	0.27436165831518045	0.27847062465037076	0.014690604427321747	1.484845771507287	9.107298248878237e-18			0	1	1	1	0	0.8085106382978723	0	1	draw4418	True
-0.5137730130417931	-1.4073692297621112	0.48727599440987224	0.03208015097846149	0.32079409545024096	0.3207944972935032	162	0	0.5140861559210219	0.020390518817831424	0.00017803917053708785	0.32079409545024096	1.214306433183765e-17			0	1	1	1	0	0.8526315789473684	0	1	draw4424	True
-2.19495571272085	-3.237885426692534	2.369039839514054	0.03670348698617044	1.200432344334238	1.2004782722746683	185	0	0.7100101323190225	0.24608023624022216	0.01515751981240531	1.200432344334238	7.177418381854039e-17			0	1	1	1	0	0.8980582524271845	0	1	draw4428	True
-0.243768936981036	-0.243768936981036	0.008836176576823606	0.0003625398560250297	0.19357450749212388	0.1936340264677129	216	0	0.0018192492243195209	9.995713867524987e-07	0.008836176576823606	0.0003625398560250297	2.6020852139652106e-18			0	1	1	1	0	0.8709677419354839	0	1	draw4430	True
-2.7611983531027486	-3.2143312189454862	1.7158279468292923	0.01330536355642908	0.2643899065920151	0.2643905276223333	185	0	0.8488037825725556	0.21788342397892616	0.0016739702451051572	0.2643899065920151	1.836909530733566e-16			0	1	1	1	0	0.893719806763285	0	1	draw4438	True
-234.97973020168908	-234.97973020168908	6.67454258180674e-05	2.286180188650291	2.2868408751690095	2.286846957941519	167	0	0.010000077104250283	2564.280198655973	6.67454258180674e-05	2.286180188650291	1.3322676295501878e-15			1	0	0	0	1	1.0	0	1	draw4439	True
-0.9348175302929584	-1.1038445822450043	0.09129603407902874	0.5012790291823914	0.7168236164695129	0.716825052149317	128	0	0.7032389291820819	0.0030439043125982997	0.0001015175905372857	0.7168148619190841	2.168404344971009e-19			0	1	1	1	0	0.8258064516129032	0	1	draw4440	True
-0.7026007644816362	-4.6450594434276375	0.0006896324130721933	0.0068359938470076605	0.05971440969220318	0.0068359428277051295	107	0	0.06761930815529354	3.071815003205234e-06	0.05532835223360965	0.042196353422979185	4.85722573273506e-17			0	1	0	0	0	0.7535211267605634	0	1	draw4445	True
-5.766746538845734	-6.019009947422418	1.3876576330224661	0.0018675308654895104	0.9546080222105526	0.9549971759418748	238	0	0.17983437970490268	0.7061551947819596	0.014672173053528269	0.9546080222105526	3.404394821604484e-17			0	1	1	1	0	0.918918918918919	0	1	draw4446	True
-2.1453377832250156	-3.518876425452282	0.419540815974943	0.11930704522527019	2.665810793941105	2.665824945273486	174	0	0.8719226465968429	0.027164583386161404	0.0014398252841192464	2.665810793941105	3.0357660829594124e-18			0	1	1	1	0	0.8787878787878788	0	1	draw4457	True
-0.4032291241032589	-0.5025886839097212	0.012079658114483284	0.0005442348699701105	0.14343585980729168	0.14348695748340218	220	0	0.3208195039342074	0.23747516920644846	0.0008448164390351855	0.14179032121340174	1.734723475976807e-18			0	1	1	1	0	0.8870967741935484	0	1	draw4463	True
-0.8086424150608397	-1.112736388527632	0.20762212232538668	0.08349560297509578	0.14807968371118616	0.14808055327273217	132	0	0.16819681934611824	0.001453770216919296	0.0020555941291286552	0.1478788947482664	3.2526065174565133e-19			0	1	1	1	0	0.825	0	1	draw4467	True
-4.347013947729242	-5.420346708948677	1.4103047026503264	0.511448554273447	4.448088971685411	4.44857834468758	155	0	0.8235674880960219	0.014698874468108053	0.014172815800737428	4.448088971685411	2.6020852139652106e-18			0	1	1	1	0	0.8611111111111112	0	1	draw4469	True
-1.1252345051263957	-1.31285214299688	0.1854117533192492	0.009145513901810596	0.7004487594368007	0.7005568856316683	197	0	0.6462385954931646	0.42660198131116306	0.0193786271364058	0.6907300665377563	3.111660235033398e-17			0	1	1	1	0	0.8995433789954338	0	1	draw4474	True
-0.9467069069768271	-6.4779268084950505	5.293026911651904	0.09582848644559663	0.7472221789924773	0.7472459837033893	157	0	0.8746214460303412	0.012487882043621884	0.01631862663007452	0.7472221789924773	3.020519489908835e-17			0	1	1	1	0	0.8626373626373627	0	1	draw4476	True
-1.0490949602068476	-1.2775057876352616	0.27021604288860496	0.029666961628968955	0.29193662990711844	0.29194028393215044	162	0	0.2871414163421242	0.010355494556747879	0.0050986050241828935	0.2916219145309596	1.3010426069826053e-18			0	1	1	1	0	0.8663101604278075	0	1	draw4477	True
-0.433924225877237	-3.0510754943409957	1.7113347029278192	0.06349263078046904	0.8976937973823081	0.8977118765799376	186	0	11.740196105429439	0.09471574355283705	7.08705297625422e-05	0.8976937973823081	1.5612511283791264e-17			0	1	1	1	0	0.8815165876777251	0	1	draw4478	True
-0.26590477736755924	-2.177787275987663	0.25170399946615035	0.04653535946801998	1.7545570387964784	1.754600034996725	190	0	1.5870159843821954	0.7380259843547922	0.00027670980430414757	1.7545570387964784	4.021712433563418e-17			0	1	1	1	0	0.9047619047619048	0	1	draw4479	True
-1.0840479832747123	-1.1919374511416145	0.15995599696348237	0.005323892818146937	0.21647589191491146	0.21647766552853198	189	0	0.2036462884065773	0.034357967948020075	0.0002300005054471104	0.21647589191491146	8.673617379884035e-19			0	1	1	1	0	0.8790697674418605	0	1	draw4483	True
-0.14205626003644178	-0.14205626003644178	0.00496778374581059	7.600340990646959e-05	0.049591089293466124	0.04959205318829614	221	0	0.000953321136219796	9.983999921426997e-07	0.00496778374581059	7.600340990646959e-05	4.85722573273506e-17			0	1	1	1	0	0.8947368421052632	0	1	draw4486	True
-1.6226701517589137	-2.2295457523524806	0.4355029952065417	0.014102835652765372	1.9978613759112411	1.999602960453127	201	0	0.9540430889314342	0.9400375722071252	0.002696812198609544	1.9978613759112411	6.938893903907228e-18			0	1	1	1	0	0.9013452914798207	0	1	draw4489	True
-0.5494559362167413	-1.8860141042084548	0.8849681822212693	0.10090602988103464	0.8443109017542321	0.8443965832381096	165	0	1.6137793995739764	0.08506271378891611	0.0031694478975262444	0.8443109017542321	3.393552799879629e-17			0	1	1	1	0	0.8776595744680851	0	1	draw4490	True
-0.48118885634130604	-0.591715980169954	0.01865837417061788	0.004471135863938559	0.19567230095442317	0.19582697028547869	191	0	0.40930192248627273	0.32945044663616224	0.001444266333986028	0.19567230095442317	4.336808689942018e-18			0	1	1	1	0	0.8304347826086956	0	1	draw4492	True
-0.4373379271922685	-0.45845658440275383	0.0031265835277523367	0.001882131564386679	0.22448122188298283	0.22455107283006737	202	0	0.5038467970278706	0.17611069828760306	4.606822752084362e-05	0.22448122188298283	4.607859233063394e-19			0	1	1	1	0	0.8977777777777778	0	1	draw4494	True
-0.18835377662485356	-0.19824526275734713	0.009805296417747555	0.000789534550827215	0.1174734367304798	0.11751570205013528	199	0	1.0807934162337196	0.17188450855386037	0.0003220619447962813	0.1174734367304798	2.020681798969859e-17			0	1	1	1	0	0.9004524886877828	0	1	draw4495	True
-0.15456570220057295	-0.28467654984319357	0.008831703277037278	0.0056287083010415385	0.18919370192765456	0.1892862893719114	185	0	1.0409340747481628	0.352693919892572	0.00015287863811084133	0.18919370192765456	4.336808689942018e-18			0	1	1	1	0	0.8894230769230769	0	1	draw4496	True
-0.45041648371667364	-0.45041648371667364	0.04368187470362535	3.72207034174622e-05	0.12098078663956768	0.12105314020070096	250	0	0.0002608914000710324	9.994138389545516e-07	0.04368187470362535	3.72207034174622e-05	2.983724378680108e-16			0	1	1	1	0	0.9025270758122743	0	1	draw4503	True
-632.053180160379	-632.053180160379	7.618733819128777	4.513346158348616	4.778362771757302	4.781108772527248	166	0	0.010007017557530333	21.930999537779787	7.618733819128777	4.513346158348616	3.552713678800501e-15			1	0	1	0	1	1.0	0	1	draw4504	True
-0.16160857032888504	-0.24610691298238196	0.013089122762212278	0.0009737551637330758	0.011568475455352348	0.011568749419476497	174	0	0.07046686259203044	0.004426038819111349	0.0005992084925669299	0.01131620454390544	3.3881317890172014e-19			0	1	1	1	0	0.87	0	1	draw4507	True
-0.36805890785971446	-0.36805890785971446	0.008437654099394124	3.430687932202949e-05	0.10564874059327545	0.10569845297056635	255	0	9.999999999999396e-05	1.7485607592977413e-06	0.008437654099394124	3.430687932202949e-05	2.0816681711721685e-17			1	0	1	1	0	0.9239130434782609	0	1	draw4511	True
-0.49976487720669	-1.430171440505359	0.27783539629949866	0.004155785000906007	1.2732045032484667	1.2732045753605208	206	0	13.19286688369203	0.208010145366723	3.055989384853333e-05	1.2732045032484667	1.4072944198861848e-16			0	1	1	1	0	0.8956521739130435	0	1	draw4518	True
-0.3486868448105913	-0.3649760774156307	0.030823320580892474	0.003811669560605371	0.1894531876275547	0.18952538776082437	187	0	0.8661154945244274	0.18286762443225033	0.0015293645501051722	0.1894531876275547	1.0408340855860843e-17			0	1	1	1	0	0.8947368421052632	0	1	draw4519	True
-0.1579391173996906	-0.46382333867788383	0.016012173501578922	0.04488632628517739	0.4570413040472792	0.4570489634479264	168	0	1.7332344208785457	0.1102248170476654	0.0001293329044570212	0.4570413040472792	4.662069341687669e-18			0	1	1	1	0	0.8704663212435233	0	1	draw4526	True
-0.40772933217740925	-1.5788553905279086	0.5531883239702994	0.4336722614929579	0.5943717538909244	0.5943721898777516	148	0	2.447221104670045	0.043714199070208196	5.681539553443557e-05	0.5943717538909244	1.5178830414797062e-17			0	1	1	1	0	0.8505747126436781	0	1	draw4528	True
-0.593217569217411	-0.7375265340931358	0.12780483074332605	0.00011173100766538438	0.3301220377078339	0.33015885633717196	250	0	1.201089712073922	1.3594355401928389	0.000588971487089666	0.3301220377078339	7.112366251504909e-17			0	1	1	1	0	0.9191176470588235	0	1	draw4529	True
-0.18787349291007563	-3.077285121092365	0.3525072255822489	0.007730321927235819	0.10578744599702901	0.10579833242703834	164	0	1.0614822303756808	0.009072972012470966	0.0013702224486429155	0.10578744599702901	4.135214848495494e-18			0	1	1	1	0	0.8631578947368421	0	1	draw4533	True
-2.0951608563591546	-2.0951608563591546	0.002452230931465474	0.3056026627745507	0.6260364971100065	0.3055950442747041	39	0	0.310818164866489	1.5140902012152395	0.002452230931465474	0.3056026627745507	2.7755575615628914e-16			0	0	0	0	0	0.15354330708661418	0	1	draw4538	True
-0.9284215958067917	-0.9929693489892153	0.01288512884844553	0.09616775551365375	0.4216409388258543	0.42164174000029253	150	0	0.4363290839536508	0.030599287332006817	8.09862394352085e-05	0.42159115052322904	1.6263032587282567e-19			0	1	1	1	0	0.8670520231213873	0	1	draw4540	True
-0.6094267988660007	-0.6094267988660007	0.057996086777631434	0.0001277812028678594	0.16065392427030262	0.16065410805007152	226	0	0.001087873804821353	9.988276423896853e-07	0.057996086777631434	0.0001277812028678594	6.938893903907228e-17			0	1	1	1	0	0.8692307692307693	0	1	draw4546	True
-0.24814315349024038	-0.4333861931838221	0.015777243042378358	0.002333276351139689	0.10813019919019698	0.10820558192848731	195	0	0.414023298890836	0.1758782252670333	0.00036215607549242436	0.10813019919019698	2.4936649967166602e-18			0	1	1	1	0	0.8904109589041096	0	1	draw4549	True
-1.15085869110697	-1.15085869110697	0.1453279955652798	1.4845846256583761e-05	0.008871187444416472	0.008875170071347048	248	0	0.00010000000000001219	1.5353570236237915e-06	0.1453279955652798	1.4845846256583761e-05	3.3771203607028955e-17			1	0	1	1	0	0.8732394366197183	0	1	draw4550	True
-0.5836304452013611	-0.5836304452013611	0.07633401269154637	0.0001807017906436094	0.051915746632284335	0.05193258014267114	230	0	0.0004692298728316263	9.989966060797342e-07	0.07633401269154637	0.0001807017906436094	1.734723475976807e-17			0	1	1	1	0	0.9126984126984127	0	1	draw4552	True
-0.11784569591747851	-1.1450915557478252	0.17799443345768826	0.02282764179909529	0.18428681619427303	0.18429622127548584	172	0	3.7802340526785656	0.06952806471306384	0.00011130842600863155	0.18428681619427303	1.214306433183765e-17			0	1	1	1	0	0.864321608040201	0	1	draw4554	True
-0.3734642744046378	-1.496630592957211	0.51503096489329	0.09992078564011926	0.6742006824031056	0.6742389930042735	159	0	1.0435283342101094	0.013987962531433716	0.0010989571461523125	0.6742006824031056	1.3010426069826053e-18			0	1	1	1	0	0.8641304347826086	0	1	draw4555	True
-1.0230759748333116	-1.0230759748333116	0.08947639528032042	9.996669783754488e-05	0.04993768844987151	0.049940353154098685	251	0	0.0001080666528093232	9.995427257216212e-07	0.08947639528032042	9.996669783754488e-05	5.204170427930421e-18			0	1	1	1	0	0.789308176100629	0	1	draw4556	True
-96.47947241748142	-96.47947241748142	0.01627431100682138	0.8659774807864618	0.8696812817354149	0.8697170617625808	167	0	0.010001170843790465	24.410102277971614	0.01627431100682138	0.8659774807864618	3.3306690738754696e-16			1	0	1	0	1	1.0	0	1	draw4562	True
-0.9001239812854331	-0.9374633501678284	0.021183570466127476	0.21189910787019428	0.27562362942640006	0.27562388824793665	122	0	0.29782255630325954	0.0006689065583052064	3.2789059974229244e-05	0.27561475750760145	1.5246593050577406e-20			0	1	1	1	0	0.7922077922077922	0	1	draw4564	True
-0.10995459070311255	-0.37564219065266546	0.03403389524157062	0.03952835663263069	0.174998406728402	0.17500207588120822	153	0	0.941870455000578	0.07348366722994791	0.00010321461609881196	0.174998406728402	6.071532165918825e-18			0	1	1	1	0	0.8595505617977528	0	1	draw4565	True
-0.2855936370000295	-0.2855936370000295	0.005627900880544798	0.00019976923258723965	0.03468801201667605	0.034730192072216795	223	0	0.0007558955548900817	9.984716292479352e-07	0.005627900880544798	0.00019976923258723965	2.688821387764051e-17			0	1	1	1	0	0.9065040650406504	0	1	draw4566	True
-0.6776901385867478	-2.8126248999045913	1.5143584470083593	0.002890374363785059	1.6523335256415408	1.6523469010980207	220	0	2.073002815597365	1.4682735191993272	0.0028126236779580233	1.6519951766580214	1.3322676295501878e-15			0	1	1	1	0	0.8560311284046692	0	1	draw4567	True
-3.3238068103489535	-6.427266736381039	10.180092791387713	0.11152992196866918	3.1086461693113128	3.1102003354132752	180	0	1.0191255773783092	0.37651022366197695	0.0962263413826294	3.1086461693113128	1.8041124150158794e-16			0	1	1	1	0	0.9	0	1	draw4570	True
-0.9445117345169654	-1.7237559551878627	0.46317466668524776	0.095519300165456	0.3999721499357236	0.39998118406590893	149	0	0.3349931175014714	0.0034349789105222518	0.0011108969165709568	0.3999721499357236	3.2526065174565133e-19			0	1	1	1	0	0.8418079096045198	0	1	draw4575	True
-2.135230809597372	-7.953124109673329	6.7899894917153745	0.039455497218773915	3.629186779205681	3.629252583653434	192	0	1.1618789420613682	0.6098121023227134	7.410840722551747	3.3650298492122865	2.6645352591003757e-15			0	1	1	1	0	0.8384279475982532	0	1	draw4578	True
-0.8433785690530449	-1.0993990269842644	0.178136642785135	0.045556188626848036	0.23208026940305115	0.23208290410913193	150	0	0.2640086456548903	0.0044014366342191745	0.0011636049813770844	0.23193088250042834	4.87890977618477e-19			0	1	1	1	0	0.8522727272727273	0	1	draw4579	True
-2.884059148747539	-9.27364391082815	1.173077809604777	0.12852325392720507	5.484715607872405	5.484718293450084	189	0	0.7462409448185999	0.47432119529865857	0.0010403311657738625	5.484715607872405	3.7947076036992655e-17			0	1	1	1	0	0.9086538461538461	0	1	draw4580	True
-0.8674635802332524	-0.8674728226115235	0.18653683459155018	0.0006804334504183281	0.6088287652586857	0.6089001751528559	232	0	0.0023004370570720916	2.6844949195815497e-06	0.18641521309673448	0.0010842978808899143	8.326672684688674e-16			0	1	1	1	0	0.8689138576779026	0	1	draw4582	True
-0.38302993573675886	-8.736812896978254	14.755611141128336	1.1537271103668127	2.8754655856653795	2.8754723731105813	164	0	1.57782996647443	0.6639098915673007	0.0058630950860344465	2.866600960075677	8.326672684688674e-17			0	1	1	1	0	0.8913043478260869	0	1	draw4588	True
-2.0656649181543116	-7.320941530902758	12.269678146977942	0.4909307995132163	3.774998604589315	3.7750196714092366	166	0	3.460629575020893	0.11866523471282622	0.0037264277936917777	3.774998604589315	1.3877787807814457e-16			0	1	1	1	0	0.8691099476439791	0	1	draw4589	True
-0.3650312233858917	-3.047072768444135	1.868196118979802	0.496128710506269	0.7958365475542969	0.795839114797686	134	0	1.024409816643334	0.006609559734582313	0.003982915677504912	0.7957147912129147	2.3527187142935446e-17			0	1	1	1	0	0.8427672955974843	0	1	draw4591	True
-3.0808436715039416	-8.083027166533867	10.619119148935098	0.1907975344259175	2.2123184053004574	2.2124921938524547	180	0	0.6947746355330746	0.07917056050641169	0.9366623041222062	2.133321205978522	3.2439329000766293e-16			0	1	1	1	0	0.8910891089108911	0	1	draw4594	True
-1.2681592786281244	-3.632667337320669	2.590694817197769	0.0439760797137007	0.7484814876806666	0.7485754418609547	173	0	0.8756027736310599	0.07865045933188312	0.11811839585634515	0.7392138390851258	2.4383706859198995e-16			0	1	1	1	0	0.8917525773195877	0	1	draw4596	True
-2.1504948694802715	-3.213772003939022	2.015667197625665	0.010627728841918925	2.8707734206778737	2.870991230859682	211	0	1.7731446883806152	1.2363695937464476	1.097053989477186	1.8941016976536644	1.3322676295501878e-15			0	1	1	1	0	0.854251012145749	0	1	draw4597	True
-1.3691687047584735	-1.5988888846531073	0.6069192373400341	0.009842326256723037	0.4761952793085996	0.47629610832155933	196	0	0.5034896936171709	0.037415174507073226	0.3040918258323317	0.37027883409019313	9.75781955236954e-17			0	1	1	1	0	0.8909090909090909	0	1	draw4598	True
-0.596688600391189	-1.1431979862183135	0.31294210491673236	0.0030987606770453324	0.6172850870249206	0.617312331027571	210	0	1.5767516086664066	0.23527929128289013	0.0017542783977663185	0.6172850870249206	3.122502256758253e-17			0	1	1	1	0	0.9012875536480687	0	1	draw4603	True
-1.6914611735188194	-2.0609695923495015	0.08953394263920607	0.021611866236336014	0.9330458298595989	0.9331113413388428	188	0	0.49955447556042354	0.1236245085549265	0.0012224368512585688	0.9330458298595989	2.6020852139652106e-18			0	1	1	1	0	0.8703703703703703	0	1	draw4606	True
-0.8423835119310596	-0.9402412103502862	0.038208760516330285	0.14041231074837324	0.2856110189690351	0.28561496831209804	133	0	0.3201203034745663	0.0020629755000462022	4.4189272171900984e-05	0.2856110189690351	6.098637220230962e-20			0	1	1	1	0	0.8159509202453987	0	1	draw4612	True
-0.10483888665460184	-0.40471509735397426	0.023089363929385993	0.0904671480888476	0.22976178232774438	0.2297638868111921	155	0	1.3389528440517464	0.08116103017510365	5.29965615354644e-05	0.22976178232774438	5.204170427930421e-18			0	1	1	1	0	0.8757062146892656	0	1	draw4613	True
-5.194861619825324	-5.2817476772983705	0.0699189319702882	0.0005267162406831927	0.05184882777160288	0.003986039415354321	199	0	0.010000125475451779	0.029627656757291457	0.05452698720024553	0.05184882777160288	1.0842021724855044e-19			1	0	0	1	0	0.5102564102564102	0	1	draw4616	True
-0.4418434686741146	-0.6756746752435153	0.01982965094501074	0.022922566794167643	0.30829539205610584	0.30836690042596127	172	0	0.6016393119465977	0.15358806419966953	0.00043920337463596466	0.30829539205610584	3.0357660829594124e-18			0	1	1	1	0	0.8865979381443299	0	1	draw4620	True
-1.0787870085544495	-3.2241813336473015	1.9035732128458105	0.19653724392918545	0.6597744242647808	0.659775973138631	161	0	2.9276445287546147	0.05898743132197548	0.0004170706485876999	0.6597744242647808	4.668506792086802e-17			0	1	1	1	0	0.8563829787234043	0	1	draw4622	True
-0.4626988689912051	-0.6474407176652327	0.09306047156573037	0.00020712028556006532	0.07819608521821932	0.07819669401471949	245	0	0.14646646166800031	0.07705594132421104	0.035028375248616885	0.04621225235941065	2.0816681711721685e-17			0	1	1	1	0	0.8361774744027304	0	1	draw4632	True
-0.8280240477092661	-1.9278531655749824	0.4929346195624264	0.03941918927090635	0.3724597337678014	0.37254129820179344	163	0	1.869946322511821	0.04506077289544443	0.006008431996177502	0.3724597337678014	2.869069998939766e-17			0	1	1	1	0	0.8716577540106952	0	1	draw4633	True
-1.8208342931258543	-1.8225527241434825	0.3235961415160991	0.003324801633148016	0.26303064289745315	0.26338840158989907	195	0	0.09732066904501933	9.926798242347909e-05	0.3146537000781839	0.01919260142970204	3.423910460709223e-16			0	1	1	1	0	0.8986175115207373	0	1	draw4635	True
-1.9886576725588596	-5.074952865608575	2.7070629552342647	0.08408112119910807	1.6522940555374648	1.6523081493396536	189	0	0.6439291915716399	0.16618428801466417	0.4153351561210192	1.5085689112382357	5.793976409762536e-16			0	1	1	1	0	0.9	0	1	draw4636	True
-0.3833422381224528	-1.1087793243064428	0.2287292062625966	0.004402410831080152	0.036005315355572165	0.036007291954953724	162	0	0.12762993651107665	0.006351570386091355	0.011814491666402707	0.03542168144751002	3.2729353081906165e-18			0	1	1	1	0	0.8663101604278075	0	1	draw4637	True
-0.6600629214608187	-1.4946407788446772	0.5131107014167297	0.0015061476342648713	0.4537294311267113	0.4537552544130752	217	0	1.7701679995171895	0.2440652124495328	0.0019789573990103984	0.4537294311267113	1.0110185258427329e-16			0	1	1	1	0	0.8930041152263375	0	1	draw4638	True
-0.2988905736800014	-1.9169911006816436	0.17707443739903683	1.0538323345909757	1.7665007004781428	1.7665596512755803	139	0	1.2154591156383496	0.021019396472297627	0.0006487452719942605	1.7665007004781428	1.1384122811097797e-18			0	1	1	1	0	0.8475609756097561	0	1	draw4639	True
-4.020994191872542	-12.660782801536199	0.01573267741575395	0.14321537326490463	0.2862519674453309	0.14319596832998988	94	0	0.0697276393080592	4.348858562521888e-06	0.3212006241034657	0.2862519674453309	1.6653345369377348e-16			0	1	0	0	0	0.706766917293233	0	1	draw4648	True
-0.5552435000536372	-3.000927734899386	0.42555827731617735	1.3707109231465002	2.438251353447788	2.4382859688242307	150	0	2.8172246457690124	0.01585447333591366	0.0011181490014435932	2.438251353447788	5.766600304907277e-18			0	1	1	1	0	0.8571428571428571	0	1	draw4651	True
-0.1587564545437926	-0.15893323554725253	0.004089949112332522	0.004122020858993153	0.07601290022321633	0.07601447378249401	173	0	0.23931060483596636	0.0011354307274301396	0.004048391757533929	0.03031189911581204	3.469446951953614e-18			0	1	1	1	0	0.8606965174129353	0	1	draw4653	True
-1.5639210703242046	-1.969906644332175	0.06109795613322641	0.00019376575104835227	0.1521570093915135	0.15222554922887346	242	0	0.10376673706472873	0.35901379396386757	0.0014286272423626352	0.1521570093915135	4.336808689942018e-18			1	0	1	1	0	0.9201520912547528	0	1	draw4655	True
-0.703676697933472	-1.4762035244838008	0.42859716301482625	0.004636452024186817	0.391351607826399	0.39140587366479546	203	0	0.5022790682998396	0.2942841991944732	0.002628461605853404	0.391351607826399	1.734723475976807e-17			0	1	1	1	0	0.9103139013452914	0	1	draw4658	True
-1.2734514627865303	-1.2734514627865303	0.13756938853244924	2.632552003375255e-05	0.02318129894925569	0.02318169182490314	247	0	0.00021909131626787287	9.99586067521992e-07	0.13756938853244924	2.632552003375255e-05	2.7591928850219383e-16			0	1	1	1	0	0.9182156133828996	0	1	draw4659	True
-0.7361043685281828	-1.0689196402974286	0.01346944090706519	0.005678070646968144	0.4326680698396628	0.43269606255162824	198	0	0.4741210248788972	0.14145609059643677	0.0003072011139091473	0.4326680698396628	1.0842021724855044e-18			0	1	1	1	0	0.8959276018099548	0	1	draw4660	True
-6.4191048860677915	-7.564759995928187	6.556661626900358	0.05097405035983806	2.4759169025645518	2.4759299969385204	190	0	0.37977066017270195	0.11016061731689991	0.015338576955361095	2.4759169025645518	5.551115123125783e-17			0	1	1	1	0	0.8715596330275229	0	1	draw4664	True
0.08052423449723414	-1.4396423099995381	0.5029662707690918	0.10785516247509032	0.8338286245124598	0.8338810764960327	185	14	4.178116390623771	0.966528484406882	0.005266291802115425	0.8247542618940034	3.3306690738754696e-16	0.7822067947093337	0.01024675703125758	0	1	1	1	0	0.8447488584474886	0	1	draw4665	True
-0.6803536352658677	-0.6803536352658677	0.09198140765175485	0.0002651429717296906	0.1490062095198358	0.1491315127603096	231	0	0.0005373074061035906	9.997682677888351e-07	0.09198140765175485	0.0002651429717296906	1.8214596497756474e-17			0	1	1	1	0	0.8651685393258427	0	1	draw4667	True
-1.0962018764397725	-1.1458314439103967	0.2467388749000091	0.0017061744832170234	0.429570250109253	0.43007276975068026	214	0	0.5489351354014913	0.17783647891961316	0.021665179069579005	0.429570250109253	2.2985086056692694e-17			0	1	1	1	0	0.8879668049792531	0	1	draw4669	True
-0.9922619399842078	-1.0859252878556231	0.018916117495439252	0.014299338634418918	0.06703224564634036	0.06703228827970344	154	0	0.0643310603503692	0.0033322644879964607	0.00012993154810561473	0.06696556714106994	3.049318610115481e-20			0	1	1	1	0	0.8555555555555555	0	1	draw4672	True
-3.407662686742066	-3.4077052892455066	0.542283349651955	0.0012266536633701493	0.9756254634843112	0.9756526601409804	210	0	0.010872810016378708	2.491985259054417e-06	0.5427759795761179	0.001819350871213391	2.886579864025407e-15			0	1	1	1	0	0.9292035398230089	0	1	draw4673	True
-1.692704430458039	-1.897009575514082	0.09573133251929376	0.001843294999162848	0.33962876401129954	0.3396813938639615	216	0	0.19172801230737097	0.06942073403700236	0.0010832226786155201	0.33962876401129954	1.5178830414797062e-18			0	1	1	1	0	0.8780487804878049	0	1	draw4675	True
-3.1895246802987844	-6.521249708217903	5.695882739296806	0.026288929038968997	0.7585466254725644	0.7586524161310316	181	0	0.7603207427355443	0.09580548254828655	0.8443306538105861	0.7215059742882373	1.8041124150158794e-16			0	1	1	1	0	0.8701923076923077	0	1	draw4676	True
-0.5937783912970374	-2.9722566560272003	1.904948786896343	0.11939261020748576	2.1758024224131205	2.1760687624155572	182	0	4.337383657422627	0.07739948880166272	0.0032599904102235486	2.1758024224131205	2.7755575615628914e-17			0	1	1	1	0	0.875	0	1	draw4679	True
-0.7024991750645349	-2.9696880193061643	1.216940295561724	0.020466810628514697	0.30814297052608997	0.3081528984770312	171	0	0.775635817118846	0.03658344482180571	0.004561510094198944	0.30814297052608997	5.458957938464515e-17			0	1	1	1	0	0.8769230769230769	0	1	draw4680	True
-4.490350165312788	-5.5061061287996	0.08198522626808621	0.580935431076565	0.7090855586524155	0.7090857300098995	126	0	0.11106541346007456	0.001475000614189562	5.8572845545979195e-05	0.7090728234815208	2.371692252312041e-20			0	1	1	1	0	0.8129032258064516	0	1	draw4682	True
-0.7154120620439434	-0.7170495627706251	0.016572522707185868	0.0009423038352848378	0.11529102940610532	0.11532278234802262	215	0	0.01655415803123042	0.0008361675440984041	0.016399486795624103	0.011456642627044277	2.7755575615628914e-17			0	1	1	1	0	0.9110169491525424	0	1	draw4683	True
-0.6561338725908107	-1.049674094899231	0.1371442492283469	0.021371716613339323	0.38543812382887377	0.38549825031712454	179	0	0.48185379802529554	0.13385379328341143	0.04053313694269688	0.3469046569345415	8.326672684688674e-17			0	1	1	1	0	0.8861386138613861	0	1	draw4685	True
-2.485225008616458	-4.821105686222908	0.6821470144282181	0.00787337121547017	0.5142198492587838	0.5142374185721423	193	0	14.34402801375064	0.12100062302655883	0.0006829505752824713	0.5142198492587838	1.0495077029659683e-16			0	1	1	1	0	0.8894009216589862	0	1	draw4690	True
-0.9271341807886555	-1.2404870486192572	0.10851245350527039	0.0004472200324845735	0.5762433581475507	0.5765324236645797	239	0	0.6160620376044522	0.30704659259023737	0.0043452215055455965	0.5762433581475507	1.1275702593849246e-17			0	1	1	1	0	0.9053030303030303	0	1	draw4692	True
-0.39150060859670527	-0.6396796597517582	0.0998996604507917	0.03973058605104198	0.41453941006989353	0.4145437936865551	160	0	0.932270889900773	0.05361063244893698	0.0032551194641493404	0.4127704001354083	1.3877787807814457e-17			0	1	1	1	0	0.8695652173913043	0	1	draw4697	True
-2.254704127467094	-3.083211782206951	1.1415181317132956	0.07705450241139358	0.5760925052900652	0.576092505290228	167	0	3.0438032369286065	0.09779321645971682	3.779240925919943e-07	0.5760925052900652	1.0603497246908233e-16			0	1	1	1	0	0.8743455497382199	0	1	draw4700	True
-0.9676288407612136	-1.01199779926861	0.040804872969014555	0.0013492138717883055	0.054972067955924034	0.05497374036087785	198	0	0.055574312651228655	0.005419856769822539	0.0028163024076675877	0.05367986618072588	9.486769009248164e-20			0	1	1	1	0	0.88	0	1	draw4703	True
-3.838111790572765	-9.943698876258184	8.469642324827177	0.022867714615430627	1.924023649504818	1.9242690277711265	188	0	1.3066214518831976	0.4961928080098903	0.5732850566137069	1.8998487038833356	1.1102230246251565e-15			0	1	1	1	0	0.8995215311004785	0	1	draw4704	True
-1.0022232122524106	-1.0550816901959121	0.04187098012656582	0.009036088769238856	0.11727120562851644	0.11727316753662585	170	0	0.11621626648374196	0.00802851587258089	0.00014620486148073181	0.1172548985865333	1.6263032587282567e-19			0	1	1	1	0	0.8673469387755102	0	1	draw4707	True
-0.7104134779374605	-2.674930427214539	1.34135642858666	0.005398225049187067	1.3140283155472168	1.3147187059074223	209	0	1.9132234296174155	1.4120289466187688	0.052336977169454665	1.2951068722988084	2.220446049250313e-16			0	1	1	1	0	0.8600823045267489	0	1	draw4711	True
-0.5523265184816405	-1.1510764288084796	0.18269107313134433	0.17635658323218084	0.9030430627588036	0.903138206788782	156	0	1.1822410336481664	0.16535944477664444	0.0033608261259591215	0.9030430627588036	9.71445146547012e-17			0	1	1	1	0	0.8813559322033898	0	1	draw4712	True
-0.28218657156358035	-0.9863047204050462	0.10017862069845823	0.03187232686576451	0.5409178768726932	0.5409606308887007	176	0	0.9941814995870504	0.07204218212356533	0.0009282670544971701	0.5409178768726932	1.214306433183765e-17			0	1	1	1	0	0.8888888888888888	0	1	draw4714	True
-0.597165798371783	-3.495781848403121	0.18750516555287	0.21171040926074983	1.2456490250536354	1.2456792607463203	163	0	0.5345054066513414	0.12838927907174788	0.00042070533480010133	1.2456490250536354	2.656295322589486e-18			0	1	1	1	0	0.8534031413612565	0	1	draw4717	True
-2.370831907121325	-3.994599263016657	2.7187409066444777	0.017045915757346715	1.7643208599184854	1.7649149968084044	191	0	1.4775088791476685	0.6874724818706631	0.08283716310657203	1.7643208599184854	6.661338147750939e-16			0	1	1	1	0	0.8967136150234741	0	1	draw4719	True
-0.11651615501320764	-0.11690919570884122	0.003400604430715173	0.0010669844442216265	0.0385566263164914	0.03856411979990586	184	0	0.07754157863091349	0.00014086455177653954	0.003368927032203882	0.004212708495841104	1.0408340855860843e-17			0	1	1	1	0	0.8141592920353983	0	1	draw4721	True
-1.1818195676268413	-4.291813687209163	3.1521947793431	0.023103377695726058	0.6843850759973032	0.6844237400987767	179	0	0.8265542142707648	0.03809403137730413	0.019635285428928863	0.6843850759973032	4.7379634937616544e-17			0	1	1	1	0	0.8817733990147784	0	1	draw4722	True
-0.23062959408650102	-1.8046435815923454	0.8138732728985012	0.3027962577630386	0.9051042065596903	0.9051113673076828	151	0	1.299463458643359	0.14916494222683582	0.002718037284549256	0.9036391015753323	3.469446951953614e-17			0	1	1	1	0	0.8830409356725146	0	1	draw4725	True
-0.9274589474557791	-2.148266912632036	1.1280654643782586	0.0372380788442764	0.8497049594087357	0.8497822677969844	186	0	0.5428777430032733	0.08309971093118729	0.7007052346224213	0.48229240892783337	4.440892098500626e-16			0	1	1	1	0	0.7351778656126482	0	1	draw4727	True
-0.29989283537998557	-0.29989283537998557	0.011189958930119412	0.0023461317392445	0.06702645136811072	0.06703323848566707	183	0	0.00917804804166432	9.990935759503733e-07	0.011189958930119412	0.0023461317392445	2.6020852139652106e-18			0	1	1	1	0	0.8243243243243243	0	1	draw4728	True
-0.6852467291460995	-0.9237606763927545	0.014731606577601083	0.05466756403869589	0.4778520528557024	0.47805159399452263	163	0	0.5833747005061598	0.08647230522113485	0.0006757900911319387	0.4778520528557024	1.5178830414797062e-18			0	1	1	1	0	0.8534031413612565	0	1	draw4731	True
-0.6348617393348587	-1.1159741211660639	0.14310426012194905	0.01824670233992819	0.7100415473887329	0.7100487460666547	188	0	0.8446680684790807	0.3532083387953	0.01744922313184216	0.6845323021216191	4.163336342344337e-17			0	1	1	1	0	0.8952380952380953	0	1	draw4734	True
-0.36576043242720857	-1.4867219861756742	0.29722690986721695	0.1265224919595692	1.0286887081540703	1.028735920397566	164	0	1.1715853739608444	0.16212846420082905	0.0013389068069651624	1.0286887081540703	1.4523226913622234e-17			0	1	1	1	0	0.8817204301075269	0	1	draw4735	True
-1.0464474394726575	-1.049987909639685	0.002876898757233099	0.08647750884590097	0.09840901601860357	0.09840902327892932	117	0	0.09373279345421083	0.0001800225736801105	1.903902993117107e-05	0.09838321698624795	2.541098841762901e-21			0	1	1	1	0	0.7697368421052632	0	1	draw4736	True
-2.141237687963366	-9.407391651428767	21.213888669020626	0.06929723225555919	5.264175565021369	5.264670550818227	200	0	2.2474001903522165	0.7923804662655346	0.01901256406272775	5.264175565021369	5.551115123125783e-16			0	1	1	1	0	0.9009009009009009	0	1	draw4737	True
-4.425056189394773	-5.373281270103346	1.781318612982394	0.007956326589608216	0.30263313024438465	0.3026374542701351	184	0	1.1389694009653972	0.10984038213807659	0.008497834334415293	0.30263313024438465	2.1464492509781774e-16			0	1	1	1	0	0.8932038834951457	0	1	draw4739	True
-0.08859443590001043	-0.3346216048874943	0.007129682716956847	0.14344237640889743	0.3069861550014096	0.30700037917511735	140	0	1.192046057990609	0.024450029942497457	2.528143570124807e-05	0.3069861550014096	5.285485590866834e-19			0	1	1	1	0	0.8588957055214724	0	1	draw4740	True
-0.3412700479933703	-0.4546565710118148	0.0056501411048007644	0.0036708643850932345	0.13597564134046514	0.13601797000694266	190	0	0.3529043464062889	0.32646798761641566	0.00010747297547116535	0.13597564134046514	2.8189256484623115e-18			0	1	1	1	0	0.892018779342723	0	1	draw4741	True
-0.7391479954088838	-2.021920798702311	0.1355993060640694	0.0014655989174020157	0.4181356758883789	0.4182221535813785	228	0	0.30059414175106813	0.6449960169319323	0.0033059585638094964	0.41698253656732687	1.8214596497756474e-17			0	1	1	1	0	0.9083665338645418	0	1	draw4746	True
-0.4347650384341244	-1.3053939221056319	0.3632863485897013	0.18065735563203156	0.6117750491577674	0.6117786092603248	148	0	0.7976130508303848	0.021781984763738518	0.00021381218344393175	0.6117750491577674	1.951563910473908e-18			0	1	1	1	0	0.8604651162790697	0	1	draw4747	True
-5.096536569749658	-8.455219970483496	4.332624021408514	0.07103322745799447	0.6353352919888894	0.6353386307590979	182	0	11.508480198186078	0.1104527666058382	0.0007930294496060414	0.6353352919888894	1.3421628801982494e-16			0	1	1	1	0	0.883495145631068	0	1	draw4748	True
-3.0817888894651144	-4.975108348956228	4.051870807833883	0.10243894877398586	0.9472503968601704	0.9473189230089091	168	0	1.7471959899056282	0.06796640563905712	0.024490719376612218	0.9472503968601704	1.1813039119763693e-16			0	1	1	1	0	0.8795811518324608	0	1	draw4749	True
-0.3897225563544495	-1.0818159790535156	0.08613678306259075	0.029330251223039172	0.6554117477640465	0.6554167448853684	180	0	1.0234401382374545	0.1058740240553087	0.00029184353519742703	0.6554117477640465	1.0408340855860843e-17			0	1	1	1	0	0.8866995073891626	0	1	draw4750	True
-0.46539357974350076	-2.666482028251102	0.09249820784738705	0.1184217810005851	0.6981443995714899	0.69818402902042	166	0	0.46156238856156684	0.2893302152472322	0.0007163489805179028	0.6981443995714899	7.718164215381185e-18			0	1	1	1	0	0.8829787234042553	0	1	draw4751	True
-0.3400120783739722	-10.884835825862895	25.765109260027458	0.5836513929611484	3.4697535383079043	3.4699353118766716	170	0	1.902182423412328	0.050121036101638886	0.003950071892205131	3.4697535383079043	1.734723475976807e-17			0	1	1	1	0	0.8717948717948718	0	1	draw4758	True
-0.2875601327669692	-5.71912718991013	0.4330604224656595	0.2033703833040906	3.4941734977119836	3.4945710234281684	182	0	1.7379889051845563	0.16557937066922115	0.0019653207103518078	3.4941734977119836	5.434563389583591e-18			0	1	1	1	0	0.8792270531400966	0	1	draw4763	True
-0.08622033400742617	-0.22252229201672125	0.012376070538396787	0.009696199675269456	0.15303569970250278	0.15304956845564469	172	0	1.4940253070814096	0.6559929388765474	0.00022387318134039794	0.14901484950669383	6.938893903907228e-18			0	1	1	1	0	0.8775510204081632	0	1	draw4764	True
-0.2394597857824075	-1.0631902573113707	0.16026761205160042	0.3310510050539689	0.7827729311005839	0.7827796129281004	144	0	1.182698693116394	0.02921701164579464	0.000409345779225424	0.7827729311005839	4.553649124439119e-18			0	1	1	1	0	0.8622754491017964	0	1	draw4765	True
-165.0453408414529	-165.0453408414529	9.417464252929809e-05	1.6378717714695867	1.6384546156246806	1.63846047350096	167	0	0.010000061978627345	1038.0680220510044	9.417464252929809e-05	1.6378717714695867	8.881784197001252e-16			1	0	0	0	1	1.0	0	1	draw4767	True
-1.6362777482517883	-2.7015808253414675	0.17951150626451726	1.4911174460678036	2.0863431588747785	2.0863480053060086	130	0	0.7937493992281117	0.006175043861207262	5.784432144491475e-05	2.0863431588747785	4.0657581468206416e-19			0	1	1	1	0	0.8333333333333334	0	1	draw4768	True
-0.5936286689747164	-0.899315545335349	0.19895644514302505	0.0237027710369981	0.494766673514248	0.49501713359629307	176	0	1.1273603204445442	0.6447190022039537	0.009795583861571103	0.494766673514248	1.1102230246251565e-16			0	1	1	1	0	0.8380952380952381	0	1	draw4772	True
-1.4632064117417807	-1.935292256694653	0.05954757519473224	0.012091244652638519	0.6379909164833718	0.6381126213056616	196	0	0.4101266761845831	0.6092572450998629	0.0011801932601111264	0.6379909164833718	2.6020852139652106e-18			0	1	1	1	0	0.9074074074074074	0	1	draw4777	True
-6.184119510494445	-10.660899518530211	27.366610816665958	0.011234459298093342	1.9692967465148696	1.9693323819870983	212	0	0.3412204756783907	0.05845187093211224	0.13540634629272785	1.9692967465148696	1.206818661930037e-16			0	1	1	1	0	0.8446215139442231	0	1	draw4778	True
-0.25884778971656536	-0.9341925156600235	0.08220993024696464	0.2867352743763603	0.7692741319393045	0.7692756120589941	145	0	1.1595821147924759	0.03544274174771298	0.00011308019896678579	0.7692741319393045	2.6020852139652106e-18			0	1	1	1	0	0.838150289017341	0	1	draw4782	True
-0.6276868031735598	-1.0115444117549484	0.2297660717143967	0.01856612441468932	0.10773726042310192	0.10773772340010414	156	0	0.16207381155677814	0.005682189212526404	0.0030919848694328017	0.10728501240936851	1.3010426069826053e-18			0	1	1	1	0	0.8387096774193549	0	1	draw4783	True
-0.7260453715358494	-1.3370242639513361	0.02034565131153731	0.008813220511373648	0.41680174433787015	0.4168998731311431	194	0	0.40454285757017505	0.28810677422343417	0.00045213582225513474	0.41680174433787015	1.4094628242311558e-18			0	1	1	1	0	0.8622222222222222	0	1	draw4784	True
-0.8803753863520062	-0.9010830991696991	0.013992472326623725	0.010597501858553389	0.030187875110093347	0.030187982679926107	144	0	0.034020988445835114	0.001120825212388227	0.00018558869675791624	0.030083734293268174	2.0328790734103208e-20			0	1	1	1	0	0.8323699421965318	0	1	draw4785	True
-0.5797828252401838	-2.373068612865074	0.9066232405818386	0.08476092355439137	1.8226124725739141	1.8228830065464603	180	0	1.8894031228938415	0.15194155852759905	0.004959688535468753	1.8226124725739141	1.3877787807814457e-17			0	1	1	1	0	0.8866995073891626	0	1	draw4787	True
-2.0510503661400667	-4.528566634344246	2.600152364948214	0.01136037099998039	0.43468701408763033	0.4348968287255667	185	0	0.8369411099049895	0.08638984191821279	0.059701925637410225	0.43468701408763033	7.24247051220317e-17			0	1	1	1	0	0.8726415094339622	0	1	draw4788	True
-369.99664041948563	-369.99664041948563	0.07759297645158764	2.8224105897116987	2.8483728326614353	2.8486395432707248	166	0	0.010000552810179465	124.76816568259544	0.07759297645158764	2.8224105897116987	8.881784197001252e-16			1	0	1	0	1	1.0	0	1	draw4789	True
-0.2755130862584632	-3.3568559319787514	0.7424649806043148	0.03770091366347536	1.224444107017359	1.2244587625430219	193	0	1.2785970312374748	0.06314146042979758	0.00016612784293054277	1.224444107017359	8.673617379884035e-19			0	1	1	1	0	0.8935185185185185	0	1	draw4790	True
-1.1329586803586487	-1.1493483492688243	0.0009670468368109679	0.2507954828092792	0.3637329542490458	0.25078703160420057	28	0	0.6268142344774064	1.144225918737405	0.009849378851564457	0.2518135994271398	2.498001805406602e-16			0	0	0	0	0	0.14814814814814814	0	1	draw4791	True
-1.6440270913120432	-1.9545881266718692	0.08918721539014908	0.030689521676835224	0.4122070982159107	0.4122319876093354	172	0	0.23155778068683408	0.03758894852364466	0.0005242946311310471	0.4122070982159107	8.673617379884035e-19			0	1	1	1	0	0.8686868686868687	0	1	draw4793	True
-0.3435437584722551	-0.5205026455072922	0.02241532744642436	0.05056412839682996	0.43004165413689166	0.4300731735794234	160	0	0.9517455647069988	0.05255955173551989	0.0006741770531451736	0.43004165413689166	5.095750210681871e-18			0	1	1	1	0	0.8839779005524862	0	1	draw4794	True
-0.3928697896199944	-0.7820718736639922	0.14606538266018745	0.08223362673864636	0.39278398988240437	0.3928747703301868	158	0	1.1261908638405504	0.15038892396787082	0.014477130957930535	0.38329003814647616	2.7755575615628914e-17			0	1	1	1	0	0.88268156424581	0	1	draw4795	True
-0.8772391709578238	-1.406970877760233	0.46022085008616986	0.02784417926494159	0.4859085674491704	0.485910022146152	173	0	0.542203568043551	0.0661348338196304	0.025701049731014364	0.4826577183997605	1.3877787807814457e-17			0	1	1	1	0	0.8564356435643564	0	1	draw4797	True
-0.9929621739846103	-1.1456319410013927	0.008839508376801856	0.0021885502979152177	0.22250005419388788	0.22250062121807757	208	0	0.21047173671208816	0.10894139229215304	7.6544801442824e-06	0.22250005419388788	1.3552527156068805e-19			0	1	1	1	0	0.896551724137931	0	1	draw4799	True
-0.33817097273495134	-0.40562209956310086	0.007100182002092596	0.0014633667599826645	0.10338437226174307	0.10341196266641069	202	0	0.21375729882976932	0.19521599868366765	0.004123991093932533	0.07419498145650905	8.673617379884035e-18			0	1	1	1	0	0.8898678414096917	0	1	draw4816	True
-2.4952866457557956	-2.4952866457557956	1.5464221938521092	0.0008663649494140309	0.2508995971474487	0.1432265942076624	283	0	0.0007403040073524861	9.998633134810986e-07	1.5464221938521092	0.0008663649494140309	5.273559366969494e-16			0	1	0	1	0	0.881619937694704	0	1	draw4821	True
-2.4051883897580226	-3.3885077105015813	1.24345320591417	0.01060555483282605	0.5509437392641152	0.5509564927268955	188	0	2.2276980152657466	0.11414866563900727	0.005043012232591893	0.5509437392641152	1.5406957563316327e-16			0	1	1	1	0	0.8909952606635071	0	1	draw4822	True
-2.840391690094394	-3.0059237174326316	0.04199061104239548	0.006231235373195522	0.5273445070933083	0.5275184890032637	205	0	0.17973514896586956	0.14810454924996208	0.000691687041385899	0.5273445070933083	7.047314121155779e-19			0	1	1	1	0	0.8760683760683761	0	1	draw4829	True
-8.007129302053178	-8.098047236967469	0.2894022845892068	0.05312092058660198	0.45781679494947913	0.4578176563784749	166	0	0.05678100784586176	0.002771063237958812	0.00369736616107596	0.45643545199287505	6.098637220230962e-20			0	1	1	1	0	0.8601036269430051	0	1	draw4836	True
-0.12943572779601434	-0.16114318076815815	0.001957582080342419	3.0759066382367e-05	0.013292650661392862	0.013293816946107777	242	0	0.09664400317424934	0.09970817644433294	0.0005052054650930459	0.012324446833697579	1.5449880957918438e-18			0	1	1	1	0	0.8864468864468864	0	1	draw4838	True
-1.2540340126613096	-6.2527561671646605	0.0006236527195491124	0.007966610115472221	0.038803357386112576	0.007964744439245764	116	0	0.0709068911244497	3.5030909015977144e-05	0.3270144675818572	0.038803357386112576	1.0755285551056204e-16			0	1	0	0	0	0.7204968944099379	0	1	draw4840	True
-0.4381402124277714	-1.0655254384400763	0.1438546008787622	0.46970565835903577	0.8502347823890637	0.8502399795844402	137	0	1.0040124176014802	0.006841858285246782	0.0002222996174126371	0.8502347823890637	1.4293680984916318e-18			0	1	1	1	0	0.85625	0	1	draw4844	True
-0.5553962903515829	-0.9430719833339506	0.03249800528918947	0.05546757053267558	0.44606827008455047	0.4460880828266897	166	0	0.5866645386030056	0.30666075305468615	0.005911837390817607	0.43962709875724204	1.9081958235744878e-17			0	1	1	1	0	0.8924731182795699	0	1	draw4846	True
-73.61863682268398	-73.61863682268398	3.106230190966151	0.7320474610386628	1.1063381465778894	1.110338369254537	168	0	0.01005281676291728	6.40468859835021	3.106230190966151	0.7320474610386628	4.440892098500626e-16			1	0	1	0	1	1.0	0	1	draw4847	True
-0.08446599728140972	-0.9638350504186335	0.2092020827611025	0.5248965471584456	0.718853851112391	0.7188609915749079	137	0	1.4242709319507065	0.04411643838309558	9.288982417005748e-05	0.718853851112391	6.5052130349130266e-18			0	1	1	1	0	0.8616352201257862	0	1	draw4849	True
-0.9804961389401489	-0.9985351932667589	0.019922688560206226	0.0011986772060485617	0.09014623501292135	0.09015365982901552	208	0	0.08083130977478066	0.0149024833569629	0.0032119280125077663	0.07912679553091764	8.673617379884035e-19			0	1	1	1	0	0.896551724137931	0	1	draw4853	True
-0.43529941897289404	-3.805092550424067	2.5886735995547205	0.29531686074684926	3.318848425067575	3.3191716008002534	179	0	1.9932657025175042	0.29553777884526183	0.4172383359865706	1.202397659608114	1.7763568394002505e-15			0	1	1	1	0	0.8099547511312217	0	1	draw4854	True
-0.753093538997692	-0.8849663028008682	0.023847522679848458	0.0018171404080894948	0.11825118514878555	0.11825876796569901	201	0	0.14685122652403332	0.03670964857085415	0.00026439237156006035	0.11819440559011503	3.9302328752599536e-19			0	1	1	1	0	0.8893805309734514	0	1	draw4856	True
-0.6213703510416283	-1.1361899638556392	0.3191112050809254	0.0013214974147042473	0.3151108688369536	0.3151552444125284	212	0	0.7420113388191479	0.26747371505884604	0.0019840505520032563	0.3151108688369536	2.7159264420761886e-17			0	1	1	1	0	0.8907563025210085	0	1	draw4859	True
-0.6302122842107861	-3.548225078318517	0.05492453927394775	0.07781725507424726	1.2942847812787044	1.2943475005724372	182	0	0.7544176308149598	0.25705083263639406	0.00031225997786697983	1.2942847812787044	2.7647155398380363e-18			0	1	1	1	0	0.875	0	1	draw4860	True
-2.4842454375992555	-3.127192628461306	0.48624382767472046	0.33003285511183444	0.972497335484631	0.9725370410982873	142	0	0.34298463195293166	0.006060813742187469	0.001580051359924526	0.972497335484631	5.421010862427522e-19			0	1	1	1	0	0.8402366863905325	0	1	draw4867	True
-1.6826827947366416	-2.2827049929208507	0.5678236627402193	0.0070786967533268	0.98062660934102	0.9807503222201357	208	0	0.5778587830205135	0.6019722838875108	0.005562740840436717	0.98062660934102	2.7755575615628914e-17			0	1	1	1	0	0.896551724137931	0	1	draw4871	True
-3.797615990426869	-7.200856523503946	0.5996819868564596	0.00342801743125646	0.0767257985094704	0.07672686395979016	180	0	1.367861715565917	0.22664866817767373	0.0018191703046260142	0.0767257985094704	4.2197148553135833e-16			0	1	1	1	0	0.8695652173913043	0	1	draw4874	True
-0.8958362682669414	-4.281452778328729	3.8061152070263797	0.015270195247509138	1.5743738025925373	1.5746383412240574	198	0	1.644780745517139	0.6399497554299418	0.019218010802792534	1.5693701385852912	1.0408340855860843e-16			0	1	1	1	0	0.908256880733945	0	1	draw4876	True
-0.6674870309129408	-1.869673617288307	0.20578323466579831	0.061056036486112096	1.4639323000032753	1.4645313803738702	178	0	1.2301701920897194	0.08591316975342206	0.004619474511727972	1.4639323000032753	3.0357660829594124e-18			0	1	1	1	0	0.8855721393034826	0	1	draw4877	True
-83.00017119320772	-83.00017119320772	5.9191620811832725e-06	0.8279034688140395	0.8281794590855296	0.8281821926284991	167	0	0.010000027445786017	4002.518553312657	5.9191620811832725e-06	0.8279034688140395	3.3306690738754696e-16			1	0	0	0	1	1.0	0	1	draw4878	True
-1.3576550408465777	-1.3576550408465777	0.3742418563491397	0.00040608778517796075	0.10584018409171024	0.10599567452064355	222	0	0.0010520575937526247	9.987916787027627e-07	0.3742418563491397	0.00040608778517796075	7.201812930734963e-17			0	1	1	1	0	0.9135802469135802	0	1	draw4879	True
-0.34500438139550116	-1.5950927962969805	0.6355642708426293	0.45370717102890123	0.8063246396028475	0.806346962134915	143	0	1.6856068732488738	0.02554074470313073	0.0007385977787905893	0.8063246396028475	9.161508357502512e-18			0	1	1	1	0	0.8461538461538461	0	1	draw4883	True
-0.7024795255759462	-3.5395846644558984	0.15330969025770716	0.08580209106452058	2.7066270716606855	2.7066281335633526	186	0	1.5160959138901369	0.10281370191167635	0.00013939717360339298	2.7066270716606855	2.6020852139652106e-18			0	1	1	1	0	0.8691588785046729	0	1	draw4885	True
-0.4100491005174628	-3.143920259821514	1.0987017186175254	0.11571768371765095	0.36826912129228717	0.36826967339981415	139	0	0.9227260963341353	0.0032103679507173347	0.0005893685452831996	0.36826912129228717	6.556035011748285e-18			0	1	1	1	0	0.8475609756097561	0	1	draw4886	True
-0.1764909277698726	-5.57692584015353	4.734755378373667	0.2024899172423786	2.4462430005199742	2.446245809389616	175	0	7.732403234064419	0.5056421757864965	6.869152643753093e-05	2.4462430005199742	1.249000902703301e-16			0	1	1	1	0	0.8974358974358975	0	1	draw4887	True
-0.617677962731684	-0.9609878642669518	0.13903097037115805	0.05587151239305216	0.5495754740152926	0.5495890607580194	168	0	0.9650082659203123	0.23511455736005588	0.0009616364656095517	0.5495754740152926	4.7704895589362195e-17			0	1	1	1	0	0.8936170212765957	0	1	draw4890	True
-3.815650370745373	-10.345097766659958	25.059098388124852	0.05161687622263916	5.27091314538926	5.270956044165012	201	0	1.1983723301015785	0.5363253955823895	0.019165944889152815	5.27091314538926	5.551115123125783e-16			0	1	1	1	0	0.9095022624434389	0	1	draw4891	True
-0.27995168919174857	-0.28310719433969034	0.0008800900143479256	4.729992423083876e-05	0.022562056086445507	0.02259981196218256	247	0	0.02648548878270786	0.06182931704906145	0.0007336552220000495	0.007334411236136212	1.734723475976807e-18			0	1	1	1	0	0.8884892086330936	0	1	draw4895	True
-0.6324575159641964	-0.6324575159641964	0.08930124435295589	2.6168458455441654e-05	0.023903617124310467	0.02390615434721082	239	0	0.00010000000000038603	5.64170614860609e-06	0.08930124435295589	2.6168458455441654e-05	5.160802341031001e-17			1	0	1	1	0	0.908745247148289	0	1	draw4901	True
-0.9469794197820625	-1.0211277992076957	0.023440016707223902	0.006219900734028716	0.18884036497811957	0.18885144486427147	186	0	0.19236753450675453	0.04323281227557288	0.0009990943573811928	0.1871451034203858	6.505213034913027e-19			0	1	1	1	0	0.8899521531100478	0	1	draw4902	True
-0.7432515966494807	-1.0140171451631852	0.032928275390696725	0.06416050715133048	0.6634192707163056	0.6635718020863168	165	0	0.7465122093769057	0.18590090055032546	0.0013907385385026859	0.6634192707163056	1.214306433183765e-17			0	1	1	1	0	0.8823529411764706	0	1	draw4903	True
-0.4602188620090083	-0.7165887921560146	0.12167591014581183	0.0005087457042195555	0.038579494904609886	0.03858080749888516	206	0	0.12117259572209124	0.020287366858544847	0.027373022494243983	0.03310787306414025	1.1926223897340549e-17			0	1	1	1	0	0.8803418803418803	0	1	draw4907	True
-0.48461142397039964	-0.8143349094892605	0.013117476016785102	0.0011186631271409484	0.1363569933934417	0.13635700421135274	213	0	0.223949537263801	0.10451084883072548	7.5232878335997966e-06	0.1363569933934417	6.505213034913027e-19			0	1	1	1	0	0.8949579831932774	0	1	draw4908	True
-2.7426291035631944	-7.660417490361181	6.141524829027023	0.3932896737638048	1.0459709424606736	1.0459860752528807	163	0	7.7446347121047605	0.038151415235778766	0.001120141360898588	1.0459709424606736	3.7161029461940664e-17			0	1	1	1	0	0.8670212765957447	0	1	draw4911	True
-0.7469378990423307	-1.6479126459797155	0.4183490343793388	0.1939853025758266	0.8131409982877168	0.8131416404443664	157	0	0.9276198604406857	0.05676612947723861	0.04099671142810439	0.8088521975602379	3.729655473350135e-17			0	1	1	1	0	0.8770949720670391	0	1	draw4913	True
-0.07349422437058928	-1.5718826215688235	0.09775548978873899	0.015159803594891415	0.03332069940677869	0.03332084007271459	147	0	0.7043380237580738	0.012712914921078603	3.4415613588418e-05	0.03332069940677869	5.488773498207866e-18			0	1	1	1	0	0.8596491228070176	0	1	draw4917	True
-0.8627485974090829	-0.9355864046705558	0.022128907256673176	0.017423392468977426	0.27650263753015986	0.27653360095269974	173	0	0.3102245476266023	0.07583269492768979	0.00015101727570197016	0.27650263753015986	7.589415207398531e-19			0	1	1	1	0	0.8737373737373737	0	1	draw4922	True
-3.677208486362553	-9.273399835557592	0.3645835919780326	0.24592401933701102	6.794601069522865	6.7952530510970695	182	0	0.8664371399452513	0.767943110164893	0.003526805386726945	6.794601069522865	1.3769367590565906e-17			0	1	1	1	0	0.900990099009901	0	1	draw4923	True
-0.812385957526502	-0.812385957526502	0.1066821227983898	6.449175717065608e-05	0.050593199157741034	0.050599834493682785	246	0	0.00010000000000047238	2.058653670739742e-06	0.1066821227983898	6.449175717065608e-05	3.469446951953614e-18			1	0	1	1	0	0.8848920863309353	0	1	draw4925	True
-0.3749445865947837	-0.6463643525238615	0.07562930534683038	0.004776989830451268	0.23388439887830795	0.23388999839061209	189	0	0.5536281035483661	0.06371812940085841	0.00024078381610525632	0.23388439887830795	2.4936649967166602e-18			0	1	1	1	0	0.8873239436619719	0	1	draw4929	True
-0.12876340422209165	-0.18554370658849348	0.008097202826187108	0.00020775531187965332	0.07029513316238972	0.07031192692233257	217	0	0.6776742718623039	0.2699181699666494	0.00022446194955660464	0.07016766944106881	4.336808689942018e-18			0	1	1	1	0	0.9117647058823529	0	1	draw4931	True
-1.094451238216997	-1.094451238216997	0.26584277921898025	0.0006081204527791151	0.641221165923855	0.6413484151495602	221	0	0.00167149112304405	9.999535938684968e-07	0.26584277921898025	0.0006081204527791151	6.661338147750939e-16			0	1	1	1	0	0.9057377049180327	0	1	draw4938	True
-0.8762028156813871	-0.9761192806243888	0.04664560345315006	0.006614523365924763	0.058796391193330654	0.05880160698348984	166	0	0.06557570577647776	0.005884149641604972	0.00023227856118684126	0.058796391193330654	8.131516293641283e-20			0	1	1	1	0	0.8512820512820513	0	1	draw4941	True
-0.4321833685680979	-0.4321833685680979	0.010048312812942065	4.069269316146028e-05	0.01735634217313686	0.017377280592283745	245	0	0.00010000000000002086	1.914733403216435e-06	0.010048312812942065	4.069269316146028e-05	1.734723475976807e-18			1	0	1	1	0	0.7728706624605678	0	1	draw4942	True
-0.5390254522535012	-1.6432881994998687	0.6730285627931706	0.09311436776047477	0.5070948042083564	0.507120925447472	152	0	0.6828768855189512	0.009482535978833145	0.001925820927072771	0.5070948042083564	7.101524229780054e-18			0	1	1	1	0	0.8587570621468926	0	1	draw4944	True
-4.127408517399779	-7.003373749852336	3.817416425214686	0.07843670667694946	1.0124522196237837	1.0124644078339455	176	0	5.498337330875948	0.11419639035675248	0.0038195538841663424	1.0124522196237837	2.278205225923584e-16			0	1	1	1	0	0.8844221105527639	0	1	draw4945	True
-1.5749459091497242	-1.575912924022899	0.36598611136834286	0.0033622380860765053	0.10698954441216858	0.10703204937891889	188	0	0.02637581665225195	1.393619459206871e-05	0.3629784772122681	0.007464111495882292	2.7560419224581523e-16			0	1	1	1	0	0.8995215311004785	0	1	draw4948	True
-0.8224908314757654	-0.8224908314757654	0.06805013042026807	6.0930543077258403e-05	0.2950692903511696	0.29507190033151215	236	0	0.000662113277315461	9.993763617076518e-07	0.06805013042026807	6.0930543077258403e-05	1.6653345369377348e-16			0	1	1	1	0	0.8676470588235294	0	1	draw4949	True
-0.5308816479492077	-1.083571139950172	0.09298919281399712	0.003178125814472714	0.05143319248552038	0.05143934576556054	173	0	0.6267143010833742	0.12934126977159924	0.0009725604690159289	0.05143319248552038	4.85722573273506e-17			0	1	1	1	0	0.865	0	1	draw4952	True
-2.923858699398595	-14.061159228015743	49.34296430647099	0.034657956240402306	4.7338468935455404	4.734037671473247	206	0	0.97236788391979	0.27282147903680976	0.12659673192019652	4.7338468935455404	8.881784197001252e-16			0	1	1	1	0	0.8442622950819673	0	1	draw4957	True
-0.5429132745118131	-0.6235056629390096	0.044469558706370586	0.010333733677971836	0.01836803354148319	0.018368058451469823	134	0	0.0337044904687175	0.0002475299994949127	0.0007701840772808815	0.01825209892073962	1.2112571145736495e-19			0	1	1	1	0	0.8271604938271605	0	1	draw4959	True
-1.1967772198105957	-1.2922912643831983	0.04505770000809234	0.03350325566386948	0.20091635004363162	0.200925849589973	157	0	0.16247146994218742	0.009956852462909472	0.0010775663038099619	0.20021023884299352	1.1011428314305904e-19			0	1	1	1	0	0.8579234972677595	0	1	draw4960	True
-0.17252724221593008	-0.2787504420864256	0.018974712094601047	0.0018352043094884889	0.01674950408420751	0.016749629674325413	168	0	0.10161959701491688	0.007755295668980938	0.0012052924945355466	0.01618987361566542	6.505213034913027e-19			0	1	1	1	0	0.8615384615384616	0	1	draw4961	True
-0.5025547894566958	-2.254555621562371	0.08577438155729883	0.12076112932763464	1.607237787881047	1.6072501471396923	171	0	1.0558161179766574	0.11661771743078699	7.736973642580006e-05	1.607237787881047	3.0357660829594124e-18			0	1	1	1	0	0.890625	0	1	draw4962	True
-0.9475284405430575	-0.9475284405430575	0.00043623955566490005	0.030942431468940775	0.043237373383835424	0.03091642805540571	21	0	0.3361558403559988	1.7626158840072361	0.00043623955566490005	0.030942431468940775	6.245004513516506e-17			0	0	0	0	0	0.10714285714285714	0	1	draw4966	True
-0.38570814281106663	-1.309874505876271	0.4265713641382802	0.2619927167179227	0.73189853033596	0.7318990162831623	157	0	1.9082895543341307	0.1805599955471501	0.009630844980986633	0.7189955300545914	1.4224732503009818e-16			0	1	1	1	0	0.8920454545454546	0	1	draw4973	True
-0.4555807412164133	-1.0428246698841637	0.07374129244064216	0.12741262248303792	0.6858100571155387	0.6858116885186037	157	0	0.847817463983675	0.10333797226250152	0.00019354878409293832	0.6858100571155387	8.239936510889834e-18			0	1	1	1	0	0.8820224719101124	0	1	draw4978	True
-0.2500749775747688	-0.6322083759856443	0.0836449947041923	0.008605276237928568	0.42787519193409834	0.42809643432062205	191	0	1.9181805946028294	0.17444454579823226	0.000978506055950428	0.42787519193409834	8.673617379884035e-18			0	1	1	1	0	0.8967136150234741	0	1	draw4980	True
-0.3450447133015824	-0.34583885215459154	0.023928430279875294	0.0022327082407526616	0.09253411623524807	0.09256900802115915	190	0	0.03371446234048053	9.820800543638255e-05	0.023821766872760077	0.008426096951011116	2.7755575615628914e-17			0	1	1	1	0	0.8370044052863436	0	1	draw4984	True
-4.415511743705376	-4.415511743705376	0.0014072463205301424	0.3914974612992109	0.5409910249229891	0.39148987257920054	37	0	0.2323530124325473	2.56408223845665	0.0014072463205301424	0.3914974612992109	5.828670879282072e-16			0	0	0	0	0	0.16591928251121077	0	1	draw4987	True
-0.9838906756281731	-0.9902320139934323	0.07204639757119694	0.00043699394360173206	0.15105143604134497	0.15107939290055433	232	0	0.039422590116238554	0.012219940650020087	0.06561721824670587	0.03579309773277475	2.0816681711721685e-17			0	1	1	1	0	0.8992248062015504	0	1	draw4991	True
-0.24287129137171512	-0.9002348541921308	0.11362584669418377	0.055368352375169204	0.6577419812539254	0.6577429925306792	172	0	1.7698135817722835	0.05537262629112842	0.00010165481493461641	0.6577419812539254	3.469446951953614e-18			0	1	1	1	0	0.8686868686868687	0	1	draw4993	True
-0.5245196778439947	-1.2803122592808331	0.3732773369864713	0.008974072349119509	0.524890664337569	0.5249730375006888	199	0	6.017351334084273	0.18595236791870312	0.00042266631686357816	0.524890664337569	5.4643789493269423e-17			0	1	1	1	0	0.8766519823788547	0	1	draw4994	True
-0.2533610253054185	-0.618257121868986	0.06746465866797191	0.016135568630678745	0.4278968730563135	0.42797917596880386	178	0	1.0961312115370672	0.16077923927715546	0.0003941348669596615	0.4278968730563135	4.336808689942018e-18			0	1	1	1	0	0.89	0	1	draw4997	True
-0.11001648181211446	-0.11773454145951172	0.0011646830591410702	0.014084686943618863	0.056826255209055286	0.056826426985422764	146	0	0.5274204398717718	0.007909768956685492	1.4091839933946429e-06	0.056826255209055286	1.4907779871675686e-19			0	1	1	1	0	0.8488372093023255	0	1	draw4998	True
