u	a	lambda	transversality_svd	transversality_closed_form	abs_diff	rel_diff	grad_G	grad_R	tr_J	det_J	sv_ratio	name	population
0.3151700679326804	4.096362271876506	-0.007044192910670703	0.7096016497415252	0.7096016497365436	4.981570711493077e-12	7.020235526992649e-12	2.431316208040126	0.017126660396275032	-2.1627506700800128	0.0	5.564355812996829e-18	draw2	kinetic_box
0.36095271897108755	2.0329144261966277	0.09957350279768057	0.6728156092374219	0.6728156092350949	2.327027459614328e-12	3.45864071474183e-12	1.3377082617850178	0.13320029734733088	-1.4753644803019526	1.913704050197613e-17	4.269765319359536e-18	draw5	kinetic_box
0.19726427265797905	0.030119095223851772	10.985060160473266	0.08314828397306476	0.08314828399279461	1.9729856637340504e-11	2.3728519327049775e-10	0.019801383313436897	0.21751938695869577	-0.2381378326379886	-5.842128505454186e-18	1.0282904587310136e-16	draw7	kinetic_box
0.17880105163734947	0.03206891194206348	5.556366507663337	0.1507797616811772	0.15077976165226262	2.8914592942186346e-11	1.9176706890458498e-10	0.02846522284760453	0.158163210863603	-0.11546833580966598	1.885588997969902e-18	7.007580984961698e-18	draw10	kinetic_box
0.11050612185388893	0.016990952328551422	1.040928004909399	0.4399958316417096	0.43999583179208046	1.5037088241243168e-10	3.4175524299850476e-10	0.40011512402550603	0.41649103778594676	-0.10267711783726668	0.0	4.376484154765787e-17	draw11	kinetic_box
0.2737978329682316	0.013608388076463031	12.720438851336272	0.07269115163020051	0.07269115147968722	1.5051329627091548e-10	2.0705862158886676e-09	0.031074711106437457	0.39528396245237785	-0.39642270634313626	6.838468665375755e-17	3.7134497514168526e-16	draw13	kinetic_box
0.022822244844907538	2.640879778948436	-0.03109253546686645	0.7181837047461704	0.7181837046747752	7.13952230668724e-11	9.941080896454377e-11	12.60288447110586	0.39185563240267934	-12.083843803781146	-6.99565344542703e-16	2.756335253577267e-18	draw14	kinetic_box
0.7270583039705055	0.02908055906754205	11.69846350159304	0.07850663123390125	0.07850663124255867	8.657422001512316e-12	1.1027631506393185e-10	0.003824246675363492	0.04473781015282834	-0.04846811289325716	-6.586430003680313e-19	2.7750263080209685e-16	draw17	kinetic_box
0.7693079821672811	0.49706782689101586	-0.06022928386911501	0.7287110446621652	0.7287110446804277	1.826250262126905e-11	2.5061377557791748e-11	0.18947937824663985	0.011412207259760287	-0.18305926169992287	-9.857319324379402e-19	1.3079366420638185e-17	draw19	kinetic_box
0.44618880578516323	0.009185227867768384	3.2273649305659484	0.230200884412602	0.23020088103938918	3.3732128201791056e-09	1.4653344526522131e-08	0.1265389420246844	0.40838734384138425	-0.1702104543013184	2.9378036995424195e-17	1.4825482438653705e-16	draw21	kinetic_box
0.9119746094762164	0.1914059911679335	0.03727575415363922	0.6940527796014466	0.6940527796075269	6.080247416662132e-12	8.76049717731898e-12	2.195904330946085	0.08185398998525788	-3.1326024107583805	0.0	1.7449275747715754e-17	draw23	kinetic_box
0.15451950287724703	0.9475118994866941	0.026691214189397197	0.6977337862027608	0.6977337861690951	3.366573686491847e-11	4.8250117067943754e-11	3.7857454476387953	0.10104614260946246	-3.1256979946608237	0.0	9.221085793578043e-18	draw25	kinetic_box
0.10466310330314939	0.6922841701492192	0.025616798640706977	0.6981085899269913	0.6981085899098347	1.715660946643993e-11	2.45758463860985e-11	2.5185973009375573	0.06451839991514549	-2.176471075721302	0.0	7.644453207627131e-18	draw26	kinetic_box
0.7550407625305685	0.7627378674775322	-0.22855953165867138	0.7917776999457193	0.7917776999497622	4.0428771441725075e-12	5.1060760418347545e-12	0.09721289555958897	0.02221893388028299	-0.03428536697837227	-6.279027021974688e-19	2.7223771097419815e-17	draw28	kinetic_box
9.851668601900712	0.013270710844356782	0.045235465606423206	0.6912982920620647	0.691298292189259	1.2719425512841553e-10	1.839933015393493e-10	2.7321673078392714	0.12359086028475727	-2.7489247437600515	7.462803862592579e-18	2.304407716676605e-16	draw30	kinetic_box
1.5153820489830883	0.281679525334038	-0.31468869916916997	0.8248838620847239	0.8248838620580289	2.66949795602045e-11	3.2362106701423826e-11	0.20499609261985502	0.06450995372130487	0.09706504489333481	6.128656855887053e-18	7.276685686890044e-17	draw34	kinetic_box
1.594707236294606	0.014987796705229466	-0.01408125021035147	0.7121026544220208	0.7121026544838245	6.180367329022829e-11	8.679039868911508e-11	0.37082524263648525	0.005221683025878643	-0.39235275414328336	-1.250655169080212e-18	5.522131215518654e-17	draw37	kinetic_box
1.1468742890478185	0.0490149572231782	1.5446207468703679	0.36575616083448564	0.3657561600128371	8.216485269940677e-10	2.2464379737725534e-09	0.013116118533283752	0.020259428804921025	-0.03299519383365722	9.495833866909636e-19	6.945279455823697e-16	draw39	kinetic_box
0.29421635362040466	3.0510480304458736	-0.10490227656045471	0.7451076781927962	0.7451076782058662	1.3069989535097193e-11	1.7541074823666062e-11	1.2906329587202443	0.13539033557370905	-1.0274862469892003	-3.566043811412603e-17	1.2446783086989964e-17	draw42	kinetic_box
0.9130320990933841	0.00018018365459157866	0.21446617156479394	0.6356509573826805	0.6356509615490313	4.166350819900799e-09	6.554463175431577e-09	0.034114137759218816	0.007316328521453635	-0.03421599022376171	-1.5776362589085585e-19	1.662843623569814e-16	draw44	kinetic_box
0.002105913028425181	0.005561013826872891	12789.96852759699	7.818016242187884e-05	7.818016241587913e-05	5.999717324518816e-15	7.674219570692805e-11	0.000790839437470301	10.114811515627656	-10.115592316445815	-8.311191806223129e-19	8.127238402192325e-21	draw45	kinetic_box
0.6537203634414973	2.2964305744954623	-0.00934529121301388	0.7104185233083486	0.710418523309398	1.049382802875698e-12	1.4771332228040397e-12	0.5154846991328778	0.004817354629249586	-0.35920629814683247	2.763253885899355e-17	2.1748092249984258e-17	draw47	kinetic_box
6.194377198574427	0.012380147295663384	0.012632600111527835	0.7026546750973257	0.7026546751052505	7.924771949774367e-12	1.1278330922066828e-11	7.176887058199704	0.09066274425183626	-7.2199891065286685	3.8395076931316575e-17	1.5599583279202766e-16	draw48	kinetic_box
0.4559359932267076	0.6480981046394039	0.5287847959376522	0.5474065527329043	0.5474065527198264	1.3077872118572031e-11	2.3890602064578404e-11	0.30768794168161806	0.16270070545459062	-0.4768068969041818	4.079053904884119e-18	1.3500925769805191e-17	draw49	kinetic_box
0.032704951423756935	0.0007507599174935485	1109.0453230886576	0.0009008637516997317	0.0009008637516166534	8.307829250930876e-14	9.222070747126838e-11	0.0003847499571361801	0.42670514052044206	-0.4270669618573184	7.817263711084901e-19	4.287035643895978e-18	draw50	kinetic_box
0.08266577237261465	0.9796735057659425	-0.023113556282063248	0.7153253111359851	0.7153253111360082	2.3092638912203256e-14	3.228270907334432e-14	2.452905006864769	0.056695357930723576	-2.1764986204979957	1.3565962775768212e-16	1.5627761898064728e-17	draw51	kinetic_box
1.2756060176937472	0.045539986539894925	0.3718466914972209	0.5890549004178458	0.5890549008255335	4.0768766140786283e-10	6.921046931899e-10	0.49950532776928586	0.18573940351624385	-0.6731248983700134	1.0773102423676672e-17	6.645032319494977e-17	draw54	kinetic_box
0.38940142792994864	0.8446171500017415	0.0744284104587998	0.6812981218389108	0.6812981218694352	3.052436081674159e-11	4.480323640550314e-11	0.2861444560253204	0.021297277023562537	-0.20149769654057625	1.2146494128395713e-17	4.57823317860523e-17	draw56	kinetic_box
0.009651581883076988	8.516536130626386	-0.012807853822648759	0.711649445849737	0.7116494458539023	4.165334743788662e-12	5.853071014185518e-12	39.058190034026836	0.5002515885330523	-38.49349424289556	0.0	2.8541966278320655e-19	draw58	kinetic_box
0.0076506273672750395	0.016731742573150948	179.2750225222624	0.005546994815973602	0.0055469948155597885	4.138130810238394e-13	7.460131021991562e-11	0.013199045713743397	2.366259217603719	-2.3794417933051744	-6.961461888612448e-18	1.2300096059031588e-18	draw59	kinetic_box
0.022165622833287543	0.20546236202569346	1.6961807894745793	0.347746878568764	0.34774687859094117	2.2177149006097352e-11	6.377382622658879e-11	0.06403152696782041	0.10860904596354044	-0.16911879832708884	7.477182114953895e-20	8.54494895991849e-19	draw60	kinetic_box
0.7269448240714318	0.03305210707371521	39.738150616102935	0.02453962299367948	0.024539623006670452	1.299097288076645e-11	5.293876306590038e-10	0.0007945092503150341	0.03157232825490585	-0.0299089828059669	6.415622219087456e-20	5.99619891919375e-17	draw64	kinetic_box
0.03774728645708516	4.625429829195029	-0.06781958338967657	0.7314757930502325	0.7314757930631074	1.2874923349670553e-11	1.7601297912752365e-11	10.745078999260372	0.7287267812190014	-9.86309193626581	0.0	1.7488081515653e-18	draw65	kinetic_box
0.5459323233716122	1.8799789654709718	0.04178255485503163	0.6924917346989375	0.6924917347242067	2.5269120129678413e-11	3.649013968338864e-11	1.138090247782838	0.04755231820796297	-1.0623460719295175	8.183448407499804e-17	2.6410539152677632e-17	draw66	kinetic_box
1.1838678595143157	0.01062448684879341	0.13132721658021504	0.6622805198854991	0.6622805177907599	2.094739159907988e-09	3.162918285586346e-09	0.043516444891636974	0.005714893583085002	-0.04618621336468724	1.3864352978501652e-18	4.456779342502283e-16	draw68	kinetic_box
0.1656924177777218	0.035026060243095326	0.1655607481327196	0.651147123945985	0.6511471238516481	9.433687164772664e-11	1.4487796719381588e-10	0.4562456328814484	0.07553636831213874	-0.6948925945670531	1.9753696436324435e-17	2.919364048980433e-17	draw69	kinetic_box
1.09157731153096	0.04583766600754616	0.038685219553369746	0.6935641697097334	0.6935641696633459	4.6387560459493216e-11	6.688286749589387e-11	1.555054051748257	0.06015760740923852	-2.1561441388406783	5.407178537958278e-16	3.7917273833179564e-17	draw71	kinetic_box
0.2863674013928911	0.7461246721402909	-0.006340455158323773	0.7093520125384714	0.7093520125570674	1.8596013617866447e-11	2.6215494266142507e-11	3.929985743640438	0.024917898380403907	-3.3039817359328145	4.318464237574397e-16	1.2205545862390411e-17	draw73	kinetic_box
0.050948339276199614	0.00854291480115298	102.3187506523805	0.009678331935480384	0.009678331934278313	1.2020714285077005e-12	1.2420233534771153e-10	0.00714782632662435	0.7313566596203976	-0.7365478171256884	-5.106708914889398e-18	9.2336390492408e-18	draw75	kinetic_box
0.7294738953393146	3.0082707889164024	-0.07347754926727637	0.7335424944080432	0.7335424943951878	1.285538342443715e-11	1.7525069812126597e-11	1.4405181538078031	0.10584574361681885	-0.9767148942131609	7.791845326528842e-17	2.8954080522005186e-17	draw77	kinetic_box
1.1540943410226085	0.24063823934156553	17.848469987854518	0.05298019224781648	0.05298019224040279	7.41368771928208e-12	1.399331977815737e-10	0.006763178336885681	0.1207123855684119	-0.09192411397170122	-7.544304285080488e-20	4.2465364208244264e-18	draw79	kinetic_box
1.6336761952081804	0.2978111133121696	-0.25731639804873385	0.802810534965365	0.8028105350043226	3.895761491179428e-11	4.8526536727105255e-11	1.8330383885583392	0.4716708356288873	-0.07714866183269997	1.6738504789121944e-16	1.303398914766011e-17	draw80	kinetic_box
0.8288872319325069	0.6322130898707844	-0.07033736865225818	0.7323948650785796	0.7323948650882597	9.68003455170674e-12	1.3216961250186012e-11	2.6128840402293587	0.18378338798321414	-1.887956197326731	-1.139184054613323e-15	9.053549186810741e-17	draw82	kinetic_box
0.03796560697973748	0.027138531431809058	343.25730146923087	0.0029047917840996627	0.0029047917845624036	4.627409566637652e-13	1.593026251048405e-10	0.024506828420258704	8.412147791107454	-8.435727594012985	-7.956633412284697e-17	1.12285644654149e-18	draw85	kinetic_box
0.0040732334499493875	2.1871690578291787	0.002587278802146157	0.7061926324522187	0.7061926324284615	2.3757218414743875e-11	3.364127197567516e-11	7.037829277359905	0.018208826502436888	-7.028588749391129	2.4480364424544072e-17	3.1975099244839413e-19	draw89	kinetic_box
0.035159893097020264	0.1986083330312845	1291.8580409214371	0.0007734798944503044	0.0007734798943213198	1.2898460511473475e-13	1.66758833761168e-10	0.00790506800282715	10.21222566348302	-10.207217022632806	0.0	7.338497922757193e-21	draw90	kinetic_box
1.5178259619634098	0.24940203046124743	0.41865544449417236	0.5761432393008529	0.5761432392223702	7.848266481147448e-11	1.3622075114064306e-10	0.3321241805363732	0.13904559642971806	-0.575014682061725	6.717327787152279e-17	1.80978019206344e-16	draw93	kinetic_box
0.7932074082475833	0.20495703933478293	0.0030105110499495445	0.7060432070654293	0.7060432070765811	1.1151746193149847e-11	1.5794707861186564e-11	0.6997856758591886	0.002106712509770498	-0.6376887379028855	5.821822637499338e-17	6.063817890161307e-17	draw94	kinetic_box
0.0221342940670564	1.2112645665990665	-0.007446774099679139	0.7097444964525316	0.7097444964729842	2.0452639581947096e-11	2.8816904792618716e-11	5.110940125214609	0.038060016549459	-4.9510479783655015	-7.090885125613777e-17	2.1248195074096316e-18	draw95	kinetic_box
0.29894593687073867	0.46538645150409425	0.04745405348640222	0.6905326498762989	0.6905326498778708	1.5718537582642966e-12	2.276291727179444e-12	1.3086289745035813	0.06209974934994863	-1.451462992683034	5.695167408883691e-17	2.4653434972153785e-17	draw96	kinetic_box
0.6506151863871953	3.0766028303805983	-0.17099459720306837	0.7698573971158162	0.7698573971172209	1.404654170755748e-12	1.824564102411126e-12	0.8126300915341805	0.1389553551769798	-0.47263508815964617	4.394339466020964e-17	2.1307970283789263e-17	draw98	kinetic_box
0.14226270632247345	0.19803260550184207	0.9141655425677542	0.4630408912160567	0.4630408910991092	1.1694750723378888e-10	2.5256410282943557e-10	0.5969498290570527	0.5457109643656687	-1.2890603550073227	2.2655502061476363e-16	8.430800144490014e-17	draw99	kinetic_box
0.0005504615823116233	1.7114391602413417	0.03650357946774139	0.6943206204684654	0.6943206205352442	6.677880470817854e-11	9.617862804751426e-11	6.514214426912469	0.2377921440027068	-6.748022469821595	5.856431057442263e-18	3.678014273047022e-20	draw104	kinetic_box
0.3867953935627657	0.4842261115588778	0.5821208712355209	0.5342854318596357	0.534285431895266	3.5630276506992686e-11	6.668771854886951e-11	0.13331897008673999	0.07760775501911542	-0.20304681447972878	-1.0959406871816572e-18	2.6591971642370648e-17	draw109	kinetic_box
0.034199523489383335	0.0074705901033227115	3203.4981170209226	0.0003120613321276659	0.00031206133216221584	3.4549945369943824e-14	1.1071524027201184e-10	0.0002499981408726452	0.8008685735442502	-0.800728935818298	-1.5328457420334208e-19	2.3863289433739466e-19	draw110	kinetic_box
0.08470704710721487	0.14201342021196853	38.895291098190164	0.025057744360966864	0.025057744358027722	2.9391419853475043e-12	1.1729475500079857e-10	0.04663486639806727	1.813876703878034	-1.8600501254972792	-5.638387635326546e-18	1.6864792232971567e-18	draw111	kinetic_box
1.0630206541609408	0.0036566533035037006	0.009172512617143282	0.7038712789192642	0.7038712784036567	5.156074456280635e-10	7.325308780853144e-10	0.8739761246618306	0.008016557030542628	-0.898916713380692	-1.123556204750041e-17	9.776963582787975e-17	draw112	kinetic_box
0.07973259468530239	5.007862030093038	-0.03344599410539523	0.7190288547518707	0.7190288547382742	1.3596568315676905e-11	1.8909628210436762e-11	23.77042911471968	0.7950256320536295	-22.485553261769986	-2.6384982423080095e-15	2.171683438309543e-18	draw113	kinetic_box
0.00014846051426455504	2.560274720976099	0.046327679336478016	0.6909212502045662	0.6909212502575548	5.298861349700701e-11	7.669269613180147e-11	34.27164742187939	1.5877258920936619	-35.857065626185424	-1.555152414689005e-17	4.742830778693511e-21	draw114	kinetic_box
0.023219116505384444	1.2167125802531073e-11	5263.060861952584	2.829070296706685e-08	0.0001899674050473013	0.0001899391143443342	0.9998510760150667	1.0440115430578672e-08	0.017052579364771767	-0.0170525689598774	-1.7799585374261666e-10	6.109767004852736e-07	draw115	kinetic_box
0.49548837554058905	0.08460615987699052	18.80810717074482	0.050420168163757585	0.05042016815845097	5.306616257527708e-12	1.0524788891721022e-10	0.04862224713544833	0.9144924350059525	-0.9640272057886505	-4.456335061374407e-17	4.81206738338905e-17	draw118	kinetic_box
0.22190430392729138	0.8853153762063899	1.5370387933348886	0.36670242873129655	0.3667024287209603	1.0336231870411439e-11	2.8186974126306437e-11	0.12823455603679193	0.19710148727462581	-0.3152138776047549	0.0	4.935491466657358e-18	draw119	kinetic_box
0.05381383170388501	0.1467991944965087	-0.02540645699724528	0.7161456186204503	0.7161456186356501	1.519973036323563e-11	2.122435712473265e-11	0.8654954628566146	0.02198917325837748	-0.37410294545507994	-8.619406862410534e-17	3.601833786974214e-17	draw120	kinetic_box
0.3768223914543854	0.08207026167488589	0.3448371237994427	0.5967000412784889	0.5967000412718608	6.6280314570121845e-12	1.110781129306543e-11	1.6148838787171627	0.5568719120069145	0.49338399864194915	-4.247518107817153e-16	5.634724356816933e-17	draw122	kinetic_box
0.013847837705043687	5.895104311278275	0.028682384465979007	0.6970397373276161	0.6970397372842478	4.33683089440251e-11	6.221784300704769e-11	56.03048195951557	1.6070878253769263	-57.49103811526561	-1.5997584705266728e-15	2.315218102376194e-19	draw125	kinetic_box
0.22375800539366797	0.17514382303853895	100.662646650132	0.009835978686777887	0.009835978685789077	9.888097285415398e-13	1.0052987711026278e-10	0.019797911132458088	1.9929101327373433	-1.6588833320267369	5.7159514439446766e-18	1.7138671910124308e-19	draw128	kinetic_box
0.4000695369174846	0.032813377821794075	79.86498323952021	0.012365346618837723	0.012365346607657016	1.118070740158128e-11	9.041968459386194e-10	0.002895353936608133	0.23123739361968737	-0.22920109990290805	6.938969916693723e-19	1.2494042590573749e-17	draw129	kinetic_box
0.12543032144923374	4.129731705708183	-0.0761634869440747	0.7345253051287229	0.7345253051191567	9.566236691682661e-12	1.3023699285800372e-11	4.90331755252729	0.3734537623945646	-4.301597194602162	1.3595287749414665e-16	5.256769528036517e-18	draw130	kinetic_box
0.497722539735507	0.43593125674626504	0.29789137114005565	0.6103325264644333	0.6103325263841322	8.030109910350802e-11	1.3156942425999426e-10	0.7046958726120011	0.20992281972912705	-1.0709391782328004	2.4442611577480485e-16	1.5296576931314783e-16	draw132	kinetic_box
0.7875654855539955	0.04946882286830687	1.4932728341639225	0.3722540375920238	0.3722540380237206	4.3169678942689416e-10	1.1596832950926533e-09	0.313866423988354	0.4686882044979848	-0.8172788675050018	-5.265917522567512e-17	1.8180036391813417e-17	draw133	kinetic_box
1.0223789402611914	0.00329158127209909	0.015538571544373343	0.701634575962302	0.701634569312602	6.649700012850701e-09	9.47744068449403e-09	0.10219999861549028	0.0015880419903216525	-0.10405490431358713	-1.9479446016825942e-18	1.5636076403224615e-16	draw135	kinetic_box
0.6756520651699419	0.0011275939684197763	40.76457011268155	0.023936880527764652	0.02393687925338083	1.2743838206930036e-09	5.323934700105112e-08	0.006575293070149772	0.26803899536954945	-0.00876468670106782	2.9342293242175363e-18	3.686907977707843e-17	draw136	kinetic_box
0.46475693703365367	0.2830086675269604	0.015538008120846838	0.7016347669398805	0.7016347669478482	7.967737580827361e-12	1.1355961756980031e-11	2.361877511143798	0.036698871948597854	-2.378596343056421	1.2398943052329941e-15	1.081438302775362e-16	draw139	kinetic_box
0.057677093456449245	0.0012383804879006115	897.8407224346611	0.001112543475534901	0.001112543475349726	1.8517500900705475e-13	1.6644294188040186e-10	0.00020887580259793277	0.18753720150364764	-0.18759022407648335	-4.875116854412589e-19	1.3833769586544884e-17	draw141	kinetic_box
0.48242269303791757	28.114919698693573	-0.32202857246976285	0.8277064506699859	0.8277064506852514	1.526545556629344e-11	1.8443079129871822e-11	1.2285309295909426	0.395622061491122	-0.8117096985080136	-4.2616955866775e-18	3.170612327589002e-18	draw142	kinetic_box
0.023736713831076787	0.0073773058037344885	116.89279099795827	0.008481977726654742	0.008481977726672238	1.7496420978702076e-14	2.0627761051155818e-12	0.016853470278054825	1.9700491788029644	-1.9850834655479956	3.678688904839527e-17	9.271284816848418e-18	draw143	kinetic_box
0.884843481948504	0.00011992325654295208	0.013554367688413905	0.7023309337162503	0.7023309349688944	1.2526440995586086e-09	1.7835525066457267e-09	0.42028393197316966	0.005696682947496677	-0.42107341016314814	-3.026685458883239e-18	2.398497509182325e-16	draw144	kinetic_box
0.06515551699060981	0.032541401127094575	88.83547646733209	0.011130770273595483	0.011130770274495416	8.999329059733441e-13	8.085091002510517e-11	0.01855164981686365	1.6480446507361763	-1.6630554527677945	-2.9588784919896044e-17	1.0531606847240819e-17	draw146	kinetic_box
0.39718680483617824	1.4111904429555568e-05	0.04545588970189312	0.6912220942217245	0.6912221818390542	8.761732961382052e-08	1.267571150287847e-07	14.462929217361355	0.6574253152706652	-14.4640289583921	-2.0512829749158192e-16	1.1623979999052393e-16	draw148	kinetic_box
0.09895622756941978	0.02331992242923847	122.07865321909328	0.008124617621802874	0.008124617621298888	5.039857420285898e-13	6.203193375001164e-11	0.005986098250445807	0.7307748124515946	-0.7364635180906799	-7.746559722428711e-18	1.427135018226058e-17	draw149	kinetic_box
0.8475971227253362	0.07254037064469307	7.465267632421905	0.11731405421859065	0.11731405420672189	1.1868755978028389e-11	1.0117079371508355e-10	0.016930223153707576	0.1263886469190531	-0.1438908752833627	6.831303922792254e-19	3.264945146319345e-17	draw150	kinetic_box
1.2915115918789253	0.1303138827113258	-0.34471286588435296	0.836417140975974	0.8364171412962014	3.2022740015236195e-10	3.8285609457513433e-10	0.08362944383701851	0.028828145257373188	-0.09247080099739435	3.1119488865820468e-18	2.881907951527176e-16	draw152	kinetic_box
0.546871031046621	0.0006610535953492138	4.43092190618012	0.18108656622557534	0.18108659488850123	2.8662925893874203e-08	1.5828298009315686e-07	0.03673912478283709	0.1627881928141578	-0.03777520831768749	1.4313500771196188e-18	4.9609585651999684e-17	draw158	kinetic_box
0.23378538591707715	0.004392123360265708	85.39626473478879	0.011573799235790197	0.011573799219355675	1.6434522145947206e-11	1.4199764342259025e-09	0.007694972966729759	0.6571219485938976	-0.2918952635863393	7.414457382251733e-19	1.2603039725548902e-18	draw159	kinetic_box
0.353700954672278	0.29557083721734917	85.78460265915272	0.011522016449167543	0.011522016449075963	9.15795217437676e-14	7.948220014137546e-12	0.03065028068714072	2.6293221501378685	-2.53014574284155	4.404937884557999e-18	5.131301458369627e-19	draw161	kinetic_box
0.32237922946648984	0.19482794523312372	134.21969800480323	0.007395170010885984	0.007395170009334595	1.5513892254181982e-12	2.0978411902092155e-10	0.003256227532512581	0.43704987604876416	-0.4161783030887518	1.080105321081955e-18	5.378312299306976e-18	draw162	kinetic_box
0.028348789621296784	0.07141476411402202	425.0780575383413	0.002346981328598797	0.0023469813292263733	6.275761160745574e-13	2.6739714895023175e-10	0.03455539667957163	14.688740898019157	-14.618975006753013	-5.070522982050642e-17	2.0441771856511088e-19	draw164	kinetic_box
1.2779422623396373	0.6681083625889921	-0.007502097199018622	0.7097641288110338	0.709764128824621	1.3587242442270053e-11	1.914332084487097e-11	0.42055162356600223	0.0031550191571972394	-0.34432813399704737	-1.15207088324909e-17	1.489865763508835e-17	draw165	kinetic_box
8.218026621938702e-05	2.5377755038596947	0.007790636739035858	0.7043577604284271	0.7043577604305817	2.1546098238900413e-12	3.0589708028103565e-12	67.3344841775473	0.5245785062376285	-67.8558293729089	0.0	5.365546221025589e-21	draw166	kinetic_box
0.21826917243354693	2.7994830965668926	-0.12190535711724534	0.7514231384834419	0.7514231384675004	1.5941470365987698e-11	2.1215037905939034e-11	1.5592368325753772	0.19007932290546384	-1.152947019320724	-4.2904067858855266e-17	2.732730583645814e-17	draw168	kinetic_box
0.8524641469887657	0.30045953862832453	0.09160488836698699	0.6754904789721358	0.6754904789606226	1.1513123787665336e-11	1.704409484110062e-11	0.3599274176170783	0.03297111091103037	-0.4015882491368195	0.0	8.059209366239334e-19	draw170	kinetic_box
1.879357536254432	0.010990048166122337	-0.631132285836046	0.9382071023832466	0.9382071049642385	2.580991975698055e-09	2.7509831912820934e-09	5.208894996976444	3.2875018061216874	-5.233298729581147	8.971296191148298e-17	2.901188726273714e-17	draw173	kinetic_box
0.014563536397539826	0.0724490938463137	245.72123558790034	0.004053124099847292	0.004053124100468878	6.215861159120095e-13	1.533597542301018e-10	0.05454259716295921	13.402274367055442	-13.456559298944926	4.3766861111898736e-18	2.617688541833154e-20	draw174	kinetic_box
0.005743466613521524	7.382284046024622	-0.0054812513682633715	0.709047344356959	0.7090473443993857	4.2426617774538045e-11	5.983608585471321e-11	4.683998863061238	0.025674175177098493	-4.652339328412614	-8.125436160967577e-18	2.3162528694704606e-19	draw175	kinetic_box
0.22927666483612677	0.054624574021372094	4.92277178133132	0.16648357626195917	0.16648357627620622	1.4247047985804784e-11	8.55762971007307e-11	0.07722385137667007	0.3801553964027951	-0.45096769261722164	1.939270626665448e-17	9.263887429197938e-17	draw178	kinetic_box
0.6324627146027411	0.14475948219833965	1.6538513797713041	0.35260862605381144	0.3526086261523627	9.855127824920373e-11	2.794919662760025e-10	0.1759003845551741	0.2909130936988777	-0.3743129495950507	1.2154926473825494e-17	5.840547283024895e-17	draw179	kinetic_box
1.1465791434581136	0.11634326545992811	5.872298350402456	0.14399525849273223	0.14399525852897213	3.623989996981436e-11	2.516742588612584e-10	0.01857144751622331	0.10905708061410392	-0.0778118999171654	-6.405516728416099e-19	6.126656877389913e-17	draw180	kinetic_box
0.7992092500111507	0.00019782977726933744	3.8569031143069985	0.201662627210899	0.20166246972107435	1.5748982465368933e-07	7.809575320163361e-07	0.002143980160084826	0.008269123756443581	-0.0021810742120792273	-2.2964544404300703e-20	2.489247739119559e-16	draw182	kinetic_box
3.282777745137941	0.022785650946065054	0.012728233518152903	0.7026210799435585	0.7026210799454561	1.8975931936893176e-12	2.700734788424831e-12	4.994716990069089	0.06357392420668516	-5.137039525880123	0.0	9.108415146179096e-17	draw183	kinetic_box
0.3191883865921363	0.06106873460398615	0.18224617717275585	0.6458059363953115	0.6458059364209192	2.5607738152189086e-11	3.965237342677296e-11	0.2756255703106482	0.05023170652017627	-0.12051338180170121	1.5106153397331054e-17	8.537288894171902e-17	draw187	kinetic_box
0.5062312258582586	6.43475802224987e-05	0.32773931461284944	0.6016142258664718	0.6016141884656088	3.740086307324475e-08	6.216752162816182e-08	1.1522814867096576	0.37764794469529833	-1.1530811469392959	-1.738657297590561e-16	3.99878804286987e-17	draw188	kinetic_box
0.23407390650386592	0.31860803528303355	1.717351503924016	0.3453618690846836	0.3453618690592962	2.5387358881800992e-11	7.350944373491956e-11	0.03614590604026993	0.06207522609895373	-0.08882201643622109	-5.0048573852865105e-19	4.3752209536975465e-17	draw190	kinetic_box
0.9688005486957352	0.0010527931200631474	0.058614253093695695	0.6866952687941723	0.6866952669317615	1.8624107811504587e-09	2.7121357475957826e-09	0.5006002779848217	0.029342311392576755	-0.5070401516561278	5.752969370051647e-18	1.4681693481586707e-16	draw191	kinetic_box
0.03838949392834883	2.3094651518013376	0.0027119649764454964	0.7061486077201363	0.7061486077261234	5.987099704896082e-12	8.478526530237318e-12	6.6718031853017115	0.018093696568275745	-6.548396918117083	3.712820780099874e-16	2.1533517815953427e-18	draw194	kinetic_box
0.7458730438050019	0.5336697268517328	0.0737396197138185	0.6815322000238507	0.6815322000358464	1.1995626714167429e-11	1.7600968396704512e-11	0.1754212027948216	0.01293549278383078	-0.17133794487080178	1.756880898224315e-17	2.656823356039254e-16	draw196	kinetic_box
0.7742576106912723	0.15488947883495996	0.10474488222187507	0.6710863422131943	0.6710863422147906	1.59627866480605e-12	2.3786487138716628e-12	1.4524038566250166	0.1521318709007845	-2.157178637863714	4.2389405375999204e-16	7.117142734393497e-17	draw197	kinetic_box
1.8429851562524262	0.019792572402026042	0.4763087608813249	0.5608173440584816	0.5608173424953448	1.5631368421864522e-09	2.7872476896511586e-09	0.37694513200428825	0.17954226874520998	-0.44624847260909256	-4.025534988609233e-18	2.960747741825633e-17	draw198	kinetic_box
2.22989959711052	0.021179242513593308	0.1304889966978089	0.662556056579883	0.6625560562194492	3.604337939222546e-10	5.440049797128006e-10	0.2771097312543532	0.03615977080658	-0.2968164774781601	-1.1262381758668781e-18	1.2831521211600325e-16	draw199	kinetic_box
1.609144246138852	0.29285356400912604	-0.12578383755273276	0.7528690728674466	0.752869072832318	3.512867774446704e-11	4.6659743389792615e-11	0.49113762906471614	0.061777175750310574	-0.3414191413284349	5.3763270574753986e-17	1.1425754796845556e-16	draw202	kinetic_box
0.506866003756206	5.959916047121721e-05	1.621665657648473	0.3563909029106294	0.3563906208088596	2.821017698328987e-07	7.915521715825297e-07	0.09102430766141005	0.14761099374573747	-0.0911254119904563	1.740410809191615e-17	3.511230168817408e-16	draw203	kinetic_box
0.39339369778914984	0.009458221370448085	2.300632048580559	0.2899565306715406	0.2899565302959574	3.755831756713235e-10	1.2953085598312524e-09	0.12963829976797095	0.2982500271696875	-0.15397850034162444	4.7705376401590035e-18	1.1691408289211876e-16	draw206	kinetic_box
0.24421371309055814	1.8301312702590764	-0.07897556664248773	0.735555440772829	0.7355554407806477	7.818745650922665e-12	1.0629716289807606e-11	0.41792009021429055	0.03300547593595319	-0.315457114701379	2.864829671480242e-18	8.256887435410658e-18	draw208	kinetic_box
0.18431191767834645	3.89927280845085	-0.09205682033078375	0.7403628727856625	0.7403628727808319	4.830580380144056e-12	6.524611859587458e-12	0.5108273583642167	0.04702514234898357	-0.4261995274652205	-3.5355554668721954e-18	1.0472779903205233e-17	draw210	kinetic_box
0.04982915255713444	1.838888430168997	0.021905470375119307	0.6994048892473133	0.6994048892180758	2.923750130889857e-11	4.180339851725324e-11	12.823642318975958	0.2809079169194541	-12.707918940218496	7.271112204373856e-16	1.6091238395511072e-18	draw214	kinetic_box
0.5529665506971713	0.0422387109157249	3.3396567083650726	0.2245483933314652	0.22454839274169863	5.897665689147402e-10	2.6264564253334805e-09	0.06261693023973333	0.20911905113235324	-0.1682881711047161	-3.702005264797116e-17	5.358998451958076e-16	draw215	kinetic_box
0.059519905737278715	0.002146564774003261	234.60701303257355	0.004244317599508006	0.004244317603165848	3.657842258253385e-12	8.618210511685061e-10	0.01148645014683085	2.6948017592955513	-2.692458831883706	-2.8619680936108646e-17	4.002334886275326e-18	draw218	kinetic_box
0.18532885166238777	0.4880147746691052	3.75998680603689	0.205596544267119	0.20559654428167448	1.4555467942045652e-11	7.079626748056694e-11	0.04795170395979674	0.18029777421582263	-0.22850808324511773	2.8458461876982964e-19	5.03504344899574e-18	draw219	kinetic_box
1.3173357799719727	0.0024414172276277907	-2.626488181113087	0.5237494791141828	0.5237494800269917	9.128089395460393e-10	1.7428350277292822e-09	0.5298152188074224	1.3915534103715395	-0.5226997920303439	2.3639278461129566e-18	1.447713446175919e-17	draw222	kinetic_box
0.16757334069646052	0.2395994013571074	16.33076953726584	0.057605027263355035	0.057605027264364624	1.00958824633679e-12	1.7526044067361066e-11	0.011719824483115024	0.19139375265095723	-0.20308561313734547	3.8537726389207716e-19	9.343254729697679e-18	draw225	kinetic_box
0.6459892417161552	0.009052438734558363	0.16315602753988945	0.6519215203120899	0.6519215194706061	8.414838825743232e-10	1.29077482095951e-09	3.239682732355069	0.528573765100628	-3.4178927450080847	0.0	4.7384581127593476e-17	draw226	kinetic_box
0.7985409911581304	0.006276452433777658	0.8571306900896463	0.4741022309867589	0.4741022309546367	3.2122193793782117e-11	6.775372840811553e-11	0.0724814127629891	0.06212604334021333	-0.07554629254424264	-4.2797771862684705e-20	1.774141479667365e-17	draw227	kinetic_box
0.2827695426290245	0.2915218934112208	-0.08832825246588022	0.7389900445890423	0.7389900445860715	2.970734769291994e-12	4.019992949913125e-12	0.14980074168511928	0.013231637731139324	-0.06694195296997048	1.9126249006450284e-18	6.403987234878378e-17	draw228	kinetic_box
0.07224881096548828	0.21313638942536023	27.698862955764085	0.03482345211255614	0.03482345210674964	5.806501113259088e-12	1.6674111157789682e-10	0.04770482399759441	1.3213693822382133	-1.3662576468706127	1.1805869447673594e-17	5.278926614319168e-18	draw229	kinetic_box
0.000310464742458803	3.6425428687603825	0.00010773090991620945	0.7070686935342393	0.7070686935839609	4.972156020244256e-11	7.032069253471816e-11	71.14427373505434	0.007664437344805285	-71.14119728040038	3.702868083865118e-16	4.942835165887043e-20	draw234	kinetic_box
0.0011902107412078337	0.7805083552886988	0.04636512795779112	0.6909083266323824	0.6909083266195462	1.2836287588413597e-11	1.8578857851111114e-11	2.235465834503842	0.10364765946204095	-2.3275893651770687	0.0	4.8880177661089015e-20	draw235	kinetic_box
0.000891667589852143	0.0006021853894389995	13718.514462367957	7.288887662314483e-05	7.28888766498671e-05	2.6722276735141604e-14	3.666166631090524e-10	0.0003540664469233797	4.857265672757621	-4.857619214010096	-1.0646432684780178e-19	4.5271288288232454e-21	draw236	kinetic_box
0.7767215077890521	0.022402281372420375	3.643438184688483	0.2105308969377361	0.21053089654828633	3.8944977798216485e-10	1.8498461953437917e-09	0.02984798181306274	0.10874927667360018	-0.047797720390241605	9.47598523817474e-19	1.4034069816202627e-16	draw237	kinetic_box
0.007572270234394453	0.18777448567920638	16.586393840842295	0.05677043669905495	0.05677043669817083	8.841261056602434e-13	1.557370626477373e-11	0.09244981952734328	1.5334091171953081	-1.6268171848784108	-2.4676995165276558e-18	8.641419679727894e-19	draw238	kinetic_box
0.722014147734708	0.005298503472784274	6.3879862853981555	0.1341317464090963	0.1341317471140739	7.049776040712885e-10	5.255859401217909e-09	0.12191280826213677	0.7787773471929046	-0.1645841245659609	1.7822866657936806e-17	3.965047704187039e-19	draw239	kinetic_box
1.2703746436874457	0.45303582345553234	-0.08785138097447899	0.738814610322126	0.7388146102826482	3.947786542113363e-11	5.343406163290489e-11	0.1878651504015841	0.016504212899757363	-0.18572695684360735	0.0	2.1687521967829208e-18	draw244	kinetic_box
0.08949125520190351	0.33478511526851884	0.4276233192212949	0.5737178621127652	0.573717862160764	4.7998827135131705e-11	8.366277276840605e-11	0.8900898666719592	0.380623183191503	-0.972813985852956	1.6938068446459786e-16	7.776820886353493e-17	draw245	kinetic_box
0.0050388312192600655	0.017097845111168408	3.7778788808400305	0.20485900097567425	0.20485900101484267	3.916841850859498e-11	1.9119696139569239e-10	0.05510193998890038	0.2081684553773815	-0.2632050527760628	2.6403027488287223e-19	3.637605091393464e-18	draw248	kinetic_box
0.0012049718933243613	0.4216735345331181	0.14072984926267598	0.6591992774147976	0.6591992773956235	1.9174106746788766e-11	2.9086965663163614e-11	7.082877014876457	0.9967722146496363	-8.061517458860353	0.0	8.434565937189351e-20	draw249	kinetic_box
0.11651848396504856	0.16862155646862137	3.2956693956126553	0.22673011687948308	0.22673011693319323	5.37101474407109e-11	2.3689022070471905e-10	0.025641986905724508	0.08450751148789669	-0.11160329742320241	2.38326496575886e-20	1.7538781675464495e-18	draw250	kinetic_box
1.077860556454513	0.23102989960809855	-0.15938050138974844	0.7654712689096993	0.7654712689062172	3.482103494434341e-12	4.548966938249587e-12	7.101650062656323	1.1318645476807034	-4.095077224986803	-3.06196915719122e-15	2.612209200975657e-17	draw252	kinetic_box
0.37388380491516593	0.09432790869109496	0.9311904762003076	0.45982495709241816	0.4598249567408358	3.5158237432497685e-10	7.646004619169332e-10	0.0328060814328031	0.030548710591677984	-0.070381729444118	1.0455280856239758e-19	1.2556439175920513e-17	draw256	kinetic_box
0.2641819151610676	0.27796593242385376	3.209321469255199	0.23113503837273053	0.23113503836656388	6.166650523553585e-12	2.667986025456561e-11	0.17461337975510102	0.5603904684672568	-0.7512113164143347	6.732950976724645e-17	9.480527849191578e-17	draw257	kinetic_box
0.10714505859840044	4.781100410416082	-0.2315517646404337	0.7929237581543875	0.792923758153683	7.045475314271243e-13	8.8854385327999e-13	5.890382237699507	1.363928401545987	-4.3708455912756214	0.0	2.2645029208328873e-18	draw261	kinetic_box
0.4432697150025026	0.20690268971882256	0.8601971801732716	0.47349601851813083	0.473496018515565	2.5658364322111993e-12	5.418918706550547e-12	0.09228127540270722	0.07938009288420185	-0.12250046875193436	2.1962129850510887e-18	6.299679703988568e-17	draw262	kinetic_box
0.1687677924308362	0.6395428453575462	0.8714824446325667	0.4712764275994648	0.4712764274324877	1.669770988144137e-10	3.5430819174238e-10	0.2699938367078407	0.235294888849875	-0.4941616866076365	2.277194395555422e-17	6.907179929944919e-17	draw263	kinetic_box
0.6209944395007725	0.3958531229618035	0.9003750307236633	0.46567445295756277	0.4656744529336951	2.3867685605694078e-11	5.125401545077344e-11	0.02086802430506694	0.018789048024816797	-0.04358124920497249	4.999867318711735e-19	2.460695716915618e-16	draw264	kinetic_box
0.4572687517988469	0.000839316251541059	-0.7741330349466262	0.9754283177929398	0.9754283185146312	7.216913733287811e-10	7.39871254125329e-10	1.630542722361261	1.2622569862716568	-1.6333414365691197	-1.154695806124246e-16	3.17736685513245e-17	draw268	kinetic_box
0.3390156632625228	0.0016599125847225312	338.31723415959266	0.0029470818177158554	0.0029470818357388968	1.802304139264521e-11	6.115555114242848e-09	0.00047700982618568115	0.1613806450620877	-0.15509989279603975	4.091050675462886e-18	1.561315557802056e-16	draw272	kinetic_box
0.7088610252455536	1.288682444352398	-0.32115101384857564	0.8273690609100188	0.8273690609028516	7.167266780072623e-12	8.662720324895244e-12	2.009926449007601	0.6454899168598585	-0.5102428654877755	4.1366144754403677e-16	2.4350278582090968e-17	draw273	kinetic_box
0.08542902768015607	0.7421133627285358	0.11477648688549219	0.6677468245153649	0.6677468245874145	7.204958851758647e-11	1.0789955992992444e-10	1.0348906950644823	0.11878111828998646	-0.9841414763488754	-3.1653531288949384e-17	4.262393629631583e-18	draw274	kinetic_box
0.050569271585660186	0.20248242593067461	0.22539005763344766	0.6322556704490244	0.6322556705111623	6.213785042064046e-11	9.827962534587254e-11	1.439979667923867	0.3245571003443532	-1.4462088694357722	9.603115808443461e-17	5.687991485853589e-17	draw276	kinetic_box
0.5381224388778345	0.010481639276311724	0.021903462011410836	0.6994055919928464	0.6994055913832862	6.095601801092698e-10	8.715403302734257e-10	6.584939822773806	0.14423297925555245	-6.909320727013838	5.904976026298033e-16	3.781048234514311e-17	draw278	kinetic_box
0.20449589895325923	0.7442692271304199	0.1167592483843959	0.6670891095407294	0.6670891095096314	3.109801305356541e-11	4.661747974933238e-11	1.5502216710526582	0.18100271714131055	-1.0118218157087757	0.0	9.374162783967698e-19	draw280	kinetic_box
0.19878089526093073	0.0025279564104695035	1259.4765363776296	0.0007933504949232574	0.0007933504959729398	1.0496823679359557e-12	1.3231004118156613e-09	0.0002089464512992254	0.2631631527707455	-0.25946883094551026	5.802954114431967e-20	8.69078203425097e-19	draw281	kinetic_box
0.004580926617407846	0.7662720386262224	0.008936947831594906	0.7039541834801865	0.7039541835610116	8.08251243711311e-11	1.1481588753726896e-10	9.322937199649367	0.08331860339050191	-9.329951085096882	1.30533685514457e-16	6.004452977668104e-19	draw283	kinetic_box
0.7065940885754761	0.03774449548211633	0.12783543071943929	0.6634292506156969	0.6634292527479394	2.1322424936798257e-09	3.2139711730346947e-09	0.010732779487651622	0.0013720294886207095	-0.0161566966987804	-4.794018891408918e-19	1.7818554918204513e-15	draw284	kinetic_box
0.24251651506429397	0.014368890994730937	15.683618415110285	0.059831653694004165	0.059831653841145624	1.4714145873950812e-10	2.4592577556049508e-09	0.30744868494881245	4.821907856964636	-0.8179336928889758	-2.84228533148898e-17	1.6737620698571644e-17	draw285	kinetic_box
0.8233635389657286	0.003168065406338221	0.030993729685835206	0.6962350002558841	0.6962350006642429	4.0835879122624874e-10	5.865243643836551e-10	0.47427395873959577	0.01469951887420599	-0.4814223251777339	-1.5587058459904867e-17	3.1137354598198604e-17	draw286	kinetic_box
0.008171681735592823	0.5676061312008318	0.04751378647310797	0.6905120485560032	0.6905120485690134	1.3010148514069897e-11	1.884130558044795e-11	1.0548639089610585	0.05012057852856374	-1.089191254267722	-3.833261977379341e-18	3.3601817116396506e-18	draw287	kinetic_box
0.5256659048882901	0.4138792137636498	0.05829620382050691	0.6868043010420155	0.6868043010683874	2.637190466003858e-11	3.839798996455708e-11	2.1142690791325487	0.1232538611685065	-0.4527750537598496	-3.9062721521899273e-16	1.0645848069117256e-16	draw288	kinetic_box
1.3698602714444623	0.05656532588784343	4.246406021670599	0.18723579460179726	0.18723579436420693	2.3759033629389137e-10	1.2689365145199528e-09	0.18493198681523657	0.7852963024117285	-0.3692373879634165	-2.60628967344916e-17	6.873069345380114e-17	draw292	kinetic_box
2.017250007549586	0.22850940264516817	-0.1271740576202563	0.7533878297825206	0.7533878298559573	7.343670116455314e-11	9.747529526537978e-11	1.708205293873442	0.21723939847028792	0.4109993401387998	7.074395733073496e-16	1.18626317221452e-16	draw294	kinetic_box
0.10970455814871091	0.1161831696055157	2.8861036853254913	0.24920844819956378	0.24920844828084848	8.128470119217468e-11	3.2617153131409853e-10	0.15506719862411888	0.44754001342216954	-0.5921735314683944	1.8782263269346544e-17	4.714765348793228e-17	draw295	kinetic_box
1.1024637291327037	0.24603158016316862	-0.10363970162858055	0.744640285275463	0.7446402852838062	8.343215007755589e-12	1.1204356214189678e-11	0.7703292159761422	0.07983669009954576	-0.4468924272898769	-1.0261921535818802e-16	8.130844107678866e-17	draw296	kinetic_box
0.3049412340615154	0.017281956336607555	0.2810915921709879	0.6153181326069899	0.615318130535554	2.0714359116880132e-09	3.3664470602956218e-09	0.2611545579488257	0.07340835049654593	-0.32915123562823145	-2.0696067892359485e-17	5.549336267447237e-17	draw299	kinetic_box
0.46878793368829	0.0029746850934790855	0.2422100096531177	0.6270750220862199	0.6270750210545373	1.0316826282164016e-09	1.6452299861688721e-09	0.37462089314615415	0.09073693014518958	-0.3854696790064572	-5.471901792689769e-18	2.3033510681762783e-16	draw300	kinetic_box
0.9537950085527125	0.32414472669032235	-0.20291228620342114	0.7819784747946692	0.781978474800931	6.261768881188345e-12	8.007597501686233e-12	2.6223832598569974	0.5321137825591636	-0.6405345691579305	-1.03255067490488e-15	1.8137783444933103e-17	draw302	kinetic_box
1.2759132090923924	0.25988924102219085	-0.15061212187248715	0.7621694928655213	0.7621694928553296	1.0191625321454012e-11	1.3371862055607786e-11	2.971811746712384	0.44759087297793454	-2.0579562769857103	-8.158098777407826e-16	5.6905458412267e-17	draw305	kinetic_box
0.9369339575925165	0.06437162631387666	0.0565666329609595	0.6873975705682459	0.6873975705765205	8.274603224833754e-12	1.2037579966850687e-11	0.28325346424585574	0.01602269474691559	-0.3370123207490329	-2.0549177399158115e-18	1.0989460862628707e-17	draw306	kinetic_box
0.0801972169888214	0.29945531530142155	4.3678753194890785	0.18314254884520004	0.18314254885092668	5.72664138331902e-12	3.1268765337433187e-11	1.1669067057694607	5.096903000276731	-6.324247701099059	8.675960884600098e-16	2.0246146524632513e-17	draw307	kinetic_box
0.4768525304853009	0.1311100371445649	16.67040931548038	0.0565013805747956	0.05650138053985827	3.493732386727899e-11	6.183446056266332e-10	0.11154942925363158	1.8595746445662593	-1.5290796530333717	4.034960617453904e-17	1.4404710068057557e-17	draw308	kinetic_box
0.126969721514918	0.0796501966843639	6.598060029957891	0.13048725373173023	0.1304872537248895	6.840722432954749e-12	5.242444942076308e-11	0.2883499567092027	1.9025503240030788	-2.161030197064779	2.0055559426206963e-16	3.2116943230089394e-17	draw310	kinetic_box
1.1612513274921423	1.3596018907414116	-0.2454372271539102	0.7982483355572714	0.7982483355473503	9.921063970352861e-12	1.2428543259723923e-11	0.3844154783878862	0.09434986909056667	-0.2576201898554136	1.3292319837767394e-18	9.928428214419317e-19	draw313	kinetic_box
0.23859361665011572	0.08939223062177495	2.220208424191702	0.2965682739099067	0.2965682738577516	5.215511356126967e-11	1.7586208019771453e-10	0.1506830758549051	0.33454783439617747	-0.4632588142744414	-1.513003947225494e-17	6.635716337793569e-17	draw314	kinetic_box
0.39368085775680667	0.21500030026259767	0.6969170325879801	0.5077040026260199	0.5077040027156737	8.965383990755527e-11	1.7658682899485342e-10	0.1375544867773815	0.09586406474405523	-0.0691965253364972	-6.908536173132174e-18	5.2805784804727135e-18	draw317	kinetic_box
0.035972394150465714	0.01311237763420916	11.232228415873834	0.08147943199242699	0.08147943199398593	1.5589335378152214e-12	1.9132847390618627e-11	0.046786485440270684	0.5255164912410758	-0.5605622616122033	-8.359729206608273e-18	2.793146063378269e-17	draw321	kinetic_box
0.47360960524017176	0.001622535445436723	-0.6940483842792374	0.9562456646177973	0.9562456668215259	2.203728644012415e-09	2.304563273303407e-09	5.366754020388934	3.724786956675042	-5.3769089956369704	9.158599367877975e-16	4.4402839960936e-17	draw322	kinetic_box
0.4445102513408864	0.00752546354365088	0.022214300121644125	0.6992969248948309	0.6992969247398608	1.5497003680309263e-10	2.2160834878652104e-10	11.275116092617282	0.2504688127877797	-12.024770683740217	0.0	1.1685971908780774e-17	draw324	kinetic_box
0.3547089686674939	0.016564878763511395	97.62300203507154	0.010139101197196208	0.01013910119706943	1.26778795794813e-13	1.2503948163714619e-11	0.005096891569013004	0.4975738560142955	-0.49353984755207064	-5.019525624433676e-18	1.9842586025227766e-17	draw325	kinetic_box
0.5523773644547544	0.00013961341234140843	0.01793007189882631	0.7007962070379934	0.7007962066324656	4.0552783353575705e-10	5.786672783011185e-10	2.0777261124977033	0.037253778583152694	-2.0799572645586473	3.172300474109268e-17	1.4196715332506133e-16	draw326	kinetic_box
0.0004895533234983282	1.4240820825571776	0.0041443564105452975	0.7056430512055042	0.7056430511813453	2.4158897105053256e-11	3.423671084779745e-11	5.670380128929607	0.023500076237558086	-5.690358796319656	0.0	1.4614246781542053e-20	draw327	kinetic_box
0.06586638639084065	0.6837518378946351	0.14106782590371614	0.6590888504973331	0.6590888505026257	5.292544180690584e-12	8.030092113763499e-12	6.101535195062011	0.8607303046424042	-5.445620910881246	0.0	1.6264675301181914e-17	draw330	kinetic_box
0.6157192719863334	0.0009062408630719542	-0.7314520532099996	0.9657810965605261	0.9657811091966643	1.2636138135846409e-08	1.3083853075524676e-08	3.1054828420851703	2.2715118010516226	-3.1097054807035196	1.3024764727083757e-15	4.725412229592201e-17	draw331	kinetic_box
1.3153085671695564	0.011738347376117283	0.0038094282483316522	0.705761229189452	0.7057612300101963	8.207442503405105e-10	1.1629205678082557e-09	1.941175628385171	0.007394769273743421	-2.0279696364723323	1.1832039306831736e-16	5.415935987318409e-17	draw333	kinetic_box
0.020045645516439142	0.06850322377548636	8.429654738169992	0.10545708016280199	0.10545708014150139	2.1300600172580175e-11	2.0198359507013863e-10	0.6125558206608122	5.163634076027024	-5.779174297451561	4.759484558989992e-17	1.4520735382457903e-18	draw334	kinetic_box
0.00035826086598918726	1.3664162947154237	0.007368519315736867	0.7045064327236229	0.7045064327212129	2.4099611195538273e-12	3.420779438798249e-12	5.480310769954379	0.040381775764649616	-5.516355286683223	4.7884359835601596e-18	1.0790510902716364e-19	draw335	kinetic_box
0.3125920021583865	6.24115073307952e-05	0.15013669307471547	0.6561342222315505	0.6561343037269812	8.149543073709964e-08	1.242054108041424e-07	1.2772058419515533	0.19175546148631392	-1.2778501991603999	1.1763093223436921e-16	8.512284141710591e-17	draw337	kinetic_box
0.3592519061479913	0.0037643704139599834	66.26626004959773	0.014864651572077139	0.014864651524059901	4.801723775538225e-11	3.230296901186121e-09	0.0036027224767293865	0.23873894452948047	-0.24051339405922573	7.520509099428657e-18	1.2799784791167017e-16	draw341	kinetic_box
0.2735496553213058	2.5446398997660697	-0.04495708444400722	0.7231758382020972	0.7231758382199553	1.7858159395700568e-11	2.469407639455589e-11	5.330678473242073	0.23965176226539536	-4.425023697056031	0.0	5.58738197517378e-18	draw344	kinetic_box
0.11885618991025061	0.040535412488263	28.52507149489804	0.03385011009748992	0.033850110100018996	2.5290741723082988e-12	7.471391274165691e-11	0.061536454962857534	1.7553317773580845	-1.79159194941861	-9.567428943142606e-17	2.95985080525109e-17	draw346	kinetic_box
1.096188365748921	0.01286321742973109	0.3665315058389832	0.5905480321920017	0.5905480322101873	1.8185564165662527e-11	3.079438618667675e-11	0.3289331596049654	0.12056436631038257	-0.3862337271924847	-1.3382825960610641e-17	3.323137655076645e-17	draw348	kinetic_box
0.3417385210766437	0.0008231327653015041	5.6208813134210045	0.14934356522235331	0.14934346857209876	9.665025454963505e-08	6.471676027999515e-07	0.0883390580887924	0.49654336085650597	-0.09344509286076084	-1.301147972198289e-16	3.2942203316219594e-16	draw349	kinetic_box
0.14378303385369176	0.04257143878698709	21.367442451822747	0.044663224343855314	0.04466322434696349	3.1081734408466843e-12	6.959133574193014e-11	0.00675307492941704	0.14429593992716558	-0.15073940344893247	-6.5014219651032075e-19	2.964304808029361e-17	draw352	kinetic_box
0.5129148277071095	0.0001292286458094322	-0.6297253873329428	0.9377778591603372	0.9377780045114101	1.4535107295543526e-07	1.5499518250181646e-07	4.788262471780412	3.0152904396937132	-4.7890842447142905	-2.790975830752107e-16	2.2080310665010953e-17	draw353	kinetic_box
0.5317991692409589	0.04505810648261526	210.46019925370237	0.004728969427871287	0.004728969432029099	4.157811248073351e-12	8.79221426112988e-10	0.0008955570059375142	0.1884791059126584	-0.13386656351262438	0.0	5.784641475895559e-19	draw355	kinetic_box
0.20614049503142434	0.023316232279993635	0.6680970119259386	0.5141712583048511	0.5141712587043803	3.9952918751140487e-10	7.770352402002147e-10	0.0589832948978247	0.039406563074783144	-0.0819089700188178	-3.2743144857394258e-18	1.8714374710739678e-16	draw356	kinetic_box
0.001989577276410701	6.382406300572175	0.0019313852899766938	0.7064242633959057	0.706424263396693	7.872591467616985e-13	1.114428237467847e-12	31.422590650883574	0.06068912935607572	-31.467860745760994	-1.0922955592780358e-16	5.884988614608426e-21	draw357	kinetic_box
0.4954392934596465	0.13582648227705718	0.31326162493254817	0.6058207624389872	0.6058207623654431	7.35440597310344e-11	1.2139573996090802e-10	1.0299483072479672	0.3226432803250256	-1.6368727533109215	-9.045396332471812e-17	2.7259582606606228e-17	draw358	kinetic_box
1.04343926666678	0.010298045975142544	12.40375639008425	0.07439918413587783	0.07439918416755333	3.1675495559824185e-11	4.2575057662579013e-10	0.019602352656087115	0.2431428070186255	-0.12005418131574258	-1.0440918018742214e-17	1.700618043969799e-16	draw360	kinetic_box
0.1375984148033469	0.17900436630251026	2.104351660345151	0.30661290936287416	0.3066129093744006	1.1526446463960838e-11	3.759282832376134e-11	0.10965860685905578	0.23076027141499011	-0.35048770570511023	-4.695064201424501e-18	3.3309120096295545e-17	draw362	kinetic_box
0.753809517041529	0.1258929029745457	0.9391873353912449	0.4583277037771533	0.45832770368306686	9.408646084452243e-11	2.0528207238719117e-10	0.012041396285772398	0.011309126892024613	-0.026271753428940704	-5.3796822263024724e-20	8.948602941741174e-17	draw363	kinetic_box
0.8846012086069545	0.03957943730747654	11.70434220690861	0.07847052746621998	0.0784705274570184	9.201583939244529e-12	1.1726165526648998e-10	0.0069814721316143824	0.08171353893641042	-0.03962806819457961	-2.0128730956604872e-19	4.3641754544009687e-17	draw364	kinetic_box
0.541179574109858	0.32024981834654676	9.304842624817308	0.09658802970867111	0.09658802973426103	2.5589919072643852e-11	2.6493882464574983e-10	0.05697628788461884	0.5301553921126634	-0.569343985975756	-1.9054057978719857e-18	2.7455375321234615e-19	draw365	kinetic_box
1.0960142666613109	0.5548972243679441	-0.30066214988837503	0.8194867631635997	0.819486763163928	3.282929483816588e-13	4.0060799409884787e-13	3.9106650858364005	1.1757889722009789	-2.6130393240089353	5.424559411710886e-17	2.3004197127788097e-18	draw370	kinetic_box
0.011431350480588796	0.5197973148133388	0.0285160278216634	0.6970976952670943	0.6970976952470893	2.0004997658418233e-11	2.869755243033385e-11	3.4067512830804936	0.09714701436981085	-3.3795641596802115	-4.8595124003275053e-17	6.617792668829788e-19	draw372	kinetic_box
0.12183935543584068	0.02758595964438783	3.538546814966342	0.21517367511100396	0.2151736751769629	6.595893276006848e-11	3.0653811487777304e-10	0.08457270667554556	0.29926448183983445	-0.2848005922779652	2.279661607309994e-18	5.849219110230538e-18	draw374	kinetic_box
0.2071661766274724	0.00484197343305132	87.10968842819815	0.011348758865504929	0.011348758786932143	7.857278543077495e-11	6.923469509392504e-09	0.0007481121406001256	0.06516781547702932	-0.05706838875943086	-9.833559455902342e-20	2.2559885405939667e-17	draw375	kinetic_box
1.116438716781835	0.33418278795055395	-0.01593094388466554	0.7127614695792209	0.7127614695708667	8.354206215699378e-12	1.1720900430727838e-11	2.1886494645064474	0.03486725180225551	-1.7022728892048342	3.579402278372744e-16	4.234480403017272e-17	draw376	kinetic_box
0.9389483250196035	0.0199754761878283	0.0749271838123203	0.6811286760026565	0.6811286759746716	2.7984836670214008e-11	4.1085976346787446e-11	0.3746433436993671	0.028070970677424766	-0.41355474163247014	-9.06900336745752e-18	1.5855933729710954e-16	draw379	kinetic_box
0.5672491963676061	0.0015717858433916287	0.99044427789922	0.44892871272114443	0.4489287076945136	5.0266308337931775e-09	1.1196946748198809e-08	0.08863938712127888	0.08779237377076447	-0.09191101569707522	-6.386305874813686e-18	1.0952869212931126e-16	draw380	kinetic_box
0.49426169440658835	0.040120049963612646	0.43435500698409757	0.5719073732157769	0.571907373258741	4.296407674075908e-11	7.512418749901547e-11	0.1746045643122724	0.0758403667513124	-0.2393578755268303	-5.160409621072258e-17	5.600709299170322e-16	draw383	kinetic_box
0.09143458279729227	0.6877960983628222	0.05183407069342311	0.6890238026415293	0.6890238026321378	9.391487587606662e-12	1.363013520248541e-11	5.504275872720865	0.28530902470271646	-4.57869141339472	-1.2598443632081324e-15	2.085634621070937e-17	draw384	kinetic_box
0.47375615013260725	0.2583872790739402	4.818564163206363	0.16938040404384608	0.169380404046494	2.647909669306614e-12	1.563291624088804e-11	0.012339234946125406	0.0594573953127835	-0.06252449952779818	-1.7426585210082636e-19	1.967652611072884e-17	draw386	kinetic_box
0.5349644968263078	0.743334371788773	0.11156977001875164	0.668812186577816	0.6688121865977447	1.9928614314324022e-11	2.979702630076332e-11	2.6056424217008725	0.29071092574026947	-2.990835436403298	8.033484117659549e-17	8.661122027372495e-19	draw387	kinetic_box
0.7584818483515702	5.3974559820831685	-0.308730169923549	0.8225915378708347	0.8225915378614974	9.337308704004954e-12	1.1351087720011423e-11	1.294727239109817	0.39972136053502133	-0.7916097234751791	0.0	1.7156757508445877e-20	draw388	kinetic_box
0.024122600597179977	0.49948508310758877	0.290501915617707	0.6125184781362701	0.6125184781760343	3.9764191939184457e-11	6.491917118581434e-11	1.0317440092321146	0.29972361110902246	-1.2592731759378457	1.8436221100193647e-17	6.073922769383428e-18	draw390	kinetic_box
0.4103170871196714	2.1878637446057e-06	0.010059327168435222	0.7035592309573182	0.7035592602364313	2.9279113133995338e-08	4.16157028821653e-08	10.260581480926357	0.10321454605502582	-10.260722734744295	1.1007834548688847e-15	5.787728252804436e-17	draw393	kinetic_box
0.6847460252662952	6.609378320313093	-0.18029820834285962	0.7733808584708931	0.7733808584866898	1.5796697283576577e-11	2.0425508480371117e-11	0.8968193772335202	0.16169492692236284	-0.668831992621796	-1.2413743536946798e-17	5.154289002131987e-18	draw396	kinetic_box
0.34859394481238243	2.0585545490187362	0.19518314654189547	0.6417033056941666	0.6417033056927329	1.4336309916984646e-12	2.2341025501665886e-12	0.8493349924398004	0.16577587629253723	-0.9940915443616389	-1.4083301673417235e-17	1.2080372278075667e-17	draw398	kinetic_box
0.29467141259839696	0.010518763628185077	53.275074404984416	0.018421537326066634	0.01842153732712209	1.0554578044885687e-12	5.7294773272511556e-11	0.0004488670588589806	0.02391342595865871	-0.023270020917443533	1.407766531365847e-19	2.3697829930696604e-16	draw399	kinetic_box
0.4381004976831961	0.35277024715734306	0.6506956065839897	0.5181419494212526	0.5181419493949446	2.6307955813820172e-11	5.077364580216105e-11	0.023977342520941088	0.015601951435935853	-0.025208310841355885	-1.2364562568570512e-19	1.3563796643640405e-16	draw400	kinetic_box
1.685566039419027	0.008159937612416027	0.4204754513062118	0.5756497707983678	0.5756497682625965	2.5357712596374427e-09	4.405059116571536e-09	0.09209137162152688	0.03872216104396957	-0.10819267023731127	3.511844450825234e-18	7.687937065716353e-17	draw401	kinetic_box
0.46418044664564057	0.03723103303037027	6.994018275272795	0.12412611722142496	0.12412611723426285	1.2837897411799304e-11	1.034262385535703e-10	0.005303480655275232	0.03709264062555071	-0.0424402519790446	1.3703094967464675e-19	7.530921141272951e-17	draw404	kinetic_box
0.37034132634304423	0.0047605316150066855	1.5054105827036728	0.3706989506392931	0.3706989535423615	2.9030683967867787e-09	7.831336908414098e-09	0.6548748458029944	0.9858555232182636	-0.7008996395586723	-2.8776801750228415e-16	1.5713875785788517e-16	draw410	kinetic_box
0.5329050904477027	0.003704227973069376	17.952773997093782	0.05268943427217296	0.052689434652521724	3.8034876637116355e-10	7.218691353959327e-09	0.1628266608034491	2.92319024210577	-0.22888177946542512	-8.621841776829423e-17	8.995136426632444e-18	draw412	kinetic_box
0.3911592759758878	0.0004884262385582521	-0.7564678041741137	0.9716030641952533	0.9716030919562935	2.776104013335612e-08	2.8572408181060956e-08	2.2120966376048945	1.673379886069915	-2.2152579332988216	-2.621781668870541e-15	5.658652921826124e-16	draw413	kinetic_box
0.41141636243333357	0.14149722218212787	3.6125762100083554	0.21187648866408393	0.21187648869304088	2.8956947950575795e-11	1.366690005540331e-10	0.03565267802336916	0.12879801645031114	-0.16735269883945067	1.3548595880381695e-18	4.524516114746052e-17	draw414	kinetic_box
0.22303234682593912	0.006426923821528526	38.092926016276685	0.025571710597785655	0.02557171059349152	4.294134492432988e-12	1.6792519517743666e-10	0.0017941409355608385	0.06834407792109246	-0.07004810111130529	-2.387268166656062e-19	4.8145002063887127e-17	draw417	kinetic_box
0.7051449040209671	0.0332916235583959	2.372043067856789	0.28431731861832316	0.2843173161845737	2.433749479724412e-09	8.5599762701209e-09	0.038193881674830385	0.09059753226132387	-0.11500713558329498	-6.022070898768323e-19	2.354855777865771e-17	draw418	kinetic_box
1.0007480975453382	0.08174307977058251	6.494388039856886	0.13226095653580064	0.13226095655772613	2.1925489201990445e-11	1.657744641550428e-10	0.042713548472386696	0.2773983583389156	-0.25809627345098124	-3.403422835013321e-17	3.0416574188524636e-16	draw421	kinetic_box
1.0569508003956234	0.019299486770864557	0.03240937861641883	0.6957426023413172	0.6957426026451539	3.0383662252830845e-10	4.367083765937972e-10	0.49783781468850474	0.016134614225810303	-0.5968005143574795	-6.141338354629071e-18	5.2349640696394155e-17	draw422	kinetic_box
1.6314296416498673	0.0532701009674906	0.2989571184786	0.6100181576602279	0.6100181609563133	3.296085404613791e-09	5.4032578299744114e-09	0.020866628202164634	0.006238227039683431	-0.031832878416279395	7.735604482985518e-19	6.681786015203266e-16	draw424	kinetic_box
0.9010188608048341	0.9160653360175824	-0.018208968967161357	0.7135736557117242	0.7135736557123861	6.619149672815183e-13	9.276056675897108e-13	2.3518430160048562	0.0428246364940676	0.5888375009219753	9.038392446390199e-16	7.22545767977982e-17	draw426	kinetic_box
0.36238200108790897	0.003230468387895828	8.057903426317573	0.1097341133538666	0.1097341107310957	2.6227709032378144e-09	2.3901145102136338e-08	0.0194470460960017	0.15670241936872784	-0.023574421878192187	-1.5055197299310845e-18	2.343052436299054e-17	draw429	kinetic_box
0.0592212528032052	0.46031989829224135	-0.12174761557625258	0.7513643720479471	0.751364372058104	1.0156875340783245e-11	1.3517909177623077e-11	2.7898561611587063	0.33965833542178997	-1.9889173566699758	-4.590068132515399e-16	2.9433450472508336e-17	draw430	kinetic_box
0.307017463077895	0.003793859149594587	14.339184944723398	0.06505441492920037	0.06505441596267238	1.0334720024207655e-09	1.588626978088255e-08	0.01685644002151143	0.2417076109780896	-0.02368388296371704	-1.1142702622352544e-18	2.483417174801541e-17	draw431	kinetic_box
0.3454551992296315	0.3318736162735183	2.277991840232998	0.2917892097291816	0.2917892097421237	1.2942091842660375e-11	4.435425098172165e-11	0.07037125473473912	0.16030514407269347	-0.21633270310003067	-7.898733083776437e-19	2.76119723331466e-17	draw433	kinetic_box
0.15931352090002315	3.5783174040623997	-0.052894687070569206	0.7260480520708521	0.72604805205804	1.2812084726476769e-11	1.764633165829715e-11	0.42872010039835834	0.022677015551434178	-0.3826780029397243	1.4853184107306427e-18	1.0175435015985823e-17	draw435	kinetic_box
0.004710755558396643	0.5774481775481018	8.495019693921636	0.1047390913431095	0.10473909133144549	1.1664016974499702e-11	1.1136259467431384e-10	0.9393406782781476	7.979717561274571	-8.919061251843445	-2.4326250520457424e-18	3.0289636391493713e-20	draw436	kinetic_box
0.7048477923998048	0.5091398416832819	-0.05724396307767957	0.7276261252168826	0.7276261252182404	1.3578027591165664e-12	1.866072028006573e-12	1.454697325630809	0.08327263999760924	-0.9208899670114039	0.0	4.441876845283724e-19	draw437	kinetic_box
0.5424998959710786	0.7344946554983144	0.086013614765969	0.6773747112424644	0.6773747112501363	7.671863144764757e-12	1.1325877711917923e-11	0.11308669656566403	0.009726995553555056	-0.04957318347421687	-2.949472190543209e-18	9.926736128841951e-17	draw438	kinetic_box
0.4447157163752346	2.6861576909201398e-06	0.1312504971679559	0.6623037216217851	0.6623057310805558	2.009458770713124e-06	3.0340350028901e-06	0.32534472949298765	0.042701657496928745	-0.325351916887196	9.323181608373228e-18	7.471777618365732e-17	draw439	kinetic_box
0.14709296044867845	0.0034115330856066416	4.8031358556628705	0.169817751900175	0.16981775186986842	3.030659057046137e-11	1.7846538560753854e-10	0.0374727764040297	0.1799868359574326	-0.21972301044066925	9.401965139210708e-18	1.9132151959193075e-16	draw441	kinetic_box
1.6803826975507448	0.7013937152580654	-0.22689749017714927	0.7911413473158211	0.7911413473127766	3.0444535781271043e-12	3.8481790750388926e-12	0.2790350378916165	0.06331234976909353	-0.18797466407495592	0.0	5.8992227044874114e-18	draw443	kinetic_box
0.29292609825781174	0.16578680593894818	289.0733891008669	0.0034473829573812317	0.0034473829566282386	7.529931539407286e-13	2.1842457406507693e-10	0.010242213795080135	2.960751453639466	-2.8162324911271193	-1.463899996362326e-17	2.048403229659824e-18	draw446	kinetic_box
0.28811941326141666	0.013608042684903548	62.90400384229642	0.015646556166279985	0.01564655616281793	3.462053560499001e-12	2.2126617029798127e-10	0.008470295166598774	0.5328154797051141	-0.54124215491218	-3.4111078548620248e-18	1.1647705729542672e-17	draw448	kinetic_box
0.9224332804177267	0.04442245217456332	0.01201354144834815	0.7028721846791081	0.7028721846806367	1.528666082606378e-12	2.1748848736999836e-12	1.2529719949723597	0.015052630995219913	-1.776143351663663	-3.653178231282294e-16	6.523523357731997e-17	draw450	kinetic_box
0.24650295462307134	0.10424209725380404	0.20619142717558864	0.6382389364774498	0.6382389364705036	6.9462213758697544e-12	1.0883418386040094e-11	0.14919831913830267	0.030763414355325567	-0.15631843931626158	-6.177129542798189e-19	6.641798453527699e-18	draw451	kinetic_box
0.8721411028317984	0.12900222338984968	0.3289884195508616	0.6012532117348773	0.6012532117587769	2.389954900650082e-11	3.9749557323095566e-11	0.025692446976166752	0.008452517525083412	-0.014053671393165922	-4.9198325316384e-20	3.5274496284403526e-17	draw452	kinetic_box
1.116177089982772	0.06857809734709575	1.695736156306857	0.3477972981510487	0.3477972981704816	1.943289973382889e-11	5.58742113180631e-11	0.09329504572763885	0.15820378224465875	-0.1610609746737442	0.0	1.5755372306407772e-17	draw453	kinetic_box
0.11513049124369133	0.008031074565146732	197.59195497654665	0.005035386869335689	0.005035386868905518	4.301706560405627e-13	8.542951460134061e-11	0.006017859061996949	1.1890805368333044	-1.1948017435251357	-9.390379599235288e-18	6.590294525193695e-18	draw454	kinetic_box
1.0412140858499694	0.20650870216225709	0.3889772410069431	0.5842802472225485	0.5842802470979047	1.2464373977394416e-10	2.1332869011582088e-10	0.2340014738156425	0.09102124767636706	-0.07552226993867661	1.3113819189057882e-17	9.330432511025621e-17	draw455	kinetic_box
0.49035815613593187	0.05884727056116695	24.555397820945615	0.03910075201745829	0.03910075202871073	1.1252443421483349e-11	2.877807417417689e-10	0.0017617991761051041	0.04326167964987505	-0.04477388228024177	-3.3779018401502205e-20	1.623979952256829e-17	draw457	kinetic_box
0.04230565375899595	0.013699680418600889	1400.4261943673264	0.0007135586229293645	0.0007135586229487191	1.9354526661907734e-14	2.7123947548873886e-11	0.00091779510297497	1.2853043032682057	-1.2862088887116268	5.83949050823976e-19	3.528297151129637e-19	draw458	kinetic_box
0.9520198103785826	0.2862589119241227	0.015730364877383673	0.7015672962171317	0.7015672962175182	3.865796571744795e-13	5.510229157754554e-13	0.634691010232059	0.009983921175345543	-0.7784270382842335	3.4735705737426713e-17	3.595509323104297e-17	draw460	kinetic_box
0.606772610526635	3.0388867247592675	-0.21247492462177528	0.7856267391654735	0.7856267391733525	7.878919738857348e-12	1.0028833472684062e-11	3.761324749386239	0.799187192603859	-2.0923047425486088	8.159875129449952e-16	4.129987232831098e-17	draw461	kinetic_box
0.01516078144405533	1.5636829075647982	0.07467445411250223	0.6812145286825252	0.6812145286571386	2.5386581725683754e-11	3.7266647521049935e-11	30.750117949326352	2.296248271761002	-32.59201648743527	5.502734086070481e-15	3.2998981171053967e-18	draw462	kinetic_box
0.49261455828273654	2.7901971290998923e-06	-0.9611333351149208	0.9992455474742178	0.999245545841654	1.6325637508529667e-09	1.633796375322219e-09	9.983861624737022	9.595822220709366	-9.983869268691077	5.2643897811832714e-17	1.4023553260719402e-19	draw464	kinetic_box
0.007496604542452801	0.010396615497118908	1034.127937966303	0.0009660637075095047	0.000966063707376142	1.3336272190744847e-13	1.3804754374808843e-10	0.005514355271284607	5.702548845907164	-5.707878455156075	-3.480997499287963e-18	1.0565254709748344e-19	draw465	kinetic_box
0.03391797488775878	2.8843877007325904	0.05708246962300017	0.687220571390738	0.6872205713730156	1.772237911978891e-11	2.5788487507556584e-11	41.67914229409605	2.3791483739154393	-43.58712064824758	-4.891143987264637e-15	1.087837646486809e-18	draw467	kinetic_box
0.6285635575210811	0.050119376230856785	12.772639735225914	0.07241708593016687	0.0724170859914551	6.128823837325825e-11	8.463229020357156e-10	0.01854685775281177	0.23689233229714643	-0.09958949623550067	-7.114522868311246e-18	1.193268318227591e-16	draw468	kinetic_box
0.055246826186240876	0.3215021411488274	3.1264115897745026	0.23552390150715505	0.2355239015105666	3.4115488212194123e-12	1.4484936770064314e-11	0.16617157400679436	0.5195207348659133	-0.6858949222226529	1.3195856507277281e-18	2.7055706657028307e-18	draw469	kinetic_box
0.0023269134706115344	3.0815413802611373	0.0008129023391410007	0.7068194352343355	0.7068194352399545	5.61894974993038e-12	7.949625420278421e-12	121.24208158572817	0.09855797172336249	-121.21287661488391	3.367877429084432e-15	1.0495372139579428e-19	draw470	kinetic_box
0.0025798514659432395	0.9949748614600636	0.00189154069496834	0.7064383370904792	0.7064383371055599	1.5080714454995814e-11	2.134753121806068e-11	33.788067950959906	0.0639115055335962	-33.70462148378958	1.8791445574606283e-15	3.9029257888446033e-19	draw473	kinetic_box
1.063315805582392	0.009253473781034666	0.5810126699127234	0.5345529480242169	0.534552949444093	1.4198761055794762e-09	2.6561935670845565e-09	0.13261564444721366	0.07705136965247206	-0.1421731904352945	2.692160297364243e-18	5.857518718241536e-17	draw474	kinetic_box
0.20077295711052096	20.48544114319065	-0.2956178616486926	0.8175452929515419	0.8175452929760468	2.4504953621828918e-11	2.9973817759534074e-11	3.047740369437017	0.9009664908733674	-2.1150111747494513	-4.229361386009521e-17	2.8614027485309017e-18	draw475	kinetic_box
0.6075197803283579	3.8649523151154084e-06	-0.32326212044322544	0.8281806949319583	0.8281806645913086	3.034064977036621e-08	3.6635303222562854e-08	18.432962525234878	5.958678551957938	-18.43330325552928	-4.284201177357287e-16	8.799340902194586e-17	draw476	kinetic_box
0.3226942914132715	0.00038607105281298276	0.06810857983763013	0.6834492526266616	0.6834492606857027	8.059041101127207e-09	1.1791718222127556e-08	0.7079810989089707	0.048219587198574734	-0.7105277006207525	-2.814776598814685e-16	3.512676248295726e-17	draw478	kinetic_box
0.4931490158773012	0.00019997638342585694	-1.1247287609104994	0.9923109522929152	0.9923109679120221	1.5619106896735957e-08	1.5740133286646028e-08	0.244607938641319	0.2751175837369222	-0.24456407827809928	-1.079873052902425e-17	1.9864165207408787e-16	draw484	kinetic_box
0.22525471459889612	0.7185911129747007	-0.027819912878916143	0.7170100182984473	0.7170100182991122	6.648015471455437e-13	9.271858553979244e-13	0.29499583460582596	0.008206758418377234	-0.08167103659345956	-6.886850758973932e-18	1.4653310592322346e-17	draw487	kinetic_box
2.190954695378526	0.7600553817724903	-0.04907241456043962	0.7246636953939533	0.7246636954034791	9.525824573586306e-12	1.3145166004600942e-11	0.1168801869207716	0.005735592986477776	-0.06044314420275576	2.2629773446871853e-18	1.0278206688895642e-16	draw488	kinetic_box
0.1513781486249803	0.050924732676776184	36.405837817880304	0.026724246869937067	0.02672424685156765	1.8369417098540453e-11	6.873689350561772e-10	0.02865523959370304	1.0432180052808553	-0.8498684168265724	1.4429348821753757e-17	1.5866116871085758e-17	draw490	kinetic_box
0.32648692696655535	0.0632181927468046	68.16049197420313	0.01445761091178479	0.014457610909628604	2.1561849528062282e-12	1.4913839957957601e-10	0.0013047204706605224	0.08893038916903506	-0.08247107727182847	3.5528934801233517e-20	3.1406138581441225e-18	draw492	kinetic_box
0.7142865677700889	0.062460962786107854	2.013382343483004	0.3149630018427231	0.3149630021916877	3.4896463496636443e-10	1.107954370951745e-09	0.027090448368542436	0.05454343042226128	-0.055927819277417745	1.2842110927036902e-18	2.0736399613699015e-16	draw493	kinetic_box
0.8626633929863103	0.02817208245850039	2.397243219843518	0.282377044157563	0.28237704448337125	3.258082692525477e-10	1.1538057912909916e-09	0.15819280013710163	0.37922661755672765	-0.22219474866492583	7.235251904406724e-18	8.128980568382394e-17	draw494	kinetic_box
0.00018330970487670804	0.6052598686782508	0.008751402054314045	0.7040194919221512	0.7040194919215758	5.754285936632186e-13	8.173475312347155e-13	11.461942359354707	0.10030806591008593	-11.5577631538348	0.0	4.929772535288635e-20	draw497	kinetic_box
0.13665960217334772	0.037607818755899164	3.53927208435759	0.21514088683849522	0.21514088686903388	3.053865493818364e-11	1.4194723923757886e-10	0.043400511289150914	0.1536062180525383	-0.20030501334960416	3.2266509368167905e-19	2.1047964663495253e-17	draw501	kinetic_box
0.492332127450044	0.3320638588031073	0.10426827404532832	0.6712454969353682	0.6712454969156404	1.972777496916933e-11	2.938980605429469e-11	0.6047589913837902	0.06305717624498139	-0.40616742864448013	1.7299810239552192e-17	2.863775204145016e-17	draw502	kinetic_box
0.30637937068744486	0.003349190406318264	0.9777209759901434	0.451230265608077	0.4512302637903669	1.817710093554581e-09	4.028342598933158e-09	0.033867408486235075	0.033112875679418625	-0.03934482597099544	-5.3462173506603214e-18	1.0002860901384422e-15	draw503	kinetic_box
0.7114628541769594	0.0783005711554315	2.7753518147562053	0.25604621486146545	0.25604621476078515	1.0068029743237616e-10	3.932114267982371e-10	0.05630666597666483	0.1562708076012082	-0.21128852444239501	-1.897928901265258e-18	3.003889231530722e-17	draw504	kinetic_box
1.33926164678345	0.8068530390469382	-0.039322041187244285	0.7211430270729485	0.7211430270698467	3.101852108500225e-12	4.301299453873515e-12	0.7808218286613892	0.03070350810652255	-0.6624168756616253	1.077407675306355e-17	6.761525956738278e-18	draw507	kinetic_box
0.28642808143877957	0.010528867183520281	11.152123134893214	0.08201293363724914	0.08201293338854532	2.4870382142605507e-10	3.032495134002747e-09	0.021147762456480187	0.23584245094213888	-0.18238972039394194	-1.7685869196711237e-17	2.569801970152426e-16	draw508	kinetic_box
0.1279863743905204	0.19360682335777324	5.132473919329856	0.16094060983136763	0.16094060987281703	4.144939946826298e-11	2.5754468993884315e-10	0.03306035108771606	0.16968138972159108	-0.2013463160196404	1.8011772939210693e-18	4.2540061048039305e-17	draw509	kinetic_box
0.5509367129284088	0.0003059380319113064	-0.4445275424230308	0.8741881051246259	0.8741881134810275	8.356401681730574e-09	9.55904290262571e-09	0.16053141156989373	0.07136063386686495	-0.16078678010304343	-1.1513875333430495e-18	2.140760029418935e-17	draw511	kinetic_box
0.24375485543042819	0.19504494089413185	0.5508176773206703	0.5419249921311714	0.5419249921213379	9.833467373709937e-12	1.8145439897904184e-11	0.2302789504219372	0.12684171660725324	-0.360445305869879	9.60131300970941e-18	5.304912862837742e-17	draw513	kinetic_box
1.804673492945489	1.5990975400725862	-0.22349316662985907	0.7898384462468682	0.7898384462442503	2.617905892066119e-12	3.3144827331645943e-12	0.07436305136713692	0.016619633830300302	-0.03888776628412609	1.2546992617270372e-19	7.147594552241446e-19	draw515	kinetic_box
0.5269659797754623	0.30560515178421777	-0.19314203336656582	0.7782584809550622	0.7782584809689511	1.3888890038060708e-11	1.784611459777309e-11	2.462874371919911	0.4756845641190154	0.4117840265927095	-3.7730187575844425e-16	9.6084624109519e-17	draw517	kinetic_box
3.1136386546880597	0.05394156428672751	0.08708332927678386	0.6770137532215686	0.6770137532412365	1.9667822925839573e-11	2.9050846946135007e-11	1.5442196526559482	0.13447578848791875	-1.7142081478184188	7.938974979766783e-17	2.1948518905339321e-16	draw518	kinetic_box
0.3725359626568976	0.09914871893366183	17.522564814495862	0.05390969474906722	0.05390969474690613	2.1610907507962906e-12	4.0087237758294215e-11	0.0034635442930021363	0.06069017936200717	-0.06401807503772564	-1.033356772591835e-20	2.96007382266036e-18	draw521	kinetic_box
0.587122748611679	0.021054735579527518	0.40023757650752	0.5811728859304012	0.5811728870383247	1.107923530696553e-09	1.9063579107115027e-09	1.0965368895167604	0.4388752672112824	-1.293573821691353	1.2872995846446546e-15	3.4928825887143687e-16	draw525	kinetic_box
0.49435559910511423	0.9081288963516793	0.28452773090973105	0.6142937849243969	0.6142937849217442	2.6526558727368865e-12	4.318220268295262e-12	0.16105672219384792	0.04582510371357447	-0.20409391973483051	7.176603040224756e-19	9.39022065798736e-18	draw526	kinetic_box
0.4848272917664921	0.15475027830042637	0.3406171013983321	0.5979075421318146	0.5979075421138067	1.80079284817225e-11	3.011824941705593e-11	0.6452624718447179	0.21978743280087062	-1.070125623486475	8.376616717445337e-17	9.211451925886936e-17	draw528	kinetic_box
0.0698138592521272	0.5207024868996751	0.06687693798194476	0.6838693759987559	0.6838693759952844	3.4714453533979395e-12	5.07618190732067e-12	1.0620753787157298	0.07102834923452236	-1.0141253807679707	-9.38181597384081e-17	3.534408024028346e-17	draw529	kinetic_box
0.06618804846908911	0.27502680985682776	28.84926062520023	0.033482882654726584	0.0334828826628715	8.144915297769728e-12	2.432560953541035e-10	0.2078429330724952	5.996114945314463	-6.201681293958842	-7.533160052554566e-17	1.9218530911003467e-18	draw530	kinetic_box
0.5924667250551949	0.0015387970432216044	-0.0018256722171146988	0.707752547471003	0.7077525481246445	6.536414742797092e-10	9.235452080132877e-10	18.247423477186988	0.03331381407622677	-18.409055450511165	-1.733587950317445e-15	5.0850033117310144e-17	draw531	kinetic_box
0.3827648775512994	0.05006819742481477	20.286837203343	0.04692563653924808	0.04692563653297947	6.268610630577598e-12	1.335860543132324e-10	0.005350256183095215	0.10853977618263191	-0.11014918146025285	2.353296708658597e-19	2.2002484771678028e-17	draw532	kinetic_box
0.05281636446236488	1.2534384114679484	0.1160761306289578	0.667315623520131	0.6673156234796447	4.048628099440066e-11	6.06703628236506e-11	0.7898404722540745	0.09168162583340168	-0.8772271480810888	-1.2233396846471313e-17	8.793254449221547e-18	draw533	kinetic_box
0.000397732158528825	2.084290694839349	0.0021621096761248525	0.7063427736087985	0.7063427736154556	6.657119300257364e-12	9.424771582474781e-12	67.15242720023502	0.1451909126248979	-67.28400405466094	1.1674275563864589e-16	1.685288821353428e-20	draw535	kinetic_box
0.3664600397161411	0.188070733407671	4.280232041422329	0.18607799223607463	0.18607799225034652	1.4271889225980772e-11	7.669842657577468e-11	0.25527261738589924	1.0926260362328688	-1.1733475995174407	-2.783230370083732e-17	2.2402139420568616e-17	draw537	kinetic_box
0.45334425838451287	0.06778247718473221	4.115906214961778	0.1918382615664818	0.1918382614988436	6.763820059596526e-11	3.5257930335431543e-10	0.012097140538931402	0.04979069592745384	-0.04270134792105051	0.0	3.031311485891388e-17	draw538	kinetic_box
0.033741028537736056	0.006581924149213468	1958.1891099664467	0.0005104151838986212	0.0005104151838386279	5.999335143253015e-14	1.1753833610776275e-10	0.000317266541479659	0.621267886482186	-0.6098932692877277	-2.64525535509803e-19	6.733263786554732e-19	draw539	kinetic_box
0.6155847367385562	0.0030916969932317942	-0.3030169480894766	0.8203930229940353	0.8203930271620912	4.1680559004220186e-09	5.080559880963621e-09	0.33145589297112243	0.10043675311438174	-0.3384592083041911	-3.451342739035935e-17	1.9977689349527537e-16	draw543	kinetic_box
0.07713581681045313	0.00257402095259732	15.289078336455521	0.061275467642348494	0.06127546767182212	2.947362492955463e-11	4.810020396320573e-10	0.004977288892498374	0.07609815978057757	-0.0800562783914235	4.133210917766144e-18	6.278634808259577e-16	draw544	kinetic_box
0.5026014268086016	0.40777848158302005	0.019727886032314387	0.7001666485839317	0.7001666485858542	1.922462189440921e-12	2.7457208841977418e-12	0.23442852760978894	0.004624779275409182	-0.04010604702535575	-5.179655257175615e-18	7.651321393648472e-17	draw547	kinetic_box
0.6543387569986928	0.02845410071606015	0.8033962205758903	0.4849435881372474	0.48494358816773064	3.048322705367923e-11	6.285932590397668e-11	0.8707603495331356	0.6995655738422624	-1.1851186754019536	-7.42342286205236e-17	1.3385021900145048e-17	draw548	kinetic_box
2.2685488834605847	0.1671542764100006	-0.08046925396389797	0.7361030990059925	0.7361030989854301	2.0562329616780062e-11	2.7934034845283347e-11	2.1650470990999136	0.17421972486127152	1.5030877769011712	1.3788220042582804e-16	8.118383445594922e-17	draw549	kinetic_box
0.5385579796743681	0.12396283400526488	7.047915069979436	0.12330752728487938	0.12330752727716686	7.712525063041653e-12	6.254707424069641e-11	0.009204082645066287	0.06486959277949886	-0.07461556828454324	1.587966594025826e-20	1.737957523209173e-18	draw552	kinetic_box
0.62031857094771	0.0780440379355212	2.404195922481687	0.28184617645897675	0.28184617643423515	2.474159765952777e-11	8.778404579599069e-11	0.008005389856794096	0.019246525651580627	-0.027656866694967256	0.0	6.77572993693006e-18	draw555	kinetic_box
0.49687183735692414	0.23849499003059682	0.1489471602240099	0.6565209049471692	0.6565209049220166	2.515254671209277e-11	3.831187479868666e-11	0.11777236126144723	0.01754185876276875	-0.021050784628971017	2.7811174820382135e-18	1.169180122698429e-16	draw557	kinetic_box
0.5299670503441193	5.406363308974288e-05	-0.01662229650785741	0.7130078833218447	0.7130078637269888	1.959485596003674e-08	2.7481963323113677e-08	15.143508954617626	0.251719896013048	-15.146677863594958	-2.9196868810860094e-16	1.6822318469073708e-17	draw558	kinetic_box
0.13907045146501942	1.062518603527091	-0.0519214759190558	0.7256953499784632	0.7256953500198792	4.1415981755221765e-11	5.7070755316383446e-11	9.123218001683075	0.4736909437786841	-7.137473798207394	2.00147811654324e-15	5.543099458844342e-18	draw567	kinetic_box
0.7959088968033959	0.26289619884781806	0.23979707925235305	0.6278147015932283	0.6278147016332452	4.001687869958914e-11	6.373995160592158e-11	0.2850110707507505	0.0683448223206157	-0.40094716200577174	-4.8150136594998755e-18	2.132050812087527e-17	draw568	kinetic_box
0.6038009824683258	0.0046117853193292065	0.038248336995250425	0.6937155087848405	0.6937155813713484	7.258650791541754e-08	1.0463439176604242e-07	0.3213267107545018	0.012290212318513755	-0.3294865404803381	1.6686752282186167e-16	8.686733230840379e-16	draw569	kinetic_box
0.23887261585927208	0.0672246565263388	11.222198333224334	0.08154585328049531	0.08154585320315581	7.733949591859357e-11	9.484172754427756e-10	0.31422157406866136	3.526256824776458	-2.5877791767549065	-2.596287239429242e-16	7.575562203345868e-18	draw573	kinetic_box
0.4826520933030502	0.0001114645895804239	320.3559284628264	0.003111800028163713	0.0031117993158681213	7.122955918668905e-10	2.289015195275137e-07	0.00017655464759948932	0.05656032805616287	-0.039234744203945626	-4.897166375637956e-19	1.5227469193982716e-16	draw577	kinetic_box
0.6814385972056037	0.06537798287620307	9.061235555897655	0.09890405299386344	0.09890405296591642	2.7947019698437714e-11	2.825669814367325e-10	0.0001460446515390035	0.001323344989273902	-0.0014097746945851803	7.314391350761128e-23	3.442917172441381e-17	draw579	kinetic_box
0.2077714713785005	0.01058629209287879	133.20589493428096	0.0074510307052367405	0.007451030680696124	2.4540616934409787e-11	3.293586885635672e-09	0.018258045554653247	2.432079297858456	-2.3501578696715946	-2.725346473717003e-16	4.533654187432501e-17	draw580	kinetic_box
0.48127124637710256	0.009669140252751658	1.1724783508838064	0.4181333494265348	0.4181333523618867	2.935351905986039e-09	7.020133384254758e-09	0.13138168111138718	0.15404217680582136	-0.1591692582833418	7.104685872480747e-18	1.4177618567323132e-17	draw582	kinetic_box
0.534516445575931	0.0023382242394200934	2.254095717940364	0.2937476648926479	0.29374765965624006	5.2364078628741595e-09	1.782621134412474e-08	0.32930332595654477	0.7422812169421675	-0.34442580346290164	6.562096662027178e-17	1.3629573070312412e-16	draw583	kinetic_box
0.2788523188919639	0.06379137923859124	5.9933140963687785	0.1415538531170333	0.14155385312948662	1.245331615606915e-11	8.797581896041684e-11	0.025752465309344667	0.15434261335474336	-0.18090168286390726	-2.5367454953097495e-19	7.353683747383653e-18	draw584	kinetic_box
3.164605873224803	0.4385810904917659	-0.15043682388706808	0.762103571466533	0.7621035714990977	3.2564728691397704e-11	4.2730056529378516e-11	1.6083198464606177	0.24195052949607235	1.3365160455686214	1.2838553297902917e-16	2.2760902742302507e-17	draw585	kinetic_box
0.3821288953900304	0.0050531948974265	45.53481230832218	0.021484328337582723	0.021484328303654373	3.3928349713052697e-11	1.5792138917967318e-09	0.003141033932057706	0.14302639055031885	-0.13961650711674417	3.305190656014397e-18	1.5483754434716427e-16	draw588	kinetic_box
0.18497682541994775	0.14682443481619709	0.0708476061481332	0.6825160135672917	0.682516013517279	5.001277170180174e-11	7.327706707431794e-11	0.29977797852147714	0.021238552154173147	-0.04305720737504101	0.0	4.962404356166811e-17	draw589	kinetic_box
0.3730727939454502	0.03414342174904255	0.39943567567718474	0.5813933610721429	0.5813933629414598	1.8693169234751394e-09	3.21523609078998e-09	0.16225651935483948	0.06481104244152851	-0.20573476048122943	-9.129779128100084e-18	4.314849516485823e-17	draw590	kinetic_box
0.8688403491736322	0.11712874593704085	0.001662879199386931	0.7065191091965046	0.7065191092186823	2.2177704117609665e-11	3.1390098057128705e-11	0.419808152228052	0.0006980902440730904	0.14884458759635277	-1.1828171845175307e-17	4.3968921028858055e-18	draw592	kinetic_box
2.5961341057113003	0.08217181409694536	0.07711670984247218	0.6803854045757335	0.6803854045996013	2.386779662799654e-11	3.507981868312189e-11	0.19312140760806315	0.014892887554880807	-0.2360492163147579	1.3372432022253993e-18	1.4043519616548003e-16	draw594	kinetic_box
0.8633239036747431	0.006217698049515044	0.726748156282587	0.5011502564403395	0.5011502574346581	9.943186274341542e-10	1.984072865738869e-09	0.007458373054143021	0.005420358865966169	-0.008529538164634948	-1.1545460803023969e-18	5.186594712156621e-15	draw595	kinetic_box
0.37639524171618916	9.611160190121667e-06	-0.6340319886176228	0.9390876837549331	0.9390881971578747	5.134029416042907e-07	5.467036463221356e-07	1.5863099526789324	1.0057712538609507	-1.5863531714568655	-7.382334266439034e-18	3.0308795393849895e-17	draw596	kinetic_box
0.48618719515262243	0.014801049402739491	3.926152296428467	0.19894057294867873	0.1989405719683703	9.803084177750776e-10	4.927644512507672e-09	0.04383247424904011	0.1720929694310105	-0.11169031239965774	-7.798422598580184e-18	1.5010717701172353e-16	draw597	kinetic_box
0.005026668934442942	1.5303617911021832	0.001952806943021538	0.7064166970675713	0.706416697063719	3.852251850844368e-12	5.453228762650402e-12	28.30562394761011	0.05527541897144974	-28.130970771141513	7.871473253092544e-16	7.577801537233059e-19	draw598	kinetic_box
0.15329130791310308	0.05514291372480159	0.8044414161185266	0.4847287064876729	0.4847287064485606	3.9112324490275796e-11	8.06891029352032e-11	0.20612826249329655	0.16581811138215885	-0.3002152988335728	-1.9837739973902065e-17	1.4401057019589942e-16	draw602	kinetic_box
0.8782917695458275	0.06530552798155269	29.429626570921247	0.03284497942736883	0.03284497940787135	1.9497480019392555e-11	5.936213196321856e-10	0.005143211806333522	0.15136280283554887	-0.08608178443903629	5.668721035004849e-19	1.7337221724832435e-17	draw603	kinetic_box
1.3893072186726039	0.1833151628845293	0.2741370218921502	0.6173986295264536	0.617398629517816	8.63764615388618e-12	1.3990387637614488e-11	0.07507233309399734	0.020580105820883935	-0.09509874769412122	-4.044447715724503e-19	2.859483184238448e-17	draw605	kinetic_box
0.06586274801790624	0.0014545330119243058	3108.9541600362577	0.00032154813120268165	0.00032154813120838406	5.702415536296135e-15	1.7734251836160102e-11	0.00020783379006123764	0.646145726206987	-0.6463290141445983	-3.4283529796534172e-18	8.206650663915445e-18	draw606	kinetic_box
1.2078522871845714	0.0005079300200494419	0.2000520565870468	0.6401680101564992	0.6401680101933421	3.6842973116790745e-11	5.75520371685919e-11	3.3979669333991662	0.679770273241284	-3.405298751688414	1.3685384650446653e-16	9.526268863035304e-17	draw607	kinetic_box
0.041723387930774	0.004501811683027536	323.16995519739265	0.0030847869332100222	0.0030847869335224294	3.124072181504012e-13	1.012735157671562e-10	0.0017847639538513056	0.5767820870040479	-0.5777564888591561	-1.1981839903124391e-18	3.6062903412664986e-18	draw608	kinetic_box
0.31041612172686256	0.00019303853889719125	3.737966716032939	0.2065113434743176	0.20651141106831333	6.759399573397218e-08	3.2731361131231773e-07	0.10329624200544577	0.3861179145076398	-0.10444290838842536	-9.223976589168295e-17	3.7411606835557356e-16	draw609	kinetic_box
0.5198770173880444	0.07366065068374626	11.000489526631547	0.08304211563214514	0.08304211560550434	2.6640800676602794e-11	3.208107173372272e-10	0.001786164627438941	0.019648685276981808	-0.01708376188208563	-6.888785004358022e-21	8.82495774352187e-18	draw610	kinetic_box
1.281854853432012	0.970707371241088	-0.06766675780629963	0.731420038325548	0.7314200383154386	1.010946881763175e-11	1.382170064811904e-11	0.18104401326770814	0.012250661398066505	-0.08835641381804574	-6.984635264964307e-18	1.0288839522503392e-16	draw611	kinetic_box
0.17379985907115536	4.8960737584006295e-05	11240.588844282835	8.895539804636076e-05	8.895539677667908e-05	1.2696816796727017e-12	1.4273239462471454e-08	2.561990685004139e-06	0.028798283913014113	-0.028103430124220154	-1.7323402036622768e-20	2.088524754754489e-17	draw612	kinetic_box
0.2330279217527729	0.087175592829035	0.4188386004889509	0.5760935501064698	0.5760935501001324	6.3373750691653186e-12	1.1000600628255259e-11	0.052742901022316394	0.022090762849914257	-0.07687289568468303	-1.2971292284884534e-19	1.4333689481173053e-17	draw614	kinetic_box
0.4070874532126568	0.253233072421647	1.0978117762972666	0.43029904240632394	0.43029904242491174	1.858779796748422e-11	4.31973956129076e-11	0.1278956001745349	0.14040529600821114	-0.28182984747810763	4.61993259656571e-18	6.250532738455248e-17	draw618	kinetic_box
0.6118975962696288	0.02152638397052921	1.005188430527163	0.44628714379742024	0.4462871437820725	1.5347723092418164e-11	3.438979434261419e-11	0.012044944670040015	0.01210743902866404	-0.02698729245300993	-3.3540585789785138e-19	4.863222174277726e-16	draw621	kinetic_box
0.9949452516175183	0.001421003838803313	-2.855123984398913	0.4744996511262682	0.47449965419507584	3.0688076524398866e-09	6.467460250620628e-09	0.7399577412112421	2.112671094373862	-0.6952238279822844	-4.923579406561374e-18	4.80675729431063e-17	draw626	kinetic_box
0.08796231600391037	0.03784222770148475	0.07091711238368398	0.682492349881875	0.6824923498809711	9.039435866498025e-13	1.324474313605791e-12	0.3304366442677084	0.023433612637220484	-0.32800356500144645	3.672760818903712e-18	5.312120578956081e-18	draw627	kinetic_box
0.9431944449216699	0.2823061445308533	-0.031960233039383196	0.7184951955156365	0.7184951955212512	5.614730902436804e-12	7.814569864121987e-12	0.10321084428235562	0.0032986426354555762	-0.06469083927892609	-1.3675101286572419e-18	4.7888288014073215e-17	draw629	kinetic_box
0.5802442845911828	0.08360030594111932	3.0572195697852953	0.23931232319374568	0.23931232318751125	6.234429639206951e-12	2.6051435864930423e-11	0.01636354740709037	0.0500269573640661	-0.0629306984277272	-8.527113194675284e-20	1.8293665930015248e-17	draw630	kinetic_box
0.2066287228169445	0.06511161721462978	0.7886440769199626	0.48799374674283497	0.48799374675943996	1.6604995156654923e-11	3.40270654427883e-11	0.24716665612339553	0.19492651936382907	-0.47812259435451365	-4.0671671090113744e-17	5.3403132767960333e-17	draw632	kinetic_box
0.621151202716135	0.3012020172769912	0.006140422686363552	0.7049391566925216	0.7049391567205581	2.8036462040859078e-11	3.977146364132656e-11	1.0597283784731149	0.006507180176559575	0.08611149951307218	1.5700279457351776e-16	7.891671658483991e-17	draw634	kinetic_box
0.35092252352129105	10.799807781302787	-0.2737681668030169	0.8091365228542523	0.8091365228394262	1.4826140315449265e-11	1.8323410075992238e-11	5.786826452563069	1.5842488695253973	-4.013860077822936	0.0	2.2071938240911005e-18	draw637	kinetic_box
0.03844005576464017	1.2540795473986455	0.008651909144709797	0.7040545139826133	0.7040545139520249	3.058842068526246e-11	4.344609696990991e-11	0.14886924307780156	0.001288003165550857	-0.1349650276916852	-5.184923155035643e-19	8.919493977899135e-18	draw638	kinetic_box
17.093673514044845	0.3509278488219037	-0.26444222930982203	0.805549637710963	0.8055496377047469	6.2161387148762515e-12	7.71664267963412e-12	0.45960121425307776	0.12153796969058504	0.3887881192275795	0.0	5.68491789607904e-17	draw640	kinetic_box
0.5772835922082658	0.046281430215920995	1.9336300229417507	0.3226446915036507	0.32264469176378574	2.601350246322909e-10	8.062584981957199e-10	0.09614460288012136	0.18590809067281458	-0.2775759885987304	-4.48762454067368e-17	4.376159083614685e-16	draw641	kinetic_box
0.17453582408813303	0.15406443733196845	8.368392034035372	0.10613895153051987	0.10613895148849586	4.202400927244554e-11	3.9593390252211427e-10	0.09902372927801163	0.8286693872705877	-0.9139827115167257	-1.840040426132887e-17	1.9230119145564477e-17	draw645	kinetic_box
0.00019304661482461092	4.175403546815514	0.00439091870595251	0.7055560648416095	0.705556064847105	5.495492949592062e-12	7.788882022838176e-12	71.43522521828875	0.3136662666749145	-71.74384052951228	0.0	5.994257814252757e-21	draw646	kinetic_box
5.879731556546554	0.47543660765421464	-0.16074375824949869	0.7659853705116131	0.7659853704221182	8.949485597042894e-11	1.1683624704360898e-10	0.06357712141095602	0.010219625434281742	-0.010948563532730604	-3.723749686792558e-18	5.507108562513995e-16	draw648	kinetic_box
0.5749336044146591	0.00023643456372086257	15.50692701677979	0.06046971998187016	0.06046976691865512	4.693678495870657e-08	7.762025116095895e-07	0.011860444658368857	0.1839190497038816	-0.012260003067512473	5.677031265378113e-19	1.146125705354296e-17	draw649	kinetic_box
0.16472809341337502	0.09023861569108892	0.25237421665542015	0.6239721239431879	0.6239721239391017	4.086175842132889e-12	6.5486512704078595e-12	0.7320715804961505	0.18475599166341133	-0.8610498225219734	-5.71037354506185e-17	3.3888444031285554e-17	draw655	kinetic_box
1.0978382102880224	0.05200240210766557	0.10251200556425068	0.671832355541545	0.6718323554380313	1.035136421023708e-10	1.540765955442566e-10	0.16687797568707993	0.01710699597218483	-0.18680579201371322	1.7503129554666484e-18	6.186649849144261e-18	draw657	kinetic_box
0.34695606377482824	0.07212351913863879	1.8649645537017325	0.329546595239969	0.3295465947508446	4.891244076432599e-10	1.4842344464614025e-09	0.29218398948381374	0.5449127835464724	-0.5790353285872859	1.3644360266859979e-16	1.358656101919918e-16	draw658	kinetic_box
0.05960985982263479	0.15498754643865792	6.947525384318522	0.12484096835037947	0.1248409683303971	1.9982376864291496e-11	1.6006265516466726e-10	0.16672286673217404	1.1583113487681331	-1.333639690705271	-4.5850143397093456e-18	1.8955139944173544e-18	draw659	kinetic_box
0.1135863399628357	0.10024032421203308	39.27175567352636	0.02482364697471673	0.02482364697234101	2.375717678138045e-12	9.570381341569657e-11	0.003602135856584296	0.14146219926262704	-0.14510904864766802	3.341135044517144e-20	1.669474711783163e-18	draw660	kinetic_box
0.6981092012775386	0.011471406039523633	35.86923145404691	0.02711291612795057	0.027112916052082086	7.586848510543476e-11	2.7982414344401947e-09	0.005280661025142099	0.1894132525411866	-0.08884827522868094	-9.48123057816796e-19	1.927592473612945e-17	draw663	kinetic_box
0.6647352174618535	2.300929744961215	-0.020943358650647413	0.7145497259368708	0.7145497259361113	7.595035711460696e-13	1.0629121299445821e-12	0.6153809227016818	0.012888143370907655	-0.5267706673384419	0.0	6.0831830103445425e-18	draw668	kinetic_box
0.09127836469558788	0.1087562922846055	171.46121875932283	0.0057983075639280925	0.005798307566577668	2.6495758712052897e-12	4.56956765535835e-10	0.09046614641496534	15.5114357207693	-14.912890953790656	2.5822742969835244e-16	1.116729556356451e-18	draw669	kinetic_box
0.06346230212765837	0.057668832821555716	0.3833676500168596	0.5858374513206228	0.5858374513393193	1.8696488801595024e-11	3.1914123548864656e-11	0.6689284978424489	0.25644554624716753	-0.884193626096561	6.409833342098357e-18	2.0493623561940925e-19	draw670	kinetic_box
0.42085533846156786	5.100326375723316	-0.3097876171742042	0.822998401475528	0.8229984014683861	7.1419536951111695e-12	8.677967882280892e-12	0.29456610400039673	0.09125293145857175	-0.18367853396831418	1.0198077137150978e-18	4.426670376683855e-18	draw677	kinetic_box
0.011859796349754502	0.08010987545235995	694.265463869455	0.0014382980564682428	0.0014382980568075185	3.3927569954850245e-13	2.3588692061613926e-10	0.04442038108202564	30.83953647717049	-30.880395804867778	3.6827767182664973e-17	3.862309737372827e-20	draw678	kinetic_box
0.43196228450982305	0.06725638617068397	0.25116345404351514	0.6243406458785258	0.6243406458491583	2.936750842508218e-11	4.7037636617650896e-11	1.0600533094003353	0.2662466506592472	-1.6170923345945003	0.0	1.4034867460689344e-17	draw679	kinetic_box
2.6668593616706016	0.06564021782131794	0.08970987203179003	0.6761284105141734	0.6761284102110009	3.031724871149777e-10	4.483948352656354e-10	0.19845466763015612	0.017803342837212726	-0.2917972717582663	-7.915934208749319e-18	1.158013051619769e-16	draw680	kinetic_box
0.05116043902824335	2.1281543824726077	-0.023933441997965862	0.7156185306232486	0.7156185306455131	2.226441253583289e-11	3.111212410297649e-11	3.065368757833655	0.07336482536798844	-2.880718870426394	-2.1256723269764267e-16	2.2380452012920143e-18	draw681	kinetic_box
0.46071979744984515	0.14003879238099998	30.97393660044105	0.03126018835699445	0.03126018836462982	7.635371501724109e-12	2.442522550620122e-10	0.033027349759642936	1.0229870375357721	-0.7111341997963516	-1.1900642252539931e-17	1.0138460447923352e-17	draw682	kinetic_box
1.9410340144976863	0.03375158589279701	4.672826809835359	0.17360231052159483	0.17360231020528452	3.163103112768795e-10	1.8220397580126837e-09	0.06128918449885929	0.28639374447921534	-0.08126180653578285	-1.3929739350106076e-19	1.8533501323234756e-17	draw683	kinetic_box
1.1784780831617154	0.015901949716532734	3.2520540562888094	0.22893449046269654	0.2289344910380387	5.753421628007516e-10	2.5131301106793707e-09	0.0791551975788157	0.2574169813625298	-0.09604000974088298	-2.828683286392392e-18	2.0446831243009093e-18	draw684	kinetic_box
2.2659089480903916	0.12635177289739	-0.29122998657770205	0.8158564032805259	0.8158564033277127	4.7186810014920866e-11	5.7837151026155394e-11	0.11306779672242687	0.03292873292184272	0.06605429951999366	0.0	3.970312603736328e-17	draw686	kinetic_box
0.01406192011832722	0.00021592537761899126	3848.0898812522887	0.00025980166671139154	0.00025980166665430006	5.70914843178727e-14	2.1975026200982903e-10	3.696153611541119e-05	0.14223131312125484	-0.14226822963377556	7.266031638032168e-20	3.5898674349968454e-18	draw697	kinetic_box
0.9976708026629334	0.07318150217344299	0.13921922849565393	0.659693120054849	0.6596931200384225	1.642652680544643e-11	2.4900254840447175e-11	0.5905952428830978	0.08222221406738822	-0.8656618741130684	1.2514947298382266e-16	1.6681955646709612e-16	draw698	kinetic_box
1.2670447488578298	0.027025431324479016	0.012916576952662304	0.7025549213528851	0.7025549213968972	4.401212727600523e-11	6.26458173383733e-11	1.3744884361744973	0.017753685656392366	-1.4637591558022247	4.0986861869785284e-17	1.8801131733586034e-18	draw699	kinetic_box
0.1670918143131194	0.29070409644108947	1.2315951205824311	0.40892983623213885	0.4089298362470334	1.4894530053766175e-11	3.642319227782741e-11	0.7532122450460635	0.9276525257616702	-1.7896817844101487	0.0	3.911784821976467e-18	draw703	kinetic_box
0.3174726343857033	0.031196900894142583	0.8341240209175975	0.4786930095581383	0.4786930095870628	2.892447392710551e-11	6.042384857898126e-11	0.3492559517919947	0.2913227788381413	-0.5773244390525721	8.577734317883709e-17	1.3409527130851905e-16	draw705	kinetic_box
0.031259558080557456	0.004819843487258522	31.999814752498136	0.030289296515757635	0.030289296515580544	1.7709098076856833e-13	5.846652155736741e-12	0.02106937359571846	0.6742160520141663	-0.6922450350973921	7.520863624968578e-19	1.376795782294098e-18	draw707	kinetic_box
0.42325870074723115	0.04427598084807945	1.1170077544731634	0.42711173459848534	0.42711173423186566	3.666196790597098e-10	8.58369484320193e-10	0.02872856354296567	0.03209002825236767	-0.054618223468032134	2.046547759131875e-18	5.254218181795037e-16	draw708	kinetic_box
0.09792792998021595	0.09001268732023297	1071.4594926814395	0.0009324357439073138	0.0009324357442922406	3.8492679096252536e-13	4.128185704149529e-10	0.0007845513243936278	0.840614964017348	-0.7887518037152473	-4.2743475513204255e-20	8.469552330377101e-20	draw709	kinetic_box
0.3385768529368039	10.623411108653992	-0.26405248304645124	0.8053997832809419	0.8053997833002271	1.9285240071553744e-11	2.3944928309429192e-11	1.7888776316288513	0.47235758049785304	-1.2579721609628391	-2.481267546243682e-17	4.5336389870947014e-18	draw713	kinetic_box
0.023174122436557497	0.2900820806276018	38.47227949590972	0.02532610873906789	0.025326108738387983	6.799075191743498e-13	2.68461107151365e-11	0.19407697310430128	7.466583552988832	-7.663028343249154	-5.3132303557079996e-17	7.808551565910724e-19	draw715	kinetic_box
0.9612087159919973	0.0055207101400201915	18.829826040974606	0.05036508577989046	0.05036508498374632	7.961441436665773e-10	1.580746153656857e-08	0.034156410551903355	0.6431592688764495	-0.047755448689829935	-7.269578263984654e-18	7.703182230853883e-18	draw716	kinetic_box
0.6121488194535836	0.004390130225875884	0.28360335591692865	0.6145691013605509	0.6145691162623957	1.490184486918622e-08	2.42476305347302e-08	0.054868391407131525	0.015560859936826073	-0.05765180217080727	-1.3538329244895111e-18	1.7111860279993136e-16	draw717	kinetic_box
0.23153766411402268	0.15465210948617975	1.1363307481333293	0.42394545952302315	0.42394545950266205	2.0361101693566752e-11	4.8027644210301777e-11	0.1984301108460811	0.22548223630990677	-0.3614997122247796	0.0	2.1146303170458667e-18	draw719	kinetic_box
0.1643381575809316	0.01662733944706861	26.612133527303243	0.036192235751759186	0.03619223575875152	6.992337264755122e-12	1.9319992584498812e-10	0.0004061655896275604	0.010808932905364492	-0.011022123631450704	6.814772061389763e-21	5.412497097613408e-17	draw720	kinetic_box
0.4107273984495818	0.10571962282922255	0.3306396525217026	0.6007765012359417	0.6007765012232821	1.2659651105195735e-11	2.1072147594685468e-11	0.09840056198927333	0.03253512762407358	-0.11586814297089755	8.995988775938873e-19	2.800025808163313e-17	draw721	kinetic_box
0.3317833127952347	0.08123519293013164	1.8400592329952763	0.3321189565756497	0.33211895660160107	2.5951352178310572e-11	7.813872608735477e-11	0.015011832840073604	0.027622661621559134	-0.04346906775266474	1.2918844255822446e-19	6.39727497441744e-17	draw722	kinetic_box
0.9337761574966219	0.09690384814936301	5.615053893931127	0.14947209198986397	0.14947209209465928	1.0479531131757369e-10	7.011028604002398e-10	0.015866772332002503	0.08909278176692934	-0.055006009423874395	2.8004774117508845e-19	2.3461832388326696e-17	draw723	kinetic_box
0.0005913874033868789	1.1429230065996776	0.02743412434417859	0.6974747498902363	0.6974747498882784	1.9578783039264636e-12	2.8070956034466866e-12	4.985081433750125	0.136761343919357	-5.115712854599105	4.44248709851492e-18	1.3183731175780082e-19	draw724	kinetic_box
0.5849635219620113	0.015172338377155585	0.10191411692883881	0.67203227842823	0.672032278281413	1.4681700299945533e-10	2.1846718936612717e-10	0.09950508725067135	0.010140973097079226	-0.11340746815555927	3.083960874248973e-18	9.304590552284584e-18	draw731	kinetic_box
0.22792004506268207	2.823960626733582	-0.19654038401298238	0.7795514930655891	0.7795514930484757	1.7113421790782013e-11	2.1952907464597507e-11	9.741216364388546	1.914542405010473	-7.159429889349788	1.079083335772526e-15	2.5758753910996143e-18	draw732	kinetic_box
1.251507979719525	0.012806442731423584	0.7394274438617906	0.49840715385996875	0.49840715440220607	5.422373106078737e-10	1.0879404635718722e-09	0.0719285078996325	0.053185912737017865	-0.09453032798791171	3.3209127073717106e-19	1.0601449768892107e-17	draw736	kinetic_box
0.4968228346700014	0.00404108633966462	1.0281810429769696	0.44222171783199116	0.44222174188804864	2.4056057479349136e-08	5.439817901454308e-08	0.08358383087631087	0.08593931040641593	-0.09064181698812478	1.0887385132405073e-18	4.2235894891432454e-17	draw738	kinetic_box
0.218326074006936	0.24257813727427277	0.23250120506131516	0.6300584076615977	0.6300584076701297	8.531952921941865e-12	1.3541526972859338e-11	0.9625486292561752	0.22379371623217778	-1.31027282565988	-3.259828111536994e-17	1.097400420816641e-17	draw739	kinetic_box
0.5126187943579154	1.4059595598920096	-0.17099633635430844	0.7698580549835408	0.7698580549653953	1.814548511447356e-11	2.356991005996448e-11	1.1230176943992805	0.1920319114033393	-0.7924714984291881	0.0	1.410559505082713e-17	draw743	kinetic_box
2.8572071321076415	0.000281199086894534	-0.029490090801153588	0.7176087823906617	0.717608782273193	1.1746870143269916e-10	1.6369462628451909e-10	67.82903343834181	2.000284355051183	-67.84995279944326	0.0	1.1418256115392433e-16	draw744	kinetic_box
1.0108396748983899	0.0031925200094942005	0.16016904483798347	0.6528850381717085	0.6528850392259843	1.054275777789826e-09	1.614795430202694e-09	0.6448638147683541	0.10328722126202557	-0.6595599732645514	1.9747851850160935e-17	1.8683491731554167e-17	draw745	kinetic_box
0.8812955010938294	0.03902800812640972	48.968938955890145	0.02000842583089866	0.020008425880159914	4.926125479753907e-11	2.462025503284887e-09	0.001865085822643043	0.09133127379650334	-0.06630291159539231	8.734053365674676e-19	9.981737310899929e-17	draw747	kinetic_box
0.3967567508593115	0.4436915255256331	7.235346996393615	0.12054236265871086	0.12054236264115119	1.7559675935530095e-11	1.4567223962420916e-10	0.0675373692525305	0.48865630176562297	-0.5577342066307043	7.233966331928215e-19	1.9451824398290285e-18	draw748	kinetic_box
0.9995131499112699	0.004698526693486853	0.29184162800547736	0.6121213491680749	0.6121213500408821	8.72807159879585e-10	1.4258727617020586e-09	0.560062803126234	0.16344964024967126	-0.572885211680794	2.5802554148299326e-17	4.976052923522394e-17	draw749	kinetic_box
0.5154507214227597	0.09103960320942224	1.4689780182755166	0.37540297615486073	0.37540297648460336	3.297426220960631e-10	8.783697593020737e-10	0.0676626086571929	0.09939488477659501	-0.12787697506403137	4.100448221326096e-18	1.5553729355260008e-16	draw750	kinetic_box
0.022752323937211574	0.0002767241378932905	1804.9813275354973	0.0005537154959814855	0.0005537154960866601	1.0517465804521509e-13	1.8994349767801073e-10	2.3182527552626952e-05	0.04184402935756884	-0.0418613369765607	-1.8675416988267645e-20	1.0655037251313496e-17	draw753	kinetic_box
0.16837432779122422	0.9151492875802509	-0.052709964000304005	0.7259810947838995	0.7259810947823658	1.5336620862171912e-12	2.1125372234065563e-12	1.2422345954049043	0.06547814080372472	-0.6109223099110012	-2.5477715206931265e-16	8.378322769507248e-17	draw754	kinetic_box
0.0460424707527581	0.5555613006614069	0.2028640785225905	0.6392834886749562	0.6392834886761156	1.159405904616051e-12	1.8136021423250749e-12	0.8933085036365547	0.18122020642662384	-0.92999950550705	-5.898731794451883e-17	1.941010694258506e-17	draw755	kinetic_box
0.9682319022943812	0.012032810714270866	2.0779515072267367	0.3089926671435107	0.30899265973542395	7.408086755145149e-09	2.397496031617175e-08	0.01788437148855644	0.03716285669044874	-0.021703292130157516	-1.7423273121206096e-19	2.918091017670562e-17	draw756	kinetic_box
0.06997911997373549	0.11400703706239024	21.160101640992423	0.04508027011447634	0.04508027011954508	5.068744035607864e-12	1.1243819130112644e-10	0.021298255098255905	0.45067324265487996	-0.4724509335961762	5.112357229148189e-19	2.265228117433839e-18	draw757	kinetic_box
0.17826006405472508	0.11895944456222506	2.3008167289212325	0.28994167109907587	0.2899416711028466	3.7707059696856504e-12	1.3005050137646912e-11	0.13430756209755718	0.30901708569468683	-0.4587294997408823	-6.0788260609945934e-18	2.819121214074922e-17	draw759	kinetic_box
0.3892371218987535	0.0008925903672174518	0.8799390894857924	0.46962481911480014	0.46962483284451206	1.3729711922927379e-08	2.9235489613627705e-08	0.3155994382669826	0.27770828235087625	-0.3184966381565632	-1.7069849423805778e-17	2.3474035050786533e-16	draw763	kinetic_box
0.19091257961867703	0.33377500144487793	4.985983042062598	0.16477350899167031	0.16477350896981302	2.1857293752702844e-11	1.326505327789503e-10	0.16141806015709215	0.8048277106259019	-0.9737382239677739	3.347131468954316e-18	1.3278947248074238e-18	draw765	kinetic_box
2.2042030408528737	0.5902959846075637	-0.19027781630042911	0.7771694694904452	0.7771694694889885	1.4567236306106679e-12	1.8743963675882764e-12	0.04180204543620924	0.007954001922493213	-0.0008377247907142386	0.0	1.2529201355754857e-16	draw766	kinetic_box
0.5535060947350385	0.10608571966167564	0.6157377879071886	0.5262714301078907	0.5262714300677537	4.0137004830853584e-11	7.626673715821174e-11	0.6238430850377037	0.3841237611823118	-1.122056579399798	2.132307892756151e-16	1.615170772107635e-16	draw767	kinetic_box
0.27213462817517237	0.0027967291990417887	2.679143094308008	0.26228662837338906	0.2622866220895719	6.283817188812435e-09	2.395782575089357e-08	0.4403205931133	1.179681876321104	-0.48221648333074196	-2.8007068641012495e-17	1.4327875368977178e-17	draw770	kinetic_box
0.020608595688641904	0.5567070295915199	0.06439784631520021	0.6847158766197726	0.6847158766238525	4.079847570892525e-12	5.9584532945389595e-12	4.3407148624705405	0.2795326886114833	-4.359404204786031	0.0	5.5969286109975894e-18	draw772	kinetic_box
0.3060444707494424	0.19333476841248004	0.01631804746007485	0.7013612031078454	0.7013612031033626	4.482858528831457e-12	6.391654555449939e-12	3.2289768290847647	0.05269059714448718	-4.0347087641724135	-2.805354206392744e-15	9.203103048597707e-17	draw775	kinetic_box
0.23637829031060748	0.06421324946718227	81.37719082912423	0.01213838827221368	0.012138388272129628	8.405255658150423e-14	6.9245236432659914e-12	0.024654083760195643	2.0062800788706534	-1.994330386626361	2.60040049806422e-17	6.170637696933783e-18	draw777	kinetic_box
0.013380362746537101	0.0012010102667772663	6649.173894707809	0.0001503720059593728	0.00015037200598467466	2.5301863468968344e-14	1.6826179383114045e-10	0.0005219219143894272	3.4703495682341035	-3.4703989936735153	1.4462511839099965e-18	1.2062268555355823e-19	draw778	kinetic_box
0.07002639444479165	0.7882449458870758	0.021481647084647247	0.6995530828459727	0.699553082828893	1.707978203313587e-11	2.4415276627854553e-11	1.6430346818218378	0.03529509118273239	-1.5223809204748424	0.0	3.629167894238746e-18	draw781	kinetic_box
0.6867371475856742	0.0013894918791910035	0.08853409255379617	0.676524562931242	0.6765245710293194	8.098077430851447e-09	1.1970115761694175e-08	0.4331993833441572	0.03835291429923903	-0.438196866953766	-8.056738405271635e-17	1.4465155043549213e-16	draw782	kinetic_box
1.1962979444589852	0.06643338448017866	-0.4019355823355704	0.8582249229456994	0.8582249226882352	2.5746416110195014e-10	2.9999613655530996e-10	0.16270698505031986	0.06539772678626525	-0.1885010727430277	6.796615364737895e-18	1.3926206835647145e-16	draw783	kinetic_box
0.01933122363339605	0.407100657904685	0.03379981242466502	0.6952593349705737	0.6952593349939139	2.3340218646694666e-11	3.357052177789023e-11	3.868704654299518	0.13076149164175221	-3.8191662416231185	-2.2178470878853624e-16	4.018820540590392e-18	draw786	kinetic_box
0.2818904899587646	0.03568217483971614	10.368031421445096	0.08762759943502721	0.0876275994008055	3.4221708800075135e-11	3.9053573342282564e-10	0.06567382303368642	0.6809082607796856	-0.6894577091225587	1.3708068084557965e-17	2.6398015480355784e-17	draw787	kinetic_box
0.5656159884849905	0.22488337586028442	0.2234955985508235	0.6328427630279454	0.6328427629961524	3.179301266698076e-11	5.023840758873315e-11	0.5520282079896263	0.12337587476158003	-0.8487329851265542	1.6861646278591944e-17	1.4491174550944122e-17	draw788	kinetic_box
0.555640964347774	0.0013152299703653623	0.5671421020254936	0.5379194708750268	0.5379194614132855	9.461741279359615e-09	1.7589512851051365e-08	0.26836029643950665	0.15219842262288638	-0.27305362165323677	-3.0068614288274744e-17	1.8594346261741755e-17	draw790	kinetic_box
0.03482694502987174	0.00716498730524436	72.04730499386078	0.013688476375441351	0.013688476371610045	3.831306799595424e-12	2.798928599198644e-10	0.005489819735357956	0.39552671683465074	-0.4004189454812036	-2.975561676983609e-18	1.8535131357873934e-17	draw791	kinetic_box
0.1160343754324939	0.0013440471631002537	335.2705713781017	0.002973782607621311	0.0029737826126161916	4.9948808110433784e-12	1.6796388511563464e-09	0.0032423235952507767	1.0870556843724288	-1.0870581712411467	4.418660285239428e-18	3.790325528166701e-18	draw795	kinetic_box
0.04581917412624301	0.010111508397403763	9.303612412426407	0.0965994543752605	0.09659945437379895	1.4615531007677873e-12	1.513003474235161e-11	0.04169628550292815	0.3879260793571176	-0.38031848807743207	3.300666728294118e-17	1.7059172250285187e-16	draw796	kinetic_box
0.3947894160791795	0.2155193123486111	4.7647711540193525	0.1709149857337083	0.17091498575708045	2.337213755865264e-11	1.3674715213018942e-10	0.021271640151563718	0.10135449739285064	-0.11915150869396202	0.0	1.6352074589251115e-17	draw798	kinetic_box
0.42583602565835343	0.002124522087101804	16.741117919570502	0.056276901758759046	0.05627690451855735	2.7597983065508203e-09	4.903962522744609e-08	0.059507369360280046	0.9962198875438851	-0.07750024240580133	-9.618121464767605e-18	3.4006511490510337e-18	draw799	kinetic_box
0.16418301846333877	0.41045552813706054	0.2003268830293749	0.6400814929826576	0.6400814930472795	6.462186341593679e-11	1.0095880621120147e-10	1.9106234629853194	0.38274924298263924	-2.1230861172673787	-2.5369834012168196e-16	2.951209672168099e-17	draw801	kinetic_box
1.0385311329238691	0.15784073787876607	-0.05146809832132854	0.7255310930782584	0.7255310930729606	5.297762228906322e-12	7.301909290293601e-12	0.962572045678187	0.04954175268832727	-0.8010458412297966	0.0	2.256445729370643e-18	draw803	kinetic_box
0.3469522837670281	1.4912329251775874e-05	0.14550438598801618	0.6576422327976033	0.6576414100500328	8.227475704059017e-07	1.2510580353255246e-06	0.8169682754865477	0.11887246729635859	-0.8171204908209814	1.588643003718569e-18	8.434601379938815e-17	draw806	kinetic_box
0.32772948834729987	0.001151013233164451	25.90845344702649	0.03713740642709659	0.03713740630096903	1.261275597852496e-10	3.3962404041651807e-09	0.008537471066755002	0.2211926716883576	-0.2268596306483459	-2.4711911666455814e-18	4.625896922922904e-17	draw808	kinetic_box
1.5363383071880532	0.08419215029822061	1.103381552952561	0.429369898284755	0.42936989814200116	1.427538642850834e-10	3.3247292114053107e-10	0.2865180892740559	0.3161387742922083	-0.3727518788830341	-4.962926409013544e-18	6.024669096196965e-17	draw810	kinetic_box
1.017723069610125	0.025286366438657375	-0.37348892574124737	0.8474222888603091	0.8474222903431983	1.4828891448104287e-09	1.7498821564038305e-09	0.10278921086287658	0.03839063194296633	-0.1114209263883591	2.8330584188752792e-18	2.2325630714976186e-16	draw811	kinetic_box
0.012394581701451588	0.006383264632347416	277.34017936730436	0.003592702815870082	0.003592702816012764	1.4268187326083037e-13	3.971435450349352e-11	0.005277332789535956	1.4636164224308588	-1.4688455168269703	9.704636092224662e-19	4.518631546710801e-19	draw812	kinetic_box
2.8225025803375066	0.5258569044980355	-0.32913324012180933	0.8304369845483166	0.8304369845638289	1.5512258144667612e-11	1.8679633052247944e-11	0.048827059676278387	0.01607060835687445	0.018757458624854322	2.0643896529732979e-19	8.23359541764675e-17	draw814	kinetic_box
0.5119017306404038	0.0013126218871462089	-0.9777908020540002	0.9997534674818539	0.9997534669610837	5.207702047371754e-10	5.208986234577838e-10	0.17241181338419465	0.1685826852925163	-0.17244048753318944	1.4131381215158457e-18	4.73477506497389e-17	draw815	kinetic_box
0.8461859174976177	0.10859946913529424	3.1797980316643737	0.23267953469000988	0.23267953462339405	6.661582396816357e-11	2.8629859551672787e-10	0.037283003794366255	0.11855242207986118	-0.09041758968364136	0.0	4.3037762996975605e-17	draw817	kinetic_box
0.08942050174252997	0.3468316465407782	48.62340190950668	0.020147691941029142	0.0201476919393085	1.7206409907988274e-12	8.540139466009138e-11	0.043111810404521125	2.096242884345483	-2.132223277625992	3.6910341418540675e-18	1.06605677430193e-18	draw819	kinetic_box
2.7837511578862113	10.30822545066053	-0.20434199865947092	0.7825234834219146	0.782523483446294	2.4379387397743812e-11	3.1154831661249455e-11	0.16193062156100252	0.03308922685394567	-0.07605547797849266	-1.0748425327473205e-18	1.060371684894109e-17	draw820	kinetic_box
0.16489500031282686	0.16356543362732057	770.5134361631149	0.0012961526179322356	0.0012961526178559269	7.630875098474377e-14	5.887327613546958e-11	0.004835446933188916	3.725776831875788	-3.6664364868764268	3.974183466905468e-18	2.705806797511793e-19	draw821	kinetic_box
0.7847676498691923	6.2746215862394275	-0.29783980251968317	0.8184005011095725	0.8184005010940831	1.5489387550360334e-11	1.8926415037201545e-11	0.16437120037768393	0.04895628586041264	-0.10065138944692685	2.8405376439947214e-19	1.069435381516192e-17	draw824	kinetic_box
0.009204346401686258	5.206789580408417	-0.0006734708692609458	0.7073449292137526	0.7073449291720112	4.17413881237394e-11	5.901136263548273e-11	58.31405986617815	0.039272820588209835	-58.10853271900386	4.855601215368678e-15	5.679134351036888e-19	draw825	kinetic_box
0.13368587908434007	4.6824415647570855e-06	0.6943804676442074	0.5082724888356309	0.508267817698285	4.671137345924059e-06	9.190307124062127e-06	0.19224648503600084	0.13349220418225335	-0.1922867775663395	1.869599542432451e-17	2.8987517606744646e-16	draw826	kinetic_box
0.13513240129042267	0.11749918693787235	13.020152068372662	0.07114516072633707	0.07114516073291018	6.573103172868855e-12	9.239002491744014e-11	0.0351816239707219	0.458070094111104	-0.49083714178937526	1.6795127668818065e-18	8.76804052747768e-18	draw828	kinetic_box
1.2496329955131797	0.004414235463181219	1.8820093069661052	0.32780758468094534	0.32780758441136465	2.6958069110349925e-10	8.223747830227238e-10	0.27626487969408786	0.5199330747721448	-0.30628365088134674	2.012910442686137e-17	6.398724710088632e-17	draw829	kinetic_box
0.5888710700027419	0.10433168557312456	0.6720943903095061	0.5132661680019278	0.5132661680048914	2.963629341934393e-12	5.774059399734582e-12	0.16968853909332965	0.11404671522444218	-0.3287978882188496	-1.8899152005353115e-17	2.06679361491543e-16	draw830	kinetic_box
0.8386292817491843	0.0060019325531291395	3.300125233489514	0.2265072365711256	0.22650723631522807	2.558975253919016e-10	1.1297543052256896e-09	0.840555263459389	2.773937635084756	-1.0000711015069608	3.56033684489464e-17	5.742667872562893e-17	draw831	kinetic_box
0.8488787307340008	0.0008972135453383538	-0.006321354407111633	0.7093452388745038	0.7093452381478851	7.266187651566725e-10	1.024351368106578e-09	1.5730545357345143	0.009943835222092315	-1.5915162096844588	1.6185807670561673e-16	6.106976976474089e-17	draw833	kinetic_box
0.23496818542390882	0.023920487587443185	0.6725458010106544	0.5131641233919347	0.5131641234950481	1.0311340670199343e-10	2.0093650740763141e-10	0.3619487527318703	0.24342711383086305	0.07541791714831175	1.4062007751557826e-17	9.664408978315555e-17	draw834	kinetic_box
0.5813751753471853	8.619599434523516e-05	-0.9741771829096793	0.9996667570439642	0.9996667577084415	6.644772510000507e-10	6.646987567369418e-10	7.129677339732802	6.945568985875878	-7.1297781946767955	-2.767943855754567e-16	9.395047245612914e-18	draw835	kinetic_box
0.6346852753827794	0.003636386618458899	2.7586208744266068	0.25711077992471676	0.25711077790103226	2.0236844977539192e-09	7.870866068994124e-09	0.04152542185830008	0.11455289555767748	-0.04541122917610988	-2.380674150610292e-18	1.670779288236736e-16	draw837	kinetic_box
0.7522983819871255	0.0004224391846170668	0.002107296067825597	0.7063621328545865	0.7063621324347779	4.1980863230151044e-10	5.943249404586019e-10	2.160692088661438	0.004553217942218123	-2.167092319435306	5.1236594708802947e-17	2.0840391907209613e-17	draw838	kinetic_box
0.27147732556228893	0.005098330350861026	0.1542100873697211	0.6548125765131937	0.6548125860016535	9.488459795647941e-09	1.4490344258019472e-08	0.1052467674156251	0.016230113198544262	-0.10976489246319725	3.276551775025665e-17	1.1897092429619137e-15	draw839	kinetic_box
0.5305526596451235	0.038308087020601046	13.25083138414063	0.06999921749733504	0.06999921754674539	4.941035081085232e-11	7.058700445880863e-10	0.007219223985220733	0.09566071975250368	-0.0658357312131315	7.802333234032486e-19	6.283589962288672e-17	draw841	kinetic_box
0.13188789712101454	0.08208493384968502	18.147877841342183	0.05215403297941415	0.052154032974703814	4.710336287683248e-12	9.031585898578341e-11	0.022245642016561238	0.4037111938187823	-0.42555704002979045	6.141499723583414e-18	3.3641779204894925e-17	draw844	kinetic_box
0.6174305476768452	1.9082511054213205	-0.11600698382455778	0.7492279233523684	0.7492279233629552	1.0586753695918105e-11	1.4130217742551313e-11	0.07895195905028003	0.009158978636462983	-0.030056933377996954	7.453483007749098e-19	8.238785325626761e-17	draw846	kinetic_box
0.08023642175966707	0.03131520505484289	46.12741773549258	0.021214295181934163	0.02121429519282521	1.0891048479733101e-11	5.133825272411836e-10	0.013321576033649665	0.6144899025992845	-0.41358612273240764	-1.3994991097342761e-18	3.993501271933361e-18	draw848	kinetic_box
0.12209897427349645	0.04953727584657539	33.721805942345874	0.028788408371747405	0.02878840834312408	2.8623325931675936e-11	9.942656638227249e-10	0.00771051631642821	0.26001253493788357	-0.2183310186371713	0.0	2.399828928185919e-19	draw849	kinetic_box
0.7255042611719609	0.026697666664506063	7.2500513869758905	0.12033062891783251	0.12033062886546612	5.236638900285584e-11	4.351875286998068e-10	0.008000108670854555	0.05800119896508691	-0.06244785719306177	1.3936078710063797e-20	9.589877431480178e-18	draw852	kinetic_box
0.20733288813553644	0.010285524509462162	400.2622751516771	0.0024921278582768188	0.0024921278589335296	6.567107968535879e-13	2.635140867670481e-10	0.000181416944818841	0.07261435908425556	-0.0725075525859376	2.0876761089729678e-20	3.944333721665491e-18	draw855	kinetic_box
0.6640915800140422	0.006773665699594788	-0.0495777339666048	0.724846578411915	0.7248465778019737	6.099413196736236e-10	8.414764425365861e-10	0.09623159185924732	0.004770944260380656	-0.10360190102182286	-1.5429585063279177e-17	8.911321830190308e-16	draw856	kinetic_box
0.2996662480336016	0.018630967356707728	24.199333861735777	0.03965237893264358	0.03965237893356574	9.22158183147559e-13	2.3256062005574956e-11	0.007294650560202012	0.17652568431102642	-0.18370566587009973	-3.9688287672444035e-20	9.584964187698685e-19	draw860	kinetic_box
2.4572857203828447	0.2575709496369912	0.3038058760054217	0.608590789495533	0.6085907895035435	8.01048116727543e-12	1.3162343738080493e-11	0.08189143543896527	0.024879099280876275	0.0010565087093901276	-8.925133543682722e-19	1.1245520134068982e-16	draw861	kinetic_box
0.25311193607725335	0.10746419529301972	7.497940059614675	0.11686918360364079	0.1168691836329125	2.9271710055844835e-11	2.5046559876543356e-10	0.0381259127402564	0.285865808444542	-0.2573456249654978	-2.3997450589249915e-18	2.5459648175463158e-17	draw863	kinetic_box
0.987431212354707	0.29270310058085375	-0.11532430041256027	0.7489741435860994	0.7489741435852801	8.19233569870903e-13	1.0938075458109895e-12	1.7365561680514483	0.20026712520764972	-1.010171170824476	-9.281565741842989e-17	2.2176973095851266e-17	draw864	kinetic_box
0.9469824279836504	1.8387455412250304	-0.24709180934372327	0.7988834316108722	0.7988834316163901	5.5179194546894905e-12	6.907039545838397e-12	2.408222089585082	0.5950519534170999	-1.6833191816921862	-3.337405834153658e-17	1.091517911638436e-18	draw865	kinetic_box
0.4377883041002589	0.38786355101499315	0.28060118743269385	0.6154645185711833	0.6154645186451579	7.397460421998403e-11	1.2019312564569397e-10	0.3436731685726462	0.0964350991902409	-0.4638710329215961	1.5229123782403457e-18	3.5914259424533385e-18	draw867	kinetic_box
0.46987137361218406	0.012931422946768883	3.0516577310919413	0.2396219840986153	0.23962198426178408	1.6316878403976887e-10	6.809424625309378e-10	0.00983110083904196	0.030001154880606864	-0.0381252366845502	1.197980175614936e-19	6.812930252104487e-17	draw869	kinetic_box
1.2676227040859493	0.04619817464327864	0.011844794297586808	0.7029314868279393	0.7029314868518015	2.3862245512873415e-11	3.3946758623297057e-11	0.16177462541759366	0.001916187160640556	-0.19940018492170572	5.49307657024024e-18	1.0384144963893237e-16	draw873	kinetic_box
0.5213230130507697	0.06447608204220445	2.2196836785748855	0.2966123565705891	0.2966123565699707	6.183942247162122e-13	2.0848565847604304e-12	0.037976099658385165	0.08429492858765082	-0.12380083037554306	-1.350910056779202e-18	8.213972019984603e-17	draw874	kinetic_box
2.0094233777308745	0.019024669931751767	2.722608575247354	0.2594313976803021	0.25943139596262255	1.7176795541473666e-09	6.620939411646385e-09	0.04299793987503117	0.11706655982172998	-0.06578845931708509	-1.1291299244993868e-18	1.2280823003177758e-16	draw875	kinetic_box
0.5043934825601722	0.037216409851671496	3.545646931505531	0.21485310880000885	0.21485310883695005	3.6941200098894456e-11	1.71937005235185e-10	0.029770189520444156	0.10555458112350094	-0.13761021656091654	1.1089934506611977e-18	5.111584533852926e-17	draw877	kinetic_box
0.957656673805029	0.0013053349127592072	-2.933586506763697	0.45937545807556246	0.4593754592850547	1.2094922285932341e-09	2.632905620329866e-09	0.723509180925646	2.122476770683129	-0.7024874077162985	3.719817826894268e-17	3.174193233842151e-17	draw878	kinetic_box
0.018428084284503456	2.269067926529469e-05	1941.246039856539	0.0005148677584997809	0.0005148677597661363	1.2663554016176248e-12	2.459574089845575e-09	8.35592166917746e-05	0.16220899849642248	-0.16223328506397292	3.101680055515077e-18	1.1775888700094504e-16	draw879	kinetic_box
0.42417862758688646	0.13351047156543996	0.35378032026026124	0.5941527164011476	0.5941527163902581	1.0889511514733385e-11	1.832779892161734e-11	0.4912145272746647	0.1737820327757237	-0.7139144598246463	-4.5876413748341526e-18	4.574637849065156e-18	draw881	kinetic_box
0.6109175291074573	0.0070631179907018615	0.023453892870709987	0.6988637451480746	0.6988637477290307	2.5809561154943594e-09	3.6930748287934795e-09	0.44153613444760614	0.010355741195881557	-0.46874548144627093	5.607810419187404e-17	8.002624820649838e-17	draw882	kinetic_box
0.6687321280460009	0.003709389188361086	6.7066807460337445	0.12867878273211913	0.1286787865032254	3.771106260597179e-09	2.930635548465212e-08	0.04336632746713363	0.2908441134500194	-0.05510610147375201	-8.164760442930432e-19	9.071715673067498e-18	draw883	kinetic_box
0.3713944724301147	0.0042936391669665865	7.603124925503004	0.11545946398521864	0.11545946400912681	2.3908167112729473e-11	2.070697912718492e-10	0.018831611348604775	0.14317909363196224	-0.03555009026034746	3.1512754742539354e-18	1.1136436078930265e-16	draw886	kinetic_box
0.28966934792914517	0.9378811267118681	0.007162964284344884	0.7045788419842045	0.7045788419655009	1.8703594228952625e-11	2.654577900292446e-11	1.2333575294485002	0.008834495933267452	-0.6754572224444075	0.0	1.3598403866321618e-17	draw889	kinetic_box
0.005680280591777947	0.02054704381909195	2048.5716026696587	0.00048790677986541284	0.0004879067799685238	1.0311098763010618e-13	2.1133337732416455e-10	0.004792985709564108	9.818774416614517	-9.823289852098757	3.5279418590917745e-18	3.488490379634965e-20	draw890	kinetic_box
0.04962811026627037	5.349519180090735	-0.0827621855011626	0.7369444468213681	0.7369444467657738	5.559430693580225e-11	7.543893868769735e-11	1.8926040654880094	0.15663604874817313	-1.7195181677484785	0.0	1.008999671541034e-19	draw893	kinetic_box
0.7030818252034049	0.6173878937344875	-0.2206541710214096	0.7887524668180061	0.7887524668373389	1.93327576170077e-11	2.4510551066199852e-11	1.170704206172549	0.2583207661242812	-0.9512903466471463	-1.217817715036754e-17	5.92772661042685e-19	draw896	kinetic_box
0.00125286558574732	2.106438862634852	0.0019010112860431483	0.7064349919091861	0.7064349919251781	1.5991985513608142e-11	2.2637589723615968e-11	21.67569376931392	0.041205738488280914	-21.6978974628383	7.534560184550245e-17	1.3153169178833507e-19	draw897	kinetic_box
0.27441383691650123	0.013678341275488653	21.722394959430286	0.043966887742515254	0.04396688776067609	1.8160833947789e-11	4.1305707255522465e-10	0.0033105549354991437	0.07191318184380366	-0.0700012250812966	-8.038202602502559e-19	1.4459486118950417e-16	draw898	kinetic_box
0.7894593187077493	0.04065187941110423	7.62098181371418	0.11522348783273349	0.11522348786697852	3.424502348359226e-11	2.9720523234921465e-10	0.026506047265710993	0.20200210416543193	-0.13896203051840517	-3.223378178786855e-18	5.273065931138775e-17	draw903	kinetic_box
1.2267557090310055	0.28548005456543035	-0.13516984472066906	0.7563761618926218	0.7563761619175902	2.4968360712307458e-11	3.3010507164856747e-11	2.65506884603453	0.3588852436411734	-1.2085501952854565	2.7571407588170057e-16	2.0944090032857873e-17	draw905	kinetic_box
0.01621148250064751	0.22608720988972558	146.23078824299293	0.006791900976741024	0.006791900978782787	2.041762592330798e-12	3.0061724967855957e-10	0.036869480939666376	5.391453259917416	-5.428371526791889	5.260069828920924e-18	1.7795641994476385e-19	draw908	kinetic_box
0.3682375707485218	0.504303158031061	1.371385837226018	0.38855919198538585	0.38855919198323047	2.155386980007279e-12	5.547126472561487e-12	0.34230380340041205	0.4694305880119243	-0.8473977218064832	-2.7952808766663987e-17	3.448172104370552e-17	draw912	kinetic_box
0.1100971408185957	0.2057842621724852	225.79301968991078	0.004409263920876021	0.004409263920538019	3.38002195676701e-13	7.66572837934042e-11	0.034398717811420496	7.766990368101753	-7.711221065156272	2.6735052457861212e-17	4.431549929124072e-19	draw915	kinetic_box
1.6025046403594545	11.11967151020477	-0.2895900943342036	0.8152252138548867	0.8152252138712012	1.631450530226175e-11	2.0012267806082977e-11	0.32265541614775883	0.0934378123996712	-0.196472115140438	0.0	1.2597973878090293e-17	draw919	kinetic_box
0.6375206465065077	1.0222586958141546	-0.27248336009509483	0.8086422526735759	0.8086422526665978	6.978084776676496e-12	8.629384321268644e-12	1.567830616649192	0.4272077544845364	-0.4329538937604407	-8.003413821618364e-17	3.440520104085927e-17	draw920	kinetic_box
0.011206690008478744	1.350006244433645	0.0016594766055856446	0.7065203112642915	0.7065203112168197	4.7471804265342143e-11	6.71909972178759e-11	9.845799380719583	0.01633887373559378	-9.768020141465048	-1.3685846782473676e-16	1.6880251712857292e-18	draw923	kinetic_box
0.28083346358713096	0.8862682278376315	-0.15594808716327613	0.7641777592457646	0.7641777592326802	1.308442243441732e-11	1.7122223561642962e-11	7.983871958340487	1.2450695600597184	-3.3430698931938774	0.0	4.785409144055012e-18	draw925	kinetic_box
0.0007839966452468927	4.119519470697192	0.002200362522790789	0.7063292639451425	0.7063292639658142	2.067168658470564e-11	2.926636009478171e-11	7.100135363735291	0.015622871761104681	-7.113351539245314	3.0859680373890512e-18	4.1240505649705416e-21	draw927	kinetic_box
0.9786049099743152	0.00012550066153771953	-0.030019406125166806	0.7177986453050816	0.7177986414331793	3.8719023542910236e-09	5.394134414297946e-09	2.668223532911921	0.08009848586721033	-2.6701096766119057	1.8141135828172454e-17	1.2813261395043042e-16	draw930	kinetic_box
0.8737515886172136	0.02049637865649721	5.162678201582086	0.160172099631327	0.16017209911395644	5.173705630578951e-10	3.230091669647192e-09	0.10638682832362997	0.5492409595218601	-0.1792279834263897	-5.100920668589275e-18	3.355193906094784e-17	draw931	kinetic_box
0.8803266839645354	0.34175683677832414	-0.2857748874337792	0.8137567952379038	0.8137567952425652	4.661382391191182e-12	5.728225458076469e-12	1.7505667519312618	0.5002680164784729	-0.8297180067920946	9.474288864947109e-17	2.246991989137983e-17	draw932	kinetic_box
0.0016759305675929552	1.08077151439204	0.0038002463685670824	0.7057644700982713	0.7057644701016479	3.376632307094951e-12	4.784361426707455e-12	12.106910971763014	0.04600924445500736	-12.13189666917027	-8.432769709976351e-17	2.0409770101374357e-19	draw933	kinetic_box
0.05700910740981766	4.727672727757468	-0.0041483563993744	0.7085749645372008	0.7085749645434273	6.2264637890052654e-12	8.78730423818644e-12	4.643655419566686	0.01926353767624907	-4.556858044778576	-1.2887389212981733e-16	4.7727969524357755e-18	draw934	kinetic_box
0.4705377445316016	0.044860810012459895	69.62071800643513	0.014158731153807206	0.014158731153808567	1.3617579286417936e-15	9.617796353704289e-14	0.00662132762102662	0.4609815831317143	-0.4662373773199373	7.118198518963156e-18	3.2248323173926133e-17	draw935	kinetic_box
0.12850213371770872	0.09510099364191679	2.412803282867944	0.2811916085146724	0.2811916085447886	3.011618732173815e-11	1.0710201302803531e-10	0.05767794303681393	0.13916553030829493	-0.1628688721108987	7.008360054403892e-18	1.6956335309171998e-16	draw937	kinetic_box
0.4098568032067696	1.7426644373416766	-0.1444174686725381	0.7598421213137457	0.7598421212598592	5.3886561879323835e-11	7.091810307906728e-11	0.43580790019595456	0.06293827377379388	-0.3303607145524132	-6.021400809760508e-18	1.8715693022472612e-17	draw939	kinetic_box
1.5064768442182213	0.20248055643258725	1.3317941544191392	0.394138936361374	0.3941389365925427	2.31168695297157e-10	5.865157532916803e-10	0.03399281780695457	0.04527143604753691	-0.07328648551338657	-3.4676784230975836e-18	5.490858932464169e-16	draw941	kinetic_box
0.002216575735937927	2.3694461301294587	0.0037550915920544496	0.705780404491582	0.7057804044867131	4.868883074493624e-12	6.898580696689327e-12	13.468697831729814	0.050576193983850624	-13.496211613321528	4.6904335412278545e-17	2.0455569707242225e-19	draw942	kinetic_box
0.4976841891062774	0.017206187673439604	8.79164059380294	0.10159945919416513	0.10159945895967108	2.344940491783021e-10	2.308024585754755e-09	0.041759791904741675	0.36713708169849024	-0.07609209858282037	0.0	3.82008686605696e-17	draw943	kinetic_box
0.31776657747224524	0.004465879969689085	-0.12198351782305607	0.7514522609413351	0.7514522583359077	2.6054274293585422e-09	3.467189565879096e-09	1.4692703199426005	0.17922676225960546	-1.5243465854702256	4.285433769521083e-17	3.070536793336208e-17	draw946	kinetic_box
0.8355948144063879	0.03834951262220269	-0.4115031912747205	0.8618357010693855	0.8618357026304264	1.5610409631605648e-09	1.8112976271417855e-09	0.314604525593217	0.12946076627107825	-0.3383498125308052	-5.121028187758554e-18	2.3540554910128084e-18	draw949	kinetic_box
0.3521299313236537	0.00020243561823218365	-1.1210647570818957	0.9927512502337512	0.9927512476382373	2.595513914904757e-09	2.614465528076146e-09	0.09527788422316184	0.10681267813191593	-0.09524402044140273	3.3204351642861568e-18	3.687443272396432e-16	draw950	kinetic_box
1.0971650807099094	0.25881072141131417	-0.035613794708043524	0.7198081512254487	0.7198081512263923	9.435785486289205e-13	1.3108750533336883e-12	0.9422017135125348	0.03355537839860226	-0.7105260616747753	-1.0265350552009487e-16	6.745350880088174e-17	draw951	kinetic_box
0.2167000449572002	4.939127963760086	-0.004183272959110637	0.7085873350331169	0.7085873350436608	1.0543899087167574e-11	1.4880168704282435e-11	0.44787157635737607	0.0018735690545300663	-0.4221633659347228	0.0	3.225441402977302e-18	draw952	kinetic_box
0.004379113241746267	0.4185283371078787	0.0118976241322633	0.7029129205214127	0.7029129205127874	8.625322678312841e-12	1.2270826764744224e-11	1.3264943901534587	0.015782131667601677	-1.3299446549554297	4.6567578128601485e-18	9.125039600630962e-19	draw953	kinetic_box
0.007686944032906622	5.657956266547739	-0.001639487768445765	0.7076866650753308	0.7076866650314629	4.386790930510642e-11	6.198775739706231e-11	39.448707987410145	0.06467567422634769	-39.31416035014349	0.0	3.995049664102631e-20	draw954	kinetic_box
0.33924793881070703	0.17821683817265133	40.44723070273837	0.024120044992897497	0.024120044993220843	3.2334551702817294e-13	1.3405676362504802e-11	0.02761954422743887	1.1171340772717058	-1.119229504937418	7.721210876662703e-18	5.6644826302434225e-18	draw957	kinetic_box
0.0010767509050781897	5.353457816099683	0.00014710068199037636	0.7070547751710033	0.7070547751544128	1.6590506746183564e-11	2.346424538687315e-11	75.75207177720357	0.011143181420610585	-75.7382226954849	-2.6285644088298724e-16	1.4942355331240357e-20	draw958	kinetic_box
0.9076238062269026	0.036505851388790526	0.04672716259452732	0.6907834008964843	0.6907834008645017	3.198252773728427e-11	4.629892336332745e-11	2.766160050296183	0.12925481043267562	-3.1590016544147805	1.8760166023508396e-16	8.561302182613381e-17	draw959	kinetic_box
0.34025021950511325	0.3716570067307751	-0.038092192795416875	0.7207000601985918	0.7207000602117051	1.3113288233057574e-11	1.8195209015530755e-11	7.850691099214487	0.29905003892854143	-2.244017237869638	5.913314871738261e-15	1.896671728613417e-17	draw961	kinetic_box
0.06669813801341438	0.08939842229002107	96.70313288473565	0.010234550275351197	0.010234550275869518	5.183214968340621e-13	5.0644286545363226e-11	0.018893764861920376	1.8270862541352357	-1.8452373730677216	-2.599718164093648e-18	7.516468352366536e-19	draw964	kinetic_box
0.18090771803797406	0.00027179661498397394	-0.6274875724401057	0.9370933445938076	0.9370933321642216	1.2429585916073904e-08	1.326397861285355e-08	0.6626190717334236	0.4157852327745222	-0.6643870409791102	-3.995958604255203e-16	7.564416434569134e-16	draw966	kinetic_box
0.44240283966724236	0.16036509804433446	22.90838679115904	0.041789788398481714	0.0417897884099543	1.147258676947871e-11	2.7453086521840216e-10	0.0036861993302720556	0.08444488004718366	-0.08746520704289498	-3.86003498554892e-19	4.869257925182275e-17	draw969	kinetic_box
0.00022054098021000905	1.3929981612337883	0.0068568064292239776	0.7046867037873048	0.7046867037624361	2.486866268469612e-11	3.529038160067206e-11	6.185820709349054	0.0424149752098914	-6.225688101929183	2.7010664356486998e-18	3.51539347783533e-21	draw970	kinetic_box
0.7639102278581894	0.2830665423892582	-0.008583028063911586	0.7101478229485547	0.7101478229498532	1.298516849601583e-12	1.8285162717358316e-12	0.5423740504988718	0.004655211696569217	-0.31080340617385865	-2.815673389425031e-17	9.074615826916976e-17	draw971	kinetic_box
0.007822187381977408	0.001607045380130362	10.280937607271502	0.08829886851707244	0.08829886852247446	5.402012170918624e-12	6.117872472560241e-11	0.022275601548078415	0.2290140696802347	-0.25131664962161754	-1.5095355513534805e-18	2.3721044447451312e-17	draw972	kinetic_box
0.4428991517530233	18.332800883082935	-0.3031911196744065	0.8204600564128505	0.8204600564118858	9.646727860967985e-13	1.1757705674491913e-12	1.4977865568095146	0.45411558319235085	-1.010660417710677	-5.195247799402683e-18	1.9873131511922795e-18	draw977	kinetic_box
0.3436513215983234	0.00449846790808201	-0.6225449807945308	0.9355718836569579	0.9355718844954227	8.3846485310346e-10	8.962056972839292e-10	0.9195341582671496	0.5724513748983375	-0.9333624695622196	1.7233323628780565e-17	1.5811007916014082e-16	draw979	kinetic_box
0.024584203825572887	0.40579103103963643	8.62369629469238	0.10335370479143784	0.1033537048128208	2.1382964843219554e-11	2.0689113062705658e-10	0.026036494858135733	0.22453082423488235	-0.2508897162332732	-1.3582093850485566e-20	1.3246969455428997e-19	draw982	kinetic_box
0.9835630733546022	8.572109345743479e-05	-2.7244142283342736	0.5016579329497093	0.5016579329879471	3.823785732492979e-11	7.622296949871715e-11	6.090002841573932	16.591690392180176	-6.076683041900957	0.0	1.6772447907342422e-17	draw984	kinetic_box
0.3955486639243537	0.1802198395638918	0.7619502476027494	0.4935958814216855	0.4935958813856246	3.6060876507093553e-11	7.305749068623364e-11	0.4248193231818042	0.32369118848480805	-0.735229136246977	2.3361422026011328e-17	3.122342785178098e-17	draw985	kinetic_box
0.5997081276165329	0.4584359330692754	0.6657233041994927	0.5147099562222383	0.5147099561615757	6.066258606551855e-11	1.1785780581729334e-10	0.048460259977425396	0.032261124394538064	-0.05675914489964041	0.0	3.6381457860970537e-17	draw986	kinetic_box
3.0755236509680866	0.19331875787132932	0.08603568315970019	0.67736726238404	0.6773672623838384	2.0161650127192843e-13	2.9764724761333385e-13	0.09736550961047959	0.008376908135529966	-0.03308907640871119	-1.823744354867417e-18	9.200989901339184e-17	draw987	kinetic_box
0.2616054862141836	0.008956657061110885	4.538965024676214	0.17766688896800234	0.17766688915956455	1.9156221053862055e-10	1.078209966104469e-09	0.06773773016409372	0.3074591880657765	-0.3808300288721398	1.161518439139738e-16	8.040505439230288e-16	draw989	kinetic_box
0.19670116330372991	0.024642968279410003	7.18122632289306	0.12132807768112425	0.12132807745054762	2.305766272359122e-10	1.9004391405599703e-09	0.06804910257395942	0.48867600665336736	-0.3764611094396949	2.0037068637697853e-17	5.442053979091807e-17	draw992	kinetic_box
0.30589398662703726	0.0002872352438835564	2.565662035312189	0.270034330455122	0.2700342094011937	1.2105392827033157e-07	4.4829108333633387e-07	0.1289190286886646	0.3307626575358297	-0.12996360169910748	-1.4268969342157147e-17	9.409758610152242e-17	draw994	kinetic_box
0.11724113131898153	0.2099889518805759	0.48215621355762994	0.5592978462407066	0.5592978462699784	2.927180720035949e-11	5.2336706453594514e-11	0.5151333945009666	0.2483747669696749	-0.37007535789765017	0.0	4.2152923541166414e-17	draw995	kinetic_box
0.033449146816109	0.010264218637031829	214.25493896537597	0.004645604016081593	0.004645604016938663	8.570704909671711e-13	1.844906470379624e-10	0.0027425573615054467	0.5876064600983919	-0.5903493968927185	-5.891155902392562e-20	1.6909299020179022e-19	draw996	kinetic_box
0.11487169201239202	0.0032614159037640607	788.8681014997743	0.0012660331470120652	0.0012660331474089784	3.9691318808043885e-13	3.1350931758204613e-10	0.000776481323723642	0.6125413476959011	-0.6130985518828267	3.6498614054928616e-18	9.703301368719048e-18	draw998	kinetic_box
0.2919690332154339	1.6948277400468352	-0.0023183575900791267	0.7079269188601545	0.7079269188884535	2.8299029786182928e-11	3.997450729888398e-11	2.4338469335815045	0.0056425275115594906	-2.390347285483135	1.688619366219691e-17	4.049534064519605e-19	draw1001	kinetic_box
0.5827027949113257	0.018390689067646498	1.1258773148911783	0.4256531593135303	0.4256531591843297	1.2920059466736689e-10	3.0353491306149656e-10	0.13656372368233302	0.1537539985310059	-0.19196473721553606	-1.1301877216488695e-17	1.1845312936345653e-16	draw1004	kinetic_box
0.8348263047923367	0.2699584215098389	0.10088295817677231	0.6723772430353148	0.6723772430337636	1.5512036100062687e-12	2.30704359208715e-12	0.8422709875845711	0.08497078881400301	-1.248662992713066	-8.149248554434225e-17	2.4847146155647236e-17	draw1005	kinetic_box
0.010751956671492577	0.0049799469202352255	3093.1064670964047	0.0003231950672823937	0.0003231950672695825	1.2811203920631842e-14	3.963923097237681e-11	0.00026770002666533775	0.8280246837204362	-0.8282034407023717	2.806048817325492e-20	3.922476287681286e-20	draw1006	kinetic_box
3.357762952254062	0.08860625366864992	-0.2987625437038328	0.8187556502857467	0.8187556503753036	8.955691743750549e-11	1.0938173971251878e-10	0.028194320227402064	0.008423406829139068	-0.0339661164195533	-2.5329989788268313e-19	2.847741168436454e-16	draw1007	kinetic_box
0.21824041432674038	0.14863489911604674	38.08508127391664	0.025576839722980995	0.02557683971842123	4.559765759415413e-12	1.7827713703547703e-10	0.04876005046500343	1.8570304848799328	-1.8365830896117277	2.2128424336677866e-17	5.924261255226839e-18	draw1009	kinetic_box
0.5435842330129574	0.0070022254442039045	34.901934720119975	0.027842853651979173	0.0278428536064539	4.552527105294857e-11	1.6350792090648327e-09	0.01154892938254696	0.4030799793969296	-0.40994017519658454	4.598933112762892e-17	2.683668446063418e-16	draw1013	kinetic_box
0.5091998074471525	0.10829168240569495	14.985160039499013	0.062435969943675326	0.062435969931314304	1.236102192825328e-11	1.9797917677665002e-10	0.006679985673235197	0.10010065437498997	-0.10698632972069547	3.9265939735537847e-19	3.3113138831001137e-17	draw1016	kinetic_box
1.0916339905473047	0.11692880719705948	0.029327398517153592	0.6968150651393016	0.6968150651491669	9.865330774516679e-12	1.4157746104993885e-11	0.3740015786119524	0.010968493341997275	-0.5348159495297639	2.479434474375509e-17	1.3603075122993742e-16	draw1017	kinetic_box
0.22251743640638122	0.04135414312158881	1.1644653805476128	0.41940942675146814	0.41940942771699824	9.65530100316414e-10	2.3021182560729596e-09	0.038086899417017976	0.0443508758235165	-0.07710538315928461	-1.8850437271822636e-18	2.1794411830864457e-16	draw1020	kinetic_box
1.4053038448234487	0.2833906350366845	-0.27046728359730804	0.8078667282942382	0.8078667282903327	3.905542556026376e-12	4.834389657674817e-12	4.430888773814082	1.1984104505753017	-2.5113222104002757	2.4302774473222106e-16	3.14669404780928e-17	draw1022	kinetic_box
1.5578248777997024	0.00025302414003591583	0.00040692824891362504	0.7069629236609338	0.7069629249636714	1.3027375844743005e-09	1.8427240502622455e-09	1.9373619431934128	0.0007883673030555933	-1.9393625882879706	-2.844556324918841e-17	1.7664072453335963e-16	draw1025	kinetic_box
0.10112884033102347	0.36091556656454243	0.29079293673845985	0.6124321806777381	0.6124321807337373	5.5999205272883046e-11	9.143739835126237e-11	0.7454484595531528	0.21677114674062237	-0.9395344999187851	-3.003193496829797e-17	2.485183446396656e-17	draw1026	kinetic_box
0.008715211922008097	0.3699128985301517	27.03383335047521	0.03564851004218007	0.03564851004754343	5.363355592979957e-12	1.504510451019411e-10	0.224194624845393	6.060840126142662	-6.287037868966091	-1.0902199515734445e-17	2.8703855936677775e-19	draw1030	kinetic_box
0.8053669101835632	0.2854152913445297	0.22297301374864636	0.6330048397628293	0.6330048397378026	2.502664742110028e-11	3.95362655228143e-11	0.8206940916646315	0.1829926349841707	-1.2683155244069153	-4.95089584748622e-17	6.509533259905738e-17	draw1031	kinetic_box
1.9836191521423747	0.07415080510806214	-0.28787404284317575	0.814564720581947	0.8145647207368714	1.5492440663678053e-10	1.9019287564606634e-10	1.0302912283163288	0.29659410120128304	-1.235005908132649	8.934113744022185e-17	8.307591768457501e-17	draw1032	kinetic_box
0.013002138196434691	0.00472462759055536	415.505263939141	0.002400923120489105	0.002400923119968179	5.209257504523723e-13	2.1696894253710067e-10	0.0022291521270430357	0.9262244429075142	-0.9283686431935506	7.580705474313065e-19	8.743506670034803e-19	draw1033	kinetic_box
0.5220123513034334	0.014393510911678979	1.1254071744671925	0.4257302491482105	0.4257302501209041	9.72693592338203e-10	2.2847650409196094e-09	0.21844043538364266	0.24583443317448864	-0.2650007319297673	7.946490036552206e-18	1.419323648110377e-16	draw1035	kinetic_box
0.22817892359321879	0.018527927608401606	12.353876907929827	0.0746755336222015	0.07467553364896942	2.6767921212922374e-11	3.5845637660591114e-10	0.00917378076683177	0.11333175837377378	-0.07270590728219943	-1.1262951581817078e-18	7.738211736979585e-17	draw1036	kinetic_box
1.1185865110948687	0.2854368767922902	-0.15280865016410644	0.7629957998930991	0.7629957998906832	2.4158453015843406e-12	3.1662629098750824e-12	2.1244670713443004	0.324636945490215	-0.907695543818359	-2.1983376597613868e-16	1.2958533041918477e-18	draw1038	kinetic_box
0.5518425977282553	0.0009988745453805557	1.735257914959248	0.3433682077322872	0.34336829219304343	8.44607562222599e-08	2.459771567223674e-07	0.04828979019395541	0.08379524064578261	-0.04913182694324417	4.527612474489013e-18	1.9122122806695762e-16	draw1039	kinetic_box
0.04777771105665169	0.9418402022879468	-0.0025814513515406467	0.708020050320353	0.7080200503114126	8.94040397270146e-12	1.2627331625381443e-11	0.50036109343387	0.0012916578209032196	-0.3178114605801173	0.0	5.26802047146468e-18	draw1042	kinetic_box
0.2981385621301678	0.002989094845161667	0.01465929590914438	0.7019430678043647	0.7019430675603868	2.439778379326185e-10	3.4757496613018345e-10	2.1867360821844493	0.03205601130394491	-2.2381642362975267	4.621143834044325e-17	3.4117065106124914e-17	draw1044	kinetic_box
0.32924290496648473	5.615712977656696e-05	-0.039376131734699185	0.7211625192334195	0.7211625151387712	4.094648287100711e-09	5.677844038126121e-09	21.53951705705262	0.8481428611403039	-21.550792870821212	2.3776753314983317e-15	1.384781162269002e-16	draw1045	kinetic_box
1.702212143829569	1.0316004141796082	-0.3037627250874417	0.8206800341837609	0.8206800341868309	3.069988707693483e-12	3.740786396412549e-12	2.0223109291304224	0.6143026788067733	-0.5258198812499482	2.0739145591431258e-16	3.7581539267153894e-17	draw1048	kinetic_box
0.09075010177070097	0.2204598085182662	7.225114184096244	0.12069014554576955	0.12069014554476086	1.008693129023186e-12	8.357709110965382e-12	0.21732563420592443	1.5702025222689364	-1.7958224059263455	-3.0973791830567805e-18	9.682837777140617e-19	draw1049	kinetic_box
0.019448763009812686	1.6364270935227552	-0.0047058774368156035	0.7087725128435975	0.7087725128540394	1.0441869591204522e-11	1.4732328641185414e-11	21.635725665610025	0.1018150732389265	-21.15707673870047	-1.200844946635804e-15	1.4481278658590046e-19	draw1051	kinetic_box
0.38151863693749893	0.7485111424185487	-0.07778762218303265	0.7351201215544756	0.7351201215623873	7.91167131808379e-12	1.0762419754296377e-11	0.17669070349615273	0.013744349686812974	-0.0673727603634353	-2.196271621009399e-18	5.165497190542718e-17	draw1054	kinetic_box
0.08148272792035453	0.3986372330208627	0.12782254079739955	0.663433497750152	0.663433497785743	3.5590974611920956e-11	5.3646634863491805e-11	0.11590293642040446	0.014815007819135554	-0.11695615684802982	2.253409285060542e-19	7.416905419846322e-18	draw1056	kinetic_box
0.2350786570313357	0.06914376597746884	33.82114097005523	0.0287063508019405	0.02870635079572396	6.216537701275726e-12	2.165561810873477e-10	0.025174352341131172	0.8514253193592376	-0.782977868927252	1.4712170580933432e-17	1.7087921096208583e-17	draw1057	kinetic_box
0.41885760493863333	0.028202213723757003	0.22289496443809995	0.6330290509455261	0.6330290510369638	9.143774626352297e-11	1.444447867183014e-10	3.0853497340236262	0.6877089192442972	-3.975125244739871	0.0	3.016883177874273e-17	draw1058	kinetic_box
0.5665135250310662	0.22290994546243947	1.8106411970123373	0.33520633704564057	0.3352063370022162	4.342437520676867e-11	1.2954520966136024e-10	0.16208419605808816	0.2934763227673991	-0.47357924694038184	5.4059138817253195e-18	9.174278709566706e-18	draw1060	kinetic_box
0.4741204402771783	0.014664450185909	0.438356420218255	0.5708352863348426	0.5708352863821039	4.7261305979873214e-11	8.279324545511294e-11	1.5177038446108395	0.6652952242750902	-1.6225148181051556	-7.102474379278899e-17	5.696352572296399e-17	draw1061	kinetic_box
0.1581082351567439	6.961521803876644	0.020466274878712623	0.6999082498189899	0.6999082498266572	7.667311230363794e-12	1.0954737613483935e-11	0.543678153244531	0.011127066529853414	-0.5357148692270923	1.923721026143008e-18	2.7774165192824017e-18	draw1062	kinetic_box
5.73811471131712e-05	4.690316965059046	0.0003246847286366014	0.7069919971250912	0.706991997119291	5.800249169851668e-12	8.204122809714054e-12	277.20364458380624	0.09000379011877005	-277.2889355027496	0.0	2.168346398798574e-21	draw1063	kinetic_box
0.48911180680134075	1.3940817598717037	-0.004420870552228073	0.7086715186216679	0.70867151858408	3.7587932766314225e-11	5.303999353807052e-11	0.3243044481326777	0.0014337079847063312	-0.217214153936277	-8.628973175864421e-18	4.459590368164067e-17	draw1064	kinetic_box
0.15021731192402002	1.5383109032292566	0.02247291641738463	0.6992065278853532	0.699206527866165	1.9188206579201506e-11	2.7442831001249344e-11	0.7798267245595969	0.017524980801070646	-0.7649208233335568	-1.6584437545197898e-17	1.755525435933193e-17	draw1065	kinetic_box
0.6200983444338126	0.00046683741733599297	0.01040161643230326	0.7034388685088554	0.7034388663855999	2.12325546034009e-09	3.0183937251715596e-09	10.372003106653771	0.10788559795007031	-10.39678109336165	3.084631293063038e-16	3.669547545476732e-17	draw1068	kinetic_box
0.3817337269645696	0.01616359722592719	1.0034069792242208	0.44660486275032296	0.44660486256640586	1.8391710376874926e-10	4.118116912383652e-10	0.13409088184407142	0.1345477266926716	-0.16538211392012478	1.6117957139459528e-17	1.701936777603466e-16	draw1069	kinetic_box
0.7138872897103572	0.20478757157705316	0.42126896628152555	0.5754348161221591	0.5754348160879924	3.416666949362934e-11	5.937539498549347e-11	0.03394605927245842	0.014300421299039951	-0.035927090032204734	7.988563011882484e-20	5.67068258616264e-17	draw1070	kinetic_box
0.18404234563059158	0.04384290050813392	4.806175659720655	0.16973140627625685	0.16973140631379807	3.754122013255312e-11	2.211801631051546e-10	0.13040436787174856	0.6267462987864562	-0.56653483536565	-6.431074150306369e-18	3.1957265858340947e-18	draw1071	kinetic_box
0.4872318005444927	0.17170111078157682	0.1149712749770294	0.6676821757954664	0.6676821757731038	2.2362556251209753e-11	3.349281598736154e-11	0.9194223806370938	0.1057071633442623	-1.0972967226998367	2.1267452207490015e-16	1.1720046611797705e-16	draw1072	kinetic_box
0.24068917361316225	0.14977635242891418	0.12969574472890236	0.6628169414031911	0.6628169414156242	1.243305458586974e-11	1.875790102666296e-11	1.3695317898936614	0.17762244542016506	-2.0331806644640884	-1.4684130630034096e-16	2.184330551161226e-17	draw1073	kinetic_box
0.16667567238250164	0.19952919856198353	1.8486110536194968	0.331231439413313	0.331231439384967	2.8345992220124572e-11	8.557760179033011e-11	0.1779496981146113	0.328959778922923	-0.5318785849420524	-3.1048822470502404e-17	9.651935508214722e-17	draw1074	kinetic_box
0.5306091305619697	0.00823000067004769	5.378850564177824	0.15487646838166425	0.15487646776851952	6.131447294333014e-10	3.958927642575862e-09	0.017547661545195548	0.0943862492023766	-0.028630036197410946	5.425503993601137e-19	1.411880331817043e-17	draw1075	kinetic_box
0.06503043891447681	2.463743244186587	-0.0760057023571323	0.7344675399965455	0.7344675399779864	1.855904319114643e-11	2.5268704443633663e-11	8.516426315752236	0.6472969637015135	-7.574598671961346	0.0	4.870780810441887e-18	draw1077	kinetic_box
0.30003291989121833	0.00013904061013062796	-0.790473126590465	0.9787465203544687	0.9787465336515957	1.3297126955080785e-08	1.3585873868151202e-08	1.2123771655406854	0.9583515686518314	-1.2126839917883654	-2.7881518871917424e-17	2.7652480144450546e-17	draw1080	kinetic_box
0.3660092072986214	1.4863132752162767	-0.023135252452709417	0.7153330689870935	0.7153330689647923	2.2301160917947982e-11	3.1175912152672494e-11	1.473092446288348	0.03408036563106022	-1.1922019951742546	-8.077654353720201e-17	2.1431062981764976e-17	draw1081	kinetic_box
0.482753961119578	0.0042880031608020465	8.309409631106606	0.10680375261817161	0.10680377783280089	2.5214629273406786e-08	2.360836834150171e-07	0.007421365168498666	0.06166716320708197	-0.017748159747820597	8.154612602895953e-18	1.7142213958454538e-15	draw1082	kinetic_box
0.30181209346989696	0.003576811353301516	17.998797585443807	0.05256215035315719	0.052562150327994474	2.51627191305559e-11	4.787231681644938e-10	0.05316777468657484	0.9569560146521435	-1.0112394402824425	8.220562708652375e-16	8.040457181467587e-16	draw1083	kinetic_box
0.619940906377694	0.01039638063316853	213.0015685751155	0.004672811938925824	0.004672811928496414	1.0429409939838319e-11	2.2319344539069055e-09	0.01825806881270859	3.8889972962593267	-0.23720893722570885	4.558427905362855e-18	5.225530051975448e-19	draw1085	kinetic_box
2.3009151206810468	0.10236205399259306	-5.84518850547506e-05	0.7071274473506157	0.707127447350676	6.0285110237146e-14	8.525352885538557e-14	0.8124610558075679	4.7489880245525306e-05	-1.037851855661878	0.0	1.5635376475759767e-16	draw1086	kinetic_box
0.09983163344119653	0.06345542861476569	6.989774513799178	0.12419103014474242	0.12419103011695617	2.7786245526684183e-11	2.2373794226939456e-10	0.05069320850915217	0.3543340968599794	-0.401240171665588	3.1560102606871856e-18	2.0694722997545392e-17	draw1087	kinetic_box
0.04602745958113042	0.44122156137671453	12.389954109602138	0.0744754492189102	0.07447544922711304	8.202841184079546e-12	1.1014154690178457e-10	0.167745540036203	2.078359543138983	-2.251321067942762	-1.3624000251816814e-17	3.717311637090798e-18	draw1088	kinetic_box
0.3748898329979082	3.166836748938723e-05	0.04789448380046033	0.690380731274966	0.6903807655969313	3.432196526986786e-08	4.9714544466185546e-08	1.458506265397828	0.06985440470096617	-1.4588937246913736	7.193252929411296e-17	2.733804202683744e-17	draw1089	kinetic_box
0.5668877553886379	0.03622187161106211	3.5393604714613116	0.21513689263677716	0.21513689169122474	9.455524141444016e-10	4.395119808189411e-09	0.004467477106610407	0.01581201187829523	-0.020143661756781346	-1.653106606741598e-19	3.805682532786109e-16	draw1091	kinetic_box
0.5991890963448699	0.0009655972342299607	72.76224316956431	0.013555825650191094	0.013555825753212465	1.0302137094797548e-10	7.599785717484709e-09	0.0022047542537690246	0.16042286514187376	-0.16228955925080013	-1.9013375309571535e-17	7.188212392968255e-16	draw1092	kinetic_box
0.9967620917257606	0.0005414269416713638	-0.9721264314985222	0.999611758304382	0.9996117583040159	3.660405312189141e-13	3.661826986108628e-13	22.354995103024933	21.731881615670563	-22.35687550566794	6.356884433867596e-17	7.9178848862336005e-19	draw1093	kinetic_box
0.9740802115050005	0.43958511910879006	-0.0417442404080363	0.7220161839277028	0.7220161839298042	2.1013191187080338e-12	2.910349055156814e-12	0.6959268978738326	0.029050939731264196	0.29301652111475746	-3.689428769961572e-17	7.201616478944438e-17	draw1095	kinetic_box
0.13248991554784073	0.01630304021444018	400.30786159909445	0.0024918447678811692	0.0024918447681670404	2.8587115313838396e-13	1.1472269733265369e-10	0.00035007768780376453	0.14013885059828038	-0.13952022066348668	-2.2696753837814186e-20	1.119770832822847e-18	draw1099	kinetic_box
0.5351067008120329	4.302940601825435	-0.09777429113002904	0.7424718873825058	0.7424718873802525	2.2533086507792177e-12	3.0348740323755845e-12	1.9221428358741692	0.18793615322826066	-1.52965796752683	0.0	1.0792640524309906e-17	draw1100	kinetic_box
0.10286592431276369	0.005410746981429982	62.728167009882334	0.015689717057788842	0.015689717054918544	2.8702977494798887e-12	1.8294133281263243e-10	0.008146145256621379	0.5109927601441067	-0.5171106131665535	5.3173632445169666e-18	1.9605752338568783e-17	draw1102	kinetic_box
0.9226060860644919	0.00800316553441701	72.07118623667519	0.013684003513066133	0.013684003519552184	6.486051279397387e-12	4.739878406293808e-10	0.030798139561559443	2.219658452084265	-0.2647463969907265	-3.2490033408215103e-18	2.718860141996719e-18	draw1103	kinetic_box
0.516817753205742	0.023502629800345134	-0.4379855365729271	0.8717563408460371	0.8717563407842897	6.174749600518226e-11	7.08311406712914e-11	0.10946051424208354	0.047942122063867484	-0.12050283682190514	-5.131506668544237e-19	5.56666677756154e-17	draw1104	kinetic_box
0.3510029664587742	0.39988257669320054	0.8860937512361684	0.4684290556288918	0.46842905565997456	3.1082747486976814e-11	6.635529353144844e-11	0.10976312583341946	0.09726041991714222	-0.1673339336334758	6.886917272388616e-19	3.196166306476628e-17	draw1106	kinetic_box
0.49187427302740305	0.11175540770731529	0.6034791490500127	0.5291712424657685	0.5291712424686961	2.9275470936340753e-12	5.532324621376716e-12	0.13629619048298833	0.08225190905143222	-0.2575427778336151	0.0	2.7247851404438154e-17	draw1109	kinetic_box
0.08976846903593623	0.009659691397263604	922.8873111428863	0.001082382452953491	0.0010823824531012347	1.477437963637307e-13	1.3649869871819908e-10	0.0016268808237094546	1.501427668943143	-1.499283211786286	2.8444488161008147e-18	1.2633482211855443e-18	draw1110	kinetic_box
0.23525768534453978	0.00013355542020494448	1313.388165367012	0.0007608100877026882	0.0007608100384141653	4.9288522915857946e-11	6.47842699586287e-08	4.1830482048309185e-05	0.05493966007384788	-0.052758707850698486	-3.3437288494047895e-19	1.1058255438486735e-16	draw1111	kinetic_box
0.5230729979009408	0.21772457068654477	1.1183940827527563	0.4268831709319823	0.42688317093201056	2.8255175976710234e-14	6.618948204264164e-14	0.10407054657424493	0.11639188347748065	-0.23262834292996115	7.198048993812627e-18	1.246484404175349e-16	draw1115	kinetic_box
0.5104970637420743	0.014768562179345518	2.2260524856310133	0.2960781684712937	0.2960781688706888	3.9939507257003015e-10	1.3489514410786048e-09	0.008595668117820896	0.01913440837933446	-0.02672396047295805	-2.4528083581013605e-19	2.9216495171589883e-16	draw1116	kinetic_box
0.020781356093505492	0.38120764638123134	0.10581144708901377	0.6707303435332801	0.6707303435407205	7.440381644130412e-12	1.1092955188002019e-11	0.19328132592582176	0.02045137679149451	-0.20355511599991774	0.0	1.5238224976313258e-18	draw1117	kinetic_box
0.4972525853435704	0.9710573512598959	0.1776383212434061	0.6472753566916659	0.6472753566744602	1.7205681324128363e-11	2.6581703052201576e-11	0.23510510025712605	0.04176367532543856	-0.20434966974104307	3.7038769417265364e-18	6.65768020091977e-17	draw1118	kinetic_box
0.027476861419001828	0.002248896055631776	3493.469697396559	0.0002861664417989197	0.0002861664417348934	6.402625825352448e-14	2.2373782846571104e-10	0.0015134587480500024	5.287222274572417	-5.284717453230319	-7.878251865462396e-18	2.841914388817298e-19	draw1120	kinetic_box
0.08886850769592365	1.424368423397399	-0.18323153514469165	0.7744934999800194	0.77449349998286	2.8406166308059255e-12	3.667708806941298e-12	1.7588826936273667	0.3222827760927727	-1.2710011681564823	0.0	6.0320169014843016e-18	draw1121	kinetic_box
0.5645291007093687	0.40087480192120456	0.1230334768823145	0.6650129602233827	0.6650129602278801	4.497402450454047e-12	6.76287940149756e-12	0.3078011181717539	0.03786984175693502	-0.3852683883014539	4.750139960928525e-18	7.28594421841293e-18	draw1122	kinetic_box
0.24567358625956986	0.0974009048848819	1.0254808707460479	0.442695795242753	0.44269579517803226	6.472072877627966e-11	1.4619684551160441e-10	0.05295287354753928	0.05430215887403595	-0.1172279259683906	-7.195029191430391e-19	3.888418255225745e-17	draw1123	kinetic_box
0.6851326134664509	0.045842666396305846	6.769262565761852	0.1276592316541789	0.12765923150017497	1.5400392072706381e-10	1.206367286699926e-09	0.004714622103377646	0.0319145149161077	-0.027490675302292412	1.0373719175752714e-19	8.186071241256091e-17	draw1125	kinetic_box
0.13412722090319934	1.6887959627624356	-0.025651410137617795	0.7162333057675735	0.716233305741659	2.5914492773893016e-11	3.6181636020205146e-11	2.696183830564173	0.06916091724421498	-2.272503120234901	-1.48513667039227e-16	1.2953547184959395e-17	draw1126	kinetic_box
1.4902650769919505	0.7556696766670521	-0.22332382503592457	0.7897736548045051	0.7897736548021734	2.3316903963177538e-12	2.9523527179465206e-12	3.8896432420083196	0.8686500068304324	-2.8594326366619764	0.0	1.3861690192753755e-18	draw1129	kinetic_box
0.2883516279537629	0.0776704268901072	1.2244947434809976	0.4100159601069704	0.41001596001775775	8.921263727756923e-11	2.175833283994736e-10	0.06952565558302398	0.08513379979848312	-0.16949128883699532	5.45388703382857e-18	1.7152988284292848e-16	draw1130	kinetic_box
0.8142727092550174	0.06214925617033363	0.7929858654767582	0.48709267803156553	0.487092677885682	1.458835274803505e-10	2.9949850224311637e-10	0.05533035669947003	0.04387619079446698	-0.10674409915441027	5.853666888398824e-18	3.5945151086138486e-16	draw1131	kinetic_box
0.5733283464392158	0.010343712797613846	95.19085537329131	0.010395436887643592	0.010395436885404721	2.2388705472886627e-12	2.1537051034690572e-10	0.00047058299511101826	0.044795197828743194	-0.045225393393938544	-3.982276067363873e-19	1.9421357213163756e-16	draw1132	kinetic_box
0.10379237135111642	0.03689185881303025	428.0878727526129	0.0023305186374316667	0.0023305186369466427	4.850239133935563e-13	2.0811844441159084e-10	0.005338496463925496	2.2853455949392116	-2.273845316128604	-6.654403802611265e-18	1.2434511260899735e-18	draw1133	kinetic_box
0.6290514028841622	0.3391422008047921	-0.24920604816928135	0.7996951354672754	0.7996951354805119	1.3236411966488504e-11	1.6551822537391274e-11	1.1661295545735926	0.2906065379486894	-0.5950956667385574	0.0	4.913845874906165e-19	draw1134	kinetic_box
0.7446526880768526	0.011141952946882132	-0.3293273777898254	0.8305115737670662	0.8305115713328441	2.4342220461548436e-09	2.930991126647747e-09	0.11413614935743437	0.03758815877891172	-0.11934397692682977	9.109863194958556e-19	1.8796381564914247e-17	draw1135	kinetic_box
0.45457820503538066	0.0003179678650694903	-0.4708167112303498	0.8838714639791919	0.883871408574445	5.540474690146624e-08	6.268417143487645e-08	2.0053325370970363	0.9441440700392397	-2.0082166762495746	-1.3965137377373044e-15	3.7904239802436275e-16	draw1136	kinetic_box
0.6538392033118264	0.22586144220875407	0.34765349730602374	0.5958961369312052	0.595896137045153	1.1394774013240294e-10	1.912208068631409e-10	0.05879840097447189	0.02044146973477707	-0.07644622364623359	1.7164155467174008e-19	1.6954571945519385e-17	draw1138	kinetic_box
0.6984297221432988	0.0758600837726833	11.513673478777605	0.07965863926004199	0.079658639254462	5.5799947995538446e-12	7.004883402199576e-11	0.00521795580253081	0.060077839337032694	-0.06534227412590536	5.132323536596118e-20	1.2029258835112193e-17	draw1142	kinetic_box
0.036637264669847305	0.9493092531767142	-0.003842261894233958	0.7084665282456615	0.7084665282593701	1.3708589818861583e-11	1.9349664764745045e-11	0.46594516938636965	0.0017902833691356354	-0.4341661824167181	-3.226839659248082e-18	9.303561339851648e-18	draw1144	kinetic_box
0.000257300450909019	0.0007485188429440974	7871.072757884495	0.00012703134521836333	0.00012703134519811705	2.024628294877706e-14	1.5938021373544557e-10	0.006525230393445475	51.3605631887686	-51.36707847471306	-4.407522850811905e-17	1.6687570423338333e-20	draw1147	kinetic_box
1.7100912569477218	0.0005921081021257413	-0.9653406851911448	0.9993999065599894	0.999399906549241	1.0748402168303528e-11	1.0754856087005195e-11	1.2488912682388595	1.2056055526109384	-1.248975628932624	4.174271900736817e-19	7.177239752876943e-18	draw1151	kinetic_box
0.6395489905076154	0.09704384771760069	-0.03696586791929607	0.720294599675169	0.7202945998777747	2.0260570998686944e-10	2.8128172836676713e-10	2.7212065234842204	0.10059176092824454	0.45972078028742613	-1.52394258369662e-15	8.205195100162896e-17	draw1157	kinetic_box
0.2412105217633436	0.08590724513972979	2.11834376988942	0.3053656784977274	0.30536567855816216	6.043476830086547e-11	1.979094984944571e-10	0.33537143829872884	0.7104319969189662	-1.0776231997894548	-7.207823165435944e-18	6.789496136599193e-18	draw1158	kinetic_box
1.022076998863948	0.07905281023034817	1.2610663843348393	0.4044765646051192	0.40447656451239805	9.272116407998965e-11	2.292374199522938e-10	0.37013961188687616	0.46677062206128356	-0.5591885659847738	-4.435246860112522e-17	5.0138907899190895e-17	draw1160	kinetic_box
1.1777717207007636	0.37544032834812346	-0.32346665173388284	0.8282592879580822	0.8282592879719043	1.3822054611978274e-11	1.6688076804817113e-11	0.8293376105352294	0.26826306003680966	0.4473647510536887	0.0	6.42665395514866e-17	draw1161	kinetic_box
0.4617537209369833	0.006385500942166392	7.409685825941843	0.1180786373425915	0.11807863788407469	5.414831916183971e-10	4.585784535810835e-09	0.28475226887617194	2.1099248505965518	-0.38838679194102305	-2.8838789032098827e-16	6.666848795858499e-17	draw1162	kinetic_box
0.9778855907476359	0.004261092834081826	0.001129445598652104	0.7067075747390216	0.7067075746815729	5.744871245383365e-11	8.129064200241351e-11	115.37703140320976	0.13031208030390082	-116.5496659083417	0.0	2.0264564400185117e-17	draw1163	kinetic_box
0.3546668634636816	0.32189041433816035	0.052161681149710426	0.6889110910039442	0.6889110910051952	1.2509993041476264e-12	1.8159082071422079e-12	0.537367300297164	0.02802998177838136	-0.6326621538382202	0.0	7.477850223196925e-18	draw1164	kinetic_box
0.22902993409282263	0.003931331591871812	2.1503102709628252	0.3025520614100632	0.302552059718426	1.6916371636810368e-09	5.591226730551366e-09	0.18771934344330338	0.40365483226453336	-0.22531792185663166	-1.0332434288686597e-16	2.208729975583957e-16	draw1171	kinetic_box
0.3348513235164459	10.554320021841034	-0.22397676370581313	0.7900234843345795	0.7900234843162155	1.836397700571979e-11	2.3244849514333434e-11	5.147961862576071	1.1530238376607382	-3.8222147068967978	0.0	6.821256109621789e-19	draw1173	kinetic_box
0.19688154502795913	0.2919119831448955	0.1903099580096807	0.643244746532826	0.643244746519755	1.3070988735819355e-11	2.03203971840257e-11	0.9184817932740932	0.17479623151064888	-1.0552362375369972	-7.57993322904718e-17	3.4405569576336597e-17	draw1175	kinetic_box
0.024681510610985093	3.04829821862682	-0.018668197698435807	0.7137374929040192	0.713737492908152	4.132805209167145e-12	5.7903714604200836e-12	5.536104715916624	0.10334909731597434	-5.344305238459064	0.0	2.2986197198395968e-18	draw1179	kinetic_box
0.012692801132047533	0.0036993704916818645	28907.501142554796	3.459190064548578e-05	3.459190064785645e-05	2.3706758127753358e-15	6.85326844832459e-11	0.00014489246429553548	4.188479077170771	-4.188284001017933	7.618498860441788e-19	4.3489679060306807e-20	draw1182	kinetic_box
0.7083399953260123	0.028955353139652598	2.5489230618052487	0.27121437968150375	0.27121437953373523	1.4776851964271032e-10	5.448402842679291e-10	0.3119882108414974	0.7952339456252512	-0.9827702411421252	1.4801381107345058e-16	1.1582495355439972e-16	draw1183	kinetic_box
0.6803950755187694	4.091912570921402e-05	-0.9966650863315719	0.9999944391630894	0.9999944392217959	5.870648411843149e-11	5.870681057398416e-11	53.92097309165656	53.741151301478254	-53.921003015404615	1.0566075442836696e-14	5.032846723689033e-18	draw1184	kinetic_box
2.975081749531564	0.07503745688091042	0.16274200114154333	0.6520549667072069	0.6520549662175241	4.896827388023439e-10	7.509838344502185e-10	0.6284931219344891	0.10228222836731472	-0.7386517745388342	2.6306268208146583e-17	4.80865484390254e-17	draw1185	kinetic_box
0.8308473023983479	0.7429744226819663	0.0730586635704127	0.6817637053125972	0.6817637052435015	6.909572913826878e-11	1.013485003775469e-10	3.724080486442167	0.2720763433681172	-2.6667425866315373	0.0	1.7781806586741946e-17	draw1186	kinetic_box
0.6651934550181263	0.11567472598231264	0.7808534242899591	0.489617639374052	0.48961763933687225	3.7179759271310786e-11	7.593631496133649e-11	0.02767322962583368	0.02160873611449457	-0.05640433360691271	3.082689741746921e-19	1.3755508875074637e-16	draw1189	kinetic_box
0.12195396957427866	1.7676426244220946	0.017376852917929262	0.700990050636591	0.7009900506388015	2.2104540420286867e-12	3.1533315487350126e-12	2.676147273562321	0.04650301755940986	-2.54072622941631	-1.5081014509704045e-16	3.1880260612812188e-18	draw1191	kinetic_box
0.29115154855085557	0.20940721620592245	6.722422190170218	0.12842081685069395	0.12842081685484358	4.149625087990216e-12	3.231271369875037e-11	0.01367590947789928	0.09193523734498932	-0.10645058597946694	-2.7143018954486315e-19	2.809430413470615e-17	draw1192	kinetic_box
0.3848850122935932	4.991799151112824	-0.1371790367002531	0.7571283187758673	0.7571283187716569	4.210409798588444e-12	5.561025382618486e-12	0.17531515265471478	0.024049563760131593	-0.1364925197139378	-3.0311402334533407e-19	9.75224721845712e-18	draw1197	kinetic_box
0.7526238683731484	2.08019475947943e-05	-0.9095765262217983	0.9959366957097882	0.9959366981858667	2.4760785644062366e-09	2.4861806668199894e-09	0.4831580636219793	0.43946923312533054	-0.4831667330822231	1.0668367318575324e-17	6.507829659134719e-17	draw1198	kinetic_box
0.38056739978842075	0.10067759435680225	9.994958809608443	0.09057691620886295	0.09057691621332656	4.4636100371420184e-12	4.9279774844943207e-11	0.03340698333641122	0.33390142240070575	-0.36680783260515937	-4.3754390743143065e-18	3.09415697379036e-17	draw1199	kinetic_box
0.00520878908420629	3.1610372463495033	0.005692875051964585	0.7050969185537025	0.7050969185509612	2.741251670101974e-12	3.887765777980561e-12	72.79702708692635	0.4144243793603532	-73.03997165790659	-4.064040705819446e-15	4.962272896116942e-20	draw1200	kinetic_box
0.5983477202069656	1.0056099823084432	-0.037441059071921384	0.7204656360195322	0.720465636065307	4.577482837220259e-11	6.353506132810657e-11	0.10326905982590309	0.0038665029692434207	-0.0850407984663968	3.5520833346759813e-19	2.906478652114785e-17	draw1202	kinetic_box
0.19363652331297385	0.1063409180980996	12.519918452632755	0.0737634453786655	0.07376344538113903	2.4735352655014253e-12	3.353334775403396e-11	0.010267365203029672	0.12854657506533063	-0.1297318596812213	-2.1738749561402083e-19	7.409700978497614e-18	draw1205	kinetic_box
0.40899437358301627	0.0017323518960095758	-0.9078734436977223	0.9957831772425033	0.995783172027866	5.21463727753968e-09	5.236719623329559e-09	0.23985123682030962	0.21775456834721243	-0.2400786346773127	-8.284943661530939e-18	1.507869303596739e-16	draw1206	kinetic_box
0.5365808937793377	0.8111802550076582	0.7810380032416264	0.4895790601863323	0.489579060183631	2.7012836412154684e-12	5.5175636805264355e-12	0.36642077242161414	0.28618854843843194	-0.6430930926426767	0.0	2.478884535233465e-19	draw1208	kinetic_box
0.06490803149205217	0.04446752290826303	14.07380893597426	0.06619473072753397	0.06619473072925909	1.7251200468137995e-12	2.6061289589191877e-11	0.13365645827374947	1.8810554568037658	-1.8817776816171303	-1.266475247718526e-17	2.484783981823602e-18	draw1213	kinetic_box
0.0850789557242859	2.6709918362027594	-0.05402598171622156	0.726458235866333	0.7264582359079813	4.164835143427581e-11	5.733068933029662e-11	4.403938019887448	0.23792707494181228	-3.9314341538058772	2.4413710231790506e-16	1.1196966478139045e-17	draw1214	kinetic_box
0.64322681294181	0.007966119732788459	0.03238189716142977	0.6957521579809932	0.6957521578636523	1.173409147625648e-10	1.6865332494672665e-10	4.126829435403195	0.13363456637998755	-4.343139412853645	-9.854862952185358e-16	1.7277093738139008e-16	draw1215	kinetic_box
1.0613534743754045	0.08974396538461274	-0.22014846104884125	0.7885590762465777	0.7885590763712466	1.246688308143007e-10	1.5809700826474e-10	0.3070711200566603	0.06760123451301774	-0.3789742084205234	-6.646170307815608e-18	5.426871283758332e-17	draw1216	kinetic_box
0.027083263894140366	0.020222072919038166	12.422612165874392	0.07429524723233584	0.07429524721032334	2.201250293154544e-11	2.962841333474532e-10	0.005769641266070409	0.07167401578461718	-0.07734725571149456	-4.5125772645021e-20	7.712809810457176e-18	draw1217	kinetic_box
0.09151776137352302	0.08306680195927628	116.07701440827843	0.00854107468758945	0.00854107468840306	8.136095963617862e-13	9.525845704949669e-11	0.018633042846248844	2.162867982934096	-2.181404755097344	-1.6907281501197212e-17	3.563714300649339e-18	draw1218	kinetic_box
0.47694360077657294	1.0431287862975736	-0.14345657030112108	0.7594815060644249	0.7594815060723129	7.888023567659275e-12	1.038606405105568e-11	1.4505987558888314	0.2080979224028849	-0.28221419547528037	2.7290221709279055e-16	1.7944194048778404e-17	draw1219	kinetic_box
0.00021969711226257717	1.1161552101003946	0.013072664677533255	0.7025000980306223	0.7025000980060208	2.4601543024971306e-11	3.5019985185483145e-11	10.156823036243233	0.13277674174185297	-10.287666664201305	1.115600623483915e-17	6.309696004492055e-20	draw1220	kinetic_box
0.38962918445772665	8.630702939689508	-0.08089158270079017	0.7362580056796988	0.7362580056690213	1.067745891702998e-11	1.4502333196808651e-11	0.9472370409055653	0.0766235034316643	-0.8171454770914844	-6.5628094661003745e-18	2.4020859773966025e-18	draw1221	kinetic_box
0.5565215978457341	1.7718059597828844	0.013253604405854354	0.7024365512274708	0.7024365512260318	1.439071084519128e-12	2.0486847986588616e-12	0.42544006190519107	0.005638614278893591	-0.3733941264526801	0.0	9.130027276284575e-18	draw1222	kinetic_box
0.32692064408456695	0.018543561625941833	64.95806324323567	0.015159406433137929	0.015159406453589739	2.045181038412558e-11	1.349116830315121e-09	0.018860714346584744	1.225155475338054	-1.1838793555758573	1.0828810846417505e-16	7.013555353480967e-17	draw1223	kinetic_box
0.7229425996505994	0.0001603482916909109	0.9176665740032975	0.4623763581560691	0.46237639127504665	3.311897756042015e-08	7.162774351236108e-08	0.05018190086266666	0.04605025304161644	-0.05036803033772053	-5.814830603538415e-20	1.1506366192227591e-16	draw1225	kinetic_box
0.8289331315711476	0.001748170086627603	0.03310642705594314	0.6955003045528593	0.6955002876185395	1.6934319724271063e-08	2.4348400749417108e-08	0.06914379358508857	0.0022891039586959245	-0.06979198595809492	1.2468759935821555e-18	1.3336115602133683e-17	draw1227	kinetic_box
1.0969890414123413	0.7006780108504526	-0.2614937684569051	0.8044160862951371	0.80441608639398	9.884293383777276e-11	1.2287538191940423e-10	0.6969815562498297	0.18225633368872632	0.004566274374753099	-3.1001494400958227e-17	6.490951786409639e-17	draw1228	kinetic_box
0.1646681359043636	0.01630547959326565	493.1805892277383	0.002023547611902376	0.0020235476148266723	2.9242962218400947e-12	1.445133388714738e-09	0.0028494571398126056	1.4052969511919666	-1.114262776891429	-1.9299075612190073e-18	1.2184177710392339e-18	draw1229	kinetic_box
0.8679131802596733	2.4898037798267256	-0.1660016392635411	0.7679700461677209	0.767970046144903	2.281785871360853e-11	2.971191236969571e-11	0.5111223191157854	0.08484714283740315	-0.20504951751583647	-1.316423335716604e-17	3.9922234814505806e-17	draw1230	kinetic_box
1.021354527994098	0.013159859601396588	6.135533697846622	0.13878740303866802	0.1387874040335592	9.948911694479534e-10	7.1684543448005264e-09	0.012746477709380316	0.07820644351475375	-0.018552009907777327	4.55242148024021e-19	2.1228914323217204e-17	draw1232	kinetic_box
0.26295218465106485	0.41144732863357414	0.12996042728400486	0.6627298785443608	0.6627298785594031	1.5042300738343783e-11	2.2697483884447322e-11	0.24706702648071857	0.03210893632922273	-0.08577208827389649	-6.332568936448786e-18	1.466502768695659e-16	draw1235	kinetic_box
0.6576052127680858	1.6939247523777735e-05	0.02344597569693732	0.6988666140502965	0.6988665135043466	1.0054594989927779e-07	1.43870035201869e-07	2.6279438783065467	0.06161470830369051	-2.6282641211859934	2.6311640585396274e-17	1.0146494434940379e-16	draw1236	kinetic_box
0.5302782086944114	0.0010745799841375076	0.6009839119267326	0.5297646467197354	0.5297646538187695	7.0990340272913954e-09	1.3400354244320628e-08	0.11586963487780393	0.06963578644238477	-0.13684680124647453	8.160389763000852e-18	2.988887677180901e-16	draw1237	kinetic_box
2.3393650370872554	2.0683069307946584	-0.23101186284242212	0.7927169315973859	0.7927169316105078	1.312194797264965e-11	1.655313195593123e-11	1.0213126565904584	0.23593533934350475	0.11284915671847495	1.6697038939502721e-16	1.3048386536345814e-16	draw1239	kinetic_box
0.20610767462859728	0.4980275214352197	-0.16558829684160645	0.7678139172781068	0.7678139172900738	1.19669829601321e-11	1.5585785423593816e-11	1.2897585985714095	0.2135689296742569	-0.6090460244905457	6.786294398016966e-17	5.7023211971959314e-18	draw1240	kinetic_box
0.1265701480819652	0.8088942791475765	1.1555578876288364	0.4208361445493087	0.420836144541394	7.914668920250278e-12	1.8807008435255213e-11	0.6307669174092465	0.7288876866675815	-1.357051013817873	-3.007221177236515e-17	1.321003913532116e-17	draw1241	kinetic_box
0.0017446980248094148	6.117980818912735	-0.0013550893431647545	0.7075860397553236	0.7075860398127866	5.746292330854885e-11	8.120980357915544e-11	33.990975144150305	0.04606080818161614	-33.92931322283845	0.0	2.0249311473064584e-20	draw1242	kinetic_box
0.20923343785365614	0.006741403658356915	135.10980889784975	0.00734681078524945	0.007346810784018878	1.2305720678562615e-12	1.674974494420162e-10	0.010921574788689898	1.4756118825634659	-1.4830923878697746	-4.178395853162879e-18	1.892457008711434e-18	draw1243	kinetic_box
0.16611845957805552	1.1598683873413536	-0.20842233097034887	0.784079782993795	0.7840797829991253	5.330291763527839e-12	6.798149728002598e-12	5.034267764705607	1.0492538222488303	-2.5938880861676843	1.0820491958571018e-15	1.416774215331509e-20	draw1245	kinetic_box
0.1773395098227375	6.576890486884118e-07	14.459518070895594	0.0645513172460384	0.0645501663572949	1.1508887435007775e-06	1.782936913176079e-05	0.03897217632601453	0.5635188878481365	-0.03898399441773397	-4.907973863799085e-18	3.571168601176028e-17	draw1246	kinetic_box
0.32273415944010203	3.0460192553596745	0.07298134453767666	0.6817899970621973	0.6817899970837166	2.1519230841704484e-11	3.1562843300357415e-11	1.577749055036006	0.11514624737957652	-1.5579347624499222	4.682930695932419e-17	3.4651790571533656e-18	draw1248	kinetic_box
0.03170632659577158	0.33259642918624455	0.9795288080722876	0.45090198554448097	0.45090198556254146	1.8060497541938503e-11	4.005415394080907e-11	0.9497307604583614	0.930288639781366	-1.8557772799051149	1.3041206871638374e-17	2.7703324825086474e-18	draw1249	kinetic_box
0.23196566622003278	0.0027732251506517847	54.90849975276383	0.01788350745210192	0.01788350754738036	9.527844138657038e-11	5.3277267411966455e-09	0.004978621307709786	0.27336862684348745	-0.174700327083393	1.9355191791292933e-18	2.5332968688064612e-17	draw1256	kinetic_box
0.3392516594691155	0.4484642395046185	0.017530881848141076	0.7009360744030032	0.7009360744241113	2.110811525568579e-11	3.011418020256441e-11	0.8813945734769087	0.015451624129216386	-0.8211807530602723	4.9615711899308547e-17	3.858891706627621e-17	draw1257	kinetic_box
0.8257976527616511	1.1796002857542276	-0.3005630435543136	0.8194486201666464	0.8194486201747573	8.110845328701544e-12	9.897930302172952e-12	4.395670717100838	1.3211761691944004	-2.9669083787283586	0.0	1.9378796367161125e-19	draw1258	kinetic_box
0.5079745610942474	0.10106500194458805	0.2947699335274854	0.6112545739473002	0.6112545738564253	9.087486319003801e-11	1.4866942036393364e-10	0.06501924369437452	0.019165718141798148	-0.09214803747018592	-4.341509346035662e-19	3.863180602104459e-17	draw1259	kinetic_box
0.33409259767778116	0.4613885760443564	0.304748382354026	0.6083138826156518	0.608313882585062	3.058975295289201e-11	5.028613324242945e-11	0.5739788269598668	0.17491911902148083	-0.8234251507531763	-2.0571532884733564e-17	2.4311104619884195e-17	draw1260	kinetic_box
0.8853051271906573	0.09298335131726197	4.030645814473256	0.19496697708074953	0.19496697707345714	7.292388914947878e-12	3.740320040044703e-11	0.0674928925969063	0.27203994505241336	-0.33708698526262776	2.060332488046714e-17	1.731465576041008e-16	draw1262	kinetic_box
0.08564939614684122	0.6366050182197528	-0.020030794366549975	0.7142238338424892	0.7142238338458233	3.3341107652518076e-12	4.668159486220014e-12	2.9752596592963165	0.059596814422456054	-2.775953310651713	-8.24929203030436e-17	5.2120593929252584e-18	draw1263	kinetic_box
1.252740099125132	0.09071858207997865	0.46149883392893865	0.5646943442255613	0.5646943443002718	7.471046004070558e-11	1.3230247618874484e-10	1.8754156088115417	0.8655021165986571	1.2309150689364396	0.0	1.3851906628309138e-16	draw1265	kinetic_box
1.5822814676926995	0.1456241741112962	0.023166641416082837	0.6989641031088618	0.6989641031055026	3.359201805608336e-12	4.805971852750918e-12	0.5663059346424146	0.013119406519660466	-0.11242610172543804	2.545628715469768e-17	3.0308110974518156e-17	draw1267	kinetic_box
0.5916025538897003	0.026467395355976465	17.84425321334318	0.052992014315259905	0.05299201431871383	3.4539246462905737e-12	6.517821016422167e-11	0.005055780557360229	0.09021662845663324	-0.0859649715978794	-9.531586559162087e-19	1.0289950732720912e-16	draw1268	kinetic_box
0.20055757704785196	0.06128426771573442	0.887030442943369	0.4682475261357541	0.4682475263536879	2.1793378213175174e-10	4.6542431057529347e-10	0.3720936697712439	0.33005841271361014	-0.7636816619436592	-1.402619789709704e-16	2.9831758162208525e-16	draw1269	kinetic_box
0.14695848877489767	0.04311764201073038	0.8662909752484913	0.4722952689567962	0.47229526978488495	8.280887642264645e-10	1.7533285154510056e-09	0.14432252598403605	0.12502530178503632	-0.30113493120845036	0.0	1.9224886180313904e-17	draw1270	kinetic_box
2.09983279756864	0.0014656034855369494	-0.40398674367513243	0.8590000865924943	0.8590000871536183	5.611240361247383e-10	6.532293122158791e-10	5.022902552072984	2.029186045809477	-5.026600528126628	8.274665312596165e-17	1.0174398576321113e-17	draw1271	kinetic_box
0.18539075677037267	0.10115774386653727	76.29483810491801	0.012936391952508312	0.01293639194927029	3.2380226971939763e-12	2.503033852013602e-10	0.005450804666769826	0.41586825959273543	-0.41300650326334803	2.6792230066159745e-19	1.4473641581702008e-18	draw1272	kinetic_box
0.3740032928549759	0.004665388883609165	12.321718797747733	0.07485478729632812	0.07485478862594788	1.3296197615142447e-09	1.7762654680095393e-08	0.002042423573115225	0.025166168933816978	-0.023664327864718854	-1.362553293761979e-18	1.8226413356234282e-15	draw1274	kinetic_box
0.213474966794018	0.0017165731140289038	14.912880592779858	0.06271845337060043	0.06271845339465469	2.4054258584982335e-11	3.8352761082326704e-10	0.0031592869287801503	0.04711406872722859	-0.050348861905085696	-8.384536071167626e-19	3.3195865543523376e-16	draw1275	kinetic_box
0.8151250966480891	0.02101667702065138	0.5232757623722134	0.5487908009267085	0.5487907992488281	1.6778803901829065e-09	3.0574134852106657e-09	0.0670823070792536	0.03510254537858335	-0.08632078741802139	5.436569877343387e-18	4.3620641310339887e-16	draw1276	kinetic_box
0.36534280039230044	0.00011304001729859684	0.21680984887864235	0.6349205516641085	0.6349204802837709	7.138033764064744e-08	1.1242405916524344e-07	0.2560825755735891	0.05552122451056338	-0.25630950625165017	-8.50564387606288e-18	1.5685433395972228e-16	draw1277	kinetic_box
0.6269151413727785	0.0019260001021807224	-0.846126674772723	0.988367664383844	0.9883676612436334	3.1402106470679314e-09	3.177168547903215e-09	0.127969978130492	0.10827881206629128	-0.12827297041786587	-1.1900522305632748e-18	9.435374477655861e-17	draw1278	kinetic_box
0.07501483866481123	0.0023847887650937684	136.23472339865506	0.007286592105823332	0.007286592107818833	1.9955009866734486e-12	2.7385929624524864e-10	0.009167175723085197	1.2488876489813778	-1.2528696429559036	-4.213508160966174e-17	2.6546569515194696e-17	draw1279	kinetic_box
7.089321223577592e-05	1.0596598895333051	0.020366169633528053	0.6999432757952282	0.6999432757929381	2.2900570328943104e-12	3.2717751739239084e-12	47.110969233433984	0.9594699910080374	-48.067604929837415	0.0	1.8574675202354046e-21	draw1282	kinetic_box
0.0005035748178414285	7.371244614511033	0.0034239305961992618	0.7058972768443205	0.7058972768823815	3.8060998797107004e-11	5.391860833520233e-11	15.82381579737721	0.05417964705726105	-15.876348390895414	0.0	7.896862550676764e-21	draw1283	kinetic_box
0.07019959635581867	0.010654952295504097	7.699959147220158	0.11419120183695226	0.11419120184268065	5.7283899845828046e-12	5.016489792685354e-11	0.006574584346674771	0.050624030879348865	-0.056363628855260764	-7.843247731185483e-19	2.3526917793395157e-16	draw1284	kinetic_box
0.32906106166261445	0.16867784725531104	9.189897827330535	0.09766723321427973	0.09766723320214754	1.2132184146196323e-11	1.2421959492889123e-10	0.03721834987024961	0.3420328326094347	-0.381040537162681	-2.4582525706628075e-18	1.593567169236798e-17	draw1286	kinetic_box
0.5969308689057322	0.004143212805675629	-0.013976083878392257	0.7120652147259702	0.7120652145926998	1.3327039471988655e-10	1.8716037799447487e-10	11.891918445618826	0.16620244967096875	-12.053466633724925	-2.9309702125555004e-16	2.4932442129418e-16	draw1288	kinetic_box
0.3073766884787328	0.005146909101736828	26.518263881048572	0.036315532201671	0.03631553130891999	8.927510050660281e-10	2.4583173449172322e-08	0.005250938303287296	0.13924576754967796	-0.017467384763729023	-2.759233139679336e-19	1.3199536088498106e-18	draw1290	kinetic_box
0.9987769847386567	0.031609513292687776	2.5483953740106795	0.2712517450644124	0.2712517448981307	1.6628171062293973e-10	6.130161879157211e-10	0.4292878112180606	1.0939950722272753	-0.561677584852174	1.4883135595678087e-17	1.566641746941623e-17	draw1292	kinetic_box
1.338401161192811	0.35745045174903567	1.6892879051462806	0.34853003662228077	0.34853003661927956	3.0012103913179544e-12	8.611052351267956e-12	0.01299235027400402	0.021947820177298953	-0.03727090733523257	8.460260885393341e-20	5.296997363587671e-17	draw1294	kinetic_box
0.36476577413490874	0.0015400366265982729	25.093127859865064	0.03829615260022364	0.03829615363152531	1.0313016690632892e-09	2.6929641002231722e-08	0.02568634423641158	0.6445507201767837	-0.03200648677542123	-1.3378131386457663e-18	1.3709575954563665e-17	draw1295	kinetic_box
0.02633077009628274	0.059853811985080725	43.0192784226844	0.02271145955346484	0.022711459554982612	1.5177720191772437e-12	6.682846672636076e-11	0.03750817849902763	1.6135747739774144	-1.6512951606544666	-3.935272418344178e-18	1.455213996899664e-18	draw1296	kinetic_box
0.5461741906310552	0.06930218698081982	0.9988712160467662	0.4474155983215743	0.447415598312408	9.166278847061449e-12	2.0487168712122308e-11	0.15244951240244503	0.1522774298391668	-0.3358505348307156	1.0226009001721212e-17	8.660854915180209e-17	draw1299	kinetic_box
0.2270871886317814	1.4694704119986846e-05	-0.056050962824404575	0.727196573842071	0.7271929621065876	3.611735483466383e-06	4.966681020954375e-06	4.224941782835372	0.23681205480497902	-4.22545672513879	-1.7820044460269205e-14	5.63591644843254e-16	draw1300	kinetic_box
0.4210843408008579	0.08279842823078482	4.14929999807938	0.19063952570581516	0.19063952579618035	9.036518755500822e-11	4.740107654884797e-10	0.06835229914989996	0.2836141947314011	-0.3539587111916005	-3.0950254247364573e-17	2.464865935580159e-16	draw1301	kinetic_box
0.03683168529725782	0.024581851398516767	167.66296189386057	0.005928879777964302	0.005928879777808722	1.5558040966645592e-13	2.6241113919830148e-11	0.0030858652510396974	0.5173853079946573	-0.5201385150899226	5.428853382467167e-19	1.989831680295674e-18	draw1303	kinetic_box
0.17470552488361654	1.3261847297489235	0.596995538287407	0.530715386254578	0.530715386278096	2.3517965352937154e-11	4.431370553974045e-11	0.32034853879118924	0.1912466483552303	-0.49155818839565985	7.087146350361851e-18	1.2557411882095798e-17	draw1304	kinetic_box
0.44316157164142217	0.04941433013885661	9.71478545795171	0.0929251546766979	0.09292515474706836	7.037045945956777e-11	7.572810575468839e-10	0.006130932182137433	0.05956069080671688	-0.06524362890904856	1.3828466150007364e-19	2.986905606294909e-17	draw1305	kinetic_box
1.158689134525529	0.09942282622488786	0.34351543394208783	0.5970778450412982	0.5970778450523511	1.1052825321655746e-11	1.851153147490617e-11	0.013553219606556534	0.004655740114458681	-0.022326374586853222	-1.506279967652318e-19	3.3993240812232733e-16	draw1307	kinetic_box
0.0645852518850923	1.880422235573254	0.029612362375983536	0.6967158305383794	0.6967158305220799	1.629951729142931e-11	2.3394785330506074e-11	9.298196260649762	0.27534155711337577	-9.105581657007294	-2.653987373669108e-15	1.5790641384619337e-17	draw1309	kinetic_box
0.4302151856325379	1.5423141020177893	-0.03986424506561142	0.7213383973813401	0.7213383973757921	5.548006498656832e-12	7.691267397992838e-12	2.9907172397974464	0.11922268496923438	-2.6221640381345637	6.619297735937857e-16	4.4263498369218717e-17	draw1312	kinetic_box
0.2085271820602852	0.16195920975782588	0.49449521869085483	0.5561122933527832	0.55611229335534	2.556732603409273e-12	4.597511391059276e-12	0.5863884223599258	0.28996627115265694	-1.0481735789384796	0.0	2.0340745085990186e-17	draw1313	kinetic_box
0.7969395040102912	0.12379403556512637	-0.13245654502091767	0.7553612040948999	0.7553612040946659	2.34035013590983e-13	3.098319218968684e-13	0.8830943236151646	0.1169716230336489	-0.16899298602355384	4.128365106790079e-17	1.8080185633619476e-17	draw1315	kinetic_box
0.4902942525194419	0.004325373914164619	0.010721180701491452	0.7033264843136431	0.7033264846031797	2.8953661690422905e-10	4.116674449812409e-10	4.753355157076006	0.05096157957737815	-4.958078018887819	1.4866886241641444e-15	1.3346178726351678e-16	draw1318	kinetic_box
2.771334368866235	0.010833870726571628	0.07611024732292991	0.6807269508952252	0.680726950680354	2.1487112089602078e-10	3.156494989382562e-10	0.897561588200331	0.06831363446548896	-0.9152054768526003	-1.9757810679418503e-18	4.0253946522508424e-17	draw1320	kinetic_box
0.3636059318177556	0.1258227427501332	3.383880054229683	0.22239578981084077	0.2223957898043151	6.525668894141745e-12	2.934259187138231e-11	0.04660379041609067	0.15770163684050967	-0.20509230489880845	3.8640549286945605e-18	5.733517355629443e-17	draw1321	kinetic_box
0.235891109383728	0.00016039930320888766	303.62255935116525	0.0032827330940387953	0.0032827332747336854	1.8069489004027273e-10	5.504403645310835e-08	0.0007825607813920144	0.23760310729409148	-0.16680378810033294	5.770212673413741e-18	1.0090062195280269e-16	draw1322	kinetic_box
0.32346606900431046	0.045288021815537254	6.3273385127564215	0.13522172668314245	0.1352217263959138	2.8722865752506266e-10	2.124130974959526e-09	0.022373025663834534	0.14156170692966805	-0.13196743034660927	2.418553563757094e-18	9.466164798818776e-17	draw1323	kinetic_box
0.4026710463886415	0.251803868097826	1.799534730471151	0.3363859698693774	0.33638596988022157	1.0844158904177448e-11	3.2237250881892534e-11	0.02234937334047562	0.04021847353045193	-0.0664016878510789	-9.821931012501034e-19	2.0559684058066333e-16	draw1325	kinetic_box
0.35364137829343206	0.08259270805115204	104.5897768277123	0.009470189127761845	0.009470189130005073	2.2432281726603165e-12	2.3687258426053364e-10	0.0005813617686533501	0.06080449763961801	-0.061388472045841275	-2.4488393289510635e-20	6.5028277311337826e-18	draw1326	kinetic_box
0.7303655165501294	0.17079246685468522	-0.26735528784919504	0.8066698162236838	0.8066698162132039	1.0479950240949165e-11	1.2991623127968012e-11	0.5817819250404814	0.15554247403465676	-0.5700000598084705	-2.3284572810213747e-17	2.181387823194678e-17	draw1327	kinetic_box
1.0784112974120095	0.361230142385605	0.020340624345709414	0.699952214163479	0.6999522141617625	1.7165158183729545e-12	2.4523328645064606e-12	3.1023924631312303	0.0631045996655125	-3.499335322668461	-1.7456890720933475e-16	9.658063237320031e-18	draw1329	kinetic_box
0.8506380172408093	0.05290406394060075	1.2132545872272105	0.41174597295797766	0.41174597291658466	4.1393000138612024e-11	1.005304310456433e-10	0.004623643214491745	0.0056096563396840745	-0.010830913071649214	4.102056263400791e-20	2.5632483180965186e-16	draw1336	kinetic_box
0.06029590021438982	5.686472485764567	-0.1678122787794194	0.7686541757204547	0.7686541757207612	3.065325770990057e-13	3.987912728263948e-13	8.450547442609045	1.418105623277819	-6.916391737537964	0.0	1.1163351880715563e-18	draw1338	kinetic_box
0.6416641299987647	0.15949161505637754	2.6853960576404363	0.26187214597897024	0.26187214598593056	6.960321208282494e-12	2.657908187248157e-11	0.08333220649211628	0.22377997878840783	-0.31628266931801224	-3.6847808832877185e-18	2.462461893258836e-17	draw1339	kinetic_box
1.0043456810825542	0.0604372467089191	7.479969390580379	0.11711345819875071	0.11711345831155934	1.1280862355356192e-10	9.63242185654315e-10	0.016244357919307863	0.12150730000605478	-0.043613033771362955	-3.8442171161143304e-19	3.5529478356681154e-17	draw1340	kinetic_box
0.60403657821199	0.042156494387408885	0.5896707700903672	0.5324685938229264	0.53246859411042	2.8749358449431384e-10	5.399258992441068e-10	0.2752848608525941	0.16232743589316878	0.001457625280978203	-6.4384476368734124e-18	5.795974477363125e-18	draw1341	kinetic_box
0.7134120493577149	0.05633923188429521	12.769093333433847	0.07243564013830105	0.07243564006288129	7.541975377556298e-11	1.0411967604633739e-09	0.0008856692061656083	0.011309192756076917	-0.010237006025879835	1.2620451323907092e-20	8.400335554639462e-17	draw1345	kinetic_box
0.9667714533327585	0.05231858676081634	0.10414493869881773	0.6712866894852736	0.6712866897837425	2.9846891624885075e-10	4.446221276113841e-10	0.5009839732740768	0.052174945185718885	-0.7320405121621103	-3.6627723324798154e-17	1.714721789906228e-16	draw1347	kinetic_box
0.3369870741296315	0.02127737851984193	3.304518076163019	0.22628792362550018	0.22628792367504605	4.954586740879563e-11	2.189505591113403e-10	0.015108937400631626	0.04992775675200271	-0.05207216601191413	2.542123694257125e-19	4.657911306918651e-17	draw1348	kinetic_box
0.19142424160497695	0.3145451910835906	5.254766630999601	0.15787310175060223	0.1578731017340969	1.65053248846192e-11	1.0454804968878643e-10	0.004515721594696347	0.023729063150694674	-0.028594794124329564	-1.2139612750580073e-20	1.8206869991559802e-17	draw1353	kinetic_box
0.3017752855026456	0.7549809958369813	0.05987479659572172	0.6862633141523482	0.6862633141250835	2.7264746016442132e-11	3.972927804133306e-11	0.7463439765743164	0.0446871937878293	-0.3620355490418593	-1.5619198963199892e-16	5.248257199803696e-17	draw1356	kinetic_box
0.7818219145876825	0.03226347442948497	-0.37689766744558023	0.848721374206365	0.8487213741862767	2.008826438526512e-11	2.3668856466028112e-11	0.1119242889796587	0.04218400344693843	-0.0951447652482649	-9.785554725578563e-18	5.512378724161811e-16	draw1357	kinetic_box
0.2838448865151788	0.11654976483589485	5.596411513102816	0.1498850440955914	0.14988504409904982	3.4584279884342095e-12	2.307386977281567e-11	0.021051895503090272	0.11781507036613181	-0.14041010299809842	2.490621868068044e-18	1.2312598602049956e-16	draw1362	kinetic_box
1.3311161232063327	0.03428378874533475	21.529364813072203	0.04434285579808055	0.04434285565097227	1.4710827694885964e-10	3.3175192438386436e-09	0.025202216741455712	0.5425877183249158	-0.18295600564768025	-8.262089107661136e-18	3.6042626526998854e-17	draw1363	kinetic_box
0.2406986613558733	0.1129449729244551	105.56171753293027	0.00938381995025828	0.009383819950943223	6.849434214251104e-13	7.299196116356247e-11	0.012159270005989395	1.2835534257788839	-1.0236510331476996	0.0	1.1421138737422977e-18	draw1365	kinetic_box
0.5555416666673106	2.1519146764089646e-05	16.36738552127715	0.057483782202422194	0.05748397924909796	1.970466757678091e-07	3.4278537836418337e-06	0.01156741864752452	0.18932840049004418	-0.011630881168715189	-2.364753270885991e-19	2.1080187905960473e-17	draw1367	kinetic_box
1.910831495839058	0.008962176413538362	0.03506782645884014	0.6948189276632422	0.6948189277504321	8.718992194900466e-11	1.2548581863089644e-10	2.979071848842352	0.10446957460361964	-3.029580106240763	-2.261052926577984e-17	3.761973899352928e-17	draw1368	kinetic_box
9.199843091649003	0.15311978715748634	-0.2551307602467217	0.8019707313479327	0.8019707310555699	2.9236280063571485e-10	3.645554498614944e-10	0.12483743842186865	0.03184987057182465	0.09498429500343802	9.385109704555042e-19	4.386896483733251e-17	draw1372	kinetic_box
1.6247075267729632	0.16957210151468377	1.3105629797152505	0.3971914187784156	0.3971914187997935	2.1377954961820933e-11	5.382280167688267e-11	0.02772744466557679	0.03633856250080804	-0.05447129114864792	2.0791189545467358e-19	4.7178317218240706e-17	draw1374	kinetic_box
1.0004965550258953	0.2374786600432588	4.098528859783952	0.19246792399710938	0.19246792401363416	1.6524781543125755e-11	8.585732728096118e-11	0.05231553363028415	0.21441672439871748	-0.23072364302390466	-2.7066717820965103e-18	5.345174620150658e-17	draw1377	kinetic_box
0.8455771272125798	0.06701003366116366	0.008675523217867092	0.7040462015143837	0.7040462015129846	1.3991030556326223e-12	1.9872318785698596e-12	0.7307287759052138	0.0063394544613292825	-0.9134936255264191	7.849700230334002e-17	6.896369333557623e-17	draw1378	kinetic_box
0.5373807828995668	2.1768950384650982	-0.22175604400750418	0.7891738961794106	0.7891738961870992	7.688627512436597e-12	9.7426277650392e-12	0.3931387356879789	0.087180890772278	-0.23767643392071303	-5.38270974784336e-18	2.6678527798156894e-17	draw1379	kinetic_box
0.0940426520359316	0.0009380627635119111	53.509417413294194	0.018342367208079087	0.018342367467358563	2.592794763611739e-10	1.4135551303427902e-08	0.020745823369698144	1.1100969222716517	-0.859000341048808	-4.236495541777711e-16	3.2918582485011583e-16	draw1381	kinetic_box
0.19836793386371893	0.05002676042930546	85.76883978822922	0.011524109339015785	0.011524109319519195	1.949659010624938e-11	1.6918088474938911e-09	0.05929682935016027	5.085820256483864	-3.7665146879840696	1.2925835524180786e-16	3.497468135392335e-18	draw1382	kinetic_box
1.991115560265224	0.00010840284726540697	-0.9973356426421021	0.9999964506200142	0.9999964506188319	1.1822764989233292e-12	1.1822806952881644e-12	20.93790525946333	20.88211919752631	-20.937912274818625	2.63251402928306e-16	5.991239759089737e-19	draw1384	kinetic_box
0.08710710249323156	0.2342560033949908	11.15728776884541	0.08197832700937945	0.08197832701665089	7.271447333145886e-12	8.86996307166522e-11	0.017552421600420212	0.19583741883598643	-0.21371525235586755	2.660010450011139e-19	5.813156546751966e-18	draw1386	kinetic_box
0.8230436652236047	0.029211360691803443	-0.007263582505465044	0.7096794916672658	0.7096794916086783	5.858757923249414e-11	8.255498422208838e-11	0.10420790022277633	0.0007569226809894089	-0.07993640354320494	7.077848807990488e-19	4.107628305967145e-17	draw1387	kinetic_box
0.12457996729354923	0.054837482368719485	50.45934613092926	0.019429147718098203	0.019429147695545917	2.255228642722429e-11	1.1607450198340067e-09	0.0027090597787644533	0.1366973850660542	-0.11749430140453054	-1.2575827720486301e-19	5.387049001948478e-18	draw1389	kinetic_box
0.5428536896802203	0.06515576105599608	9.049097582970704	0.09902234531026836	0.09902234521830196	9.196640671227385e-11	9.287439770238447e-10	0.012622155343014713	0.1142191154063552	-0.07202650904484573	-7.402109126429141e-19	3.132083055205889e-17	draw1391	kinetic_box
0.41616564898165764	0.029551240061268053	3.6328209719431896	0.21099192137127554	0.21099192278587947	1.4146039339912875e-09	6.7045407014318136e-09	0.013465755619475063	0.04891867941749087	-0.03030909491211999	4.8228729127320744e-18	1.135316750747267e-15	draw1393	kinetic_box
1.6402353774809846	1.5873692409313265	-0.22088986930881974	0.7888426068461543	0.7888426068469095	7.55284723652494e-13	9.574593424554614e-13	0.3523053626746397	0.0778206855179975	-0.01414306730279452	7.900095073825798e-18	3.284935301180805e-17	draw1394	kinetic_box
0.6163695075031035	0.0027410461085124703	8.559678917528839	0.10403835250114209	0.10403835674070663	4.239564546648644e-09	4.075001450873405e-08	0.0024579698801984436	0.021039432963455514	-0.0156792121199478	1.1272906863909968e-19	1.8463881780543407e-16	draw1395	kinetic_box
0.9047840892992446	0.0033978180046356035	-1.314985822390148	0.9538025207366135	0.9538025207412054	4.5918824298496475e-12	4.814290516113618e-12	6.995226161363693	9.198623226605914	-6.930023137885209	1.9353936528042043e-15	5.675088397996787e-17	draw1396	kinetic_box
0.02453278685753491	1.6366853185242145	0.0020223772322660654	0.7063921247711756	0.7063921247325721	3.860356478924132e-11	5.464891727644326e-11	64.68534532572278	0.1308181696480099	-63.264652562091754	4.316410666024475e-14	2.492225117361944e-18	draw1397	kinetic_box
0.03720494953733078	0.002138284195968355	8379.159277963146	0.00011932947322570318	0.00011932947330844708	8.274389745425992e-14	6.934070448830402e-10	0.00024520867459776183	2.054642540792882	-2.0473641512181646	-1.8451538042936313e-18	4.36611426448601e-19	draw1399	kinetic_box
0.009894996470245675	0.24850560282741102	39.110769415184755	0.024923215961730343	0.02492321595877166	2.958681910580907e-12	1.1871188354966713e-10	0.1832121182285757	7.165566910105392	-7.350187925116258	-6.3737621131117615e-18	6.175470026942324e-20	draw1401	kinetic_box
0.0006733410400556138	1.3522338391301192	0.021900427931695228	0.6994066521175669	0.6994066521612776	4.37107017248195e-11	6.249683440920455e-11	7.865584749904871	0.17225967195593267	-8.028301295405509	1.394342716344359e-17	1.4274833804277856e-19	draw1403	kinetic_box
0.6858842105930721	8.335211320871752e-05	0.014222088513681206	0.7020969081633122	0.7020965159091478	3.9225416437194127e-07	5.586898033014872e-07	0.21593892381511193	0.0030711024880475946	-0.21617372745014662	-1.1997819861507498e-18	4.462237463728367e-17	draw1405	kinetic_box
0.1351936159060394	6.520085928214638	-0.21881130200228863	0.7880478098540437	0.788047809858778	4.734324043909055e-12	6.0076609371675925e-12	0.8835538654573364	0.19333157168987467	-0.670379981316967	-3.0646834388156742e-18	6.677140458311339e-19	draw1407	kinetic_box
0.08007854281514727	0.0009754361460988965	25.25882297306191	0.03805485313245993	0.03805485313493909	2.47915576956359e-12	6.514690152062147e-11	0.0073036741671015535	0.18448221283974353	-0.19165028272635143	-7.007031696483936e-17	1.9029301080559094e-15	draw1410	kinetic_box
0.06562338303505802	0.9535424212160563	-0.04397284893758494	0.7228204057561699	0.7228204057514372	4.732658709372117e-12	6.547489074346331e-12	1.6885147180591884	0.07424880262610552	-1.4243019276570024	1.397897220283415e-16	2.6391167374714983e-17	draw1411	kinetic_box
0.24957522463012552	0.18104386638491848	0.11248969276728192	0.66850635502426	0.6685063550215335	2.7264857038744594e-12	4.0784738744729445e-12	0.594538538661726	0.06687945755236634	-0.6639036856117426	1.2334197943872594e-17	1.5984043525454434e-17	draw1412	kinetic_box
0.5730198954145741	0.2353351499054705	0.03432006092886928	0.6950786060633066	0.6950786060652754	1.96875848956779e-12	2.832425674432141e-12	0.33847720516043966	0.011616558304139676	-0.4260227477075199	9.383244539504895e-18	4.009913661192599e-18	draw1416	kinetic_box
1.4182244241058937	0.1525051629919177	-0.17944339856748642	0.7730567734578451	0.7730567734673311	9.486078589304725e-12	1.2270869249043066e-11	0.08916584772166283	0.01600022275132615	-0.06393441991896721	1.1543334768330855e-18	8.586501458950117e-17	draw1417	kinetic_box
1.3650565456883228	0.05146975673227409	0.7127033737479811	0.5042182344771465	0.5042182333875946	1.0895518931519632e-09	2.160873647570813e-09	0.025477313714287405	0.018157767438208343	0.0033043167015803926	1.3524089722144803e-19	6.3892804604486796e-18	draw1418	kinetic_box
0.3157175173869399	3.3715719645907702	-0.10323763927305749	0.7444914921553006	0.7444914921762437	2.0943025091924028e-11	2.8130643952296744e-11	0.4113886851013064	0.04247079667350611	-0.31882065446860797	-2.8353955527162554e-18	1.995698356792398e-17	draw1419	kinetic_box
0.07514775295312895	2.2365011668041297	0.1234230256337734	0.6648843148331177	0.664884314867372	3.425426609027227e-11	5.151913697513702e-11	1.6808342095225355	0.2074536437280232	-1.8342610893534008	-2.6192185691736124e-17	4.0032203937856165e-18	draw1420	kinetic_box
0.5662673291652247	0.26015284063015864	0.023532016193918655	0.6988364568712069	0.698836456841143	3.0063840306127076e-11	4.301985108507451e-11	0.3294332710500297	0.007752229069164892	-0.11058680462284004	-1.5856267327720828e-17	1.0593185149138865e-16	draw1421	kinetic_box
0.18579284003803367	0.08011534761586477	7.969508097818571	0.11080233756070351	0.1108023374901045	7.059901274697467e-11	6.371617634265135e-10	0.08909730122077487	0.7100616635727459	-0.712703009824151	0.0	1.1575378469046387e-17	draw1423	kinetic_box
0.9776498185257777	0.0010725703515522432	0.09248951675689046	0.6751929502787158	0.6751929200633456	3.0215370205866066e-08	4.4750721324256926e-08	0.7510974312202988	0.06946863845090721	-0.7549513744381232	-2.4870244815199494e-17	1.1832720665485035e-16	draw1425	kinetic_box
0.2124304814610399	0.0729536145093983	10.054586375695495	0.09009232763076529	0.09009232764184669	1.1081399686752036e-11	1.2300048158157337e-10	0.01216607422435653	0.1223248441419153	-0.13222922810671328	-1.4486596492186367e-19	8.183349148887556e-18	draw1428	kinetic_box
0.491788010686851	0.10698262975220468	3.5601862268317688	0.21419956777325908	0.2141995677505952	2.266387078009302e-11	1.0580726664435598e-10	0.056792443321096175	0.2021916744998905	-0.2625690075984961	-4.479500389878895e-18	6.541875343778176e-17	draw1429	kinetic_box
0.39754327913245924	0.33166066629916924	0.014467649160308278	0.7020103263005423	0.7020103263058716	5.3292925628056764e-12	7.591473177965277e-12	0.9234275653165572	0.013359826039957608	-0.4840996363075489	9.514675033098456e-17	3.772002783583486e-17	draw1430	kinetic_box
0.41146435433500966	0.25043816979587674	0.221778066453625	0.6333756536007097	0.6333756536134594	1.2749690192492835e-11	2.0129744677988204e-11	0.13934398794338376	0.030903440218020883	-0.15535444751113547	2.9383181946052407e-19	1.6743468616309792e-17	draw1431	kinetic_box
0.8661149430624272	0.23285482010676997	0.38048330996017765	0.5866405237812781	0.5866405238704635	8.918543681346591e-11	1.5202740551411176e-10	0.20709060282064104	0.07879451802284602	0.012393470458963829	-1.3279387089421709e-17	1.518882923541945e-16	draw1432	kinetic_box
0.31375614357360004	0.04129316015463374	5.547906496335803	0.15097013449685157	0.15097013446920582	2.764574680291787e-11	1.8312063442294223e-10	0.0673041410706472	0.37339708147614487	-0.44509842588580095	5.707854768774582e-18	2.707696981258311e-17	draw1435	kinetic_box
1.2524541187834626	0.22720377035322176	-0.030195041691389046	0.7178616502141484	0.7178616502416394	2.749100946886074e-11	3.8295693131966296e-11	4.125357191602107	0.12456533239229724	2.960097761636998	1.4108653870461218e-15	4.441384846490892e-17	draw1438	kinetic_box
0.945624464356052	0.06418383571533688	-0.1817992537402024	0.7739501195144507	0.7739501195029155	1.1535217225855376e-11	1.490434194036186e-11	0.2639308110100035	0.04798242448066503	-0.18617726174978697	-4.5516837401096226e-18	3.474812593742295e-17	draw1439	kinetic_box
0.14340936404296137	0.04187087981003756	1.9817389035035018	0.3179691725264988	0.3179691726581761	1.3167728019070069e-10	4.141196427625287e-10	1.6724639628847444	3.314386899956335	-3.7819546074892667	0.0	4.305427503396275e-17	draw1443	kinetic_box
0.6981637968639153	3.949783221660984	-0.23258467542193786	0.7933194934398052	0.7933194934365463	3.2589486664846845e-12	4.1079901520727626e-12	0.2965467842843913	0.06897223757020458	-0.19267106931589373	0.0	8.796601003104256e-18	draw1445	kinetic_box
0.015925257151413543	0.0010333742208742244	3510.4348836297095	0.00028478385399906747	0.00028478385406235837	6.329089813003619e-14	2.2224187652217653e-10	0.0005473612591940305	1.921476058222208	-1.9219739988924256	6.7235237049904695e-19	1.8242896169847408e-19	draw1446	kinetic_box
0.6661977735117889	0.00032925440651537775	-0.8241677389144468	0.9848909576664182	0.9848909634196459	5.753227672045114e-09	5.841486911474238e-09	0.38786966342905055	0.31966966350182807	-0.38811111860356007	1.8713903148197767e-17	1.1289546531796234e-16	draw1447	kinetic_box
0.38406200278504293	0.07578711132071496	0.09703787776246402	0.6736654129131784	0.6736654129824381	6.925970907900592e-11	1.0281024933784371e-10	3.225494514132454	0.31299514238588333	-4.609716880054183	0.0	1.1554115904492012e-16	draw1448	kinetic_box
0.3879540452684656	0.12071105245085462	0.9947129369165087	0.4481611268594215	0.448161126879507	2.0085488827703557e-11	4.481756141492334e-11	0.09446292236902985	0.09396349093941386	-0.20880285602743195	-4.311247158441188e-18	1.3488734294725494e-16	draw1450	kinetic_box
0.17323861251477668	2.7887194936794018	-0.15917383023143972	0.7653933481452974	0.7653933481635298	1.8232415577301708e-11	2.3820974693663356e-11	0.4705934460724835	0.07490616129316968	-0.37366527062867655	3.261954939320046e-18	6.782151884851213e-18	draw1451	kinetic_box
0.18646977494053601	2.4549087878847082	-0.15879200117267558	0.7652494002387839	0.765249400269569	3.078515220522604e-11	4.022891386047682e-11	1.0371454529067452	0.16469040197420307	-0.7975914881501436	1.435786425449656e-17	4.885184547805486e-18	draw1453	kinetic_box
0.050508527913797244	1.7290835367896291	0.10129883335556292	0.6722380907828817	0.6722380907447479	3.813371840521995e-11	5.672650647179633e-11	0.5900651088817109	0.05977290713354052	-0.6433300947599724	1.6908322760180476e-18	1.815353282490792e-18	draw1454	kinetic_box
0.05244112121473241	0.22402606894290922	0.5103540325042575	0.5520592359712747	0.5520592359723228	1.0480505352461478e-12	1.8984385496245756e-12	0.4340412093038376	0.22151468144123795	-0.7009912854225597	4.5188443601197374e-18	1.838761403206001e-18	draw1456	kinetic_box
0.0007274889684141435	1.254954353628947e-05	746687.009222691	1.3392474332306012e-06	1.3392474335299858e-06	2.993846422399797e-16	2.2354692250621847e-10	1.4074188338698311e-06	1.0509013597859516	-1.050902762138707	5.682688125254469e-22	5.145754677257597e-22	draw1457	kinetic_box
0.02835271104512245	0.1871531829517452	1.9464832964893868	0.32138289459311187	0.3213828946183927	2.5280832982588208e-11	7.86626587970914e-11	0.03750834899812105	0.07300937480373705	-0.1087137801272869	2.3940330103834534e-20	1.6003553591177332e-18	draw1459	kinetic_box
1.0703794953390056	0.00369471292031395	-0.08176161320492932	0.7365772095700296	0.7365772094838655	8.616407587425101e-11	1.1697901423616938e-10	0.8933453599332053	0.07304135777727708	-0.9037873938093895	3.814199074590457e-18	2.5891778275075574e-17	draw1461	kinetic_box
0.8685242151467829	4.105987441332854	-0.19309417547776672	0.778240278933561	0.7782402789376338	4.072853165837387e-12	5.233413479185617e-12	2.502423256574516	0.483203355424644	-1.9298080409069527	-3.4706541769361394e-17	1.5291129428600698e-18	draw1463	kinetic_box
1.0547318820896514	0.004251547836120725	-1.9099049736168296	0.7396403038079666	0.7396403047423109	9.343442686216008e-10	1.2632414196886207e-09	0.03935232979165952	0.07515921039250026	-0.03765483543132913	0.0	1.3712656594772483e-17	draw1466	kinetic_box
0.330676361802939	0.008029021305287294	0.3257810951167663	0.6021807145519783	0.6021807161399794	1.5880010639790498e-09	2.637083887637997e-09	0.095892022507467	0.031239808105444206	-0.10288521426069952	-3.9661292970560302e-19	1.2948746161281658e-16	draw1467	kinetic_box
2.100188182087801	0.18328287405570123	0.014220129483967161	0.7020972035563549	0.7020972035548932	1.4616086119190186e-12	2.0817752933903307e-12	0.6010023888283277	0.008546331789312397	-0.5644908535920806	-1.8983339686374845e-16	2.613813364390727e-16	draw1469	kinetic_box
0.20727366958956658	0.07137511582437768	10.677287696412936	0.08532403090245215	0.08532403083758751	6.486464143584669e-11	7.602153906595806e-10	0.009067126453395639	0.0968123177226615	-0.10067138738263813	-3.36694619628339e-19	2.2121666146112508e-17	draw1471	kinetic_box
0.3352800963918509	1.0206211939658532e-05	0.10215946497138204	0.6719506652298549	0.6719502299884118	4.352414431085805e-07	6.477286913289493e-07	2.533579265233815	0.25882910219887373	-2.533801948693313	6.487499927124858e-16	1.5534364710373257e-16	draw1474	kinetic_box
0.0005781641246315653	1.043389620588058	0.021823797713009727	0.6994334442547963	0.6994334442512067	3.589573083218056e-12	5.132115303781262e-12	5.880514004032678	0.12833514807253002	-6.003920154712034	-5.211844013807943e-18	2.4803916701598137e-19	draw1476	kinetic_box
0.01117692220083494	0.005176116822229047	43.26382029895434	0.022586050997252635	0.02258605099742034	1.677061267635338e-13	7.425208009257054e-12	0.0022209099094598955	0.09608504722303988	-0.0982450819979149	-2.131276581527031e-20	2.3324758061763924e-18	draw1478	kinetic_box
0.33344082885448867	0.00021388418537117708	44.45519562853956	0.021994361372183267	0.021994363480436884	2.108253616822653e-09	9.585426824003618e-08	0.0006806506398286438	0.030258457348274866	-0.029626282850589228	-2.012637403525947e-18	2.100674654658685e-15	draw1480	kinetic_box
0.05989766269898583	0.0733284733241207	78.98528737180425	0.012501322284236265	0.012501322284050098	1.8616705399487898e-13	1.4891789025581842e-11	0.02052759282508183	1.6213778183404752	-1.6409571089919794	4.978527313132091e-18	1.788023614542681e-18	draw1481	kinetic_box
1.3330968037248339	0.6486798244874331	0.05319151630670642	0.6885569165768708	0.6885569165774946	6.238343175368755e-13	9.060025431705399e-13	1.1138133097254335	0.059245418826887046	-1.16681518801256	1.0174503656157428e-18	4.045901658848129e-19	draw1482	kinetic_box
0.18465322491211444	0.6673371989619379	-0.16986425698131477	0.769429901651811	0.7694299016409926	1.0818457241157375e-11	1.406035457951977e-11	3.7540459309844083	0.6376782227403945	-1.0647782449457324	2.2263161323228784e-15	2.183303937060034e-17	draw1483	kinetic_box
0.30513035696494856	0.18100708419359685	0.19682581267624977	0.6411847942754488	0.641184794290526	1.5077161741317013e-11	2.3514534149238464e-11	0.1033513906376852	0.020342221453482943	-0.12386835350693519	8.717064906263369e-20	3.2934806154101033e-18	draw1485	kinetic_box
0.25161555144662184	0.4783293768025521	-0.11819260452034469	0.7500408186920188	0.7500408186952888	3.270050896730936e-12	4.359830578846703e-12	0.7278872356427166	0.08603088817772654	-0.14359165989643397	-1.0177984438337334e-16	1.0486936615345872e-16	draw1487	kinetic_box
0.008976719243721027	0.0004947561782653406	257.54345641392507	0.003867792803617749	0.0038677928033129727	3.047761695795792e-13	7.879847372344299e-11	0.0023032261302789775	0.5931808184949172	-0.5954884009899044	-6.969655922660997e-18	1.9654251130846968e-17	draw1488	kinetic_box
0.001488602803426861	0.00019795765787110337	5582.823903522016	0.00017908873939479766	0.0001790887394090022	1.4204539237547276e-14	7.931564700506938e-11	0.0025122255374640324	14.025312781592643	-14.027797653268017	1.0125842265597362e-16	5.145344774004417e-19	draw1492	kinetic_box
0.6906271528724285	0.0006416594856037864	0.7724138063980974	0.4913871821416809	0.4913871010264666	8.11152143231908e-08	1.6507395931587926e-07	0.013160876168790856	0.010165642457069754	-0.013334695375078915	2.4868162458347787e-19	1.8035423429695712e-16	draw1493	kinetic_box
0.14034094762769475	0.033176810453347014	214.25419718060385	0.00464562002617065	0.004645620025750527	4.2012313766770504e-13	9.043424458715425e-11	0.004692806926904225	1.0054535806474414	-1.008116731848325	1.6389832956087661e-18	1.5160299821127431e-18	draw1496	kinetic_box
0.10954218393632989	0.0009469828009445578	1503.030454962013	0.0006648800068123753	0.0006648800066967531	1.1562213859950266e-13	1.738992561589193e-10	4.247009542137015e-06	0.006383384684346207	-0.006298704703130269	6.416306991648004e-22	1.5741724875272705e-17	draw1500	kinetic_box
1.3413229135138438	1.0426422755204205	-0.17934743545235188	0.773020395225555	0.7730203952185388	7.016165426421139e-12	9.076300534654865e-12	0.4736377141727716	0.08494570937040066	-0.2503181045481946	0.0	2.6894513460167242e-17	draw1502	kinetic_box
0.11771421733749342	0.09601366721210619	8.492683137633696	0.10476458917147176	0.10476458918657157	1.5099810291019367e-11	1.441308595610359e-10	0.13012710573434919	1.1051282766191846	-1.205535540338744	4.0285110934052724e-17	3.1680194320300354e-17	draw1503	kinetic_box
0.14642084661412333	0.07658255921653574	45.35969095678863	0.021565446572166098	0.02156544657828794	6.121842616169104e-12	2.8387274958324146e-10	0.01878342407383312	0.852010311099374	-0.8456903123266408	-1.4585610495906329e-18	1.242041211339077e-19	draw1504	kinetic_box
0.41863100649065116	0.2331893617773394	-0.04745937468393734	0.7240801892294378	0.7240801892292983	1.3955503419538218e-13	1.9273422511935147e-13	0.20568064474576558	0.009761474784223095	-0.007363047657482774	-4.234291128206013e-18	5.09309302220991e-17	draw1505	kinetic_box
0.053017503961395436	1.1170043956362485	-0.026133493156410496	0.7164059091285392	0.7164059091021969	2.634226170528109e-11	3.677002293056646e-11	1.5512998532400748	0.04054088409819011	-1.1909745598922166	0.0	1.8842168596941895e-18	draw1506	kinetic_box
1.8308832979009735	0.001503491609251329	-1.0078034594630607	0.9999695542133051	0.9999695544006624	1.8735724083285277e-10	1.8736294521001335e-10	2.7406432152847073	2.7620297135178933	-2.740592685374985	-1.7563658781814383e-16	2.3290838700487834e-17	draw1509	kinetic_box
0.4175272711383256	0.46518257200111907	0.24470961244351447	0.6263100131180898	0.6263100130878428	3.0246916082887765e-11	4.829384083093926e-11	0.5549680377918748	0.13580601344658735	-0.792682051612339	1.124248501430223e-16	1.3431820920196186e-16	draw1510	kinetic_box
0.141356313555188	0.16979345263855478	8.1132317815973	0.10907584203466035	0.10907584204884892	1.4188566987982654e-11	1.3007982997397715e-10	0.013642680432008137	0.11068622846714399	-0.12505832381773732	3.209615133304191e-19	1.7167203978957293e-17	draw1511	kinetic_box
0.0009024387064712396	0.014965610719421724	38.50660353555978	0.02530411905812142	0.025304119059876094	1.7546727959505404e-12	6.934336626375059e-11	0.011662034007418734	0.44906531994188864	-0.46071466334886546	6.79036786744368e-20	3.225979731134638e-19	draw1512	kinetic_box
0.6797225591244089	0.04637825766705431	-0.5918197405676671	0.9258421389059317	0.925842138705643	2.0028867453447674e-10	2.1633134436339949e-10	0.5349255938766121	0.31657952619106183	-0.5757865576047394	4.453038055357828e-18	7.474259655081005e-17	draw1513	kinetic_box
0.32535530833872084	0.001346222365141178	0.009305927055192266	0.7038243260069778	0.7038243286596629	2.6526851826247366e-09	3.768959205596676e-09	6.998978395389884	0.06513198240836487	-7.089326362054799	1.6152021221539252e-16	2.4266310673130844e-18	draw1514	kinetic_box
0.5554991993123276	0.0001900890528055346	-0.05203537538641434	0.7257365621859633	0.7257366205437144	5.835775107598806e-08	8.041174914429293e-08	0.3337099218438708	0.01736472105331681	-0.3342380645854488	-1.3619932206595215e-18	6.73591070848818e-17	draw1515	kinetic_box
0.8303069157257922	0.006625335387329192	-0.1934173392890559	0.7783631930566619	0.7783631932874898	2.308279123397483e-10	2.965555338823577e-10	1.2789339709730183	0.24736800579198787	-1.314959509670394	-5.071050047403921e-17	1.2240516460288484e-16	draw1517	kinetic_box
0.4699084343963202	0.2157732711577212	5.430622584997875	0.15365913662488181	0.15365913659256392	3.2317898357447916e-11	2.1032200931299446e-10	0.026137789796318017	0.1419444715898116	-0.15216772984282254	-2.852544566910169e-18	9.05240063238972e-17	draw1523	kinetic_box
0.06147048254638927	0.2216456424835176	29.923132549085732	0.032321354475069834	0.03232135447299144	2.0783930132495243e-12	6.430401965320739e-11	0.07792720795067119	2.331826172688102	-2.410913052275995	-1.566250400660306e-17	2.9907015674611897e-18	draw1524	kinetic_box
0.93887166302779	0.0569412436839272	0.6273684945715813	0.5235438342347726	0.5235438338039581	4.3081449518922454e-10	8.228814234311922e-10	0.024631572838764017	0.015453072770785631	-0.04482542478024337	-3.6311429622893717e-19	6.469481440720259e-17	draw1525	kinetic_box
0.26033636965914597	0.10008054401339068	12.637274955367445	0.0731320786245953	0.0731320786350183	1.0423009677573702e-11	1.4252308798156854e-10	0.00569373787615973	0.07195333106482038	-0.07784093324048233	-2.437833179468244e-19	4.023709752810068e-17	draw1527	kinetic_box
0.8324908913505903	0.026061207311966227	0.0768797600117608	0.6804657966498655	0.6804657966910594	4.1193937150296733e-11	6.05378512051787e-11	4.609924160984522	0.35440986316890777	-5.006509336724476	-3.663997090821994e-16	6.620106299202803e-17	draw1528	kinetic_box
0.31055884715414983	5.0715735648512353e-05	0.09362021354350963	0.6748129274994777	0.6748128139075643	1.1359191343096597e-07	1.6833099652213447e-07	4.028389957527009	0.3771387280602084	-4.030000197638187	-4.748988992904285e-16	1.2092143045244283e-16	draw1529	kinetic_box
0.9997163091881747	0.2923508436158782	0.2148796768778059	0.6355219987667019	0.6355219987686634	1.9615420399077266e-12	3.0865053353121582e-12	0.32328582352476193	0.06946755329817622	-0.4246733902198922	2.710059747716669e-18	1.6087471189412947e-18	draw1530	kinetic_box
0.9324204492719422	0.05863909543985999	2.447314364924752	0.2785961046665615	0.2785961053273952	6.608337210778359e-10	2.372013493516896e-09	0.2005873157955169	0.4909002193680661	-0.292802580017134	2.6112577084577176e-18	9.926984400332124e-18	draw1531	kinetic_box
1.1876331325149376	0.9129972574463507	-0.13309612223028644	0.7556003672755933	0.7556003672910544	1.5461076863232392e-11	2.0461976373387396e-11	0.1351435471020498	0.01798708206372889	-0.029937577529537573	1.6027631946355389e-18	3.504613145487398e-17	draw1532	kinetic_box
0.9368809759539317	0.6869691919055778	-0.050957032948578146	0.7253459756889901	0.7253459756782237	1.0766387781302456e-11	1.484310679636088e-11	0.05337308418918196	0.0027197340095953806	-0.040551644280618956	-3.646564320574825e-19	7.24032937254108e-17	draw1533	kinetic_box
0.14660229100967906	0.08078057072655995	9.513330346435765	0.09468995827189669	0.0946899582461862	2.5710489293118144e-11	2.715228707385524e-10	0.10374814030885784	0.9869903315865329	-1.052609083393305	-7.039532788587805e-17	5.710947487442639e-17	draw1535	kinetic_box
0.5486355425504499	0.2539886855188683	2.631051674935308	0.2655170590472647	0.26551705901964673	2.7617963471726625e-11	1.0401577802081281e-10	0.21169465766584705	0.5569795836265835	-0.7685393389802833	4.579958692459057e-17	4.2486570369781454e-17	draw1538	kinetic_box
0.761107573147248	0.06582782622399513	19.21552106844962	0.049406530147789514	0.04940653017463387	2.6844353129273912e-11	5.433361346038473e-10	0.011337577036677595	0.21785745041344892	-0.11325066428331682	-8.944718283592315e-19	1.1710079364442848e-17	draw1539	kinetic_box
0.3912679089673691	0.11473693843014328	2.0083254403013893	0.3154398042132673	0.31543980439085034	1.7758305936865781e-10	5.629697232141981e-10	0.28416468493002156	0.5706951659801911	-0.8276203724314858	3.54590116547784e-17	4.277901171198194e-17	draw1541	kinetic_box
0.1678228872828902	0.23583245315601514	24.432237716623565	0.03928981272739906	0.03928981273057282	3.1737598660264155e-12	8.077818766381645e-11	0.02170987673497802	0.5304208691875782	-0.5431360298970912	-9.338168466344832e-19	3.551832547132914e-18	draw1542	kinetic_box
0.5234266384844704	0.8004989505236301	3.4785816170722135	0.21791875145481185	0.21791875145410292	7.089329123743937e-13	3.2531983027798597e-12	0.040259145071372064	0.14004472196431825	-0.1755657473005055	-7.782787526570457e-20	2.0102685062493707e-18	draw1544	kinetic_box
0.28848570738844453	0.03631171268269542	1.9513607635167671	0.3209065080536309	0.32090650812812893	7.449801886494356e-11	2.3214866940373362e-10	0.043945809870392566	0.08575412910205192	-0.10356817204467372	-5.012616313255946e-18	2.260446492210213e-16	draw1545	kinetic_box
0.3586050878939284	0.1176852803227619	0.0256081945509212	0.6981115922464238	0.6981115922506115	4.187650226583628e-12	5.998539879682051e-12	0.5210471274058894	0.013343076208808638	-0.7067055388337037	-1.3385927019835057e-17	8.762678828495734e-17	draw1546	kinetic_box
0.24860992449404803	0.0020264222989733903	15.633587924010047	0.060010968345039696	0.06001096830647729	3.856240327060334e-11	6.42589252579034e-10	0.006476239579454835	0.10124686088236103	-0.10714580285192937	-1.5168464898767986e-17	1.3030165172450854e-15	draw1547	kinetic_box
0.047068356629310144	0.5584155944265152	0.027143472402863793	0.6975760817197971	0.6975760817183142	1.4829248939918216e-12	2.125825315482414e-12	2.5505740362824922	0.06923143596529474	-2.4384712661315873	-1.450851161987977e-16	3.925438070014235e-18	draw1549	kinetic_box
0.385865920209743	1.1758473199536719	-0.09116342463549591	0.7400337481659635	0.7400337481635415	2.421951528219779e-12	3.272758214378822e-12	2.662807113956874	0.24275061565206987	-1.8261084825161222	-4.3412573897473833e-16	1.2997110001405137e-17	draw1552	kinetic_box
0.10778491139579584	0.29902988876577075	1.6683395955496434	0.3509304210412182	0.350930420987268	5.395017765863486e-11	1.537346848040632e-10	0.41646876368325275	0.6948113287623778	-1.1473924149565242	2.3016934156302864e-17	9.870161675853874e-18	draw1554	kinetic_box
0.22761111491811356	0.49734180103416886	0.3400507319035898	0.5980698694781768	0.5980698694978138	1.9637069748057456e-11	3.283407298974328e-11	0.22280876587238577	0.07576628390944036	-0.23056184414705921	-8.003480539517602e-18	5.0482414595714085e-17	draw1555	kinetic_box
0.0687435212464892	0.00836256046081684	138.58602716366158	0.007163857010917704	0.007163857010377423	5.402813613164525e-13	7.541766405077761e-11	0.06911482386431575	9.578348857471747	-9.596388412286478	-7.746237845499571e-16	8.219449907526352e-18	draw1556	kinetic_box
3.80872354499447	0.0014219824972195915	0.000937346927322244	0.7067754560780192	0.706775456698277	6.20257845085348e-10	8.775882625903583e-10	18.874509914618507	0.01769196387318089	-18.89068709994685	-5.749750446275078e-17	9.909208304390324e-17	draw1557	kinetic_box
0.11503419036194756	0.003014364063868242	156.1542053220408	0.006363048027483044	0.006363048023791947	3.691096907287861e-12	5.800831446637764e-10	0.006660689371447798	1.0400946556953945	-1.0446923164588053	-1.3625134212385902e-16	1.2434627311780857e-16	draw1560	kinetic_box
0.7488234737380537	0.05588725476715314	22.329613416907517	0.04282465326843877	0.04282465319409825	7.434051985111267e-11	1.735928123321211e-09	0.0010429664669217712	0.02328903801316101	-0.019710880589179632	3.100175306697968e-20	5.1450369679306543e-17	draw1562	kinetic_box
0.541259468952801	0.0001527656962348371	-0.04280096970108239	0.7223973914111912	0.7223974167804543	2.5369263134678022e-08	3.511815317355718e-08	2.5869655336931885	0.1107246334253466	-2.5898888496078865	1.0449668529590896e-16	7.3833863188083e-17	draw1563	kinetic_box
0.4598480392816168	0.12866957632921316	27.730230981497957	0.034785477460610614	0.034785477457192016	3.418598737425782e-12	9.827660815157145e-11	0.015493158764740852	0.4296288711792834	-0.3186078141570704	-2.666292837485686e-18	1.0812835305440872e-17	draw1565	kinetic_box
0.466965821049984	0.6335174219859697	-0.0070824369423886325	0.7096152185408295	0.7096152185393891	1.440403352148678e-12	2.029837177271198e-12	0.7951896558046874	0.005631880594476419	-0.10943460908334757	-6.842275438593666e-17	6.252541605984407e-17	draw1569	kinetic_box
0.6286973025656227	0.04161365454603996	0.3440250605004186	0.5969321277340934	0.5969321278125441	7.845069038836527e-11	1.3142313293782255e-10	0.7655321277529068	0.2633622365652079	0.5516773298312903	-4.426428764286958e-17	5.860224061880733e-17	draw1570	kinetic_box
0.9035106536388102	2.1118144371492513	-0.22473217405455861	0.7903125553264111	0.790312555327453	1.0419443086107094e-12	1.318395236905982e-12	0.021020664505487317	0.004724019634389658	-0.014415382967430846	1.8164048319897227e-20	2.3646288801279613e-17	draw1571	kinetic_box
0.08476298661270897	0.03236269758501798	2.3282135679090805	0.28775333578832146	0.28775333584993723	6.161576804331048e-11	2.141270330066407e-10	0.1115830099779443	0.25978907777878424	-0.37455970722779297	2.1919044263054872e-17	1.5811827902986279e-16	draw1572	kinetic_box
0.39718669156996284	0.07310122892079268	4.261329334780212	0.18672325794236458	0.18672325772840864	2.1395593630124665e-10	1.1458451341527485e-09	0.03305143820373424	0.14084306317424816	-0.12445766499982197	3.029757779935037e-18	1.5126272204439828e-16	draw1573	kinetic_box
0.8871118024091723	0.05419885110347849	0.712229462013997	0.5043222999496383	0.5043222995645769	3.850614271883046e-10	7.635225083657018e-10	0.02657694128372626	0.01892888059248594	-0.041503564690078	-1.224410940472824e-18	3.8880189521681105e-16	draw1574	kinetic_box
0.855538254838861	4.8359217560821344e-05	-0.0017510515293489694	0.7077261421987843	0.7077261421686087	3.017552874240437e-11	4.26372956210728e-11	1.710110426761511	0.0029944914781363623	-1.7109742241878436	1.0281987360606418e-16	1.157696456267755e-16	draw1575	kinetic_box
0.6991313643393591	0.006877675815778052	2.1135061676356695	0.3057958036100055	0.30579580353107455	7.893097286881812e-11	2.581165992384106e-10	0.007028101578152833	0.014853936032195996	-0.021809336786865863	3.516982585655431e-19	6.663051265808477e-16	draw1577	kinetic_box
0.5381559357207827	0.41542165333196374	-0.17924408829235944	0.772981218776934	0.7729812187699326	7.001399460193625e-12	9.057657922575601e-12	2.5188343231086856	0.4514861618051187	-1.8528022734062757	2.786961147994943e-16	1.3327717128698304e-17	draw1580	kinetic_box
0.23972610075894868	0.004128953935898231	3.9544267527596593	0.1978498017140722	0.19784980119172021	5.223519949915101e-10	2.640144148971578e-09	0.15491869929448807	0.6126146489928526	-0.7577423969161683	-1.2062090092203123e-15	1.9562728545902897e-15	draw1581	kinetic_box
0.0034280834448281988	0.6140233495022596	0.06887072218733985	0.6831894377077491	0.6831894377179447	1.0195622124342663e-11	1.492356520967166e-11	1.5137619784913203	0.10425388067843362	-1.6073276444915525	5.6134813060634106e-18	9.196647481839277e-20	draw1582	kinetic_box
0.2210224258200543	1.9401529769237142	-0.031298295474245987	0.7182575581307933	0.7182575581232721	7.521205880323123e-12	1.0471460822459295e-11	0.6893438098446667	0.02157528624386082	-0.6024747234464125	0.0	4.994282569035255e-18	draw1583	kinetic_box
0.44335948429204936	0.0002916747894193353	2.457387415617088	0.27784722958259567	0.27784716524711855	6.433547711237608e-08	2.315498776284286e-07	0.021473706623015933	0.052769216422052664	-0.021642318439068654	-3.941785982184808e-18	6.747973404602185e-16	draw1587	kinetic_box
0.8258406392376558	0.0028615006750156964	0.028647437690230766	0.6970519115462954	0.6970519121737782	6.274827324403986e-10	9.001951238948246e-10	0.9644850196798203	0.027630024504438647	-0.9708935369167081	-2.9976929246226254e-17	3.264761279755288e-17	draw1589	kinetic_box
1.6273388370499702	0.05642548590648478	0.8171041997496459	0.482138126899288	0.4821381269979792	9.869122186145773e-11	2.046949127959577e-10	0.23784921522921074	0.19434759267094553	-0.31501687964542213	-4.520112499074851e-18	1.233129893989976e-16	draw1590	kinetic_box
0.02041686525654214	3.0342507072798237	-0.027101455108817188	0.7167525936676141	0.7167525936368166	3.079747568079938e-11	4.2968070090311617e-11	7.872823090121065	0.21336496155657542	-7.585640655366046	-1.0925260888400816e-16	1.099378358561907e-19	draw1591	kinetic_box
0.5394642978386368	0.0013538938757770083	0.011597119583326392	0.7030185350840468	0.7030185355088526	4.2480585715765073e-10	6.042598248852308e-10	11.510142821718468	0.13348450272463494	-11.63928139486369	0.0	1.7348540504158808e-16	draw1595	kinetic_box
0.01475657638540185	2.7764795016752983	0.04288631560681085	0.6921099956652321	0.6921099956729547	7.722600336990126e-12	1.1158053467326767e-11	1.171314938393146	0.050233382122900676	-1.2127578055991455	-2.1189893354334214e-18	5.012715942049732e-19	draw1597	kinetic_box
0.0806172561758449	0.030061185403217967	1258.1995548412442	0.0007941550497853322	0.0007941550493836586	4.0167359455917095e-13	5.057873709559723e-10	0.0034979322670070255	4.401096821213064	-4.368815601459051	-2.841716376817763e-18	1.4553923585091944e-19	draw1599	kinetic_box
0.7076144101537624	0.006896968443837706	1.9168716088174411	0.32430393739064395	0.32430393367981375	3.7108301986776837e-09	1.1442445845696702e-08	0.3850627811839374	0.7381159128637725	-0.4115407178895901	-1.4758096197003175e-18	1.2201975363455687e-16	draw1600	kinetic_box
0.26412986486399753	0.0002840898330428192	-0.9479495858167476	0.998648123350206	0.9986481234964589	1.4625289868064328e-10	1.46450882187195e-10	9.904411380433897	9.388882665840994	-9.90657102478953	-1.952237611387457e-15	1.7058457125858542e-17	draw1601	kinetic_box
1.1431332065867703	0.06856414427676027	0.04556185822102101	0.6911855948371164	0.6911855951502828	3.1316638171574596e-10	4.5308580490259634e-10	0.038725609631776105	0.001764410735565589	-0.05182233943355189	3.419546449695743e-19	4.2554727291382216e-17	draw1603	kinetic_box
0.44447326118250047	0.00018267352187960805	0.10490779346694928	0.6710319795687043	0.6710319511600016	2.8408702723581314e-08	4.2335842092871536e-08	1.0473364962519844	0.10987376083920149	-1.0492133619889374	-5.671936361957693e-17	4.7639533019844336e-17	draw1605	kinetic_box
0.1746291823140645	0.2659953799337832	0.4170813848055312	0.5765705378202035	0.5765705378224066	2.2031265700661606e-12	3.821087664983604e-12	0.2737983174570495	0.11419618140241067	-0.27185516276054744	-1.0128078536419286e-17	3.307482121314086e-17	draw1609	kinetic_box
0.24276183501377815	0.5534230909454724	0.14943833352689515	0.6563612380257758	0.6563612380365852	1.0809353412355449e-11	1.646860415567828e-11	0.7141814204795642	0.10672608131233688	-0.40332209975487465	-4.05229445682728e-17	4.703144934732462e-17	draw1610	kinetic_box
0.5412399845091662	0.11719857531381815	24.618356104108877	0.03900480651608332	0.03900480651181277	4.270549192053608e-12	1.0948776763602849e-10	0.007107750172492885	0.17498112484547113	-0.17036913603914328	1.4536090437325776e-19	3.550230905148158e-18	draw1611	kinetic_box
0.330043377857827	0.009110228722599652	303.9615384884323	0.003279084411216995	0.0032790844010849745	1.0132020656500318e-11	3.0898932193230104e-09	0.0018896120989167768	0.5743694007330993	-0.07843777622078135	-2.8224028876124548e-19	1.5151826907160395e-18	draw1615	kinetic_box
0.5515457156576968	0.2551446686682916	0.10751736404298443	0.670161405668583	0.6701614056751737	6.590727963384779e-12	9.834538228510425e-12	0.10967067312762056	0.011791501687501529	-0.13155638814285167	-2.0970360748446183e-19	3.717497683919995e-18	draw1617	kinetic_box
0.6287486425461795	3.0854471094720144	-0.010409455344077804	0.7107966061837564	0.7107966061955935	1.1837086866250957e-11	1.66532686890653e-11	0.7624751875914952	0.007936951416201016	-0.6012197354724903	-6.240297532559744e-17	3.68677359032385e-17	draw1618	kinetic_box
0.02917083542281641	0.7820684283756278	1.0057375909371733	0.4461892817545983	0.4461892817704096	1.5811296716350398e-11	3.543629881384338e-11	0.25689338640995557	0.2583673355756411	-0.5158720540319316	5.586452048213713e-19	1.5420527777499816e-18	draw1619	kinetic_box
0.3897195697078083	27.97528235106759	-0.35344848141440155	0.8397644086264675	0.8397644085983689	2.8098634530238087e-11	3.3460139823187866e-11	2.9039945134960434	1.0264124508309305	-1.8389346319968276	2.0148740486660575e-17	6.981859195435687e-19	draw1620	kinetic_box
0.6774485410218202	0.0006308641840953433	26.99479155476547	0.03569816307522843	0.03569816247835112	5.968773114650716e-10	1.6720113026182883e-08	0.10058656387060924	2.7153133248972	-0.11171961830974154	-1.1650286136267727e-16	2.3820551854755213e-17	draw1621	kinetic_box
0.13056419483788712	0.04221146236484196	3.0604740430124426	0.2391314866984814	0.2391314866961182	2.3631929746414926e-12	9.88239987670287e-12	0.024278737534278106	0.07430444602077006	-0.08261643322377801	-7.944576293835522e-19	9.573921804026391e-17	draw1622	kinetic_box
0.6376915296995533	8.818532699270763e-05	1.9968084472167345	0.31653243198536	0.316530817323765	1.614661595039646e-06	5.101119722532678e-06	0.02831007443011563	0.05652979576338937	-0.02840085163165759	-3.2010591508873923e-18	3.8002478244944554e-16	draw1623	kinetic_box
0.960681270338766	0.017184063797578558	36.55651721818707	0.02661710335293141	0.02661710339998522	4.7053812235464676e-11	1.767803638448908e-09	0.033004729654295684	1.2065379678888695	-0.583914520325496	1.5195205726934364e-16	1.0255064792688922e-16	draw1624	kinetic_box
0.0765695777807676	0.10204768668099184	381.6703162615097	0.0026132065725142455	0.0026132065725382697	2.40241854188028e-14	9.193374022271625e-12	0.03174015378487145	12.114274533260842	-12.145810514433437	1.7118666968823663e-17	1.0907637871723526e-19	draw1626	kinetic_box
0.2832113617160193	0.00017490050776524383	0.01289555271270945	0.7025623216379707	0.7025623061701441	1.5467826575132904e-08	2.201630579848808e-08	0.3275309336111344	0.004223692419425323	-0.32804708489822326	2.638024979216873e-18	4.5970965556062884e-17	draw1631	kinetic_box
0.44309732101734906	0.006813422613020095	1.9288699288985334	0.32311436098693397	0.3231143581150232	2.871910764756791e-09	8.888217724247461e-09	0.013326747857239677	0.025705563191842577	-0.015938314871982488	6.875058016041974e-20	4.678773642047129e-17	draw1632	kinetic_box
0.27138746596857216	0.4858202719949054	0.39502663848319913	0.5826078177854784	0.5826078177364906	4.8987813805467795e-11	8.408368771258857e-11	0.5136862327435027	0.2029197457557641	-0.44951593644202725	3.6420952512515324e-17	1.004878845141035e-17	draw1633	kinetic_box
1.821898773987668	1.3101002604599166	-0.023068885394774495	0.7153093385659385	0.7153093385651905	7.47957251689968e-13	1.0456416704838002e-12	0.1211055728150532	0.0027937705799389798	-0.08482665561699292	0.0	2.2082259680581412e-17	draw1635	kinetic_box
0.2639831388590779	0.29707072756385194	21.876871880848615	0.04367056784541357	0.04367056785051532	5.101745415014847e-12	1.1682342745068394e-10	0.018294644723426182	0.4002295987200377	-0.41752615799510956	-3.94490061295013e-18	2.29262976209938e-17	draw1638	kinetic_box
0.34938546542979215	0.25904304746683143	3.1835414645737385	0.23248259074484046	0.2324825906568433	8.799716511020961e-11	3.78510773050091e-10	0.3442261165545706	1.0958581152406683	-1.477060701332345	-5.914170997333214e-17	2.0154541652003345e-17	draw1639	kinetic_box
0.8025897581367779	0.014619659709389611	46.58897196779713	0.02100863402434348	0.02100863399549491	2.884856936669067e-11	1.3731768268644668e-09	0.002792511076573862	0.13010022026626264	-0.09063377590771371	1.53612438238674e-18	8.874840631962806e-17	draw1640	kinetic_box
0.5541228294740392	0.08560566133965265	3.2741952810371524	0.22781026102505136	0.22781026116104008	1.3598872028453002e-10	5.969385206419608e-10	0.010717796001202524	0.03509215709025616	-0.04538354776139232	6.987069927694084e-20	1.6052868823739714e-17	draw1641	kinetic_box
0.06667383881783565	0.09477371205791169	207.84603438597898	0.004788161478366367	0.004788161478043661	3.227062714272755e-13	6.739669764836884e-11	0.010552565131144678	2.1933088151081797	-2.090488193503136	-1.8102697739485822e-18	2.90068750731072e-19	draw1642	kinetic_box
1.1406886323683891	0.14062222483289383	0.09757424746942187	0.6734855462267447	0.673485546263665	3.6920244639304656e-11	5.4819654028403804e-11	0.5961033327348115	0.05816433410561362	-0.8061917463361202	0.0	9.355807912107383e-18	draw1645	kinetic_box
0.3108231353401896	0.0030537564642691816	6.62836437122441	0.12997765662954122	0.12997765639802975	2.3151147665601002e-10	1.7811636482123812e-09	0.08541466999866022	0.5661595553990099	-0.10401973402494254	-1.0347291261126704e-18	1.2967424698089063e-17	draw1646	kinetic_box
0.3532458691203567	0.532516668166598	-0.21132793676527203	0.7851887888284982	0.785188788839453	1.0954792628581345e-11	1.395179450380724e-11	3.9083214907556036	0.8259375168567541	-0.2821221203519326	-7.107679344577171e-16	3.2871992819127976e-18	draw1647	kinetic_box
0.015938809205631736	6.774809857517712	0.00852239756860458	0.7041001053352629	0.7041001053663891	3.112621271839089e-11	4.420708430684568e-11	25.870674008995753	0.22048016927242708	-26.01059717611402	-3.620857514463863e-16	1.8542161187764587e-19	draw1648	kinetic_box
0.5016464893008168	0.003908495719642667	6.200111538902134	0.13756628088115838	0.137566280495773	3.8538539026689023e-10	2.8014524262632223e-09	0.024565019810709365	0.15230586278173866	-0.021872974737624087	1.1076244070829632e-18	2.7357175885931943e-17	draw1649	kinetic_box
0.24890248475457016	0.2953049977448642	0.3437774779412975	0.5970029125482853	0.597002912532257	1.6028289806513385e-11	2.6847925646673208e-11	0.4885887296025187	0.16796580121329646	-0.40487459158236194	1.6686980996911726e-17	6.538833023463347e-17	draw1650	kinetic_box
0.25855262204668533	0.23647138701491485	0.3320259528349714	0.6003766954139373	0.6003766954371046	2.3167245899458067e-11	3.8587850054025065e-11	0.7771461657601686	0.2580326961785646	-0.5483721762574947	1.521585556541687e-16	1.4002702170646502e-16	draw1651	kinetic_box
0.010247719776512143	1.3624179948821857	0.034929477800768	0.6948669645553722	0.694866964619503	6.413081177214508e-11	9.229221568658397e-11	1.6541077011113559	0.05777711822604849	-1.700031633289341	-5.939142193616542e-18	1.931176647925948e-18	draw1652	kinetic_box
0.8879785665416674	0.001282358857210893	-0.006643417378206155	0.7094594791590002	0.7094594718464249	7.31257532304852e-09	1.0307248846811445e-08	1.3921851263506348	0.00924886686207794	-1.3971208785687668	1.0721176388593225e-16	1.9024984228020206e-18	draw1653	kinetic_box
0.05625263921464919	0.11373921312968904	16.409462916465024	0.05734550211070973	0.05734550212557471	1.4864977304629434e-11	2.5921784191684694e-10	0.34612385986115163	5.679706642895304	-5.957244814152149	2.4489152703439215e-16	6.996877981684066e-18	draw1654	kinetic_box
0.872961144768576	0.15563684100568545	-0.1383120610580714	0.7575526921938305	0.757552692195653	1.822542117224657e-12	2.405828843327441e-12	1.0546548400977622	0.14587148463879226	-0.764613434344788	-2.46723184407241e-16	1.3363515468389061e-16	draw1655	kinetic_box
0.1823026667282043	0.09262030429567195	1.7273204777880147	0.3442493361850897	0.3442493361583447	2.6744995107463865e-11	7.769076741272769e-11	0.17830432622426967	0.3079887139653755	-0.5096021410205591	5.8185943803880365e-18	3.9049748687776103e-17	draw1656	kinetic_box
0.1216234185169857	0.7352484261755661	0.13948036060727	0.6596077198644896	0.6596077198389483	2.55413468153165e-11	3.872202529945033e-11	0.2740343926775086	0.03822241590945313	-0.2128975716825979	-4.123604170926553e-18	1.8999024888839053e-17	draw1658	kinetic_box
0.28553083198773194	0.13657610226144126	5.603466037311851	0.14972851254600575	0.14972851258312433	3.711858598265394e-11	2.4790592881931506e-10	0.031331964948509976	0.17556760147122102	-0.20796403811970138	1.0401125614788221e-18	3.7366766067822164e-17	draw1660	kinetic_box
0.8118726884942747	0.1313104739990473	0.18496372132401048	0.6449413335930281	0.6449413335963987	3.3706371027619753e-12	5.226269316569039e-12	0.5772235903536286	0.10676542330781336	-0.80638716301412	0.0	2.2781514693523174e-17	draw1661	kinetic_box
0.5039221030544833	0.0855503580577521	1.3345957112531286	0.39373932536391454	0.3937393254346194	7.070488639016048e-11	1.7957283365616235e-10	0.026217166337090543	0.03498931775469093	-0.0587641521949615	3.09448225332436e-18	6.927934774698868e-16	draw1664	kinetic_box
0.0015422783657083156	4.354380348381251	0.06749778197602066	0.6836575687816534	0.683657568743426	3.8227421228498315e-11	5.5916036004341986e-11	8.439455159575525	0.5696445043574315	-9.00549160656181	0.0	1.5195562823058133e-20	draw1665	kinetic_box
0.598262123999264	0.00242269297625027	31.55255504454956	0.030705070210661663	0.030705070210374812	2.8685040454057287e-13	9.342118502749755e-12	0.004484796044701291	0.14150677406401566	-0.14599511063151363	1.4076670362979617e-17	6.598361538844796e-16	draw1668	kinetic_box
0.6386948365140253	0.028804215813445604	5.5379549057480215	0.1511946803527939	0.15119468083623974	4.834458389169072e-10	3.197505601672135e-09	0.01170097256041969	0.0647994583929992	-0.06804206089009224	2.1155280822304028e-19	4.600899082464663e-17	draw1670	kinetic_box
0.2236793574773018	0.08709369862833367	20.51759148514049	0.04642349721374773	0.046423497208676355	5.071373876397445e-12	1.0924153028802032e-10	0.009565464051460831	0.19626028377367022	-0.18664382508930433	0.0	3.659200466897684e-18	draw1671	kinetic_box
0.4358490567000687	0.11491269272853863	0.46376777585696455	0.5640977065441916	0.5640977069506332	4.06441658107326e-10	7.205164160380032e-10	0.027400636258351707	0.012707532134601473	-0.047013857213964824	2.6188998735574568e-19	1.200885428086028e-16	draw1672	kinetic_box
0.15528858185265493	0.06608519456460409	255.3191543359163	0.003901356464900272	0.0039013564642515226	6.487492834605924e-13	1.6628813321857152e-10	0.00332911950508134	0.849987976720572	-0.8530930175769349	1.954052204667865e-18	2.6857429033314714e-18	draw1673	kinetic_box
0.47614450977710376	5.880853643595193e-06	-0.9232219641856783	0.997065610613455	0.9970655339685218	7.664493317793841e-08	7.687050706975712e-08	14.524359346616805	13.409207564522182	-14.524393337983899	2.697420495303223e-15	2.6153719162600412e-17	draw1674	kinetic_box
0.07473583225366306	0.01580054590732771	4.031225545894279	0.19494536550062366	0.19494536549124145	9.382217225351042e-12	4.812741868322368e-11	0.06169723215145358	0.2487154583599095	-0.31469851427175727	0.0	1.8349311601964495e-17	draw1675	kinetic_box
0.0005771729003702651	3.3197957232871405	-0.000498851807806406	0.70728317394442	0.707283173924827	1.9592993893979838e-11	2.7701767292519054e-11	52.229436070554875	0.026054748604505414	-52.18648579183246	-3.624144965702926e-16	5.1471374091441267e-20	draw1676	kinetic_box
0.458955337674888	0.8482629025162145	-0.08652029299650264	0.7383250978174897	0.7383250978041404	1.3349321648092882e-11	1.8080547021623977e-11	2.533844003366952	0.21922892557873988	-1.5637246409137808	-5.426737276355831e-16	3.331363216777969e-17	draw1679	kinetic_box
0.035348684873023624	1.6399362614520172	-0.061959151543364295	0.729340352687109	0.7293403526741766	1.2932321880043673e-11	1.7731532106548642e-11	3.531010046118791	0.21877838654861592	-3.1468945831020907	-9.790220038261705e-17	1.1092207734689132e-17	draw1680	kinetic_box
0.13291753986553473	0.04910355439002103	19.83316007516252	0.04794519717622781	0.047945197182893654	6.665841489894575e-12	1.3903043227597524e-10	0.017920238017960666	0.355414949195227	-0.37374049428743766	-1.1609182733919692e-17	8.333662909793965e-17	draw1681	kinetic_box
0.30792880110847815	0.10975244496114914	0.31563480907029134	0.6051283539510142	0.6051283539598782	8.86402062860725e-12	1.4648166080142e-11	0.1544835322006502	0.04876038019065642	-0.1060213581702702	7.455680712758748e-18	2.029903702771022e-16	draw1682	kinetic_box
0.4727529949552503	1.642948388197832e-05	-0.020170443550445585	0.7142741249287711	0.7142736956947202	4.292340508582626e-07	6.009377825971583e-07	0.6244774702756145	0.01259598756271934	-0.6245789910772217	-1.6111485288070342e-16	7.509162941833495e-17	draw1683	kinetic_box
0.40631674620736985	0.0022471760189749852	52.781427841883435	0.018590565609300353	0.01859056593728325	3.279828977853505e-10	1.7642437507918093e-08	0.039956211898888996	2.1089459151762138	-0.06703752037363109	4.510472375805691e-17	7.346316689660108e-18	draw1685	kinetic_box
1.1269306741271945	0.21680681697079918	-0.24365539682978363	0.7975645342200162	0.7975645342277304	7.714273664305438e-12	9.672287737537191e-12	1.1268206183574434	0.27455592492186504	-0.6091234699430993	0.0	8.483979958230606e-18	draw1686	kinetic_box
0.7576774437408854	0.006167238700953986	7.4212712556197555	0.11791845404140695	0.1179184533708932	6.705137556295426e-10	5.686249577244296e-09	0.2861647402709204	2.123706161344475	-0.330440394974527	-2.5342941173584594e-16	2.5527837665087994e-17	draw1688	kinetic_box
0.28206324738138033	0.5037552536470956	-0.09677524034862021	0.7421030291471337	0.742103029164531	1.7397305818178666e-11	2.3443248625146798e-11	2.3468956693116403	0.22712139247076987	-0.8482567455832155	-2.3312014485776296e-16	6.440720436414587e-17	draw1691	kinetic_box
2.248745264082505	0.061558858597994315	0.9970554970392885	0.4477408680973799	0.4477408674932584	6.041214750673873e-10	1.3492658788322099e-09	0.080099191563226	0.07986333925651748	-0.0832674237384799	5.1403436131923594e-17	1.5697208844587346e-15	draw1693	kinetic_box
0.05086155962440795	0.004278716070340055	984.1636033331957	0.0010150593073478432	0.001015059307351365	3.5219223371019126e-15	3.4696714877594748e-12	0.007747939934220909	7.6252404840720125	-7.6317038437183795	1.0177200831808938e-16	1.7461956219199138e-18	draw1695	kinetic_box
0.29314026181240066	0.020712124607571627	47.32195041156892	0.020690098987413724	0.02069009898141904	5.994683915933052e-12	2.897368408588398e-10	0.00039859207445224187	0.01886215438167338	-0.01869779868000979	-1.612756592664177e-20	4.3565369372858785e-17	draw1697	kinetic_box
0.035474245907426115	0.00033132171529429063	583.0396713620632	0.0017122099446996726	0.0017122099460047597	1.3050871147668452e-12	7.622237668996797e-10	0.0006690887340646373	0.3901052756211051	-0.3904948326852772	-1.2105068075249173e-17	7.927205263277336e-17	draw1698	kinetic_box
0.2937506161643906	0.0693292721100193	1.8185662678306518	0.3343693316573825	0.33436933199048285	3.331003806117394e-10	9.962049408921881e-10	0.03648602528830407	0.06635225483652592	-0.09899606941315006	-2.548799898886608e-19	7.359302001888422e-19	draw1699	kinetic_box
0.0024104820934640805	1.267065963933022e-15	138750.06509915288	3.3406629422986813e-09	7.207151882109291e-06	7.203811219166992e-06	0.9995364794586068	3.9854915622948467e-08	0.2568048351199497	-0.2568048355568213	-1.092898189771378e-10	1.6571929516719538e-09	draw1700	kinetic_box
0.5314839828268196	0.4410668139079393	0.010434667482122758	0.7034272424097978	0.7034272424094534	3.4439118223872356e-13	4.895903392354815e-13	0.07304473419011569	0.0007621975125939005	-0.024771300144896216	-8.733731656744174e-19	7.893141201896561e-17	draw1701	kinetic_box
0.07635086826342141	0.037774860176035256	369.16867749738105	0.0027014612846134566	0.002701461284643354	2.9897525427591276e-14	1.1067167831553188e-11	0.0051490278436561445	1.900859799439731	-1.8750345255938172	2.031899219067438e-19	3.8139371183112655e-21	draw1702	kinetic_box
0.008856570341155189	0.10202664909357677	21.72572879546691	0.04396045034472661	0.043960450338600146	6.126467388956058e-12	1.3936316261020238e-10	0.03743345857618167	0.8132691689024678	-0.8510220834909212	2.305728367964022e-19	3.3242083945472213e-19	draw1704	kinetic_box
0.3952178059211849	0.1723380772962823	54.12463444246645	0.01813772568737426	0.018137725683543087	3.831171491164298e-12	2.1122667516360317e-10	0.007743037038472302	0.4190890491817914	-0.3792924983110577	-2.2805576271441926e-18	1.3001749732603815e-17	draw1706	kinetic_box
0.1580906746355358	0.19197479369997994	0.19726864240352118	0.6410451073775784	0.6410451073656892	1.1889156326105876e-11	1.8546520657435756e-11	0.12632313728875438	0.0249195937971062	-0.09845655566311644	-2.955586532548434e-18	3.0937739220247255e-17	draw1707	kinetic_box
0.7703538601261256	1.435806694400681	-0.22518470162081552	0.7904857399595464	0.7904857399836218	2.4075408333601445e-11	3.0456473932218266e-11	0.19882029553606487	0.04477128892645113	-0.08386577744926789	-1.3098860638079247e-18	2.4978948754276103e-17	draw1710	kinetic_box
0.4045535622972671	0.08006358992236406	1.2932812041012167	0.39970788253123135	0.3997078825145334	1.669797633496728e-11	4.177544918534385e-11	0.12844864109938048	0.16612021322617185	-0.29154163216920487	-5.364038051428621e-18	5.128540345575023e-17	draw1711	kinetic_box
0.41262587555030705	0.29252959947845164	0.17633491734456733	0.6476917816210886	0.6476917815911607	2.992794900791296e-11	4.6207084694497835e-11	0.17848087372183635	0.031472410115326165	-0.11702678403914257	-2.6513048490404415e-18	4.956766452279227e-17	draw1712	kinetic_box
0.07940996590057858	0.2645689066221717	23.99510035681002	0.039975860532092566	0.0399758605302671	1.825463391558202e-12	4.566414249359512e-11	0.0022716377198066257	0.05450817506107507	-0.05681246740898721	-1.5361399575213567e-20	4.319004069521261e-18	draw1714	kinetic_box
0.748306260088766	0.037574061998688506	0.13296566558356246	0.6617423324096943	0.6617423324741643	6.446998490616807e-11	9.742460432465246e-11	0.14261125020742557	0.018962399803534292	-0.19727270592502866	9.414928048269449e-18	2.5318750106421437e-16	draw1716	kinetic_box
0.34263256668502057	0.0003073791397118868	0.8888056836818302	0.46790345926286636	0.4679038192636423	3.6000077591191726e-07	7.693905479943804e-07	0.0379980947563901	0.033772922588560274	-0.038246955702408776	-1.9276928609575703e-17	2.98545748539006e-15	draw1717	kinetic_box
0.46647629549479547	0.21592708105899772	0.14242177352050897	0.658646704597466	0.6586467045923998	5.066169705969514e-12	7.691786310697005e-12	0.29990228775944533	0.042712615705558225	-0.33873000180935486	2.228598647303094e-18	1.0291515644848732e-17	draw1718	kinetic_box
0.5290877276071096	0.3796499940371823	-0.2887200930267859	0.8148903564658697	0.8148903564530247	1.2845058350308136e-11	1.576292840943517e-11	2.7898476880003815	0.8054850840100336	-1.9807727433807019	-1.4518830828401052e-17	1.2083758706344506e-18	draw1719	kinetic_box
0.23367107030739712	0.069109424007041	656.9097475426439	0.0015199635647848953	0.0015199635642879682	4.969271522048402e-13	3.2693359490997226e-10	0.0015718274422555174	1.0325487682726715	-1.008710538991643	1.093268163659243e-19	1.8423664935670224e-19	draw1720	kinetic_box
0.3930063079540818	0.00026060943646707415	-0.781454048360157	0.9769416450334116	0.9769416138838007	3.114961089067947e-08	3.18848234612969e-08	0.750974634849525	0.586852168618952	-0.7511919463635044	-2.7682940960254106e-18	3.5757163492515887e-17	draw1721	kinetic_box
0.23076153525092657	0.03924338166809646	8.824057224332922	0.10126765291497702	0.10126765293544152	2.046449121273497e-11	2.0208319852916069e-10	0.029816011050730763	0.26309818771299104	-0.2934914406499297	3.619541750222656e-18	4.170062128316732e-17	draw1724	kinetic_box
0.025727913413547913	0.008173674716580197	726.9162200935046	0.0013737831753854082	0.001373783175529449	1.440408122638237e-13	1.048497425427496e-10	0.006424686985060354	4.670209178464008	-4.6766247119952284	1.3468197738430216e-18	6.103417064168488e-20	draw1725	kinetic_box
0.1514629325935957	0.6178016882200862	0.36829588909426514	0.590051770427688	0.590051770426904	7.83928477687823e-13	1.3285757572096575e-12	0.17473750440034336	0.06435510454123755	-0.17015739524625476	1.5708192252855606e-18	1.2409623981349414e-17	draw1728	kinetic_box
0.39991980369438135	0.002913760022111745	15.905902611619789	0.059047730035673235	0.059047729277418456	7.582547784101834e-10	1.2841387597611849e-08	0.01186572582204626	0.18873507934164999	-0.02963505134625432	1.4310508701078986e-19	2.9117270950464628e-18	draw1729	kinetic_box
0.08321251267396547	0.1764553923513847	10.136014857410405	0.08943884580662861	0.08943884580050558	6.123032636473624e-12	6.846055068880385e-11	0.05811441824712213	0.5890486067825922	-0.6454327802268707	1.4028364765455468e-18	3.112684587741593e-18	draw1730	kinetic_box
0.7795747549133584	0.20417144247783406	0.027728569468223153	0.6973721114179082	0.6973721114167707	1.1375345110309354e-12	1.6311729310768356e-12	0.5777492564969283	0.016020160393989357	-0.6867226275273488	-2.4329670418231705e-17	3.6079801518065965e-17	draw1731	kinetic_box
0.9034455664386031	0.09221068728631872	0.2870116056923704	0.6135547975898803	0.6135547975572916	3.258870950872961e-11	5.3114586730432317e-11	0.41144272709063856	0.11808883775273192	-0.6705145809861928	0.0	8.7248611718146e-18	draw1734	kinetic_box
0.13339191639789513	0.004234339078314843	53.83260202134787	0.018234293175524458	0.018234293186848452	1.1323993825973488e-11	6.210272978467275e-10	0.00933448552980099	0.5024996445998072	-0.510414192349737	3.26296299522252e-17	1.2463923215922048e-16	draw1736	kinetic_box
0.12017911664713055	0.022484561298072817	2.1816717285499525	0.2998391571637644	0.2998391571032879	6.047651268659138e-11	2.0169651379375565e-10	0.08253162188002586	0.1800569061670271	-0.26587227639373345	-1.1377581423439032e-19	3.1995167336154585e-18	draw1738	kinetic_box
0.0014133923370182532	1.2055789971449717	0.0007710543094722357	0.7068342248758072	0.7068342248903959	1.4588774632784407e-11	2.0639598535351893e-11	5.1332454406238845	0.003958011018571752	-5.1167779657530135	1.782311431840702e-17	7.243495080355304e-19	draw1739	kinetic_box
0.33212490961313934	6.31572678269283	-0.1908018772341764	0.7773686704710789	0.7773686704389426	3.2136293626194856e-11	4.13398363585312e-11	0.5731296282598495	0.10935420897050495	-0.4335324517552628	0.0	6.378981228272086e-18	draw1740	kinetic_box
1.0329986979003027	0.48173573531466707	0.048470399347415	0.690182213563934	0.6901822135595331	4.4009240696141205e-12	6.3764669432973e-12	0.8121896365028777	0.0393671560271263	-0.8589399657045355	-1.551011629846559e-17	1.1147605136929371e-17	draw1741	kinetic_box
0.4276244675394178	0.4723678324095817	-0.09839745682112225	0.7427020372045416	0.7427020372126698	8.128164807885696e-12	1.0944045391864502e-11	6.917766565983967	0.6806906369750104	0.5636508676907228	0.0	3.506198074682374e-17	draw1743	kinetic_box
0.9949240116102125	0.6644259736106718	-0.1805727219040169	0.7734849498958786	0.7734849498962739	3.9535041906901824e-13	5.111287803622237e-13	8.604358394557085	1.5537124155428494	-6.862984427256449	0.0	9.45577240262449e-20	draw1744	kinetic_box
1.1549226578173675	0.00038489321700077664	2.0319625496171096	0.3132227782381028	0.3132227618475693	1.6390533486010384e-08	5.232867940161667e-08	0.6813363481148083	1.3844499430621764	-0.6843219147282953	-1.1073553009386105e-16	7.393116014599758e-17	draw1746	kinetic_box
0.005923333838213751	0.02794694401093578	262.9906373830281	0.0037879859521411673	0.0037879859508220997	1.3190676849406113e-12	3.4822401721271864e-10	0.044203103740713276	11.625002427078298	-11.669164355879465	-1.70008206904609e-17	1.2472648199051738e-19	draw1747	kinetic_box
0.14739584501043407	0.9936926041960319	-0.0036595728665763634	0.7084018171442636	0.7084018171413577	2.9058977446538847e-12	4.1020472764739235e-12	0.5423445943629919	0.00198474956186517	-0.4212363582494861	7.375094524825492e-18	2.9339114386486633e-17	draw1748	kinetic_box
0.1494520634741049	0.539117551999881	0.4605571420975339	0.564942254044619	0.5649422540306056	1.4013346039121188e-11	2.4804917563064805e-11	0.15072682017262454	0.06941831353615288	-0.21886780529599983	4.296120586485579e-19	6.65748247845625e-18	draw1752	kinetic_box
0.03956515545821452	0.450739578217385	0.603049676282127	0.529273302418405	0.5292733023633296	5.507538869409245e-11	1.0405850521491998e-10	0.23799581303174278	0.14352329800529412	-0.34008656499122847	0.0	7.68041177066115e-18	draw1753	kinetic_box
0.5184524639857964	0.027047729082975414	3.242341460734387	0.22943106349965295	0.22943106358092927	8.127631900833876e-11	3.542515897358835e-10	0.10595952434175976	0.34355695893298216	-0.31835365235577595	1.227256340064946e-16	5.842045587581811e-16	draw1755	kinetic_box
0.25329732281991263	0.5081194007414656	0.03376306918273278	0.6952721011215982	0.6952721011059345	1.5663692565226484e-11	2.2528866813886292e-11	0.7312223010158312	0.02468830913715456	-0.6779075146074309	-4.174539411047075e-17	4.652888488433735e-17	draw1756	kinetic_box
2.1913290974078494	0.04746213803582967	-0.008892383711556972	0.7102576713563072	0.7102576713342974	2.200983839628634e-11	3.098852611466826e-11	0.947715847163262	0.008427452962499008	-0.996587339170811	5.626398161156818e-18	4.28954924439209e-17	draw1757	kinetic_box
0.8047896937555181	0.0023634009266302134	0.0073363846568076764	0.7045177528831815	0.7045177520453924	8.377891713706731e-10	1.1891668718614404e-09	7.641776568610816	0.0560630123687088	-7.720638548533543	-1.4080672521381292e-16	6.639200484818885e-17	draw1758	kinetic_box
0.03422326433616217	0.0997009950383053	72.56139935138297	0.01359283022935436	0.013592830234769681	5.415320969426318e-12	3.983953949174056e-10	0.0424414038444251	3.0796076533886496	-3.1220165394965296	-5.4582019313810764e-18	5.589235719361621e-19	draw1760	kinetic_box
0.22327103230848347	0.5247272345176281	-0.017283779007851875	0.713243689356272	0.7132436893578389	1.5668577546534834e-12	2.196805633239022e-12	0.5169547879648388	0.008934932312235197	-0.2663914046137466	1.3213954751779058e-17	2.5107521169620653e-17	draw1762	kinetic_box
1.036901484764377	0.4020579135333745	-0.12685270841706925	0.7532678973554406	0.7532678973519366	3.504085910321919e-12	4.651845542124258e-12	1.6127525221601606	0.20458202544247586	-1.3389604823946302	-6.708467241514892e-17	1.482842805331191e-17	draw1764	kinetic_box
0.027262151139896287	0.2560820461583949	0.7035707018133833	0.5062299615732028	0.5062299615426097	3.059308362196589e-11	6.043317453740013e-11	0.10641181071978485	0.07486823234935192	-0.17735879376376293	-7.856740281986973e-20	3.166052626757514e-18	draw1768	kinetic_box
0.6507499724870768	0.17458629874346143	3.248507794106412	0.22911555717047008	0.2291155571405771	2.9892976982637265e-11	1.304711795030837e-10	0.04595935944313046	0.14929933736314743	-0.20054772580438993	3.313113326563252e-19	7.557401926269957e-18	draw1769	kinetic_box
0.0627772016261163	0.0027774755936003062	642.0870356034027	0.0015549975911002844	0.001554997590726154	3.7413041414913195e-13	2.4059870985036077e-10	0.0002801358816991287	0.17987161784633904	-0.17770690269096198	-1.793772575752084e-19	5.473253974759383e-18	draw1771	kinetic_box
0.33171965135575926	0.28332065387580985	0.014965665761892167	0.7018355602879754	0.701835560320031	3.205558041230461e-11	4.5673918827492203e-11	0.45588880230908896	0.006822679439947161	-0.39380741602163793	1.9071772161798285e-17	2.1918219839764872e-17	draw1772	kinetic_box
0.4200682541659795	0.16435979668253278	1.204665373653439	0.41307682865845896	0.41307682863746253	2.0996426819408498e-11	5.0829350289788446e-11	0.08360117251464551	0.10071143772522104	-0.20211939641010593	1.1903083753981272e-18	2.82354659700531e-17	draw1776	kinetic_box
0.5292463571911238	0.00032185071547332554	0.9507334904713454	0.45618090190352634	0.4561807800600737	1.2184345266064156e-07	2.6709466506808157e-07	0.2189458758802843	0.20815917679996865	-0.2198792035896996	2.2057559691470167e-17	6.102272682156236e-17	draw1777	kinetic_box
0.45665727446248155	9.38746901213214e-05	-0.9681531887901248	0.9994932651709899	0.9994932757225088	1.0551518880852484e-08	1.0556868302315544e-08	0.25691747312882796	0.24873547086557593	-0.25692750839789874	3.2037048388542664e-17	4.917459373674642e-16	draw1779	kinetic_box
0.899090894206246	1.121706984378248	-0.20796734065268233	0.7839061800762054	0.783906180089993	1.3787637698214894e-11	1.7588377344635888e-11	1.3212415120665784	0.2747750836244152	-0.4154542958146987	0.0	3.6111982691892415e-17	draw1781	kinetic_box
0.6983592432393184	2.3337003389533097e-05	-2.3668295481509287	0.5904643228308766	0.5904641600010946	1.6282978199111398e-07	2.757657331662808e-07	0.1851871097176226	0.4383063232163371	-0.18508649786607176	-7.544342911884152e-18	1.3401407716290954e-16	draw1789	kinetic_box
0.5703920911932775	6.101121777989211	-0.1561555576191593	0.764255907910378	0.7642559079470835	3.670552750634215e-11	4.8027796873614237e-11	0.08474502436585911	0.01323340653529997	-0.06772000623186225	0.0	1.2341425896700245e-19	draw1790	kinetic_box
0.13184065588994628	0.37398343529684447	0.11660478673355137	0.6671403191397048	0.6671403191531906	1.3485768057819314e-11	2.0214290263459066e-11	0.6221544991454043	0.07254619268816932	-0.6423230082154935	5.2852660924274765e-17	5.2086169255205554e-17	draw1793	kinetic_box
0.2842158553404454	0.012322893864766787	142.0936983660472	0.006988257299194913	0.006988257297493399	1.701513929752707e-12	2.4348186641081734e-10	0.00106139930412809	0.1508181525667092	-0.15092614034935614	6.049406532706625e-19	2.628606505851661e-17	draw1796	kinetic_box
0.9772509845941749	0.11258198790152103	2.123008670602863	0.30495199471571705	0.3049519947059015	9.81553727186224e-12	3.2187155494189945e-11	0.23462914615681127	0.49811971166705676	-0.529222841618638	-1.7642072626755376e-17	3.1501956118704585e-17	draw1797	kinetic_box
0.01050478397143926	0.0006591661726214497	15587.952517587519	6.414799177782804e-05	6.414799177907005e-05	1.2420077986907696e-15	1.936160064009996e-11	0.00013594190227217664	2.1190559177692125	-2.119173552851617	-1.0671330491534605e-18	2.375968387485211e-19	draw1798	kinetic_box
0.1628561981071413	0.2913288280851573	1.089356594867264	0.43171635646274986	0.43171635649089424	2.8144375718852643e-11	6.519182165720484e-11	0.2208048423265577	0.24053521116706206	-0.40718930736586073	-6.270239294688032e-18	3.265424497951676e-17	draw1799	kinetic_box
0.08012354844595819	0.19265261205662046	1.4189151429953135	0.38204827845318895	0.3820482784721952	1.9006241025465442e-11	4.974827030099727e-11	1.1102025946735143	1.5752832733749376	-2.609376895453233	9.298258598148742e-16	1.0906058540903976e-16	draw1801	kinetic_box
0.006577687752850304	1.1424806312650706	0.013237216682494553	0.7024423064213494	0.7024423064193014	2.0480284135260263e-12	2.915582382795034e-12	1.7662770125660847	0.023380591536646417	-1.7280735807177094	1.2410949314142225e-17	7.409605086555575e-18	draw1802	kinetic_box
1.9078257796552611	0.41570146505548106	-0.37696465248351574	0.8487468911317178	0.8487468911410747	9.35695965154082e-12	1.1024440559612665e-11	0.7170653331228098	0.27030828410861646	-0.4482076432486284	1.6629488639624956e-16	2.3309321526568704e-16	draw1803	kinetic_box
1.7909996361956801	0.06589869574257633	0.009413384603996598	0.7037865156987619	0.7037865156978476	9.14379683081279e-13	1.2992287614016237e-12	3.365174105881555	0.03167767811807345	-4.532963696271982	1.3537965276584037e-15	4.687006054298503e-17	draw1804	kinetic_box
0.33943693018942966	0.13686531785374834	5.7179755073715866	0.1472321478992846	0.1472321479327706	3.348599175723166e-11	2.2743668571976613e-10	0.018949766921722098	0.10835430312880723	-0.12805663240233756	6.893475355145702e-20	3.629199019432036e-18	draw1809	kinetic_box
0.33607614773575434	0.0005024301173040908	0.24018296412676518	0.6276965476641589	0.6276963300243465	2.1763981239431018e-07	3.467278713990068e-07	0.030678357463731078	0.007368418830179406	-0.0310153300652321	-1.4854146753016162e-18	6.010029032982498e-16	draw1811	kinetic_box
0.480483208357653	0.6053641350700748	-0.08816152957075223	0.7389287057819183	0.7389287058055584	2.364008988564592e-11	3.199238262082969e-11	4.878821526845754	0.4301243683094344	-0.7079156325693705	3.4965588866202295e-15	3.145556131770342e-17	draw1812	kinetic_box
0.5315633933553546	0.002802037950160099	0.6966693856217177	0.5077589962826655	0.5077590029143977	6.6317321634201676e-09	1.3060786958686779e-08	0.14830979268902866	0.10332289215434991	-0.15297297321846698	-1.978188649426284e-17	2.2336190173019684e-16	draw1813	kinetic_box
1.0226693747457636	0.5598312808035499	0.002214074007969229	0.7063244215661492	0.7063244215825659	1.6416756842829727e-11	2.324251624493871e-11	0.32186912990270533	0.0007126420744852511	-0.3279762071641461	-1.7904327278384165e-17	8.592821413380208e-17	draw1814	kinetic_box
0.49312624580936576	0.011238967351579518	-0.4772263629847217	0.8862085764571174	0.8862085746153696	1.841747754305345e-09	2.078232830352264e-09	0.11234033964934784	0.0536117717073266	-0.11733829752541444	-1.748837149630353e-18	7.66815022443021e-17	draw1816	kinetic_box
0.09029256024758209	0.0015888149544448472	21.754890321127938	0.04390422108567464	0.04390422149588405	4.102094081082086e-10	9.343279396188932e-09	0.027718054684156532	0.603003239568852	-0.5731962344375963	-8.100438140978268e-17	2.036447291582504e-16	draw1820	kinetic_box
0.06690324267815023	0.008267685677781895	60.23812153581233	0.01632752070337119	0.016327520702350502	1.0206870071360896e-12	6.251328819256386e-11	0.008303939745037242	0.5002137315876157	-0.49952179695319326	-2.0638945742557184e-18	7.981564816880782e-18	draw1821	kinetic_box
0.40430797100773525	0.13543895264113398	0.11409963207196931	0.6679715261296826	0.667971526165912	3.6229463873382883e-11	5.423803628477442e-11	0.13018779666872518	0.014854379700161895	0.010151642843096553	-1.2646884876474475e-18	7.895855047040715e-17	draw1822	kinetic_box
0.43767764653520996	0.0025893123529549195	41.73873741726181	0.02339157488829722	0.02339157495262825	6.433103008629537e-11	2.7501795076465005e-09	0.0003725443930139797	0.015549532596283683	-0.01564665619749178	2.9328132377827564e-20	1.1370572793112038e-16	draw1824	kinetic_box
0.7637263259017917	0.028402780730963577	14.226411189900166	0.06553417717753975	0.06553417695278929	2.2475045435843555e-10	3.4295151752702317e-09	0.0189915423764221	0.2701814909773945	-0.07653445563000913	-1.8087991009902894e-18	3.72077175973973e-17	draw1826	kinetic_box
0.21067710691752736	0.09463187644836417	0.630050390554757	0.522918134577508	0.5229181346111624	3.3654412590067295e-11	6.435885535905623e-11	0.36202110287407524	0.22809153725487494	-0.5818003596073079	-1.7398174470452486e-17	3.719947863751634e-17	draw1829	kinetic_box
0.41541079521682267	0.0004803148769065235	-0.6531611217097221	0.9447858143158585	0.9447858348426582	2.0526799704434495e-08	2.1726405019453924e-08	0.6382731991162751	0.41689523869203904	-0.638942999493248	-6.454962483285826e-17	2.0325153145110167e-16	draw1831	kinetic_box
0.13664959281977956	0.0390637340450822	51.40314826690683	0.019079349338720433	0.01907934934662451	7.904076698705964e-12	4.1427391233885773e-10	0.01135332403603474	0.5835965987465308	-0.5443115764119337	3.275752627951343e-18	9.405724562629432e-18	draw1832	kinetic_box
0.5427312906622876	0.00010515794516899245	-0.017297775350772652	0.7132487087953405	0.7132486800177752	2.8777565330706523e-08	4.0347169419212026e-08	0.22514139572336406	0.003894445285382158	-0.22527989974436685	2.4966033532225567e-18	3.052136819090923e-17	draw1834	kinetic_box
0.15274927010380082	0.03562048675336988	65.19313097591734	0.015105584058409317	0.015105584060073451	1.6641341082923589e-12	1.1016681656758574e-10	0.005868614088872416	0.3825933269429732	-0.36837409359537654	-3.9727943683501247e-19	2.060235495664582e-18	draw1835	kinetic_box
1.3851772187022575	0.009272431981708696	-0.0010024047997694177	0.707461273668562	0.7074612735716381	9.692391333970818e-11	1.3700242961764547e-10	2.9677991146491047	0.0029749360772756903	-3.025499384313475	-5.1809273570291944e-17	1.5907749856613072e-16	draw1836	kinetic_box
0.3183914768411969	0.07653401173331605	10.86305069272464	0.08399744683167668	0.08399744682786428	3.812394844260325e-12	4.538703244246286e-11	0.0024217515331600107	0.026307609669900815	-0.02880439396936934	-4.668352365271836e-21	6.405719788409101e-18	draw1837	kinetic_box
0.6977930596778182	0.07135889279691404	23.425255744718623	0.04090696002410906	0.04090696001041512	1.3693941813830435e-11	3.3475823699301754e-10	0.0039205850580554145	0.09184070765387059	-0.09223099105589191	0.0	5.829729515386317e-19	draw1840	kinetic_box
0.1642338876959173	0.02062710908702338	1360.478032388298	0.0007344956777803691	0.0007344956778361078	5.5738725267262534e-14	7.588707047463366e-11	0.0006310068074919152	0.8584708998802224	-0.839570381766421	8.873655261940835e-19	1.1936847775858952e-18	draw1846	kinetic_box
0.14326140224533554	0.016930501379500834	444.7554790734831	0.002243376762786388	0.0022433767627617514	2.4636542805822614e-14	1.0981901575682424e-11	0.009132925461151981	4.061918638817062	-4.071061721158396	6.115918458062075e-17	3.689637969746877e-18	draw1849	kinetic_box
0.5932809563118969	0.06394693462666744	0.1571895359356921	0.6538479316358593	0.6538479322081419	5.722825546783383e-10	8.752532913052962e-10	4.613201646141389	0.725147025934736	-6.964770113604832	-4.0368385542356165e-15	9.774093309113218e-17	draw1850	kinetic_box
0.30227093844347797	0.3107701437428627	0.031029016435866377	0.6962227225632395	0.6962227225637159	4.763966998666547e-13	6.842590516328006e-13	0.06812161690204452	0.0021137467704913323	-0.018258068897733466	0.0	2.879130258044471e-17	draw1852	kinetic_box
0.7270287105595322	0.19605835818671086	0.41685017384963685	0.5766333431665864	0.5766333430895606	7.702583015856135e-11	1.3357852278514177e-10	0.07531165554035746	0.031393676704901965	-0.12653695828648842	1.0377248959042424e-18	6.300804141628678e-17	draw1853	kinetic_box
0.3443578718725114	0.30952960941365393	0.07804573544170652	0.680070310053551	0.6800703100504834	3.06765723934177e-12	4.5107942428982825e-12	3.446881692626567	0.2690144166815946	-3.791683654620381	2.32000409032609e-15	9.097779168825348e-17	draw1855	kinetic_box
0.11510344288210365	0.6166596196670096	0.21329902962140043	0.6360151528937238	0.6360151528781325	1.5591306024020923e-11	2.451404805917948e-11	0.34121947914486267	0.07278178378951888	-0.2869648249451684	5.458978525481868e-18	2.4318235121277978e-17	draw1858	kinetic_box
0.12460194882181963	0.07567338001619127	17.242668777830353	0.05473436825412476	0.05473436825784144	3.716679741749829e-12	6.790394883597407e-11	0.17158427937815346	2.958570896800207	-2.4978310447798386	-1.3249530354303013e-16	2.539329882287935e-18	draw1860	kinetic_box
0.00039366858884557046	2.2381235802325663	0.037227389866172175	0.6940695523242051	0.6940695522748025	4.940259312746775e-11	7.11781592573129e-11	6.669534555745664	0.24828936313265126	-6.915901695085952	-1.5000638817443894e-18	2.8166840687560644e-20	draw1861	kinetic_box
0.9702445464099938	0.003214044614520594	0.3168388950125757	0.6047774680143526	0.6047774759265603	7.912207666826987e-09	1.3082841180063703e-08	0.029584674214725347	0.00937357548750062	-0.03106375717835621	4.947425903211459e-19	2.911340892437734e-16	draw1862	kinetic_box
0.30889767303521676	0.07292827796599641	0.4507458175657998	0.5675351143509505	0.567535114236573	1.1437750746523534e-10	2.0153379869559557e-10	0.14397437391006318	0.06489584687661556	-0.24877669115767914	6.0553336176926185e-18	2.4765107628442804e-17	draw1863	kinetic_box
0.1877039155610076	0.0020179365656854825	1382.8323766621584	0.0007226306855456083	0.0007226306854551552	9.045303568655516e-14	1.251718720325065e-10	0.0030076076471032684	4.159017230711094	-4.161920568477642	1.4778058148404912e-16	8.531058155126851e-18	draw1864	kinetic_box
0.5269306401910916	0.12681737137306523	0.07280891995648991	0.6818486330836706	0.6818486330860312	2.360556194958008e-12	3.4619944668279015e-12	0.2224153931530057	0.01619382455716843	-0.26444344169836315	-4.928406586032072e-18	5.4180863267396584e-17	draw1865	kinetic_box
0.2008816849244683	0.428888188410398	2.211298276884055	0.29731849130322113	0.29731849134506255	4.1841419218258125e-11	1.4072928672874811e-10	1.9618296498232415	4.338190524194183	-6.198806749837232	-3.493198644724383e-16	7.133940104237184e-18	draw1866	kinetic_box
0.21301341517995687	0.00012392001393249233	-0.2436503715785584	0.7975611652565958	0.7975626059265845	1.4406699886393426e-06	1.806340941681456e-06	0.03834039176462734	0.009341650699918958	-0.03839168257914259	-4.845271152389956e-19	1.3675831580419807e-16	draw1868	kinetic_box
0.6282260509558584	0.013851329181673675	0.7555128909821683	0.4949630534838137	0.49496305345441566	2.939803955825937e-11	5.939441207396468e-11	0.13738386598233351	0.10379528176261955	-0.22723203716267093	-1.0704955160204189e-16	1.3888321994268856e-15	draw1871	kinetic_box
0.23708490195026372	0.037712466154413496	29.042229912300968	0.033268051943796735	0.03326805194145629	2.3404472804244847e-12	7.035119713480985e-11	0.0012483079963051015	0.0362536478300565	-0.03742917612006558	4.164712167909133e-20	2.9672923722287114e-17	draw1872	kinetic_box
0.8539571073538434	0.6035847474975156	-0.005508220894989872	0.7090569056272443	0.7090569056543686	2.712430280382705e-11	3.825405632118454e-11	0.3842674492897017	0.002116629993441996	-0.07565969676875639	-3.415361581233447e-17	1.5384079343571656e-16	draw1873	kinetic_box
2.438356756974991	0.419732612636703	-0.32593674369922243	0.8292086983035631	0.8292086983078046	4.241496043277948e-12	5.1151128201304665e-12	0.30730567285575505	0.10016221033090333	0.2151419678703863	8.973897585236621e-18	7.61966448101142e-17	draw1874	kinetic_box
0.08892958348328474	0.14636798504044296	22.322422645804064	0.042837832670359344	0.04283783266827262	2.086726624828117e-12	4.8712236237236825e-11	0.03062012206229937	0.6835153061407562	-0.7147858141223709	3.867084924572124e-18	7.496958443785054e-18	draw1875	kinetic_box
0.3025379358022335	0.004240040940637256	-0.34263443627290674	0.8356200374540474	0.8356200596960626	2.2242015118578706e-08	2.6617378149907895e-08	0.010083211051480225	0.00345485533444467	-0.010434757936774983	-1.3365558903769174e-19	6.886129116033406e-16	draw1877	kinetic_box
0.6341516794601691	0.015514565323558424	-0.3059942592708645	0.8215387871185947	0.8215387849175241	2.2010706590691598e-09	2.6792048038123115e-09	0.03748060159611091	0.011468848922428339	-0.043386871182401525	3.3728792075467035e-19	1.6160348415732171e-16	draw1878	kinetic_box
0.10567164862763416	0.1238683569355675	16.72272657927961	0.05633511929745499	0.056335119299808244	2.3532564785710974e-12	4.1772459308151454e-11	0.022170534385523723	0.3707517846456301	-0.3849010791352099	6.575731606620578e-19	4.55587983364942e-18	draw1880	kinetic_box
0.7717559874576814	0.20142994290350122	-0.023930465145750805	0.7156174658131605	0.7156174658134132	2.5268676040468563e-13	3.5310312069796517e-13	3.1383512826526276	0.07510220598464103	-3.0916751926267265	7.186009144611373e-16	3.744136110685128e-17	draw1882	kinetic_box
0.32334417882622435	0.11756236659229466	8.664316979420391	0.10292390398701536	0.10292390398500222	2.0131396549771807e-12	1.9559495676247665e-11	0.013944270205239119	0.12081757710487916	-0.13306656337922235	-1.0073962283070449e-18	5.1843372011521e-17	draw1887	kinetic_box
0.5975362578025163	0.19285088539295617	-0.02507421085204102	0.7160266990600435	0.7160266990647369	4.693467836602849e-12	6.554878250676106e-12	3.531000619396199	0.08853705404942773	-4.590353104197932	0.0	2.9970671010007225e-17	draw1888	kinetic_box
0.3323387802280839	0.04483535464836419	-0.0012721856651842106	0.7075567097585002	0.7075567097034385	5.50616219285871e-11	7.781937641671906e-11	0.2216038790063215	0.00028192127822105847	-0.28377364057736	-4.193164420806589e-18	1.8846663336739688e-17	draw1889	kinetic_box
0.0149179658923741	0.0028449326204131324	4025.1383163616715	0.00024837695337448734	0.0002483769534421065	6.761914162281557e-14	2.7224402540462245e-10	0.0011776921736096559	4.740373892875488	-4.7398075113586255	1.0823754739044429e-17	4.810712327309559e-19	draw1890	kinetic_box
0.23744772214086035	0.05071612806878591	699.7194644153202	0.001427103188875921	0.0014271031881812005	6.947205397761502e-13	4.868047002694671e-10	0.0007679242749227112	0.5373315623604427	-0.36555441899057495	0.0	2.3431741795619378e-20	draw1891	kinetic_box
0.667691570545169	0.47729194402794783	-0.2890756625259391	0.8150272123198815	0.8150272123150935	4.788058838300913e-12	5.874722666867012e-12	4.405257340380634	1.273452684267788	-2.689724212169353	7.301632027143647e-16	7.80758482899687e-18	draw1895	kinetic_box
0.2296312995759788	0.6348819286289488	0.5274819062389418	0.5477334323450749	0.5477334322671666	7.790823541853342e-11	1.4223750245818903e-10	0.1549830988155189	0.08175078039802819	-0.23668321526332595	7.844396568361448e-19	9.767956864722867e-18	draw1899	kinetic_box
0.06096546554298117	0.010903788263473557	5.128243831182765	0.1610488205298029	0.1610488205410395	1.1236594987806825e-11	6.977135846172461e-11	0.1136484253056775	0.5828168359974758	-0.4705099801492683	3.760193046919446e-17	6.987572118271827e-17	draw1900	kinetic_box
0.004799868780736889	0.08897202818872997	7.827130683800808	0.11256705784864734	0.11256705783547538	1.3171963519909013e-11	1.170143714616825e-10	0.705990178282537	5.525877386897247	-6.230116361114634	1.3918563059010271e-16	3.517917311638526e-18	draw1902	kinetic_box
0.10871586427763984	0.04714687013213906	229.10865712902157	0.004345732009089217	0.004345732010862021	1.77280412572145e-12	4.0794142880655813e-10	0.00029712476284466885	0.06807385541512109	-0.06813945072346742	9.692683872076497e-21	2.128620401622656e-18	draw1903	kinetic_box
1.457094103608891	0.12277068163542051	1.1289246368706283	0.4251540788830203	0.4251540782962317	5.867886176957882e-10	1.3801787343715317e-09	0.08725750422778056	0.09850714627458448	-0.006173998422981844	5.828730997296791e-18	1.1801916440435595e-16	draw1904	kinetic_box
0.1623625727580021	0.10244734188860485	16.41480992008793	0.057327952777702466	0.05732795276797486	9.727607608311928e-12	1.696834988628107e-10	0.005037584709907626	0.08269099546947496	-0.0815171588379054	1.376872509629203e-19	1.5651828305325332e-17	draw1905	kinetic_box
0.9144437748643912	0.12877164117897605	-0.0281518504077834	0.7171289815217741	0.7171289815092915	1.2482570532768023e-11	1.7406311632388394e-11	0.9274630167108655	0.0261098001051958	-0.6065416707680414	-9.887380860311768e-17	1.1555465541599152e-17	draw1907	kinetic_box
0.589713775957114	0.002311032859688688	-0.8953943758108583	0.9945733246069145	0.9945733266692983	2.0623838192790345e-09	2.0736367686289152e-09	15.673713953378645	14.034155321923414	-15.690329583125425	8.994410103244398e-15	2.4644673990864974e-18	draw1908	kinetic_box
3.9909321670778666	0.0033159289042719413	0.06484182294726863	0.6845641919010915	0.6845641920109505	1.0985901077731342e-10	1.6048021801227382e-10	2.957018176566881	0.19173844905680482	-2.9619586255982844	0.0	3.45646095799978e-17	draw1910	kinetic_box
0.2766569526210756	0.02732906690724218	16.049700645180884	0.0585514323152617	0.058551432310108946	5.152753224102469e-12	8.8003880021443e-11	0.0035280675814596935	0.056624428538395416	-0.05987855079811108	-1.790925373469915e-19	4.843264315951924e-17	draw1911	kinetic_box
0.6249696386210589	0.0033848632934886384	26.065591136015716	0.036922088774214476	0.03692208835241273	4.2180174630868095e-10	1.1424103162385659e-08	0.005867019340517182	0.15292732731701744	-0.016523707970074568	-7.31121688205144e-19	2.6669585738404195e-17	draw1914	kinetic_box
0.011436786718006034	0.006695253340102323	898.6680140332186	0.0011115204348590825	0.0011115204349412908	8.220832868610639e-14	7.396024949415216e-11	0.003051376980859779	2.742174891455936	-2.7452196702047664	-1.5253851768791205e-18	2.0307936866404886e-19	draw1915	kinetic_box
0.2574378198151646	1.4045365549667888	-0.0005022984532334205	0.7072843928049674	0.707284392802883	2.084332706431269e-12	2.946951364459364e-12	0.5739386730202292	0.000288288507708903	-0.5244755754530177	7.937985431428821e-18	1.962118175517554e-17	draw1919	kinetic_box
0.16226229177841348	5.151159571272694	-0.1918636990127565	0.7777723537251549	0.7777723537097873	1.5367596084558954e-11	1.9758475614695242e-11	1.0441498998650292	0.20033446211190378	-0.8096875681069432	0.0	5.183361749114074e-19	draw1920	kinetic_box
0.13913308305884825	0.6319140685045577	0.07420798623665438	0.6813730207670111	0.6813730207689327	1.921574011021221e-12	2.820149833424158e-12	2.4475251406387843	0.18162591195038844	-2.3303113461667437	-2.8995867242800306e-16	2.2270955035128904e-17	draw1923	kinetic_box
0.0350953283883743	1.1701112053828318	0.0015752292031834462	0.7065500730108155	0.7065500730552651	4.444955514770754e-11	6.291069358396454e-11	2.1846404972917415	0.003441309509791158	-2.107882368369265	3.034598681692098e-17	4.865870039075425e-18	draw1924	kinetic_box
0.9197782679399693	4.7287654010302616	-0.1757003527090531	0.7716384972050556	0.7716384972096009	4.545253062815391e-12	5.890391782229548e-12	1.5052755481321969	0.26447744473114015	-1.173207444705407	-8.347828326960069e-17	2.474287860892817e-17	draw1925	kinetic_box
1.0957648665655637	0.018725681168140194	0.045457844013330195	0.6912215072243764	0.6912215070745061	1.4987022733947697e-10	2.1681939263403533e-10	0.34050181910626404	0.015478478579187726	-0.44680467466613705	0.0	1.340452765186817e-16	draw1926	kinetic_box
0.0460599270309738	0.00960511992585902	328.4081017979274	0.0030357340540229506	0.003035734053566784	4.561667883706821e-13	1.5026572826256528e-10	0.0041656311557543915	1.368027020651606	-1.3720244263894206	2.640252364234132e-18	1.4080553001687068e-18	draw1927	kinetic_box
1.1371647173968005	0.23173813644211302	-0.2947098919839258	0.8171958177139793	0.8171958177298808	1.5901502337101192e-11	1.9458619332236154e-11	2.9827888721333293	0.8790573863172692	1.5503593646391014	-1.6392381743601763e-15	3.422646223437372e-17	draw1929	kinetic_box
0.06817965346118622	0.012450929025882579	181.0762300707938	0.005492122270458076	0.005492122270951796	4.937196484977591e-13	8.989596810491192e-11	0.004360961158731737	0.7896664061083035	-0.7940273570980733	-1.4836480870297669e-18	2.3531362907873196e-18	draw1932	kinetic_box
0.5587271511812607	8.372733971963779e-05	-0.689738923008781	0.9550868188486847	0.9550867773555369	4.1493147806548336e-08	4.344437467916306e-08	0.24872769792583732	0.17155717448982044	-0.248768086934959	2.3300953260248105e-17	2.495411869081866e-16	draw1933	kinetic_box
0.12956239783028575	0.05084379433550319	260.3509096647983	0.003826245260429764	0.0038262452622773286	1.8475646360038844e-12	4.828662329147817e-10	0.003956206266798633	1.0300019003826	-0.9469096249356402	4.099614996318403e-19	6.898948086586109e-19	draw1934	kinetic_box
1.153757935266607	0.02228090687306112	0.26399825121993054	0.6204491681122603	0.6204491683086942	1.964339801929782e-10	3.165996349522798e-10	0.40107567483731693	0.10588327676390515	-0.4415779402166876	-9.297604851929073e-18	7.170456254273532e-17	draw1935	kinetic_box
0.7652665293993333	0.10657306455131874	9.0798102657466	0.09872357411438563	0.09872357411500583	6.201983371312281e-13	6.282170623287421e-12	0.00875699481402983	0.07951185140951779	-0.06467173865460196	5.541138095487241e-19	7.755511341892966e-17	draw1936	kinetic_box
0.2997504167629349	0.11206762184610938	203.4138302571785	0.004891978358919939	0.004891978360486463	1.5665238203843579e-12	3.2022296603711495e-10	0.001233832913342023	0.2509786788002743	-0.24257446419362524	-6.565678636535704e-20	1.0114303778803974e-18	draw1938	kinetic_box
0.32722920184499876	6.157599986670511	-0.21320991363248792	0.7859074272838583	0.7859074272699591	1.3899215112189722e-11	1.768556273920458e-11	4.215496617266847	0.8987856696855095	-3.089774475752492	-4.673628215902203e-16	1.7398263940756376e-17	draw1940	kinetic_box
0.19854692638259938	3.052067275449497	0.0019130910502128233	0.7064307252099019	0.7064307251617556	4.8146264752801926e-11	6.815426203578219e-11	0.5034018062291246	0.0009630534901579079	-0.46653292672937635	3.4905206142865465e-18	2.366107818848772e-18	draw1941	kinetic_box
0.2028791963859349	0.12637482060563007	439.81529873933056	0.002268517970576108	0.0022685179706095713	3.34632495324616e-14	1.4751150295481118e-11	0.0027862850034526677	1.2254507711664517	-1.1770913359023143	1.020268577393649e-18	5.221739822614197e-19	draw1945	kinetic_box
0.07181974007983136	4.532216817118175	-0.09444408605594815	0.7412428993684418	0.7412428993827452	1.4303447315455742e-11	1.929657245602844e-11	0.21620345234240032	0.020419137458618737	-0.19060382526604105	3.749477983229605e-19	5.252209453058791e-18	draw1946	kinetic_box
0.7816258980377532	0.20136956321924226	0.17315872609967348	0.6487079769906325	0.6487079769961136	5.481060050271935e-12	8.449194775825567e-12	1.732742461094076	0.30003947722186325	-2.322655668777399	3.3247234440773e-16	3.897398406463771e-17	draw1948	kinetic_box
0.18708465782985761	4.948252608807767	-0.051673208493864885	0.7256053995832674	0.7256053996037408	2.0473400752507587e-11	2.8215612457801834e-11	8.904150720041498	0.46010603661750143	-8.061541291777825	-1.4815232624581887e-15	9.227851391047146e-18	draw1949	kinetic_box
0.3955349249382412	0.2662996276849219	13.692985045765838	0.06790260464340889	0.06790260464411277	7.038813976123492e-13	1.0366044149580005e-11	0.00945325185140766	0.1294432362351833	-0.13799249530975274	-1.7708188982847667e-19	1.399885404455558e-17	draw1951	kinetic_box
0.13839374071850313	0.08109710847844231	16.165655398557696	0.058157257112829604	0.058157257101748294	1.1081309481131285e-11	1.9054044212821316e-10	0.01740019119868651	0.2812854947869827	-0.25194763861451924	-8.386586193127608e-19	1.5498100498788192e-17	draw1953	kinetic_box
0.2638712788231864	0.5101795055714474	0.05747486092429522	0.6870859637538121	0.6870859637424777	1.1334488903003148e-11	1.6496464054170894e-11	0.7862076357419996	0.04518717452189038	-0.44556698395649524	-1.6905889242387508e-16	9.853720955210116e-17	draw1955	kinetic_box
0.1453879239374043	16.06635559727003	-0.27670551487041817	0.8102666467582245	0.8102666467575584	6.660227924726314e-13	8.219797706567989e-13	5.990770407336675	1.6576792100325595	-4.2749956020939965	1.2470213753149785e-16	2.6253994372372008e-18	draw1956	kinetic_box
1.2508231983951914	0.5273125013699467	-0.08922677934876176	0.7393206900828432	0.7393206901220034	3.916023061378837e-11	5.296785432492916e-11	0.33820609259330486	0.030177040398229705	0.1278705393184874	-1.9586394362423496e-17	3.5627734369847623e-17	draw1959	kinetic_box
0.4809399828118514	0.0007586254898436254	-0.9163505038478795	0.9965196326896766	0.9965196349908989	2.3012223238083607e-09	2.3092593893841114e-09	13.419880423816366	12.297314187942424	-13.42430765825543	6.467013244488765e-15	3.325251985586585e-17	draw1962	kinetic_box
0.6922210255869637	0.30881036272231255	0.07994203115615234	0.6794276658953539	0.6794276658964832	1.1293188606487092e-12	1.6621620186140183e-12	0.5969419505576193	0.047720752009891544	-0.47241216308616396	0.0	2.85613983177633e-17	draw1963	kinetic_box
0.08256119856318987	0.24368908508101844	0.14779626314582586	0.6568952187630003	0.6568952188145951	5.159483951189259e-11	7.854348461387559e-11	0.20601466964689324	0.03044819832703262	-0.1965997872166816	-1.615280569846578e-18	1.925583409743591e-17	draw1964	kinetic_box
0.2355369092437403	0.0543317890367258	5.930118266282117	0.14281847169319234	0.142818471707019	1.3826662037530468e-11	9.681284131015483e-11	0.019702200286002208	0.11683637780197045	-0.1348891885972756	6.203189714523733e-19	3.42365236923401e-17	draw1965	kinetic_box
0.608511057210317	0.5012725930222938	0.18025178256879743	0.646441412623452	0.6464414126205281	2.9238833576528123e-12	4.523044626426464e-12	0.45470183115293633	0.0819608156026131	-0.6062277491640616	-7.339007313979993e-18	9.340135865062291e-18	draw1966	kinetic_box
0.21194479519550066	0.20149552458563738	48.51992042338668	0.020189777307789928	0.02018977730827961	4.896812122456851e-13	2.4253918444403647e-11	0.07334657934853872	3.5587701933187157	-3.613455900967147	3.126331068691573e-17	1.59446082366584e-18	draw1967	kinetic_box
2.774488342845705	0.005288302695654693	-1.292211414706134	0.9598593283821407	0.959859328510542	1.28401289600788e-10	1.3377094516551108e-10	2.1846786465077694	2.8230666844820878	-2.182034069619254	1.995505240393999e-18	1.0251924553389838e-17	draw1968	kinetic_box
0.7734037406832039	0.02753940059145613	0.3850441945432708	0.5853714085828873	0.5853714054150554	3.1678318856975807e-09	5.4116614791790885e-09	0.01046073303215796	0.004027844524699452	-0.01780475315743624	9.522171801049222e-21	7.288123112318535e-17	draw1970	kinetic_box
0.5237105685950945	8.026552385683172e-05	-0.764121090667283	0.9732901046504541	0.9732901215749563	1.6924502244108908e-08	1.7388959231109894e-08	0.20305262483613012	0.15515679315263836	-0.20307872760186652	2.0295180996425524e-18	5.139490961166507e-17	draw1974	kinetic_box
0.033854689501188896	9.95261607196963	-0.08120837022528062	0.7363742182066308	0.736374218175762	3.086886302128278e-11	4.192007577038068e-11	2.4285334594343904	0.19721724427822948	-2.2191371907362565	-1.2638343809019957e-17	2.687756242980323e-19	draw1975	kinetic_box
0.3253420792431656	0.24837402942884682	0.02637335297421	0.6978446482230947	0.6978446482199181	3.176570118057498e-12	4.551973173628806e-12	0.040993998553390365	0.0010811491936728182	-0.008968866075052803	-4.665548704702711e-19	1.1118696563618675e-16	draw1977	kinetic_box
0.44204873561192515	0.07134276744171711	23.381019347797825	0.04098105616773229	0.040981056181444674	1.371238539382702e-11	3.346030256788669e-10	0.01079069234546434	0.25229738650543565	-0.20715289725103594	-2.430428308524441e-18	3.9089516920997806e-17	draw1978	kinetic_box
0.335799118913776	0.17472562804886943	1.7411547793904836	0.3427164689815436	0.3427164689168923	6.465133983724058e-11	1.8864380822305433e-10	0.05267738415358153	0.091719479184797	-0.15264252423929664	-8.944524500534062e-19	3.355671895790927e-17	draw1979	kinetic_box
0.48732465489520954	0.0015112817976274384	2.025527560422876	0.3138234029358413	0.3138234074657967	4.529955355270232e-09	1.4434727453413263e-08	0.45818748811098997	0.9280713850097388	-0.472234499163823	1.0153987591970413e-17	2.6550234676391343e-17	draw1980	kinetic_box
0.002094393373965638	0.354976121684859	37.24675302736969	0.026137078028011206	0.02613707802867765	6.664460650007697e-13	2.5498109018519355e-11	0.01981457035015382	0.7380284081756215	-0.7578259125942536	4.621807736125109e-20	7.665327859770013e-20	draw1981	kinetic_box
0.4067302510726963	0.03341057763411424	31.90197409720669	0.030379284853327766	0.030379284843386735	9.941030637561354e-12	3.272305680930279e-10	0.0021004525346169163	0.067008582351761	-0.0691233728074682	4.1935070124137443e-19	8.770630672363533e-17	draw1983	kinetic_box
0.7295381272900942	0.02651455907655082	5.891386568322621	0.14360464736857925	0.14360464728538253	8.319672728518412e-11	5.793456469403041e-10	0.0074463362744273546	0.04386924551037482	-0.04522833456151646	0.0	2.2925295994502728e-18	draw1984	kinetic_box
0.46278269297435554	3.5297376904294535	-0.2677930571400304	0.8068381736468606	0.8068381736510438	4.183209334485127e-12	5.184694367589948e-12	0.27817976377744286	0.07449460937645291	-0.1790036032345765	-1.923106565532197e-18	9.688660731563332e-18	draw1985	kinetic_box
0.2165703918940104	0.002334784409332137	83.62807080890065	0.011815585291619253	0.011815585348659475	5.704022150443411e-11	4.8275408979975375e-09	0.006494230006533414	0.5430999268356637	-0.5126245715768813	8.999004026449125e-17	2.979407181008948e-16	draw1986	kinetic_box
0.0675813169951652	0.006364752234897085	242.84559285190318	0.004100921322976666	0.0041009213227574375	2.1922828136178296e-13	5.345829975942456e-11	0.0021115070196460637	0.5127701739969035	-0.5148857186751189	7.909031441540796e-18	2.983410617205125e-17	draw1987	kinetic_box
0.8312118587707205	0.00020918172133017041	-0.720292788037864	0.9630372040728655	0.9630371949142108	9.158654723506743e-09	9.510177563102963e-09	0.34778342380494237	0.25050589196581596	-0.34792045104418823	7.906407926977096e-19	7.410629655786999e-17	draw1988	kinetic_box
0.59038007488562	0.16191238526639154	0.18750774188987437	0.6441332887458652	0.6441332887455316	3.3362201889985954e-13	5.179394152250665e-13	0.28797685668493794	0.053997890113536694	-0.3559473698190489	1.1849789030839137e-18	2.6432296752757005e-19	draw1989	kinetic_box
0.3559560645897544	1.0512791923981968	-0.29919135664300717	0.8189206923384823	0.8189206923494495	1.0967227126457146e-11	1.3392294551738124e-11	6.388906685056064	1.9115056585675017	-2.6460939632788563	-1.3690156869965658e-15	1.2482584725127341e-17	draw1993	kinetic_box
0.2068736849477132	0.11837903646842098	1.159217850142757	0.4202488794556099	0.420248879485446	2.9836078052625226e-11	7.099621083857882e-11	0.18066581915115731	0.20943104247068473	-0.4245584598672403	-2.6044780928655237e-18	2.0349354893527286e-17	draw1994	kinetic_box
0.47907264096178515	0.1330064035738259	6.921411175671551	0.12524608122678704	0.12524608120034103	2.644601204693231e-11	2.111524112649067e-10	0.038654886657781516	0.2675463645074861	-0.30829938288629094	-7.850088719955985e-19	1.3571391461097494e-17	draw1995	kinetic_box
1.0403808381570185	3.1578094072321217	-0.17772712580265576	0.7724062926026127	0.7724062925620246	4.0588088445758785e-11	5.254758905592362e-11	0.9927270045839394	0.17643451723138343	-0.6585526805831602	-8.173044144118833e-17	5.019231464429506e-17	draw1997	kinetic_box
0.010012666173029296	0.02193060180029438	57.35988042952619	0.017132544137527923	0.017132544135384103	2.1438198438694656e-12	1.2513143564252094e-10	0.04774744143034359	2.738787531260313	-2.786628337152473	1.1329352712756971e-17	1.463346489161902e-18	draw2001	kinetic_box
0.5092309769901965	0.0495908026143418	7.220764890388068	0.1207530671863685	0.12075306729466297	1.0829447061322384e-10	8.96825836721501e-10	0.06164152109964021	0.44509893134639733	-0.39581031048542953	-2.4383068777829983e-18	2.6996152676243834e-17	draw2002	kinetic_box
0.20407392507002078	2.6956573718748547	-0.12857602371601734	0.753911218643088	0.7539112186380278	5.0601745016365385e-12	6.711897072944419e-12	0.696606947236292	0.08956695136859592	-0.5450576584786619	0.0	1.4839357313685285e-19	draw2004	kinetic_box
0.20105841086686327	0.17516598098115044	1.0683311363251484	0.43527684665873084	0.4352768466588393	1.084687895058778e-13	2.491949441797287e-13	0.06191162453940333	0.0661421161959167	-0.1286177549789107	9.718119002226916e-19	4.882666101982117e-17	draw2005	kinetic_box
0.6007949938795865	8.429937174104301	-0.023045297326452583	0.7153009045052328	0.7153009045269548	2.17220685883035e-11	3.036773538357093e-11	0.39240157984351526	0.00904301107886353	-0.36965769822331673	-6.803067738184733e-19	3.4935184870173896e-18	draw2008	kinetic_box
0.006981712080681972	1.1476534668823282	-0.005120665182011893	0.7089195213924876	0.7089195213898382	2.6494362259654736e-12	3.737287725934318e-12	8.1967296466356	0.04197270810789157	-8.018753901114039	-4.549482744239124e-16	2.8145254854400407e-18	draw2010	kinetic_box
0.2600540063513176	0.16102138005266206	346.93412459735356	0.00287409540791157	0.002874095407964102	5.253176366126766e-14	1.8277668693844486e-11	0.003112245159121515	1.0797440498121742	-1.0614999363343856	3.4506123589536345e-19	5.236106422381022e-19	draw2014	kinetic_box
0.649063904630367	0.049413283019679274	2.1969375446128563	0.2985352666820922	0.2985352670096273	3.2753511014504966e-10	1.0971404264089414e-09	0.10007126025437503	0.21985030878956074	-0.20585827033141207	-4.668583091738816e-18	3.759853701876765e-17	draw2016	kinetic_box
0.23569351623981644	0.037385858884464884	0.5741212488858154	0.5362213421037376	0.536221342204343	1.006054128893652e-10	1.8761918814306822e-10	0.8823810733419354	0.5065937238202782	-1.4501429707797013	2.114599601096457e-16	7.38033529145389e-17	draw2017	kinetic_box
0.00565355092854708	0.0003502912860130411	287.4855083739365	0.003466357800489904	0.0034663578000859443	4.0395985168029114e-13	1.1653726331144332e-10	0.014333330375911313	4.12062476981045	-4.134240745053053	1.258488086671196e-16	7.370529154113274e-18	draw2018	kinetic_box
0.014834766553794442	0.01806031240222367	303.10130064438124	0.0032883601331831227	0.0032883601326605485	5.225741714354193e-13	1.5891634442502945e-10	0.11627066801810522	35.24179070307875	-35.35816381322656	3.2201148913520784e-16	2.5289902284229203e-19	draw2021	kinetic_box
0.3808212648370795	1.819093719923488	-0.19945579382439999	0.7806615270400732	0.7806615270475067	7.433498261377736e-12	9.522050214888295e-12	1.6738861823624738	0.3338662972748016	-1.0760347967560433	9.188496052136915e-17	9.291820957498443e-19	draw2023	kinetic_box
0.5399771166492688	0.6252745699941974	0.4151562065958134	0.5770937994009777	0.5770937994187952	1.7817525232999287e-11	3.0874574031021887e-11	0.5620223332190306	0.23332705988134098	-0.794133433134865	-1.3452153432284621e-17	1.4473648545020608e-17	draw2025	kinetic_box
0.26791402780283763	0.2995054578594218	0.37826684372021124	0.5872587477411023	0.5872587477369845	4.117817198334706e-12	7.0119299443436335e-12	0.2788530755048526	0.10548087273289433	-0.38858843858908426	2.9998522949999035e-18	1.1408950921913635e-17	draw2026	kinetic_box
0.11750671818840537	0.06180940980639506	83.67764551031243	0.011808668854555424	0.011808668854844235	2.8881064206842666e-13	2.445751046274354e-11	0.0047646753578128795	0.3986968155627871	-0.3725085378669382	7.232998536528446e-19	4.6445963467443104e-18	draw2031	kinetic_box
1.5237004460910297	0.022571585698592075	1.8339354262423315	0.3327572394937543	0.33275723767562837	1.8181259275884543e-09	5.463820833134703e-09	0.08375013866690655	0.15359234625394763	-0.09314553665373954	7.878679013390436e-19	8.059096009527942e-17	draw2033	kinetic_box
0.07571067411167486	0.40855285928918744	12.478239524464062	0.07399029817138358	0.07399029817146431	8.07270916780567e-14	1.091049687230353e-12	0.008599135222864313	0.10730206901415655	-0.11581819822885986	-1.4136203215926386e-20	9.493597282085903e-19	draw2038	kinetic_box
0.004952811580418604	0.005489944290176233	244.31647261120472	0.004076333239677183	0.004076333240385378	7.081947875353656e-13	1.7373329062479017e-10	0.008338941185676125	2.037340695796688	-2.045662966849156	-7.242918669835461e-19	1.7292313933987852e-19	draw2039	kinetic_box
0.02303175101402745	1.8354567312564056	0.01664277215105437	0.7012473529551853	0.701247352907015	4.817024557013383e-11	6.869223159338069e-11	5.015590770349217	0.08347333439385328	-4.965764225698271	0.0	3.184424301723711e-18	draw2040	kinetic_box
0.002692831821456982	0.0006356525539917125	2271.146695244952	0.00044011238591388553	0.0004401123858962517	1.7633843604064614e-14	4.006668334987842e-11	0.0012013677352359761	2.7284823616550993	-2.7296552529738283	-6.247301809775089e-18	8.374487000007864e-19	draw2041	kinetic_box
2.1297034557966286	0.024773737650051808	0.24464980856055932	0.6263283014795616	0.6263283014191166	6.044509337499449e-11	9.65070446889271e-11	1.1096693931247419	0.2714804045934801	-1.1966243751327295	0.0	1.6590652974614507e-17	draw2042	kinetic_box
0.11534396974857462	2.332392904021937	0.3554680908185893	0.5936737543528929	0.5936737543356903	1.7202683721961876e-11	2.8976662007252376e-11	13.077645411492574	4.648685646825749	-17.314702725415117	1.9670824953727312e-15	2.0931617300853116e-18	draw2045	kinetic_box
0.35248027451301867	0.15343644146262553	0.9245631284082302	0.4610722279303577	0.46107222794333996	1.2982281916151805e-11	2.8156720638023693e-11	0.11948773026215719	0.11047394969757879	-0.24900533770650254	7.821808438735698e-18	1.1308493688825176e-16	draw2048	kinetic_box
4.4522418091959866	0.1235566045035237	-0.38042809661678895	0.8500656271986737	0.8500656273229417	1.2426792928010855e-10	1.4618627701893763e-10	0.16197666428163748	0.06162047408899997	-0.18936559308836368	1.1111531302858514e-17	3.815727143916674e-16	draw2051	kinetic_box
0.44390440354389366	0.21013986497184936	0.10372340174945054	0.6714275017517332	0.6714275017508133	9.198197759019422e-13	1.369946529600622e-12	1.1115854496657234	0.11529742417452145	-0.02551865153976196	0.0	4.596598006869209e-17	draw2052	kinetic_box
0.22583213771532074	0.0035936829792075856	45.11368357153434	0.021680439923644396	0.02168044003869484	1.1505044486548321e-10	5.306647128016929e-09	0.004449290717002592	0.20072389352462008	-0.13877021498575723	-7.019540934051014e-18	1.6699587330141484e-16	draw2053	kinetic_box
1.2758587072737295	0.3847532752553327	-0.0046527258797912	0.7087536771034074	0.7087536771301943	2.6786906026643464e-11	3.779438031998083e-11	0.9983428577073135	0.004645015650959524	-0.7264601956016091	1.0762978091685393e-16	6.303115742685693e-17	draw2054	kinetic_box
0.4560840231968279	0.06970264247958907	0.6635695808082896	0.5151995307052141	0.5151995308143354	1.0912137859975246e-10	2.1180411097671782e-10	0.09617263345750808	0.06381723406862792	-0.17795843521460872	-2.9375194151601768e-18	8.989336698642265e-17	draw2055	kinetic_box
0.5344873615441811	0.36425153702366087	-0.08108590274423176	0.7363292895974693	0.7363292895914532	6.016187548141261e-12	8.170512341671615e-12	0.8456571039032651	0.06857086968206884	-0.7702468534318574	1.6136269660032577e-17	1.2339602821204394e-17	draw2056	kinetic_box
0.7068731456258127	0.0006627100727125061	-0.45539573062537486	0.8782093137486181	0.8782092922023674	2.1546250672521694e-08	2.453430049514524e-08	0.297285506431994	0.13538255040593247	-0.298269071387556	2.066802523744403e-18	2.6013660129793223e-17	draw2058	kinetic_box
0.2940431076800163	0.06727464031317135	13.942635427062429	0.06677323956398237	0.0667732396727799	1.087975265434693e-10	1.6293582141083473e-09	0.013894549237273615	0.19372663443867436	-0.11987807118940202	1.1242236762425643e-18	3.434016911888349e-17	draw2060	kinetic_box
0.42778740057189996	0.2832758748155052	16.57630034521701	0.05680293293374656	0.05680293294632547	1.257891013572987e-11	2.2144825070240652e-10	0.004883479805451818	0.08095002798497125	-0.08383078738160292	-1.073085077483792e-19	1.3691201035429185e-17	draw2061	kinetic_box
0.17005786897339398	0.004544683572259089	120.91732587303376	0.008202003744329377	0.008202003741805849	2.523528261355601e-12	3.0767216655767964e-10	0.0008968561637150417	0.10844544900917062	-0.10847140396412891	6.549191509709713e-19	5.4801677731645786e-17	draw2062	kinetic_box
0.04455131790739361	2.7276671247125774	-0.019504585404576086	0.7140359805350232	0.7140359805137146	2.130851051163063e-11	2.984234841541203e-11	5.593949955963308	0.10910767466501096	-5.380442198476076	0.0	4.685163493817804e-19	draw2064	kinetic_box
0.23924968405021493	1.401722629500653	0.3616386062538822	0.5919274410743567	0.5919274410647754	9.581335724817563e-12	1.618667265633503e-11	0.27473301268770217	0.09935406380031075	-0.38024751954646246	-1.6219232143418713e-18	4.746810983608484e-18	draw2065	kinetic_box
0.09793752543552932	0.1401823428094071	0.7991260764085538	0.4858231638575123	0.48582316382298213	3.453015651189162e-11	7.107556634428667e-11	5.702365708375855	4.55690913478108	-7.648054417817549	0.0	2.1662524752252773e-18	draw2066	kinetic_box
0.35843439796842624	0.00023019048304197024	-0.9442992986544702	0.9984523110499972	0.9984523163506063	5.300609062786066e-09	5.308825445124971e-09	5.781004305553083	5.458998311252248	-5.781353174401983	-8.672926594828755e-17	8.155215892089243e-18	draw2069	kinetic_box
0.09684571595066098	1.2960808664039198	-0.08491506020875392	0.7377351135132609	0.7377351135242765	1.101552182802834e-11	1.4931540638489423e-11	8.699541518741249	0.7387220918524676	-7.039951582778353	2.8826660333048285e-15	2.9052193517552783e-17	draw2070	kinetic_box
0.8658582445666917	0.02324229480878377	0.505478714043877	0.5533003165737214	0.5533003162390356	3.346857235797529e-10	6.048898107536282e-10	0.29596733515822843	0.14960518797477448	-0.3495026995708329	1.8608902496220175e-17	8.351273517706424e-17	draw2072	kinetic_box
0.3712080063490537	0.0016146167816242676	0.013685913668124565	0.702284738444119	0.7022847463090865	7.864967566106884e-09	1.1199114899535904e-08	0.6076220433506653	0.008315862828146649	-0.61393817375531	-5.356591196700733e-17	1.963577893577304e-16	draw2074	kinetic_box
0.11564801229070933	0.03700106709892321	3.3306656791272276	0.22499100879343012	0.2249910087533063	4.012382093243616e-11	1.7833521950395065e-10	0.024849300625757447	0.08276471274452507	-0.10848008154926257	-4.6636471820737225e-20	4.917723255009245e-18	draw2076	kinetic_box
0.36080853013396175	0.17899290004199664	4.0181011485547025	0.19543577792257247	0.19543577792997555	7.403078150503006e-12	3.787985101251789e-11	0.012483944008808838	0.05016174976028739	-0.06114980851042869	4.7943119038006205e-20	3.442888313066999e-18	draw2078	kinetic_box
0.8291067497748725	0.0002740226376454171	-0.9271985855725423	0.997360464091405	0.9973604646507698	5.593647767199172e-10	5.608451473116907e-10	1.2229821304418649	1.1339473015261914	-1.2233140763591852	-4.211123396784279e-17	1.504056474627212e-17	draw2079	kinetic_box
0.376617775173078	0.14438810327615392	1.8633229134413163	0.32971500022605305	0.3297150001805548	4.5498271816768465e-11	1.3799272642085809e-10	0.16860924220535298	0.31417346441921085	-0.494094476980782	1.6626079991600112e-17	4.4965622686097433e-17	draw2084	kinetic_box
1.393517180895716	0.0002013671268395279	0.0032705393173941507	0.705951418479579	0.7059514178992097	5.803693081674055e-10	8.221094163880073e-10	7.844887582266392	0.02565701327833938	-7.848956865022591	-5.784289219154205e-17	4.8510369884794587e-17	draw2087	kinetic_box
0.000919964172926684	1.7455056758303493	0.0001050376795739349	0.7070696457051486	0.7070696457340263	2.887767802661756e-11	4.084134879901248e-11	23.741030464466977	0.0024937027506817095	-23.72245355479871	-8.237686514254754e-17	6.010010244702455e-20	draw2088	kinetic_box
0.2738866983311994	26.50472160801979	-0.30192369941794567	0.819972287615012	0.8199722876137973	1.2146950112423838e-12	1.481385443863316e-12	1.680970417206011	0.5075248069749665	-1.1561572539845977	-5.831731432710517e-18	2.6656018512798504e-18	draw2089	kinetic_box
0.23328970160068524	0.11843006722122605	8.564621136145902	0.1039851796105487	0.10398517961163155	1.0828421492803386e-12	1.0413427695413764e-11	0.04184729308153697	0.35840621081662377	-0.38611599147333764	2.568840137318214e-18	2.4520402065836162e-17	draw2090	kinetic_box
0.2818742423879219	0.19877813848342538	3.5546915569325845	0.21444609647496107	0.21444609645420085	2.0760226870919496e-11	9.680860232097183e-11	0.4025422237766017	1.4309134441675533	-1.8571856793435242	3.807235506390739e-17	9.996304967428391e-18	draw2092	kinetic_box
0.07529945337005466	0.16322078326690032	4.889508313065358	0.16739758539031682	0.16739758538051655	9.800271705273644e-12	5.854488093717928e-11	0.44292552525489914	2.165688037802669	-2.640543845574997	-7.046175745409067e-17	2.859297876549406e-18	draw2095	kinetic_box
0.3859252607071624	0.37329258455324377	1.135737328107151	0.42404207538298827	0.42404207544056827	5.7579996326495575e-11	1.357884032302019e-10	0.49413764071460786	0.5612105637823801	-0.900946401903876	-5.677524669822638e-17	3.4888800996916786e-17	draw2096	kinetic_box
0.5877553676906172	0.010823635381031099	0.06945136873774964	0.6829915630209689	0.6829915632790229	2.580540225949335e-10	3.778290047332701e-10	2.447590639678477	0.16998852003537446	-2.5556989513908803	9.794969410782664e-17	1.6446260539757728e-16	draw2098	kinetic_box
0.07034868062987004	0.07904122780682361	312.0633440514439	0.0031942254417047992	0.003194225441751422	4.662286182122166e-14	1.459598349315568e-11	0.0012723582428141706	0.39705636808400907	-0.3983221723410248	1.8894155686729369e-19	1.1899199398170988e-18	draw2099	kinetic_box
0.4561430599312008	0.008225602986341299	0.1269910803732039	0.6637073924015081	0.6637073922806946	1.2081347033898737e-10	1.820282126493071e-10	0.20248841514345073	0.025714222602124626	-0.06294886601694372	-3.0545586740203995e-17	3.21430966327622e-16	draw2102	kinetic_box
0.6862762696670075	0.0026382110698536083	-0.658941454579014	0.9464670163181108	0.946466977713684	3.860442676639764e-08	4.078792781513807e-08	0.07100360149232425	0.0467872164477008	-0.07152904459414397	1.5088514238463847e-18	2.549465867668254e-16	draw2104	kinetic_box
1.5456869068915196	1.5149187848486116	-0.3140152064170495	0.82462479752328	0.8246247975246931	1.4130918657428992e-12	1.7136179629628283e-12	3.3236253143155903	1.0436688891277413	-2.1609964684038494	0.0	2.3708311074693157e-18	draw2105	kinetic_box
0.2420394604853264	0.00010655282061668159	-0.9670183649107049	0.9994565468034184	0.999456549202794	2.3993755871032363e-09	2.4006802386927906e-09	2.215932821374561	2.142847733677593	-2.216032884508652	-4.7352325886461405e-16	1.0653851142224615e-16	draw2106	kinetic_box
1.3369146868856896	0.10770217733964821	0.37180837935722183	0.5890656436196922	0.5890656435670938	5.2598370103851266e-11	8.929118626803836e-11	0.06780444636970268	0.025210261317932813	-0.0966015622788768	-1.611107896627739e-19	3.4750407692779125e-18	draw2111	kinetic_box
0.19194212832117855	0.23624077188519646	0.15531397695688884	0.6544549729502472	0.6544549729980953	4.784805884838761e-11	7.311130761096205e-11	0.23835483854146775	0.03701983790079248	-0.09197835198089477	-6.299444925355774e-18	4.916108867864115e-17	draw2113	kinetic_box
1.2359685882446385	1.2725521983473096	-0.0970952457416979	0.7422211625176154	0.7422211625080547	9.560685576559536e-12	1.2881181593169384e-11	0.5837646154409755	0.05668076879154928	-0.5149695185462028	3.0373683017736035e-18	5.7425776870624154e-18	draw2116	kinetic_box
0.7160382859560884	0.11211194434077092	0.11021092391353843	0.6692642446154023	0.6692642445820004	3.3401947874267535e-11	4.990846014062689e-11	3.058924998339874	0.3371269502492566	-4.48657492828545	-6.463117305141414e-16	1.5488128491495096e-17	draw2117	kinetic_box
0.911268477798668	0.02680950860970468	-0.2521399962404306	0.8008218510546878	0.8008218508982862	1.5640166939334676e-10	1.953014509006094e-10	0.7392237336058107	0.18638786941220614	-0.8195569941319739	5.3591682516664623e-17	8.518234694184863e-17	draw2118	kinetic_box
0.06758839073941339	0.004906306671016231	6.257247858768814	0.1365034804678281	0.1365034804603619	7.466194329452946e-12	5.469599972303265e-11	0.06551930571165075	0.40997053537224604	-0.47489506182435415	-8.557419025013531e-17	3.717214992201256e-16	draw2122	kinetic_box
0.06344668407100595	0.2972234557349705	228.2296677011155	0.00436239555880197	0.0043623955604693765	1.6674066641297891e-12	3.8222271250211493e-10	0.01274864432144462	2.909618857123018	-2.9045667593329947	-6.295106442178906e-19	1.9060753914116435e-19	draw2123	kinetic_box
3.4908768858969705	0.020823867594139782	0.09953570955580487	0.6728282651856808	0.6728282662525611	1.0668802508106978e-09	1.5856650267576906e-09	0.38044612268873895	0.03786797476957842	-0.38677184683928745	-7.071936916795487e-19	1.1599514289551587e-16	draw2126	kinetic_box
1.0734838837194003	0.157679574648878	0.020046009206353542	0.7000553094924135	0.7000553094106159	8.179756871840027e-11	1.168444373163408e-10	0.18410999711097836	0.0036906706970683983	-0.13883122194254383	-2.0256371632013753e-17	3.0465267331446254e-16	draw2127	kinetic_box
0.14028736712606144	1.7002523772976983	-0.12509075194346347	0.7526105419980325	0.7526105419311151	6.691736054165176e-11	8.891366359279163e-11	8.177599150870035	1.022942026874561	-6.268145704370241	-1.806003829903128e-15	8.457330627486415e-18	draw2128	kinetic_box
0.13534040527608332	0.016248940426237694	7.196888200250102	0.12109965788048219	0.12109965758030898	3.00173205736165e-10	2.4787287737547964e-09	0.03993335037219856	0.28739585809012885	-0.14236623196983994	7.978055803380728e-18	7.534929106815751e-17	draw2130	kinetic_box
0.4005752827558675	0.0011816987493079361	-0.8618331672410183	0.9905894821871781	0.990589486390458	4.2032798353019984e-09	4.243210626652263e-09	0.2613941079000982	0.22527811190968214	-0.261889801667146	2.1857812420528382e-17	3.4228572398495553e-16	draw2134	kinetic_box
3.304578655564763	0.03662055316475356	0.18909793491583093	0.6436288669081555	0.643628866962619	5.446354478522153e-11	8.4619487379805e-11	0.5976825237462633	0.11302053097570046	-0.6082520464028549	3.542653547729259e-18	6.80640159268602e-17	draw2135	kinetic_box
0.7686400331454251	0.026928399148425805	10.071203506696872	0.08995820041688904	0.08995820022529508	1.9159396291712483e-10	2.1298109837378794e-09	0.02636961790588766	0.2655737883240324	-0.06183921207860915	-8.662164710343433e-19	9.596832877348477e-18	draw2136	kinetic_box
0.13076009581497214	0.012227261508812535	2502.748019471656	0.0003994011827657603	0.00039940118273178534	3.397493874776614e-14	8.50646923862059e-11	0.0007338353335363685	1.836604927626468	-1.8301911935176727	-4.1668763638046535e-18	1.2420661010347226e-18	draw2138	kinetic_box
0.25845425038460795	0.008598893937215161	128.03821039172243	0.007749409805917913	0.007749409805339074	5.78839060016989e-13	7.469459927363618e-11	0.00013010467745642519	0.016658370065112955	-0.016777024293316574	2.6706680367023847e-21	9.404339840663057e-18	draw2139	kinetic_box
0.6754767489814265	0.03451598753510601	-0.6381171835222677	0.9403218715975943	0.9403218684264165	3.1711777648268935e-09	3.372438599278465e-09	0.18690985236158378	0.11927038856153672	-0.19789696734641055	-2.6655793176729733e-17	6.882979986912521e-16	draw2140	kinetic_box
0.18099647888862533	0.2372420529329632	0.288828022325792	0.6130151737515134	0.6130151737221511	2.936229037686644e-11	4.789814613981299e-11	0.2563003272167	0.07402671663145281	-0.19428283308058594	-2.085685147434888e-17	1.6629183758355196e-16	draw2141	kinetic_box
0.28232241686932635	0.19745731558232255	1.0142191013597155	0.44468261267178144	0.44468261267199266	2.1121993043493603e-13	4.749903063800165e-13	2.4284499418302143	2.462980317700093	-2.4947597781451236	8.740440265196302e-16	8.109643931302122e-17	draw2142	kinetic_box
0.17005045610767053	0.034080967025803884	2.230460229973959	0.29570953740546774	0.29570953782734294	4.218752014395477e-10	1.4266540218458208e-09	0.020432595402436027	0.04557409144028232	-0.06431181655995247	-2.682796862195362e-19	1.311351623667764e-16	draw2144	kinetic_box
0.26995379031324335	0.1363708280462442	0.5049447982716742	0.5534364962548348	0.5534364962670554	1.2220557898956486e-11	2.2081228797494365e-11	1.2317037999326275	0.6219424267874352	-2.1122157995868647	4.963996823204154e-16	1.456494707610939e-16	draw2145	kinetic_box
0.005548473802975901	0.003671304993122899	201.1246943284668	0.0049473804520388295	0.004947380452253852	2.150224442942772e-13	4.346187772891421e-11	0.0026099945436101157	0.5249343547825508	-0.5275228195675371	9.03512588593241e-19	3.253847032739844e-18	draw2147	kinetic_box
0.4599612672187944	0.032460817474736586	0.4088161068011754	0.5788220771696916	0.5788220761760164	9.936751421690815e-10	1.7167194947604429e-09	0.84570588943292	0.34573818921679167	-1.1714174408464477	3.6648936658647243e-16	1.5879901424112502e-16	draw2149	kinetic_box
0.07637742698204097	0.0003885299455173364	1.4208148346500826	0.3817921583240808	0.38179218874628196	3.04222011471289e-08	7.968261804158026e-08	0.012228110711230322	0.017373881098259613	-0.012613453951630521	3.807139537298212e-19	4.3363182712670636e-16	draw2150	kinetic_box
0.7908690215403036	0.44831052026411394	-0.007305096449273895	0.7096942221659127	0.7096942221651449	7.678302438307583e-13	1.0819170000965362e-12	0.5465182265919302	0.0039923683565401755	-0.4095915183705785	-1.4800307946596547e-17	3.837239972670682e-17	draw2151	kinetic_box
0.404430620849857	0.43583394036062967	1.80464997749706	0.33584170835809135	0.3358417083097966	4.829475708234554e-11	1.4380214216215254e-10	0.07738655194423513	0.13965563922473903	-0.22047772687668316	-9.402048751952163e-20	6.269849276467175e-18	draw2152	kinetic_box
0.6858543086281184	0.04492362240739445	10.606147140424824	0.08584318698031933	0.08584318711158315	1.3126381925854247e-10	1.5291116706549977e-09	0.12336263587610141	1.308402267732582	-0.7069526532523989	8.253626563715903e-18	5.622011452311868e-18	draw2155	kinetic_box
0.044766979827931756	0.002058060786327167	4062.5310402110085	0.0002460913820316419	0.0002460913820576077	2.5965828879398467e-14	1.0551295483122651e-10	6.875302949345741e-05	0.2793113164257137	-0.27938007786992325	7.592948281680615e-20	9.728020742785374e-19	draw2156	kinetic_box
0.13451522082280684	0.12211933915704745	1.438004514065368	0.37948912419325437	0.3794891242226643	2.940991894462286e-11	7.749871357938222e-11	0.2658875928537868	0.3823475587577201	-0.6690502467392221	4.480714235589188e-18	3.5810921343353495e-18	draw2157	kinetic_box
0.04314768444506185	0.0028340827002916176	552.8526275829034	0.0018055315084099112	0.0018055315082476037	1.6230745046585948e-13	8.989455444252555e-11	0.0007558032880429344	0.41784783373033424	-0.4185353153292408	-1.033791020501763e-18	5.900444917116157e-18	draw2158	kinetic_box
0.3605728180668448	0.281682026108428	1.3446181709336642	0.39231574080220744	0.3923157407848674	1.7340018310108007e-11	4.419913989537494e-11	0.04299880783351915	0.05781697834143463	-0.10624755156137224	8.6394318900105e-20	1.737181166252755e-17	draw2159	kinetic_box
0.8116554573394593	0.017245929860779666	0.0160577962646679	0.7014524627267423	0.7014524623196221	4.071202264199769e-10	5.803960329309808e-10	0.4465412277591879	0.007170468059131707	-0.4783943768436086	0.0	1.32967867520113e-16	draw2160	kinetic_box
0.7977458835630787	0.00015480778356155114	-0.6154916659588179	0.9333790615384587	0.9333790800815359	1.8543077184851597e-08	1.9866608948672553e-08	0.18418431100649632	0.11336390842486545	-0.18427593727691996	3.3125819518857973e-21	1.0163516353527192e-17	draw2162	kinetic_box
0.1373523610504416	4.144966829403858	-0.1498848084715933	0.7618960072683194	0.7618960072775119	9.192535621593834e-12	1.2065341639525822e-11	0.9385340992293361	0.14067200370704838	-0.7592794141777734	-6.507067800380455e-18	5.940104960310384e-19	draw2163	kinetic_box
1.223607527302507	1.1794541526162348	-0.20447173622676898	0.7825729475239804	0.7825729475439996	2.0019208513133435e-11	2.558126827148963e-11	0.49646914352713706	0.10151390776001067	-0.03643991212967096	0.0	1.4161711885083326e-17	draw2164	kinetic_box
0.3459934759483697	0.0569207919737637	162.3856061831244	0.006120375555624311	0.006120375556249029	6.247181591478856e-13	1.0207186689876172e-10	0.007644327806250438	1.241328804680491	-1.2489858255290867	-9.190737322920779e-18	5.886334458563282e-18	draw2165	kinetic_box
0.33296441358464274	0.3496636565452518	2.5994239298417408	0.2676836297608599	0.2676836297747283	1.3868406423256374e-11	5.180894489112936e-11	0.0045712781127849565	0.011882689716335007	-0.016147341550484223	-5.342029260352732e-21	1.8969362547527237e-17	draw2167	kinetic_box
0.09725364985130097	0.2842430247235828	0.8040780308962796	0.4848033965111336	0.48480339652536847	1.4234891043685138e-11	2.9362193304972576e-11	0.05658506681642227	0.04549880910388324	-0.0854104030613417	-3.4370573759291166e-19	3.987074923705146e-17	draw2168	kinetic_box
0.14166887797282937	0.3484432208387559	0.04127498677429212	0.6926673549867031	0.6926673549544178	3.228528555609955e-11	4.6610086826199776e-11	2.2019882572285807	0.09088703619425623	-1.0117216370069153	0.0	8.371813128632644e-17	draw2170	kinetic_box
0.5561470001416321	0.0006720419239052813	-0.8501583118889987	0.9889593884041478	0.9889593088408168	7.956333092362655e-08	8.045157188204706e-08	0.15454157491538703	0.13138480444673264	-0.1546764284545407	-5.817497298167515e-17	2.3913117986312343e-15	draw2173	kinetic_box
0.022174247891735294	9.99691537360569e-05	1136.4376118359712	0.0008791687622672925	0.000879168758906208	3.3610845226808572e-12	3.8230254301375e-09	0.00042096797275615764	0.47840383761843824	-0.4744208705134217	-3.215184386943268e-19	1.4120526993141077e-18	draw2175	kinetic_box
0.010701281106066779	0.42509879017580937	0.077857955213322	0.6801339854596413	0.6801339854473375	1.2303824625803372e-11	1.8090295278673518e-11	2.560262900713087	0.1993368342580494	-2.680741465367965	3.827954872058289e-17	3.639883871604435e-18	draw2178	kinetic_box
0.7561680277230827	0.0025059115867203993	0.08600422292465873	0.6773778829890548	0.6773778813586113	1.6304434469205376e-09	2.4069924510236006e-09	0.14654541969013424	0.012603524943617977	-0.14960378538205835	-3.426056431546258e-19	1.3893315098132958e-16	draw2181	kinetic_box
0.043998273378621035	2.3451907040789024	-0.038334892841946806	0.7207874561893761	0.7207874561368144	5.2561732744038636e-11	7.292265188097526e-11	9.508159830706015	0.36449428823421814	-8.79752135177084	-1.5824123081869233e-15	7.663283711686884e-18	draw2185	kinetic_box
0.2615933600888749	0.058280164833308105	3.0097672092698113	0.2419794762101272	0.24197947597040528	2.3972190899002044e-10	9.90670419582771e-10	0.21608192750287364	0.6503562999139657	-0.8002475313782551	-3.665712331156512e-17	7.048397191359397e-17	draw2186	kinetic_box
0.9382491404324452	0.4823769587096665	0.0030369922343021433	0.7060338587403473	0.7060338587509138	1.0566547636869927e-11	1.496606360432038e-11	1.5860600587582168	0.004816852081585507	-1.4392290086291017	3.077957836292951e-16	6.80998569480067e-17	draw2187	kinetic_box
0.45665637555112226	0.0006802095810279509	0.33988744199059995	0.5981166869587003	0.5981166818964586	5.0622417369083905e-09	8.463635758924924e-09	1.4948121588636436	0.5080678809326102	-1.5039871825264313	-1.632607330381917e-16	1.9386062069064343e-17	draw2188	kinetic_box
0.8894193529317003	0.05022760153851059	0.7334260656296916	0.4997023955889641	0.4997023956033774	1.4413303883742401e-11	2.8843775836493075e-11	0.24086725226595782	0.17665832116845587	-0.33495908541042874	-5.622540170385265e-18	4.1143578045223826e-17	draw2190	kinetic_box
0.2457046586709089	0.2616589746939397	4.115175884602718	0.19186464341850454	0.19186464340666	1.1844525360515945e-11	6.173375745635059e-11	0.24417847828821396	1.0048373853906463	-1.2707672630067413	-4.201231268783686e-17	1.939401053389732e-17	draw2191	kinetic_box
0.4422487041268003	0.11449794528359772	0.25948404675589865	0.621814069965181	0.6218140699556988	9.482192808718537e-12	1.524924131966666e-11	0.4751448917432613	0.1232925193049348	-0.590578218122046	-2.0759685779125317e-18	3.899866056224864e-18	draw2193	kinetic_box
0.3717059377197188	0.005995429348211851	1.6023982640121264	0.3586908609079217	0.35869083901467863	2.1893243051795963e-08	6.103652692088975e-08	0.549254840226589	0.8801250024793442	-0.6231320120954912	-6.62814264430354e-17	1.4021198898606483e-16	draw2196	kinetic_box
0.6012330004926005	0.11360487315321412	0.4708299400215614	0.5622468287955903	0.5622468288141399	1.8549606295437115e-11	3.299192693458303e-11	1.7544669631604823	0.8260555750346609	-0.20434917973782585	1.4100064950617797e-15	1.438170294713351e-16	draw2197	kinetic_box
0.09967169460883171	0.01271328931651933	38.577673531222054	0.025258709255224873	0.025258709234592915	2.063195794765882e-11	8.16825505849778e-10	0.002418331047552767	0.09329358564290889	-0.08807095114544125	3.9647055525073146e-19	4.4207249436693844e-17	draw2199	kinetic_box
0.42097446993800614	0.13806518667510698	0.16088893766658166	0.6526526577065573	0.6526526574449901	2.6156721233405733e-10	4.007755263849576e-10	0.19742703800689582	0.031763826411589306	-0.2376070814890544	-5.958033833396224e-18	6.534556773265067e-17	draw2200	kinetic_box
0.6892425918329336	0.0029804798140212066	0.01590718675650865	0.701505281814275	0.7015052803736462	1.440628727422677e-09	2.0536249230445534e-09	0.8515344525780033	0.013545517566759658	-0.869354768504869	-2.7985029506772744e-17	8.936410102607458e-18	draw2203	kinetic_box
0.0033017054248873252	1.908791386447176	0.018925193798044693	0.7004476626427569	0.7004476626462243	3.4673375282068264e-12	4.9501736005621845e-12	2.3006537547030033	0.04354031816995352	-2.3380104224078417	0.0	3.2864992480190593e-19	draw2204	kinetic_box
0.0004618778061611884	4.064857514322858	0.0008610307741297004	0.706802426417259	0.7068024263939429	2.33161268070603e-11	3.2988181613944886e-11	71.28786952776183	0.06138104948554585	-71.33818114630415	1.237712184716311e-16	2.193092708191088e-20	draw2205	kinetic_box
1.1839924839017195	0.12137422681616558	0.10495117873797581	0.6710174670103439	0.6710174670299588	1.9614865287564953e-11	2.923152712310723e-11	0.045542696152977166	0.0047797596441604305	-0.016240127836261473	1.4472490266922143e-19	1.2458469055452925e-17	draw2207	kinetic_box
0.5297330970262996	0.42514343244876546	-0.06187619716946753	0.7293101640317206	0.7293101640023378	2.938271848051954e-11	4.028837102622e-11	2.016887521234388	0.12479732993253763	-0.9796429801595621	4.1397477513275156e-16	4.0673746185545264e-17	draw2208	kinetic_box
0.47008465588795606	0.12600468995730238	0.35480891464550346	0.5938607509490463	0.593860751012858	6.381162265256535e-11	1.0745216373321787e-10	1.3604764734860446	0.4827091809583255	0.038569597974463354	0.0	9.937255085405184e-17	draw2211	kinetic_box
0.05589730874787593	0.0003503477143269841	3887.513981808561	0.0002571676419878676	0.0002571676408033123	1.1845552750494592e-12	4.606159901569553e-09	1.4923386519717978e-05	0.05801487375133708	-0.057618256229427775	-4.5780085156588954e-20	1.3591757933554319e-17	draw2212	kinetic_box
0.18381015573896084	2.1716234916475026	-0.1820340782649935	0.7740391943027627	0.7740391943083678	5.605071962122565e-12	7.241328350473133e-12	8.168898851168114	1.4870179728123518	-5.639985313075829	-9.002124974712417e-16	2.5368667121097796e-17	draw2213	kinetic_box
0.16305801039378864	0.5414726384831946	0.06375733553841394	0.6849347732841992	0.6849347732929494	8.750222768583171e-12	1.2775264316797456e-11	0.20728502793989392	0.013215941078453326	-0.20409913003079744	4.576806770945622e-18	5.570491686941808e-17	draw2214	kinetic_box
0.6682631894053419	0.4639823450272116	-0.014582197536643207	0.7122810211928152	0.7122810211949738	2.158606626778692e-12	3.0305547425049433e-12	0.33696174607242235	0.004913642743520272	-0.32260081824693815	0.0	8.369969402260925e-21	draw2215	kinetic_box
0.17428734408161606	1.3036059443397388	-0.1517866590000936	0.7626112713516402	0.7626112713651968	1.3556600286790399e-11	1.7776553790664417e-11	1.7453826086516395	0.2649257948441002	-1.1259609044156265	0.0	7.023543738713628e-18	draw2216	kinetic_box
0.008877341857542968	3.7821666260991336	-0.00047225755735273635	0.7072737691645087	0.7072737691555302	8.978484622446103e-12	1.2694496832769894e-11	2.6433897041810135	0.0012483607648278976	-2.62906590189889	0.0	5.027482286769596e-19	draw2217	kinetic_box
1.1759745426297377	0.10723341384475622	-0.32346104519622043	0.8282571328019807	0.828257132794617	7.363665233128813e-12	8.890554565202618e-12	0.016471151463175203	0.0053277758678639065	-0.010280155540787215	8.917175678621577e-21	2.803099033950018e-17	draw2218	kinetic_box
1.151692938558245	0.2126589517562246	-0.22908572128907057	0.7919791985902428	0.7919791985909278	6.850076061937216e-13	8.649313105855207e-13	0.7773002679170549	0.17806839253396628	-0.07797721756666454	7.231602480701906e-17	1.123777554320475e-16	draw2219	kinetic_box
0.32410632643131254	0.004133305181563846	22.02574008279697	0.043388756989563924	0.04338875800794425	1.0183803245134015e-09	2.3471064194253764e-08	0.05949783083581961	1.3104837574799855	-0.13805867801647034	6.0038709090180575e-18	1.9594246495907436e-17	draw2221	kinetic_box
0.438534470742672	0.020502500568836138	9.999803362586855	0.09053735112362225	0.09053735123367909	1.1005683864251381e-10	1.2155959628027382e-09	0.07609208156073609	0.7609058530572821	-0.6398998821466657	1.2336216387340763e-16	1.8738508013285936e-16	draw2222	kinetic_box
0.213168989458848	0.5217168109502093	0.06038850138910961	0.6860873684109602	0.6860873683977597	1.3200440740490649e-11	1.9240174573273417e-11	1.620699811265375	0.09787163280392877	-0.8026867563682023	-1.7028390992496963e-16	1.0065221449037974e-17	draw2224	kinetic_box
0.26140739073959296	0.44987566753773667	-0.06392700190704184	0.7300568067151871	0.730056806718475	3.2878144651249386e-12	4.503504980527889e-12	0.7384166955116137	0.04720476550216247	-0.6528042236269918	0.0	4.47741162728864e-18	draw2225	kinetic_box
0.00021382236234543584	2.9820625848847957	0.00032580906104545416	0.7069915996751432	0.7069915996724161	2.7271518376892345e-12	3.857403452817343e-12	168.46655662688997	0.05488793063216785	-168.50107362826554	0.0	1.4811747042348437e-20	draw2226	kinetic_box
0.0023546090672810975	2.4303523344052507	0.004836067853697273	0.7053990451791637	0.7053990451462069	3.295685946369531e-11	4.672087337014242e-11	32.13792161268604	0.15542116959575378	-32.25765328557566	0.0	1.494457252292309e-19	draw2227	kinetic_box
0.021852183460003602	1.9013378877496927	-0.017085727303321203	0.7131730739384566	0.7131730738994301	3.90265597616235e-11	5.472242459777293e-11	0.6467436619385482	0.011050085843033389	-0.6211058796274397	2.243284289378179e-18	3.671064408656566e-18	draw2228	kinetic_box
0.00940539196908899	2.6518528432982293	-0.00408912816874791	0.7085539811249333	0.7085539812121423	8.720901778502821e-11	1.2308027348295666e-10	27.035846289290497	0.11055304062747641	-26.800780924401046	0.0	3.1161144381512346e-19	draw2229	kinetic_box
0.4051145651134295	0.05242697915468105	0.5723944632008691	0.5366406952619366	0.5366406953104337	4.8497095228583476e-11	9.037163161941917e-11	0.911755759204399	0.5218839483601028	0.4668037675496311	1.356811944144924e-16	2.3464324384488876e-17	draw2231	kinetic_box
0.6332885967968613	0.15375430759905437	0.013028520345246705	0.7025156025868626	0.7025156025726638	1.4198864306536052e-11	2.0211457588327957e-11	0.17044010505419155	0.0022205823763445202	-0.14882012946096002	5.344781213736388e-18	9.374355213505922e-17	draw2232	kinetic_box
0.33071157331235884	0.7054095613561646	-0.06274652270325538	0.7296269456931562	0.7296269456879639	5.192291041566932e-12	7.11636415328813e-12	0.6715046530880091	0.04213458196032839	-0.11471040568182894	0.0	2.1333340206136756e-17	draw2233	kinetic_box
0.25241363772545533	0.17597254365683018	8.914499501017168	0.10035321242365228	0.10035321243296738	9.315104243512451e-12	9.282317942472077e-11	0.09158309208386435	0.8164174286832181	-0.8988135979620843	-1.516111844443537e-17	2.7166031566028207e-17	draw2234	kinetic_box
1.258234821763865	0.036411240174800075	21.61131990714977	0.044182448592448895	0.0441824485666857	2.5763197131212223e-11	5.831093107555407e-10	0.019006918810455232	0.41076460286197064	-0.07981854198661911	-2.1165041202122546e-19	1.2482797909706097e-17	draw2235	kinetic_box
0.20807138963682995	0.23845590351300744	0.19792780517686373	0.6408372533831301	0.6408372533974663	1.4336198894682184e-11	2.2371044783488026e-11	0.629601024035404	0.12461554882443335	-0.6352385306080777	0.0	8.18232883536724e-18	draw2236	kinetic_box
0.16550698109233888	6.37836933010939	0.049923932925695844	0.6896813717549322	0.6896813717941997	3.9267589180269624e-11	5.693584136992906e-11	2.6967797175164723	0.13463384973266934	-2.7962747742263843	0.0	6.978618249449561e-19	draw2240	kinetic_box
0.8626545053630286	0.2166556321298564	0.2745098584690085	0.6172868461379521	0.6172868461454967	7.544520563840251e-12	1.2222065982695476e-11	0.4316696850440675	0.11849758414680847	-0.519006749311623	-1.3329462065634716e-17	2.786474124303751e-17	draw2241	kinetic_box
1.3542975020747152	0.33729372858897166	-0.1876570649418629	0.7761736606786032	0.7761736606694853	9.11781761203656e-12	1.174713607799062e-11	1.300352370093169	0.24402030916187914	-0.628549808553471	-3.4505181713084694e-16	1.4211604950686934e-16	draw2242	kinetic_box
0.5893944486908946	0.001170638902832377	-1.1172025741844833	0.9932017435455592	0.9932017366453287	6.90023049809696e-09	6.9474611687686006e-09	1.0101561867691622	1.1285490921868901	-1.0092424266747408	3.623667205874904e-16	3.8094499163518675e-16	draw2243	kinetic_box
0.2647900393783565	0.12185672627731617	13.91180171786419	0.06691069177155216	0.06691069177487943	3.327269015862555e-12	4.97270156323765e-11	0.009242176618258801	0.12857532855469703	-0.13149578554621177	3.4797682495178974e-19	1.8065192563968114e-17	draw2244	kinetic_box
0.0005141188854381685	3.7477456443843478	2.2618602578205988e-06	0.7071059814754256	0.7071059814986366	2.3210988686628298e-11	3.28253321198543e-11	35.69350485624981	8.073372009667797e-05	-35.68372446381705	6.19184984994236e-17	1.2773878289858245e-20	draw2246	kinetic_box
0.05274094465532744	0.09499773535084514	5.0183609586084765	0.16391093014220484	0.16391093013398275	8.222089675768984e-12	5.0161936541072336e-11	0.03250328985713547	0.1631132408453835	-0.1982649693997701	-5.035757003970908e-19	9.190836148175837e-18	draw2247	kinetic_box
0.04132057143956172	0.00047263455661949045	2184.653678480702	0.00045752897868565505	0.00045752897871209587	2.6440817851164367e-14	5.779047684715613e-11	0.00021138287181360246	0.46179836847540146	-0.4619109016154038	-1.6041248604247598e-18	7.512487689551877e-18	draw2248	kinetic_box
0.0004446107639968315	1.0084058640394624	0.0008215363483498159	0.7068163839128143	0.7068163839048025	8.01181343490498e-12	1.1335070348318425e-11	11.823786343516765	0.009713670256321185	-11.820281930323802	0.0	3.077023830825956e-20	draw2252	kinetic_box
0.6502766403711433	0.16036783628174464	0.2397033819479556	0.6278434482312162	0.6278434481723746	5.884159826052837e-11	9.372017567725482e-11	0.22545737000073562	0.05404289407426788	0.1005386363523266	-1.1941203309558298e-17	3.4587818389983577e-17	draw2253	kinetic_box
0.1348484895773487	1.4074967970478403	-0.02654240330718962	0.7165523447894823	0.7165523447303109	5.917133449884204e-11	8.257782551965883e-11	3.315763888905046	0.0880083424107332	-2.7748457701421425	0.0	1.0535729746352169e-17	draw2259	kinetic_box
0.2750972884522484	7.69476308834336	-0.1360362027077336	0.7567004293262909	0.7567004293500379	2.3747004362917323e-11	3.1382305919020865e-11	5.437959907378417	0.7397594162766584	-4.504556276371598	-1.508408193337573e-16	4.550703284186361e-19	draw2260	kinetic_box
0.0692618277124747	0.12345446855726873	10.13893374180359	0.08941559635451679	0.08941559634422606	1.0290726604189615e-11	1.150887208152488e-10	0.01880297010753219	0.19064206806938241	-0.2090066153302959	2.9514059570955798e-19	6.480306613010417e-18	draw2262	kinetic_box
0.5120598921979391	0.052123660440429154	16.54004587481988	0.056919961996549855	0.05691996200316118	6.611322600491576e-12	1.1615121247137167e-10	0.004055926817842541	0.06708521563202784	-0.053201906193542	-6.548891702865861e-20	2.972621753773324e-18	draw2263	kinetic_box
0.43269983524085376	0.06511687328090973	8.996763536724421	0.0995356143225547	0.09953561435210348	2.954878008942785e-11	2.9686640587659565e-10	0.0055220725976986755	0.04968078139412054	-0.05340767348492582	-1.3372474723036848e-19	5.290675841857759e-17	draw2265	kinetic_box
0.10699051636800985	0.012591642765968311	57.53813863293399	0.01708038798121814	0.01708038798094153	2.7661206658535775e-13	1.619471799434558e-11	0.010235936074849551	0.5889567089125437	-0.5992479093294862	-1.424316609944223e-17	3.965812749526583e-17	draw2266	kinetic_box
0.7695798796251989	0.017766595109119755	15.793819218675525	0.05944043105966478	0.059440431113787384	5.412260223325305e-11	9.105351562751225e-10	0.0019331901421797723	0.03053245562091296	-0.032521947907808775	4.1261755697142976e-19	3.9033471341048917e-16	draw2267	kinetic_box
0.2004767971441939	0.001364147948849108	0.9172730758296599	0.46245100060991023	0.4624509954810151	5.128895141925938e-09	1.109067813031985e-08	0.018038641534249795	0.01654636020390997	-0.019263234206424236	-9.006156925619636e-20	1.509503601088272e-16	draw2268	kinetic_box
0.3155572001403082	0.08395678857602734	8.363271483206006	0.10619634191484825	0.10619634192700979	1.216153566740985e-11	1.1451934639866072e-10	0.016395312426790976	0.137118448877234	-0.15298093499151144	6.238935428423783e-19	2.6658606154436505e-17	draw2269	kinetic_box
0.5522683739822953	0.4153819402725798	-0.18972051231761142	0.7769576591098865	0.7769576591110866	1.2001510896197942e-12	1.5446801708511132e-12	0.2349484779817861	0.04457454561094751	-0.11504071860925315	0.0	7.225019417211307e-18	draw2271	kinetic_box
0.4455867547731592	0.1048456879000653	6.552360663303159	0.13126326833064128	0.13126326838598407	5.534278590957342e-11	4.216166989445676e-10	0.0061477312092763125	0.04028215214422328	-0.03719717248567373	1.709726122900503e-19	8.504114506157223e-17	draw2273	kinetic_box
0.10098323895317024	0.07594991702623768	58.5606473448089	0.016787243404370843	0.016787243404398088	2.7245566913691732e-14	1.6229923077515912e-12	0.005098951538525272	0.2985979028758492	-0.2625723231625417	4.509161824468254e-19	3.3505754890295238e-18	draw2277	kinetic_box
0.6835688129636672	0.022215009704033978	3.0636312185726955	0.238956309158263	0.23895630967012252	5.118595269859583e-10	2.1420632403160925e-09	0.07177264989165338	0.21988493084775748	-0.14837689616970062	-4.402519097923785e-18	5.3308858931587743e-17	draw2278	kinetic_box
0.7754718270502404	0.09025170270393265	0.3294231813849116	0.6011276433989288	0.6011276435204093	1.2148049233218217e-10	2.0208768244419906e-10	0.06905439317102778	0.022748117887004485	-0.09622277468927738	6.355765789266838e-19	5.939895362708045e-17	draw2279	kinetic_box
0.3572208445269631	1.085455136905563	0.017434043113430775	0.700970009013562	0.7009700090301944	1.6632362154211933e-11	2.372763733105091e-11	1.1472228933590871	0.02000073338353712	-0.8904989602458104	1.2650071623856694e-16	1.4065807415951788e-17	draw2283	kinetic_box
0.042805748159933134	0.8883526621486382	-0.05645259929232749	0.7273387659194724	0.7273387659209255	1.4530598946294049e-12	1.9977759507835417e-12	1.3386625720104874	0.07557098176534453	-1.0625893207192085	-3.6787172343196756e-17	1.3377278342556789e-17	draw2285	kinetic_box
0.4393065013312143	0.4590952673677447	-0.11451475535614397	0.7486732849233594	0.7486732849249883	1.6289192217300297e-12	2.175741080294104e-12	0.5332863850984736	0.061069159924314075	-0.42434952469441706	1.8432827768230997e-17	3.2677247143709873e-17	draw2286	kinetic_box
0.5400050835383325	0.02114126159758468	3.7601687456499198	0.2055890182467161	0.20558901826977904	2.3062940446294533e-11	1.1217982672610833e-10	0.020271900445775995	0.07622576647113358	-0.09847696922904788	-2.913542656473199e-18	3.0374861434836826e-16	draw2288	kinetic_box
1.6739615600296662	0.1735671899487064	-0.04623066514248881	0.723635994956684	0.7236359949391106	1.7573387189884215e-11	2.4284843917089704e-11	0.4829998566730783	0.022329404637723173	-0.2910292398104038	0.0	8.340068834405707e-18	draw2290	kinetic_box
0.5743601169672361	0.0009874875286604162	19.19843878751246	0.04944820898900773	0.04944821228082171	3.2918139811211056e-09	6.657094016719028e-08	0.03230942890752616	0.6202905931406266	-0.1552203990233864	-2.583863525177729e-17	4.992890672437994e-17	draw2294	kinetic_box
0.4425920751313247	0.0041320853054081395	0.8614365723294155	0.47325136736926654	0.4732513800771788	1.2707912278031586e-08	2.685235123024713e-08	0.05245078359855017	0.045183023239126985	-0.055830415094750487	1.1126390982859669e-18	3.1983360702718813e-17	draw2295	kinetic_box
0.3783590519651314	0.004914335109408463	8.127316587659442	0.10890951577980625	0.1089095198314672	4.051660951187586e-09	3.720208258614451e-08	0.11124527467390616	0.9041255661559684	-0.16331001273127602	-1.4491716506580533e-17	1.397146608404884e-17	draw2297	kinetic_box
0.5846879677617524	0.00011769261192307552	0.01942697151733298	0.7002719794908498	0.7002719818648464	2.37399655489412e-09	3.390106439175379e-09	1.299980861833512	0.025254691175917613	-1.3013055062338679	2.474848039787514e-16	1.0842557280354082e-16	draw2298	kinetic_box
0.6334709107139538	0.0037530791694376417	27.736260710111548	0.03477818790120203	0.03477818725090447	6.502975588573712e-10	1.869843169702466e-08	0.006526154048604788	0.18101111012645238	-0.03688500513373091	-1.901318156803045e-18	4.7498544517514845e-17	draw2299	kinetic_box
0.22434908162696957	0.06599649784667021	1.9530613665126666	0.3207407215279553	0.3207407215876117	5.965639093830077e-11	1.8599568724236775e-10	0.13685172463246703	0.26727981632030123	-0.42579061767847576	7.778172295326552e-18	3.244063831296185e-17	draw2300	kinetic_box
0.016169867165674416	0.257856638628901	0.0466507259191932	0.6908097744914511	0.6908097744985838	7.132738844006781e-12	1.032518517732902e-11	3.5956222055976914	0.16773838602230282	-3.5001677547967684	0.0	5.482743206088337e-18	draw2301	kinetic_box
0.4360931720719725	0.011266969155752383	0.30590648832999845	0.607973877034663	0.6079738764749025	5.597604602058937e-10	9.20698210672216e-10	2.1984202929877497	0.6725110317012888	-2.364928644885307	-7.566541108331884e-17	1.1187427572686162e-16	draw2307	kinetic_box
0.756945944999232	0.01320096236909021	4.367989865074193	0.1831387735413266	0.1831387719139677	1.6273588865356459e-09	8.885933161657996e-09	0.15196730104167797	0.6637916307727282	-0.1920752942838817	1.2302058447105878e-17	5.1905745253642746e-17	draw2308	kinetic_box
0.3964985293179191	0.8450006995792838	0.0461725525120635	0.6909747878361139	0.690974787814348	2.1765922397776194e-11	3.150031344359889e-11	2.0789395061605016	0.09598994351759914	-1.2863319391858647	-6.763673749216211e-16	9.892764551713759e-17	draw2309	kinetic_box
0.5668920532239206	0.00013501890520147315	14.060548351722304	0.06625277874515523	0.06625275846604058	2.0279114651411412e-08	3.060870991780056e-07	0.01214705812666794	0.17079429812119593	-0.012367232203127215	7.329743309122964e-19	2.8782871876253404e-17	draw2311	kinetic_box
0.16852014312623895	0.22057827545208755	40.51746922989884	0.02407926280191202	0.02407926280334809	1.436070012905688e-12	5.963928483333843e-11	0.0070453533290850065	0.28545988672496714	-0.29165186837627655	-2.207906416408084e-19	1.8717915398580788e-18	draw2313	kinetic_box
0.8104684096133095	0.0012810005159408677	-0.8973595018055613	0.9947737234999284	0.9947737224091427	1.0907856839992291e-09	1.0965163829997083e-09	3.9744337802448495	3.5664959169997124	-3.976477164399139	1.4735420270361974e-16	2.8730724569469996e-17	draw2316	kinetic_box
0.8288622772692823	0.12077299027912596	1.2490416582418544	0.4062829646658486	0.40628296494984156	2.8399294027536826e-10	6.990028250641254e-10	0.07646389123762026	0.09550658550706202	-0.18692928804609216	-6.159949222739476e-18	1.7399533589047804e-16	draw2317	kinetic_box
0.8022586320428935	0.2726445386369563	0.985135694527577	0.4498864956896783	0.4498864957068928	1.7214507597174133e-11	3.826411275165196e-11	0.07334515850923766	0.07225493366823306	-0.14711704605592685	-9.469482432035197e-20	3.1185022624096715e-18	draw2318	kinetic_box
0.4388659210262685	0.49121769862729064	-0.019077246911861623	0.7138834582097331	0.7138834582183803	8.647194071897957e-12	1.2112893179341242e-11	0.07860755168214281	0.0014996156725771619	-0.043932604997005756	5.094462240647568e-19	3.836351861831126e-17	draw2321	kinetic_box
0.10904160562786575	0.194853110090688	9.691559828110229	0.09312527037708818	0.09312527039033357	1.324539089520016e-11	1.422319724783858e-10	0.02835572124262107	0.27481116889207824	-0.298750963174384	-1.438854651828223e-18	1.4368750072332746e-17	draw2322	kinetic_box
0.3581287089918657	0.1834519547446347	0.10155969609368345	0.6721508230370851	0.6721508230634816	2.639655161118526e-11	3.9271768635016944e-11	2.6457420979793893	0.2687007634130512	-1.7563325411560555	2.7138028007265893e-15	1.8982997600887078e-16	draw2324	kinetic_box
0.003054063021364817	0.7969231946816736	0.2016420848965737	0.639667670369424	0.6396676703581878	1.123612314302136e-11	1.7565563594498356e-11	4.332312300157999	0.8735764846269298	-5.185719173544454	0.0	7.020388747231168e-19	draw2325	kinetic_box
1.0245156323648807	0.1406754742516286	8.444630439461077	0.10529171935333925	0.1052917193689992	1.5659945562518374e-11	1.487291275740065e-10	0.02888569725797473	0.24392903832975077	-0.17172391857402858	3.0687647743742663e-18	3.154780575255053e-17	draw2327	kinetic_box
0.4858325630603824	0.01948011212883164	0.017370338338243498	0.7009923337091228	0.700992333631624	7.749878516705166e-11	1.1055582414939472e-10	5.309999011005412	0.09223647939690235	-6.324899234644693	-3.018904331413175e-15	1.0302650904288872e-16	draw2330	kinetic_box
0.24194793238320447	0.05020112268985373	96.22546348366346	0.010284827399281743	0.010284827389196423	1.0085319732122677e-11	9.806017495944253e-10	0.005023535797608862	0.4833920604516878	-0.2967641661264674	7.617421692925104e-19	3.56661901888364e-18	draw2331	kinetic_box
0.09040605938436712	0.14150071185219296	1.509214800620614	0.3702140167841285	0.3702140167681506	1.5977941192346634e-11	4.315866085198212e-11	0.6219104147443262	0.9385964025922416	-1.5054313615030928	-3.2379333667039293e-17	1.030142979622496e-17	draw2333	kinetic_box
0.5730430676653165	1.1701845144328988	-0.025228097230081115	0.7160817766666041	0.7160817766912568	2.4652724306406526e-11	3.442724715090146e-11	0.6056057192251498	0.015278279967705286	-0.5178057544026204	2.505059910502071e-17	2.2645075591427363e-17	draw2335	kinetic_box
0.4403540594554592	0.1364539033471514	0.11424384684978232	0.667923642331137	0.6679236423168596	1.427735707437705e-11	2.137573244877585e-11	0.7413767426624177	0.08469773104671573	-0.9277569381327166	-4.533953217946286e-16	3.838572666841083e-16	draw2336	kinetic_box
0.08763256257932352	0.15299223332554548	0.7851668400921394	0.4887174222456593	0.48871742221700715	2.865213621916496e-11	5.862720442661533e-11	0.2775630146404852	0.21793327513171798	-0.49350191303667035	1.0529207432803125e-17	3.1990679637634726e-17	draw2337	kinetic_box
0.43271250843826947	0.40887327633932247	12.861115294353437	0.07195724847003487	0.07195724846456189	5.472983177767787e-12	7.605881679123914e-11	0.06378511862774157	0.8203477647353956	-0.8864196188284302	0.0	4.964835794913734e-19	draw2339	kinetic_box
0.0153257604413247	6.039951634640956	-0.004240476036235966	0.7086076017828841	0.70860760184095	5.8065885433222775e-11	8.194363888048707e-11	33.85842451563155	0.1435758377832399	-33.59713887203717	0.0	4.446403694004619e-19	draw2340	kinetic_box
0.002091217172102829	0.2966407469776732	0.04344115326552657	0.6919181891772486	0.6919181892216908	4.4442227675745016e-11	6.423046592507733e-11	2.160352302676777	0.09384819548811511	-2.234295574096201	-1.5641000454823128e-17	2.480225494052735e-18	draw2343	kinetic_box
0.5546572423434184	2.6536996830475865	-0.2015051562419978	0.781442232608716	0.7814422326045413	4.174771639497976e-12	5.3423931614029776e-12	3.7345646132233576	0.7525340258834087	-2.1686549836736386	-8.12242947626343e-16	4.414608627792085e-17	draw2344	kinetic_box
0.010112739818422319	0.005467961208138975	589.0839490281775	0.0016946716914737498	0.0016946716915276514	5.390154468598585e-14	3.180648201976905e-11	0.00936766771619191	5.5183426914380975	-5.5277093333782545	3.65816596044964e-17	1.1972034909436315e-18	draw2346	kinetic_box
0.7764724895500084	0.006430230108421411	4.549449740127884	0.1773417866353822	0.1773417851735685	1.4618136978672425e-09	8.242917462664152e-09	0.031113977510146596	0.14155147689788125	-0.03769598333266359	2.9789401510073243e-19	1.3949678778178207e-17	draw2349	kinetic_box
2.042100313391346	0.27530998668032564	-0.09224886720788239	0.7404336373530449	0.7404336373952582	4.221334393150755e-11	5.7011650740244836e-11	0.07381452084483124	0.006809305931428305	-0.09957964308214717	2.532525225513586e-18	2.4578588983547724e-16	draw2351	kinetic_box
0.22788084735824324	0.0507276869584899	65.2713411980723	0.015087761239795818	0.015087761243032712	3.2368933922111154e-12	2.1453768654417574e-10	0.0012604174214554413	0.08226913556781261	-0.0824501289561682	5.59951000058656e-20	7.90326775079571e-18	draw2353	kinetic_box
0.8702731889632027	0.006607400692492271	4.68950335620251	0.17310873582371353	0.17310873333185328	2.491860245923405e-09	1.439476910241411e-08	0.020493357942757067	0.09610367085241862	-0.030040479501005173	-9.675992894985033e-19	9.602437728147018e-17	draw2359	kinetic_box
0.6232079988114793	2.8853654324875517	-0.21635363172225416	0.7871084266044055	0.7871084266201088	1.5703327527205602e-11	1.9950653551806883e-11	0.24186728116619582	0.05232886467509403	-0.1386050696502941	1.645917472574524e-18	3.290121246522262e-18	draw2360	kinetic_box
0.9348019912127998	0.06523323166114346	-0.052692154126291364	0.7259746394466896	0.7259746394584274	1.1737832927849468e-11	1.616837874199823e-11	0.33341113110250264	0.017568150707474205	-0.45917833866067204	-2.5959038554037785e-17	1.9230349222508777e-16	draw2362	kinetic_box
0.5078498105796914	0.0007651130350146635	1.7145812373465308e-05	0.7071007195389437	0.7071007192524329	2.8651081507291565e-10	4.051909540918344e-10	14.578855842378182	0.00024996632689321845	-14.656138266598525	-1.3764694833392419e-15	4.041094741626122e-17	draw2367	kinetic_box
1.6677372286324557	0.0302027392623798	2.678471780213575	0.2623311944715248	0.2623311950968479	6.253230711017466e-10	2.383716015439524e-09	0.05083602579818088	0.13616286051863677	-0.033510286185456054	2.207145834463985e-18	7.590482702276563e-17	draw2369	kinetic_box
0.6827348402915561	0.018987226871491333	11.572844639597124	0.07928610638019377	0.0792861066811969	3.0100312520264794e-10	3.7964170243969406e-09	0.01235955405860542	0.1430351989349426	-0.03490337932286917	3.618986654551952e-18	1.5005643641738982e-16	draw2372	kinetic_box
0.41888472069616195	0.14699586012324495	27.947995668608815	0.03452411271464592	0.034524112707956044	6.68987781837771e-12	1.9377406958922464e-10	0.032203154760689454	0.9000136297672883	-0.9326826825725747	1.8777186569100977e-17	2.1826257931290478e-17	draw2377	kinetic_box
0.4014066919490508	0.24703318218009512	9.907810098302539	0.09129457893207914	0.091294578946034	1.3954865041299058e-11	1.528553524470281e-10	0.07027717807934986	0.6962929346547883	-0.6537619574766721	4.24220062114518e-18	5.899307095023679e-18	draw2378	kinetic_box
0.07568125829661934	0.008885501319970972	308.34174177431964	0.0032326538578385353	0.003232653857914893	7.635775692294011e-14	2.3620764943943592e-11	0.006956999672248587	2.1451333964645	-2.150103589484286	8.157791853867575e-18	1.7707604854853667e-18	draw2379	kinetic_box
0.014843372701028366	0.925714673995164	1.7363210129345903	0.3432506093711716	0.34325060933278945	3.838213080697983e-11	1.1181955621750247e-10	0.5032185824916942	0.8737489988794872	-1.3786137368315594	-8.957419097949577e-19	1.4491569493801193e-19	draw2380	kinetic_box
1.246445803726436	0.8063334549268589	-0.28974235185807395	0.815283816997078	0.8152838170085029	1.1424972079510098e-11	1.4013490567531948e-11	1.1673674597048127	0.33823579325745784	-0.5129807553422349	3.138428717578156e-17	1.9402394250005306e-17	draw2382	kinetic_box
0.20428341152900306	0.054949770945504336	11.842722295394898	0.07763013205695234	0.07763013206172649	4.7741532949174825e-12	6.149871407047695e-11	0.017964996028855127	0.21275445900760337	-0.2300827769941729	2.8504079305551337e-18	5.3246806023496634e-17	draw2384	kinetic_box
0.20048080037015487	3.099298880231199	-0.25738351498249706	0.8028363265130668	0.8028363264944922	1.857458631349118e-11	2.3136205600704856e-11	10.185203884074639	2.621503576496512	-6.767256434564264	0.0	6.129965227160489e-18	draw2386	kinetic_box
0.19006749579406257	4.6928017259281445	0.011430074492664574	0.7030772520427768	0.7030772520108123	3.1964542124285344e-11	4.546376949740052e-11	11.719562841062393	0.13395547629480686	-11.334938090592694	-2.629541214811502e-15	5.792671292370701e-18	draw2387	kinetic_box
0.39851099901972964	11.665445149121187	-0.23235513433656516	0.7932315450451732	0.7932315450254985	1.967470630859225e-11	2.480323233736223e-11	0.6729574650853588	0.15636512220270293	-0.49149486243336793	6.999632707031121e-18	5.485448884348328e-18	draw2388	kinetic_box
0.13577474431877318	3.1385181979109915	-0.13412685930501123	0.7559859072107818	0.7559859072147388	3.9569458820665204e-12	5.234152970714763e-12	8.218753998657405	1.1023556612404202	-6.634380137148523	0.0	1.008599751709483e-18	draw2390	kinetic_box
0.18814119563526902	0.014425946376897198	385.9246439656025	0.002584473943104208	0.00258447394302065	8.355772670998185e-14	3.233065163439886e-11	0.0014191490837610176	0.5476846048845818	-0.5417288293957325	4.403162192221278e-19	1.407309268196159e-18	draw2391	kinetic_box
0.5219680493000454	0.0007656862801339946	28.005159431701667	0.03445614732869111	0.034456152975864365	5.6471732567953126e-09	1.6389447947804881e-07	0.03479844863194348	0.9745361019134575	-0.04103451298819193	2.4407663191315303e-17	2.863924424576139e-17	draw2393	kinetic_box
0.3053596541400802	0.054471620653854545	302.0120814609376	0.003300180480212585	0.00330018047322812	6.984465089621139e-12	2.116388829726388e-09	0.0010288249153945065	0.310717554157168	-0.23528286329099937	1.5261577695715484e-19	1.3428736528826713e-18	draw2394	kinetic_box
0.5802358266396278	3.3628168529071827	-0.15896804319524707	0.7653157653853522	0.765315765374284	1.1068146399395573e-11	1.4462195736922528e-11	0.23095727386856	0.03671482588859374	-0.16369902481281828	-7.949497341920403e-19	1.1973607264570869e-17	draw2396	kinetic_box
0.07430394202044241	0.01697658388889058	97.00571101988972	0.010202955915038458	0.010202955910270707	4.767750430567652e-12	4.672910941199149e-10	0.00299061558802583	0.2901067915036112	-0.29310322297303165	-9.730298943242231e-20	1.1782770237809783e-18	draw2400	kinetic_box
1.7102684738285847	0.3430848148399228	-0.12221592741875441	0.7515388504606855	0.751538850478536	1.7850498856830654e-11	2.3751930915433715e-11	3.3799201391306513	0.4130800744051779	-2.765757525690959	4.682681198803014e-16	2.5439209710072032e-17	draw2401	kinetic_box
0.4556408344391617	0.0113223574051453	11.745058687758197	0.0782213746356766	0.07822137493995805	3.0428144726091233e-10	3.890003819217902e-09	0.005385296432441632	0.06325062265000181	-0.01569708915474775	2.6993140334558477e-19	6.031893182914991e-17	draw2404	kinetic_box
0.17885470599123862	0.0045553710982643115	6336.100694861716	0.00015780086680885656	0.00015780086757344233	7.645857688295954e-13	4.845257067257557e-09	0.0005169081600525728	3.275182152088798	-3.1899299385705406	6.9173125791678e-19	6.403041380189195e-20	draw2406	kinetic_box
0.5293215546516438	3.7509706385603065e-06	-0.9058316321146637	0.9955957549460105	0.9955954314265407	3.2351946976927337e-07	3.2495073757592267e-07	0.3602411934059397	0.32631786817783653	-0.3602424100391168	5.475916618316119e-18	3.798805469459858e-17	draw2409	kinetic_box
0.08515163746458734	0.12929937907193081	4.899137491967334	0.16713198045964764	0.16713198043007185	2.957578626450186e-11	1.7696066419123413e-10	0.07868239466016097	0.38547586963736497	-0.4666434037217285	-5.0292863320549864e-18	2.1507863196518287e-17	draw2412	kinetic_box
0.6666872485222962	4.822652758152953e-06	-0.9236822837214672	0.9971004241094648	0.9971004629952428	3.888577804200821e-08	3.899885667006629e-08	1.2088532501626568	1.1165963307943607	-1.2088571224025961	4.4320876433348495e-17	1.9906239390708346e-17	draw2413	kinetic_box
0.21390332430629358	0.6508673560842512	1.007436678062866	0.44588673728458067	0.4458867373277331	4.315242607688674e-11	9.677889576959786e-11	0.14675816062354174	0.1478495538171974	-0.295116844160698	1.3095907925296622e-18	1.2384665483847081e-17	draw2420	kinetic_box
2.871484525339104	0.10521708837524073	0.2582936509893868	0.6221746796292198	0.6221746801990825	5.698627125738653e-10	9.159207706612579e-10	0.02269514641968579	0.005862012228479352	-0.013657575404129381	-4.741077336211556e-19	2.9310355395356627e-16	draw2423	kinetic_box
0.8823387581018032	0.016299034685635195	0.022969288681485067	0.699033059797385	0.6990330598127917	1.5406786957328222e-11	2.2040140650077866e-11	1.1175403817612024	0.02566910764189009	-1.397221853530633	0.0	2.130213722666466e-16	draw2424	kinetic_box
0.2642160617468874	0.004705050366397887	15.921818867584019	0.058992383714607126	0.058992383774562056	5.995492990962248e-11	1.0163164475390378e-09	0.013703078635939737	0.21817793596969282	-0.22760333901004126	1.7006252428032153e-17	3.180103741703099e-16	draw2426	kinetic_box
0.039622741367290826	0.011146151612514454	2216.6898410400936	0.00045091963704233196	0.00045091963710612327	6.379131164274687e-14	1.4146935815912068e-10	0.0013023178479651012	2.886834743389437	-2.8868306971743505	1.6040558169838229e-18	1.9297523573071215e-19	draw2428	kinetic_box
0.53637744574394	3.134899241073428e-05	-0.9275708957734031	0.9973872854063984	0.9973872876164656	2.210067129304605e-09	2.2158565250878374e-09	0.7404511852706237	0.6868209691979505	-0.7404618684040601	2.967101632138465e-18	1.1210813811741633e-17	draw2429	kinetic_box
3.5649171127079904	0.12133981409969377	-0.07731359799550207	0.7349464761029366	0.734946475843489	2.59447574535443e-10	3.5301560462301445e-10	0.5375962153916587	0.041563497680694034	0.3282147691276932	-2.1040952185693234e-17	9.616094190832223e-17	draw2431	kinetic_box
0.24422818543820618	0.24036376734413378	0.29283651706648794	0.611826670481448	0.6118266704785129	2.9350966102015263e-12	4.797268167316034e-12	0.3104610887613678	0.09091434391754871	-0.4451233903614829	-8.251777711696003e-18	3.039597059961592e-17	draw2436	kinetic_box
0.3008692059017188	0.05609314334077549	433.82369136699737	0.0022997766106201667	0.002299776611450226	8.300591117227363e-13	3.609303214886188e-10	0.0027861963950818695	1.2087180049878374	-0.9983193366203326	2.1613257078146108e-19	1.3643234481126774e-19	draw2438	kinetic_box
0.010941226801458667	1.8142035825136635	0.0023694763925679752	0.7062695416519432	0.7062695416088527	4.309053114326389e-11	6.101145328326837e-11	64.25956165816626	0.15226151434579122	-63.87654945250028	2.145270858768531e-14	2.6526337878020972e-18	draw2439	kinetic_box
1.17222750949723	7.2880741178754676	-0.019326672781543312	0.7139724775393134	0.7139724775374682	1.84519066692701e-12	2.5844002744912212e-12	0.12385676933819363	0.0023937392527783553	-0.11523965233138048	1.0729923216300766e-19	5.137414525170739e-18	draw2440	kinetic_box
0.08589659310116915	0.29097690694418993	5.861866215428871	0.14420962603477736	0.1442096260532943	1.851693798293752e-11	1.284029262796533e-10	0.09251810480867145	0.5423287528934585	-0.6388395334256514	-4.399016872091751e-18	9.932138638070257e-18	draw2442	kinetic_box
0.052699868311098276	0.11563588553706745	6.9614560422216565	0.12462592196857393	0.12462592196125517	7.318756711782726e-12	5.872579794481318e-11	0.0034618347330220515	0.02409941031936916	-0.0275634495680228	-4.225495294603803e-21	5.494467575075046e-18	draw2443	kinetic_box
0.32794847793076376	0.029860452826456534	6.827740626007158	0.1267209093976991	0.12672090943475237	3.7053277113230365e-11	2.924006565176114e-10	0.018772153030146455	0.12817139188155433	-0.10975646142773467	-2.926474503707448e-18	1.4230029037529756e-16	draw2444	kinetic_box
0.42437832766362094	8.673620961232227e-06	0.0012728287467744196	0.7066569363287395	0.7066569115557703	2.4772969231534603e-08	3.505657247021702e-08	59.06840910547513	0.07518396913568062	-59.07249328311094	-7.487368088876259e-15	6.585081414548012e-18	draw2445	kinetic_box
0.018106729853599457	0.021224172827631244	56.18527177923746	0.017484347040794504	0.01748434703573196	5.062544133904723e-12	2.8954722321392e-10	0.0009532479032167575	0.05355849251522178	-0.054501522594467194	-3.878408646117229e-21	1.3268421210850459e-18	draw2447	kinetic_box
0.7047207493528163	0.03720032561353086	1.4152117940714917	0.38254841640610976	0.38254841615431856	2.5179119900187175e-10	6.581943314079757e-10	0.016414455184801044	0.02322993057078838	-0.03203632307610064	3.2933522793591416e-19	1.1884695656828043e-16	draw2448	kinetic_box
0.15432494357584453	0.0024115486907799505	246.23077260385506	0.0040447708756526325	0.004044770840413474	3.523915881320505e-11	8.712275726751124e-09	0.002929445240029001	0.7213195647530267	-0.6116881224479161	-7.14400722638414e-18	1.3695233658209505e-17	draw2449	kinetic_box
0.02491679383527716	2.929335992773574	-0.009493521620176195	0.7104711756872719	0.7104711757159701	2.869815496353567e-11	4.0393130565241295e-11	54.659594617995786	0.5189120432560094	-53.55085180258968	-1.2136168882221028e-14	1.914052072326287e-18	draw2451	kinetic_box
0.37203388158490974	0.19506867768886318	1.0086256495743813	0.4456752392033307	0.44567523922464075	2.1310064823865105e-11	4.7815231694134695e-11	0.0754347007172625	0.07608537401139794	-0.14175753880775918	1.8275219586026887e-18	7.397092608025449e-17	draw2454	kinetic_box
0.5313087280371622	0.6354579870102729	0.12236060525886298	0.6652352414950093	0.6652352414734748	2.153455191944431e-11	3.237133359282946e-11	0.29915464378583767	0.03660474327963465	-0.2457138739886635	2.2485140502926822e-17	1.1708537923491082e-16	draw2455	kinetic_box
0.35869380460237077	0.0077744058248278135	12.078158239760384	0.07624081299761475	0.0762408142752891	1.2776743552045389e-09	1.6758403846411357e-08	0.025598806493359345	0.30918643557579983	-0.26016269662612507	-5.88975361457054e-18	5.759741877462503e-17	draw2456	kinetic_box
0.40977578905774625	0.0018043403191593899	0.01660709389688194	0.7012599547990096	0.7012598609589545	9.384005505985726e-08	1.3381637861253522e-07	0.09776135453761405	0.001623531994292564	-0.09897084673754251	-3.140938748353026e-18	2.081398116717609e-16	draw2457	kinetic_box
0.028657579174941154	0.0015315696935698326	135.06675684948868	0.0073491352174156685	0.007349135217849433	4.3376413572104866e-13	5.902247310234965e-11	0.01288289872061197	1.7400513490134857	-1.7526744702896648	1.0005670632499074e-16	3.257169451220637e-17	draw2460	kinetic_box
0.2707219566736081	0.00331901055216882	67.15350393279049	0.01467118060099048	0.014671180713209359	1.1221887828705146e-10	7.648932998692733e-09	0.0021183588102310796	0.1422552166939142	-0.13262963026544755	-6.365662819746994e-19	3.0656077144517736e-17	draw2461	kinetic_box
0.1462220454104791	5.827260470356015	-0.1692161885517158	0.7691848604500133	0.7691848604223049	2.7708391137082344e-11	3.6023058386601144e-11	10.598380773789554	1.7934175993604526	-8.469706438882383	-5.880413891047469e-16	5.550556747754455e-18	draw2464	kinetic_box
0.2362394936113942	0.06591743099647525	1085.3344016868116	0.0009205264742144012	0.0009205264739500662	2.643349948650009e-13	2.871563201552633e-10	6.94824515432813e-05	0.07541169497346009	-0.07547308948329738	-1.47032734814982e-21	2.613493074206648e-19	draw2466	kinetic_box
0.7925005386042049	0.055244154718301325	10.0369692341725	0.09023496243807247	0.09023496247042177	3.2349303791257e-11	3.5850077293333855e-10	0.04902124321921966	0.492024710012195	-0.38953019987604753	-2.6253341015464754e-17	8.455171480063993e-17	draw2467	kinetic_box
0.9290809634131582	0.5193712242423277	0.06071762550964656	0.685974668538136	0.6859746685404804	2.3443469387984806e-12	3.4175415599331815e-12	0.45895553524142385	0.027866690314368166	-0.48219957071617775	-8.022365796147254e-18	1.8565203734433386e-17	draw2468	kinetic_box
0.07041488948644439	0.0018045778612286766	408.53626369171417	0.002441778927677717	0.0024417789278024867	1.2476955232876286e-13	5.1097808613268266e-11	0.0032365162574370804	1.3222342591908347	-1.3254225790086314	8.325539637383212e-18	4.731673792365858e-18	draw2469	kinetic_box
0.26100561618531953	0.17087906037831566	541.8672294572469	0.0018420679111365145	0.0018420679111377826	1.268082860939046e-15	6.884017973885633e-13	0.0013594326562542183	0.7366320070781792	-0.7325433130627607	-1.191065360056117e-19	1.9854409438162964e-19	draw2470	kinetic_box
0.00019666761637761535	1.0568819405328747	0.019728794132866115	0.7001663307555663	0.7001663307357245	1.9841794873798335e-11	2.8338687541500127e-11	11.709996198439505	0.23102410429565778	-11.93770407706212	1.035718370856125e-17	6.932917959509953e-20	draw2471	kinetic_box
0.02830235892443721	0.007869871980914907	196.14268269860455	0.005072403000794337	0.005072403000673112	1.2122507858647324e-13	2.3898944656090333e-11	0.051791221093036674	10.158469045424766	-10.207731406637343	-5.267262785477928e-16	5.082144479273682e-18	draw2473	kinetic_box
0.32812666770800236	0.005883917751171112	0.3864105435477645	0.5849919886021231	0.5849919929847931	4.382670004687839e-09	7.491846140194548e-09	0.14894493292504335	0.05755389249025132	-0.15929279366404775	8.77804659267038e-19	1.118254572186312e-16	draw2475	kinetic_box
1.1408867174708606	0.004466962249010696	-1.4899378800524286	0.8980123422620958	0.8980123425401737	2.7807789404477035e-10	3.0965932300906005e-10	0.9117657361523609	1.3584743080272903	-0.8942308123630915	-1.3390567465158388e-17	4.8784205922940027e-17	draw2476	kinetic_box
0.3418117633636282	2.212320140511335e-05	11.531372532404916	0.07954717024817522	0.07954684344428649	3.268038887282998e-07	4.108320010927759e-06	0.051318318880136174	0.5917706527435989	-0.0514787903926208	-4.573502695712592e-17	1.385123778799214e-16	draw2481	kinetic_box
0.13482821673974665	0.35032517208965	13.731235071958354	0.06772710357610513	0.06772710358441393	8.308798093992209e-12	1.226805466977672e-10	0.4777773143162931	6.5604726149259545	-7.053647826179897	2.1946417799897926e-16	4.5500553065884725e-18	draw2482	kinetic_box
0.4005167044748692	0.0085090585356989	62.75777700231494	0.0156824323260165	0.01568243232602364	7.140121827120538e-15	4.552942859043697e-13	0.0004277964711763904	0.02684755554046516	-0.026435033199073938	1.2586138897810191e-20	1.6166601256207212e-17	draw2485	kinetic_box
0.17446825706849292	0.21517470156798307	12.335045490305736	0.07478039926865629	0.07478039926751502	1.1412676359512375e-12	1.5261587891080033e-11	0.0190360622363894	0.23481069364215443	-0.2534859275547709	-2.0638599393379733e-19	3.3855256044453742e-18	draw2487	kinetic_box
0.021378403953933197	0.3181535131716261	0.21279946115080423	0.6361711208976691	0.6361711209018258	4.156675004196586e-12	6.5338945255863724e-12	0.6726343874929135	0.14313623520999325	-0.7788854595581357	0.0	1.9512523102769354e-19	draw2488	kinetic_box
1.1106823609786487	0.0018307696175503187	-0.25278547473782126	0.801069794315246	0.8010697780060769	1.6309169126316192e-08	2.0359236578504987e-08	0.03205162607690985	0.00810218551397079	-0.032479267300702476	3.818855543375399e-20	1.4944750038425139e-16	draw2491	kinetic_box
0.670606227572814	1.2066474072947166	-0.2413775123188854	0.796690581150154	0.7966905811538983	3.744338172850803e-12	4.699864993292172e-12	0.39118509419589564	0.09442328489323415	-0.12880535098145152	1.0068617993254162e-17	3.7215988026329135e-17	draw2492	kinetic_box
1.1558063889976506	0.08354130295044691	0.7326142034586967	0.49987804570458394	0.49987804600616875	3.015848126786125e-10	6.033167791387477e-10	0.09446089044695571	0.06920339001279567	-0.18865844811563565	-1.014443773621988e-17	2.84513394982615e-16	draw2493	kinetic_box
0.4789039534710907	0.08464672111831648	0.5267995300378655	0.5479047459207989	0.5479047547668034	8.846004595497448e-09	1.614515026295481e-08	0.24126199701565365	0.12709670664384345	-0.43020823629847404	7.161587744351036e-17	3.4434143324202616e-16	draw2495	kinetic_box
0.487160902990463	0.16890522013668	10.827079561632996	0.08425110777916087	0.08425110777613352	3.027342265760069e-12	3.5932373421179493e-11	0.017617071033504888	0.19074142972269748	-0.1746878699042374	0.0	1.004851976474527e-18	draw2496	kinetic_box
0.1274178620878273	0.3780042651313724	9.275703545595622	0.09685936090480683	0.09685936088494547	1.9861362554607354e-11	2.050536197342836e-10	0.11280553346552827	1.0463506867290062	-1.1608131784244127	-2.588593363165262e-17	1.9088570949798247e-17	draw2499	kinetic_box
0.18459588519510645	0.3934580352869225	1.2318106691244057	0.40889694531114334	0.40889694536931176	5.816841452954691e-11	1.4225690650980472e-10	0.015470741000561587	0.01905702382375215	-0.03387818883227004	-2.6183388122996205e-20	2.055680557520502e-17	draw2501	kinetic_box
0.062592642703385	4.9522060600104705e-05	2082.845979092278	0.00047988185989242537	0.0004798818602190037	3.265783368559816e-13	6.805390324754952e-10	2.731794268217736e-05	0.056899067072646935	-0.05692505106760421	2.491566115748967e-19	7.688564027424601e-17	draw2503	kinetic_box
0.35613432933749406	0.0038421453259145835	0.01346543539724871	0.702362161627823	0.7023621628009471	1.1731241533752268e-09	1.6702553404883456e-09	5.924374206166917	0.07977427814226723	-6.108778497797027	-3.326889078134148e-16	1.6364983559362733e-16	draw2506	kinetic_box
0.1455248557275457	0.22007701635123425	8.552028447496763	0.10412078077879451	0.1041207807860613	7.2667843964424605e-12	6.979187383711273e-11	0.02221585600129869	0.18999063250859805	-0.21200554921699336	-4.0836725518337764e-19	9.13255924263484e-18	draw2507	kinetic_box
0.36072381125436215	0.29996861200006897	0.3789608035399384	0.5870650830166474	0.5870650829928615	2.3785862168779204e-11	4.0516567681931834e-11	1.0528376682592597	0.39898420876064417	-1.7616727329869246	0.0	3.0991191034696274e-17	draw2508	kinetic_box
0.4743851613364779	0.0051649910937741055	6.75374607282753	0.12791052456569568	0.1279105225436787	2.022016970526508e-09	1.58080580887005e-08	0.016009841352493302	0.10812640316099349	-0.11792921269411494	5.087954416515805e-18	3.256566558613303e-16	draw2509	kinetic_box
0.3656923916636117	0.009608820716511793	24.414447969102955	0.03931727232629227	0.0393172725340407	2.0774842957038686e-10	5.283897284342888e-09	0.011521641150655761	0.2812945083913606	-0.2764244390277957	3.045359913384633e-17	3.5686292200618487e-16	draw2511	kinetic_box
0.008170722863102907	1.2697532080470901	-0.012668820462119666	0.7115999801647517	0.7115999801313879	3.336375620222043e-11	4.688554965397868e-11	2.229462978185543	0.02824466619757525	-2.179961310050797	-7.734655210811643e-18	1.763396274844277e-18	draw2512	kinetic_box
0.47904251742304854	0.02523454849541873	0.12175248246877307	0.6654362068866199	0.6654362102248772	3.33825733722648e-09	5.016645150852778e-09	0.1477983017859683	0.01799481014711054	-0.18165868055660628	-2.6187851247202874e-17	7.627612843258435e-16	draw2513	kinetic_box
0.7734918869621641	1.0019167577837405	0.0034563862419204117	0.7058858218621371	0.7058858218669111	4.773959005888173e-12	6.763075355816204e-12	0.8563249239673527	0.0029597896858143007	-0.8668533743148076	-4.471687854921475e-18	4.002937216080091e-18	draw2514	kinetic_box
0.5562232618261742	0.09426957505252213	1.83137248961362	0.3330250542671306	0.33302505457900694	3.1187635807228276e-10	9.364951789184172e-10	0.07136360064419955	0.13069333497955987	-0.21426388447302253	1.314718584162863e-18	3.5699923347772706e-17	draw2515	kinetic_box
0.6797257201644377	0.03274609755183082	0.2893268698182377	0.6128670911976767	0.6128670914429349	2.452582581469187e-10	4.0018180380591555e-10	0.35458585716346364	0.10259121613492167	-0.457206847180221	-1.2631816361639924e-17	2.6385466985866e-16	draw2521	kinetic_box
0.33395362764196534	0.002628218386364891	0.011843836897499103	0.7029318237376023	0.7029318233218905	4.1571179831834115e-10	5.913970381278016e-10	8.444862428668245	0.10001957322696486	-8.614234639490467	2.7348468300567475e-15	2.839230774430145e-16	draw2523	kinetic_box
0.5391279807957822	0.03677531148826829	7.21969037680874	0.1207686224146533	0.12076862244372417	2.9070870710690144e-11	2.407154285811002e-10	0.008761993866225469	0.06325888279764523	-0.06931989005974253	3.688507273881027e-19	7.253902715973228e-17	draw2524	kinetic_box
0.7006529488048879	0.20608257628469728	-0.16941633157957947	0.7692605319458414	0.7692605319396556	6.185829626303985e-12	8.041267385324834e-12	1.5042292036544573	0.2548409935380103	-0.44250595866930087	1.4928292254378876e-16	1.0267690335340568e-16	draw2527	kinetic_box
0.15981353856858307	0.1384806043073915	0.7481069654902862	0.49654379648118513	0.49654379651482883	3.364369893787966e-11	6.775575321657437e-11	0.17715906676086582	0.13253393184356238	-0.2978086690928414	-5.361458066146668e-18	3.998442953528128e-17	draw2528	kinetic_box
0.6897970382128648	0.0008557361762922986	0.6209673281500209	0.5250422356554214	0.5250421740971926	6.155822884768014e-08	1.1724435080577901e-07	0.07349292328979924	0.045636704213201075	-0.0743761044054443	-1.4139755948102717e-17	5.967202215543286e-16	draw2534	kinetic_box
0.5168245567428544	0.0013659475799224267	-0.5334769225702488	0.9062329974912529	0.9062329992317738	1.7405209495890972e-09	1.9206108705648113e-09	2.749823752936288	1.466967513327023	-2.7619666396981835	4.437896340124864e-16	9.478764552916504e-17	draw2536	kinetic_box
0.44978480035783647	0.05509613828791718	-0.28980286677655615	0.8153071089538966	0.8153071089100824	4.3814174510714565e-11	5.373947317751977e-11	0.37774742395678357	0.10947228638013504	-0.3004289374418952	5.744224911058731e-17	2.6104580548111033e-16	draw2537	kinetic_box
0.40792382049595977	0.04041044900583896	16.12323472460521	0.05830084534476974	0.05830084532350855	2.1261187255205982e-11	3.646806000363921e-10	0.015688967924284376	0.25295691243003915	-0.2576928962965195	1.2466694650428625e-18	1.726111301804065e-17	draw2538	kinetic_box
0.08088346692051593	0.026043319433851898	109.51327605000061	0.009048316174654049	0.009048316174220293	4.337554621036688e-13	4.793769954010765e-11	0.012461590226382789	1.3647095704838481	-1.3739710727221925	1.1313450692192907e-17	5.9800625160570866e-18	draw2540	kinetic_box
0.4844093654028111	0.5133362802328576	1.7100605216987983	0.34617979254482867	0.346179792550678	5.8493210275401e-12	1.6896772005211153e-11	0.11776554674896184	0.2013862123116739	-0.32355384236832074	0.0	2.3405046303262962e-18	draw2543	kinetic_box
0.06650241871857519	0.43527171119892993	0.01623628414722004	0.7013898727286135	0.7013898727599918	3.13782333449808e-11	4.4737220429925e-11	0.18155053251974923	0.0029477060330697605	-0.1316506706971633	1.2372248652613675e-18	1.4238668021586946e-17	draw2544	kinetic_box
0.29931402039428334	0.2185451206316061	6.825151996898656	0.12676215631336443	0.12676215633192928	1.8564844106450096e-11	1.464541519618653e-10	0.07648442236766628	0.5220178080543177	-0.5980718260139224	-1.615730057029788e-17	4.43239736186913e-17	draw2548	kinetic_box
0.7779468585096656	1.5211661699989825	-0.05956059135540711	0.7284679074007963	0.7284679074250514	2.4255153441288257e-11	3.329611805003744e-11	0.9796462692098614	0.058348311113257695	-0.785954376227308	2.291544788234371e-16	1.1482332191953327e-16	draw2549	kinetic_box
0.1650551737957696	0.003204095275664907	4.921505044215053	0.16651820328962194	0.16651820326417754	2.544439658969111e-11	1.5280249300626984e-10	0.034815407344162747	0.17134420286069876	-0.20564472894093555	-6.892622339546092e-17	1.5764714141481055e-15	draw2550	kinetic_box
0.0005657566965556426	5.959831281984215	-5.396548269009121e-05	0.7071258611403688	0.7071258611233316	1.7037149468990265e-11	2.4093517725296106e-11	55.68963557423994	0.003005318064599133	-55.67956318661505	4.830305870810309e-17	7.115794044233948e-21	draw2551	kinetic_box
0.09000814061033319	0.0003706804989586482	52.7375279304709	0.018605747897193322	0.01860574791203314	1.4839816875333867e-11	7.975931387168971e-10	0.00012657989292335316	0.006675510638481353	-0.0067936956177609845	-6.192343192338485e-20	1.3378111778859906e-15	draw2552	kinetic_box
0.6018370514575935	0.00010458899806007668	-0.1092252844245574	0.746709654712134	0.7467096779516259	2.323949188642871e-08	3.1122526696291504e-08	8.178905951822058	0.8933433288694695	-8.182588049363261	-1.9463762305608866e-15	3.8438550231154165e-17	draw2553	kinetic_box
0.011156430123864315	1.2094362926198696	0.00515328781093529	0.7052871720896224	0.70528717208003	9.592437955063815e-12	1.3600754890768588e-11	3.392039786479464	0.017480157285872162	-3.3404063012644882	4.7306967738595346e-17	3.671630064418214e-18	draw2554	kinetic_box
0.3734499979871218	0.2808538400675921	0.8615901989474269	0.4732210714694476	0.4732210714281527	4.129491193438639e-11	8.726346823433038e-11	0.30066634314220353	0.25905117440468645	-0.39871338664907036	-1.4312172939775433e-17	3.473221208925609e-17	draw2556	kinetic_box
0.38554235681605	0.009245729280504647	0.08654792421318597	0.677194389173282	0.6771943893663394	1.9305734788588325e-10	2.850840924221623e-10	0.3005330389605481	0.026010510679515982	-0.3289623148612513	-5.2709160087652e-17	1.7742662797472813e-16	draw2557	kinetic_box
0.505632571387991	0.001355729238636803	-0.21336972425121573	0.7859684635816515	0.7859684631447482	4.369032913231763e-10	5.558789083916638e-10	1.7582908993460378	0.37516604434688616	-1.777005645661801	-5.3289047351456263e-17	1.3847793786373174e-16	draw2559	kinetic_box
0.40498691432368644	0.002086011804007256	-1.2013184628185443	0.9803313410401492	0.9803313245594726	1.648067660120489e-08	1.681133325879467e-08	0.08494759502925164	0.10204911428067279	-0.08451984482485907	1.58757647923737e-18	3.107559432716242e-16	draw2560	kinetic_box
0.3557090692553692	0.5416623908572326	-0.06466623623862465	0.7303261031378958	0.7303261031113767	2.6519120233103877e-11	3.631134108465467e-11	5.639412990392466	0.36467961268388793	-2.767366966661551	0.0	4.9350982519565666e-17	draw2563	kinetic_box
0.029010034243504755	4.30934074673599	0.010668299527439175	0.7033450801620807	0.7033450801619358	1.4499512701604544e-13	2.061507659691915e-13	23.837217655999975	0.25430257785496924	-23.93209625474387	-2.0059774705590326e-15	7.39764383745874e-19	draw2565	kinetic_box
0.0600622020747267	0.19963864898933117	84.21899859399555	0.011733664730852283	0.011733664730681903	1.7037933564001406e-13	1.4520555985760848e-11	0.007398290439829254	0.6230766121499508	-0.6291027563088335	-2.0443305483425957e-19	6.663148650694697e-19	draw2568	kinetic_box
0.4158160768743766	0.01511018311063207	51.83108317216377	0.018924861075444596	0.01892486106184662	1.3597976911139398e-11	7.185245306003085e-10	0.008422396989113555	0.43654195885172636	-0.07278008661334415	3.3539055449497156e-19	3.2132052586275708e-18	draw2570	kinetic_box
0.11173814184853242	0.04265257728909553	1.9522635075283221	0.3208184823311544	0.3208184822870907	4.406369713549907e-11	1.3734775135575825e-10	0.11202580734787095	0.2187038955866466	-0.23125859934458393	-9.955787235437561e-18	1.0961626574439968e-16	draw2572	kinetic_box
0.6540234178577643	0.18391208537377865	15.606985093243548	0.06010675321894072	0.0601067532120066	6.93411994490134e-12	1.1536340884099223e-10	0.0727446737498865	1.1353250388273437	-0.7368628672849559	-1.8779357025841263e-17	1.4457160533927572e-17	draw2576	kinetic_box
0.6869139188939207	0.07423654098487809	0.03921196996341032	0.6933816593404813	0.6933816593390302	1.4511725154875421e-12	2.092891405392638e-12	0.16167293125216037	0.006339514124156213	-0.07931117115309133	2.0918033461729032e-18	9.772952097925444e-17	draw2577	kinetic_box
0.43553957060498716	0.1222374913639106	1.8990933305248177	0.32608179559953343	0.32608179555566247	4.387096241842414e-11	1.3453974743872302e-10	0.05777521851665291	0.1097205321545895	-0.17717910285904287	-5.500000883087122e-19	2.342133903745252e-18	draw2587	kinetic_box
0.07757185754803889	0.6203718850233365	0.06683111808397134	0.6838850108508114	0.6838850108367207	1.4090728583937562e-11	2.0603944172862942e-11	4.289711039787348	0.28668618504614374	-4.301465607844245	-2.535517711433268e-16	4.608030388295869e-18	draw2589	kinetic_box
0.28918373429898	0.07987033329529081	1.917459432616043	0.32424546212368405	0.3242454617511355	3.725485475669643e-10	1.1489707382640327e-09	1.1236074452881026	2.1544716945252866	-3.1904470838840986	-1.0836488310373527e-15	9.810029460906605e-17	draw2590	kinetic_box
0.5000669393685861	0.3921373855724281	0.054240171379920946	0.6881964752384299	0.6881964752411129	2.683075983611616e-12	3.898706372582899e-12	0.18897301916650347	0.010249928945772237	-0.12461331292544067	0.0	3.20985489875011e-17	draw2592	kinetic_box
0.9402453266216484	0.07429360189005714	0.018664462534605762	0.7005389670835083	0.7005389670704182	1.3090084571842908e-11	1.8685733681003204e-11	1.9621127761028205	0.0366217803982424	-2.559280655145549	-1.6307582573499498e-16	5.832213465696538e-17	draw2596	kinetic_box
0.021102244387394407	0.005165009270092655	1412.7196528510585	0.0007073536453477928	0.000707353645263877	8.391573026733656e-14	1.1863334674133466e-10	0.0015130083134218255	2.137456579298047	-2.1381168710224068	-1.9703879469596498e-18	4.350011971937334e-19	draw2597	kinetic_box
0.8684006207017749	4.342721765533261	0.03211903270618547	0.6958435619831155	0.6958435620766865	9.35710398053402e-11	1.3447137389054132e-10	1.417427752162681	0.045526408330368105	-1.2202858451747365	0.0	2.3491973359250363e-18	draw2599	kinetic_box
0.41252066272430565	0.031880622274281935	4.261203607272191	0.18672756392978085	0.18672756429213574	3.6235489608849036e-10	1.940553862318823e-09	0.01620463887480564	0.06905126562786497	-0.03668574237182223	7.278686402256185e-20	5.826609150234144e-17	draw2600	kinetic_box
0.2717734273482755	0.06605058340708041	1.0090633176578117	0.4455974296397122	0.4455974296632366	2.352440464647998e-11	5.279295408920719e-11	0.014683504267805066	0.014816585531314016	-0.026829493235008016	-2.147954099778797e-19	2.157869916844357e-16	draw2601	kinetic_box
0.0871897395056037	0.14397288189292018	5.37933472278949	0.1548649953869914	0.15486499535959244	2.7398944224543698e-11	1.7692148029271605e-10	0.11372947542108312	0.6117889161372662	-0.7315266320671817	-4.885609200936318e-18	1.3218180802822256e-17	draw2602	kinetic_box
0.174951562455365	0.10953683495539182	5.279398490255131	0.15726916798470852	0.15726916783348538	1.5122314511728518e-10	9.615562109249434e-10	0.23049106013227166	1.2168541548796197	-1.291416075468059	-1.5985148136372505e-16	9.935314239227705e-17	draw2603	kinetic_box
1.3686202619196768	0.060363809309032145	0.2077826710227867	0.6377401904040368	0.6377401898827426	5.212942300047985e-10	8.174084655079455e-10	0.22766689200997794	0.047305234925289555	-0.26943747562630216	2.487708995359751e-18	2.184792771744843e-17	draw2607	kinetic_box
0.6206950297310606	0.03611974549092918	2.5197691725907356	0.2732936726318223	0.2732936732666128	6.347904979442376e-10	2.322741285433875e-09	0.09657090707165428	0.24333639460827916	-0.17664433804847227	-3.4554230817079943e-18	2.309929174636035e-17	draw2608	kinetic_box
0.06872194038215365	6.4416530711197935e-06	0.0019562975524174482	0.706415466770689	0.7064154641547652	2.615923810900256e-09	3.7030953364395e-09	73.15859142038246	0.14311997333400236	-73.17229657330184	-6.291400774003036e-14	2.2740617656249785e-17	draw2611	kinetic_box
0.11789257693490367	0.10699573785674518	4.559237780008067	0.17703933793808113	0.17703933794730545	9.224315755673729e-12	5.21031984338943e-11	0.08817967006839944	0.40203208320449324	-0.49445204062303494	-4.2449516966741485e-19	5.101452447582536e-18	draw2613	kinetic_box
0.16727359725802898	0.08388146569340534	2.0046016028301357	0.3157917881125583	0.31579178811309805	5.397349234215199e-13	1.7091480644462438e-12	0.17472964557221063	0.35026332757599493	-0.5466902445028464	3.5924983558802956e-18	1.892712195802251e-18	draw2614	kinetic_box
0.031287061562573694	0.019200727496527757	5513.429665106014	0.00018134241330996581	0.0001813424133206783	1.0712486670297339e-14	5.90732552530545e-11	6.392925586098957e-05	0.35246945573213245	-0.3525048413443425	-7.651176965572712e-21	6.155703840900641e-20	draw2615	kinetic_box
0.06280125663822103	1.7921207522471152	0.0850756614355881	0.6776913910776855	0.6776913910237521	5.393341329096302e-11	7.95840319138313e-11	5.002942163153341	0.42562861365426236	-5.247474704651408	-1.5057806186515085e-16	3.1742387631706697e-19	draw2616	kinetic_box
0.5357427338866212	0.028807971132394264	1.6272264174791609	0.3557318560802923	0.3557318336949519	2.2385340359143413e-08	6.292757138608896e-08	0.030574290046230412	0.04975129245889632	-0.05684046799039397	-4.7377822003529554e-17	6.400688728071631e-15	draw2617	kinetic_box
0.8764122224910216	4.591505690804723e-05	-0.9870555760996423	0.9999162314916346	0.999916231471869	1.9765522552006587e-11	1.9767178419448085e-11	4.004257937871248	3.952425125717071	-4.004268851714252	-1.195491874969817e-16	1.1086501962784445e-17	draw2618	kinetic_box
0.0883470093552995	4.316372763722405	-0.019030246993499127	0.7138666852811317	0.7138666852871417	6.00997029920336e-12	8.418897285822973e-12	16.94060201192762	0.3223838405055508	-16.23025502345113	1.8803021478042276e-15	4.41683937668228e-18	draw2623	kinetic_box
0.41763557847800453	0.14723242704044553	0.8243949965933598	0.48065719512452315	0.48065719508419386	4.032929545871866e-11	8.390448717126645e-11	0.21921448679376115	0.18071932609355784	-0.4520018382792911	2.6807672441378564e-17	1.9473611057547868e-16	draw2628	kinetic_box
1.3427919158573935	0.7267423127806916	-0.2142860870711414	0.7863184812354438	0.7863184812253131	1.0130674077402091e-11	1.2883677948934319e-11	0.7823400554835787	0.16764458924859574	-0.4504277241743183	1.0648938909042005e-17	1.3296527164009169e-17	draw2629	kinetic_box
1.3151583497012738	0.0634666698790453	0.0034451279316150265	0.7058897954079046	0.7058897953953298	1.2574830066114373e-11	1.7814154770535967e-11	4.015503473683636	0.013833923176684658	-5.2916076760065875	-1.4308843076223743e-15	1.0038876194146499e-16	draw2631	kinetic_box
0.2580936040246864	1.1456408897419725	-0.11441541043968298	0.7486363704536646	0.7486363704898606	3.6196046160341666e-11	4.834930226093243e-11	1.6194349845868827	0.18528831844188987	-0.9952702931423258	-8.717516601912629e-17	9.20899059137721e-18	draw2632	kinetic_box
0.5646220535982979	1.1969918131988508	-0.15743140628973804	0.7647365913309749	0.7647365913337519	2.777000851494904e-12	3.631316825904235e-12	1.293650933240316	0.20366128566805497	-0.6821140030622377	-6.891282482672174e-17	2.319574859285288e-17	draw2635	kinetic_box
0.0642590688075362	0.22368033617966399	1.8741010896400876	0.32861227989384123	0.32861227990169684	7.85560505534022e-12	2.390539105139405e-11	0.26804735940830215	0.5023478483422472	-0.7578476783223022	-8.010761624974317e-18	1.1055348735538294e-17	draw2636	kinetic_box
0.6044062375583391	0.050811212593605756	0.6978947852258119	0.507486949307392	0.5074869486656877	6.417043563189395e-10	1.2644745998023074e-09	0.441465308719837	0.30809633681367743	-0.6855713167487243	-7.628818970188947e-17	2.0763547776302896e-16	draw2637	kinetic_box
0.25563674003927067	0.3190092219168682	4.455147000514512	0.1803086303937667	0.18030863038913897	4.62774263354504e-12	2.5665674591158093e-11	0.07199332525013855	0.3207408470452205	-0.39919370335995996	-2.0175171354529607e-18	1.1412032615995706e-17	draw2638	kinetic_box
0.18790611667808632	0.01729979807841169	0.2839739329457844	0.6144587177281187	0.6144587167423273	9.857913374489158e-10	1.6043247668049707e-09	1.9878799221542258	0.5645060797180953	-2.626096769635613	-4.787078351944513e-16	9.338175209900182e-17	draw2639	kinetic_box
0.35962267793312763	5.653052364813488	-0.21578431953448296	0.786890880219667	0.7868908802004723	1.9194756895046794e-11	2.4393162226199194e-11	0.3428344969408264	0.073978308635323	-0.25015739657315456	1.7816214116588905e-18	5.674629537252478e-18	draw2640	kinetic_box
0.08453765848364514	0.0008069422316593191	136.2696035476984	0.007284740708965849	0.007284740686069434	2.28964147988564e-11	3.143065180431347e-09	0.0008740753058762008	0.11910989540258317	-0.1193567260146451	-2.481485688164909e-18	1.7247388045992478e-16	draw2641	kinetic_box
0.16942745665313794	0.1248362305548895	33.71484074218696	0.02879417968293227	0.02879417967288157	1.0050699855712608e-11	3.4905317567280387e-10	0.05055992527010928	1.7046198284186083	-1.7232580378736722	1.7820417990369662e-17	6.749624816798867e-18	draw2642	kinetic_box
0.2064646832743378	0.07226505469773853	0.05690424756670506	0.6872817190833188	0.6872817190726529	1.0665912597573879e-11	1.551898195686823e-11	0.8107975384321855	0.04613782385342015	-0.9562737540582434	4.715493360448446e-17	3.581302607054702e-17	draw2644	kinetic_box
0.1322644285866266	0.06857555041302536	7.488418359293011	0.11699848559144907	0.11699848559240288	9.538064782432798e-13	8.152297642262934e-12	0.07933226631756153	0.5940731995767502	-0.6557777378382588	-2.3135445747590386e-18	2.167941181817182e-18	draw2645	kinetic_box
0.5208570440205557	0.020299782001284346	2.132129806903415	0.30414619775938667	0.3041461964912465	1.2681401484471166e-09	4.16950848991996e-09	0.030962409632259193	0.06601587647049324	-0.05015768180172775	-4.821007715923975e-19	6.6232394061325e-17	draw2647	kinetic_box
0.9057876780360624	0.0017830617668571766	0.007019702200865202	0.7046293135960263	0.70462931222943	1.36659628058311e-09	1.9394542021807645e-09	2.984962574690961	0.0209535483550584	-3.0227305804297826	1.5190496034293606e-16	2.402962337186737e-16	draw2650	kinetic_box
0.3625900580211948	0.024713498223316126	-0.630963239735024	0.938155601251759	0.9381556015883522	3.365931977583614e-10	3.5878184513154263e-10	0.6076220351837923	0.3833871678539543	-0.6378862586905287	3.310896310622275e-17	1.0463772680776111e-16	draw2651	kinetic_box
0.000757538065886	5.957350926405854	0.00653617831055048	0.7047996814468939	0.7047996814874392	4.054534485931072e-11	5.752747330098404e-11	54.94460314478153	0.35912772335672477	-55.29617774431936	4.7968339668047285e-17	1.064121245626477e-21	draw2652	kinetic_box
0.7592419737108191	2.8084919834427967e-05	0.038258409842514524	0.6937122032206647	0.6937120899949759	1.1322568882476958e-07	1.6321711911578417e-07	1.0833808580588098	0.041448428883149	-1.0836006797494029	-5.418439825489184e-18	1.8837866488773413e-16	draw2654	kinetic_box
0.0066920132225742265	0.009960085520608973	434.053876637491	0.002298559815025155	0.002298559815250531	2.2537614136064477e-13	9.805102302116073e-11	0.0005045906231709441	0.2190195161022756	-0.2195050837185953	-2.2125999312772115e-20	4.6027466627585845e-19	draw2658	kinetic_box
0.5493725849994328	0.01047286877913196	0.31069326106217404	0.6065713894718372	0.6065713854995484	3.972288831199933e-09	6.548757369964809e-09	0.05728963185025096	0.01779950254460586	-0.06506290352786624	5.7387537629895336e-18	5.28439718244538e-16	draw2666	kinetic_box
1.1264577537309843	0.19430689489725045	1.0036463228239796	0.4465621533158924	0.4465621530177059	2.981864755113861e-10	6.677379027675084e-10	0.01643766141626799	0.016497598436262976	-0.03328176286626755	2.472566120063156e-19	2.2687221726910877e-16	draw2667	kinetic_box
0.5278616174913454	0.17248277512072513	5.271191319773833	0.157469887116521	0.15746988714754825	3.102726409132117e-11	1.970361740479869e-10	0.04452677467732035	0.2347091481766164	-0.24581457840296106	9.070913833541968e-19	2.1438110624762116e-17	draw2668	kinetic_box
0.017347857005126203	1.0270773468438543	0.002395726977775911	0.7062602716851514	0.7062602717015464	1.6394996471547074e-11	2.3213816674195318e-11	5.632253630599322	0.013493341968503112	-5.353827800206021	-3.130012640109143e-16	5.593952976997286e-18	draw2670	kinetic_box
0.0018823206155805221	4.336121010295902	0.010049738693485213	0.7035626331098175	0.7035626331058972	3.92030852225389e-12	5.5720817703856404e-12	7.0895360359497674	0.07124798461934215	-7.156568341079984	0.0	3.1704876246606565e-21	draw2674	kinetic_box
0.7517370180199762	0.1965553080089687	0.0033064457589373837	0.7059387439795235	0.7059387439796243	1.0080825063596421e-13	1.428002804714652e-13	0.8983218974113144	0.002970252627856224	-0.6633698884603612	-4.861351865424195e-17	8.683035828841389e-18	draw2677	kinetic_box
0.16642730182345253	0.5121355826140889	0.07773329694163315	0.6801762602550142	0.6801762602352729	1.974131969006976e-11	2.902382932806452e-11	1.3431303931834342	0.10440595368466038	-1.4613615593640479	1.8580961599531404e-16	4.8438439097568764e-17	draw2678	kinetic_box
0.40503257162863476	5.705709310851249	-0.26135790862275643	0.8043638605980271	0.8043638605899214	8.105738302788268e-12	1.0077203489529614e-11	1.253474282599343	0.32760541701257423	-0.8378522130036821	-3.470921871023312e-17	1.682345701856861e-17	draw2680	kinetic_box
0.7718561504568023	0.0022364685558694843	-0.7801239079521317	0.9766698539711304	0.9766698545570501	5.859197571567165e-10	5.999158819358146e-10	0.48473566552187775	0.3781538817107046	-0.4866461125245999	-1.5994742451448688e-17	8.881133991124266e-17	draw2681	kinetic_box
0.08688231985176428	0.3011480317759161	11.150415564910102	0.08202438161984049	0.08202438161270609	7.1344041785437184e-12	8.697906693439252e-11	0.11904732359635864	1.3274271299897271	-1.4487264240261297	1.1288864564669353e-17	5.3416913059073295e-18	draw2682	kinetic_box
0.14822890714637502	0.0032394088465007376	60.882165527614845	0.01615763517511031	0.016157635214708057	3.959774522166448e-11	2.450714148170596e-09	0.006723570403859562	0.4093455262643501	-0.3992638653548526	-3.2217559852030104e-17	1.8637642033387841e-16	draw2683	kinetic_box
0.9533280142016062	0.057113360559462104	0.040365405192709945	0.6929821927990151	0.6929821932480316	4.490164906556515e-10	6.479480930831652e-10	0.4970056973110081	0.020061836355044195	-0.6800711652338698	-2.6611076185434317e-17	1.202126764267025e-16	draw2686	kinetic_box
0.007812918911880467	0.016739559616192813	249.18252295928752	0.003997049833426908	0.003997049833601437	1.7452879419455058e-13	4.366440286217197e-11	0.0030777292359170337	0.7669163359913665	-0.7699934115441324	4.6469985897111256e-21	7.798200629356131e-21	draw2687	kinetic_box
2.3076808194566434	0.5068059635206148	-0.14537170530745805	0.7602003437746171	0.7602003437668733	7.743805596760467e-12	1.0186532616374637e-11	0.7451866028031049	0.10832904722175875	0.13909667182649837	2.7314811637386942e-17	2.117120391058817e-17	draw2688	kinetic_box
1.1969663869208396	0.2858594747142092	-0.054065373213089137	0.7264725221217074	0.7264725221306996	8.992140365648993e-12	1.237781208747661e-11	0.14393392038606048	0.007781841123695419	-0.06306625521534467	1.8125740524904062e-18	5.17527382930198e-17	draw2689	kinetic_box
0.14796682143494638	0.07430722558299079	8.040822840069184	0.10993892504676323	0.10993892504358675	3.176472973542843e-12	2.889306924079427e-11	0.022829794293301866	0.18357033138766274	-0.20740543977488315	-1.4295465437179118e-18	3.2361814880999226e-17	draw2690	kinetic_box
0.10984341182802668	0.006886839743902028	640.1715533225465	0.00155964309160949	0.001559643091734165	1.2467500989932212e-13	7.993816698197031e-11	0.001125039030134283	0.7202179834695552	-0.7212319527758888	-3.1766225531459554e-18	6.110645026392881e-18	draw2691	kinetic_box
0.3953828455307964	0.006158558210764309	-0.21373846945095015	0.786109309314076	0.7861093035652095	5.748866493959781e-09	7.3130625320005515e-09	0.5091141985669921	0.10881728957745601	-0.5256361091701282	5.994113185624755e-18	1.0492056255180672e-16	draw2692	kinetic_box
0.15898694309557107	0.10492537226462574	49.95076064090512	0.019623013228254698	0.019623013230061184	1.8064855167310157e-12	9.205953721539549e-11	0.009538073802363637	0.47643404147715374	-0.48101884108907533	1.5595043911191425e-18	7.240424405847027e-18	draw2693	kinetic_box
0.012414669403439283	0.00044413827376551623	968.6722775861028	0.0010312757120474808	0.0010312757117533105	2.941702870878915e-13	2.852489239640499e-10	0.0003385289563404327	0.32792361516713325	-0.3282615683249512	-4.2965282964035076e-19	3.9860495612481405e-18	draw2696	kinetic_box
0.06573983996404646	0.014751881745819087	6445.963783472473	0.0001551117737360227	0.000155111773783154	4.713129843000874e-14	3.03853777701609e-10	0.0006306323307454024	4.065033164671698	-4.04462751191851	1.9184919101460773e-18	1.1613988245820903e-19	draw2697	kinetic_box
0.030370370766665534	0.0009774277380806024	730.9443031264595	0.0013662228974676838	0.0013662228976243423	1.566585403067755e-13	1.1466543312894355e-10	0.0029115025551481335	2.1281462062236587	-2.1310585162651066	-1.1933323122268837e-17	2.626856827763466e-18	draw2699	kinetic_box
0.34742107974607095	0.06035999912649884	0.9453603176810864	0.457177706111147	0.4571777062360682	1.24921184507798e-10	2.7324426104735234e-10	0.020330404978702237	0.019219558109251092	-0.04199316392274239	5.77502219979865e-19	2.8279092411999197e-16	draw2701	kinetic_box
0.7285277147100263	0.04169049211001761	0.10058578693537322	0.6724766964369285	0.6724766975878859	1.1509573294432585e-09	1.7115200178261048e-09	0.2368487225989353	0.02382361514725182	-0.30642684096449935	-2.260177530206215e-18	2.3932725067731798e-17	draw2702	kinetic_box
0.5852374094930253	0.3164471031420794	0.11085868796714236	0.6690487025185964	0.6690487025129938	5.60262947146839e-12	8.374023371429497e-12	0.10069569226126156	0.011162992328026587	-0.11743593640583576	-2.90589172517723e-19	2.0235385206639682e-17	draw2707	kinetic_box
0.2608537972825199	0.011770003627627295	6.362327430264863	0.13459076173690118	0.1345907634690281	1.7321269141223894e-09	1.2869582350805112e-08	0.023589722575760048	0.15008553901609667	-0.17449027626589625	2.0537202671411072e-18	6.871757705846042e-17	draw2708	kinetic_box
0.5237155798560071	0.0005448872985278667	2.242862892350186	0.2946769319822285	0.29467694575614833	1.3773919838033777e-08	4.674244129512595e-08	0.01750816259729655	0.03926840820271036	-0.05881102389944931	2.760082753281533e-17	7.83913718962335e-15	draw2709	kinetic_box
0.2814982424217927	0.05562828776870001	3.290974118262395	0.22696543646005288	0.22696543649790626	3.78533870915021e-11	1.667804035521122e-10	0.15100341950134955	0.4969483453480605	-0.6648903525861067	-1.7649512459868907e-17	4.0660533330174445e-17	draw2710	kinetic_box
0.5167927213868468	0.0668933019000021	2.657068460251889	0.263759990179851	0.26375999013667095	4.318007063019991e-11	1.637097067217266e-10	0.029227601054590647	0.07765973693097765	-0.09979378620143212	5.592455542936304e-19	6.23138116599618e-17	draw2712	kinetic_box
0.24096725276574305	0.028702987885541823	29.796757787502855	0.03245384601034912	0.03245384602155124	1.1202122562892214e-11	3.4517087914490483e-10	0.004905974171027377	0.14618212408584788	-0.15099464171007076	8.455690913834879e-19	3.6866101909498645e-17	draw2716	kinetic_box
1.545610808721384	0.2767074687198415	0.014267766864464463	0.702080482395605	0.7020804823906743	4.930722496965245e-12	7.023016051059419e-12	1.7103924715469825	0.024403481030767518	-2.42763988780088	2.959614453103144e-16	5.0498067251312787e-17	draw2717	kinetic_box
0.24686656157288764	0.09353265175858887	0.5231267496432238	0.5488283178284997	0.5488283177652442	6.325551193953061e-11	1.1525555422704613e-10	0.46871561191092587	0.2451976745659974	-0.8473881272553758	6.03267436172115e-17	1.178169521387011e-16	draw2721	kinetic_box
0.7085243247047318	0.6269591018712374	-0.10049421149213224	0.7434768209097934	0.7434768209072072	2.5861535135618396e-12	3.4784588313138755e-12	1.1578560111083334	0.11635782685775747	-0.9257576031797925	-7.997270322251976e-17	2.7267769366973995e-17	draw2722	kinetic_box
0.014515818981687873	0.15165515251874143	13.354577752099726	0.06949575698531721	0.06949575698734513	2.027919498992503e-12	2.91804793113021e-11	0.026952935421498677	0.3599450717337268	-0.38702574686408164	-1.7827500422718456e-19	1.1774210722420464e-18	draw2723	kinetic_box
0.014287295764743203	0.7571322911119647	0.008365548651617039	0.7041553242458775	0.7041553242489614	3.08397751780376e-12	4.379683589118737e-12	3.079426446257449	0.02576109175524285	-2.9348078285472035	0.0	5.579880749480628e-18	draw2724	kinetic_box
0.08765459058530163	2.4088228060981356	-0.07636701012661652	0.7345998207235749	0.7345998207765848	5.300992977907981e-11	7.216164267919392e-11	3.290712976657467	0.25130191121218914	-2.862403710652668	9.120959983376563e-17	1.6651936855698485e-18	draw2725	kinetic_box
0.18032681656940222	0.8951934247563389	-0.008103047205973202	0.7099774206802285	0.7099774206995696	1.934108428969239e-11	2.7241830128393143e-11	5.458690913533762	0.04423203015518105	-4.83406428496104	1.2058465599387912e-15	1.7616126267525797e-17	draw2726	kinetic_box
0.6785629808122406	0.08552173134606411	0.12425696405987204	0.664609014379715	0.6646090144100729	3.035793838535028e-11	4.567789140250664e-11	0.20546799185518425	0.025530828879403708	-0.02080523079608515	1.3721633249936517e-17	8.083809084507414e-17	draw2727	kinetic_box
0.11473060737385277	0.03185640924871911	58.22479191302109	0.016882414433512263	0.01688241443472076	1.2084985789861946e-12	7.158327878154493e-11	0.000961726401751155	0.055996319619219526	-0.056949030826316284	2.947704254125892e-20	9.115242305531465e-18	draw2728	kinetic_box
0.13146241179942006	0.06556030317845135	1.0202626414590208	0.44361446171033825	0.4436144617510228	4.068456682659871e-11	9.171154309534839e-11	0.08084517163490897	0.08248330836144012	-0.1810415801928893	-1.5999295591312115e-18	6.620052476268358e-17	draw2732	kinetic_box
1.6800280862690964	0.16548433749939415	-0.009122037644022233	0.710339229020184	0.7103392294117324	3.915484603211894e-10	5.512133416106701e-10	0.5120422591013789	0.00467086876285297	0.28087045019086077	9.719622240352588e-17	2.2121691655265626e-16	draw2734	kinetic_box
0.2932560965894885	0.2752361281807037	2.2687640089055017	0.29254253545231484	0.2925425354863802	3.40653616426323e-11	1.164458412380796e-10	0.023299261648870577	0.052860526263029825	-0.07611907851783586	1.2231048923778766e-18	1.9283219050768437e-16	draw2735	kinetic_box
0.15833925800988835	2.0772158963652774	-0.001637099525787787	0.7076858199446505	0.7076858199693625	2.471201021592151e-11	3.491946499223533e-11	1.3358031949951188	0.0021868427770723197	-1.2482872447149873	3.7004749412460593e-17	1.0474211106421324e-17	draw2736	kinetic_box
0.011868026447387185	0.5554559162722542	-0.002442060836087861	0.7079707065709058	0.7079707065471489	2.3756885347836487e-11	3.35563111978198e-11	0.9197795793089047	0.002246157688463645	-0.8317562813563031	-5.085414886127189e-17	2.986256628323827e-17	draw2737	kinetic_box
1.0432840712458595	0.4119429253417143	-0.1796707782103907	0.773142973384629	0.7731429733651607	1.9468315848314433e-11	2.5180744725101982e-11	0.37261637713461876	0.06694827445371337	-0.307633679099349	-4.767032915341513e-18	2.014135362068988e-17	draw2738	kinetic_box
0.07591484263661799	0.06689971062362464	240.1112705683405	0.004147427024518084	0.004147427024171884	3.4620049882416737e-13	8.347356006662786e-11	0.004116528157301595	0.9884248061800355	-0.9884446847104174	1.3926249196408382e-18	1.3401267037573467e-18	draw2739	kinetic_box
0.22606801038546007	0.0020625022729203308	2220.001537637482	0.00045024727490335667	0.00045024727884808495	3.944728278835324e-12	8.761248460906944e-09	0.001609627175266368	3.573374804114419	-3.5149593315055947	-8.535760383407052e-17	6.662369049001524e-18	draw2742	kinetic_box
0.5271174868825581	0.01191920207654735	0.0032909649723562797	0.7059442080652656	0.7059442082146578	1.4939216530507338e-10	2.116203569158647e-10	8.040900913313159	0.026462323251901225	-8.654439162148204	1.1347098582806336e-15	6.769974305439551e-18	draw2743	kinetic_box
0.17541525241804032	1.750128538463701	0.008479125732616655	0.7041153388440168	0.7041153388375534	6.463385382460274e-12	9.179441244854691e-12	3.6565073291901733	0.0310039853864378	-3.0999233727330067	0.0	2.289724559367184e-17	draw2745	kinetic_box
0.18594294847932155	0.6024395587343087	0.44335109206709145	0.5695013506030622	0.5695013506053701	2.3079316235907754e-12	4.0525481127261316e-12	0.13861164986430172	0.06145362634055947	-0.1622437725485414	-5.399959975051797e-18	6.092428564174003e-17	draw2747	kinetic_box
0.0001687194831432189	4.2952521599119715e-05	882127.701100221	1.1336214303375279e-06	1.1336214304694126e-06	1.3188472395338907e-16	1.1633930023603906e-10	1.4691397383038275e-05	12.959688599449356	-12.959703253480402	6.119333119336418e-19	3.64347162578838e-21	draw2749	kinetic_box
3.112651832034862	0.11203551115945942	0.2159534679844923	0.6351872697112791	0.6351872696437727	6.750644487851787e-11	1.0627801926253497e-10	0.4946543262176252	0.10682231720022853	-0.556073308529544	-2.1399268261117434e-17	6.451810129244782e-18	draw2750	kinetic_box
0.25678953459656767	0.32989293377548967	4.293221876633913	0.18563710260748648	0.18563710259745683	1.0029643782161202e-11	5.402822841891632e-11	0.04473946015765102	0.19207642909761868	-0.239110356748698	-7.175695854744735e-19	1.1429839903860453e-17	draw2751	kinetic_box
1.2270788320498893	0.00015594235577557567	-1.0544137051339664	0.9985228537391201	0.9985228537464531	7.333023077649159e-12	7.343871049256099e-12	41.31176363284277	43.5596897577244	-41.31044571362949	5.3493939098939064e-17	9.492583018887985e-18	draw2752	kinetic_box
0.6562253727290392	0.02108890117634892	8.956889966063049	0.09993024406620393	0.0999302441579629	9.175896154012264e-11	9.182301345634296e-10	0.008145427025302025	0.07295769359222648	-0.07108627021591854	2.675984027812122e-18	4.103699981824635e-16	draw2754	kinetic_box
0.9400950267359116	2.3499367820841095	-0.24246348351844238	0.7971072036005178	0.7971072036069985	6.480704861644426e-12	8.130280133360379e-12	2.073936052899448	0.5028537599804889	-1.3995029580887586	5.737746782960478e-17	1.2668459014699562e-17	draw2755	kinetic_box
0.4244596620517402	0.00016677723759360037	-5.9809110485731074e-05	0.7071279270462386	0.7071279272165153	1.7027668164359966e-10	2.408003913999888e-10	7.438861126212831	0.00044491166698567306	-7.449557852368896	3.803204163554275e-17	2.0179823725267161e-16	draw2756	kinetic_box
0.08812825268070869	0.8249562101150721	0.00523136743983829	0.7052596387457524	0.7052596387063926	3.935973769131351e-11	5.580886177395358e-11	8.34484243815966	0.04365493702156921	-6.695389347131742	0.0	1.8448490883948643e-17	draw2757	kinetic_box
0.6685441738628739	0.013639028728741832	2.4099236213253237	0.28141027663330165	0.28141027535354407	1.2797575776879455e-09	4.547657600917906e-09	0.08513674748304127	0.20517305880219047	-0.12507450389256763	-1.0187346677151878e-17	1.8540293343202837e-16	draw2759	kinetic_box
0.1838678125421275	0.00998329160446091	6.809125977493951	0.12701810692135135	0.12701810693559767	1.4246326340838777e-11	1.1215980685385376e-10	0.026816253151267577	0.1825952459513501	-0.21049040130586344	-3.065800701101008e-17	6.867267856253638e-16	draw2760	kinetic_box
1.4369820105841868	0.002780136821232272	-0.8878441388254992	0.9937692522781558	0.9937692523064987	2.834288359565562e-11	2.852058818470477e-11	1.4233747153485496	1.263734898374623	-1.4259564773359097	-1.8714674994902617e-17	1.4833992922759208e-18	draw2761	kinetic_box
0.005238510526934787	0.26967410591430757	1.5401533903869555	0.3663131641692226	0.36631316414573195	2.3490653866531375e-11	6.412724457040257e-11	0.04661949990396229	0.07180118083523188	-0.11852885628555473	-4.814685435890796e-21	2.863773950344001e-19	draw2762	kinetic_box
0.15974516475438602	0.05611553482065992	14.074283428111881	0.06619265626005273	0.06619265625186956	8.183176358755873e-12	1.2362665017729586e-10	0.012200549497064716	0.17171399160039671	-0.18327745181318664	-1.5540735159308664e-18	4.5659673426351456e-17	draw2763	kinetic_box
0.3907669944740441	0.6677093026380153	0.42592038793524345	0.574177237995477	0.5741772379872342	8.242850846329475e-12	1.4355934545968086e-11	0.09185147740608342	0.0391214168892243	-0.13867005828411488	-1.3577365468669569e-18	4.2680583959160815e-17	draw2764	kinetic_box
0.44420175650381555	0.47073931493591775	0.14370091596450751	0.6582293232318922	0.6582293232326185	7.263079027097774e-13	1.1034268408809552e-12	1.3443470830789837	0.19318390721266376	-1.7787516472861342	8.356729197462457e-17	3.359542571093279e-17	draw2766	kinetic_box
0.393353747934045	1.0856355897663874	-0.06754788635452935	0.7313766734266862	0.7313766734144092	1.2277068250909906e-11	1.678624530584876e-11	0.3043774420645868	0.02056005286546105	-0.2025576886432452	0.0	2.6203422399667326e-17	draw2767	kinetic_box
0.32449022563831453	0.19170570759137434	1.658050312763024	0.3521207207457694	0.35212072072932943	1.6439960504044393e-11	4.668842114713713e-11	0.20459205912053816	0.3392239276136394	-0.504710139592752	2.235712620367003e-17	7.533490218763419e-17	draw2768	kinetic_box
0.9240663491399455	0.25477448494781657	0.07098946832342344	0.682467717024313	0.6824677170362992	1.1986189818458115e-11	1.7563013633098475e-11	0.13746080421721035	0.009758269406689966	-0.18514668143532798	-1.9216974091717356e-18	5.256404323257137e-17	draw2771	kinetic_box
0.00828333756551277	2.0700311192152627	0.003888952252242004	0.7057331683164725	0.7057331682957825	2.0690005264611955e-11	2.931703679816348e-11	13.86408527071302	0.0539167656388146	-13.793318246078712	-1.931433375254135e-16	2.1614524359869702e-18	draw2772	kinetic_box
0.5526830034166434	0.010783348271793591	25.950372862623826	0.03707972122753913	0.03707972115173417	7.580495953174449e-11	2.044377821007405e-09	0.02505629593115451	0.6502202219697037	-0.10565055403428088	1.9056432568030847e-17	4.2013322918386307e-17	draw2774	kinetic_box
0.1970171610888485	0.0051010553767275955	53.20883143251652	0.01844404071525384	0.018444040717934977	2.6811365627654737e-12	1.4536600757763117e-10	0.007491494311399619	0.39861365799291876	-0.403018932771811	-4.159248519133579e-18	2.4968147961584292e-17	draw2776	kinetic_box
0.0018033755305537813	0.9986560452640274	0.09646756707104827	0.6738567231044577	0.6738567231069608	2.503108831319878e-12	3.714600961134228e-12	18.09715528274446	1.7457885410333267	-19.826749433846498	-1.3768802684248334e-16	1.0913963693694408e-19	draw2777	kinetic_box
0.2919328637783506	0.03703127726421775	53.06014282401701	0.01849475241928642	0.018494752422193998	2.9075769569786303e-12	1.572109153237159e-10	0.002185470401857	0.11596137166019427	-0.11816285008752807	-1.7492096684879423e-19	1.2516332405478426e-17	draw2778	kinetic_box
0.04817379078614668	1.4433021241724964	-0.06768823420828046	0.7314278732374101	0.7314278732474541	1.0043965659178866e-11	1.3731997407461156e-11	1.7342433640876886	0.11738787100252368	-1.4240818406019475	0.0	1.7495943456700647e-18	draw2780	kinetic_box
0.7979517894399466	0.8929468468125991	-0.03655577412163583	0.7201470243520012	0.7201470243545752	2.5740520825934254e-12	3.5743424544458746e-12	0.5653665716474138	0.020667412689066494	-0.5338252985988855	-3.9223061351914926e-18	5.363650550249117e-18	draw2781	kinetic_box
0.4499351244319386	0.1941833469121681	1.0118723019796059	0.44509860867804096	0.4450986086483867	2.9654279032342856e-11	6.662406589495489e-11	0.08024337055643821	0.08119604408354565	-0.17335962224674945	-5.507257804078824e-19	1.5820468167767714e-17	draw2785	kinetic_box
0.2857066281741556	0.028013122804943558	33.00714012319613	0.02939288432647043	0.029392884324137322	2.3331094001211028e-12	7.937667410901768e-11	0.011152748485643831	0.3681203320244094	-0.37942014371627997	7.009711015432349e-18	4.854392472627683e-17	draw2786	kinetic_box
0.027304143238071284	0.1633689971508709	6.968235502912329	0.12452153368744454	0.12452153367991055	7.53398732289412e-12	6.050348963947592e-11	0.11183235312803834	0.7792741734410253	-0.8917045922276094	7.729001555036323e-19	9.936417277840138e-19	draw2787	kinetic_box
0.3834106769958743	0.0001544759812844411	-0.6190269495208885	0.9344811845365649	0.9344813090973054	1.245607404998239e-07	1.3329398810570933e-07	0.036362436992084	0.02250932844835527	-0.03638574944115859	-2.5522091510751157e-19	2.290968836430784e-16	draw2791	kinetic_box
0.03399643381451264	0.09641025519860916	111.3876049429584	0.008897426165082607	0.008897426167484557	2.4019501665417664e-12	2.699601122085889e-10	0.077913742204686	8.678625136323067	-8.689327282089033	-3.0111261724996686e-17	3.9030993667812444e-19	draw2792	kinetic_box
1.0845840078745126	0.3485952869796636	-0.03912885861522798	0.7210734300398333	0.7210734300270953	1.2737921828431809e-11	1.7665221457339184e-11	1.6410374440135045	0.06421192212909953	-1.0772500124328526	6.141654211625842e-16	9.63460170025404e-17	draw2793	kinetic_box
1.2006498209964873	0.000552179647563759	-2.152881210931153	0.6552434094757511	0.6552434090035193	4.722318092120759e-10	7.206967711895588e-10	0.8674235319658592	1.8674598238888365	-0.8635840807669953	1.2766717679391372e-17	2.827024092321726e-16	draw2795	kinetic_box
0.7976088051208616	0.02914849708918237	0.4595520757768708	0.5652070302751496	0.5652070316235146	1.348364975228833e-09	2.3856125274233695e-09	0.11390539379185334	0.05234546015922809	-0.16473898825171904	-2.4141850742914463e-18	1.008722733668354e-16	draw2797	kinetic_box
0.006212931480372031	1.8004195520801722	0.014331198371482248	0.702058218030176	0.7020582179763931	5.3782867048823846e-11	7.660741754985383e-11	34.42682119623918	0.4933776038628535	-34.694606544132256	0.0	3.602945602474327e-20	draw2798	kinetic_box
0.030517091994970023	1.760004007077569	-0.02549506909186146	0.716177338378269	0.7161773383786001	3.310685059432217e-13	4.622716863573887e-13	10.02117409542784	0.25549052594450505	-9.372101634649615	-5.558733937994498e-16	4.058130130960048e-18	draw2800	kinetic_box
0.575250593487137	0.08472583847733427	2.2799064487388248	0.2916333713387755	0.291633371400166	6.139050379161404e-11	2.1050575761227542e-10	0.24786258772967823	0.5651035121659861	-0.8057130984299968	1.836660019444855e-17	7.62473604789777e-18	draw2802	kinetic_box
0.614289731917525	0.7313433680845831	-0.07787056417283399	0.7351505085525771	0.7351505085553403	2.7631230636870896e-12	3.75858144901098e-12	0.33160891923823094	0.025822573625824786	-0.2291575987150633	4.4989510562831345e-18	2.753402623084083e-17	draw2803	kinetic_box
0.3484368602675831	0.18489611598605926	1.073351235016022	0.4344220261135941	0.43442202612807107	1.4476975174204654e-11	3.332468038795235e-11	0.46831814456819626	0.5026698588526854	-1.077995536367803	-4.872287627595595e-17	8.132813169732497e-17	draw2804	kinetic_box
0.2272948279786327	3.5397649054790355e-05	-0.7445994463105416	0.968898683805013	0.9688988024173223	1.1861230930776401e-07	1.224197088610659e-07	0.6659581662290378	0.4958720818401252	-0.6660666900692795	2.352262329861548e-17	5.0877197102859656e-17	draw2805	kinetic_box
0.42964841334086407	0.024177484688668836	0.03907546575485762	0.6934289507126694	0.6934289508442046	1.315352271546999e-10	1.896881100717879e-10	0.18883533163711477	0.00737882853469326	-0.22481783725523713	4.433672747127438e-18	4.365994513208677e-17	draw2806	kinetic_box
0.3672226817345264	0.02176165251207508	33.790323183074456	0.02873175835630753	0.028731758326944364	2.9363168146945284e-11	1.0219760243287578e-09	0.008601570240935864	0.2906498383231385	-0.2874752565958195	-9.635242983678303e-18	1.0635346762771592e-16	draw2812	kinetic_box
0.16265611370815533	3.874712768907174e-06	0.003776850824918432	0.7057732505779888	0.7057727259626431	5.246153457205693e-07	7.433205144120822e-07	7.3171695352559	0.02763585779529928	-7.31776700170399	5.325324768809643e-15	1.252685855298164e-16	draw2813	kinetic_box
0.22251184532874999	0.00042097489047031517	-0.8464110777279659	0.9884098824924833	0.9884098774605256	5.03195773937648e-09	5.090962619986002e-09	1.166774125451113	0.9875705449881813	-1.1676088404258609	3.9220129984424854e-17	8.771893460890075e-17	draw2815	kinetic_box
2.5570229568243468	0.12902280015108467	-0.014146090025884642	0.7121257387868526	0.7121257388283282	4.1475600731644136e-11	5.82419627183882e-11	0.2443735629425617	0.003456930421331666	-0.21957950213756172	-2.2811108944345688e-17	1.9278697520843113e-16	draw2817	kinetic_box
0.00432596123239105	0.7120843013257293	0.4891480391252828	0.5574893122692334	0.5574893122459332	2.3300139595505698e-11	4.1794773610344974e-11	4.654449695229652	2.276714941628854	-6.905656588155502	2.4046949814079954e-17	1.2263786424215425e-18	draw2822	kinetic_box
1.553137439282815	0.10961385825369707	0.2544403782764368	0.6233439271046378	0.623343926972554	1.3208378835116719e-10	2.1189552450229112e-10	0.3540729329912442	0.09009045100773963	-0.4329064073438593	-1.4229823004175072e-17	1.045232413619388e-16	draw2824	kinetic_box
0.06783835705314495	2.258249153911411	-0.033697292116722906	0.7191191530183304	0.7191191530182495	8.093525849517391e-14	1.1254777202842764e-13	23.805593863033696	0.8021840504147125	-21.924260324400592	0.0	6.383195479612252e-19	draw2825	kinetic_box
0.08028979135209476	0.0558431689905113	4.375574838375033	0.18288901118664813	0.1828890111424009	4.424724475704522e-11	2.419349554172693e-10	0.1026577841373186	0.4491868172345868	-0.5170381875132399	1.3090987887583788e-17	3.743957842115475e-17	draw2829	kinetic_box
0.42333142244064104	0.7698381159841345	0.029189650907829483	0.6968630391380088	0.6968630391552534	1.7244539129990244e-11	2.4745951730908706e-11	1.1748723775135836	0.03429411456087316	-1.099473826167469	-1.3370862058489661e-16	5.401875179866663e-17	draw2830	kinetic_box
0.2585575894916667	0.19655463653680078	0.8996006655385083	0.465823098329138	0.4658230984405549	1.1141693123661867e-10	2.3918292504088205e-10	0.3831728492096927	0.344702550165326	-0.822351477125615	-7.061740763827532e-17	9.689858159830349e-17	draw2831	kinetic_box
1.1044863125815152	0.32465079143050013	0.2365243533370984	0.6288198336043869	0.6288198336027602	1.6266987756807794e-12	2.5869075508652008e-12	0.11157459744887396	0.02639010951044198	-0.16505629644924305	5.480053224347642e-18	2.1232464654430977e-16	draw2833	kinetic_box
0.25124333308962427	4.319411457793431	-0.1629417717625177	0.7668146904150984	0.7668146904277009	1.260247461942754e-11	1.643483722566445e-11	0.3692726279504943	0.060169936261654566	-0.2817761755412684	3.833584880622593e-18	1.309906582425975e-17	draw2835	kinetic_box
0.154882727309794	0.1148698076330054	2.4756800360791655	0.27649691448587926	0.276496914413204	7.267525470311398e-11	2.628429140243722e-10	0.1453750123645316	0.35990201585563264	-0.5167288794030183	-8.726146195245016e-18	3.5664547444020536e-17	draw2838	kinetic_box
0.14814325177356136	0.03754013277618517	8.566249490520441	0.10396767074573612	0.1039676707341547	1.1581430259255399e-11	1.1139453425737615e-10	0.03392360479474668	0.2905980622896156	-0.32300668724240256	1.6876580487765624e-18	1.5581017080578422e-17	draw2839	kinetic_box
0.23620407262171453	0.0634408032738404	50.69357333778671	0.019341145866676675	0.01934114587145604	4.779364404239317e-12	2.4710864785383665e-10	0.048503052878014104	2.4587930681781547	-2.507753188972155	-1.7395566141982253e-17	2.7247103936865386e-18	draw2840	kinetic_box
0.5674750131996252	0.053521546111793064	7.116910160311455	0.1222751297574313	0.12227512976427381	6.842512667581957e-12	5.595997060704976e-11	0.010340263238658954	0.07359072450350694	-0.08233196335589422	-3.2569303932936626e-19	4.557532536387715e-17	draw2841	kinetic_box
0.013337530887492222	0.008010391630244654	23.410431391894903	0.040931761030544266	0.04093176102707835	3.4659150549565254e-12	8.467544439790054e-11	0.014955815549896277	0.3501220938406817	-0.36494886734067017	3.65625791149739e-18	2.736819364909728e-17	draw2843	kinetic_box
1.0978200686055164	0.1774764790532704	1.696779089773859	0.3476790553832903	0.3476790552677083	1.1558198842465117e-10	3.324387439319707e-10	0.2512560637232688	0.42632603510453077	-0.6133114447621831	1.0356036435464879e-16	1.8009451993604387e-16	draw2845	kinetic_box
0.17071131495349007	8.253360664179544	-0.22823175466286896	0.7916521895267344	0.7916521895638143	3.707989471024575e-11	4.6838618270829376e-11	0.9329591333773307	0.2129309000394578	-0.6970420384093278	6.471775797167506e-18	3.608894029744865e-18	draw2846	kinetic_box
0.44841996872395096	0.8480502335020809	-0.09866786675834331	0.7428019230555882	0.7428019230913422	3.575395535193593e-11	4.813390251217655e-11	0.26712011139262143	0.026356171559361	-0.14884223076643485	-1.0601741846199967e-17	9.30149642256623e-17	draw2847	kinetic_box
0.563154776711647	0.006223335991562206	16.3493554128325	0.057543520962838705	0.05754352107089855	1.0805984579365102e-10	1.877880320540553e-09	0.026918019290771755	0.4400922643943089	-0.187600332608086	-3.817444574366016e-17	1.8985060830847803e-16	draw2848	kinetic_box
0.605864822965008	0.009800936323980257	0.9653482094997884	0.45348822451252874	0.45348822364395036	8.68578375889939e-10	1.915327302020285e-09	0.15207809158344351	0.14680831341422207	-0.22457364978394162	-1.4135043444257727e-16	1.2428057446751186e-15	draw2849	kinetic_box
0.3004092923385964	0.0005074626998116418	28.119378807753176	0.03432116779488505	0.03432115987243365	7.92245140324166e-09	2.3083285741764452e-07	0.024045999465471476	0.6761585677806228	-0.02742613690013464	1.2009656076167268e-17	3.726432645502053e-17	draw2851	kinetic_box
0.07202552037990811	0.9644846394075887	0.00830195795767055	0.7041777126849132	0.7041777126967081	1.17948983913152e-11	1.6749888811654717e-11	0.061570678990693156	0.0005111571884059639	-0.04369188372905838	0.0	2.072352899360948e-17	draw2853	kinetic_box
0.03228022496463635	0.003486127550826305	8558.876435866698	0.00011682411547171396	0.00011682411547273835	1.0243948701457728e-15	8.768693569820538e-12	6.783794978620282e-05	0.5806166298826394	-0.5806774624917203	-1.2185663477739555e-19	3.6127775944581734e-19	draw2854	kinetic_box
1.1205860382843789	0.20698384812901505	-0.17267172875673006	0.7704919276071158	0.7704919276121986	5.082823051338892e-12	6.596854385082099e-12	0.9493471236292385	0.16392540902728978	-0.28413062057082406	0.0	1.7447474840599552e-17	draw2856	kinetic_box
0.32115974848987217	0.00410227697205171	0.9668640386798518	0.45321052244237847	0.4532105362173843	1.3775005802685314e-08	3.039427529124803e-08	0.03171089641890872	0.030660125381744542	-0.03456480750745907	0.0	3.363920309521729e-17	draw2860	kinetic_box
0.9763134879426986	0.0010395755073951101	2.532356325482207	0.27239219269209086	0.2723921990350907	6.342999847586128e-09	2.3286275708538173e-08	0.0023416993429911984	0.005930017143601338	-0.008596424360693567	-8.547536656050493e-19	1.1572422655422293e-14	draw2862	kinetic_box
0.28119732957134985	0.5732108900538679	-0.06531352686689525	0.7305619751443162	0.7305619751470606	2.7443602945709245e-12	3.756505796812776e-12	0.14695654718328882	0.009598250392721894	-0.02392886985540056	-1.6450137505552943e-18	1.1759757096085938e-16	draw2863	kinetic_box
0.14294315354037979	0.14045519134130213	78.06527422887302	0.012646766061058865	0.012646766057646927	3.411937399278031e-12	2.6978734197545997e-10	0.02240523892429608	1.7490711207885938	-1.6323054066362481	-2.816039249791619e-18	1.2186887997322307e-19	draw2864	kinetic_box
0.6208367401416988	2.149806091331578	-0.18569436700456263	0.7754282974355708	0.7754282974211578	1.4413026327986245e-11	1.8587181272491154e-11	3.6089598356337835	0.6701635122229058	-1.8926994596291706	-3.86730616394971e-16	2.0399138269432e-17	draw2865	kinetic_box
0.8453856727701158	0.0021341498158888392	0.05680700696066814	0.6873150839697276	0.687315084702136	7.324083561854877e-10	1.0656078594621475e-09	1.002943786858824	0.05697423468124808	-1.0288016843886036	2.904732245975639e-17	1.9400010132930113e-17	draw2867	kinetic_box
0.8428346988095895	0.10155698117424206	0.8973520678093124	0.46625519825624184	0.46625519815163996	1.0460188271110837e-10	2.2434470033959546e-10	0.0046594619864168	0.004181177848390002	-0.009794793375868862	1.4715851088639895e-20	1.8588601561384608e-16	draw2872	kinetic_box
0.22370493491448581	0.026695527779491076	1.4797960762521873	0.3739947853513415	0.3739947871123252	1.7609836922005684e-09	4.708578175106158e-09	0.2306964402407907	0.3413836870736693	-0.3835884710527523	-4.5069593741596355e-18	6.716629462164332e-17	draw2874	kinetic_box
1.4834636361315874	0.1600515489502357	1.4296357887206685	0.3806071757806266	0.3806071756655669	1.1505968400271627e-10	3.023056089300252e-10	0.1135907405853449	0.1623933880080944	-0.18839668010792543	-3.3155923773841764e-18	6.159932072776355e-17	draw2877	kinetic_box
0.9853708834479961	0.4442292729195021	-0.18347631912407497	0.7745863856072318	0.774586385568324	3.890776589798861e-11	5.023037665378211e-11	0.26205968281485703	0.04808174599369256	0.09468539561439389	4.1214169564678785e-18	1.8827228217405948e-17	draw2878	kinetic_box
0.6762254187967587	0.4341680813819351	-0.027516895639615045	0.7169014360620294	0.7169014360719244	9.89497372927417e-12	1.3802418619065843e-11	4.067283350902072	0.11191901150351607	-3.876292916722687	-5.643442479056867e-17	8.519022620593341e-19	draw2880	kinetic_box
0.06084698374947917	1.0769983263225824	12.40364723369576	0.07439978671696465	0.07439978670454053	1.2424117290521508e-11	1.669913025404316e-10	0.25231154526333244	3.1295834004350356	-3.37966983618032	-3.3732075772876023e-17	2.8754762524372253e-18	draw2881	kinetic_box
0.17228975079187175	0.10304469807422835	29.135919342086677	0.03316473897675379	0.033164738974559245	2.1945431583070274e-12	6.617097634902139e-11	0.193535128879426	5.638823904891305	-5.079158437304252	2.072646678837664e-16	7.05837885254884e-18	draw2884	kinetic_box
1.0550820449849028	0.02643662263181132	0.015267722612044506	0.7017295829955262	0.7017295831324055	1.368792856837331e-10	1.9505987630267268e-10	0.09683601872337652	0.001478465472723261	-0.1314843093899861	6.355373556126776e-19	1.59115656078226e-16	draw2891	kinetic_box
0.109036086117789	0.027547770563838576	30.65318469061612	0.031576643648962274	0.03157664365285682	3.894544409188683e-12	1.2333623712526312e-10	0.015523478611874893	0.47584405693063025	-0.4881405182643736	9.480951078684282e-18	3.812106977514825e-17	draw2892	kinetic_box
0.22858923736652478	0.5853190798497424	0.01402698992955782	0.7021650015370379	0.7021650015310555	5.9823257458901935e-12	8.519829004359177e-12	1.8347461434336907	0.02573596567723943	-1.2236194063775248	1.9702094988594925e-16	3.6279933948788234e-17	draw2893	kinetic_box
0.2134659170821653	0.3442693755817803	0.2755652370173518	0.6169705758484549	0.6169705758276954	2.075950522595349e-11	3.364748018672304e-11	0.18285575642739946	0.05038868985990349	-0.22518433432160057	-2.0212101926980137e-18	2.057310371970482e-17	draw2895	kinetic_box
0.6801652243955473	1.523654727076465	-0.04111582910304626	0.7217895608827234	0.7217895608722786	1.0444756171068548e-11	1.4470639002379196e-11	0.25319514205964566	0.01041032819064591	-0.21544683033424594	2.621356651367701e-18	2.0217120715853578e-17	draw2896	kinetic_box
0.18933776553625786	0.034551028332464345	8.985661439734052	0.09964518033170118	0.09964518023543216	9.626902053305741e-11	9.661181835950532e-10	0.011865470989955934	0.10661910513873006	-0.08950481250640148	-1.4021611316702008e-19	6.354346357324717e-18	draw2897	kinetic_box
0.28240731250606704	0.1612093674766746	8.35983896034897	0.10623484774093886	0.10623484773754482	3.3940350530059504e-12	3.194841547089122e-11	0.020806262477773577	0.17393700368093845	-0.19579406583524175	1.0942262991140956e-18	2.983614038498678e-17	draw2898	kinetic_box
0.5118239819650496	0.007547631973367975	2.8804689369540215	0.24954779842173372	0.24954779886010925	4.383755303205561e-10	1.756679611372967e-09	0.12498240816500122	0.3600079443849947	-0.15849035263921296	-2.8154187407986303e-18	6.474870320637511e-17	draw2900	kinetic_box
0.22844241779193125	0.08848795053811952	110.9964907647014	0.008928495290435995	0.008928495289128266	1.30772823125902e-12	1.464668109139698e-10	0.004264586840022197	0.4733541738037909	-0.471613098786731	-3.5738580748058877e-19	2.06008666918916e-18	draw2902	kinetic_box
0.19808592963186486	0.32685756515522996	2.6795132283233905	0.26226205266046415	0.2622620526688736	8.40943981117448e-12	3.2065027042978486e-11	0.06276660965400292	0.16818396086491144	-0.22906467717787055	2.45289162959153e-18	4.085878254142329e-17	draw2903	kinetic_box
0.09759774315250004	0.0497157189617093	22.351303435505905	0.042784948069628605	0.04278494807023924	6.106365413316439e-13	1.4272228175412845e-11	0.019903475001209616	0.44486860917304244	-0.4651974337182623	-6.545243651122212e-19	3.274138597027576e-18	draw2904	kinetic_box
0.24204677190396143	0.22959172209133538	70.86394343012122	0.013913837040396133	0.013913837039243187	1.1529457943915133e-12	8.286325268433827e-11	0.007578334975492299	0.5370307009977954	-0.5395621147780825	4.670076384174772e-19	2.011206506397115e-18	draw2905	kinetic_box
0.030366033947308902	0.19940038301730215	4.835570367091336	0.1689008918831523	0.1689008918725196	1.0632689173561971e-11	6.295223817756479e-11	0.1826848643718095	0.8833855166724217	-1.0698596335074781	-8.319971163285625e-18	7.085217558030395e-18	draw2909	kinetic_box
0.40655293901779505	0.018723358406507296	0.35399104959279476	0.5940928848248792	0.5940928840977158	7.271634405725536e-10	1.223989480495024e-09	1.119536380206555	0.3963058582866365	-1.361295733736514	2.292461090567789e-16	3.688603943136944e-17	draw2911	kinetic_box
0.8467656470739858	3.5503579339302376	-0.31451459855291425	0.8248168937897	0.8248168938164728	2.6772806194230725e-11	3.245909049019533e-11	1.0611103986345067	0.3337347110468547	-0.4829488357617751	-2.8766802939162976e-17	8.158808975795763e-18	draw2913	kinetic_box
0.8772292310674733	0.12025938006633133	13.138196846861334	0.07055411410119035	0.07055411408886603	1.2324322118395514e-11	1.7467900033260266e-10	0.008783665646719731	0.11540152830361738	-0.09070007591188053	3.653620314952906e-19	2.1926406464481148e-17	draw2916	kinetic_box
0.332796512255001	0.3418406503126143	0.18392092877543517	0.6452729280998283	0.6452729280879609	1.1867395954823223e-11	1.839128132957332e-11	0.6925187041853241	0.12736868326812567	-0.8733318031305364	-9.639654308755665e-17	8.893850342204175e-17	draw2918	kinetic_box
0.03912365589442937	0.9658180157333285	-0.03499336384884191	0.7195850343901901	0.719585034372715	1.7475021429902426e-11	2.4284859460891863e-11	8.189138996984806	0.28656552053022954	-7.2617787771339035	0.0	6.693766593748159e-19	draw2919	kinetic_box
0.5943652255716326	0.5326815159266768	0.14705241847524292	0.6571372852886561	0.6571372852763384	1.2317702413611187e-11	1.874448869300022e-11	0.10643216762445529	0.0156511076527386	-0.11799753815203583	-1.0581557114657414e-19	8.0958526805166e-18	draw2921	kinetic_box
0.8885577917378115	0.03337754897574286	18.45785803401821	0.051325381350450186	0.05132538135930052	8.850337129828745e-12	1.7243587666446048e-10	0.03010159831228914	0.5556110282452751	-0.1267040177909455	-5.048994622123569e-18	7.141216527042892e-19	draw2922	kinetic_box
0.03438025078191435	0.49668441568405436	11.924762973441894	0.07714031187083659	0.07714031187463244	3.79585252119341e-12	4.920711919550425e-11	0.33313099889547476	3.97250820093447	-4.311098496408854	-1.493559386375719e-17	6.739274172824391e-19	draw2923	kinetic_box
0.3476799411768441	0.8527015299396045	-0.09580598400947961	0.7417453069094905	0.7417453069188227	9.332201678091678e-12	1.258140980609265e-11	1.3776521605362149	0.1319873208629576	-0.6911590142621955	1.434754541048399e-16	5.980269047702711e-17	draw2924	kinetic_box
0.8782159247011513	0.12113169500707645	15.980716713911303	0.05878847627668647	0.058788476287283314	1.0596842847654386e-11	1.8025374217679148e-10	0.09716332025696241	1.5527394960095557	-0.8525786450736043	1.0637856091588701e-17	1.5773603023175933e-17	draw2925	kinetic_box
0.6469199980883211	4.186346807407436	-0.09964340720673089	0.743162360724119	0.7431623607178736	6.245448602726356e-12	8.403881752963688e-12	4.423733828242494	0.4407959112217572	-3.6607520916067657	2.44954049518161e-16	3.866788648126366e-18	draw2927	kinetic_box
0.2333294346946904	0.02445012901558194	160.49587468432696	0.00619198991927669	0.00619198992792389	8.647200143430123e-12	1.396513922678398e-09	0.0023223316621453576	0.3727246514231261	-0.17022520122961718	7.292315931062081e-20	3.028053032563204e-19	draw2929	kinetic_box
0.7411344764737944	0.20364658785047798	0.434171461208343	0.5719566232322703	0.5719566232823526	5.0082382685445737e-11	8.756325330762368e-11	2.0787545076135303	0.902535882063996	-1.9853823338674768	0.0	7.309485805428308e-18	draw2930	kinetic_box
1.0173605336607845	0.0029963458577384585	0.3043264898696746	0.6084377910048268	0.6084378119483996	2.0943572875964378e-08	3.44218792203213e-08	0.1889286785788639	0.057496001587621616	-0.19497350136217917	2.3375247018633497e-17	3.744261715362345e-16	draw2933	kinetic_box
0.38269530541312247	2.1449862402443345	0.01273284045352827	0.7026194615910354	0.7026194616118561	2.0820678514610336e-11	2.963293738953132e-11	2.130530722275568	0.027127707768075153	-2.109626471983948	1.4968042176351168e-17	1.4356685180108802e-18	draw2934	kinetic_box
0.024976916963800312	0.013567781163992808	133.64458107828978	0.0074267557839832275	0.0074267557837142525	2.6897494648236986e-13	3.6217017809066923e-11	0.0056276980917000854	0.7521113539003486	-0.7577561629839538	-1.234869576633149e-18	2.1578303578935703e-18	draw2935	kinetic_box
0.2267165568544368	0.0755736372867369	7.8990775753126545	0.11166837450212899	0.11166837455246738	5.033838623713649e-11	4.507846240162205e-10	0.053189755208112484	0.4201500026007708	-0.4606639899516581	1.0562164774309833e-17	4.5114677854048457e-17	draw2937	kinetic_box
1.2832684073711609	0.014582046174392148	28.217328166582398	0.03420623522973617	0.03420623507429277	1.5544340120632327e-10	4.54430020926637e-09	0.0323032628203247	0.9115117678524621	-0.4026955429917731	1.8118535925158636e-17	3.2021317997511786e-17	draw2938	kinetic_box
0.5275517593170382	4.416077903100142e-05	0.04779335197506242	0.6904156452391867	0.6904156381221748	7.117011979751453e-09	1.030830066234977e-08	0.7614517924576466	0.03639233352897048	-0.761654256307548	-1.0745785890051505e-17	7.671474467405365e-17	draw2939	kinetic_box
0.6879294385837222	2.263272300329797	-0.011866840769186674	0.7113147147028466	0.7113147147034227	5.760947274779937e-13	8.099013215524329e-13	0.381493029222579	0.004527117032339024	-0.24999208036612708	5.066308689761578e-18	4.269680692871724e-17	draw2940	kinetic_box
0.3586000254062882	1.148118717725638	-0.11674745798956022	0.7495032562373465	0.7495032562095482	2.7798319202076982e-11	3.7088990570449306e-11	1.1183549421470012	0.13056509662572408	-0.3516422977290702	-5.4904795999409177e-17	4.690775474379506e-17	draw2943	kinetic_box
0.2997464124423498	1.6118339140275486	-0.07715088635473263	0.7348868786905521	0.7348868787138972	2.3345103628003017e-11	3.17669348905216e-11	2.3547097946791538	0.1816679477676672	-1.701202195102087	2.569356883385854e-16	3.1248568911873964e-18	draw2946	kinetic_box
0.2239777333191906	0.8541660184805578	0.04838120226774006	0.690212960930486	0.6902129609770881	4.6602055547850796e-11	6.751837212949377e-11	0.5497602708166496	0.026598062861147877	-0.36708244336098145	0.0	2.1726694891137236e-18	draw2948	kinetic_box
0.4902537856586168	0.4605208994813596	-0.19125991942452872	0.777542796779588	0.7775427967575941	2.19939622070342e-11	2.8286497281886613e-11	5.299386935955429	1.0135603183702355	1.0330121748122858	-6.3377086008811265e-15	1.5294999264764294e-16	draw2949	kinetic_box
0.14855884207810793	0.08753133892373383	142.39283095110304	0.00697367976449158	0.006973679764650285	1.5870464664669015e-13	2.275766195218298e-11	0.007572487259680192	1.0782678982470228	-1.0164794690424	1.3189535285341552e-18	1.4743249827059902e-18	draw2951	kinetic_box
0.4767450644915996	1.4253659310759055	-0.0771434203591329	0.734884144189862	0.7348841442056259	1.5763834682047673e-11	2.1450775345122753e-11	1.4351269878052055	0.11071060448899314	-0.7769010125864677	0.0	3.110473650832938e-17	draw2953	kinetic_box
0.8606010304643895	0.011874781250207382	7.855303085973352	0.11221345071908563	0.11221345174088461	1.0217989787619786e-09	9.105851062504028e-09	0.013256405032288922	0.10413307935905183	-0.025651585629188962	3.482805261838692e-18	2.4184672273768796e-16	draw2955	kinetic_box
0.5651795680067465	0.07940256824409485	0.77756136299165	0.49030657957434415	0.4903065795670186	7.325529072232939e-12	1.4940711337592062e-11	0.25235895962859084	0.19622457661196185	-0.4928181814462993	-2.588766488989193e-17	1.8761606356797927e-16	draw2958	kinetic_box
0.10349537462686843	4.272400114251786	-0.11371889738931051	0.7483775983013191	0.7483775982964116	4.9075188357505795e-12	6.5575437411835085e-12	13.302347890128804	1.5127283347544684	-11.302662404692459	7.379491541197058e-16	4.1541915075553147e-19	draw2959	kinetic_box
0.36369290640193785	0.005620594915170126	24.88907823313904	0.03859754403206337	0.038597544036321464	4.258093877496094e-12	1.1032033213017642e-10	0.006040200690913258	0.15033502754000055	-0.1564294427100033	4.905868465454108e-18	2.0032278443249993e-16	draw2961	kinetic_box
0.6549226772790021	0.03789579871958873	0.2685939672314639	0.6190638465662841	0.6190638465418268	2.44573250540725e-11	3.950695100464092e-11	1.081118601253054	0.2903819341582889	-1.4673287448791204	0.0	3.4790715364928264e-17	draw2963	kinetic_box
0.8938066654167807	3.922455870440984e-05	-0.0061074860515083805	0.7092693799448732	0.7092693904273832	1.0482510082177043e-08	1.4779307021639007e-08	0.31518896809424796	0.0019250122262249394	-0.31537028112671706	1.397896669747801e-18	1.9241821778340625e-16	draw2964	kinetic_box
0.3657560123472706	0.0004565621187513599	-1.2905140880633013	0.9602970260411884	0.960296970687773	5.535341540685579e-08	5.7641976489013806e-08	0.4777425330246955	0.6165334693354164	-0.4767195168177337	8.880675553591788e-18	8.411455932513e-17	draw2966	kinetic_box
0.16969158373080265	0.3289948662289191	0.5485551780672229	0.5424838756091717	0.5424838755560579	5.3113735631882264e-11	9.790841354950784e-11	0.1795440109658375	0.0984897969062684	-0.30968706257662254	1.1314263890188039e-17	1.0680470849286174e-16	draw2967	kinetic_box
0.005203413649529848	0.6107798822713665	0.0025058842891204423	0.7062213730393383	0.706221373023035	1.6303292049713036e-11	2.3085243059022043e-11	4.043929121242045	0.010133618451237078	-4.011726590707758	-5.62583711574614e-17	3.1133657604588493e-18	draw2968	kinetic_box
0.6389206765650476	1.011159487343343	-0.11294954740124892	0.7480918409027024	0.7480918409294145	2.671207699478373e-11	3.570694871046471e-11	4.137960723879223	0.46738079092630264	-3.405756066620328	-2.2925709078988236e-16	1.4074613760843243e-17	draw2970	kinetic_box
0.15224147785030817	1.743919738577635	-0.2060258878719973	0.7831655892049249	0.783165589220435	1.5510148720920824e-11	1.9804430805443922e-11	18.36800206726821	3.784283934343615	-12.221224883108368	-8.095468295289197e-15	4.236649100269069e-18	draw2971	kinetic_box
0.2477876289760252	3.6864101109081084	0.06672819332786249	0.6839201326940824	0.683920132678439	1.5643375483875843e-11	2.2873102773874536e-11	2.054552760206728	0.13709659378536806	-2.104087385301371	0.0	4.961143486213995e-18	draw2972	kinetic_box
0.55314059522597	0.030086360037237272	83.7612690626607	0.011797020315048335	0.011797020311192903	3.855431598975834e-12	3.2681401720719563e-10	0.0009372221903964993	0.0785029200612974	-0.04378663520730824	4.1957231694033184e-20	6.782009333052145e-18	draw2974	kinetic_box
0.2559810209198159	0.01813353783148961	0.0124501680610853	0.7027187672756982	0.7027187664168508	8.588473265902508e-10	1.2221778720518542e-09	0.12255090538433441	0.0015257793680731276	-0.14462690394821873	1.6990653082282184e-18	1.721793110178666e-16	draw2975	kinetic_box
0.01550312170768116	0.205472906790512	0.25913225751888536	0.6219206087267	0.6219206087557316	2.903166596013307e-11	4.668066237299378e-11	1.3440085198083043	0.3482759618625414	-1.585861314020634	4.6835976233350096e-17	5.546593290474507e-18	draw2976	kinetic_box
0.48637186768108087	0.16478984805129807	0.00247805327758766	0.7062312004855501	0.7062312004885622	3.0121460881105122e-12	4.265099143207983e-12	0.0707017083699305	0.00017520260015715407	-0.06565648222118985	1.4716684026377215e-18	1.550489736521209e-16	draw2979	kinetic_box
0.14514143003510616	0.04577611364715028	97.83453345820345	0.010117403124213933	0.01011740312600408	1.7901461563107901e-12	1.7693731622788638e-10	0.0003353642919170069	0.03281020903824112	-0.033147169831561275	3.93024422947823e-21	3.5538965598235235e-18	draw2982	kinetic_box
0.2540066336572102	3.2498114127527313	-0.021240643253289275	0.7146559219922393	0.7146559220129607	2.0721424576208847e-11	2.899496658174065e-11	0.8364254230657558	0.017766214019321273	-0.7461500239111507	1.1567403070806418e-17	2.8815619261172704e-18	draw2984	kinetic_box
0.9928952751646773	0.45998255213985895	-0.25486379151013655	0.8018681633972073	0.801868163383121	1.4086398714141524e-11	1.7566975916228324e-11	0.7037373128326593	0.17935715977568664	0.2571812125516808	-4.6219831180369746e-17	1.665781026883188e-16	draw2985	kinetic_box
0.7156097093259823	1.7514714906152928e-05	-0.06939716342834892	0.732051548837748	0.7320515459562169	2.881531124820924e-09	3.936240747988619e-09	15.867609803273517	1.1011671107350436	-15.869501119765664	1.9315936701988908e-15	5.733686953181763e-17	draw2987	kinetic_box
0.7159086778519881	0.09376537752927108	0.17772032486226264	0.6472491687910965	0.6472491687590479	3.204858600724947e-11	4.951506707794665e-11	0.9698625634980689	0.1723642898566236	-1.4926458734455128	0.0	1.9523887953854513e-17	draw2988	kinetic_box
0.7000762254394068	0.03539179988916964	4.088173040575326	0.19284509488132456	0.19284509501272437	1.3139980770127124e-10	6.813749019263424e-10	0.011384372789019348	0.04654128591992822	-0.04869637763389919	-1.477957506158874e-18	4.557598332540788e-16	draw2991	kinetic_box
0.230981304560041	1.058844321755453	0.5008554472782998	0.5544812557413784	0.5544812557260936	1.5284773446921918e-11	2.7565897474580082e-11	0.23160211069311715	0.11599917874179948	-0.34833162765263576	4.409357827891116e-18	2.546099766551379e-17	draw2993	kinetic_box
0.8935457793121947	0.35200234491934945	-0.0143579615334568	0.7122011746346806	0.7122011746286817	5.998868068957108e-12	8.42299659514704e-12	3.5166861004977403	0.05049244375618876	-3.569562147215905	-5.6587237877313685e-15	2.3514465781305423e-16	draw3005	kinetic_box
0.5686706244888714	9.309147073892905e-05	0.05750507496661572	0.6870753886421622	0.6870756001937683	2.1155160612185142e-07	3.079014973929941e-07	0.6013363142751197	0.03457988983253915	-0.6018718855112007	6.923951603171307e-17	1.1847051571630555e-17	draw3006	kinetic_box
0.06192448876111332	1.670040922610675	-0.018260075666560186	0.7135918870488596	0.7135918870552446	6.385003636921738e-12	8.947696509373889e-12	8.623787680871228	0.15747101558505816	-7.8265564425217695	9.549712150246693e-16	1.1175207447026133e-17	draw3007	kinetic_box
0.4963968918097138	0.8806168165557018	-0.17551046336979081	0.7715665826865898	0.7715665826771413	9.448553051072395e-12	1.2245933485465766e-11	0.7519711986814634	0.1319788135213207	-0.5273724030583538	2.0726908791776528e-17	1.0202243878358138e-17	draw3010	kinetic_box
0.6818447549032959	0.2727165930798399	0.37937990961684653	0.586948167833923	0.5869481678209528	1.2970180485183391e-11	2.2097659037484063e-11	0.3293563979746488	0.12495120049535235	-0.4663122365661251	9.293045790285995e-17	2.943786272955688e-16	draw3012	kinetic_box
0.8330517814798107	0.0024770423746889115	0.22511766946721967	0.6323400380387034	0.6323400388382278	7.995243356262449e-10	1.2643898638700437e-09	0.5049087449104495	0.11366387994785929	-0.5240312908370774	-5.591351275763502e-17	1.2461742990966925e-16	draw3013	kinetic_box
0.5112918134675966	0.002832288893625985	1.5608630985786216	0.3637441328188815	0.3637441245846691	8.234212423019471e-09	2.2637375744340813e-08	0.011470803548196403	0.017904353969424483	-0.011991077397930748	-7.326905195174714e-19	7.499016044270817e-16	draw3016	kinetic_box
0.12127772548395425	0.3655310030615904	0.2733755792636899	0.6176270112546125	0.6176270112895856	3.4973135498717056e-11	5.6625009689414745e-11	0.19716229743395472	0.05389935726996729	-0.2111655216917061	-5.139699623664529e-18	6.533804966014178e-17	draw3017	kinetic_box
0.5250089269882862	0.13563695471610593	3.2325883114568303	0.22993182134352258	0.2299318213230165	2.0506069065007182e-11	8.91832585286206e-11	0.053184286983355485	0.1719229044555606	-0.23118951879823377	6.786269957627839e-18	1.1376000318125616e-16	draw3018	kinetic_box
0.8250452863127228	0.3064147457480488	-0.06337412811494891	0.7298554555275721	0.7298554555186538	8.91831053451142e-12	1.2219283238999484e-11	4.530290941041732	0.2871032384955712	-4.328182097972765	2.7658026754602597e-15	7.313699597139501e-17	draw3021	kinetic_box
1.1394172103780031	0.013777382855623353	0.18596739213866267	0.6446223865325822	0.644622386527732	4.850231327679921e-12	7.524143481590462e-12	0.014592557698138053	0.0027137398997557002	-0.01000457847315872	1.9252460122301436e-19	4.1938841481578203e-16	draw3022	kinetic_box
0.603202442146117	0.06314930871835513	0.40425225729838227	0.580070956097916	0.5800709560448478	5.306821648787263e-11	9.14857327967472e-11	1.7843637610804588	0.7213330782582067	-0.8318403078911367	1.2998068121650081e-15	1.5486091747695355e-16	draw3024	kinetic_box
0.2512316564483002	0.06263376634019033	1.7854165799904043	0.3378967418405767	0.3378967418866441	4.606737213919132e-11	1.3633565059542885e-10	0.1764829394881483	0.3150955662475832	-0.5161364688457656	0.0	3.389108740798353e-18	draw3027	kinetic_box
0.6898647820492833	5.511518097345445e-05	-0.8942944939848094	0.9944595768332302	0.9944595602237735	1.660945669890168e-08	1.6701993085736153e-08	1.9731535349200902	1.7645803420657002	-1.9732020632788256	1.6265692418247855e-16	2.5674382732694938e-17	draw3028	kinetic_box
1.0453804244813878	0.004769275314352394	1.1259785499860215	0.4256365691598887	0.4256365624816336	6.678255060066363e-09	1.5690040867564172e-08	0.28489534928894555	0.3207860522901281	-0.2896253674817901	8.943794940971698e-18	1.233314445878137e-16	draw3029	kinetic_box
0.2839914562916282	0.05935637572707876	8.641820315995227	0.10316149720528686	0.1031614972076247	2.3378382563166156e-12	2.2661926393055734e-11	0.2783172006874337	2.4051672391915857	-1.2606998170398076	-1.669556111946338e-16	3.008126082378655e-17	draw3031	kinetic_box
0.8101041079312055	0.04378648568502163	0.8450365064706403	0.4765061062298191	0.47650610609262833	1.3719075875329168e-10	2.8790976023006737e-10	0.34873129227524036	0.29469067292126083	-0.4195104985715612	-1.6216582310276115e-17	4.681889204660964e-17	draw3032	kinetic_box
0.13761234904346786	0.13473085931097192	110.00349044114229	0.009008360185372115	0.009008360186929193	1.5570773836959262e-12	1.7284803797645544e-10	0.025502806788314212	2.8053977627606215	-2.667420623444949	4.612041176980178e-18	8.84072451957094e-19	draw3034	kinetic_box
0.10668187637087426	0.09106063742626624	6.902446197025635	0.12554192593560032	0.1255419259181202	1.7480128455815702e-11	1.392373769000201e-10	0.10417526484450303	0.719064160650078	-0.7963383692859145	-5.237008062431071e-18	8.795109909825307e-18	draw3037	kinetic_box
0.0016797615291311175	0.8707279646579099	0.2566826416251049	0.6226631640034781	0.622663164029413	2.593492087754612e-11	4.165160615847996e-11	6.358305009582679	1.6320665261178198	-7.980545370382326	-1.3861068567005323e-17	2.21298053874282e-19	draw3038	kinetic_box
0.5500105654906581	0.006672181541951696	17.036624359734006	0.05535773025846655	0.05535773020818775	5.0278795016289735e-11	9.082524667684657e-10	0.3055774799003656	5.206008737856697	-2.3236159812662365	-3.3109563122567515e-15	1.20848205792992e-16	draw3042	kinetic_box
0.9817616046747429	0.0008365859433108155	0.11324084842019609	0.6682567523502024	0.6682567542820971	1.9318946442581364e-09	2.8909466786213864e-09	0.23705891624860867	0.026844752801564658	-0.2393005209343409	7.244920920978726e-18	1.0736273557084202e-16	draw3050	kinetic_box
0.6785581520995924	0.0007125056711669421	-0.6497602535321634	0.9437877909299046	0.9437877830141992	7.915705424466069e-09	8.387166656454778e-09	0.04060597282459351	0.026384147197428015	-0.0406905185423473	-1.74015223936158e-19	9.035662869893828e-17	draw3053	kinetic_box
0.9342963562172166	0.01798897454555396	0.24704169883799082	0.625597413430901	0.6255974132589822	1.7191881251932273e-10	2.748074222745427e-10	0.027237036459037984	0.006728683758153038	-0.03850531377658183	7.035260646093883e-19	4.453073106049552e-16	draw3056	kinetic_box
0.4368110359931025	0.19281781317854538	0.14588504872544364	0.6575174008438507	0.6575174008577255	1.3874790205647969e-11	2.110178405552223e-11	1.717694794071902	0.25058598872862026	-2.295845272903464	3.198753591043495e-16	6.997048099832458e-17	draw3057	kinetic_box
1.1505610751512023	0.07272518065118501	0.0020962176865205397	0.7063660451000131	0.706366045111512	1.1498912932950134e-11	1.6278971805807614e-11	0.9300305005365058	0.0019495463842281737	-1.3034018957429536	1.6568695344225507e-16	8.845932377710057e-18	draw3059	kinetic_box
0.847761456065884	0.060455012612888055	0.5414427629788335	0.5442467392180508	0.5442467392035176	1.4533152459250687e-11	2.6703242137048628e-11	0.0272274908819721	0.014742127892115972	-0.05001151089831768	3.7242609590237146e-19	1.805161389838674e-16	draw3060	kinetic_box
0.5151159272908048	0.278256421249626	6.6417963094089565	0.12975304512774832	0.12975304513764918	9.900857911304684e-12	7.630539923592011e-11	0.12885778251671726	0.8558471443581546	-0.955510674908082	1.2553902196926842e-17	2.919765505994168e-17	draw3064	kinetic_box
0.19941981709096368	0.11527364532277165	0.19790259917300723	0.6408451999904566	0.6408451999983998	7.943201651983145e-12	1.2394883588116098e-11	0.06533787339257273	0.012930534968827017	-0.08803725562923413	0.0	8.785424229812802e-20	draw3068	kinetic_box
0.25259873206110206	0.12103887760967144	537.0274580645959	0.0018586379886990812	0.0018586379890872795	3.8819837101800037e-13	2.0886174354406302e-10	0.0008001297325374034	0.42969163638646674	-0.41260306613442516	-4.470961147103208e-20	3.1939056217431556e-19	draw3069	kinetic_box
0.8115079052398961	0.05528228824378537	0.3338534611992169	0.5998502299969295	0.5998502300533238	5.639433364734714e-11	9.401402353773199e-11	0.04831217541018099	0.016129186978752617	-0.07896160735055117	-1.0090162828543466e-18	1.6031923264316258e-16	draw3071	kinetic_box
0.3782754560828328	0.20220302596726575	0.12421287892958026	0.6646235643812646	0.6646235643816248	3.602673714908633e-13	5.420622902921914e-13	0.9104007472179912	0.11308349779158776	-1.0286017684812372	8.877169590792102e-19	8.825449594523678e-19	draw3074	kinetic_box
1.7225501029862238	0.8178956021223789	0.03328404302757593	0.6954385572989185	0.695438557298366	5.524469770534779e-13	7.943864648512147e-13	0.17872195958682985	0.005948589392860729	-0.18955014921586957	4.803441277286507e-19	5.910566121332572e-18	draw3077	kinetic_box
1.0726049575974046	0.08342399191639122	0.007714272118362969	0.7043846541456711	0.7043846541486544	2.983280289470258e-12	4.235299948542976e-12	0.41145257593835605	0.003174057134589881	-0.05115141130802453	0.0	2.0231634891565666e-17	draw3079	kinetic_box
0.009075529320838509	0.05091032211950466	485.7318463965669	0.0020545150207290945	0.002054515020714373	1.472129709800818e-14	7.165339240444907e-12	0.0036708985426430456	1.783072327052473	-1.7866864266105582	-1.089612201104761e-19	2.9519866023044425e-20	draw3081	kinetic_box
0.13213391039816674	0.09406181343152067	2.795261304580947	0.2547904389477059	0.25479043896827663	2.0570711800615982e-11	8.07358073713951e-11	0.12076718553851955	0.33757584059897144	-0.46489990504702655	5.158366075101193e-18	2.4136630927051875e-17	draw3084	kinetic_box
1.5027757249193683	0.000919843621808203	0.0029915267305490397	0.7060499090156704	0.7060499089531768	6.249367690003282e-11	8.851169882974552e-11	53.660196953421384	0.16052591355268622	-53.73160949943158	-5.077528139781647e-16	2.3259458904648313e-16	draw3085	kinetic_box
0.4881428002665696	2.185784431713941	-0.08971385090386477	0.7394999749155629	0.7394999748964884	1.9074408719177427e-11	2.5793657020539276e-11	4.254105113764946	0.3816521519056771	-3.010618256185972	0.0	6.1512416657760075e-18	draw3086	kinetic_box
0.07469725703996265	0.002683390718585412	287.0613934142059	0.003471461282152762	0.0034714612833321467	1.1793847148888759e-12	3.397372514426609e-10	9.417566747851128e-05	0.02703419833209436	-0.026967741497712097	2.970625128208556e-21	4.072849129076101e-18	draw3087	kinetic_box
3.094940022951353	0.2175409559846673	-0.19214556166069405	0.7778795290264054	0.777879528752431	2.739743987234533e-10	3.522067217308771e-10	0.16645791883812802	0.03198415030802233	0.060965225759857744	7.853422700208017e-18	2.81389298098898e-17	draw3088	kinetic_box
2.6564742221267754	0.3628278830825345	0.4124689975700439	0.5778253724613657	0.5778253725303022	6.893652315653753e-11	1.1930338547555278e-10	0.13093344840153026	0.05400598821056825	-0.19542198908652703	7.390861811615427e-18	3.991892034436333e-17	draw3089	kinetic_box
0.06556254696597238	0.02758222904247962	10.824221446813242	0.08427132808984059	0.08427132809014724	3.0665747718927605e-13	3.638930157374956e-12	0.022684326922912598	0.24554017798551364	-0.26457002049297546	2.915049538966517e-18	3.730110130251527e-17	draw3090	kinetic_box
0.7570798556740536	0.06242582472879952	4.668833041410649	0.17372092560682495	0.1737209255645126	4.23123480697285e-11	2.435650623678924e-10	0.0073226951869894506	0.034188441241195085	-0.042085306417134226	-1.4019870851955045e-19	7.809979016770251e-17	draw3091	kinetic_box
0.2755507592355743	0.031867436347451636	2.7056296873386696	0.26053957083718426	0.2605395711564689	3.192846542710015e-10	1.22547470564175e-09	0.477252132633187	1.291267538398043	-1.61812596860973	-7.173853500346581e-17	2.1603893220771366e-17	draw3093	kinetic_box
0.3640436155505407	0.10102795130506229	208.91526801890663	0.004763772842405402	0.004763772843239335	8.339327492445925e-13	1.750572029117836e-10	0.005377441493748556	1.1234296309224692	-0.7508046704216871	1.9431648028211132e-18	1.5977215284904129e-18	draw3095	kinetic_box
0.43261740381894614	0.002635911962631274	0.12176677484043823	0.6654314933183527	0.6654314861282578	7.190094963860361e-09	1.0805161934394122e-08	0.16412783235796993	0.01998531680778212	-0.17165562598793738	2.128932257903707e-18	1.3041306395738667e-16	draw3096	kinetic_box
0.34416887058593465	0.028159311577978734	0.668056090019457	0.514180537752531	0.5141805378284604	7.592937389944154e-11	1.4767064934062695e-10	0.6617034243900829	0.4420550024505242	0.42392909052621086	-4.973891129270996e-17	1.3460407522781377e-16	draw3098	kinetic_box
0.0014663122404286408	5.153723649423701	-0.0010142577590659739	0.7074654662750545	0.7074654663367682	6.171374522523365e-11	8.723216632012484e-11	6.728911026711261	0.006824850218906484	-6.719042457310708	8.754599049349383e-18	4.35560488110045e-20	draw3100	kinetic_box
0.030651821011260738	0.005729971023548848	12.376764116092774	0.07454847691928021	0.07454847690994554	9.33467192432147e-12	1.2521613198882306e-10	0.014505910695287881	0.17953623496468543	-0.1910163231287421	-7.939670560860142e-19	2.1814499992107302e-17	draw3101	kinetic_box
0.3967863992701909	0.00010694253747187585	-0.9591421353140367	0.9991663624027051	0.9991663610374215	1.3652835528787932e-09	1.3664226560442217e-09	13.546424530294376	12.992946549856995	-13.546686138105475	-6.756878502337459e-16	9.210282887085772e-18	draw3102	kinetic_box
0.3449438008106298	0.3082957222763181	0.2446956404330861	0.6263142857594274	0.626314285734869	2.4558355349313388e-11	3.921091360785185e-11	0.49507474361689086	0.121142631451581	-0.48626642869959225	8.323843072769423e-18	2.2296864209085348e-17	draw3103	kinetic_box
1.1081148814936006	0.6160542567336649	-0.1992971681534806	0.7806011127541399	0.780601112750041	4.098943406916078e-12	5.251008921157681e-12	0.10185497869018888	0.020299408815287755	-0.06695365944149533	-5.251509156604203e-19	3.702180389701608e-17	draw3105	kinetic_box
0.7250174226081582	3.538709749667138e-05	0.009244078930758199	0.7038460985917792	0.7038460931759603	5.415818904452863e-09	7.694606757018566e-09	34.829768266487164	0.3219691269954245	-34.83486951152844	2.8999298926035875e-16	1.4881200242278793e-16	draw3106	kinetic_box
0.49141815155968976	0.39049074952501855	0.16506389238142974	0.6513070317875127	0.6513070317798525	7.660205803006193e-12	1.1761282205218705e-11	0.093869691260458	0.015494496616094273	-0.09987060815778723	-1.8884441733032376e-19	4.39436625920785e-18	draw3107	kinetic_box
0.1669969187182492	0.8353667676878346	0.41338907781571055	0.5775747308743954	0.5775747308834981	9.102718578901658e-12	1.57602438129132e-11	0.09614506772903529	0.03974532088503493	-0.12388873464005255	1.1707883813957804e-18	4.0901675389231924e-17	draw3108	kinetic_box
0.567056125139861	0.09217720061476056	4.0421408445393965	0.19453933324768896	0.1945393332423796	5.309364059513655e-12	2.729198240285236e-11	0.007187919753616765	0.02905458402336588	-0.034692067926046045	-3.8820124718650106e-20	3.105874596546036e-17	draw3111	kinetic_box
0.8137194932761566	0.011829473637234236	21.434799883226923	0.044529395786005795	0.04452939539085764	3.9514815725061325e-10	8.873872051982574e-09	0.021653553168889096	0.4641395789359519	-0.10531651132558864	-2.9139551203123836e-19	1.584623649322809e-17	draw3113	kinetic_box
0.2149677298715165	0.00015379608588767305	-0.40245983645865774	0.8584231105330092	0.8584230996671343	1.0865874977561418e-08	1.2657948023270594e-08	2.9906428994398175	1.2036136522147947	-2.993427444583658	6.226862831308014e-16	2.386773708560519e-17	draw3116	kinetic_box
0.34967974723245504	0.3425712276961864	0.2064549023149449	0.6381563195700662	0.6381563195764204	6.3541394368371584e-12	9.957026580971183e-12	0.8081577787983543	0.16684813527687706	-1.0400558923493666	1.3482138764647803e-17	2.2061132028040207e-18	draw3117	kinetic_box
0.1289950942425716	0.15614998282120696	8.650285756843052	0.10307196350322438	0.10307196352190452	1.8680140767557418e-11	1.8123396634029947e-10	0.07942885249720856	0.687082271438991	-0.7703909318748811	0.0	2.161666164283772e-18	draw3120	kinetic_box
0.09446268592445627	0.0003926890370415797	1224.122818933296	0.0008162444216213917	0.0008162444217169652	9.55735057067697e-14	1.170893217324921e-10	0.0001347459113208737	0.1649455448058439	-0.16504398902551395	-2.580707973459798e-19	9.471203158544196e-18	draw3121	kinetic_box
3.107710836403674	0.5311762575702568	-0.19767103511500497	0.7799819016608777	0.7799819016712414	1.0363709890270911e-11	1.3287115852387002e-11	2.5381838097934204	0.5017254209940123	-1.7789703106185206	-1.4022462620703515e-16	7.256620144715781e-18	draw3122	kinetic_box
0.6207282709559306	2.2389362733571612e-05	0.0004309179260689795	0.7069544401511054	0.7069544451091074	4.958002008947915e-09	7.0131845739830155e-09	19.33875965561519	0.00833341820354415	-19.34314180775994	-1.0899227769724785e-16	6.652896835311599e-17	draw3125	kinetic_box
2.398591117830193	0.06715405098090303	-0.327393898787319	0.8297686730857786	0.8297686725619869	5.237916766986928e-10	6.312502436148112e-10	0.5558626803882487	0.18198605012267816	-0.579026821817326	-1.2054717370749658e-17	8.460019980242321e-17	draw3127	kinetic_box
0.0007469815096730812	9.071784675726335	-0.00014014791729810764	0.7071563326475336	0.7071563326938455	4.631184324921378e-11	6.549024749986071e-11	626.3776021087247	0.08778551637772053	-626.2264083446911	0.0	3.745086434687453e-21	draw3128	kinetic_box
0.2859536813117218	0.0016601942478847282	0.22385503365662757	0.6327313213970394	0.6327313182975827	3.0994566913022936e-09	4.898535289262502e-09	0.053827487702832376	0.012049554071369248	-0.054932137512689654	3.4346408744219623e-18	6.445360302486751e-16	draw3130	kinetic_box
0.3686101154998765	0.031673311333652476	17.12774699192089	0.05508031017278767	0.055080310194493214	2.1705540143024393e-11	3.940707680545063e-10	0.005617005724009561	0.09620665289300716	-0.10145251281082664	-2.180890946464691e-20	9.618086947697726e-19	draw3131	kinetic_box
0.12147075370225675	0.30466419310792664	12.49957672927462	0.07387398907915121	0.07387398907532602	3.82519016461913e-12	5.177993245658839e-11	0.00547733220342864	0.06846433414848312	-0.07394306115799366	3.1472090332950192e-21	5.747091586539095e-19	draw3132	kinetic_box
0.29379395809226305	1.7289927354919887	-0.17745498964786977	0.7723031769420462	0.7723031769310195	1.1026735080577055e-11	1.4277728500865587e-11	0.8006017848608441	0.14207078144454716	-0.5197922025918382	0.0	2.267230418361445e-17	draw3133	kinetic_box
0.2798792703953886	0.03908337407007616	3.247191929194148	0.22918281402741547	0.22918281381662212	2.1079335499329943e-10	9.197607424523691e-10	0.19018803103802093	0.6175770394159877	-0.6536007509437156	1.4022140240904908e-17	2.9275892098289463e-18	draw3134	kinetic_box
0.23367529883956173	0.0016971127592380459	102.16286364925584	0.009692955191646929	0.009692955263489204	7.184227518441944e-11	7.411803029260876e-09	0.0026718066730434097	0.27295942083530583	-0.26754453919226034	-2.245341123110706e-17	2.95346278282567e-16	draw3136	kinetic_box
0.11089692413100462	0.1892756671232617	5.56927756874417	0.15049014130544272	0.15049014134052138	3.507866219720768e-11	2.330960811435048e-10	0.3153994332864532	1.756546988996867	-2.095535866886804	-8.548006945496478e-17	1.625562040908914e-17	draw3137	kinetic_box
0.09761577989767119	0.10988404956842324	12.16054080838576	0.07576630905097016	0.07576630904785484	3.1153274404616127e-12	4.111758220258476e-11	0.0739029741814961	0.8987001333951626	-0.9744282833867829	-3.836524955592187e-17	4.0154944037398335e-17	draw3138	kinetic_box
0.5192187552877826	0.0008858003759257547	0.16363991064567665	0.6517655885970437	0.6517656005261645	1.1929120802278703e-08	1.8302777551697162e-08	1.6402649409386412	0.2684128083704354	-1.648589470951857	-1.7963372561921076e-16	1.1906784118895757e-16	draw3141	kinetic_box
0.9352484727898089	0.06311317702644353	10.195106310807503	0.08897050490985899	0.08897050491813419	8.27519996970949e-12	9.301059915669669e-11	0.02676665098630257	0.27288885238963523	-0.13121338228226873	-5.157575396317642e-18	5.2210180707357183e-17	draw3142	kinetic_box
0.5020130071545393	0.07479675717801602	96.43249172351429	0.010262976112364581	0.010262976103613108	8.75147350420935e-12	8.527227790317442e-10	0.003918908651653865	0.37791012611581987	-0.2528042046713	-2.167022435661695e-19	2.7062195800363503e-18	draw3143	kinetic_box
0.7800539336651188	0.009900644458873242	106.5544619119276	0.009297213460338965	0.009297213357793864	1.0254510088292257e-10	1.102965984930946e-08	0.001908553968713393	0.20336494116612946	-0.026082175002422863	-9.073333351079333e-19	2.3808208489308875e-17	draw3144	kinetic_box
0.18638525036806025	0.13890726376796744	1.399616284958759	0.38466778731670787	0.384667787362191	4.548311727248233e-11	1.1823999504709468e-10	0.445976494648471	0.6241959646188229	-1.1577058327461682	8.397631373117278e-17	4.041775296079178e-17	draw3148	kinetic_box
0.016185805522117524	0.01703824127026987	67.73470883250697	0.014547150946579763	0.014547150945787481	7.922811712246514e-13	5.446297863940689e-11	0.07080060315260715	4.79565823970772	-4.866493494397223	7.472453083553146e-17	3.155185529970322e-18	draw3149	kinetic_box
0.3214285735779414	0.0013308416606199528	0.26769761149688026	0.6193337045415869	0.6193337073481368	2.8065498813845124e-09	4.531563272087351e-09	0.21029283282195899	0.05629488906135117	-0.21408845843429	1.3879207305015602e-17	1.5716117199116012e-16	draw3150	kinetic_box
0.857660786515983	0.17401518491285634	0.17303781962395975	0.648746700131381	0.6487467001353372	3.956168725949283e-12	6.09817163636281e-12	0.09250920320071433	0.016007590817001444	-0.13097537304646606	2.1584573152544745e-18	1.2974636767076756e-16	draw3151	kinetic_box
0.8238882914763668	0.0028671053880235135	3.078794686491293	0.23811842052991675	0.23811841598423372	4.5456830244372526e-09	1.909001034484553e-08	0.017701789922734357	0.05450017675549971	-0.052597898776832325	3.310804351271772e-17	6.0259803497665e-15	draw3152	kinetic_box
0.035217945055181596	0.00023147672332408253	5505.194010641237	0.00018161364833735276	0.00018161364847944832	1.4209556383100452e-13	7.824057554082136e-10	4.502923796848008e-06	0.024789469116781555	-0.024782818421090202	1.699038173264189e-22	2.7608316364607332e-19	draw3154	kinetic_box
0.2844323050216328	0.3262765126108406	3.0792953430979164	0.2380908482212842	0.2380908481924871	2.879710359060539e-11	1.2095006510844155e-10	0.15334988417075332	0.4722095841916056	-0.6131083465738999	-7.39299750797442e-18	1.887194468424764e-17	draw3157	kinetic_box
0.2793634888015148	0.21473028911699069	0.16373008412011109	0.6517365497390339	0.6517365496318038	1.0723011367730351e-10	1.645298452846979e-10	0.11003132441593626	0.01801543800246848	-0.13414999346648374	-1.2196782282474394e-18	4.0941754000640145e-17	draw3160	kinetic_box
1.9955582879277816	0.6480197713863236	-0.05612063258791079	0.7272182520903496	0.7272182520881775	2.1721513476791188e-12	2.9869318343452946e-12	0.7223945273093633	0.040541237850646256	-0.8320519341433014	0.0	2.6058261297104888e-17	draw3161	kinetic_box
0.44189904021677523	0.00467404872418221	405.2872068671739	0.0024613055931543746	0.002461305584031715	9.122659658938881e-12	3.706431138873706e-09	0.001632795621823178	0.6617511769536661	-0.3777583082742211	6.0400083532279534e-18	1.3729868914695156e-17	draw3162	kinetic_box
0.2669367217592724	1.7791885054425933	-0.19362516844057343	0.7784422452006339	0.7784422452074201	6.786238238021269e-12	8.71771577121054e-12	6.284584107327409	1.2168536563602204	-3.8658306826082534	0.0	4.378185109172858e-18	draw3163	kinetic_box
0.343574703576129	0.02495285885842632	0.31976931399978215	0.6039247407508881	0.6039247433331152	2.5822270988129503e-09	4.275743173828921e-09	0.019535354692434014	0.006246806968742049	-0.02593475059961387	7.711567119046086e-19	6.900439817753979e-16	draw3169	kinetic_box
2.7625154664999396	0.2119293952644033	-0.11178578166098856	0.7476597381012337	0.7476597381764434	7.520972733487952e-11	1.0059352335638334e-10	0.8710770813611488	0.09737403242692855	-0.22773832414914097	0.0	1.155034261049455e-17	draw3172	kinetic_box
0.03220843282773607	0.8610505661862123	0.003419948155527583	0.7058986824516539	0.7058986824725922	2.0938362155220602e-11	2.9661993534084224e-11	3.678121993298844	0.012578986526787817	-3.4473687758239886	3.066807240504549e-16	2.2773062607606523e-18	draw3173	kinetic_box
0.4671165391363473	0.27977266176797705	0.12360407014034133	0.6648245365974158	0.6648245365955209	1.894928658430217e-12	2.850268836547306e-12	0.13600679917367925	0.016810993944626765	-0.11728487427223802	-1.0317329817255225e-18	1.3306269106794753e-17	draw3175	kinetic_box
0.0684933331117578	0.0012105330411799284	5159.363010140365	0.00019378481304774018	0.00019378481305649896	8.758781460532772e-15	4.5198492711495945e-11	0.00021679812418790094	1.1185402226028733	-1.1187358999573132	-5.276264651234398e-18	4.2158678072732916e-18	draw3179	kinetic_box
0.8827434831802061	0.006309796128915976	-0.00683868330942319	0.7095287361220065	0.709528740275393	4.153386523597646e-09	5.853725561540426e-09	0.20881315815511797	0.001428007059463352	-0.2138852986175932	4.306186538737658e-19	9.807628039371189e-17	draw3181	kinetic_box
0.020924854855582167	1.0736965845323052	0.039565941999631496	0.693259042834798	0.6932590428461665	1.1368461727556678e-11	1.6398576902630217e-11	0.19364870278347998	0.007661893342635047	-0.1945267188218563	0.0	1.2135940501406461e-18	draw3183	kinetic_box
0.2762835853669265	0.3533741988185813	1.1733033876892482	0.4180023582915153	0.4180023583188906	2.7375324229694797e-11	6.549083679764885e-11	0.08065030018883529	0.09462727042971528	-0.1600925422982739	3.001305948446367e-19	4.9553717287803336e-18	draw3184	kinetic_box
0.5987892217096245	0.0007540429197641543	0.3706132806981702	0.5894009838918907	0.589400894274332	8.961755870728894e-08	1.520485624943371e-07	0.2586395987054364	0.09585527019468	-0.2606720393087377	-8.253386278112393e-18	1.0605493390047478e-17	draw3185	kinetic_box
0.004121976326722538	0.003945782781171449	19.04273303162996	0.04983140981212819	0.04983140981805531	5.9271199059907076e-12	1.1894345208437483e-10	0.06532353646045398	1.2439386654983708	-1.3059913841697326	-1.9859736119344887e-17	1.162632641825025e-17	draw3186	kinetic_box
0.019492253273738724	0.02001674393666995	56.851483301038265	0.01728305965113491	0.01728305965064036	4.94548846319276e-13	2.861465830218044e-11	0.03533240544938454	2.0086996583911985	-2.0442363356154063	-2.504175270357261e-17	5.9701130261614196e-18	draw3187	kinetic_box
0.42095295251779336	0.03451995285908066	18.92707302373947	0.05011991506149885	0.050119915057446875	4.05197403408053e-12	8.08455886135522e-11	0.016488899616313318	0.3120866071190719	-0.233752631703964	5.765625878160291e-18	5.215496517689715e-17	draw3190	kinetic_box
0.035743631156457366	0.3161686671409139	93.79593907534398	0.010548388188242212	0.01054838819003489	1.7926771178622403e-12	1.6994796603672498e-10	0.11578770126056621	10.860416173110199	-10.974167434356378	-1.4272962704106523e-17	7.26419242298455e-20	draw3191	kinetic_box
0.6345030938091378	0.040315430220062724	380.27920909054467	0.00262274085986978	0.00262274085963025	2.3953018388200853e-13	9.132819317718531e-11	0.0062326843392290264	2.370160271033038	-2.045304471517157	-1.771254143571472e-18	6.979549431476766e-19	draw3195	kinetic_box
0.1700076389645572	0.3849917271621398	0.2696605463878045	0.6187429486752059	0.6187429486929034	1.7697510124037308e-11	2.8602362518107656e-11	0.08851833768484908	0.023869903305436594	-0.08679798667099063	3.776357756862221e-19	2.6853025545301637e-17	draw3196	kinetic_box
0.08648151339976239	0.7402746238389519	-0.00038888731646935526	0.707244286997692	0.7072442869805087	1.7183365841333398e-11	2.4296224314084793e-11	6.462217367004505	0.0025130743702960453	-5.361613819353352	1.4170016428650068e-15	4.5175786832578896e-17	draw3198	kinetic_box
0.057834513883079856	0.8269850616395195	0.0023936335503539547	0.7062610109791473	0.7062610109521287	2.7018609571882735e-11	3.8255841895418026e-11	1.2404853477820228	0.0029692673471735436	-0.8830719137771809	-6.670931940386048e-17	1.95836828902759e-17	draw3199	kinetic_box
0.0357015968285193	0.0072237695149982815	100.20155864664703	0.00988078837127904	0.009880788371160154	1.1888580397911852e-13	1.2032016020717538e-11	0.00456269234758106	0.4571888848527512	-0.4617732670820939	1.1920470764598272e-18	5.581703900859221e-18	draw3202	kinetic_box
0.9331976515766516	0.12242543827167268	0.23647640710741072	0.6288345751658512	0.6288345751368618	2.898936646289485e-11	4.61001471755676e-11	0.06161062609812081	0.014569459499321683	-0.09506277556746917	-1.9100190538985163e-18	1.5646901731232796e-16	draw3204	kinetic_box
0.7706603026296504	0.07741551577932092	0.4704279305627098	0.5623519380386978	0.5623519383680758	3.293780803659274e-10	5.857152041153628e-10	0.5954968670434667	0.2801383588198352	0.14343533603582498	-2.1638338183524822e-16	2.8846748321961424e-16	draw3205	kinetic_box
0.041114137732100764	0.06685746170271552	2.0599407667889555	0.31063634991101813	0.31063634991838746	7.369327370554402e-12	2.3723325916270013e-11	0.5399505960504002	1.112266244856215	-1.6573489569060393	6.018612526559875e-17	2.1337633095215302e-17	draw3206	kinetic_box
0.4828657720355394	0.054147410183686656	34.68251853837682	0.02801392877407828	0.02801392877599046	1.9121787486753306e-12	6.825814272484969e-11	0.004695670114471402	0.1628576657952564	-0.15708101552141074	7.74630576609861e-19	2.9252636296175826e-17	draw3207	kinetic_box
0.47857606006772213	0.056782945552591585	23.358010798323587	0.04101970175389259	0.04101970173631337	1.75792227996574e-11	4.2855559781155365e-10	0.00309843839454442	0.07237335747770895	-0.07293221488254126	-7.806663518603121e-21	7.549559547532152e-19	draw3209	kinetic_box
0.8059914538869517	0.006004824345509603	-0.08927382140183389	0.7393380038396208	0.7393380041908767	3.5125591324458583e-10	4.750951679117272e-10	0.7081071559933231	0.06321543177750846	-0.7209735479365096	-5.07535957447487e-17	1.510932167730754e-17	draw3210	kinetic_box
0.014078165746702582	0.5608077563320323	33.57949592810594	0.028906786657245154	0.028906786657775446	5.302910888183021e-13	1.8344864653977808e-11	0.13466215432830636	4.521887262937338	-4.657566947959323	-1.0096878728366004e-17	4.736894606323826e-19	draw3211	kinetic_box
0.3232378011434538	0.0064927882266350885	26.53968404811898	0.03628732260927641	0.03628732255920182	5.007459030759165e-11	1.379947231595725e-09	0.06511065030905765	1.7280160873699504	-0.34547538245648646	3.902019985751155e-18	4.444755831088315e-18	draw3215	kinetic_box
0.0008366828291537068	0.3360285588789569	0.1489821145034098	0.6565095406705489	0.6565095406553129	1.5236034656140873e-11	2.3207636313910398e-11	7.412473260465231	1.1043259400440946	-8.498017042943198	-5.909697688868937e-17	4.562325071966541e-19	draw3216	kinetic_box
2.244162452262736	0.7723960458250972	-0.13503165539416306	0.7563244478079721	0.7563244478166801	8.707923271344953e-12	1.1513475858783297e-11	0.47033599836723544	0.06351024845099419	-0.24023462179912303	0.0	1.1433793292922126e-17	draw3217	kinetic_box
0.236378867357268	0.22206240376316852	1.4919996927452763	0.3724178479946276	0.37241784802024863	2.5621005317333356e-11	6.879639483857478e-11	0.9319024833738803	1.3903982188623896	-2.4805245762041506	2.4983864853662903e-16	5.218125989036388e-17	draw3220	kinetic_box
0.04776311392824091	0.10636960582672397	2.19353489706437	0.2988249603208849	0.29882496044703183	1.261469262381354e-10	4.2214320399950505e-10	1.2270253025477191	2.6915228207193884	-3.8249307709959366	-2.1700856288573446e-16	1.8846385543389376e-17	draw3223	kinetic_box
0.4634570855574335	0.0005293696928134443	7.31266301199477	0.11943726163811566	0.11943726672784824	5.0897325798437976e-09	4.261427542076417e-08	0.09662270117397173	0.7065692529939267	-0.09955218525607898	-2.029117698821884e-17	7.540608463779113e-17	draw3226	kinetic_box
0.05658407996489005	0.1496131970415045	34.66646515703759	0.02802652787724603	0.028026527869041574	8.204454476912204e-12	2.9273888350525714e-10	0.05379549054067455	1.86489949843404	-1.9166142557111854	-4.975674398349531e-18	1.545650908747327e-18	draw3227	kinetic_box
0.4261457719607206	0.00014683239211794888	0.0006615805606678795	0.7068729175300745	0.7068729158355495	1.6945250758126917e-09	2.397213187620439e-09	2.3420042250623063	0.0015494244683032638	-2.345004292632369	-2.1597035468264927e-16	1.0071085673782768e-16	draw3228	kinetic_box
0.4283342872686652	0.09160324237577454	27.84132517783199	0.034651648108741204	0.03465164811775557	9.014365642823208e-12	2.6014247900099823e-10	0.00536322614693886	0.14931932315917573	-0.12752262196233446	5.392038927219926e-19	2.1846677318693633e-17	draw3229	kinetic_box
0.07279929999654824	0.0024781007592807737	2378.2603297048167	0.00042029865296261073	0.00042029865298455265	2.1941920936435766e-14	5.22055466526613e-11	2.8687948276065617e-05	0.06822740932559054	-0.06824064435395638	3.6415626055493375e-21	7.811175214024312e-19	draw3230	kinetic_box
0.6350471198868098	4.692695596996791	-0.0334676050945597	0.7190366197174393	0.7190366197462776	2.883837613154583e-11	4.01069644293247e-11	1.8182944084115928	0.06085395920636523	-1.6761950052139163	0.0	2.5895633500955153e-18	draw3234	kinetic_box
0.7949780072274498	0.0025569371164918587	-0.02388311095747003	0.7156005277419312	0.7156005272308845	5.110466494429033e-10	7.141507447185223e-10	0.6144020870677269	0.014673833217939684	-0.6216627288175944	-7.47901910302336e-18	4.3946112701529525e-18	draw3235	kinetic_box
0.10208726167324425	0.00215997945380133	147.29033953746952	0.00674337429336008	0.006743374290679506	2.6805736449975193e-12	3.9751221413032484e-10	0.0009255746829197348	0.13632820931453346	-0.13722863758021653	-2.8789022995214307e-18	1.528209789258858e-16	draw3236	kinetic_box
0.022555470086280078	0.002039838790999985	38.768173893850154	0.025137789798331672	0.025137789793949133	4.382539470215718e-12	1.7434068413089487e-10	0.013122502085168936	0.5087354427602405	-0.5015927879194935	4.598365056882639e-18	1.7295740524799808e-17	draw3240	kinetic_box
0.41730130501810075	13.082465510566898	-0.027027025359238312	0.7167259303094486	0.7167259303116558	2.2071233729548112e-12	3.0794523814634168e-12	2.210344108304022	0.059739026267775795	-2.078302335169123	-6.13175475034884e-17	1.215992981647815e-18	draw3242	kinetic_box
0.6662385453057381	0.0017912730431197644	7.792377537586943	0.11300632782500171	0.11300632444106808	3.3839336333052472e-09	2.9944639382284685e-08	0.02061497212739869	0.1606396457435225	-0.023445149432905193	6.682961795302482e-19	1.947301986396419e-17	draw3244	kinetic_box
0.5391868029773373	0.03186576369011703	0.6151944903485719	0.5263994045611695	0.5263994045510113	1.0158207608412795e-11	1.92975286837134e-11	0.19004259637729015	0.11691315822284637	-0.24420394524538555	-7.983729234531148e-18	9.632034933620508e-17	draw3245	kinetic_box
0.28644133658702386	0.1175636685462489	0.5065538153281989	0.553026260405205	0.5530262604132812	8.076206370333239e-12	1.4603657996815237e-11	0.14371506175924456	0.07279941285427306	-0.22734199391578047	4.118214282624634e-18	6.077758375914479e-17	draw3247	kinetic_box
0.7192107498893382	0.024625380517203803	0.1163740539651662	0.6672168243396901	0.6672168242121079	1.2758216705321956e-10	1.91215452643714e-10	0.34078145790759273	0.039658119772866214	-0.5103079227566791	-3.7825673532505445e-17	7.366912337406093e-17	draw3248	kinetic_box
0.6877344129468556	0.19015111982816527	5.6773998964280326	0.1481072455571376	0.1481072455155456	4.159200761577608e-11	2.8082358476790735e-10	0.011119492891422424	0.06312980779009393	-0.0684971044984195	8.672567956531348e-19	1.5875335497889783e-16	draw3249	kinetic_box
0.11635388934448478	4.3998575712260495	0.13410477353589065	0.6613684814788509	0.6613684815118468	3.2995939314162115e-11	4.9890401850925026e-11	2.9679810119943406	0.3980204214723246	-3.290995848682328	4.6698147663803017e-17	8.648980909876531e-19	draw3250	kinetic_box
0.19584319614032372	0.10155760601866451	6.055570824708192	0.14032951841686916	0.14032951844570926	2.8840096977233998e-11	2.055169667555844e-10	0.20416539112683943	1.2363379859228256	-1.2672057579572933	-1.861795297241871e-17	7.373612620097244e-18	draw3251	kinetic_box
0.9850003854701808	1.5458001794511091	-0.11838756636806959	0.750113361260418	0.7501133612852177	2.4799606812564434e-11	3.306114527819324e-11	0.8675168797469054	0.1027032121764574	-0.6803253666853171	-1.1986444601282195e-17	1.1264950813243472e-17	draw3253	kinetic_box
0.676729250123093	0.02196010312032617	1.250491139691582	0.40606444655938756	0.40606444784245216	1.2830645990113965e-09	3.1597560580068542e-09	0.09726638577258584	0.12163075359844196	-0.18725366147733488	0.0	1.3415596393782789e-17	draw3254	kinetic_box
0.34750972218007836	0.015329305933018338	19.767383582526058	0.048096703276071344	0.04809670317458804	1.0148330092940583e-10	2.1099845567590727e-09	0.028902763467286666	0.5713320120528763	-0.5608720947958816	2.7629132938040296e-17	7.999250341419261e-17	draw3255	kinetic_box
3.1910417359076657	0.04887499354600455	0.2519212533939692	0.6241099582189154	0.6241099584593954	2.4048008029353696e-10	3.8531684526739143e-10	0.323491760308083	0.08149444971943373	-0.3452413534577254	0.0	7.545669983881982e-17	draw3256	kinetic_box
1.2536507002343886	0.22448131087795298	0.19018830810909781	0.6432832871182378	0.6432832870252265	9.30112653563242e-11	1.4458834425256372e-10	0.0308019934351764	0.005858179017823737	-0.04693774444315072	2.79080204696352e-19	8.462181353200726e-17	draw3257	kinetic_box
0.11890736750305987	0.013930611938562895	1188.7523299420325	0.0008405107699815912	0.0008405107698502955	1.3129569046560485e-13	1.5620940882053196e-10	0.00713988475166299	8.487554634056968	-8.202258037180547	9.602156904426965e-17	1.303432779703744e-18	draw3258	kinetic_box
0.6487151731571367	0.0002555659131662556	0.053040928745285744	0.6886086813357162	0.6886086932244693	1.1888753093103333e-08	1.726488963918423e-08	1.390103721301786	0.0737323924301246	-1.3921115709923242	3.2120852503191385e-17	6.421044185965534e-18	draw3259	kinetic_box
0.502665216387307	0.19601962285953922	0.052631478786215824	0.6887494962379389	0.6887494963623382	1.243992686639217e-10	1.8061613013285978e-10	0.119726144870731	0.006301364053919281	-0.17244225621983617	-3.3177178501066818e-18	3.162891293454663e-17	draw3260	kinetic_box
0.8123039847509056	0.6730278915971003	0.07363736501704607	0.6815669579799823	0.68156695796748	1.250233250260635e-11	1.8343513218260914e-11	0.24884926565432317	0.01832460420921126	-0.176367753178006	3.523317969177545e-18	2.9143621294439677e-17	draw3263	kinetic_box
0.0811741520180185	0.0020301112888462614	271.6626283941363	0.0036675113208331973	0.0036675113144301716	6.403025679113661e-12	1.7458775529663257e-09	0.002799121953176458	0.7604168269956452	-0.7588901631909277	1.1514390343051553e-17	1.982219017546615e-17	draw3264	kinetic_box
0.5496186886757147	0.11219047736252431	0.931652226961585	0.45973827267801837	0.45973827264094136	3.707700813038173e-11	8.064807812800724e-11	0.16543432973932518	0.1541272617175395	-0.3559996371319899	1.4396069072438935e-17	6.704302388277684e-17	draw3265	kinetic_box
0.7308373130706375	2.1630705386517364	0.04157353472958149	0.6925640504915888	0.6925640505620669	7.047817884853202e-11	1.0176413111730788e-10	0.4692151995067849	0.01950693439234283	-0.3925384488907695	6.663154800211436e-18	8.357890896600893e-18	draw3266	kinetic_box
0.3681818463876183	0.04099998189437231	27.769295169416576	0.03473830126291482	0.03473830127524947	1.2334647192524528e-11	3.550734129107454e-10	0.006547608912247886	0.18182248453811414	-0.18189842192867672	-7.804707961508275e-20	2.136964997676118e-18	draw3267	kinetic_box
0.0005840111599613393	0.00010194237260217623	5035.434234483137	0.0001985531695047893	0.00019855316951060002	5.810727333327437e-15	2.9265346645686376e-11	0.0015102621728109995	7.604825848017392	-7.606334240559054	-1.316992204875418e-17	2.2762899534656956e-19	draw3269	kinetic_box
0.0005837234039961642	3.1682869811106054	-7.709270562616567e-05	0.7071340381410314	0.7071340380993085	4.172284739922816e-11	5.900274226845898e-11	1.930363014925188	0.00014881690766126518	-1.9294092448459161	-2.092903592701066e-19	8.926255434424639e-21	draw3270	kinetic_box
0.13494612376165052	0.28931151917581155	2.376972687974715	0.2839357596626552	0.2839357596405087	2.2146506850617698e-11	7.799830101941864e-11	0.017096469576079684	0.04063784124313205	-0.057995812085617576	6.571733471309334e-20	1.8231295686037216e-17	draw3274	kinetic_box
0.7359314961737025	0.06775242731047668	0.8830045987339468	0.46902858642745965	0.46902858638087636	4.658329277873463e-11	9.931866442977636e-11	0.11437984748544086	0.10099793133213174	-0.2134794750206327	1.1432372211727539e-17	1.63420840747159e-16	draw3276	kinetic_box
0.673280320576531	0.05626200525029745	4.45306614886494	0.1803751964035543	0.18037519673698524	3.3343094951732155e-10	1.8485410164431595e-09	0.02803559440583476	0.12484435641193005	-0.07735959907131329	5.300460920856114e-19	7.305414345018276e-17	draw3277	kinetic_box
0.2591592271781309	0.002014401817026982	14.407172210863008	0.0647685752931319	0.06476855707242256	1.8220709344096697e-08	2.81320291321648e-07	0.004270560932538395	0.06152670679206583	-0.042200982247178956	9.242719422217985e-19	1.9905701459628322e-16	draw3279	kinetic_box
0.634406993677821	2.411692162541221e-05	0.036028890302410445	0.6944853941005498	0.6944853287925993	6.530795049197735e-08	9.403791237104864e-08	0.4343307623971761	0.01564845539337015	-0.43443757764961866	2.2706369777400873e-17	1.4215657871475167e-16	draw3282	kinetic_box
0.35721771003169994	0.0014641853425004145	1.0621210397247327	0.4363383420564081	0.4363384179502764	7.589386830098022e-08	1.7393350018890342e-07	0.10894092013811137	0.11570844336565994	-0.11201570194926999	-4.409814852479902e-17	6.385150539842612e-16	draw3285	kinetic_box
0.6930589289517483	0.008416789343891605	6.9584040064898085	0.12467297457804362	0.12467297307483782	1.503205795949647e-09	1.2057190575276592e-08	0.014901894381849544	0.10369340157094985	-0.03164127520802548	-4.9812958971653235e-19	1.1641981444727073e-17	draw3286	kinetic_box
0.3333306070172308	0.23944143033653192	0.2972524447219049	0.6105211009068192	0.6105211009281045	2.1285306850415964e-11	3.486416246393184e-11	0.05882434262255143	0.017485679653712363	-0.027662722638329112	1.2902032815188015e-18	1.8033379028268184e-16	draw3287	kinetic_box
0.20931119941902937	0.04470826314962147	8.002392524049553	0.11040253501485585	0.1104025349732256	4.163025479897442e-11	3.770769829612194e-10	0.05909247823276998	0.4728812060374794	-0.5352005253512879	-4.5921587331766536e-18	1.3765645387119246e-17	draw3289	kinetic_box
0.606392435006194	0.066827645699239	2.416054178149927	0.28094514281825544	0.2809451426584459	1.5980955447858491e-10	5.688283234455866e-10	0.05402865727876589	0.13053616315819283	-0.19171778114518787	4.788338169564009e-18	1.113575354057061e-16	draw3290	kinetic_box
0.6894489772059534	0.008720648081615155	4.1984794410900825	0.18890066055769889	0.1889006608413135	2.836146040241516e-10	1.5013955100051387e-09	0.011126822855993838	0.04671573700554136	-0.01453637454248372	-5.591663457086984e-19	1.451551497460187e-16	draw3291	kinetic_box
0.3290364012716318	0.16197386198969607	15.644596273932498	0.05997142124692931	0.05997142123841718	8.512128502058403e-12	1.419364144834641e-10	0.023357428696803604	0.36541754195865767	-0.38055697918665315	-1.6229518305965291e-18	1.0191495983879235e-17	draw3296	kinetic_box
0.5743831558345882	0.009215552933000495	-0.003631208563553952	0.7083917705678512	0.7083917706176951	4.984390677975625e-11	7.03620635461278e-11	0.7094978469123958	0.002576334657531382	-0.7607115246923823	1.1862004457043716e-17	1.7983562681729675e-16	draw3297	kinetic_box
0.0618905296427577	0.7739817624866525	0.1286591827649967	0.6631580349060223	0.6631580348897793	1.624300693947589e-11	2.4493417986220392e-11	0.13635989787450864	0.01754395302245269	-0.15263375584013442	1.001134357517906e-19	3.0518729727100222e-18	draw3298	kinetic_box
0.3664740143474784	0.7118714330276598	0.6552569852722997	0.5170962838884994	0.5170962838684321	2.0067281170099704e-11	3.880762982857859e-11	0.5920801321697721	0.3879646424451896	-0.945764868361155	-1.3579996647999579e-17	1.0103782605587926e-17	draw3300	kinetic_box
0.23739696393497395	0.04393978718994284	7.149639959169643	0.12179135870789805	0.12179135873701692	2.9118873978717374e-11	2.3908817736070687e-10	0.019487674964328978	0.1393298596362763	-0.13794732152352576	-6.318816006722893e-19	2.4420192726313708e-17	draw3301	kinetic_box
0.8199315993410503	0.009327591095561203	0.45965741515283415	0.565179273553817	0.565179271801303	1.752514022790308e-09	3.100810858127914e-09	0.3750502885961852	0.172394646208447	-0.39097741210853043	9.824388567503708e-18	6.341491235325796e-17	draw3303	kinetic_box
0.0009206273718113962	1.7742065514242362	0.025626705615348886	0.6981051329200134	0.6981051329527028	3.268940673706311e-11	4.682590801015904e-11	21.11156454463984	0.5410198496649222	-21.634569656957396	-7.512246558857038e-17	1.8413189784732078e-19	draw3304	kinetic_box
0.4275002123714808	0.02493332490560607	39.64247200722878	0.024597358056393927	0.02459735812913177	7.273784352612722e-11	2.957140484122987e-09	0.003664634471360573	0.1452751694476372	-0.09201897835475097	6.181311251449182e-19	1.9630221745271656e-17	draw3305	kinetic_box
0.0004899330627496252	4.151022805802273	0.0007746848991706064	0.7068329417241843	0.7068329417794157	5.523137502905229e-11	7.813922040759749e-11	57.81614474182104	0.04478929425975083	-57.851782031729634	1.0037271933888454e-16	5.107722038100608e-21	draw3306	kinetic_box
1.0471065056447708	0.05753104379646075	1.4899935398358726	0.37267624085347173	0.3726762408345006	1.8971102466736056e-11	5.090504944521218e-11	1.4856375067672944	2.213590287621141	-1.9406870743167166	-3.110392502208252e-16	4.037747416486233e-17	draw3308	kinetic_box
0.864814559288047	1.1823286477934754	-0.13720872319841465	0.757139435843926	0.7571394358386847	5.2412518769529015e-12	6.92243941982385e-12	1.1813174292609336	0.16208705616092622	-0.7786992327102804	6.440454177627647e-17	1.7134075714870788e-17	draw3310	kinetic_box
0.05018090665061601	0.03135821788567338	883.8616974137127	0.0011301193891535119	0.0011301193896602058	5.066938622150241e-13	4.4835427730106667e-10	0.0012869482676017812	1.1374842802861473	-1.1343888257006542	6.148914771030234e-20	3.6361982746502867e-20	draw3311	kinetic_box
0.6713886815222686	0.001754733414605257	-0.8008935592968881	0.980748844768102	0.9807488438692168	8.988851885050053e-10	9.165294398500173e-10	0.639911322490805	0.5125008567040394	-0.6421222743558722	5.554849919878612e-17	1.09675773246656e-16	draw3316	kinetic_box
1.4500508968947818	0.1781419276928327	0.11297078819694191	0.6683464795470605	0.6683464795175947	2.9465763162761505e-11	4.4087556478235025e-11	1.0575498047304925	0.11947223499792574	-1.5817404284016885	-1.8953420268105983e-16	6.172498505104191e-17	draw3317	kinetic_box
0.5044978637532711	0.3340076785446361	1.2091404035985907	0.41238248346040735	0.4123824832087927	2.516146180298051e-10	6.101486563443834e-10	0.17355079671265874	0.20984728038200115	-0.4090093691570986	-1.045531441535199e-17	7.494270996308723e-17	draw3318	kinetic_box
0.06751043721226141	0.17690168299371922	7.735643209731187	0.11373079004600446	0.11373079007471096	2.8706495514008168e-11	2.52407421905278e-10	0.1489009243915574	1.1518444246922475	-1.3092045907166936	1.7949000388550504e-17	6.890049113169023e-18	draw3319	kinetic_box
0.7124034040095129	0.0340935204805348	21.785926710759693	0.04384453518455666	0.04384453521147824	2.69215830184244e-11	6.140236836488687e-10	0.016830784820620108	0.36667424458659637	-0.36849188685819256	0.0	6.1323294469157605e-18	draw3321	kinetic_box
0.8746514882514684	0.0172079781502835	0.13761101216678331	0.6602193678589443	0.6602193679813702	1.2242584723765049e-10	1.8543207481472288e-10	0.15338971529658318	0.021108113977937538	-0.19661152618131672	8.248540443120247e-18	8.979600552272776e-17	draw3327	kinetic_box
0.8382320773527732	0.005673193901795495	29.15438105233099	0.033144455867117485	0.03314445651631299	6.491955029108709e-10	1.9586850144649405e-08	0.001644398583017237	0.04794142289119768	-0.03977904473033195	1.0336003441564246e-18	4.1608224827464784e-16	draw3328	kinetic_box
0.09039861276939412	0.18129667651156212	0.5606769137067125	0.5395001838675508	0.5395001838330507	3.450018049022674e-11	6.394841285337335e-11	0.6735202450281057	0.3776272523013471	-1.157401475782864	-1.4336967824094147e-17	2.796770909310726e-17	draw3332	kinetic_box
1.9887558649787833	0.8199822141873435	-0.15396742455408613	0.7634319359374456	0.7634319359321186	5.327072116756426e-12	6.9777957484216235e-12	0.08426035621962386	0.01297335003914536	-0.03237809586887689	5.375019477644308e-19	6.3774352536468e-17	draw3335	kinetic_box
0.011487063522672194	0.0007142640594322963	2884.25859605651	0.00034658936337169673	0.00034658936336059314	1.1103585498967172e-14	3.203671743213582e-11	0.00048646693926368936	1.4030964512685964	-1.4035715090707397	4.096855795371781e-18	2.079809281156523e-18	draw3336	kinetic_box
0.4112129286304783	0.0029003483715429705	1.6247791694849796	0.3560214835100277	0.35602148236033	1.14969772591067e-09	3.229293126607059e-09	0.09264178955697813	0.1505224498959892	-0.10100618250849736	1.6242185890029304e-17	2.0735885235193506e-16	draw3338	kinetic_box
0.3570428305749799	24.52276425909331	-0.2260426161312518	0.7908141031121454	0.7908141030908011	2.134425969302356e-11	2.699023652916925e-11	1.9432566436978675	0.43925881555590185	-1.4881454960826122	0.0	2.182586963672473e-20	draw3340	kinetic_box
0.0003425093124913199	1.4804713293270093	0.0007885887198687906	0.7068280279487283	0.706828027958753	1.0024647778550388e-11	1.4182583856359722e-11	12.319998971570861	0.00971541221777588	-12.322334594605671	2.138864116462826e-17	3.8507970547993686e-20	draw3341	kinetic_box
2.373175029238793	0.4039315161513433	-0.11859700756732444	0.750191297005332	0.7501912970167895	1.1457501614131615e-11	1.5272773304213888e-11	0.6262274623684756	0.07426870309338048	-0.47439365152464064	-7.76719143196767e-17	1.141042531325599e-16	draw3343	kinetic_box
0.7849483731958045	0.05773394104789737	0.025479797438135363	0.6981563972383013	0.6981563971917706	4.65306682073674e-11	6.664791498657039e-11	2.407530389618519	0.061343386653634986	0.9667762079541331	-5.146938931730394e-16	5.721148825878181e-17	draw3349	kinetic_box
1.1039054320082047	0.0070435214034338875	-0.6323875002017761	0.9385890559716498	0.9385890582821369	2.3104871349488576e-09	2.4616599933283396e-09	0.5007111925087465	0.31664349935365654	-0.503348444146655	1.7268431231889905e-17	1.7287206678431914e-16	draw3350	kinetic_box
2.3257035846860465	0.5982942381873431	-0.14807036310683	0.7612140007170108	0.7612140007231036	6.0927929368403966e-12	8.004047391472884e-12	1.381972610168242	0.20462918619130527	-0.8296602983016206	1.493542308788633e-16	3.366593777591039e-17	draw3352	kinetic_box
0.2547433151109222	0.0020465293990318064	10.042429057011129	0.09019070965429274	0.09019070967140198	1.710924457665186e-11	1.8970074233795418e-10	0.0069224452030038726	0.06951816485221339	-0.07651791713276275	-1.2765264897204604e-17	2.166797347288998e-15	draw3354	kinetic_box
0.06823552206136882	0.0002170081265693247	852.5262335418312	0.0011716093463770855	0.0011716093476305822	1.2534966554317295e-12	1.069893013372378e-09	2.5007993963165934e-05	0.021319970901854713	-0.021328016089080488	1.8769184693102315e-20	4.120514646860331e-17	draw3356	kinetic_box
1.5998147741282642	0.04830470947337494	-0.15473161115481454	0.7637196385537617	0.76371964048587	1.9321083621903767e-09	2.5298660133464562e-09	0.06950759960948717	0.010755022875079708	-0.07701529845018579	-2.015895435850871e-19	4.641002900036525e-17	draw3357	kinetic_box
0.4855560309412851	0.12047944804572053	0.08023539650011696	0.6793283079495525	0.6793283079415218	8.030687226323607e-12	1.1821511237560423e-11	6.176252637735347	0.49555407927358874	-9.068821128335461	-8.104284897905711e-15	1.1734635457893954e-16	draw3358	kinetic_box
0.5527590479409591	0.021602656366749	0.30842183600973977	0.6072363254652532	0.607236325452585	1.2668199822485349e-11	2.0862058627740186e-11	0.04964923976671103	0.015312909685336802	-0.06133518361154439	1.2365768192218182e-18	1.9274038405594886e-16	draw3363	kinetic_box
0.3812377229223859	0.20351769516130605	63.27511909861163	0.01555623713452027	0.015556237132566595	1.9536750689441718e-12	1.2558789457215213e-10	0.0111767721104031	0.7072115864237969	-0.7183387576399283	5.837998212513871e-19	9.64114301442753e-19	draw3366	kinetic_box
1.7816594518083813	0.07857608279131001	2.3727211244721587	0.2842647759544849	0.28426477591829413	3.6190772600974697e-11	1.273136022008473e-10	0.056909315399737	0.13502993482820466	-0.08914011191474855	-2.2955590040923536e-19	1.4486746297742107e-16	draw3368	kinetic_box
0.051663758788207836	1.4247708568689188	-0.002288622454443899	0.7079163938420641	0.7079163938432063	1.142197447734361e-12	1.613463761636437e-12	1.9189925818704199	0.004391849512779916	-1.7384445934836363	-1.06112863113909e-16	2.131486753884703e-17	draw3369	kinetic_box
0.1365867212238868	0.7931886879572316	-0.06855809294021441	0.7317452713817374	0.73174527138969	7.952638547692459e-12	1.0868042280053617e-11	9.85246777460236	0.6754664013816559	-6.624421767427373	0.0	8.011263738974755e-18	draw3374	kinetic_box
0.18014085085057163	0.0010199363930148587	0.07191408935737421	0.6821530268693965	0.6821530275214299	6.520334272508421e-10	9.558462704768373e-10	0.09561034865483453	0.006875731156653474	-0.09890215357958748	2.3426400113848215e-17	1.0866624996529704e-15	draw3375	kinetic_box
0.1772887941148019	1.0636171818506104	-0.12244061221520228	0.7516225711403957	0.7516225711436826	3.2869262867052385e-12	4.373107478270366e-12	4.2314106770041695	0.5180965138263339	-2.6439826773338337	1.829044735888885e-15	4.05421452873017e-17	draw3376	kinetic_box
0.899868921898616	0.17283557188309456	-0.054092247601116035	0.7264822688814666	0.7264822688813264	1.4022116801015727e-13	1.930138890052703e-13	0.3711525281165107	0.02007647444865848	-0.3473519122210577	-4.3457505431300994e-18	1.676552438244671e-17	draw3377	kinetic_box
5.094843167399864	0.09236318618950043	0.05508839389322702	0.6879050779004201	0.6879050779817756	8.135547790999453e-11	1.1826555801663941e-10	1.0998085340734396	0.060586685732170215	-1.2913409436250465	4.654663833459879e-17	5.376972418325445e-17	draw3378	kinetic_box
0.540157021209152	0.0038702566726243693	-0.006609575361153876	0.7094474669149216	0.7094474674435346	5.286130422277324e-10	7.451052635828954e-10	0.6869094042964781	0.004540179473982889	-0.7084842968205401	3.4312411522189837e-17	2.3208624665844745e-16	draw3379	kinetic_box
0.5067717450427038	0.0010801269866347752	-0.3360743637907053	0.8331027435049543	0.8331027431936842	3.112701207896862e-10	3.7362753073701073e-10	0.029841118389534703	0.010028834877565992	-0.030079963850705473	7.939680050444948e-18	6.171667503739175e-15	draw3380	kinetic_box
1.181517277424676	0.05358275553628277	30.020566065795446	0.03221994083760843	0.032219940822613174	1.4995255037675292e-11	4.6540293541293705e-10	0.008354078042462965	0.25079415179257053	-0.08789744775163469	-1.3869267464334321e-18	2.229700500611566e-17	draw3383	kinetic_box
0.4665210431407609	0.0036648820947728666	30.262245569452666	0.03197111332263122	0.03197111324176676	8.086446096067235e-11	2.5292976303068413e-09	0.017963019743639543	0.5436013146509465	-0.4547754426131711	3.772089188255736e-17	1.128705920542676e-16	draw3386	kinetic_box
0.3979768955479619	0.03642113770982484	35.61045894155277	0.027304415002945222	0.027304415018482346	1.5537123670972264e-11	5.69033383811929e-10	0.05555815393362535	1.978451359521834	-0.5095097587433784	-1.5798535262428568e-17	4.696450139774619e-18	draw3388	kinetic_box
0.1843731263889438	0.01045769542688177	4.463275187640908	0.18004907225032768	0.18004907229762457	4.729688862781245e-11	2.62688877116955e-10	0.1542028844294224	0.6882499079364993	-0.8000633333587058	-6.609246169798593e-17	9.303792518697416e-17	draw3390	kinetic_box
1.1009288288416488	2.4204153954149046	-0.23670060908323481	0.794896998951675	0.7948969989604762	8.801182005413466e-12	1.1072103702647238e-11	0.2795415595518519	0.0661676574100007	-0.09232973689913362	3.593544365453773e-18	9.615565569481685e-17	draw3391	kinetic_box
0.0796379423013352	0.9425009804317147	0.053856666363299596	0.6883282686321929	0.6883282686474841	1.5291212740464744e-11	2.221500036677396e-11	13.143205454334357	0.7078492310983848	-11.967957779580377	-1.8287387452720853e-14	5.4511229776012194e-17	draw3392	kinetic_box
0.3164883853766635	0.0003670478111198666	39.51854763456586	0.024672543354495806	0.02467254244912589	9.053699144556671e-10	3.669544459483716e-08	0.03015715619668508	1.1917670136817422	-0.03419115647800408	1.3170537272165095e-17	1.4165932341780045e-17	draw3394	kinetic_box
0.8631238239386662	0.193658009120146	1.1449524463545664	0.42254615451135186	0.42254615446577165	4.55802062759858e-11	1.0787036112921962e-10	0.05795845625763879	0.06635967627911767	-0.08101342644502627	3.779536893036617e-19	2.3225785744279274e-17	draw3395	kinetic_box
0.041773377643019416	0.030376219525611908	3.2894654771403427	0.2270411479595912	0.22704114801131964	5.172842709733061e-11	2.278372336927735e-10	0.39648822017888496	1.3042343123712614	-1.7029936689488494	1.0325817858978348e-16	3.393408999942528e-17	draw3396	kinetic_box
0.19575695285446026	0.3811566120191857	5.142037402222381	0.1606964927438419	0.1606964927532745	9.432593595093408e-12	5.869819206058062e-11	0.07910162191357423	0.4067434984560522	-0.4556539892703647	4.9275709603127624e-18	1.3284402381903815e-17	draw3397	kinetic_box
0.1616996323460385	0.7268213317507138	-0.07336701727849997	0.7335020731488542	0.733502073142285	6.569189636707051e-12	8.955925112201773e-12	0.8337263782686548	0.061168017599977594	-0.5194934265277781	0.0	1.6488391275858738e-17	draw3399	kinetic_box
0.9499296557307674	0.048902379772731215	27.700864159860465	0.03482102694310687	0.03482102694165041	1.4564599526423194e-12	4.1827024661935136e-11	0.012861706487702844	0.35628038427985254	-0.36371474370467033	3.011809227143822e-18	2.1433692213538704e-17	draw3400	kinetic_box
0.6711234118701053	3.013090366897422	-0.28976489161272745	0.8152924924457744	0.8152924924504864	4.712008561114089e-12	5.779531400996256e-12	0.5056412831837332	0.14651709161665488	-0.3029995932617316	0.0	8.512324726240397e-20	draw3401	kinetic_box
0.49969762575085414	0.004096407206959729	7.211234677835254	0.12089117024370472	0.12089116996078804	2.829166761975088e-10	2.3402592289352064e-09	0.0426400789208691	0.3074876157798032	-0.05168227318284767	5.341554872181508e-18	5.478457746384527e-17	draw3405	kinetic_box
0.46013162572044775	0.0013387743139287446	85.97553136912492	0.011496727825481431	0.011496726662242333	1.1632390987947883e-09	1.0118002566896802e-07	0.0053394571028283315	0.4590626616383141	-0.04616668412015422	1.9132159203773455e-18	9.405769056083196e-18	draw3407	kinetic_box
0.7312417148022418	0.4824445881612436	-0.14459288230017375	0.7599079639403017	0.759907963903089	3.721267738399092e-11	4.896997946021875e-11	0.2413966026055585	0.034904230548207335	-0.026149512703618594	-2.1730788016326075e-17	2.56574619582007e-16	draw3409	kinetic_box
0.4310665112171473	0.03260783216059228	107.47654388892312	0.009218191102409543	0.009218191101273516	1.1360270363303115e-12	1.2323752283388513e-10	0.0023036064415263595	0.24758365881551375	-0.24989466041762734	3.8095400744869204e-19	6.021643441438541e-18	draw3410	kinetic_box
1.3539633492975378	0.007139662692707911	-1.1116843528682674	0.9938210473847529	0.993821047335736	4.9016901648712974e-11	4.9321657837815865e-11	2.272650091358287	2.526469546107646	-2.2642874071872723	-2.720782163529817e-16	4.5410690109661835e-17	draw3413	kinetic_box
0.5019001005185891	0.0026178254325425676	0.15798896002045335	0.6535894016439079	0.6535894061392443	4.495336436427522e-09	6.877921205885963e-09	1.016396673081058	0.16057945334832507	-1.0316215349704219	-1.69984753468577e-17	5.452213205747163e-18	draw3414	kinetic_box
0.018705256751650256	1.0877069234840224	-0.018888536030445546	0.7138161149940867	0.713816114975684	1.8402723789279207e-11	2.5780762584641412e-11	10.293789919523013	0.19443462178474757	-9.599174561616183	1.1415511409678479e-15	4.906766665344492e-18	draw3417	kinetic_box
0.39405309529879157	0.04304385164597601	-0.08981179376275118	0.7395360305928128	0.7395360305688432	2.3969604079354667e-11	3.2411678523516296e-11	1.9284329197246268	0.17319601967160828	-2.453912490222119	1.641209211316582e-16	2.6794256379142075e-17	draw3419	kinetic_box
0.019909497545787705	0.005238059167971669	655.3630327084174	0.0015235453392718626	0.001523545339349368	7.750527650229877e-14	5.0871657377388916e-11	0.002498978857128954	1.6377383624822461	-1.6395263055974596	2.1554051496166242e-18	8.069135309620077e-19	draw3420	kinetic_box
0.2363792489342754	0.04254235116107255	85.17306954861398	0.011603772259055024	0.011603772259779706	7.246824668127871e-13	6.245231728001399e-11	0.0029925371556966058	0.25488357528895844	-0.25750534524412044	5.370217473396197e-19	8.12202012955753e-18	draw3421	kinetic_box
0.01030077813347522	1.210059245387965	0.0021886675297451918	0.7063333942319894	0.7063333942258814	6.108002992277761e-12	8.647478715022295e-12	7.27384129118822	0.0159200202505435	-7.210761593582829	-1.0115985796484409e-16	1.7977568349966526e-19	draw3422	kinetic_box
0.018964587938607145	1.6664782596521552	0.033118153926285844	0.6954962117226389	0.6954962117724524	4.9813486668881524e-11	7.162294463392298e-11	5.811141469672966	0.19245427768005227	-5.916205889211204	8.330734985291698e-17	1.0912002015059153e-18	draw3423	kinetic_box
0.027132526778173613	0.00508659767190765	44.263009947075034	0.022087705570973136	0.022087705568881486	2.091649770052939e-12	9.469746703794275e-11	0.018775566425406745	0.8310630834497468	-0.8499442836831489	-2.418613937632548e-17	3.34512682686601e-17	draw3424	kinetic_box
0.049748614279052986	0.0018422779279272145	40.48769686222435	0.02409653251357477	0.024096532514802843	1.228073198689117e-12	5.096472689316166e-11	0.0022286041020683003	0.090231047310451	-0.09241404872386397	1.8812468550293422e-18	2.1987727338917535e-16	draw3425	kinetic_box
0.016646837185088095	0.7897757883864437	0.07652443683126911	0.6805863705557915	0.6805863706222364	6.64448496223713e-11	9.76288278615146e-11	2.623322834877143	0.20074830256558177	-2.746106343242859	0.0	2.6797896035095373e-18	draw3426	kinetic_box
0.4550029628845911	0.12109029429448467	8.844835377071945	0.10105610610487102	0.10105610608349673	2.137429122583967e-11	2.1150915124494652e-10	0.0496566691748667	0.4392050642254189	-0.4675891731603757	7.765125305177213e-18	3.634655144133852e-17	draw3428	kinetic_box
0.42236894559532673	0.02342399408216246	0.06792695535867793	0.683511195049002	0.6835111949130291	1.359728996064291e-10	1.9893295182053379e-10	1.0090908932283655	0.06854447205717162	-1.155371082300094	1.7436528527084563e-17	1.501916057858925e-16	draw3431	kinetic_box
0.22475525188274814	0.0024991004985153013	-0.25324601437597616	0.8012466810274238	0.801246680251989	7.754348274602307e-10	9.677853856646988e-10	1.0902008218441321	0.27608901300144006	-1.1176309512315155	2.0872790396085416e-17	1.4238232266808004e-16	draw3432	kinetic_box
1.987864142577405	0.12388854230390597	0.041826441282340046	0.6924765521353455	0.6924765521310169	4.328648550711023e-12	6.2509676860394844e-12	0.19861826488751028	0.008307495193917712	-0.25437960184984865	1.8374153293834205e-18	7.592612589793963e-17	draw3435	kinetic_box
0.5030356650599981	0.14501218532935745	0.04350367435488129	0.6918965793932421	0.6918965793889651	4.277023180065953e-12	6.181593185275063e-12	2.585281622201839	0.11246924980792804	-3.536806480862751	-2.1722396366053146e-15	1.3215640753755724e-16	draw3436	kinetic_box
0.4723621500265446	0.21096376067620295	0.24472451142273344	0.6263054569939088	0.6263054570168443	2.2935431331916334e-11	3.662020037500566e-11	0.22186966658410695	0.054296945754320335	-0.2942873180547406	2.8637076490383586e-18	1.8978865599017282e-17	draw3437	kinetic_box
0.416284386846503	0.08662202656797116	1.5450342762765559	0.3657046789565019	0.3657046788916225	6.487937964649859e-11	1.7740921402245926e-10	0.22939136931693346	0.35441752827667644	-0.6116861496076677	0.0	9.036056617117445e-18	draw3440	kinetic_box
0.18938584877840847	0.057526358668759436	7.186840985596261	0.12124609241023715	0.12124609240293144	7.30571159124338e-12	6.025523335601326e-11	0.0683347341562803	0.49111086817418004	-0.5494898233766241	-1.979004443042845e-17	6.220766686288056e-17	draw3442	kinetic_box
0.7436593458863643	0.008213785905313749	5.500301743110747	0.152050289663201	0.1520502889710108	6.92190194051534e-10	4.55237670862634e-09	0.0022438693053903986	0.01234195825175151	-0.01401385389135375	-2.3387662085638653e-19	1.0662034374676492e-15	draw3444	kinetic_box
0.4190060644981397	0.38373421310684325	0.26048953626027327	0.6215096968798676	0.6215096969019365	2.20689022611964e-11	3.5508540528336264e-11	0.3697889413710506	0.09632614985192238	-0.46647948467651895	4.0429019907311594e-19	1.025466931124822e-18	draw3445	kinetic_box
0.38211849847529644	0.0016510047401867582	120.11447529853646	0.008256370123588274	0.008256369960170654	1.6341761971405688e-10	1.9792913895864125e-08	0.0008646913575060734	0.10386194870202127	-0.09025524022261576	-1.1246547866764527e-18	1.0276445263957717e-16	draw3447	kinetic_box
0.17934838236395428	0.10637399153730492	4.761409057454964	0.17101180789339657	0.17101180795510654	6.170997046694993e-11	3.6085210258200313e-10	0.2379359147316235	1.1329102194969844	-1.386304673040739	4.73819852744464e-17	2.3992281592141623e-17	draw3449	kinetic_box
0.05595155512641985	1.7341401395908684	-0.006619200226681807	0.7094508815470534	0.7094508815448053	2.2480906025634795e-12	3.1687755432318842e-12	1.5396496910946114	0.010191249584304025	-1.4314731911798082	-2.1326161637932877e-17	1.726538245569561e-18	draw3451	kinetic_box
0.09819918373342014	0.12111283054476067	48.969442486531655	0.02000822434645905	0.02000822434054409	5.91495949442411e-12	2.956264081085e-10	0.005448849231715835	0.2668271090702908	-0.26943607436732125	6.1501667149492815e-19	8.173490102672502e-18	draw3452	kinetic_box
0.3417071348723816	0.006949449295833632	13.655989191006897	0.06807321625813754	0.06807321669952666	4.413891196985986e-10	6.484035000826804e-09	0.07778359809718007	1.0622119748527155	-0.13142913554069008	-4.474086620511193e-18	4.75719198111832e-18	draw3453	kinetic_box
1.7360073384372052	0.4775130199119299	-0.11564516941068353	0.7490934152244904	0.7490934152541852	2.9694802172741674e-11	3.964098678222331e-11	0.28407350650830926	0.032851728785240335	0.18502910132380723	5.214091312251234e-18	7.380782906070924e-17	draw3456	kinetic_box
0.17811829323359962	0.18125370453140502	8.743812940737241	0.10209297602583586	0.1020929760386157	1.2779832747611408e-11	1.2517837410065858e-10	0.0871905058724661	0.7623774735570955	-0.8440252679085968	-5.703704489910528e-18	8.832251044979519e-18	draw3457	kinetic_box
0.06460370160268915	1.4928806644827328	-0.17638836124114937	0.7718990881337914	0.7718990881252771	8.514300375850326e-12	1.1030328325078262e-11	2.5217535120090355	0.4448079694373869	-1.8686138746930177	6.976852094011766e-17	7.489187119230727e-18	draw3458	kinetic_box
2.4002336859370836	0.028385809209565356	0.027250585505450325	0.6975387364136231	0.6975387363952523	1.8370749366170003e-11	2.633652929600232e-11	0.7653719962200981	0.02085683502647298	-0.7982769400890256	0.0	6.059501767779545e-17	draw3459	kinetic_box
0.0008778466342497703	5.888398133915848	0.00033991888054092493	0.7069866119268299	0.7069866119283584	1.5285550603039155e-12	2.1620707302146333e-12	147.77930270758125	0.050232975143479484	-147.7829364528485	1.0257734134289936e-15	1.3696369841287697e-20	draw3460	kinetic_box
0.2774002912319903	0.08135655446225147	11.899162076346096	0.07729249809469779	0.07729249809506894	3.7114755713218983e-13	4.8018574412704625e-12	0.010516955738067258	0.1251429608770204	-0.1271428727687929	7.446642391962898e-19	4.695271216500008e-17	draw3461	kinetic_box
1.368280563186415	0.05855205818160914	11.458693234812948	0.08000792773889266	0.08000792767573658	6.315607758988762e-11	7.893727462340022e-10	0.017197452674694604	0.19706033461953892	-0.06687791418617542	-1.0441303427059615e-18	5.738204154541532e-17	draw3462	kinetic_box
0.24701888740147887	1.0765304647784744	-0.039746801063823875	0.7212960751093614	0.721296075103814	5.54745138714452e-12	7.690949082658036e-12	0.06207886707696172	0.0024674363799755627	-0.051451085147978366	5.342902956990717e-20	1.3144533449271912e-17	draw3463	kinetic_box
0.2964654982090557	0.002746369328751167	0.6873814722965991	0.5098288931781063	0.5098288928641309	3.139754012337903e-10	6.158446600974899e-10	0.07374170551250973	0.050688682104851175	-0.0771478421868814	1.6680820298725849e-18	1.3003536548692973e-16	draw3464	kinetic_box
0.0015747533650403978	5.241938028172234	0.00555965672173467	0.7051438853196095	0.7051438852929832	2.6626256754980204e-11	3.776003353403135e-11	48.555483303531894	0.2699518191255566	-48.80694430563668	0.0	5.049229792487551e-21	draw3466	kinetic_box
0.1468762768414943	0.015084644317605669	1.4617717114201862	0.3763464367086006	0.3763464368352202	1.2661960369086955e-10	3.364442739398348e-10	0.49845491892910065	0.7286272999088017	-0.15005374670058758	-6.524062245278179e-17	1.25641882016502e-16	draw3467	kinetic_box
0.15220166582325648	0.044529599813929906	2.183380592034695	0.2996926609899537	0.2996926610166677	2.6714019885076823e-11	8.913805161078368e-11	0.330987724073471	0.7226721729437514	-0.590710764135375	6.698527886440255e-17	1.0300284655403321e-16	draw3468	kinetic_box
0.16806001663044162	0.07221202747187865	17.06452407117365	0.0552724944589305	0.055272494492053514	3.312301127822437e-11	5.992675304890833e-10	0.10798921687447077	1.8427845907815983	-1.6014734602057699	4.259975886963852e-17	1.135282075660541e-17	draw3471	kinetic_box
0.5090402550542297	0.0006199761743179372	0.3166603045343072	0.6048295021880019	0.6048295000001236	2.187878322956749e-09	3.6173472407617385e-09	0.6053145837908254	0.1916791004422602	-0.6092069087693679	-1.194912395453623e-16	8.213947305109877e-17	draw3472	kinetic_box
3.972199492718171	0.016016985372414045	0.04559361618871785	0.6911746304729646	0.6911746308042902	3.3132563359572487e-10	4.793660224626235e-10	0.9178639852103114	0.04184873825512594	-0.928778438074074	2.0712978849958292e-17	6.89927396837439e-17	draw3475	kinetic_box
0.3825716514572171	0.0382409500868036	12.617384502461348	0.07323832764534181	0.07323832762897785	1.63639657380088e-11	2.2343445389561505e-10	0.009107647685204369	0.11491469275717556	-0.12430168612064062	-6.821425458622707e-19	4.2807207739189175e-17	draw3476	kinetic_box
0.10591672479991968	0.03981724303526222	62.56333582959994	0.0157303932725072	0.015730393263024504	9.48269587852657e-12	6.028263705788192e-10	0.05454118412918942	3.4122784192185245	-2.433094817724646	0.0	7.531375770786038e-19	draw3477	kinetic_box
0.12314606563616252	0.018371487478773638	583.5086928223238	0.0017108360382047346	0.0017108360385376315	3.3289690448690124e-13	1.9458141925245564e-10	0.001921064841277389	1.1209580343606942	-1.1137507655749128	1.9316198426383383e-18	1.5566578090386893e-18	draw3479	kinetic_box
0.21954745431981873	2.7081312447247068e-06	-1.108902168691338	0.9941223179140348	0.9941223874262065	6.951217168538193e-08	6.992315288799569e-08	1.0776331677141202	1.1949897567319043	-1.0776282396541241	-3.1598402323296965e-17	5.0158702033936895e-17	draw3480	kinetic_box
0.7225951166359814	0.16835612261322502	-0.024318463568426138	0.7157562670757642	0.715756267110746	3.498179523830913e-11	4.887389303556953e-11	1.079023893495827	0.0262402032434396	0.26380548679990956	2.093453305276698e-16	7.90734272992485e-17	draw3481	kinetic_box
0.06331373553474692	0.15205642379906154	22.754017882395146	0.042060886466840884	0.04206088646949894	2.6580543321941263e-12	6.319539494541212e-11	0.01643728853011535	0.37401435715233317	-0.3907272980278668	-1.9044691983695229e-19	1.2027928650443638e-18	draw3482	kinetic_box
0.13577242952987323	0.08336618504099697	181.03244266733236	0.0054934433455675075	0.005493443345996037	4.2852960763228864e-13	7.80074682930202e-11	0.00149566592170241	0.27076405522007435	-0.2715397217846429	1.4713844222049472e-19	1.918353213326586e-18	draw3483	kinetic_box
0.9513663846075076	0.7153226369163442	-0.020777144189860035	0.71449035734173	0.7144903573468151	5.085043497388142e-12	7.117021867546144e-12	0.5898457618390347	0.012255310443507464	-0.5221327659222991	-1.2228754259400078e-17	2.439547183646534e-17	draw3484	kinetic_box
0.09723298873456508	0.03739238462043919	187.0747807235147	0.005316958824656543	0.005316958823653204	1.0033389050145836e-12	1.8870541192666302e-10	0.0025287507412569687	0.47306549042507273	-0.475500009267921	-5.734571291681153e-19	2.526418171312248e-18	draw3486	kinetic_box
0.046144734585507316	2.6254854578151745	-0.061323187173105254	0.7291089407311301	0.7291089407546115	2.3481439015426986e-11	3.220566598884965e-11	1.8763002774994877	0.11506071311005041	-1.6840537788035688	5.203533628676108e-17	9.205381596832423e-18	draw3488	kinetic_box
0.29691390649802707	0.013032484977162152	192.56733060484774	0.005166092084199098	0.005166092090708284	6.5091864190347515e-12	1.2599826531823061e-09	0.0016808651654819384	0.32367971802353257	-0.31403506306529005	1.108071681698543e-18	1.0820749714512117e-17	draw3490	kinetic_box
0.08111266169133634	0.8212980297690172	0.26459156689135743	0.6202700809808155	0.6202700810188169	3.800137982068463e-11	6.126585979814783e-11	0.4691588767748988	0.12413548232685975	-0.5411436786125684	1.2283104237201483e-17	2.176094125049762e-17	draw3493	kinetic_box
1.4701223753345296	0.01628257845016266	0.4721543986114834	0.5619007497726173	0.5619007490090681	7.635492238478037e-10	1.3588684926908353e-09	0.1277115989236667	0.06029959318551482	-0.1746996303340152	5.7690089480056016e-18	1.170874946434386e-16	draw3495	kinetic_box
0.042098536216917004	0.12222974381653806	49.10866761083832	0.01995265437461656	0.01995265437391576	7.008005287190144e-13	3.512317286642201e-11	0.20131717233984237	9.886418100791172	-10.07523654402923	-1.221645199532077e-16	8.899063753264784e-19	draw3496	kinetic_box
0.8904978018083076	0.05177949527271998	13.537295634074953	0.06862641127186837	0.06862641125832254	1.3545831123451535e-11	1.9738510108684707e-10	0.07456437478981794	1.0093999852997309	-0.26855289778896946	0.0	1.6753316671701043e-17	draw3497	kinetic_box
0.6423652533866069	0.00013923252957474998	0.2791446684553597	0.615899555436368	0.6158995818640698	2.6427701804720982e-08	4.290910821003549e-08	0.7781278434731207	0.21721023888218827	-0.7796144987527132	5.400353242320337e-17	3.862530471160601e-17	draw3500	kinetic_box
0.07510345388211538	0.00491404811298906	794.6175892594283	0.0012568842341759848	0.0012568842413998196	7.22383481158162e-12	5.747414577762767e-09	0.008452590472129727	6.716577063960938	-5.287439938805583	1.8326342083984987e-17	6.309508605898617e-19	draw3505	kinetic_box
0.012112939871205328	0.005164283081027858	209.1059140915822	0.0047594503847151765	0.004759450385180461	4.652840612795472e-13	9.776004026185587e-11	0.001023147072064444	0.21394610375416143	-0.21483741604174555	-1.951049355655566e-19	4.215842745924953e-18	draw3507	kinetic_box
0.001958231696301785	0.8631933860904575	0.03682165274626213	0.6942102784380884	0.6942102784274095	1.0678902206961993e-11	1.538280624590124e-11	17.576687705965377	0.6472026911385518	-18.1817010608891	-2.5290655723645383e-16	3.8681382275717295e-19	draw3512	kinetic_box
1.1114284224023883	8.696042177156468	-0.005455853263424021	0.7090383403623396	0.7090383403625362	1.9662049766111522e-13	2.7730587539255183e-13	0.6751557351550147	0.003683550620964931	-0.6518994969465222	0.0	2.0434357776548064e-18	draw3514	kinetic_box
0.48220908975113613	0.16793554408889133	0.31980791145196596	0.6039135230521582	0.603913523164542	1.1238387997991595e-10	1.8609267000847716e-10	1.5408815443622461	0.49278610849736987	-2.486398728656269	8.238879132566646e-16	1.233372218873208e-16	draw3515	kinetic_box
0.25922168322328804	0.08523919442541054	0.3737013864869795	0.5885351875430729	0.5885351875328544	1.021849271864994e-11	1.736258584892089e-11	0.6346521842340623	0.23717040118525903	-1.0660431188947581	-8.59445004084204e-17	7.701776442096593e-17	draw3516	kinetic_box
1.1320023471399023	0.01731400022138161	0.14561186977254106	0.6576063864158297	0.6576063919283812	5.512551526365428e-09	8.382752348559578e-09	0.013824513115537644	0.0020130132034484535	-0.015461155354181133	2.0864744688324012e-20	5.610406989893104e-17	draw3521	kinetic_box
0.6615906078178031	0.008852356234904024	97.8173293061362	0.010119164320971609	0.010119164391171177	7.019956838050234e-11	6.937289055383905e-09	0.0004436455976379164	0.043396227519365664	-0.03206443845712661	-6.370059237494662e-20	3.301661119041689e-17	draw3522	kinetic_box
0.6004945122692709	0.0037889502598784036	20.59643298222665	0.04625438366482474	0.04625438349229586	1.7252888007135425e-10	3.730000640914189e-09	0.00582516366316991	0.11997759299898095	-0.011883538455744865	4.2085422680751255e-20	7.531690185143468e-18	draw3523	kinetic_box
0.2770587634442982	1.0460941505556027	0.56862753203061	0.5375573189646161	0.5375573190123961	4.778000217697809e-11	8.888354876231585e-11	0.9755271100566448	0.554711573020463	-1.5086455098144733	-5.30782448107932e-18	1.5123593419091136e-18	draw3524	kinetic_box
0.0077190227743410104	0.000735070395810649	1676.9197793904007	0.0005959759427152073	0.000595975942765052	4.9844676996979587e-14	8.363538428367326e-11	8.907857192184225e-05	0.14937761917558762	-0.14946567299764885	1.781140153465417e-20	7.973899765163275e-19	draw3525	kinetic_box
0.012218193915141954	0.03659685543829563	0.2821041290810489	0.6150160366714945	0.6150160367075171	3.6022629323895217e-11	5.857185369790036e-11	0.5772769973923813	0.16285222458790066	-0.7099557574714832	1.2822732323233539e-17	1.4645894925681054e-17	draw3529	kinetic_box
0.005471849400220731	0.08550439523374907	31.250059968087598	0.030992798419889174	0.03099279842653268	6.643505190417898e-12	2.1435641593211047e-10	0.7787194246853008	24.33502871973032	-25.11678748976817	2.6139016129968336e-16	4.358319834788506e-19	draw3530	kinetic_box
0.21016453016441805	0.021874024466857243	13.850694929291237	0.06718477192191963	0.06718477185145383	7.046579986180745e-11	1.048835888251701e-09	0.012589310786012256	0.17437070306709138	-0.17054811150809868	8.195717382702816e-18	2.337354947128854e-16	draw3531	kinetic_box
0.3376901309393798	0.3452658163541883	0.23349372115241462	0.6297525454252187	0.6297525454468822	2.1663448812603292e-11	3.439993846667276e-11	0.34084010353151606	0.07958402409154794	-0.05871209017660092	-8.288599931600819e-18	1.3697497017005132e-16	draw3532	kinetic_box
2.8561984022603606	1.3641456793381426	-0.37242789892144035	0.8470177040011879	0.8470177039693287	3.185918195924842e-11	3.761336015758422e-11	0.1155368397367007	0.04302914247116262	0.020850650429484016	0.0	3.1754636152544643e-17	draw3533	kinetic_box
0.06676832220150568	0.11795388262856991	558.6850369348018	0.0017867163456143534	0.0017867163454962386	1.1811471939404683e-13	6.610714660543496e-11	0.006873509049955528	3.8401266574460986	-3.820826486993284	4.141667223136699e-18	3.1481175432272404e-19	draw3537	kinetic_box
0.4811003848019727	0.31107174764101764	-0.0755752509131174	0.7343099702931242	0.7343099702977997	4.675482223603922e-12	6.367177912221154e-12	0.6332535123281454	0.04785829308581247	0.02097703454033356	-2.5224853537766882e-17	8.868514957024e-17	draw3539	kinetic_box
2.1015887601471706	0.0418391903707686	0.17144688554495108	0.6492565083079994	0.6492565082805728	2.742661653343248e-11	4.2243113751861244e-11	0.3886764126021852	0.06663736042542903	-0.4244450455859799	0.0	9.315502454087695e-17	draw3542	kinetic_box
0.6532308184916078	0.07193163480105834	18.432316476993165	0.05139266465825513	0.0513926646390018	1.9253328098489675e-11	3.7463183187194303e-10	0.12882334705878376	2.3745127026130284	-1.4940625618041596	9.622953832361903e-17	2.1862559672125952e-17	draw3543	kinetic_box
0.005934554919224054	0.0037478977524773994	4016.812073125383	0.00024889167314104095	0.0002488916730862888	5.475215550040935e-14	2.1998387821286092e-10	0.0028200992964830134	11.327808901525367	-11.330435931464196	-8.906236853689983e-18	6.956525366593004e-20	draw3544	kinetic_box
1.4104212299010812	0.27253566713900745	-0.18522472678979923	0.7752499967335379	0.7752499967159698	1.7568058119366015e-11	2.2661152136453945e-11	1.935621441634942	0.3585249526953095	-1.1604263560575512	9.477012673243366e-16	1.557270818268106e-16	draw3545	kinetic_box
1.1322012274866167	0.006302537997663783	-0.06454812190713473	0.730283070333089	0.7302830694090063	9.240826992495954e-10	1.2653760410979056e-09	0.24212904844602187	0.015628975336352352	-0.24948611579425842	2.2221836859426605e-19	7.198694952002814e-17	draw3546	kinetic_box
0.03858805021916771	0.5613338151517328	0.05981968695476814	0.6862821923257689	0.6862821923486624	2.2893464901585503e-11	3.335867542072924e-11	0.17652090055442443	0.010559425012139429	-0.17546551331993837	3.238745820754029e-19	4.569754885505563e-18	draw3549	kinetic_box
1.2515437998846652	0.05977474225153681	1.785816916546135	0.33785372674785236	0.33785372730626295	5.584105955414032e-10	1.6528176261178446e-09	0.007817393300705718	0.0139604331996947	-0.007297178738082279	-2.3325933788318303e-20	8.776302301503847e-17	draw3550	kinetic_box
0.41393864937841907	0.022933447683361235	0.21891777868012238	0.6342644269361519	0.6342644266461326	2.9001934187533607e-10	4.5725304729590805e-10	0.2135835181463954	0.0467572293552945	-0.0062552671571352025	1.874447382219695e-17	1.143469843376972e-16	draw3556	kinetic_box
2.262030492767406	0.16791870241407356	0.04687920474334867	0.6907309436450606	0.690730943648106	3.045452778849267e-12	4.409029024767099e-12	0.5794996358118204	0.027166482075918322	-0.7487368852259967	0.0	2.0165010496015663e-17	draw3557	kinetic_box
0.1392936998786564	0.001780047243464404	255.3760536815401	0.003900490621202565	0.003900490621872475	6.699098741014264e-13	1.7175015633798105e-10	0.0029650456074654203	0.757201646220304	-0.7528423865151822	-2.0049157269518054e-17	3.474500450987506e-17	draw3558	kinetic_box
1.1389585280553518	0.0012972358605352256	0.09493231964207341	0.6743720319909092	0.6743720355914199	3.6005106673897558e-09	5.339056896438672e-09	1.0217612131371816	0.09699816208341161	-1.0267664587794654	3.229636388199976e-17	5.2263449929257196e-17	draw3559	kinetic_box
0.10059133116738384	0.4691866426550766	0.20163368210444557	0.6396703131499903	0.6396703131510636	1.0732525979051388e-12	1.6778214899769486e-12	0.5206325768154759	0.10497706348683003	-0.6281085022863395	2.1704943135171787e-18	3.3736455334936185e-18	draw3560	kinetic_box
0.6188435984014271	0.03133198525897493	0.6293452442185171	0.5230825309946139	0.5230825309766651	1.794875359450998e-11	3.431342576284713e-11	0.017319317731101038	0.010899830247177876	-0.028138287836307185	-4.2641684533722657e-19	3.882982097391706e-16	draw3561	kinetic_box
0.5357555338385629	0.016342378249928367	167.61431858908713	0.005930590140398163	0.005930590131747143	8.651020004524224e-12	1.4587114962159164e-09	0.0022174389511242136	0.37167451880558516	-0.3140084028212447	-7.596546061726448e-18	5.576678108272988e-17	draw3562	kinetic_box
0.45006575649869063	1.1749300230182185	0.10684630951428431	0.6703851398836834	0.6703851399118702	2.8186786238393324e-11	4.204566086011214e-11	0.07689477188019453	0.00821592259634155	-0.06665900356409753	2.8842971804424165e-19	2.684568247789052e-17	draw3566	kinetic_box
0.40453365896294935	0.02448101885258582	8.989397337019398	0.09960828448075125	0.09960828412173373	3.590175240431037e-10	3.604293831669057e-09	0.05518057931413263	0.49604015274165153	-0.11092603017132271	3.499155382298545e-18	1.1893687187259763e-17	draw3568	kinetic_box
0.2432305994599326	0.15955220946174933	0.41185692121997003	0.5779922002532288	0.5779922002790656	2.5836777162169255e-11	4.470090971763074e-11	1.4089713664083787	0.5802946090560491	-0.9219240742710922	-7.453211503371799e-16	9.38666984191548e-17	draw3569	kinetic_box
0.1297390199616949	0.023650839404497692	22.268839436441237	0.042936297471436395	0.04293629747599221	4.555814059337138e-12	1.0610635586090106e-10	0.002060135066051128	0.04587681700327484	-0.047503929814028484	5.172288227493956e-21	2.749530502271882e-18	draw3571	kinetic_box
0.7722556615860231	3.7134299082585285	-0.261416746814003	0.8043864784710107	0.804386478477195	6.1842753140695095e-12	7.688189047853119e-12	1.2471870250898904	0.3260355747676335	-0.6262282725858073	-3.37791293891858e-17	1.1070670028875272e-17	draw3572	kinetic_box
0.3060175561761785	0.3903713612213944	0.032031614485139324	0.695873962295777	0.6958739622919594	3.817612892476063e-12	5.486069459909399e-12	0.7894041959581355	0.025285890877882376	-0.5229549595570302	0.0	3.7477682807410404e-17	draw3573	kinetic_box
0.03374797492800739	1.6770697947653377	0.044074321540184695	0.6916993742271733	0.6916993742448322	1.7658874362780352e-11	2.5529695443283518e-11	1.8281830312490566	0.08057592675358043	-1.9013435164969001	-1.3244567401183058e-17	2.000425165827137e-18	draw3574	kinetic_box
0.11440197024305328	0.0056624064591906265	722.3528175720423	0.0013824499191363894	0.0013824499194904408	3.540514235955694e-13	2.5610433955254577e-10	0.0015910230343682398	1.1492799716979185	-1.15076578489433	-1.601264027124556e-17	1.2091030985322679e-17	draw3576	kinetic_box
0.7788824933939731	0.00011597068203262824	17.724741830828993	0.05332930694580991	0.053329279011215605	2.7934594304390714e-08	5.238134627418426e-07	0.012281689172763914	0.21768976983372856	-0.012657972325074365	3.970181947476103e-18	7.067127915135183e-17	draw3577	kinetic_box
0.39561019824041804	7.045612646351305	-0.27901121127117584	0.8111538461424346	0.8111538461459749	3.540279180924699e-12	4.364497804880767e-12	2.6743959150392027	0.7461864436737726	-1.7802469605666724	0.0	1.315545196560478e-18	draw3579	kinetic_box
1.101685692425816	0.028214721302485198	0.38557093723301294	0.5852250945620444	0.5852250946145354	5.2491011537370014e-11	8.969371276182845e-11	0.4273684731008076	0.1647808627173201	-0.4942488378406109	7.756621080647641e-18	9.494703390021225e-18	draw3586	kinetic_box
0.6691529538246945	3.6238675051592804	-0.2976469071809619	0.818326257926945	0.8183262579850582	5.8113180934071806e-11	7.101468438415048e-11	0.3372702849190427	0.10038745719019486	-0.19556826260733334	-3.4860564665459135e-18	2.0762001022561563e-17	draw3587	kinetic_box
0.9970340788241655	0.0005120978460209547	-1.1278389622239529	0.9919274118330214	0.9919274127147182	8.816968266600611e-10	8.888723260979584e-10	1.2390631484415326	1.3974636954682418	-1.238781024756592	1.0949740370670936e-18	1.656508543604757e-17	draw3589	kinetic_box
0.5161418706523003	0.00011298233847117199	-0.005343422731384439	0.70899850897079	0.708998483288127	2.5682662996295846e-08	3.622386168893788e-08	0.8136857977454199	0.004347867187877557	-0.8143121255861664	-1.8645250272982466e-16	1.176175505402728e-17	draw3594	kinetic_box
0.8099022676258764	1.7623580022617065	-0.11577222599082945	0.7491406478222173	0.7491406478188111	3.4062752618524428e-12	4.5469102120811536e-12	2.831826746704194	0.3278468860863133	-2.359706210308207	3.140050744014952e-16	2.8321174763011105e-17	draw3595	kinetic_box
0.3487484993241886	0.004360064638483449	8.877592033427703	0.10072438423837976	0.1007243834422342	7.961455661398276e-10	7.904198952941916e-09	0.012243161585168067	0.10868979375245616	-0.11073276165946787	2.3365621084322702e-18	1.578203738378353e-16	draw3598	kinetic_box
0.49421528247261737	0.2299523909401654	0.26868107847284883	0.6190376291094069	0.6190376290892273	2.0179524717889308e-11	3.2598219832902365e-11	0.09762406700290711	0.026229739607246734	-0.13495215392695897	-2.558527137755599e-18	1.025435403488023e-16	draw3599	kinetic_box
0.012277724568629229	1.2891856949738663	0.006177001686574388	0.7049262640910584	0.7049262640966881	5.629718913269244e-12	7.986252179840852e-12	10.647002690266492	0.06576655357473817	-10.584232245864358	2.9731766707961153e-16	1.7001450794334782e-18	draw3600	kinetic_box
0.026609171041029073	0.05166317611208598	23.603436976699342	0.04061119696937124	0.040611196963863776	5.507462541576302e-12	1.3561438601469675e-10	0.028430908594057235	0.6710671591901296	-0.6999383466013718	5.307630781397247e-19	1.0095132402761956e-18	draw3603	kinetic_box
0.5804652556666743	0.05800136687163362	0.2377656227809635	0.6284383537877762	0.6284383551465135	1.3587372338363934e-09	2.1620851475871787e-09	0.36532775079397817	0.08686238018669888	-0.5279315869274863	0.0	7.259538527919839e-18	draw3605	kinetic_box
0.2976367156041039	0.004116521579024415	71.49080665855048	0.013793540332877498	0.013793540321700682	1.1176816416824664e-11	8.102935255309866e-10	0.0005687927286074982	0.04066345098966803	-0.041054253097219585	-1.1892082933052556e-19	6.981653256694291e-17	draw3608	kinetic_box
0.03738502931837518	4.365219978538996	-0.0017550441415694518	0.7077275550202515	0.7077275550058661	1.4385381774673078e-11	2.0326157534665783e-11	0.6405047354434248	0.0011241140835874742	-0.6305389953239628	1.1109941680991972e-18	2.7888255763107466e-19	draw3611	kinetic_box
0.24281488209849555	0.5204625110505996	0.2747139142859335	0.6172256782425335	0.6172256782617207	1.9187207378479343e-11	3.1086210529211715e-11	0.811165054036439	0.2228383271263109	-0.7907445420518989	0.0	7.441223835140333e-18	draw3612	kinetic_box
0.6412570375640108	1.3617176129785844	0.02504564438873152	0.6983079198411036	0.6983079198406044	4.992672941739329e-13	7.14967251535534e-13	0.548521587177174	0.013738076611982095	-0.5704630539155348	9.75254249175006e-19	6.211914836000674e-20	draw3613	kinetic_box
0.22057851200557504	0.42030213285892776	0.018358044351294452	0.7006462861719033	0.7006462861766116	4.708344825132826e-12	6.720002543403186e-12	3.9432554844778385	0.07239045907252926	-1.0816867993973336	0.0	1.874300142583428e-17	draw3614	kinetic_box
0.18626192028542252	3.283314969360469	-0.1898742482095082	0.7770160856138426	0.7770160856226961	8.853473509873311e-12	1.1394195916521071e-11	10.677880576543938	2.0274545469421903	-7.955605414857482	-1.183094975860625e-15	6.7876571929588525e-18	draw3615	kinetic_box
0.5040401539384225	0.0031848267472240946	5.0582823565454476	0.1628595706037897	0.1628595699297296	6.740600855259515e-10	4.138903755037508e-09	0.009791632734114751	0.04952884310074554	-0.06012026917992297	-1.1287629174785585e-17	3.1211348045023035e-15	draw3616	kinetic_box
0.16412117872228707	0.1301207300199817	12.133454032383	0.07592167166055537	0.07592167165687384	3.681527305232635e-12	4.849112545718445e-11	0.12558530339848595	1.5237835059284017	-1.5935111161972288	3.2281118942752486e-17	6.898677207164565e-18	draw3618	kinetic_box
0.21740573472510058	0.2157326081380085	0.1618306856582724	0.6523488177752491	0.6523488177790548	3.805733506112574e-12	5.833893466794853e-12	0.9012116313375595	0.1458436962225675	-1.158023715223566	-1.5840735791979904e-16	8.300781280573631e-17	draw3620	kinetic_box
0.8105128025884947	0.0001930083435042932	-0.05909305277466973	0.7282980989172702	0.7282979518244643	1.4709280582447803e-07	2.0196789714428663e-07	0.08259388781192276	0.004880724971335103	-0.08280067076599912	2.907640671753716e-18	2.822714684695089e-16	draw3622	kinetic_box
0.4842086200459669	0.6038856272022006	0.9008467798083014	0.4655839370370459	0.4655839370317845	5.261402424849848e-12	1.1300652806865762e-11	0.1929795217738014	0.173844980758875	-0.3798743776527536	6.3465775823209365e-19	2.361829039417022e-18	draw3624	kinetic_box
0.09854468767129843	0.18290745357070362	44.20595135467521	0.02211557087153662	0.022115570868296974	3.2396481330909666e-12	1.4648720362606847e-10	0.05726775276658577	2.5315754929912573	-2.564283206022106	1.7729303970805942e-17	2.2034235379270455e-18	draw3625	kinetic_box
1.0778737827456975	0.03823083015618218	0.48457178681354995	0.5586720006316532	0.5586719995826512	1.0490019963782515e-09	1.877670613816148e-09	0.012650780671079944	0.0061302113943715285	-0.01760722782661872	8.608674149718059e-20	1.5166558852400039e-16	draw3627	kinetic_box
0.9525831142474157	0.13339984046342715	-0.06861700399598628	0.7317667713798554	0.7317667713550219	2.48334686148155e-11	3.393631630585118e-11	2.9870084430798105	0.20495957027485212	-3.33524299163834	4.868747417117961e-15	2.6060823636764877e-16	draw3628	kinetic_box
0.4830717247516212	0.00012818503650845273	-0.6141353175647976	0.9329543868127247	0.9329545386011537	1.517884290480609e-07	1.6269649030878638e-07	0.1938612789934776	0.11905705813817717	-0.19392980938407237	-2.975994830049488e-18	1.394168821026877e-16	draw3629	kinetic_box
0.6339709317338463	0.01407776417906344	4.550941088740719	0.17729563572736204	0.1772956373596387	1.6322766749343742e-09	9.206524758549763e-09	0.00847333141286797	0.0385616320853383	-0.019766290970063854	8.41697997927241e-19	3.4329785586813454e-16	draw3631	kinetic_box
1.1246370307278442	0.22612501902186088	-0.045391648719332385	0.7233328207231744	0.7233328207074601	1.571431873514939e-11	2.1724880007214252e-11	1.9688271318769472	0.08936830955924907	-1.3357978443926584	2.1183087796090049e-16	5.132042709197187e-17	draw3633	kinetic_box
0.41043970296967575	0.007668882756853824	2756.687264540868	0.00036262267629514136	0.00036262267556973584	7.254055212416177e-13	2.000441699079889e-09	0.00011252167997206843	0.3101870821637443	-0.28552236735165665	-3.2315721156383882e-19	3.330500778738279e-18	draw3634	kinetic_box
0.5078151431885426	4.411687798373277e-05	0.1734343881381516	0.648619687484327	0.648619700757585	1.3273258048229764e-08	2.0463852751815363e-08	0.7549038122398645	0.13092628077897897	-0.7551907043600544	-1.0799126577675392e-17	4.665016362931125e-17	draw3635	kinetic_box
0.49284253909351716	3.999666327195993e-05	0.00016050951776731194	0.70705003378331	0.7070500347796771	9.9636709993689e-10	1.4091889554144026e-09	363.42524580456785	0.05833321094855799	-363.536655930063	4.433737318891142e-14	2.0622010203053076e-17	draw3636	kinetic_box
0.6590733072757748	0.3417841724564557	-0.02267787839378642	0.7151695441770461	0.7151695441777859	7.397416013077418e-13	1.0343583662503496e-12	1.6228507422676552	0.036802811784411915	-0.7448647587331872	0.0	3.3183178664169035e-17	draw3640	kinetic_box
0.06767939482071256	0.02126534435982478	2.575033478542063	0.26937778078349944	0.2693777807750623	8.437139875638877e-12	3.132084558482615e-11	0.6697142946685188	1.7245367298296201	-2.4261998100356617	7.963390450019817e-16	1.281300125746016e-16	draw3642	kinetic_box
0.12517724188550397	0.1630905920906251	51.578746104639954	0.019015652907373674	0.019015652905371033	2.002641108500569e-12	1.0531540086824558e-10	0.02575996354809568	1.3286666195120072	-1.3419645708810637	-1.1604952723258008e-18	5.505201685770387e-19	draw3644	kinetic_box
0.7301802163194395	0.18096417497586972	-0.06757465465402604	0.7313864383954236	0.7313864384335472	3.812361537569586e-11	5.212513299719834e-11	0.06824884714673192	0.00461189227647582	-0.0366373827547484	2.6721091508229636e-18	2.8686778921227665e-16	draw3648	kinetic_box
0.5972550910342097	0.04358256129363095	0.6035178011703445	0.5291620587484038	0.5291620587352022	1.3201661985817736e-11	2.494823989719183e-11	0.008920118786507593	0.0053834504762113435	-0.01247254890820005	-2.4410693704152985e-20	6.432166487167676e-17	draw3649	kinetic_box
0.4185760885706183	0.03936607031428117	7.807975573878175	0.11280875060019957	0.11280875059509188	5.107692047090495e-12	4.527744541222427e-11	0.01404956945878937	0.10969869515773223	-0.1184603459194259	-1.4724960488027404e-18	9.466501581455285e-17	draw3651	kinetic_box
1.0769424376755057	0.2944988727248577	-0.2538799194806931	0.8014901887063666	0.8014901887390428	3.267619508307007e-11	4.0769301411509994e-11	1.4871317072483832	0.3775528780934052	-0.8241801946082157	2.030191982723056e-16	4.117660545389146e-17	draw3652	kinetic_box
1.3225916009957925	3.45232694272472	-0.26620762462750475	0.8062284706129896	0.8062284706202469	7.257305867369723e-12	9.001549972288302e-12	0.4318193213031109	0.1149535957923624	-0.18583785226590027	-5.761445132136533e-18	9.318808079997884e-19	draw3655	kinetic_box
1.3069201024261186	0.03278566733571593	-0.10392623524045934	0.7447463379473847	0.744746337835546	1.1183864945252253e-10	1.5017012339739575e-10	0.3258339068951215	0.03386269125730032	-0.36271189484865696	0.0	3.9829250876943947e-17	draw3656	kinetic_box
0.3471030287872557	0.5521653916745558	0.7803107141893552	0.4897311017515772	0.4897311017483598	3.2173708142124724e-12	6.5696681356898275e-12	1.7547902795134263	1.36928165625966	-3.2952865674621523	4.3101717005168106e-16	3.9856288471268324e-17	draw3657	kinetic_box
0.2786131133371851	0.1608116595200905	0.44534214228268576	0.568970917249025	0.5689709172396366	9.388489985440174e-12	1.6500825790865464e-11	0.4942166063123774	0.22009548220683287	-0.7164614676064308	-5.297247216866735e-17	7.033883763461952e-17	draw3659	kinetic_box
0.03482031109901681	5.868168904789151	-0.06620489007936818	0.7308868935978445	0.7308868936013679	3.5234037909503968e-12	4.82072372865957e-12	1.2737078887531363	0.08432569076812552	-1.1807527933052369	-4.418961167070941e-18	2.4300833843706373e-18	draw3662	kinetic_box
0.35820296263578166	0.0553055155588979	3.1603941277036762	0.23370560012792216	0.2337056001232839	4.638261996703363e-12	1.9846601854027448e-11	0.022814930748583557	0.07210417316178952	-0.08923226204076008	-1.943359126641028e-18	2.0871347190759288e-16	draw3663	kinetic_box
0.19599692429937599	0.2788501645149268	0.8574770523336526	0.47403369237703025	0.47403369233999887	3.7031377964069634e-11	7.811971714767696e-11	0.3787395051572678	0.32476043448456016	-0.7339129379649855	-1.9451307848319886e-17	2.7030757342932744e-17	draw3666	kinetic_box
0.9605297582341633	0.06662037894766705	3.320642216435611	0.22548645651810417	0.22548645634879602	1.693081508324923e-10	7.508572957064714e-10	0.05171650054257332	0.17173199498798417	-0.10674769151655211	2.0249770270644777e-18	9.2428007282884e-18	draw3669	kinetic_box
0.13277904134943994	0.8964289199672543	0.1440348439529787	0.6581204170688184	0.6581204170413872	2.7431168447833443e-11	4.1681078017836935e-11	0.5128339037505979	0.07386595130051425	-0.5423491578723101	8.114289915915227e-18	9.408855817664169e-18	draw3671	kinetic_box
0.9999028829563912	0.08270195906996704	0.4246171677741048	0.5745291640085413	0.5745291642014607	1.929194581862248e-10	3.3578705870286667e-10	0.7353037227853302	0.3122225842228624	-1.1992486122233474	0.0	3.660659478153288e-17	draw3672	kinetic_box
0.7400052211604825	0.02143461464505374	10.510481468733914	0.08655132194874066	0.08655132245925004	5.105093847657116e-10	5.898342974552109e-09	0.0005409558105120871	0.0056857060217912255	-0.0016866634204501818	0.0	1.234788642179585e-17	draw3674	kinetic_box
0.6372472109869364	4.2765404488929155	-0.26582543940669506	0.806081504964898	0.8060815049851358	2.0237700404379666e-11	2.5106270618072116e-11	2.028331790686965	0.5391821895219311	-1.1565576735117022	-2.2246534730101806e-16	3.9762645488258224e-17	draw3675	kinetic_box
1.0287771274119761	0.000151582799779973	0.009485249035225619	0.7037612208432079	0.7037612286617032	7.818495295630612e-09	1.1109585150774126e-08	3.057702046073583	0.029003065382526855	-3.059362657064225	-1.025341599714687e-16	5.514420897480107e-17	draw3677	kinetic_box
0.23759728352532256	0.06822192865477335	48.68623115463716	0.020122225101128446	0.020122225097318657	3.809789289599408e-12	1.8933240589317695e-10	0.0029083145809334745	0.14159487595772885	-0.13967033297945083	-1.3696234673146562e-19	6.947828535277317e-18	draw3678	kinetic_box
1.4093503693241909	0.44707395525362	-0.06963999667310863	0.7321402043248059	0.7321402043226501	2.1557200469146665e-12	2.944408781524382e-12	0.34387032024452835	0.02394712795780975	-0.2669629715557436	6.138897900160652e-17	2.7292804309698936e-16	draw3679	kinetic_box
0.16319987343185122	0.0182279629707393	43.68316182581396	0.0223741925719814	0.022374192549705765	2.227563619672246e-11	9.955950878332546e-10	0.013614659331242765	0.5947313667700058	-0.2078903705172828	-6.7652151129542224e-18	2.270884808921663e-17	draw3681	kinetic_box
4.49224925168106	0.09695325750245437	0.1343789805225008	0.6612785264081912	0.6612785263551912	5.2999937771858185e-11	8.014767705218124e-11	1.380989847109659	0.18557600776652025	-1.4891468760454751	7.438724533178255e-17	1.0703208995973508e-16	draw3682	kinetic_box
0.3452279298104227	0.9679699066571169	0.4278488657687012	0.5736570612496457	0.5736570612347083	1.4937384662516706e-11	2.6038875265243475e-11	0.9588014636244333	0.41022211870908437	-1.0390226803545834	0.0	1.3131272885496905e-18	draw3684	kinetic_box
1.4255752490049796	0.1673143270860977	0.0169961602722877	0.7011234748463876	0.7011234748422963	4.091282868046164e-12	5.835324325670905e-12	0.6381844587997312	0.010846685345043417	-0.9059317421911594	-4.6232188015969434e-17	4.085134601700343e-17	draw3685	kinetic_box
0.8229309542900426	0.0003405347576940666	0.16203484483543107	0.6522829721644747	0.6522829726297569	4.6528214614482977e-10	7.133133404801127e-10	0.2564945563447838	0.04156105563845978	-0.25721389901535013	8.634188059851861e-18	1.03734960809574e-16	draw3686	kinetic_box
1.4711713653563927	0.010761056500099772	0.007761510505041464	0.7043680179128909	0.7043680178420181	7.087286313378627e-11	1.0061908169953602e-10	1.8574759869482145	0.014416819385560825	-1.9065436843503942	1.104075168644727e-17	5.660657886483795e-17	draw3687	kinetic_box
0.5354933709665903	0.908182843071374	2.672068906666622	0.2627570587163005	0.2627570587414583	2.515782027145974e-11	9.574555443708919e-11	0.07639573556908062	0.2041346696160656	-0.28183370141084324	-2.0070890426810545e-18	2.3949951188971874e-17	draw3690	kinetic_box
0.42043476132972885	0.05882655511268049	1.0614664688478153	0.43645057867893944	0.436450578385014	2.9392543954287476e-10	6.734449536771813e-10	0.5524642081142648	0.5864222321518532	-1.2566520056058907	0.0	1.605640189460823e-17	draw3692	kinetic_box
0.021516693909892193	0.04133599958171326	118.1303645729158	0.008393869814278757	0.008393869811774137	2.5046197754674537e-12	2.9838677887929674e-10	0.06117517999239318	7.226646315315151	-7.288038187847422	4.148219256463397e-17	7.728288664888606e-19	draw3694	kinetic_box
0.2613826486133088	0.029703161210884697	2.3771325148974425	0.2839234104367114	0.28392340529639104	5.140320336050053e-09	1.8104602298229026e-08	0.009438024216711144	0.02243543424193352	-0.01633518653556163	-1.9808588356629571e-19	1.9712867491189025e-16	draw3695	kinetic_box
0.28916039342326694	0.05272238437738337	42.02354192246961	0.023236812775500312	0.023236812780650117	5.149804194193308e-12	2.2162265723815965e-10	0.0031463277854214774	0.13221983759249045	-0.11660870490397393	3.98802508073647e-19	2.144246210008421e-17	draw3696	kinetic_box
0.6700474474125347	0.08471147124116027	1.7720803755712082	0.33933554215969214	0.3393355422314583	7.176614857939967e-11	2.114902202918918e-10	0.06737589367875559	0.11939549897469501	-0.197518598803463	-8.174150930559359e-18	1.9555346500181774e-16	draw3699	kinetic_box
0.00926338194806468	0.006327266378060141	15416.9430600497	6.4859494817884e-05	6.485949481080776e-05	7.07623521410683e-15	1.091009918400982e-10	0.0066089337131420055	101.88955474315313	-101.89596805355906	-1.68648236974832e-16	1.621269021105922e-20	draw3700	kinetic_box
0.007597624221727036	0.5501972715609209	0.006517711662195135	0.7048061890457774	0.7048061890237066	2.2070789640338262e-11	3.1314693293074784e-11	1.7481542850914629	0.011393965571257027	-1.7320182629059966	-6.103914056366693e-18	1.73742022103366e-18	draw3701	kinetic_box
0.4257797823097056	0.044792479132307404	4.788815622851916	0.17022568492236387	0.17022568463582372	2.8654015271634137e-10	1.6832956397229813e-09	0.021685351694224756	0.10384715098034179	-0.06260012783296323	-5.852998094968091e-19	4.6045304760371826e-17	draw3702	kinetic_box
0.46488492973455386	0.04243720532809209	2.85422392762687	0.25114023730313545	0.2511402373943196	9.118417132469858e-11	3.6308069256751054e-10	0.04571632958398132	0.13048464178187566	-0.164840611653349	4.707003753171676e-19	1.8849803867700782e-17	draw3703	kinetic_box
0.4951024631032192	0.053946556181273864	0.48612816593778535	0.5582693333077946	0.5582693333807552	7.296063753159387e-11	1.306907493731752e-10	0.2613327309521605	0.12704120119728649	-0.4459356676590454	-6.689348792736132e-18	1.7025259699405846e-17	draw3704	kinetic_box
1.9419490721031498	0.9454077649724081	-0.08089907107816355	0.7362607526009358	0.736260752583999	1.693678530756415e-11	2.3003786699375714e-11	0.9248040594826203	0.07481578934145872	0.3133996613329058	5.586847989918894e-17	9.27433684744054e-17	draw3705	kinetic_box
0.04479449146234702	0.22820871649078536	12.198963205584961	0.0755470126989862	0.07554701270932335	1.0337147804406754e-11	1.3683066257272454e-10	0.43230482396734904	5.273670641174575	-5.709634636512415	-7.42341661077938e-18	1.5368836511188235e-20	draw3709	kinetic_box
1.386326174405943	0.5370680889572349	-0.1787464867569566	0.7727926042195488	0.772792604213309	6.239786465300767e-12	8.074335120808737e-12	0.2338663452961427	0.04180278759237481	-0.10452909609180636	-3.065242493258117e-18	4.3809782645885335e-17	draw3710	kinetic_box
0.2471981169169468	0.0030285952259719306	0.8590949625520519	0.47371376355825007	0.4737137624850404	1.073209687785237e-09	2.2655235561561893e-09	1.028993270729165	0.8840029353833854	-1.0749208934941996	3.284704986263982e-16	5.824842527912706e-17	draw3712	kinetic_box
0.027586953084080004	0.029664161754282232	2.741343645509695	0.25821909813009	0.2582190981293582	7.317479955304407e-13	2.8338260060216846e-12	0.026660199551508577	0.07308476862854849	-0.08793660370145454	-3.3157340170622865e-19	3.221910352007265e-17	draw3714	kinetic_box
0.0025776150917820708	2.586115381824297	0.006538145690692858	0.7047989881736239	0.7047989881980488	2.4424906541753444e-11	3.465513848735838e-11	25.570183623282347	0.1671815858667886	-25.697829190777856	-1.7858863340582746e-16	2.2747167034616535e-19	draw3715	kinetic_box
1.0212415441641776	0.8959284419783097	-0.13447207592543794	0.7561150623776846	0.7561150623752577	2.4268365095281297e-12	3.209612703527519e-12	1.3065239868369327	0.1756909927563419	-0.9382258648965112	1.4364486501620403e-16	5.2798625601369176e-17	draw3716	kinetic_box
0.008635614208892858	0.007230882923734995	56.97577158516022	0.01724601930766938	0.017246019311375944	3.706562834437932e-12	2.1492280435943744e-10	0.15291928032700633	8.712693986878595	-8.866204074290202	6.968716464225664e-16	8.863654855246272e-18	draw3717	kinetic_box
0.010933855300178074	1.3614670344169004	0.0016045920325414788	0.7065397000355471	0.7065396999898871	4.566003131145635e-11	6.46248629937e-11	1.8394307147682276	0.002951535869329176	-1.8243739368903156	0.0	1.0707271356675902e-18	draw3718	kinetic_box
0.10080179288345512	0.12396870657132476	12.550094751874134	0.0736000637376173	0.07360006373814754	5.302425165609748e-13	7.204375779448484e-12	0.017918701765793865	0.22488140499128734	-0.2433663668316861	-1.047562241450455e-18	1.79783260115254e-17	draw3720	kinetic_box
1.0065777941638092	0.10261727417580432	0.2723462416523044	0.6179359287562983	0.6179359294010153	6.447169464962599e-10	1.0433394722996675e-09	0.011972763258239138	0.0032607370755742284	-0.0191676638305686	1.0901496456304864e-19	2.31969415926191e-16	draw3722	kinetic_box
0.10788500691666755	0.020904961762233235	0.9983998073263932	0.4475000069747575	0.44750000706085635	8.609885027155428e-11	1.9239966237552604e-10	0.6221122986528197	0.6211167991103548	-0.18930251266304043	3.1199774561775777e-16	1.560391121007591e-16	draw3723	kinetic_box
0.28918276069971294	0.1474882300543004	4.152866552437604	0.19051236546895084	0.1905123654879015	1.8950674363082953e-11	9.947214877391471e-11	0.09645078112794506	0.4005472229027231	-0.5058636691949653	1.0069206198247744e-17	3.764572902057141e-17	draw3725	kinetic_box
0.022213624099521878	0.13158791840384787	80.40953099978707	0.012282647415356658	0.01228264741438783	9.68827448821763e-13	7.887773833570143e-11	0.06556144677859943	5.2717651871346805	-5.334759436619098	1.3873714855239005e-17	3.999128944002115e-19	draw3728	kinetic_box
0.12357918814832022	0.006180371789859703	2169.355027862347	0.00046075406127853597	0.00046075406143932776	1.6079179003883337e-13	3.48975306992506e-10	0.0006547561287600186	1.4203984999492327	-1.4125740970204832	-2.258871265011888e-18	1.1155690252795894e-18	draw3729	kinetic_box
0.6610611831985194	0.13884278950421355	1.1204698002356441	0.4265413544019897	0.426541354489407	8.741729562444789e-11	2.0494447889839686e-10	0.2781443832804298	0.31165238157088954	-0.6490896740330822	8.44126708288051e-17	1.949455671958693e-16	draw3731	kinetic_box
1.8875172218751075	0.3729150280850706	-0.019855461505863252	0.7141612358256825	0.7141612358376563	1.1973866342884776e-11	1.676633474629906e-11	0.1123315078850295	0.0022303939307067775	-0.10690928311389769	4.869688553683046e-19	2.016552436883149e-17	draw3732	kinetic_box
0.29252866466296873	0.039901218996072386	4.114961926775828	0.19187237368341298	0.19187237360727852	7.613445984766543e-11	3.967974045262831e-10	0.030260806806833317	0.1245220678836379	-0.12661096796257237	-2.4226767123525934e-19	2.525392092331307e-17	draw3733	kinetic_box
0.6464524509635805	0.2610149012580817	0.7004786203130745	0.506914093683916	0.5069140936913014	7.385314582109004e-12	1.4569164033948688e-11	0.1920710587341337	0.13454167022415747	-0.30207358934419687	-4.501938828511081e-18	3.0195692222622554e-17	draw3734	kinetic_box
0.8429493044290077	0.01550139239818616	1.5290371629159687	0.3677059850915177	0.36770598448750613	6.040115629879494e-10	1.642648171282272e-09	0.23671177462268875	0.36194110029788024	-0.26686249444401416	1.0144309038528259e-17	1.0987047015876098e-16	draw3735	kinetic_box
0.5637061046529303	0.07219309162430816	0.4698397301819072	0.562505783876927	0.5625057839228182	4.589129076748577e-11	8.158367803340231e-11	0.13476972915298852	0.06332017318192884	-0.0011165330052313738	6.227726865228095e-18	1.4666074223330434e-16	draw3737	kinetic_box
1.156501842541977	0.6284885336020675	-0.03087740469373057	0.7181064953992391	0.7181064953679442	3.129485559583145e-11	4.357968601829253e-11	0.6703720143544284	0.020699347982573047	-0.5025229809303895	0.0	7.5009024810047e-18	draw3738	kinetic_box
0.21053714661934023	0.14318744455541668	1.4099005729727492	0.38326779003833006	0.3832677901281998	8.986972277469363e-11	2.3448284747495475e-10	0.07826565461702344	0.11034679128862863	-0.19588242119246396	-2.2772760605704567e-18	4.499276370383804e-17	draw3741	kinetic_box
0.7729238544830902	0.00990553015473303	36.79327973626559	0.026450473060755927	0.026450472994374676	6.638125119029503e-11	2.5096432568299474e-09	0.0034548324650833413	0.1271146173297434	-0.125137875903946	1.2818032361386432e-17	7.491457640835858e-16	draw3743	kinetic_box
0.13799567401473253	0.09568128580466224	14.392177801513029	0.0648313867903485	0.06483138679871611	8.367612158721727e-12	1.290673016867724e-10	0.028420646186053722	0.4090349931435782	-0.4362499072308433	-5.615628574984362e-18	2.812458165375365e-17	draw3745	kinetic_box
0.08890174035266132	1.2740659310108442	0.0018119542749397114	0.7064664490557223	0.7064664490658836	1.0161316232881745e-11	1.4383296257476088e-11	9.740012695488424	0.017648457641557314	-8.54705698190835	0.0	9.554926000551547e-19	draw3748	kinetic_box
0.33027228454419544	0.10767296519837945	0.0927334767729844	0.6751108870349748	0.6751108870045662	3.040856455527319e-11	4.504232584693529e-11	1.3094496388686456	0.12142981767141835	-1.3864985580013978	-3.373894292018522e-16	8.983756266542886e-17	draw3750	kinetic_box
0.1314734707668693	2.4794081447673944	-0.08893569301959918	0.7392135615042672	0.7392135614712178	3.304945206394905e-11	4.470893634333827e-11	0.38714260256124355	0.03443079565619545	-0.32610370933955835	0.0	3.402969164141165e-18	draw3752	kinetic_box
0.12853912891649785	0.015743724300459734	359.9446942299147	0.0027704969145517454	0.0027704969158767493	1.325003908675404e-12	4.782549661334289e-10	0.0015141910187721579	0.5450250232576275	-0.5395876145912071	-3.216160908785917e-19	1.1382200637866473e-18	draw3753	kinetic_box
0.018366795249784015	1.076942588758674	-0.009472851963281985	0.7104638335072495	0.7104638334895	1.7749468561589765e-11	2.498293048136149e-11	4.12205762309591	0.039047641647705564	-3.997328560368816	0.0	4.704707273053561e-19	draw3754	kinetic_box
0.0703188548824345	0.018088621533515186	139.23094885948564	0.007130912132045441	0.007130912133560794	1.515352947289994e-12	2.1250478464853952e-10	0.008979140772359232	1.2501742896784707	-1.2586375364880067	5.902912726127862e-18	3.7135342147720775e-18	draw3756	kinetic_box
0.3088115400613516	0.28504089468511556	0.08756575956947785	0.6768510374588484	0.6768510374719111	1.3062662063134667e-11	1.9299168265922558e-11	0.8464953215039375	0.07412400579950165	-0.8771697533303396	6.380099300020841e-18	6.323884848001999e-18	draw3757	kinetic_box
0.7321931287940516	0.002359765098466216	-0.013152190682425183	0.7117719695383671	0.7117719695108595	2.7507551791927654e-11	3.8646579199840167e-11	2.0276076881545824	0.026667482943760368	-2.048172138687709	1.3024005084362855e-16	3.564169376987294e-17	draw3758	kinetic_box
0.3326866953926399	0.3124260522086907	1.0504579052463154	0.4383445382363268	0.4383445382448758	8.548994845369862e-12	1.95029117497389e-11	0.22397676164336308	0.2352781598597405	-0.45376850114465134	2.3893576430015276e-18	9.860546357737457e-18	draw3762	kinetic_box
0.865124004430674	0.030388674854118676	131.5511814417244	0.007544040956816067	0.0075440409692437895	1.2427722913266326e-11	1.6473562330762466e-09	0.0018758619890236077	0.24677186087767866	-0.05388589759535538	9.029513028353056e-20	1.421463253234023e-18	draw3764	kinetic_box
0.5104486271977174	0.17302947506813865	6.607979756300715	0.13032000819025172	0.13032000819717424	6.922518114294007e-12	5.311938059288819e-11	0.020248064417432928	0.13379879977466963	-0.13318912748909	4.901103706342526e-19	2.1895478390166558e-17	draw3765	kinetic_box
0.5385248541229032	8.989021566296571e-05	0.04540342666592349	0.6912403264664629	0.6912402960035243	3.0462938616082624e-08	4.406996928883803e-08	7.6005756387861005	0.3450921786344293	-7.603353902362671	3.2577656469739677e-16	6.329042132837496e-18	draw3767	kinetic_box
0.062359216418712726	0.044355923512172185	19.271452390032586	0.049270543127342914	0.04927054312786036	5.174471962021698e-13	1.0502161400156676e-11	0.005986494519509801	0.11536844411592413	-0.12144278103552938	-1.0524170313989038e-19	7.3131444037576e-18	draw3769	kinetic_box
0.2837728768247702	0.08552887964643092	33.113153893658016	0.02930161836540956	0.0293016183291662	3.624335900842546e-11	1.2369063920387496e-09	0.013490164195188477	0.44670188304599123	-0.39025801002525096	9.295980425248239e-18	3.839013851216068e-17	draw3770	kinetic_box
0.0046742224387116395	1.9191002591894921	0.06103805961694807	0.6858649640861075	0.6858649641119409	2.5833335470792917e-11	3.766533767217861e-11	12.689728403855742	0.7745563988374259	-13.42630874605793	0.0	5.469704317087267e-20	draw3771	kinetic_box
0.24640284333036014	0.12025984494653486	228.40605846218125	0.004359041370772481	0.004359041369863779	9.087028005061448e-13	2.0846390832361888e-10	0.0007406950522281105	0.16917923740186216	-0.14476709871482726	-3.9133335205175085e-20	2.0528924881618204e-18	draw3774	kinetic_box
0.8213845091847993	4.527843792752859e-06	-1.0730376761904645	0.9973433719588928	0.9973433730525555	1.0936627159452428e-09	1.0965759090551572e-09	2.712701387919036	2.9108307934912903	-2.712691237158209	4.233103745852033e-18	7.171927206118124e-18	draw3777	kinetic_box
1.1738471340408747	1.0327838330429213	-0.20099245890705178	0.7812468884473313	0.7812468884836595	3.632827372257452e-11	4.6500375563843746e-11	0.1381257439423277	0.027762232913334257	-0.10072256375450207	2.390561418484094e-19	1.1314404249594903e-17	draw3778	kinetic_box
2.639946889927926	0.02625708170106368	0.058887167258400486	0.6866017214628419	0.6866017213665483	9.629363972862848e-11	1.4024672052521885e-10	1.7526240583872563	0.10320706606734703	-1.8065390666406862	0.0	1.3927643667613824e-16	draw3779	kinetic_box
0.5056640924361783	0.030503827342448234	44.81823410597954	0.02182017556448565	0.02182017555093752	1.354813136678068e-11	6.208992835622982e-10	0.001629730687102898	0.07304165146427659	-0.07127282476455048	-1.5341839929639516e-20	3.3299065820294037e-18	draw3780	kinetic_box
0.5923430148274399	0.20145214458210361	0.16377385505862344	0.6517224486882293	0.6517224486801328	8.096412429381417e-12	1.2423098890913236e-11	0.31217730946782357	0.05112648143337437	-0.4418010562755912	4.796681488916134e-18	7.145786059743992e-18	draw3782	kinetic_box
0.17800705151352994	0.005785444147372372	-0.2255930037176383	0.7906420035712101	0.7906420102096452	6.638435134931342e-09	8.39625905176871e-09	0.6612674784749916	0.14917731672996207	-0.7153777097581401	-1.0889559179656158e-16	1.8868268938719175e-16	draw3783	kinetic_box
0.05573088660656425	0.07830779190213812	5.043518482569056	0.16324683394367104	0.16324683391018943	3.348160637628439e-11	2.0509804431922007e-10	0.22041701473588776	1.1116772876931458	-1.3301171020414753	6.585571973691651e-17	3.6255947412025436e-17	draw3785	kinetic_box
0.000475405493104238	6.198447187332759	0.01001773979078461	0.7035738892346111	0.7035738892510802	1.6469159369592035e-11	2.3407860384248545e-11	20.702167818581906	0.20738893031170863	-20.907559120044745	1.8136149393702253e-17	1.9106555951691313e-20	draw3786	kinetic_box
0.9934439879790773	0.22541344647591935	-0.19076031031613191	0.7773528695641004	0.7773528695432677	2.083277994557875e-11	2.6799643716268796e-11	5.238610719437374	0.9993190064652886	-0.62279166891485	1.9359493778128744e-15	1.0947097043470548e-16	draw3788	kinetic_box
0.8654077292847524	0.01775293243846203	0.003853529454622745	0.7057456679200553	0.7057456678347696	8.528577843947005e-11	1.2084491953188625e-10	11.342464726833102	0.04370852191287087	-11.961374528468852	3.392776894321762e-15	1.2028941378772662e-16	draw3791	kinetic_box
0.1712289779728344	14.675711452227928	-0.16491611539652548	0.7675600572780961	0.7675600572679089	1.0187184429355511e-11	1.327216591443838e-11	2.727684843725267	0.44983918845314963	-2.2358966958308386	-1.89249056456378e-17	3.249679820928456e-19	draw3792	kinetic_box
0.29943993706818867	0.0018574647874822145	-0.5531734297911226	0.9130025555021273	0.9130025693483373	1.384621006739195e-08	1.5165576234111577e-08	0.6609074093827142	0.36559641842260154	-0.6658844322054929	-8.952248818040712e-17	3.111211839044294e-17	draw3794	kinetic_box
0.16118646179099766	0.22167792409442386	1.3898223429731495	0.3860097413443166	0.38600974130807464	3.6241953882409916e-11	9.388870280733457e-11	0.7875593878725484	1.0945676336835246	-2.032102508751475	9.95984500215079e-17	2.9512704480765685e-17	draw3795	kinetic_box
0.4748389607987196	1.4787447867148252e-05	-0.07855352476512813	0.7354008092713076	0.7354007603339093	4.893739824485266e-08	6.654521029136901e-08	1.387353292443602	0.10898149121595054	-1.3875003020996248	-6.274259702594098e-17	4.187739816030052e-17	draw3796	kinetic_box
0.07756709674547602	0.5851341200514701	2.9914808201726464	0.24302273664851257	0.24302273667073962	2.2227053531054253e-11	9.146079842384735e-11	0.03850881391158938	0.11519837822411721	-0.15612264383065838	-1.3295884764359e-19	7.155661654380426e-18	draw3797	kinetic_box
0.009341349947617757	0.7917104103491374	0.04171474322102338	0.6925151950420819	0.6925151949942654	4.7816528514488255e-11	6.90476235902437e-11	0.280876164383559	0.011716677074166118	-0.28555159342896486	5.074121917069483e-19	4.613122353167124e-18	draw3798	kinetic_box
0.7172769668231231	1.0154820611766174e-05	-0.06990585394682321	0.7322372737627728	0.7322372791572379	5.394465096841827e-09	7.36709977816281e-09	17.096713388650844	1.1951603491177227	-17.097859084829018	-3.676195617483345e-16	7.637526964154073e-18	draw3799	kinetic_box
0.07913998967575303	0.20747167658465027	10.384735355673067	0.08750001534582402	0.08750001533426346	1.1560558066392446e-11	1.3212064046193983e-10	0.04282781682285332	0.44475554356657465	-0.4894051026999175	-1.0544971798916035e-18	2.5336953048754305e-18	draw3800	kinetic_box
0.13953873930457025	0.3432968351210949	0.12675447349211463	0.6637853588650634	0.6637853589071228	4.205935599799204e-11	6.33628859594612e-11	0.14416948582797262	0.01827412726975355	-0.07888303562732478	4.013202225811715e-18	4.5649178305147715e-17	draw3801	kinetic_box
0.6444223026212094	2.783928932869184	-0.10225794916760231	0.7441290278706892	0.7441290278899502	1.9260926187314453e-11	2.5883852753239144e-11	1.066113797426782	0.10901861050414734	-0.9038856044362295	7.388822803585646e-18	7.383255658457224e-18	draw3805	kinetic_box
0.17782084366735773	0.13958487908864803	9.054681625636475	0.09896789030785237	0.09896789022590033	8.195204237448905e-11	8.280669840230851e-10	0.08339893362371313	0.7551507918803112	-0.7778268118399386	1.536854556300753e-17	1.7792180169063046e-17	draw3806	kinetic_box
1.5217178932831033	0.5288734277744297	-0.20600303179612287	0.7831568722016398	0.7831568722052425	3.6027847372110955e-12	4.600335980026886e-12	0.594234434866846	0.12241409518022599	-0.11171073104309187	2.857208969584508e-17	6.045119658557185e-17	draw3807	kinetic_box
1.0902737898878918	0.22164533153160615	0.03828328298577536	0.6937034687294183	0.6937034687293686	4.973799150320701e-14	7.169921118357716e-14	0.11713893144382583	0.004484462861115323	-0.03353460681423724	0.0	1.8434153342189227e-17	draw3808	kinetic_box
0.24887884648334718	0.2768438700944037	-0.11366788174177747	0.7483586472194501	0.7483586472483831	2.8932967133243892e-11	3.8661899932106925e-11	0.8986661840183278	0.10214948153032972	-0.854327233406238	-1.8666114172936256e-17	1.0867309632311412e-17	draw3812	kinetic_box
0.20086083080266626	2.958478586249018	-0.12423443954834022	0.7522912100998378	0.7522912101563773	5.653955081896811e-11	7.515646873930023e-11	9.707500372747173	1.206005868223549	-7.730171393079031	-3.223681487978506e-15	1.5553397244223733e-17	draw3813	kinetic_box
0.4306990652238448	0.08375803723865094	70.87525286554609	0.01391164814254533	0.013911648146977875	4.432544609134226e-12	3.1862109811173874e-10	0.0036822648437259725	0.26098145191698885	-0.20611331246581985	-3.5347315620826365e-19	6.405980465555684e-18	draw3814	kinetic_box
0.00011027286449995305	2.5970657062598255	0.001747862104544949	0.7064890888799843	0.7064890888768537	3.1306068848380164e-12	4.431217599998497e-12	26.087158954793114	0.0455967565523233	-26.130389882854562	2.266655232154221e-17	1.1939206057223564e-20	draw3815	kinetic_box
0.6684919819170946	0.140344237862339	0.37770812421747296	0.5874147391246101	0.5874147391174682	7.141842672808707e-12	1.2158092395738332e-11	0.15348507908572612	0.05797256131684011	-0.2598914068448452	6.552409328909636e-18	1.0794351789365912e-16	draw3816	kinetic_box
1.2542550582265743	0.2464265793898709	-0.2859417359060174	0.8138210110396225	0.813821011044353	4.7305492856253295e-12	5.8127637667584325e-12	0.3355121054413401	0.09593691384737951	-0.26276305509349984	-2.322222575740884e-18	1.1326123931065691e-17	draw3820	kinetic_box
0.27454330987976855	0.022456255891627027	0.643849926970385	0.5197177702965153	0.5197177674279937	2.868521642440669e-09	5.519383446589787e-09	0.08358763932204401	0.05381789547312492	-0.1090311288411196	1.9920364572129445e-17	6.200214071297547e-16	draw3821	kinetic_box
0.14524821548944575	0.4836840711102754	-0.042427573513359546	0.722262686885853	0.7222626869162035	3.035049989108529e-11	4.202141470255203e-11	1.8276746898827676	0.07754380226350775	-0.8735556625897266	-1.8599315577728619e-16	6.067066928068408e-18	draw3823	kinetic_box
0.5454649499189606	0.0013380834634488356	-0.4136171387463135	0.8626317382583311	0.8626317380820295	1.76301528931333e-10	2.043763533710466e-10	3.026485735973083	1.2518063705697173	-3.0403318692451444	-2.797576080306199e-16	5.593879440276105e-17	draw3827	kinetic_box
0.19280971504175254	2.2323856766032746	-0.02337837616386981	0.715420007445955	0.7154200073924477	5.350730969411188e-11	7.479146395295057e-11	0.28023771376731005	0.006551502687755051	-0.2412549002780909	-1.932778052065443e-18	1.8552991617140282e-17	draw3830	kinetic_box
0.05440705247510709	4.96391351374296	-0.0073597624593754775	0.7097136199754291	0.7097136199806915	5.2623461144207795e-12	7.414745844336406e-12	0.1857280676710091	0.0013669144600974412	-0.1820232983317051	-1.610808138580762e-19	1.9216122902533133e-18	draw3832	kinetic_box
0.16963367147789035	0.03757780578558051	472.96063997441127	0.0021098751452903702	0.0021098751454655543	1.7518408598760082e-13	8.30305463164957e-11	0.0002820957734479275	0.13342019754400833	-0.1336963805223696	-6.596371669776885e-20	3.69391689204954e-18	draw3836	kinetic_box
0.07118135280772896	0.0006386548321375282	636.6366191107394	0.0015682894292582395	0.00156828943047216	1.2139204572103601e-12	7.740410880948735e-10	0.0003322265220234995	0.21150756975996032	-0.21073069769181565	-2.6135937967333646e-18	5.821867361012864e-17	draw3837	kinetic_box
0.5358035008451772	0.21655322677549732	0.04020312391285926	0.6930383806872819	0.6930383807204586	3.317679464487355e-11	4.787151125798272e-11	0.5505721768750698	0.022134721449881097	-0.2849803062304943	-2.878781067542128e-17	8.221208253811151e-17	draw3841	kinetic_box
1.5397954635040665	0.07377557873351097	0.626639274271093	0.523714174408202	0.5237141744932569	8.505485205034802e-11	1.624070078543256e-10	0.02299045851381567	0.014406724238257125	-0.0305049339422127	2.2354251307233665e-19	1.9138707992346245e-16	draw3842	kinetic_box
0.022352966692391976	0.05386793378351029	3.4451452623261667	0.2194792542188613	0.2194792542502611	3.139979942723414e-11	1.4306499962602633e-10	0.08430197673608168	0.2904325557570425	-0.36664685320499746	-9.718678622621903e-19	6.730601849709697e-18	draw3845	kinetic_box
0.011333312715543033	0.8101052912327437	0.005580146621955544	0.7051366612415232	0.7051366612775002	3.597699915758312e-11	5.1021314212203045e-11	9.887765392831657	0.05517518065549851	-9.613434452904384	-5.516473845787373e-16	5.117356035975476e-19	draw3846	kinetic_box
0.28628877618665244	0.3107952809399529	2.1677835674206105	0.30103481803185395	0.30103481786537123	1.664827165015481e-10	5.530347541924619e-10	0.10940095516132331	0.23715759285883567	-0.36301534575814737	-4.649300207529706e-18	2.1663917903338674e-17	draw3847	kinetic_box
0.36938861400427664	0.18871009481349235	2.957362344440093	0.24499270898910058	0.2449927089503437	3.875688658894205e-11	1.581960816507298e-10	0.016092032386018956	0.04758997062392293	-0.06327696936749182	2.877613384979154e-19	5.406439303678608e-17	draw3849	kinetic_box
0.34720627049696373	0.8495714153082659	-0.1363345000401681	0.7568120997398319	0.7568120997325798	7.252087819153985e-12	9.582415267563133e-12	0.4635647464194477	0.06319986793934271	-0.2562603213690357	1.2362841517007193e-17	2.3538535777196794e-18	draw3851	kinetic_box
0.809702536136796	0.2371710222050531	-0.003537930283187518	0.7083587328173644	0.7083587328180632	6.987743716990735e-13	9.864696224173589e-13	0.33334380379673895	0.0011793471381654013	-0.427437472189809	-4.336662274252574e-18	5.0874230509633734e-18	draw3852	kinetic_box
0.3276963023582887	0.0016773922625779192	130.06756677546724	0.007629430527780917	0.007629430530166269	2.3853523323236203e-12	3.1265142567221674e-10	9.688613269057589e-05	0.012601743533348262	-0.012693009406112829	9.242454091906496e-21	5.731629391213255e-17	draw3854	kinetic_box
0.23970581050823309	0.13980901132132317	14.42116882712139	0.06471001787991584	0.06471001787243756	7.478281882633553e-12	1.1556606115262465e-10	0.008292010894986095	0.11958048903292443	-0.1273917087101103	-4.097136019446478e-19	2.4360607830797457e-17	draw3855	kinetic_box
0.29319376481928444	0.07593558292311711	0.360491396989201	0.5922515443506876	0.5922515444070392	5.635159006089907e-11	9.514806773077839e-11	0.2558831477110767	0.0922436733843601	-0.19289338453549842	0.0	1.2409115054550105e-17	draw3857	kinetic_box
0.6703138323202994	0.22378861445539264	0.10942511108676384	0.6695258329223248	0.6695258328842179	3.8106962030326486e-11	5.6916343117288477e-11	0.0759724585028316	0.008313294711206903	-0.03683255000115996	-1.5341414707136305e-18	1.6044160032322573e-16	draw3858	kinetic_box
1.2450403032618513	0.242160790701645	-0.17420117148914308	0.7710708268743321	0.7710708268621141	1.2218004385999848e-11	1.584550207368268e-11	0.26795771488071635	0.046678547841774574	-0.07489945851536282	-9.930907757856977e-18	1.1640126739363408e-16	draw3860	kinetic_box
0.0024032567058048133	0.0007296420264062506	672.9941536002125	0.0014836907622408253	0.001483690761987554	2.532713622160898e-13	1.7070360529629987e-10	0.00015528456904150052	0.10450560710925841	-0.10465972473703355	-3.8452237224891687e-20	3.510530492040161e-18	draw3861	kinetic_box
0.0068399991884341175	1.2711347656125924	0.01659123223414061	0.7012654217720669	0.7012654218011232	2.9056312911279747e-11	4.1434116110632974e-11	44.75993514534955	0.7426224787815665	-45.22056138770528	0.0	4.364162818941504e-19	draw3863	kinetic_box
0.5233233348233131	8.864437136013288	-0.3007586539577429	0.8195239045517079	0.8195239045449868	6.721068146475773e-12	8.201186212142793e-12	0.28154756393804853	0.08467786635508905	-0.18099745136814485	0.0	7.462613926551113e-19	draw3866	kinetic_box
0.0004381871526427662	0.0006662061938366435	7294.651277186321	0.00013706795358892868	0.00013706795358122616	7.702524599043081e-15	5.619493395645236e-11	0.00041773409551430573	3.047224553367703	-3.0476421203957593	-1.2786259945628037e-19	1.3774995845060082e-20	draw3867	kinetic_box
0.931038119062255	0.11719390485808907	4.200308681167856	0.1888365837604711	0.18883658374048523	1.9985874066819065e-11	1.0583687583696863e-10	0.03949298294739614	0.16588271911916208	-0.1548857522047302	0.0	1.9702713273043994e-17	draw3871	kinetic_box
0.041716368159204514	0.3866203790582916	0.6252699473284615	0.5240342824744059	0.5240342825411959	6.679001796072725e-11	1.2745352772884032e-10	0.618478385226812	0.3867159473545607	-0.9352049455735126	-1.3873790109849406e-17	1.5611369625086437e-17	draw3873	kinetic_box
0.9497823437916929	0.02806608550663713	4.526046025399766	0.17806909280083943	0.1780690900326085	2.7682309222676338e-09	1.554582506015338e-08	0.049607108174206986	0.22452405478344575	-0.07000040772792981	-8.548431321146869e-19	7.582401556215278e-17	draw3874	kinetic_box
0.06387496967551928	0.0870609720918669	8.530477737835204	0.10435366195659015	0.10435366196242439	5.8342358721930054e-12	5.590830031718287e-11	0.03771195298292797	0.32170097537115494	-0.35798163288965573	1.2462923509491199e-18	9.905911589554421e-18	draw3876	kinetic_box
0.20050183965700463	0.0036341009262975594	2.3088114357031477	0.2892998152998743	0.28929981526306686	3.680744598000274e-11	1.2722941404761318e-10	0.03884196607090304	0.08967877544969459	-0.1268331273502575	-2.2805378790602148e-17	1.2643332302001068e-15	draw3878	kinetic_box
0.8524447707964523	3.346611626912133e-05	0.0013538385879710698	0.7066282849634387	0.7066282890780171	4.114578455727269e-09	5.822832908509538e-09	83.31134992928892	0.11279012035023218	-83.31998563523823	3.804544733495016e-15	1.2564914275501818e-16	draw3879	kinetic_box
0.007705186136157383	0.7116814378118704	0.010757280677690358	0.7033137903970669	0.7033137904073083	1.0241474335259682e-11	1.4561742532203958e-11	7.7400122569553815	0.08326148429683267	-7.70318020762212	-3.256705933678761e-16	1.5564013542362365e-18	draw3881	kinetic_box
0.5412026462035296	0.053733002071259216	46.00428185027123	0.021269844655132798	0.021269844616496482	3.863631636846776e-11	1.81648324494586e-09	0.008299422929186577	0.3818089916289029	-0.1564428549678704	-2.1936453035873974e-18	1.4338514462630997e-17	draw3882	kinetic_box
0.3462790363977321	0.00868909646768622	27.58969610649684	0.03495625973428443	0.03495625974732952	1.3045092783769974e-11	3.7318331188926905e-10	0.003807605862478748	0.10505068863910447	-0.10734272346335043	1.1343144308941799e-18	9.640063695804155e-17	draw3884	kinetic_box
0.7027093925462733	0.00011679874119555391	-0.06059365545014893	0.728843565288299	0.7288435601900577	5.0982412735933735e-09	6.994973341417636e-09	5.1692560592526	0.31322412058794663	-5.1711781437744415	-1.199650435009566e-16	1.5500316538203094e-16	draw3885	kinetic_box
0.6651268260999369	0.0017475605795291753	0.12350471694627362	0.6648573401992667	0.6648573407763676	5.771009226052115e-10	8.680071456100926e-10	0.12324642250439785	0.015221514526046502	-0.12424959977659929	1.019595442336684e-18	2.7110779111057705e-16	draw3887	kinetic_box
0.16509310106762826	0.027043979446255122	2.2639784816978494	0.29293467012805624	0.29293466987538824	2.5266799763556946e-10	8.62540435186631e-10	0.8010323467607915	1.8135199962103619	-2.239411822527862	3.569859095169817e-16	5.54216096167188e-17	draw3888	kinetic_box
0.9689260060978847	1.057858261931029	-0.18429957924849794	0.7748988201853135	0.7748988201883498	3.036237927744878e-12	3.9182379023455975e-12	0.18641598867730594	0.03435638827842024	-0.014259821335576128	4.1961995492611005e-18	1.1346380790775715e-16	draw3889	kinetic_box
0.05209062421713386	0.003276988792141411	95.97747389494678	0.010311124828937184	0.010311124829076772	1.3958799394142574e-13	1.3537610712247002e-11	0.029474577438961116	2.8288954867124776	-2.852602999631446	-4.0476385223849255e-16	4.949563322670974e-17	draw3893	kinetic_box
0.012660714994264764	0.011237400868588616	277.4351461031785	0.0035914774589357315	0.0035914774575673556	1.368375898702645e-12	3.810064005328599e-10	0.04443385368909338	12.327512690160878	-12.371870769995258	-1.2659158361487268e-16	8.26905250336795e-19	draw3894	kinetic_box
0.5453036054526881	0.004316856897920358	82.9690673571987	0.011908302991716985	0.01190830296343271	2.8284275963019745e-11	2.3751726883228764e-09	0.0008523361940153382	0.07071753909223698	-0.07073424461231485	1.4595905865216801e-19	2.886456622672967e-17	draw3895	kinetic_box
0.3318286799049696	0.1485056790647719	0.0929744542946994	0.6750298681963124	0.6750298682025668	6.254441409225819e-12	9.265429137054052e-12	0.2161582867183846	0.02009719874891898	-0.23154469914643025	-1.4340999833481485e-18	1.495936533685497e-17	draw3899	kinetic_box
1.7439763959052643	0.06866625890912323	0.008313288256343164	0.7041737236063766	0.7041737235726295	3.3747116212623496e-11	4.792441848214288e-11	0.8669570880559846	0.007207264178889282	-1.1126783884190636	-6.60485094887907e-17	7.137132875162943e-17	draw3900	kinetic_box
0.03102876419205192	3.1688995543138563	-0.00047390032786512386	0.7072743501089758	0.7072743500999499	9.025891145597598e-12	1.2761513469733613e-11	38.05124324193888	0.018032496648030413	-37.384171483280326	-4.223932309146058e-15	2.8440654709938615e-18	draw3901	kinetic_box
0.0008181792523930782	4.988288034922829	0.00030565667525833754	0.7069987234719101	0.7069987234916838	1.9773738202388813e-11	2.7968562806919135e-11	185.6505658707373	0.056745334723878556	-185.6702528734206	1.2886033037690513e-15	3.8501213294451845e-20	draw3902	kinetic_box
0.8991702962746712	0.0226021466507666	6.629040591202725	0.1299663309038067	0.1299663300993091	8.044975796650533e-10	6.190046137721403e-09	0.004760583490195556	0.031558101194315874	-0.014553781332366716	3.9804167169463297e-19	3.1156162703254645e-16	draw3903	kinetic_box
0.22164211195126152	0.020143670327489482	809.2336663608357	0.0012342109193661255	0.0012342109194905578	1.2443236545311986e-13	1.0081936846295405e-10	0.0006994837367717804	0.5660457888676056	-0.5643447778897731	7.725649517303439e-19	2.4144067788320127e-18	draw3904	kinetic_box
0.02072191956448085	0.8757279869835765	-0.0045237725783942445	0.7087079810158482	0.7087079810233518	7.503553334231583e-12	1.0587651804621546e-11	13.080143250989673	0.05917159336029563	-12.076804930286844	2.8972999853293103e-15	6.114735372625298e-18	draw3906	kinetic_box
0.2726302549239974	0.1463423350855323	1.484618068786071	0.3733702299677223	0.37337022987582397	9.189832228528871e-11	2.461318951857849e-10	2.2856754445642777	3.393355064380762	-6.11556986272877	3.442480276089773e-15	9.35790398590107e-17	draw3909	kinetic_box
0.6350772249886358	0.002225791324494181	3.1178997873882452	0.23598364833421975	0.23598365080368028	2.469460524956446e-09	1.0464540727911875e-08	0.5857326592495046	1.8262557337403822	-0.6340846752248674	2.8520804906795064e-16	8.410114012077158e-17	draw3912	kinetic_box
0.12936058573120518	8.892621994608023	-0.07176999690363531	0.7329182549866441	0.7329182549974367	1.079258904468361e-11	1.4725501747423872e-11	5.794004848900711	0.41583571006525205	-5.259878825463981	-8.039152090455629e-17	2.2281123699613906e-18	draw3913	kinetic_box
1.0795033044596947	0.0007315781722888214	0.8899326679257586	0.46768584526611934	0.46768584717528006	1.9091607184051895e-09	4.0821434514986966e-09	0.1060590081727214	0.09438537610070981	0.0793649048333076	-7.52222446853888e-18	8.148128786422313e-17	draw3914	kinetic_box
0.49928424457419146	0.01870610108036606	21.377845793860686	0.04464250203091064	0.04464250204109359	1.0182944765180224e-11	2.2809977710941887e-10	0.0015314342033402465	0.03273876424245167	-0.03272885231507898	-1.4543911809521853e-19	1.2328105341996275e-16	draw3915	kinetic_box
0.7745958414301543	6.490087708613795e-06	-0.9955743199128346	0.999990206744487	0.9999902068217446	7.725753370380062e-11	7.725829030800932e-11	16.581825787248597	16.508439931053125	-16.58182906387198	-8.931099166755921e-17	6.425544495793742e-19	draw3916	kinetic_box
0.0011465973907937507	1.4153401460546566	0.014170563000092114	0.7021146022643129	0.7021146022868939	2.2581048142455984e-11	3.216148484721166e-11	30.26726902014213	0.4289042424906604	-30.62478967928102	1.2779813911214966e-15	7.099753321560228e-19	draw3918	kinetic_box
1.326826562228886	0.089332753065121	0.7658833533068425	0.4927636792970665	0.4927636791365904	1.6047607687141863e-10	3.256653922882491e-10	0.03606021517916767	0.027617918522387243	-0.05477613304974347	-1.434143948731202e-19	7.574983592986341e-17	draw3919	kinetic_box
0.2916559698389162	1.3019520219095726	0.21818319928677268	0.6344929485925328	0.6344929486342858	4.175304546549796e-11	6.580537349606373e-11	1.1425473540950055	0.2492846370530854	-1.1976303394287298	3.816294725873904e-17	1.0798788802103004e-17	draw3922	kinetic_box
1.0872054694353677	0.15536428722042994	-0.008581031380008345	0.7101471139771858	0.7101471140061769	2.899114281973425e-11	4.0824136644287035e-11	2.188297944383381	0.018777853329561556	1.2586479056138848	-3.504610746226284e-16	7.54623537004321e-17	draw3923	kinetic_box
0.13018227884456773	0.04166877226536774	2.663913985829875	0.26330138486722315	0.2633013848100438	5.717937234805959e-11	2.1716320401926898e-10	0.41471864824501836	1.1047748072443648	-1.5524861525396607	2.518596518207903e-16	1.0098507936686418e-16	draw3924	kinetic_box
5.489535242326016	0.16705824839265132	-0.4249913269937799	0.8669030537811764	0.8669030540193301	2.381537189677374e-10	2.7471782209504947e-10	0.365473651390648	0.1553231320857736	0.29932438648614507	2.602527909875584e-18	7.461471930756115e-17	draw3925	kinetic_box
0.03957569015537905	0.007176969669679059	458.45391990834855	0.002176491674896371	0.002176491674374373	5.21997809560526e-13	2.398345078487713e-10	0.005498600807430794	2.5208550941778576	-2.526358748636174	4.062605760141562e-17	6.3654919376694434e-18	draw3926	kinetic_box
0.020430431740844607	0.3836752995151714	13.624526632825988	0.06821898558793679	0.06821898557588046	1.205632815803881e-11	1.7672980705097805e-10	0.03767333285253464	0.5132813267966764	-0.5515914789466138	-1.7916888680260135e-19	7.107984806668659e-19	draw3928	kinetic_box
0.07703686496055961	0.0019250441747485575	200.89377613998732	0.004953038933500525	0.004953038933374883	1.256416845563102e-13	2.5366585291648602e-11	0.006334363618628063	1.2725342267899462	-1.237715658785193	2.1229347289868855e-17	1.3169082540296789e-17	draw3929	kinetic_box
0.3329252190521795	0.0002679541725251688	0.23194418421340338	0.6302297647156218	0.6302301512974696	3.865818478665517e-07	6.133978945162915e-07	1.136458435292178	0.26359492466628515	-1.1385815863690776	-2.5001412856803576e-17	1.0123858337650975e-16	draw3930	kinetic_box
0.606217628311144	0.2251358473205717	0.8293813528060113	0.47964879417649464	0.47964879416583744	1.0657197346830571e-11	2.2218751462441643e-11	0.07033196807996667	0.05833202283167197	-0.14341320672645178	-2.1385544618552366e-18	7.751117494092974e-17	draw3934	kinetic_box
0.9145696462944436	0.04642763376542182	2.8781866599842565	0.24968550255295638	0.24968550249842383	5.453254514620198e-11	2.1840493180634797e-10	0.1376750251841617	0.3962544208980508	-0.30581269250963167	1.951947483308338e-17	1.8787688352685296e-17	draw3935	kinetic_box
0.16893033522818665	0.17167038277249316	8.177509033682966	0.10832089379297032	0.10832089377395393	1.9016385688352955e-11	1.7555602641201156e-10	0.048095020512998445	0.39329746472021243	-0.44292403884563586	-5.068916095693512e-18	2.5163106502629605e-17	draw3936	kinetic_box
0.03211445459010074	0.3659350930195596	0.03990974627129148	0.6931399708417257	0.6931399707912226	5.050315721177867e-11	7.286141232647293e-11	0.3163550889290175	0.012625651330788941	-0.30173553351090243	-2.274967217482229e-18	1.1738583204251233e-17	draw3940	kinetic_box
0.10988405617568904	0.005095541289846124	39.25006913008503	0.024837013582925175	0.024837013585375153	2.4499777206976603e-12	9.864220238379575e-11	0.030895638617303118	1.2126559515472723	-1.2439092057415886	-5.390400396028258e-19	3.671562632099874e-19	draw3941	kinetic_box
0.05817283661838206	0.0014218178735463769	759.021970221973	0.0013157502986216884	0.0013157502987816787	1.5999029358282346e-13	1.215962433988932e-10	0.0005514038231455475	0.41852761623186174	-0.418690041681784	-6.1285900154024785e-18	3.490248384889649e-17	draw3945	kinetic_box
0.865095115659138	0.01595903157019439	52.54012769900769	0.018674322680509576	0.01867432265483681	2.5672765996409552e-11	1.374762901494587e-09	0.0034540767355522636	0.18147763276808754	-0.1606437282529454	-7.234652837187077e-19	2.1161539942785834e-17	draw3946	kinetic_box
0.5934800649038566	0.0011585650826092596	1.6502931215211443	0.35302309261536013	0.35302307102718444	2.1588175691533706e-08	6.115230834267858e-08	0.6158615489538581	1.0163520780479096	-0.6244307262962239	-2.2855534829497188e-17	3.9784014080105635e-18	draw3947	kinetic_box
2.2777016381674273	0.022258723755943212	0.004469530998663123	0.7055283325920073	0.7055283329731303	3.811230220307493e-10	5.401952043863052e-10	0.16365536800874186	0.000731462740412693	-0.17314512982952376	1.3571958399150433e-18	5.276962648603281e-17	draw3950	kinetic_box
1.048151870448578	0.0016321794371202745	4.553582919076168	0.17721394931986428	0.17721394738034876	1.9395155204104952e-09	1.0944485742128264e-08	0.0653245758807797	0.2974608729266134	-0.06886605292651421	-2.6563215129396086e-18	1.1325702043969258e-17	draw3951	kinetic_box
0.24267843022220867	0.0026751901727354805	54.273752612305834	0.01808880954782455	0.018088809549667857	1.8433067572320994e-12	1.0190315466425736e-10	0.0002865089467986555	0.015549915699762525	-0.015834747617122318	-2.3366834632845966e-20	9.31402888082543e-17	draw3952	kinetic_box
0.18190573039510102	0.0009677398201762065	1010.9819029803327	0.0009881594953649402	0.0009881594807429432	1.4621996972594142e-11	1.4797203546132715e-08	0.00037489380730072194	0.37901085472042667	-0.3672833388741196	-6.9071592247962854e-18	4.791073497518592e-17	draw3953	kinetic_box
0.41041577698130305	0.001705498873573682	1.8102154454517267	0.33525139972940876	0.33525141379602513	1.4066616371710694e-08	4.1958410294040264e-08	0.05617343788342157	0.1016860248806929	-0.057648150971769646	1.0147443807782607e-18	4.522466203784025e-17	draw3956	kinetic_box
2.0996252662224433	0.10871668657441429	0.10555835324568	0.6708148007277257	0.6708148011618025	4.340767745247831e-10	6.470888444515441e-10	0.2403440444862381	0.025370321548373754	-0.314011875342583	1.4467993279523244e-17	8.596588743238913e-17	draw3957	kinetic_box
0.00019787569149949717	4.6776619176755405	0.006780684517117977	0.704713524693365	0.7047135247032041	9.839129511135525e-12	1.3961885455908279e-11	82.53037809496409	0.5596124569404156	-83.08546014122916	-7.206907850384387e-17	1.8942827241130962e-22	draw3958	kinetic_box
1.4508933028297069	0.26324219293145174	0.08739530633676929	0.6769085233326849	0.6769085233746125	4.1927572524969037e-11	6.193979109015536e-11	0.2252415704561455	0.019685056049789835	-0.29559791444338074	-6.06625427381165e-17	5.294459626185362e-16	draw3959	kinetic_box
0.12023970655616084	0.21256535300884746	83.8009542541661	0.011791500302931503	0.011791500303718621	7.871186341601444e-13	6.675305210414277e-11	0.013583236097702869	1.138288146847136	-1.1306520236992703	0.0	2.481170100179967e-19	draw3960	kinetic_box
1.2817770178677457	0.00019648197892038137	0.004599647636913047	0.705482434479992	0.7054824344485446	3.1447400239414947e-11	4.457573811032797e-11	4.922420147289577	0.022641398198373675	-4.9260927491087445	2.6105069596095914e-17	3.8923187264246205e-17	draw3961	kinetic_box
0.5576674258600228	0.07740270182198142	-0.19024917401040334	0.7771585825806394	0.7771585829576941	3.770547207793129e-10	4.851708892467299e-10	0.6226989270069925	0.11846795652024476	-0.7952576794590702	2.486983332945411e-17	9.551181476206432e-17	draw3963	kinetic_box
0.5132069134975252	0.006265347895279753	8.030863943359947	0.11005869396944606	0.11005869382189773	1.4754833466135153e-10	1.3406331616121243e-09	0.0337150520186621	0.2707609956051784	-0.050327758495748	4.393727798334991e-18	9.198553431617517e-17	draw3965	kinetic_box
0.4036594803732851	0.0009176953291615562	0.10055941231135723	0.6724855230651188	0.6724855252407079	2.1755891532748706e-09	3.235146440506872e-09	7.1978422894682	0.7238107905387564	-7.225108523147778	-9.702107315697507e-17	3.3409133038577014e-17	draw3967	kinetic_box
0.04398260914157293	0.5668216782638653	48.593129811157176	0.020159985273872184	0.02015998527723541	3.3632263640726023e-12	1.6682682640003447e-10	0.027147380719967185	1.319176195358271	-1.3449100982566697	-1.4590344273351046e-18	7.689515235116912e-19	draw3970	kinetic_box
0.6665730467957653	0.035661573713745724	71.33726980522894	0.013822811716858334	0.013822811713333149	3.525185351960225e-12	2.550266490687938e-10	0.0024060509788599886	0.17164110784407016	-0.1546047184389564	8.777035979807932e-19	2.7697843226121216e-17	draw3971	kinetic_box
0.8281427265334106	0.2506469555052465	-0.0213269725075087	0.7146867633968028	0.7146867633974654	6.625811010962934e-13	9.270930077766195e-13	6.593518996539898	0.14061979836694277	-6.730266065196547	4.753784848202978e-15	6.000903090027053e-17	draw3972	kinetic_box
1.238106836840875	0.07454019010724075	0.04264292332427023	0.6921941540891415	0.6921941541103335	2.1191937094044988e-11	3.061559674869352e-11	0.7393351104477278	0.03152741042576332	-0.941601245811958	-2.6485649806561437e-17	1.050427584226199e-16	draw3974	kinetic_box
0.6241478392901465	0.0029748037351549784	13.564111324482534	0.06850065051356563	0.06850064858833291	1.9252327232432975e-09	2.810532108700654e-08	0.05793441271913534	0.7858288236408687	-0.06884741874008188	1.5151569191573286e-18	1.1035633042765107e-17	draw3983	kinetic_box
0.5241862976726755	1.4343931083122465	-0.19798398396744749	0.7801010517454382	0.780101051716042	2.939615217911751e-11	3.7682492690469736e-11	2.57314798921526	0.5094420902426637	-1.5720286987854035	4.216536032801193e-16	4.343032839928247e-17	draw3985	kinetic_box
1.3139826072116012	0.3206934625869003	-0.12866461630835133	0.7539443008030238	0.753944300811978	8.954281760509275e-12	1.1876582594849182e-11	4.66139307149264	0.5997563510060078	-0.335989827712897	6.529268633957284e-15	2.048941258754144e-16	draw3988	kinetic_box
0.12887229054288352	0.004385591020733858	18.505587953864453	0.05120011845570506	0.0512001184567203	1.0152434448684744e-12	1.9828927656225333e-11	0.0015320076420323736	0.028350702165622577	-0.02990330109567254	-1.9224288184908525e-19	2.1460719095883426e-16	draw3994	kinetic_box
0.43184263909560294	0.12780241232254352	2.465018521234743	0.27728234974656274	0.2772823497540896	7.526868017748711e-12	2.714513932972648e-11	0.024021587274419613	0.05921365754090115	-0.0705141996854016	-9.532366335626326e-19	1.137995638322103e-16	draw3995	kinetic_box
0.09929838820853779	0.6495369552542248	0.03433141819055829	0.695074661251228	0.6950746612285527	2.267530607724666e-11	3.262283513136242e-11	0.9965299552302292	0.03421228663242733	-0.9083098132532758	-1.42080404620477e-17	6.171999519776225e-18	draw3996	kinetic_box
0.7772241510529562	0.1780516458958256	0.6301855587200361	0.5228866313611679	0.5228866313642282	3.060329767379244e-12	5.852759630504885e-12	0.11478210078224325	0.07233402231251747	-0.16051467778260597	8.270474350741941e-18	1.8963956008936238e-16	draw3998	kinetic_box
1.744477097795652	0.3276010232591812	-0.296172906734723	0.8177589273572936	0.8177589273460527	1.1240897102027247e-11	1.3745979072962677e-11	0.17588176386973053	0.05209141324692827	-0.0829473603491111	-1.787561012787048e-18	3.518342511884781e-17	draw4000	kinetic_box
0.036839257631456686	0.13735303296772886	11.053242657506107	0.08268115724482672	0.08268115723914345	5.6832732964196e-12	6.873722485501192e-11	0.10783505808213528	1.1919270639681063	-1.3005707739453132	6.482141737228163e-18	3.645857920613306e-18	draw4002	kinetic_box
0.21629878220587753	0.05105712253823097	13.655045323015106	0.06807758062733743	0.06807758068191742	5.45799933027169e-11	8.017322700954073e-10	0.04998250724168139	0.6825134017430902	-0.708257775631373	-1.680203921567754e-17	2.819125770678327e-17	draw4004	kinetic_box
0.004094116839497298	3.6231440144679414	0.020076596153718568	0.7000446053354816	0.7000446053266163	8.8653528962368e-12	1.266398287877747e-11	181.28842796894884	3.639654555675084	-184.68612077555497	1.0265561623152303e-14	7.004171129195638e-20	draw4007	kinetic_box
0.22774554060925056	0.31844171397080634	2.1262976329661543	0.30466096781870367	0.3046609678187926	8.892886427247504e-14	2.9189451116484503e-13	0.15972618565934713	0.3396254104901823	-0.5190565969265316	1.0247851986778922e-17	4.1801841116964147e-17	draw4008	kinetic_box
0.08391534723719911	1.8238325741109251	-0.11381194520201943	0.7484121641622217	0.748412164149871	1.2350676037442554e-11	1.650250574357221e-11	1.8748811014304212	0.21338386517630092	-1.5705014412637528	2.5989792377339662e-17	1.3314576699943093e-17	draw4011	kinetic_box
1.1436331857016502	0.15580803796344303	-0.06622062016462246	0.730892628663323	0.730892628617551	4.577205281464103e-11	6.26248658455028e-11	1.4752978010073237	0.09769513531020874	-2.0131974457518345	2.403095062608834e-16	1.2407691035283259e-16	draw4012	kinetic_box
0.08075671118941913	0.009719377615484472	96.91946125425099	0.010211941975385715	0.010211941977138464	1.752748987615682e-12	1.716371863000761e-10	0.023255001394103508	2.253862206583367	-2.2772252135967284	-7.968027698455411e-17	1.536637693411515e-17	draw4013	kinetic_box
0.7086296487056285	2.994094851276658e-06	0.003054361372418524	0.7060278114034985	0.7060277272060873	8.419741115428536e-08	1.192551055855465e-07	16.761002465129344	0.05119415849250273	-16.761277672914726	3.5393111111535166e-16	3.746660222619425e-17	draw4014	kinetic_box
0.09743306753936978	0.15801132730646814	45.99714170882197	0.021273074622453522	0.021273074620943296	1.5102259720567446e-12	7.099236941377201e-11	0.12598363198697446	5.794886973496939	-5.92051970459542	-7.182416840195569e-17	2.306234228304339e-18	draw4015	kinetic_box
0.8991713695615117	1.4810360082967242	-0.07688036944840212	0.7347878040956483	0.7347878040956533	4.9960036108132044e-15	6.799246779772129e-15	1.3857816908583946	0.10653940836802477	-0.780350680264303	1.4609780363039002e-16	6.210405562579179e-17	draw4016	kinetic_box
0.7494814686203016	0.026868469015412993	0.16074361229932707	0.652699560211814	0.6526995601686794	4.313460699734151e-11	6.608646554962298e-11	0.518152006865067	0.0832896253036366	-0.7023103526589464	2.443618287706733e-17	2.3811932915214993e-16	draw4017	kinetic_box
0.6541976399638241	0.49874283255512997	-0.1358693630829616	0.7566379761245999	0.7566379761274445	2.844613433694576e-12	3.759543564352423e-12	0.1811272237487225	0.024609640527724005	-0.05575478263738004	0.0	1.7961164274884294e-17	draw4019	kinetic_box
0.002705861326656631	0.36371092781847464	0.13232084204392897	0.661954075470236	0.6619540755354905	6.52544684953682e-11	9.857854329634625e-11	2.758866776685777	0.3650555749780821	-3.0973811734813372	-1.0837786717859346e-17	3.054104548896243e-19	draw4021	kinetic_box
0.6905149429063321	0.016513768234586782	1.6595310246037451	0.3519489648282945	0.35194896485729854	2.9004021406819902e-11	8.240973636214526e-11	0.012545782780239465	0.02082011575174682	-0.02117118797821946	1.1412998560128351e-18	9.071325472912533e-16	draw4022	kinetic_box
0.4965193248706812	0.2855068210803487	0.027210983133930892	0.6975525436281618	0.6975525436426032	1.4441448037416649e-11	2.070302541225603e-11	2.4352198527558917	0.06626472634075423	-0.7370557569282978	0.0	3.2163901649669264e-18	draw4026	kinetic_box
0.5530478705005666	6.68531494285384	-0.17938189105822713	0.7730334568001208	0.773033456746043	5.407785330646675e-11	6.995538528707227e-11	2.078812856117587	0.3729013812865271	-1.696373308857807	-2.1636765879306432e-17	3.577676006712488e-18	draw4027	kinetic_box
0.2678103421813104	0.30005824703805084	0.3345619671853723	0.5996463034067795	0.5996463034193502	1.257072224092326e-11	2.0963561634986327e-11	0.29223029911985393	0.09776914374470812	-0.3323344479804865	2.6637284549864137e-18	1.4173636031290686e-17	draw4028	kinetic_box
0.3426725672722791	3.3685545254575504	-0.1821691437389658	0.7740904303725252	0.774090430362477	1.0048184506672442e-11	1.2980633931835664e-11	12.29593037944817	2.23993910869801	-8.731496010999921	2.7156276251331892e-15	7.25535679821225e-18	draw4029	kinetic_box
0.6484799700114844	0.020245132306313134	3.337670335218639	0.2246460325745278	0.22464603320988377	6.353559622862548e-10	2.8282536451140012e-09	0.04339462707218297	0.14483695948670078	-0.07854076769097763	-2.4941643229017947e-18	7.764930105266183e-17	draw4031	kinetic_box
1.1776392436924077	0.014786218996805118	14.29967051473376	0.06522171765834213	0.065221718077642	4.1929987260047596e-10	6.428838199283988e-09	0.17174474014905575	2.455893196770064	-0.24482916323900908	8.324425920215774e-17	1.6605360490819675e-17	draw4032	kinetic_box
0.28643533114176845	7.1334952082645025	-0.28650758267580306	0.8140387927331019	0.8140387927409002	7.798317547269562e-12	9.579786143867081e-12	1.5565794194396694	0.44597180670656456	-1.0420097002762923	0.0	4.605248222439295e-18	draw4034	kinetic_box
0.2272890820163042	0.008551535284028087	79.82343505885561	0.01237170217505501	0.012371702178159794	3.1047837911746257e-12	2.5095849758294466e-10	0.001460776343396879	0.11660418558265334	-0.1118611312127926	2.8006745078854064e-19	2.1025483822657367e-17	draw4038	kinetic_box
0.003932269619760309	6.745023594870075	0.004409945680375401	0.7055493526864833	0.7055493526451357	4.1347592016904855e-11	5.860340153653447e-11	14.805522586851096	0.06529155037758443	-14.858657836877928	7.739022510104092e-17	2.0062021595229853e-19	draw4039	kinetic_box
0.7737763962610352	0.436142372253617	0.19059901327711834	0.6431531815029282	0.6431531814800722	2.2856050385655635e-11	3.5537490980076605e-11	0.22682970528698493	0.04323351800963888	-0.2983962078375081	4.641344976445847e-18	3.9593277821940004e-17	draw4041	kinetic_box
0.09114661211936691	0.03736049989503686	94.13729162998969	0.010510544775406932	0.010510544767111718	8.295213474451835e-12	7.89227738262262e-10	0.002862442696614725	0.2694626029053544	-0.26526848822586585	-1.376977471996813e-18	1.8397795954143504e-17	draw4042	kinetic_box
1.2024991314898714	0.3330954038776486	0.002948020112075761	0.7060652679741715	0.7060652679747064	5.349054532644004e-13	7.575864123705381e-13	0.7678910250747853	0.0022637581858029397	-0.6665752980289943	-3.180534830820712e-17	2.3971522774256712e-17	draw4043	kinetic_box
0.5813918587511788	0.025041566808900188	40.66532510171666	0.02399386305386908	0.0239938630836327	2.9763618653033674e-11	1.2404679708844712e-09	0.0015178741738883861	0.06172484674467083	-0.037774495367853295	6.337905112592255e-20	1.4566664260114493e-17	draw4045	kinetic_box
1.2648001004309815	0.14690317388545973	0.37219400671149677	0.5889575265340979	0.5889575266072773	7.317935146744503e-11	1.242523410626888e-10	0.1664451053089568	0.061949870642457654	-0.2808517972460785	0.0	7.073722282562639e-20	draw4046	kinetic_box
0.04939573674780004	0.0016495669648843398	257.45397336157924	0.0038691319116906766	0.0038691319072202113	4.47046523063821e-12	1.1554181500754332e-09	0.00697432368825924	1.7955673450521257	-1.7967755388457378	-1.7721647069924997e-17	5.405585215928554e-18	draw4047	kinetic_box
0.23333566438183023	0.15433167606328682	10.055543492980016	0.09008459133165192	0.09008459133054414	1.1077805339709812e-12	1.2297114496598448e-11	0.010346048120382952	0.10403513685497491	-0.11334674465286763	-2.4738799326213782e-20	2.1726722767595895e-18	draw4049	kinetic_box
0.5323010048223028	0.06952335074939364	0.46168071620639856	0.5646464812074679	0.5646464811835294	2.39384068123627e-11	4.239538828292441e-11	0.5617966741240926	0.25937069087198383	-0.33623612793004143	-3.6938543882093014e-17	1.526966797107105e-17	draw4052	kinetic_box
0.8455944217200188	0.01296058054333385	6.98934924306083	0.12419753887310553	0.1241975388025656	7.05399350042768e-11	5.67965643155077e-10	0.025398558514489897	0.1775193957280862	-0.16202365869797875	2.5005608427673367e-17	5.81078430545261e-16	draw4053	kinetic_box
0.22870683710252776	0.026658379018367748	7.10896491100485	0.12239314239720663	0.12239314238017565	1.7030973853415787e-11	1.3914973929270028e-10	0.04312102751236186	0.3065458715118552	-0.3175982020375538	5.748279909801774e-19	9.207920916369947e-18	draw4054	kinetic_box
0.5886883501419868	1.213424453858602	-0.08317915743172981	0.7370975306955635	0.7370975306961116	5.481171072574398e-13	7.436154435896705e-13	8.304389884090462	0.690752153543225	-5.381189544133202	1.789294574650323e-15	3.732571112587175e-17	draw4055	kinetic_box
0.36059503968321505	0.1718716108747332	0.39423776561523527	0.5828255080001469	0.5828255079919042	8.24262880172455e-12	1.4142532694089025e-11	0.24767365617808756	0.09764230881340526	-0.39084874504295436	-9.355862909522656e-18	4.4180580155388636e-17	draw4056	kinetic_box
0.004722206108808265	1.81507382192823	0.002173794861087603	0.7063386467659617	0.7063386467642101	1.7515988659511095e-12	2.47982872518064e-12	16.427778778017807	0.035710621086739086	-16.39294667561759	0.0	1.7750147976940686e-19	draw4057	kinetic_box
0.05542742489405183	0.022141332442099114	30.305966717749325	0.03192650871972261	0.0319265087097865	9.936107492336532e-12	3.112181035094137e-10	0.061648571729221564	1.8683195630225706	-1.930707667317085	-1.3376511790401668e-17	3.505073058147805e-18	draw4058	kinetic_box
1.8063894323205052	0.3339194324708463	-0.33601312255128796	0.8330792327588542	0.8330792327541414	4.712785717231327e-12	5.657067817728407e-12	0.026542144551648914	0.008918508870007206	0.006678598407263245	0.0	3.827438168795494e-18	draw4060	kinetic_box
0.736732502572667	6.734024193076059	-0.3496926929620196	0.8383258777605723	0.8383258777690256	8.453238109495942e-12	1.0083475094424995e-11	0.26984363258826066	0.09436234655844267	-0.14663029051460677	1.862374129264692e-18	3.009785652372951e-17	draw4061	kinetic_box
0.7068557092451863	0.01172540665863323	2.0475021420993014	0.3117812153330264	0.311781215184234	1.4879236731601964e-10	4.772332650897426e-10	0.054422221976361325	0.11142961607440346	-0.1710859734558309	8.354958524224707e-17	2.745951179065693e-15	draw4062	kinetic_box
0.43298057792176253	0.16530978852101827	114.5324964044719	0.00865524915971908	0.008655249161488245	1.7691646758688506e-12	2.044036679776701e-10	0.002294307780376875	0.2627727976067663	-0.24601004644775012	-2.3920049103060085e-19	3.5351763408037865e-18	draw4065	kinetic_box
0.548621965839163	0.2331466638287516	0.14510625720249398	0.6577711401656705	0.657771140165791	1.2045919817182948e-13	1.8313238574357e-13	0.2680227894190378	0.03889178381756878	-0.2936418247495378	0.0	1.0502233853678908e-17	draw4066	kinetic_box
0.0730369649553034	0.0016367867117818417	45.200128325143694	0.021639892949558828	0.021639892925475034	2.4083793986884316e-11	1.1129349886261342e-09	0.005549840661506074	0.2508535100841749	-0.24773485114639804	1.0260949160197295e-17	1.5503678829917796e-16	draw4068	kinetic_box
0.1742679973662279	0.2117495813052492	0.011305374512957211	0.703121087437763	0.7031210874363842	1.378785974281982e-12	1.9609509640922683e-12	1.2800954284346204	0.0144719582307778	-0.748052361597846	-2.0118622812828414e-16	3.7673448744260605e-17	draw4070	kinetic_box
0.08385269052062297	0.0329669349490695	21.434950258035155	0.044529097509410524	0.04452909751536096	5.950434589507836e-12	1.3363025350907116e-10	0.034941714400453475	0.748973910104191	-0.7728471218970941	-1.991302816866128e-18	4.061646299645686e-18	draw4073	kinetic_box
0.06856905901599694	0.15694505161476763	3.2741264197056896	0.22781374095423443	0.2278137409753863	2.115185804285602e-11	9.284715641951262e-11	0.044247973450504845	0.14487345889273384	-0.18783794653310174	2.8695642294356406e-18	7.470101156968056e-17	draw4074	kinetic_box
0.42221474514773705	0.00769801142331402	11.784441587818158	0.07798187898996281	0.07798187896868264	2.1280172068927072e-11	2.728861159843705e-10	0.003432091589828358	0.040445282864374245	-0.01873962004214528	-8.755406098666852e-20	3.827051984792755e-17	draw4076	kinetic_box
0.026296040968815146	0.0007601641594641725	1334.5050708422182	0.0007487801741701576	0.0007487801742553098	8.515226284505628e-14	1.1372131070342965e-10	0.0005321642657454856	0.7101759111583762	-0.7107016478836109	1.5263439220129022e-18	3.021595183570746e-18	draw4077	kinetic_box
0.2483719006921008	3.244828464656696e-05	-1.327436758781778	0.9503509726799038	0.9503510366076947	6.39277909497693e-08	6.726755534245681e-08	5.193389623266311	6.893896288599553	-5.192468756060628	1.1836374691618476e-15	1.1946558761742157e-17	draw4078	kinetic_box
0.48978927282891666	0.017263510089360015	2.89629543979293	0.24859691521693064	0.24859691531449124	9.756059848875509e-11	3.9244492782758226e-10	0.07531444781188495	0.21813289174808498	-0.1112351032655153	-2.0264742461592418e-18	8.206582861934313e-17	draw4080	kinetic_box
0.0005080327226727219	1.1078646735155315	0.0003059695505256797	0.706998612894343	0.7069986128904905	3.852473895449293e-12	5.449054390218466e-12	14.629271657698412	0.0044761116736240485	-14.611338980708688	0.0	1.6629551699471476e-19	draw4081	kinetic_box
0.02053557268693256	0.008656892547324244	109.87848637244885	0.00901851535881539	0.009018515359278024	4.626334038082547e-13	5.1298177735242086e-11	0.0049320448857064075	0.5419256267623975	-0.5468797210488088	-1.1079360680955086e-18	3.7150357186959044e-18	draw4082	kinetic_box
0.6309247927360608	9.313066570124095	-0.23909467869905685	0.7958149815951926	0.7958149815805469	1.4645729073947678e-11	1.8403434734113935e-11	4.7074539190318605	1.125527182261539	-3.237113312338093	5.213018107235089e-16	9.031663854248938e-18	draw4083	kinetic_box
0.9514030134044987	0.13475719192077804	-0.04517250467429025	0.7232536530618194	0.7232536530198816	4.193778657679559e-11	5.798489423688089e-11	0.29294512672385015	0.013233065106243669	-0.07798218744429727	-2.055515400974563e-17	1.2934343839486137e-16	draw4084	kinetic_box
0.179761528720171	0.0022464973821260596	1392.9076066373216	0.0007174074782651049	0.0007174074794495395	1.1844346033476616e-12	1.6509928280319408e-09	4.0645390111042775e-05	0.056615273060412856	-0.05554517893562099	-1.6939928237074163e-21	5.401981427724963e-19	draw4086	kinetic_box
0.9346858472995859	0.022732637297471443	1.1873566312268242	0.41578230132409244	0.41578230012055195	1.2035404894916724e-09	2.894640991554277e-09	0.013515648856288871	0.016047895294847837	-0.01764300084577704	-2.9622180701768575e-20	2.846273619818311e-17	draw4091	kinetic_box
0.21518289115638048	0.018588051392942236	16.42634795223441	0.05729012029086096	0.057290120397257234	1.0639627373576488e-10	1.857148719499961e-09	0.03890023239117633	0.6389887526802418	-0.18401342611191254	0.0	8.295729652012219e-19	draw4095	kinetic_box
0.0904554785950098	0.00047742985436052766	721.8899357425962	0.0013833351337477024	0.0013833351299382003	3.809502192864134e-12	2.7538534303211985e-09	0.0008280218427860933	0.5977406348823195	-0.597312546063087	-1.4395805437432922e-17	4.0163519901148244e-17	draw4096	kinetic_box
0.07108749299068345	0.7758434532772595	-0.04027116575860785	0.7214850534225176	0.7214850534176706	4.8470116809085084e-12	6.71810407983955e-12	5.5334439089910905	0.22283823687493914	-4.004331705283105	-2.4004882553956354e-15	7.115569471873943e-17	draw4097	kinetic_box
0.04359225261324898	0.28143469287457307	140.58611939470373	0.007062663084879737	0.007062663087024621	2.1448840967219773e-12	3.0369339019760323e-10	0.034925534446656394	4.910045355641473	-4.944933264446421	-5.3607344479407635e-18	2.031856083298363e-19	draw4098	kinetic_box
0.7377793307882139	0.06974936533003663	0.326348483169187	0.6020164879769957	0.6020164879257982	5.1197490691379244e-11	8.504333638398557e-11	0.36664678071809437	0.11965462074621563	-0.5962540943679768	2.4414396721518325e-17	5.325030179514767e-17	draw4099	kinetic_box
0.12437472476703093	2.377488707229843	-0.009170721585701511	0.7103565199428608	0.7103565199490744	6.213696224222076e-12	8.747292450652156e-12	1.7081715609016666	0.015665165805642357	-1.5385549840159103	4.7233911270978225e-17	1.5554806363804736e-19	draw4102	kinetic_box
0.42859499230987375	0.00019840384635505916	-0.9505957531229244	0.9987818394874239	0.9987818396878781	2.0045420878744835e-10	2.006986919686994e-10	0.29486882122127306	0.28030104918130505	-0.29489094569679486	9.154454053388337e-20	2.307695799719549e-18	draw4103	kinetic_box
0.6107378260197894	0.0016359585557842319	0.1375291867723918	0.6602461526127602	0.6602461570422578	4.429497546531991e-09	6.7088577484116875e-09	0.38188347256627575	0.0525201234238569	-0.38898799636362624	2.939702307123836e-17	1.86601460092748e-17	draw4104	kinetic_box
0.804872711135567	0.0007602138486916345	-0.005261954660940443	0.7089696032831221	0.7089696039153222	6.322000700720309e-10	8.917167486175325e-10	3.0469066993487104	0.016032684908088606	-3.07626066750381	-2.633832683466923e-17	2.923336400597385e-17	draw4106	kinetic_box
0.32059908108560525	1.3803902714065144	-0.05310538815448215	0.7261244323661462	0.7261244323567946	9.351630581022619e-12	1.2878826499020106e-11	3.425168108374547	0.1818948818895837	-2.415954897436299	-3.7107024597272154e-16	9.497311029703797e-18	draw4108	kinetic_box
0.021517061254724853	0.20944216865340062	468.5197450783163	0.0021298310509035314	0.0021298310505354265	3.681048521553265e-13	1.7283288834707674e-10	0.06542741241353892	30.654034585125125	-30.66259689646023	0.0	1.2479931443838864e-20	draw4110	kinetic_box
0.2920728915365609	0.0394170889409166	273.96516879286656	0.0036368002205919977	0.0036368002216801126	1.0881148412855701e-12	2.9919565963480055e-10	0.0002552542699257462	0.06993077914530697	-0.06940648383008376	-7.999648517107512e-21	1.6903047331720247e-18	draw4111	kinetic_box
0.4068744253342557	0.09009883818413533	150.40781491745008	0.006604534848612152	0.006604534847604038	1.0081145987439477e-12	1.5263975768250611e-10	0.01107181476932051	1.6652874666242492	-1.534683055946321	1.1944827616972589e-17	4.0754836949250375e-18	draw4114	kinetic_box
0.18566867814650478	0.09667429970013507	0.15573417686376514	0.6543189104729888	0.654318910382725	9.026379643728433e-11	1.3795076835619364e-10	0.6997828671286604	0.10898010879564746	-1.0682244139877428	-3.248610765693514e-17	1.7786276301298445e-17	draw4115	kinetic_box
0.6049297593655235	0.10124436054638765	0.45915830302570626	0.5653108199883581	0.5653108200543739	6.601585944565613e-11	1.1677798673534402e-10	0.14611394042465464	0.06708942893378356	-0.23941778750315687	-7.227480959752282e-19	3.901782902650344e-18	draw4117	kinetic_box
1.0474787011165398	1.9709738229889673	-0.20152092398835747	0.7814482406366406	0.7814482406484505	1.180988640214764e-11	1.5112819746510307e-11	1.051193534713553	0.21183749240606276	-0.558153493970039	-8.489535627728203e-17	1.0550069734660846e-17	draw4118	kinetic_box
0.1851013993343718	0.015287538571261248	7.314198123088584	0.11941552861987843	0.11941552865323495	3.335651199698475e-11	2.793314435164218e-10	0.0340155977674763	0.24879682134661135	-0.21129535429769314	1.5222888619065577e-17	1.8314276239805491e-16	draw4122	kinetic_box
0.5217111219071233	0.17616471587781452	0.2561567221172282	0.6228227448657501	0.6228227447659601	9.978995407777802e-11	1.6022207749538174e-10	0.03543263337423192	0.009076307221124751	-0.007144019019757711	-2.211740407263399e-19	1.3262416644438537e-16	draw4126	kinetic_box
0.5213872674885638	0.9955828310222332	-0.17864686393639786	0.7727548452797003	0.77275484530276	2.305966528837189e-11	2.984085499889331e-11	0.6691628712595198	0.11954384841318874	-0.489880304761642	-4.625961075764804e-18	3.4160317409433846e-18	draw4131	kinetic_box
1.205100040090857	0.013203271014208578	0.9127529383529106	0.46330947076955376	0.4633094722199053	1.450351561071983e-09	3.1304163804870105e-09	0.7349348526635646	0.670813946266632	-0.812508238281378	-8.740431870344143e-18	7.13383390887984e-17	draw4132	kinetic_box
2.5382222526757374	0.9312434064506306	-0.06420961510742908	0.7301597501401276	0.7301597500953113	4.481626181274123e-11	6.137870761417779e-11	0.49292407987318126	0.0316504654458406	-0.2372769257245383	3.7913645403411325e-17	8.885512954366843e-17	draw4134	kinetic_box
0.013746257896979178	0.2752495915157367	5.704052821948547	0.14753126484149778	0.14753126487545332	3.3955532829921253e-11	2.3015821669113118e-10	0.11367901485337739	0.6484311054707382	-0.7612153094622962	6.610056944174324e-19	1.1925107617888567e-18	draw4135	kinetic_box
0.024728873132963215	0.24803198400586568	2.7983619020524264	0.25459594041413347	0.2545959404454527	3.131922499122197e-11	1.2301541390025474e-10	0.493362111150444	1.380605735759557	-1.8524358690640563	-5.84666238606631e-17	1.2676554549553325e-17	draw4138	kinetic_box
0.5470546420869485	0.007937740619688695	7.564407366775681	0.11597442352793548	0.11597442271260845	8.153270281141545e-10	7.030231399681838e-09	0.023608624331246848	0.1785852518107232	-0.03416731122991941	-4.409430042249141e-19	7.660286972600708e-18	draw4139	kinetic_box
0.7134098280162124	0.001004539640188011	0.08179455050387596	0.6788005342606168	0.6788005272281145	7.0325023582284985e-09	1.036018988810418e-08	0.11064686224290371	0.009050310361822593	-0.11170045638138004	6.1368800111730274e-18	3.462544835634845e-16	draw4140	kinetic_box
0.5773250487419321	0.1372474418005799	-0.22078475859431806	0.7888024081694236	0.7888024080537243	1.1569933899835405e-10	1.466772132248282e-10	0.13118781145226446	0.028964269282005118	-0.16119086686047496	1.4382134461055337e-18	7.109990081895576e-17	draw4141	kinetic_box
0.023559474151227184	0.10465376560937083	0.9102314061512076	0.4637895650145075	0.4637895650421663	2.76587641678816e-11	5.963645207361867e-11	0.20252296799355035	0.18434276593468535	-0.36068292409607616	-6.665497176102692e-18	3.287431568904765e-17	draw4143	kinetic_box
0.3207897168468911	0.18910703543437773	26.740834832503833	0.036024543288845384	0.03602454329555319	6.707807920225406e-12	1.862010536870125e-10	0.013494175605813	0.3608455210758477	-0.35349751838639537	3.023433330438806e-19	2.085278478840373e-18	draw4144	kinetic_box
3.10166907837763	0.06706703067395399	0.012979924343393522	0.7025326710604761	0.70253267108009	1.961386608684279e-11	2.7918795657841763e-11	1.8669997832099252	0.024233515935196938	-2.0508672709531086	4.3006473763276457e-17	1.868044431790987e-16	draw4145	kinetic_box
0.4748178390108395	0.001288091551128184	34.66588966884601	0.028026981359529884	0.028026979736824074	1.6227058100004577e-09	5.789799062324285e-08	0.005197076019764721	0.18016126390177087	-0.1675648466736808	-3.2447667388674726e-17	9.42558514779846e-16	draw4146	kinetic_box
0.4706761078438992	0.0724561120186408	21.705965997962878	0.04399863846787741	0.04399863855535885	8.748143875969561e-11	1.988276038351208e-09	0.0014766904137067706	0.0320529919094369	-0.02072961172363331	1.9903242198788797e-19	1.73601268171449e-16	draw4148	kinetic_box
0.014183991173053969	1.0167223748192422	0.04541844660697671	0.6912351099608868	0.6912351099436983	1.7188472867246674e-11	2.4866319172714897e-11	13.78530550592601	0.6261071620817625	-14.13845064424152	0.0	2.2895660469852194e-18	draw4152	kinetic_box
0.015367098612060738	2.5763565148984253	-0.006022499785986501	0.7092392525747836	0.7092392525470331	2.7750468589715638e-11	3.912709073850276e-11	24.29335560475435	0.14630672893052707	-23.85521832765461	0.0	7.858207551105328e-20	draw4153	kinetic_box
0.28879385777347705	4.392375366466278	-0.11499793568123169	0.7488528431622884	0.7488528431443674	1.7920998018894352e-11	2.393126791593079e-11	0.9352037352136388	0.10754649899094566	-0.7673569178286253	-1.9429491121691482e-17	1.1398483718600518e-17	draw4154	kinetic_box
0.14135733582365392	0.01759056836333549	53.416675010423845	0.018373617838720064	0.018373617841294425	2.5743608633721493e-12	1.4011181061937146e-10	0.0030731945606523063	0.16415983509016654	-0.16155273523967528	9.149899848574943e-19	3.1904702666446676e-17	draw4156	kinetic_box
0.9108240895602792	0.002531700537214696	0.4406781397875488	0.5702146229469808	0.5702146312763235	8.329342771062898e-09	1.4607381701902584e-08	0.1530116261016511	0.06742887875634353	-0.1588137437486825	-2.438099473534269e-18	5.3288556424191945e-17	draw4157	kinetic_box
0.16910450870715055	0.24860577734607822	0.6092205836466312	0.5278098891854882	0.5278098891960186	1.0530354366267147e-11	1.9951036503517224e-11	0.9786865567431247	0.5962359953061581	-1.5873418759404065	8.195491595913146e-18	2.8174713342257456e-18	draw4158	kinetic_box
0.021811370189510498	0.0005802035688753017	6353.348730632805	0.00015737253802403873	0.00015737253808500938	6.097065127080858e-14	3.8742878530607103e-10	3.8261549568840426e-05	0.24308896738523653	-0.24296659110855537	-5.047233344004766e-20	8.53114177476955e-19	draw4162	kinetic_box
0.08552952974127812	0.060244554850265725	13.333605727103	0.06959694662053098	0.06959694662027545	2.555317069052876e-13	3.671593644754013e-12	0.006901573883443372	0.09202286505830502	-0.09904330424383895	3.7531328418677334e-20	3.863021948126814e-18	draw4164	kinetic_box
0.034908214426008055	0.7102368162645498	0.1923467901486104	0.6425998916158231	0.6425998916054366	1.0386469462275727e-11	1.616319827930057e-11	3.8862973166055705	0.7475168144122393	-4.449516237165652	2.56954262395918e-16	4.5954538653017786e-18	draw4165	kinetic_box
0.34870993333446443	19.946214359020352	-0.35744632124170395	0.8412945864419851	0.8412945864507217	8.736678047682744e-12	1.0384802408560952e-11	2.1064203273422772	0.7529321969972427	-1.3221954537457925	1.4614629422269128e-17	1.7625230963837314e-18	draw4166	kinetic_box
1.2125191329101723	0.10104325675284145	63.68484824863322	0.015457723830114107	0.015457723861478983	3.136487597421578e-11	2.0290746720076813e-09	0.00928445344075385	0.5912790084459096	-0.183914295057603	-9.109010947135604e-19	2.26751844427324e-18	draw4167	kinetic_box
2.2663756525898644	0.03203189574947365	0.4492609300329529	0.5679291097890601	0.5679291111766924	1.3876323423644976e-09	2.4433196239746576e-09	0.14178201042212432	0.0636971178641854	-0.15250700343652315	6.064901752308338e-19	1.7970659409125966e-16	draw4168	kinetic_box
0.7397232970809688	0.10629741040583371	-0.1629441658129142	0.7668155938009903	0.7668155939947355	1.93745242071941e-10	2.5266210493010805e-10	0.4012984022017855	0.06538923338882527	-0.49524785174477376	1.9051841731661722e-17	6.524402349370236e-17	draw4170	kinetic_box
0.40107859539871576	0.7059371789118857	0.07329361918467761	0.6816838171272185	0.6816838171370952	9.876766071670318e-12	1.4488778849335621e-11	0.8557793249274761	0.06272316394735492	-0.684834370947895	-1.4844051063217958e-16	1.1299668122908862e-16	draw4172	kinetic_box
0.4332843837849562	0.13905361844575198	4.165317613952981	0.19006974286807454	0.19006974287294612	4.87157536532834e-12	2.5630462227671817e-11	0.03846379037148016	0.1602139035337214	-0.2006282814357906	-6.537865024249873e-19	4.212490574901551e-18	draw4173	kinetic_box
1.1292924384215905	3.5254002122285124	-0.16972148315706345	0.7693759137311694	0.7693759137304123	7.571721027943568e-13	9.84138038742487e-13	0.15516657968543632	0.026335102040620926	-0.08095984473568263	0.0	1.6057381493580787e-18	draw4174	kinetic_box
0.8411985521617059	0.09901993151776879	0.1275886447746208	0.6635105324823282	0.6635105324858632	3.535061132708961e-12	5.3278146459329625e-12	0.24221200806875515	0.030903501857631993	-0.2323495530128934	5.6168908630955175e-18	4.1778136819066693e-17	draw4175	kinetic_box
0.1586381284438042	0.008994995886565762	7.1303292649696886	0.12207632475127594	0.12207632474339443	7.88151488517741e-12	6.456219010315413e-11	0.014654402573670925	0.10449071553169291	-0.11886425978923856	1.3173990983419894e-18	9.097478248999995e-17	draw4176	kinetic_box
0.7492878671990224	0.06189458085123032	0.10580524716200088	0.6707324123191054	0.670732412311209	7.896461262646426e-12	1.1772893508212625e-11	0.33416253511479516	0.03535614962010171	-0.01853558888675244	7.157422610888511e-18	4.1044596082756264e-17	draw4177	kinetic_box
0.06974969053091629	0.08240594537983997	17.083731407379563	0.0552139667934683	0.05521396679350066	3.2356062273919406e-14	5.860122746646796e-13	0.0564424295093821	0.9642473057182379	-1.0222237221201274	1.3264190873315786e-18	1.1226508537586326e-18	draw4178	kinetic_box
0.35729734817931136	0.16473401634214105	0.2909120142741477	0.6123968751180936	0.6123968751900679	7.197431539651689e-11	1.1752887434995227e-10	1.5962050317622434	0.4643552209844842	-0.2278347673367933	3.1073822423383183e-16	1.3497251010555967e-17	draw4179	kinetic_box
0.47209044653915444	0.005540522002280206	150.74984847982398	0.006589649334199114	0.006589649334365385	1.66270643087163e-13	2.523209273368348e-11	0.0009065645720498796	0.1366644718736958	-0.1369238874784428	1.2626084524385452e-19	6.723261571202035e-18	draw4180	kinetic_box
0.09356826376227531	0.05440060419301594	27.30813825042816	0.03530350982330428	0.035303509823402926	9.864331573794516e-14	2.794150389901286e-12	0.05551594817164973	1.5160371877750154	-1.5678044358318255	-2.302530185079846e-17	8.853273859329147e-18	draw4182	kinetic_box
1.957973760184962	0.004330547053363072	-0.9013177936506555	0.9951661872000238	0.9951661869619204	2.381034258647219e-10	2.3925996379721534e-10	2.2212295073130672	2.0020336787231465	-2.222853883230768	-1.440626763571273e-16	1.6974325632461375e-17	draw4184	kinetic_box
0.16261279341257256	0.0008920201849178249	1279.4471227696858	0.0007809769544574337	0.0007809769550455082	5.880745109626551e-13	7.529985451726773e-10	0.00011464013209197119	0.14667598715900929	-0.14671580039427004	3.9679391838700806e-19	1.8419560750987442e-17	draw4185	kinetic_box
0.4023652249667122	8.928236520105017	-0.2785144947696741	0.8109627099727442	0.8109627099904051	1.7660872764224678e-11	2.177766319789677e-11	2.090526748850394	0.5822420012585567	-1.4137685586243258	0.0	6.004631504581674e-19	draw4187	kinetic_box
0.011027255660771	0.10060000492746396	0.06410370345630788	0.6848163911723357	0.684816391212629	4.0293324232720806e-11	5.88381422374718e-11	0.7042477060135267	0.0451448861060762	-0.669698884761269	1.0340152993430981e-17	1.6359276586521175e-17	draw4189	kinetic_box
1.643551255427537	1.780923782632035	-0.2469410150906955	0.7988255456334299	0.7988255456432485	9.81859038517996e-12	1.2291282419209078e-11	1.9098128485654824	0.4716111234580129	-1.2028413052737188	-5.263775718558567e-17	1.534214964718745e-17	draw4191	kinetic_box
0.08046209291183541	0.18930001325332438	18.40940446031915	0.051453171086214965	0.051453171083269744	2.945220456407327e-12	5.7240795744948366e-11	0.009943266209331144	0.1830496093042014	-0.1930823906060513	-1.6667149214476618e-19	4.143802200500861e-18	draw4192	kinetic_box
0.6089108258094729	0.007954292121443735	0.31230612955358533	0.606099861617233	0.6060998588189245	2.798308473828115e-09	4.616909958172626e-09	0.7213541713946542	0.22528332930559802	-0.8085944860354249	-2.010566125995147e-17	3.368977316997343e-17	draw4193	kinetic_box
0.33674512989776834	0.3995581389071369	0.4122807118048795	0.577876684081693	0.5778766840803452	1.34781075189494e-12	2.3323501172917142e-12	0.7443558268728269	0.3068835501392387	-1.0652908209556886	2.5525859907338816e-17	1.3127686774848929e-17	draw4194	kinetic_box
0.013768954906774322	0.005781419214142672	1533.7754464127136	0.0006515609759353482	0.0006515609759534924	1.8144231776762165e-14	2.7847327336033207e-11	0.0018019763740053495	2.763827117465218	-2.7656201475496087	-5.401958077972731e-18	7.062735933993663e-19	draw4195	kinetic_box
0.06322700044231525	1.2209836466094899	0.04427593360028008	0.6916297153620744	0.691629715380266	1.8191559369995502e-11	2.6302454861982867e-11	4.754769013579243	0.21052183712990374	-4.564407197097094	-2.747257875520471e-16	7.783224570232725e-18	draw4196	kinetic_box
0.059443732820734674	0.007012128779601621	7.187716560833742	0.12123331718613485	0.12123331720442308	1.8288232039864738e-11	1.5085153538302677e-10	0.06980424279544567	0.5017331119572843	-0.41885779758283176	-1.5967950008073584e-17	7.610535222781876e-17	draw4197	kinetic_box
0.22050909669897484	0.035644122857186204	93.39896024561297	0.010592742620474566	0.010592742681970803	6.14962369221983e-11	5.805506540517303e-09	0.0015949111542991258	0.14896304349566875	-0.07470948718681651	2.5436756012484884e-19	1.2301957604539571e-17	draw4199	kinetic_box
0.4106880535194466	1.4026990901255894	-0.09836786686757319	0.7426911076943741	0.7426911077000233	5.6492588385026465e-12	7.606471627211687e-12	0.9269969726851439	0.09118671479573563	-0.6467290015181945	2.5270997122982168e-17	9.536689748577163e-18	draw4201	kinetic_box
0.8196882481327518	0.07927376153903759	2.331185234953051	0.28751786724684986	0.28751786727928	3.2430169660813135e-11	1.1279358033534709e-10	0.292868701026665	0.6827311916132409	-0.6867540320137788	-9.388478318566057e-17	4.5894692994236004e-17	draw4202	kinetic_box
1.0298380280286905	0.004008059569347433	1.1327461195840396	0.42452971634020314	0.4245296777289037	3.8611299435498125e-08	9.095076613266727e-08	0.002614501659152385	0.0029615666090508984	-0.003138737557468848	-3.721739939320982e-20	9.769295034066968e-16	draw4203	kinetic_box
0.13685767105887106	0.4344660675097936	5.149630646195624	0.16050318769019026	0.16050318770607325	1.5882989368165568e-11	9.89574699117616e-11	0.0434166232576838	0.22357957368209824	-0.26685182755922837	-6.513216485532218e-20	7.69979946069213e-19	draw4204	kinetic_box
0.6544945698396529	0.0061491771512968965	54.96537558124721	0.017865338910083094	0.017865338912012217	1.929123527588672e-12	1.0798135636215536e-10	0.0008055256085345519	0.044276017613414355	-0.0431938006521709	-5.331735704900804e-19	2.6218848448100546e-16	draw4206	kinetic_box
0.33971684785728734	0.007639488691273104	237.50203573339815	0.004192799564955605	0.004192799474866786	9.008881921707124e-11	2.148655564309656e-08	0.002926325918412851	0.6950083628424581	-0.29078056924482454	6.247503012091301e-19	2.0803497119947057e-18	draw4207	kinetic_box
1.0935713641508138	0.01808549302303806	0.08958310209712245	0.6761711100245332	0.6761711104773511	4.5281789429196806e-10	6.696794454473156e-10	0.25379786388883585	0.022735999952785167	-0.29459397971850054	-1.2222025826031837e-17	1.656686258050975e-16	draw4208	kinetic_box
0.00046781074897658847	1.0452242208435905	0.005698347451073292	0.7050949892029512	0.7050949892988416	9.589040672608462e-11	1.3599643761678076e-10	4.495649457753668	0.02561777262850964	-4.517476062842015	-1.9607864042948943e-18	1.1920864060381338e-19	draw4209	kinetic_box
0.36328335784833204	0.996254640487106	0.6430874821630699	0.5198937595300736	0.5198937594966772	3.339639675914441e-11	6.423696408950232e-11	0.61588533298172	0.39606814808837826	-0.9220953123488487	2.7843040070474905e-17	1.7112585758991527e-17	draw4214	kinetic_box
0.6847551162258673	0.01896631261973791	14.74620310830933	0.06337969050358144	0.06337969092876668	4.2518523424295296e-10	6.708540669925712e-09	0.08207342363851539	1.2102713747678642	-0.16161465112617204	3.3180725160987714e-18	3.665564576157218e-17	draw4215	kinetic_box
0.3064046699614842	3.192320051974161	-0.05504176415311087	0.7268267117086457	0.7268267116965135	1.2132184146196323e-11	1.669198992133646e-11	0.16177524730392914	0.008904395007914054	-0.1406313280466858	-2.7988394533627416e-19	1.3932521435731086e-17	draw4216	kinetic_box
0.07350360354140241	0.1211438645147621	0.008001394481868486	0.7042835422080598	0.7042835422109517	2.8919089345436078e-12	4.10617139435782e-12	6.35340041321524	0.050836063007401386	-2.252829039643347	0.0	5.033059718260604e-17	draw4217	kinetic_box
0.5019244194908105	0.015215698064823382	2.60312871914483	0.267428086714399	0.2674280872645101	5.501111233208178e-10	2.0570431810205075e-09	0.06968423808793266	0.1813970414384235	-0.13079576156603362	7.035181710924707e-18	3.850980973725721e-17	draw4220	kinetic_box
0.41409912295523094	0.0037791709480597246	-0.28391521814118037	0.8130410924601797	0.8130410697379792	2.2722200565539197e-08	2.7947174394107716e-08	0.5979445127645825	0.16976554677787828	-0.6090950333564553	-5.4604145735147676e-17	1.42677349501966e-16	draw4222	kinetic_box
0.16154991744252464	0.1905696851258303	10.812841303567458	0.08435193524097201	0.08435193523253712	8.434891674014011e-12	9.999642154932346e-11	0.038857280942412475	0.4201576123184423	-0.45796144214854473	1.1722932289524813e-18	1.815705188892899e-18	draw4225	kinetic_box
0.3673796384698751	1.924662106804346	-0.16982179506098768	0.7694138450429181	0.7694138450465955	3.677391724465906e-12	4.7794717344125825e-12	0.43170394442801474	0.07331273877767433	-0.3430257142052516	7.484259894089361e-19	1.6973361486924534e-18	draw4226	kinetic_box
0.19253614094203633	0.06736315283548155	0.7566956868213741	0.49471137391769043	0.4947113743878299	4.701394828998673e-10	9.503308539886139e-10	0.02033627910568487	0.015388374685267374	-0.03905680513193311	-3.744793782806989e-19	2.0194536840968726e-16	draw4227	kinetic_box
0.665076957862699	0.00016146859783571147	-0.6303716244459244	0.9379752322029429	0.9379752348862547	2.683311794982046e-09	2.86074908503042e-09	4.7047092952946725	2.9657152410207432	-4.706246942351986	-6.473670645726832e-18	1.1567207690949618e-16	draw4228	kinetic_box
0.0021297805601572135	0.0003147687286427889	15672.53355752502	6.380182198844447e-05	6.380182198828762e-05	1.5684339677718429e-16	2.4582902476668565e-12	3.809911952258484e-05	0.5971097292298675	-0.5971471753183707	-5.065145678916351e-20	1.4204817896888569e-19	draw4231	kinetic_box
0.34769336086339175	7.453560221361551	-0.21229324919159742	0.7855573643584521	0.7855573643452446	1.320754616784825e-11	1.6812962066566108e-11	2.40344811777669	0.5102358101862426	-1.7574105012216703	3.33035076835101e-17	7.66873965504486e-18	draw4234	kinetic_box
0.0003696670603379357	0.20717085877724567	0.0217853307630859	0.6994468938199222	0.6994468937871928	3.2729374765949615e-11	4.6793223412194536e-11	4.9377062924722805	0.10756956479247919	-5.033449436297914	-8.752133430703996e-18	4.4511842915009833e-20	draw4238	kinetic_box
0.380423517698245	0.0010896189296535177	34.30694893672377	0.02831168313459488	0.028311682942447337	1.921475444033316e-10	6.78686409401849e-09	0.03211445409470347	1.101748936757751	-0.045956775098681006	4.015600969828067e-17	2.340302438359596e-17	draw4241	kinetic_box
0.8786072282987104	0.08793122718635878	0.025247069871396417	0.6982376165290431	0.6982376165586175	2.9574342974569845e-11	4.235569994113467e-11	0.09906979285902788	0.002501221982456647	-0.14022181268948905	-1.147518246648455e-18	1.8200119420081572e-17	draw4242	kinetic_box
0.00029311421938491125	2.415098791831266	0.00021510961347399855	0.707030732573282	0.7070307325437128	2.9569124926354107e-11	4.1821555365736477e-11	19.612010771418564	0.0042187320564877435	-19.610904064025526	1.701436629213612e-17	6.282502546072951e-21	draw4243	kinetic_box
0.21624167075054795	0.018395269164082368	525.5261488825224	0.0018992374799685107	0.0018992374805491146	5.806039243133609e-13	3.0570369964765785e-10	0.0040027174301055565	2.1035326761083204	-2.014596353642872	4.8024840856298395e-18	1.0184704469537248e-18	draw4245	kinetic_box
0.00029123037973014025	1.0752090250343713	0.004630020144933685	0.7054717210209289	0.7054717210080008	1.2928103032550098e-11	1.832547308073243e-11	10.844952819375733	0.05021235002456501	-10.888971128618655	-9.45004785800451e-18	7.266253279902536e-20	draw4246	kinetic_box
0.024710522787308887	0.03837727084769807	542.862205145509	0.0018386979283027665	0.001838697927770122	5.326444580538992e-13	2.896856792022727e-10	0.0026244212201832562	1.42469909081935	-1.426844524091362	-3.8672720201650287e-19	1.8346053279106172e-19	draw4247	kinetic_box
0.0746282405652415	0.03998940498913389	0.7950771442258351	0.48665966842476216	0.48665966842783387	3.071709553381652e-12	6.3118227226531545e-12	0.09908783715074027	0.07878247458932518	-0.19207805767120886	0.0	1.4421850759082517e-18	draw4248	kinetic_box
0.2895837753759487	0.3911973751328105	0.37608704099907847	0.5878676821368393	0.5878676821179447	1.889455258918815e-11	3.2140825501949115e-11	0.6861947929276377	0.25806896922113065	-0.9846430778804018	1.1117601186789965e-16	8.101180179202832e-17	draw4249	kinetic_box
0.9151969349395563	0.6771316429059396	-0.0007950145300471512	0.7073879171354772	0.7073879171126684	2.2808865907109066e-11	3.2243787821832714e-11	0.31323768896106374	0.00024902851408243747	-0.24536768118857388	2.1311851286629042e-18	1.4199334557609875e-18	draw4250	kinetic_box
0.006656649918452968	0.00040113278318780704	61483.25593337642	1.6264326285281656e-05	1.6264326284623556e-05	6.581005543033341e-16	4.0462822916034863e-11	1.814141563443618e-05	1.1153933004457963	-1.1154103164960167	1.0559127219117178e-19	8.487050358415807e-20	draw4254	kinetic_box
0.2657211682542923	0.26829800833809164	4.156803910088998	0.19037217787592026	0.19037217788934763	1.342737032672403e-11	7.053220946250133e-11	0.01633004708160157	0.06788080356073883	-0.0856625908078929	-7.08816909772039e-20	2.993160670788838e-17	draw4255	kinetic_box
0.38722737943792646	0.20437039644339755	1.444277047304645	0.378655058718591	0.3786550586790887	3.950229032767538e-11	1.0432262668159331e-10	0.9813624835821436	1.4173593101235715	-2.4067791444274436	-4.535463694690517e-16	6.697245632438031e-17	draw4261	kinetic_box
0.007992480248795304	1.4866619262515384	0.01084896219251533	0.7032815524965852	0.7032815525704694	7.388423206577954e-11	1.0505640563972602e-10	24.67371416301093	0.26768419210343564	-24.553851297343147	-2.7687151985502037e-15	1.562164051191397e-18	draw4262	kinetic_box
0.2799168462001296	0.05588080747387485	0.06985937062240569	0.6828525617307066	0.6828525617857746	5.5067950199827465e-11	8.064398273005741e-11	1.6187292205681347	0.11308340455698723	-2.177783432468325	4.631022869247009e-16	5.591792734169144e-17	draw4263	kinetic_box
1.2944045995447855	3.982814557324174	-0.18307731777200598	0.774434983618321	0.774434983613804	4.516942375687449e-12	5.832564994171238e-12	1.5459774511533986	0.28303340509316655	-0.8837752218914228	1.6725979329054228e-16	3.013601528947083e-17	draw4265	kinetic_box
9.709711060041547	3.872600771920247	-0.3177418085507182	0.8260581289290572	0.8260581288705313	5.852585083232498e-11	7.084955499723406e-11	0.15269277989079297	0.048516880035137294	0.06682178243696829	-2.4006845941139742e-18	1.432597556258409e-16	draw4269	kinetic_box
0.11947483426362315	0.19918910883579652	0.6597166257615008	0.5160772726947526	0.5160772726994562	4.703681888429401e-12	9.114297678380125e-12	0.46618590632092616	0.3075505930956085	-0.7398637755724912	2.1424712736116223e-17	2.7769668220473744e-17	draw4270	kinetic_box
0.5519451930645561	0.2794589990057478	0.267336208928756	0.619442558613061	0.6194425586507923	3.7731373581095795e-11	6.091181991640756e-11	3.2936429788015373	0.8805100275176179	-4.331103359006371	0.0	4.5977010376413194e-18	draw4274	kinetic_box
0.5555902890101998	9.856858597170819e-05	0.08896620720177338	0.6763789022549759	0.6763789454399679	4.3184992026823465e-08	6.384733338902601e-08	2.5386815194640455	0.22585686607995117	-2.5406316803756988	8.663260452973743e-18	2.1707150763130518e-16	draw4276	kinetic_box
0.14953920619444142	0.030410263885679977	94.88787625713442	0.010428280019463275	0.010428280018717713	7.45561598569644e-13	7.149420587397308e-11	0.0018033504965163994	0.17111609876169	-0.17290685144301515	-2.401247147832928e-19	8.02743919025996e-18	draw4282	kinetic_box
0.8089358446503483	0.01773122917127049	1.704535879151893	0.34680197131359075	0.34680197106419935	2.4939139642299324e-10	7.191175864938391e-10	0.055052256505613135	0.09383854644209082	-0.07124188641137263	-9.175969787603779e-19	1.6710746431751724e-16	draw4284	kinetic_box
0.0994010792578387	0.11252093582684031	17.033046012495564	0.055368681330687154	0.05536868132319859	7.488565323399143e-12	1.3524911817362634e-10	0.017216761361084555	0.293253888449509	-0.3067353235192526	3.941834080141773e-19	6.5465287752890864e-18	draw4286	kinetic_box
0.7345148914899903	1.2909166932256755	-0.10214345732402469	0.7440866770732374	0.7440866771042738	3.1036395675698714e-11	4.171072622410276e-11	0.2953437672131532	0.030167433482253387	-0.09280539147781774	7.211025291039307e-18	1.8334961409156346e-17	draw4289	kinetic_box
0.3436322595477201	0.2929581542508319	2.8089442010727375	0.25393427302856003	0.2539342730260963	2.463751425096916e-12	9.702319406265107e-12	0.014025704816243616	0.03939742220954547	-0.05011981239270301	-1.8245422768403007e-19	7.37982654025807e-17	draw4290	kinetic_box
0.05060947996994081	5.060696249081043	0.024551128510916398	0.6984805515801092	0.6984805515610237	1.908551094942368e-11	2.7324326936189926e-11	12.617888154504207	0.30978339361760254	-12.770432425246302	0.0	6.493424623899386e-19	draw4293	kinetic_box
0.20329815384927277	0.023472923288329228	0.7717540193471898	0.4915258865856439	0.4915258862684224	3.1722147131318934e-10	6.453810067288188e-10	0.5000173163123267	0.38589037360723333	-0.693812522847976	3.4595062194748016e-17	5.290555338093638e-17	draw4295	kinetic_box
0.386145459834242	0.005716903191322835	80.65968958368651	0.012245026029235821	0.012245026058214281	2.8978460256401384e-11	2.3665494968025715e-09	0.004070239501882632	0.32830425475311187	-0.0267084138589039	-1.8857943729933473e-18	1.4615776257905354e-17	draw4296	kinetic_box
0.018803213825825556	0.0024058991901165544	2928.5587275478024	0.0003413483171674691	0.0003413483171841771	1.6707989158870618e-14	4.894703831176556e-11	0.0008708528647987984	2.550343757616528	-2.5509763299192167	2.445969750281135e-18	3.7547602081243537e-19	draw4297	kinetic_box
0.5341977127582492	0.009994624052828647	126.5651624249378	0.007838889993768711	0.007838889994893619	1.1249074588493002e-12	1.4350341178178076e-10	0.000560913138753377	0.07099206251260282	-0.07005246505933956	3.2319295132558405e-19	6.3221147786652e-17	draw4298	kinetic_box
0.14792398713417151	0.16167931358279075	17.6919618520661	0.053422535566004035	0.053422535561193106	4.810929432608191e-12	9.00543072707114e-11	0.0036939477904126285	0.06535318339150409	-0.06914212268901604	-1.867711238289537e-21	7.650546609707395e-19	draw4299	kinetic_box
0.556843510947811	0.03762684526931048	33.00334736097528	0.029396159998694615	0.029396159998485993	2.0862131466792277e-13	7.096890025046384e-12	0.021384937763223293	0.7057745292924961	-0.4821998422902741	1.6159917010998892e-18	4.753179706609087e-18	draw4300	kinetic_box
0.698417031592424	0.10947607521794082	0.8020798103071055	0.485214458404318	0.48521445840868455	4.366562667001972e-12	8.999242688114872e-12	0.043967954698486265	0.03526580876415328	-0.07556286555608059	-2.0554486901549068e-19	2.888542408069725e-17	draw4302	kinetic_box
0.8105034861899097	0.02986279448224063	1.1356350417266412	0.4240587335393231	0.42405873285892737	6.803957397494287e-10	1.6044846787196754e-09	0.16108702686100781	0.1829360724709212	-0.2234647862870631	1.8126305724965687e-18	2.6542394201736867e-17	draw4303	kinetic_box
0.33098085475286076	0.07534274939261912	1.9493337158772042	0.32110432998653576	0.32110432990481813	8.171763266062726e-11	2.5448935143556e-10	0.289069213102589	0.5634923633229691	-0.8338504959335865	-2.3621409009564868e-17	3.2945112631040714e-17	draw4305	kinetic_box
0.42563016216068805	0.0010853367283186384	0.08342840616288305	0.6782479609984476	0.678247963615695	2.6172473077679115e-09	3.858835482255693e-09	1.717151685338693	0.14325922824771561	-1.7339781953535922	-6.378336926195289e-17	6.536936756827854e-17	draw4307	kinetic_box
0.012286280953294414	0.0005791894832851275	3968.454277603171	0.00025192379063206473	0.00025192379061008346	2.198127747529699e-14	8.725367867030329e-11	0.00014242237726632851	0.5651966922889742	-0.5652773480538001	1.843419621216809e-20	5.703086591859877e-20	draw4308	kinetic_box
0.09575977994915204	0.25350988057099594	-0.05519426208959326	0.7268820446328494	0.7268820446392651	6.415645792401392e-12	8.82625432794303e-12	0.8946056913883037	0.04937710099732781	-0.5224036642819028	-4.716051192542537e-17	3.913322202742453e-17	draw4311	kinetic_box
0.2501077656380913	0.28577251117883556	1.048733231960596	0.4386425713855482	0.4386425713807192	4.82897055675835e-12	1.1008896244516702e-11	0.424515892554718	0.44520392401754655	-0.7874588882196631	1.1903306912036071e-17	1.1567562518428311e-18	draw4312	kinetic_box
0.5147747787370073	0.0493439569671119	0.03635830388277127	0.6943710239661937	0.6943710240105597	4.436606637625573e-11	6.389389079055383e-11	0.7228568612591615	0.02628184942540682	-0.8712752949144402	1.8484950755148475e-17	8.200928662860846e-17	draw4315	kinetic_box
0.008075444581205132	2.316093051160944	0.0035620607539044585	0.7058485259736795	0.7058485260112108	3.753131139205834e-11	5.3171905882059235e-11	68.05597276611748	0.24241950965897774	-67.99046467745926	-7.582567498719763e-15	8.746213272417976e-19	draw4318	kinetic_box
0.7426389917293005	0.0003621651583407438	-0.9096212648468553	0.9959406403822635	0.9959406935299687	5.314770523678902e-08	5.336432739625752e-08	0.06323596046477209	0.05752077434177174	-0.06327843714634328	5.609262080672843e-18	1.3972566795501978e-15	draw4319	kinetic_box
0.8377946977890348	1.4465205658037223	-0.29887045971768444	0.818797185316141	0.8187971853125569	3.584132990397393e-12	4.377314742513719e-12	0.13022052694770928	0.038919068753540995	-0.024619438134835345	8.112362224719539e-19	7.982959412461763e-17	draw4320	kinetic_box
0.6725260448274987	0.0008720101079885967	1.545817665721683	0.3656070491640847	0.3656071897941848	1.4063010006504228e-07	3.8464807036264443e-07	0.2753702388210754	0.42567217978361727	-0.2775570056375786	-1.473363197147971e-16	2.4757078086315065e-16	draw4323	kinetic_box
0.36222188794749755	0.08353933581659513	1465.4768626683722	0.0006819062700020135	0.0006819062700261856	2.4172070595129824e-14	3.5447790492088604e-11	0.000726265077274866	1.0643246669103734	-1.0639763619442846	-1.0814339813654654e-19	9.62787396016117e-20	draw4326	kinetic_box
0.013972420701316057	0.15480184147865164	0.48680052004659785	0.5580955208441927	0.5580955208762775	3.208477927785225e-11	5.748976309194395e-11	0.20253179914336156	0.09859258514896152	-0.2826503494614777	1.0408878562273895e-18	4.9955070589943794e-18	draw4327	kinetic_box
0.8764649746959922	0.2455830530760152	0.43083729893871875	0.57285238244787	0.5728523824960212	4.815126075641274e-11	8.405526838626211e-11	0.03552730511678389	0.015306488175086896	-0.06095261224076494	5.625330836863204e-19	1.0223458790577977e-16	draw4328	kinetic_box
0.0785084597464075	0.0034990614332051544	39.51978577067729	0.024671788985552383	0.024671789005581164	2.0028780717273875e-11	8.118090144473526e-10	0.0036705364399753256	0.14505881377128935	-0.14708774505890299	9.998324045026834e-19	4.4401525831040134e-17	draw4330	kinetic_box
0.11706954839951748	0.4114387423505101	-0.009986037343859722	0.7106461480251708	0.7106461479891943	3.597644404607081e-11	5.062497580246906e-11	1.0238147629066452	0.010223852455580648	-0.5312004500733529	0.0	3.416677641214129e-17	draw4331	kinetic_box
0.14084854281905224	0.12078183242850347	0.4888945652507133	0.5575547186175372	0.5575547186353614	1.7824186571147038e-11	3.196849739658286e-11	0.03841632614271733	0.018781533068073397	-0.06285284224900196	4.401177713269717e-19	1.0369565400897439e-16	draw4332	kinetic_box
0.8963382117223198	0.1954519982147774	0.0009756879120736692	0.7067619076336664	0.706761907600838	3.282840665974618e-11	4.644903227903854e-11	0.8259868973771541	0.0008059054313021715	-0.7223080442465825	7.974435700548258e-17	5.198852621436374e-17	draw4334	kinetic_box
0.002549953427860697	0.016259197120831098	107.03027343445919	0.00925626797032742	0.00925626797048378	1.5636103523064548e-13	1.689244906578404e-11	0.023957053913062885	2.564130030999201	-2.5881150157842643	-1.148709298683766e-18	1.7362430637088408e-19	draw4336	kinetic_box
0.207064508187676	0.4035456314495477	0.042813646089462455	0.6921351216984556	0.6921351216597291	3.872646647806732e-11	5.595217648427068e-11	1.2832945329191294	0.05494251796094164	-1.2894224744870144	-8.351476844794244e-17	2.5159709266143575e-17	draw4341	kinetic_box
0.0983330766749097	1.8417754652317202	-0.007317153349628153	0.7096985004667391	0.7096985004191159	4.7623238685901015e-11	6.710347937578688e-11	32.41802473318372	0.23720765826474358	-30.10965518100265	-7.184407803796941e-15	9.934340259686666e-19	draw4342	kinetic_box
0.12268781360006707	1.2480679817173224	0.1214665755068023	0.6655307203419145	0.6655307203253501	1.6564416505104873e-11	2.4889033667758e-11	6.112858030027701	0.7425079314667226	-6.082761521247618	-7.557367936705554e-16	6.571721385412941e-19	draw4344	kinetic_box
0.24928575934151373	0.17998670251861187	21.932572358844194	0.04356469882029321	0.043564698813676764	6.6164435041926595e-12	1.5187625954883187e-10	0.008068414244660359	0.17696107924214258	-0.18510237138287283	-2.7331596669605564e-19	8.025457382185805e-18	draw4345	kinetic_box
0.18093665406635634	0.5782569387669981	-0.183260208318687	0.7745043799980689	0.7745043800002991	2.2302160118670145e-12	2.8795395732509006e-12	1.1660054779171076	0.21368240678381936	-0.4834789561839904	-1.2124856050523347e-16	4.0100794240452666e-17	draw4348	kinetic_box
0.1706648377198675	0.03513301354915465	0.9722267413339327	0.45223050708263723	0.45223050651820706	5.644301692697695e-10	1.2481028173340298e-09	0.09740817218598055	0.0947028298236705	-0.16356707014771188	3.0637384575717878e-18	8.124479461183431e-17	draw4350	kinetic_box
0.01919845129984693	8.291478115065832e-05	248.52298824729178	0.004007614605675531	0.004007614594970041	1.070549031367829e-11	2.6712873855471924e-09	0.0006228244051982295	0.15478618233320607	-0.12814063659185487	2.619031750192674e-18	1.0904918801902912e-16	draw4351	kinetic_box
0.3763221194136515	0.06856757961534496	3.6170298320035896	0.21168127293077785	0.2116812731989359	2.6815805131974457e-10	1.26680101299151e-09	0.21119045238804263	0.7638821665218839	-0.667675682005493	0.0	1.197312592088886e-17	draw4354	kinetic_box
0.047711297107868984	0.7498805501638202	-0.006207421190475116	0.7093048311625154	0.7093048311043362	5.8179239204037e-11	8.202289996172188e-11	7.369809105543265	0.04574750921150572	-6.180666067350268	1.619206663406934e-15	3.295723562715666e-18	draw4355	kinetic_box
0.005837230622906896	0.0011314096734581685	66.50440460676906	0.01481222297818805	0.014812222977627057	5.609922248961396e-13	3.7873601129518743e-11	0.0007461878777602608	0.049624780535234704	-0.0503703450615831	-4.6324452853853655e-20	1.8253537550954444e-17	draw4356	kinetic_box
0.045480683923419536	1.5288697369659525	0.003861120606660387	0.7057429891445595	0.7057429891483723	3.812838933470175e-12	5.40258846647725e-12	4.039826596482816	0.015598257719014498	-3.948652080774635	1.1252234011383815e-16	7.027512783302381e-18	draw4359	kinetic_box
0.2468017034869407	6.870513363427784e-06	0.044061189997752756	0.6917038948203854	0.6917039115798452	1.6759459819937206e-08	2.422923962025711e-08	7.465838586960034	0.3289537324726	-7.466282972600152	-4.337806642458018e-16	8.912014802451616e-17	draw4360	kinetic_box
0.2500229526121295	0.1686802412415326	0.10663405323697517	0.6704559260637543	0.6704559260369641	2.6790125673414877e-11	3.995807126617576e-11	0.5144937010045995	0.05486254870301284	-0.122057506466554	-2.465027606443876e-17	3.2987911392029175e-17	draw4364	kinetic_box
0.25841227789336263	0.4204852718110737	16.91194880715917	0.055741852826803495	0.05574185282638254	4.209549375744359e-13	7.551864823825852e-12	0.01646374062477899	0.2784339386206089	-0.2594502375331539	1.740196603028076e-18	1.9822720015170277e-17	draw4365	kinetic_box
0.8598571458654798	0.1967687302143699	-0.1929435284186961	0.7781829838667095	0.7781829838749701	8.260614414723477e-12	1.0615259631596753e-11	6.62266802997929	1.2778009372498993	-2.890151030100637	0.0	3.381335392517589e-18	draw4368	kinetic_box
1.456583914202285	0.022376307557747194	3.0272511963580246	0.24099007769769615	0.24099007786616528	1.6846912753720744e-10	6.990708041962101e-10	0.12243036788820043	0.3706274776601079	-0.16881489854568174	0.0	6.654056936635899e-18	draw4369	kinetic_box
0.6423704768776071	0.016613650850426664	192.86192727508217	0.00515824180082349	0.005158241797335194	3.488296457243578e-12	6.762568709062207e-10	0.00033673262447594834	0.06494290293282791	-0.06374367661214085	6.9893323658703e-20	1.6372501297795885e-17	draw4371	kinetic_box
0.1354443087752551	0.033733964939948055	773.2624918378165	0.0012915505744199292	0.0012915505742433374	1.76591814088356e-13	1.3672853205288795e-10	0.0018365470556781882	1.4201329526511208	-1.4095215910373515	2.6738966056870992e-18	1.2993154750558744e-18	draw4372	kinetic_box
0.49353927529393515	0.00010513011119564203	0.32774701533508477	0.6016119359997272	0.6016119620956533	2.6095926086711074e-08	4.3376674220054746e-08	0.2905043511373229	0.09521193402711303	-0.2907635034518258	-1.8130752914223887e-18	1.5632125274265798e-17	draw4376	kinetic_box
0.9328556125951817	0.8464013609441194	-0.22926717251156403	0.792048687159979	0.7920486871577498	2.229216811144852e-12	2.8144946734832047e-12	0.9517908899454526	0.21821440616005916	-0.5714353983594834	2.6075550709292364e-17	8.493570013194062e-18	draw4377	kinetic_box
0.9298179633292148	0.08221021971001319	-0.36168411914687076	0.842915325236954	0.8429153252022532	3.4700797790776505e-11	4.116759626176001e-11	0.4285828847534093	0.15501162315346165	-0.5032933174376557	-9.821131473592324e-18	3.8321660920913573e-17	draw4379	kinetic_box
0.13695312291902165	0.12421348654388226	12.463672280262626	0.07406991421779996	0.07406991423138876	1.3588796754504529e-11	1.8345905885693569e-10	0.044645923654764295	0.5564521610826072	-0.5761669542660424	-3.8852841005140386e-18	1.1323878248873495e-17	draw4380	kinetic_box
0.7441987329692532	4.43261883569783e-05	-0.6018623076258957	0.9290722134712815	0.9290721197363438	9.373493770059582e-08	1.0089091654929472e-07	0.9698386591934427	0.58370933344697	-0.9699485772542928	-2.278191512055755e-16	1.7408766064493551e-16	draw4382	kinetic_box
0.7555111010794454	0.0002223555879138843	-0.686960024899142	0.9543331815991952	0.9543331533570736	2.8242121641319784e-08	2.9593566504497936e-08	0.9116290025134094	0.6262526822653917	-0.9119978494524995	-5.217215954022129e-17	6.879378720351888e-17	draw4383	kinetic_box
1.1404711868560544	0.029295503388067693	0.2258087355331837	0.6321260204442929	0.632126020316202	1.280908712431028e-10	2.026350239134741e-10	1.951973266250517	0.4407726150466078	-2.2611406803194134	7.272910463214758e-17	5.752826788820589e-18	draw4384	kinetic_box
0.19138715887699526	0.004960223133922473	339.21507131550953	0.002939304484286333	0.002939304471047094	1.3239239132073477e-11	4.504208142600875e-09	0.0030852932421004094	1.04657796714835	-0.08698701619609883	2.2562329735583697e-18	2.2850931187941086e-18	draw4385	kinetic_box
0.024334851599942177	0.5306005096734406	14.219268402006936	0.06556480160424007	0.06556480161592967	1.1689607615217312e-11	1.782909019338388e-10	0.1024099038464444	1.4561939098163155	-1.5600912480917681	-2.7033727921915684e-18	8.938030337811347e-19	draw4386	kinetic_box
0.17659113585284464	3.366930009664973	-0.19757717860668253	0.7799461689464534	0.7799461689577075	1.1254108756020287e-11	1.4429340387760197e-11	1.2911763732838517	0.25510698491703215	-0.9351028954622855	-3.57340129046897e-17	1.9124430336666914e-17	draw4387	kinetic_box
1.774725852373709	0.4091640403802186	0.10237967308680465	0.6718765989478266	0.6718765989254128	2.2413737532644973e-11	3.3359902054176456e-11	0.041224354883592454	0.004220535976196614	-0.04346112050862695	-1.279647523217956e-19	3.857179512133298e-17	draw4388	kinetic_box
1.1022192386426128	0.22634769054424442	-0.20631244932354695	0.7832748835119738	0.7832748834986789	1.329492071988625e-11	1.697350572573118e-11	1.5452714970721044	0.3188087474308101	0.9604612004146188	-2.6181617492004794e-16	1.1323800056338977e-16	draw4390	kinetic_box
0.20600498789413363	0.04057258955882165	3.730368475093062	0.20682894459884255	0.20682894461649257	1.7650020334158967e-11	8.533631676594433e-11	0.030387663528800304	0.11335718205957186	-0.12008201199412318	2.5202577351091236e-18	1.0595896167515302e-16	draw4393	kinetic_box
0.3581763561263279	0.28058220297245284	34.664492836686094	0.02802807657719503	0.028028076576558564	6.364665738889386e-13	2.2708178784599542e-11	0.0040386893459867755	0.13999911790355904	-0.14070123477667487	-4.6011909456448366e-20	2.8103430745870838e-18	draw4397	kinetic_box
0.5859814660576332	0.4932036160503865	0.26537719866056425	0.6200330540773216	0.6200330540806134	3.291811268013589e-12	5.309089969235101e-12	1.8395958442327207	0.4881867918100951	-2.3879170584456686	1.1300259384379374e-15	1.289676208861626e-16	draw4398	kinetic_box
0.09171144019571996	0.445768437332898	0.08077945936220765	0.6791440868999428	0.6791440868765503	2.339251015115451e-11	3.444410487138148e-11	1.5086954146946618	0.12187159994127644	-1.2718178126575743	-8.843776063052671e-17	1.4908086315087623e-17	draw4400	kinetic_box
1.069186809460813	0.027093023869048913	0.07070632869061136	0.6825641146843032	0.6825641147644795	8.017631003554015e-11	1.1746341230260134e-10	0.5212019716989023	0.03685227792513731	-0.6319487438797636	4.120568087373816e-17	8.456095597452376e-18	draw4401	kinetic_box
0.2600940410678795	0.011661217555673096	25.67139334417863	0.037467028862805785	0.03746702886802103	5.215244902601057e-12	1.391955823604788e-10	0.009544994561560454	0.24503330985786426	-0.25473610021770254	-1.6238525082277543e-17	2.5002627323838635e-16	draw4405	kinetic_box
0.872046623746593	0.0007546547678325601	-0.22802067447106333	0.7915714662545638	0.7915713673928334	9.886173035766888e-08	1.248930095630995e-07	0.35688590139478266	0.08137736394525175	-0.35915480037892783	-5.429415784344792e-17	1.9634962072445494e-16	draw4406	kinetic_box
0.7743057968998986	0.7486746754037789	-0.003282133855955132	0.7082681413156672	0.7082681413236702	8.003042673010441e-12	1.1299453139391095e-11	0.738803987221701	0.0024248535793749875	-0.3228230771040985	3.6581428413420677e-17	2.847871553367543e-17	draw4407	kinetic_box
0.15675061224186257	0.0016123565944462415	185.73800877202282	0.005355019415956942	0.005355019411187911	4.769031523854661e-12	8.905722197553604e-10	0.0009990898152350922	0.1855689528661742	-0.1860590520334478	-3.629514175787318e-19	1.046116686784932e-17	draw4409	kinetic_box
0.7554252207907487	0.18826415885687756	0.17310417049536006	0.648725449476556	0.6487254493456321	1.3092382733503882e-10	2.0181700512458912e-10	0.16948496880201838	0.029338554935905373	-0.09219672230185114	1.2079212215928967e-17	1.5641398137485463e-16	draw4412	kinetic_box
2.6379045858503782	0.9360013428257358	-0.3745829909329739	0.8478393639659537	0.8478393640034736	3.75198760949047e-11	4.4253519815047163e-11	1.430265094800893	0.535752977037552	-0.3042771345322288	0.0	6.581717341784842e-18	draw4414	kinetic_box
0.17458220919147055	0.17911913083830824	3.089109271733697	0.23755170866769174	0.23755170868926645	2.1574714237360126e-11	9.082112840359022e-11	0.04374484444061651	0.13513260455205672	-0.18068193997996143	-1.0074408392822899e-18	2.891543386058786e-17	draw4418	kinetic_box
0.479716738135362	0.017330206634134128	2.879783519219583	0.24958913903991922	0.24958913884647965	1.9343956991768607e-10	7.750320018399088e-10	0.16941395101220044	0.4878755040508087	-0.02245104993341729	-5.135198202933814e-18	1.3780967800133546e-17	draw4424	kinetic_box
0.7651947969462031	2.0173464924311237	-0.24196583464856694	0.7969162783651595	0.7969162783574667	7.692846359930172e-12	9.653267938993525e-12	3.2288073678959375	0.7812610696923831	-1.9327561793003523	0.0	1.6714537071557395e-18	draw4426	kinetic_box
0.3856677682488717	0.0835192878117881	1.4398447316169787	0.37924407982134406	0.3792440798462926	2.49485432313179e-11	6.578492468868473e-11	0.18707754241936442	0.2693626138563737	-0.47598255472796275	2.5123825291085376e-17	1.332125626343863e-16	draw4428	kinetic_box
0.23721423042872444	0.5232911773075459	1.1904304331998905	0.41529952865421194	0.41529952864363584	1.0576095554881704e-11	2.546618723460421e-11	0.032128365055748904	0.03824658353131939	-0.0629129438592661	3.5945416306677096e-19	7.499266236535302e-17	draw4430	kinetic_box
0.19833398462425664	0.15087457341366087	15.492594385680945	0.06052212481296061	0.0605221248187526	5.791984947212114e-12	9.570029083674017e-11	0.01795873010464175	0.27822732119313215	-0.29651894112756616	-1.5410006593800728e-18	1.7473336431658474e-17	draw4431	kinetic_box
0.19530010548170132	0.0020519340685579935	22.251847520788655	0.04296761623600235	0.04296761642781466	1.9181230909159908e-10	4.4641133262265695e-09	0.009690808171434731	0.21563838578397834	-0.1075495054777853	-1.1657244829800842e-17	2.367218445379331e-16	draw4432	kinetic_box
0.12897654133523248	6.357755010203966	-0.06629113492778987	0.7309183379734637	0.7309183379969019	2.3438140317466605e-11	3.2066701708017556e-11	3.2525295955326357	0.21561387827408376	-2.922721698435382	9.02219282393485e-17	4.4939381473871026e-18	draw4433	kinetic_box
2.0663261362179624	0.0008982060073176764	-1.2539222498107279	0.9692414064296384	0.9692414063960361	3.3602343130212375e-11	3.4668703698036525e-11	19.783469423757424	24.80693248889965	-19.777888215626202	1.1687774740917674e-16	4.222546291156812e-17	draw4435	kinetic_box
1.0085797416228701	0.0934665524757249	0.042769536648924494	0.6921503732592402	0.6921503732836423	2.4402035947446166e-11	3.5255396644055906e-11	3.3964625617362962	0.14526513001088048	-4.757057240851685	-8.333290450070057e-16	3.6645025412202556e-17	draw4438	kinetic_box
0.76490990504011	4.5032522504904655	-0.28387659414859484	0.8130262049493566	0.8130262049450713	4.285349852750642e-12	5.270863136619518e-12	0.4050906666487573	0.11499575876963301	-0.22475417872773065	-1.111135301246179e-17	2.7724725145925592e-17	draw4439	kinetic_box
0.30466281211175056	1.4165133887806665	-0.18516516804316385	0.7752273864370134	0.7752273864546013	1.7587931111506805e-11	2.2687448120148147e-11	0.3866618618782681	0.07159630863057212	-0.21789260049816112	0.0	2.035544378669092e-17	draw4440	kinetic_box
0.002458060816793219	1.722600388904802	0.04878067642265339	0.6900752685408416	0.690075268566351	2.550948341450976e-11	3.6966233361045325e-11	31.055576004105774	1.514912004175403	-32.492173540139426	4.520048879603296e-16	4.107150595262744e-19	draw4445	kinetic_box
0.1049382844255008	0.3656235942066528	32.53480466589178	0.02980651586314518	0.029806515858905445	4.239733564226356e-12	1.4224183679487747e-10	0.41917427698768495	13.637753222760745	-14.061939149191582	0.0	4.438772019512682e-21	draw4446	kinetic_box
0.024594076951827373	2.3953086865912177	0.018412860661385727	0.7006270862012713	0.700627086204139	2.8677060726067793e-12	4.0930562478585455e-12	4.197444631605692	0.07728696313563715	-4.2195938794019625	-2.965938342213589e-17	9.481648835572575e-19	draw4448	kinetic_box
0.2388139827851374	0.11993117225942386	0.5220805520512657	0.5490918433798732	0.5490918433745715	5.30164800949251e-12	9.655302793991622e-12	2.327432893032329	1.2151074496565928	-1.3188823616325425	6.150319987749947e-16	2.893027452686434e-17	draw4450	kinetic_box
0.09890749463130345	0.10070455583890214	31.80587987324468	0.03046818865449605	0.030468188654959642	4.635909711669939e-13	1.5215573738792972e-11	0.020198993837610677	0.6424467715594547	-0.6604655474994212	1.7215394163512442e-18	4.2430180294531505e-18	draw4456	kinetic_box
0.5322093288591007	0.02412342388780936	2.055785246097532	0.31101794748743256	0.31101794254118886	4.946243692405261e-09	1.5903403038396145e-08	0.002950696386325769	0.0060659980967218245	-0.009002678583895952	4.5572251018739274e-20	5.708406531512577e-16	draw4457	kinetic_box
0.5170939362739604	0.4995352127361769	-0.24604653699538498	0.7984821993891124	0.7984821993849559	4.156452959591661e-12	5.205442228760062e-12	10.744690522512554	2.643693894151348	2.405245469395962	-6.4704455540746e-15	2.6245624295650858e-17	draw4459	kinetic_box
0.4308595173831822	0.3535906295703094	0.6259352133835518	0.5238787234678715	0.5238787234383314	2.954003708310893e-11	5.6387167032154234e-11	0.10102728589160964	0.06323653575212579	-0.15810580040839844	-2.1335199590401517e-18	5.989097970186911e-17	draw4461	kinetic_box
0.74257209191589	0.25640108298154884	0.4543866128693518	0.5665708356995885	0.5665708357601985	6.060996149415132e-11	1.0697684679238331e-10	0.04854532096705441	0.022058343964875375	-0.02806760564504036	5.917422179415404e-19	7.01277478757751e-17	draw4463	kinetic_box
0.6970500823354707	0.014376329799250744	35.813326447708974	0.027154059573787588	0.0271540596028197	2.903211351878987e-11	1.0691629149909927e-09	0.010103009010496088	0.36182235979704164	-0.3709090012164813	-5.5335551577296895e-17	4.0054940015185245e-16	draw4469	kinetic_box
0.4264339278876671	0.3684219685029221	2.2385536589170445	0.29503493439659223	0.295034934427	3.040778739915595e-11	1.0306504027467872e-10	0.06881339806793993	0.154042484027502	-0.2133567742959937	-1.1519329887811286e-18	1.4698601079239134e-17	draw4474	kinetic_box
0.9609899257690377	0.007060929496150387	0.007688517793282906	0.7043937244098467	0.704393724415806	5.959344129280453e-12	8.460245914630879e-12	0.25403937103937557	0.001953186224430638	-0.23816862805580097	-1.2405490303061003e-17	9.733330321996625e-17	draw4476	kinetic_box
0.1226447486081371	0.012911253152911837	104.99685866380509	0.009433822028328749	0.009433822031296621	2.967872475556632e-12	3.14599158825632e-10	0.007847582395681806	0.8239714996519676	-0.8224787210210199	3.07167143247968e-17	4.4877511925093135e-17	draw4477	kinetic_box
0.2507994093958027	4.912863840603364e-06	0.07602456617880361	0.6807568007383664	0.6807560358367095	7.649016569022393e-07	1.1236061329402791e-06	3.0001420968628114	0.22808450138876146	-3.000257883544095	1.3945269063888059e-16	7.461197110130837e-17	draw4478	kinetic_box
0.585200433106342	2.8649516888807072e-05	-0.006157963745270736	0.7092872416957618	0.7092872914561147	4.9760352838212896e-08	7.015542705700894e-08	6.595034806757826	0.040611985238813285	-6.5964514171906785	-1.250944976748438e-15	2.6426578779896323e-17	draw4479	kinetic_box
0.009620166470708244	0.016140506519574008	1.0239759067073464	0.4429604003106535	0.4429604003479556	3.730210584862448e-11	8.421092679915138e-11	0.1754535856600783	0.17966024446133377	-0.35991336916165395	1.231560085371744e-18	8.193303306088884e-18	draw4480	kinetic_box
0.12494374348296672	1.3714640771956261	0.16938327558655805	0.6499185423858834	0.6499185423304258	5.5457638481470894e-11	8.533013734708252e-11	0.3044929940245762	0.05157602072104097	-0.3534780099372753	-7.720739199996345e-19	3.7655919305040655e-18	draw4481	kinetic_box
0.19088313022609568	0.30509780390702557	0.1799273945536818	0.6465448485801181	0.6465448485728518	7.266298673869187e-12	1.1238661463173704e-11	0.14155899691631252	0.025470341490784792	-0.09765063682376861	1.0650298615885478e-18	1.5182653283099057e-17	draw4482	kinetic_box
0.027941213814624184	0.009951116197011079	168.580395783461	0.005896805519421866	0.005896805518534611	8.872555468109056e-13	1.5046376279870826e-10	0.005351351473309171	0.9021329493468672	-0.9073936798617964	1.5369924203356847e-18	1.8902922824334177e-18	draw4483	kinetic_box
1.3989835944001967	0.8901515969928587	-0.19198999097602265	0.7778203739585502	0.777820373926822	3.172817564234265e-11	4.0791134696257855e-11	0.16131064405723466	0.03097002909688489	0.05342675913899303	-2.6400559150425145e-18	1.248661158755186e-16	draw4485	kinetic_box
0.048240278806167554	0.17496194543548038	2.957702697687195	0.2449729045697186	0.2449729045723268	2.608191440600649e-12	1.0646856823427164e-11	0.09953023708450237	0.2943808507262788	-0.3990719654691004	1.023224619784417e-18	8.660424995643116e-18	draw4486	kinetic_box
1.3147150353995947	0.016689281652702306	-0.8167403647767041	0.9836194122531818	0.9836194127075305	4.543486697983212e-10	4.619151105890356e-10	1.0354621716940469	0.845703751821874	-1.0461129244510072	-1.0542787567799742e-16	1.053207196209744e-16	draw4489	kinetic_box
0.5884428825473755	0.002910921265402589	0.9551414652070576	0.4553657632003831	0.45536575064576695	1.255461612448272e-08	2.757040051141015e-08	0.05866147474614441	0.056030006940239165	-0.06128204147544138	-5.304494946657502e-19	7.932400181531959e-17	draw4490	kinetic_box
0.25102416150222806	0.21582581852909255	7.201178302108426	0.12103723767841824	0.12103723767363671	4.78153627803124e-12	3.950467120642752e-11	0.02347064066288755	0.16901626827816954	-0.19082347572232883	1.7544515748564673e-18	4.562217719761432e-17	draw4492	kinetic_box
0.0771435100907458	0.03769720582924083	22.933707845846605	0.04174565331929687	0.04174565331429398	5.00288699356588e-12	1.198421056175652e-10	0.031358038747584756	0.7191560992558461	-0.7488155072914062	-1.4799136671150493e-17	2.663364453352714e-17	draw4493	kinetic_box
0.5129646047058753	0.6052494280001823	0.692514650538384	0.5086832026556312	0.5086832026891834	3.355227207180178e-11	6.595907215812461e-11	0.019757816323973106	0.013682577266997814	-0.031122832256879163	-4.32552931596273e-20	2.3996393637655577e-17	draw4494	kinetic_box
0.6756752812810662	0.06840678339566157	0.9525140795355926	0.45585124590802345	0.4558512462568256	3.4880215382671054e-10	7.651666123343143e-10	0.008940084380013332	0.008515556244198929	-0.017199155816069112	1.0201733379270431e-19	2.9514059384309726e-16	draw4495	kinetic_box
1.3477702659901232	0.2336799169302241	0.3261450491498637	0.6020753637488759	0.6020753637203162	2.8559710152364914e-11	4.743544059981142e-11	0.03557594382416017	0.011602917947083508	-0.04281192730406648	-8.130787937041962e-20	1.5108252435920968e-17	draw4496	kinetic_box
0.26068423206814695	2.4884560327073464e-05	0.09218485206578823	0.6752995187898166	0.6752953817098413	4.137079975374824e-06	6.126326474941645e-06	0.1999048526099291	0.018428199265079527	-0.19996254361361654	-2.5962550052162596e-17	6.412926328895922e-17	draw4497	kinetic_box
1.0591950649271955	1.661457261513879	-0.23433906746964314	0.7939917833244713	0.7939917833171601	7.311151684064043e-12	9.208094891762378e-12	1.6002955315021972	0.37501176252806184	-1.105657804716647	-2.2149754277867555e-17	1.6299876288244867e-19	draw4501	kinetic_box
0.9105868360727589	0.9529929484990676	0.0985760431347963	0.6731497536382044	0.6731497536393861	1.1817213874110166e-12	1.7555103912941162e-12	1.1019160851634953	0.10862252754200256	-1.4287890153003775	-6.544956590604581e-17	3.903691049671501e-17	draw4503	kinetic_box
0.005761650573739298	3.600645282548454	0.0008371873833554382	0.706810852737369	0.706810852724362	1.3007039889600946e-11	1.8402433747962493e-11	80.51304864751286	0.06740450852318039	-80.41147246097457	-2.2365519449198948e-15	1.7310217505424365e-19	draw4504	kinetic_box
0.08142413463914214	0.23846161250255937	4.880243044715586	0.16765393907946394	0.1676539390829963	3.532368841874245e-12	2.1069405593420396e-11	0.5197091142124859	2.536306789910782	-3.0873409725356575	0.0	3.507705999461551e-18	draw4505	kinetic_box
0.10115163223909197	0.008091952070886045	75.38648994709783	0.013090198550422835	0.013090198546535488	3.887347041486855e-12	2.9696623986774427e-10	0.011098332839886236	0.8366643570636294	-0.8425288451428882	-4.924643591244737e-18	6.668377286492592e-18	draw4507	kinetic_box
0.32552745955566936	0.04495619569564223	0.7709576165125889	0.49169349638156884	0.4916934962533483	1.2822054529237903e-10	2.6077331969897065e-10	0.6448542483226534	0.4971552942848499	-0.9093664409858475	6.326083877196941e-17	5.4124742539901135e-17	draw4510	kinetic_box
0.18569602302095747	1.2471570407656254	2.9666890125199656	0.2444511305584284	0.24445113052372325	3.470515541614816e-11	1.4197175256172574e-10	0.1483435798204863	0.4400892683313152	-0.5932923547456839	-5.610742481507633e-18	1.4842855017043468e-17	draw4511	kinetic_box
0.6490431270601846	0.4627309129083888	-0.1324755431210898	0.755368307487913	0.7553683075034491	1.5536127939697053e-11	2.0567619511394596e-11	0.7954483061622416	0.1053774463835939	-0.34465665102395854	1.2296267777790948e-16	8.475314270808161e-17	draw4512	kinetic_box
0.0002706967557346331	0.00013429554966630822	22823.913544022347	4.3811775983978576e-05	4.381177598379801e-05	1.8056709556388273e-16	4.121428349096327e-12	0.0003372957051900896	7.698408014028654	-7.698740794934101	3.1419414242761855e-18	5.301839207197045e-20	draw4513	kinetic_box
0.7010333709031696	0.7998049987703378	0.03211518624775049	0.6958448996899288	0.6958448996762365	1.3692269540399593e-11	1.96771860320746e-11	0.7688425065410609	0.02469152029275349	-0.5666117755025983	2.126913780865295e-17	3.462806856447273e-17	draw4514	kinetic_box
1.6210065180366258	0.08981750171449655	31.660169370851243	0.030603992761607673	0.030603992794958405	3.3350731898362795e-11	1.0897510047727132e-09	0.02649325047660771	0.8387807972737856	-0.24633182834377237	-1.2252142798821341e-17	1.0721614974584672e-17	draw4518	kinetic_box
0.5991359905474111	0.0628061588809217	3.049407140973419	0.23974750900189032	0.2397475090949573	9.306697079658477e-11	3.881874358065741e-10	0.02600739844132903	0.07930714652512973	-0.08745013487050707	5.619143370831647e-18	5.025356580588648e-16	draw4519	kinetic_box
0.8809715346545633	0.009097648332626128	1.6401924035253792	0.35420448653390857	0.3542044871568783	6.229697313564486e-10	1.758785543223605e-09	0.018542717849763895	0.030413624957897196	-0.0210637655773253	-4.0635050553172012e-19	2.2867246577245425e-16	draw4526	kinetic_box
0.781062153330548	8.9436496559388	-0.11038439545651836	0.747139650334951	0.7471396503699289	3.4977909457722944e-11	4.681575852707649e-11	0.1834328066474754	0.020248119468673997	-0.14553369516437326	0.0	9.102326924457606e-18	draw4528	kinetic_box
0.8603577297218341	0.1508261523625628	1.1388966735291566	0.42352814735508626	0.42352814680601675	5.490695120791145e-10	1.2964179977643797e-09	0.4625612045929306	0.5268094172145283	-0.811086015116794	-6.411201644193311e-17	1.2754229193365275e-16	draw4529	kinetic_box
0.045686737657121675	0.002117838433602629	162.71000637771104	0.006108248156648971	0.006108248155406389	1.242581558480449e-12	2.0342682989731585e-10	0.003732523429263391	0.6073189109804022	-0.6108078533123588	-3.783568036969904e-18	1.0149841941375732e-17	draw4533	kinetic_box
1.9189854506542086	0.0030339636527756527	-0.6181578459018995	0.9342109271646392	0.9342109230734505	4.091188610111374e-09	4.379298624182016e-09	1.1915005526768847	0.7365354150336657	-1.1935796324215382	8.818362302601684e-18	3.2209412442914757e-17	draw4536	kinetic_box
0.7191849351338645	0.00014506201855236833	-0.7654770702460313	0.9735843428190286	0.9735843034947641	3.9324264511364504e-08	4.0391226902700356e-08	0.10309767355110397	0.07891890509908081	-0.10312707327736773	-7.0336852477110845e-19	5.466974270331494e-17	draw4537	kinetic_box
0.17916752724039708	3.330560879866832	-0.1784880865218173	0.7726946676422627	0.7726946676701615	2.789879438580556e-11	3.6105845624541904e-11	4.99455066577951	0.8914677913712534	-3.8123944631904423	-4.1520678705334304e-16	2.1125763842866332e-17	draw4538	kinetic_box
0.6891033667546794	0.028740990043208705	1.5236306511685127	0.3683869342677691	0.3683869342788052	1.1036116465135137e-11	2.995794757688856e-11	0.03795371482317568	0.057827443230299196	-0.09670293824844349	-1.5675834335640954e-18	1.4838774324926454e-16	draw4540	kinetic_box
1.3845503211335823	1.9108713933044532	-0.2156064045075126	0.7868228996572845	0.7868228996513559	5.928590951498336e-12	7.534847999626493e-12	0.5088594777993812	0.109713362407895	-0.20646756663413987	0.0	1.1400330139469573e-17	draw4544	kinetic_box
0.1236587553886089	0.2666680631425101	2.0465042781067715	0.3118734058259175	0.3118734057947857	3.1131819344665246e-11	9.98219750905922e-11	0.5147853994542478	1.0535105222900214	-1.5785738837492551	-1.0879926899022483e-17	2.4134604636987007e-18	draw4546	kinetic_box
0.18943035188430918	0.29763308769961194	8.114176747458	0.10906466752876415	0.10906466749915682	2.960733047618902e-11	2.7146582990699453e-10	0.011485375828208945	0.0931943694810692	-0.10529588169736755	-2.2598279108916237e-20	8.987823651100877e-20	draw4549	kinetic_box
0.003269119172302289	0.06686671648835858	7.278740904242579	0.11991963677484925	0.11991963677117491	3.674338611148187e-12	3.064000784258036e-11	0.7700497098452014	5.604992321350398	-6.3774071427745165	8.29416115479009e-17	1.9710951867895423e-18	draw4550	kinetic_box
0.04327576596576697	0.07546796457239416	7.501077703675882	0.11682663747395833	0.11682663747664496	2.6866286972904163e-12	2.2996713380777613e-11	0.154293929171178	1.1573707519184688	-1.31451923112453	-1.7787996216835627e-17	9.516142591363873e-18	draw4552	kinetic_box
0.5803813929819598	0.00013890209297550579	-0.715058849208926	0.96172011924652	0.9617201085452889	1.0701231123455557e-08	1.1127178301015654e-08	0.3776674779598483	0.27005447217360656	-0.37776565537442003	-1.2643804091219585e-18	9.773011482442931e-17	draw4554	kinetic_box
1.0913027983139132	0.006630427573023071	12.296595315086286	0.07499542936608726	0.07499542957190619	2.0581893134252738e-10	2.7444196602032474e-09	0.005810746172663747	0.0714523941639326	-0.07715536813120615	-4.6589712959103375e-18	7.778224906957882e-16	draw4555	kinetic_box
0.07328099755960152	0.17689760740820046	0.4238439913166048	0.5747381092469185	0.5747381092249714	2.194711079539502e-11	3.8186280747922703e-11	0.5853818988204518	0.24811060044055314	-0.7906594140851962	0.0	8.47734635994725e-19	draw4556	kinetic_box
0.02173757888858777	0.10410952664913986	4.876195952671714	0.16776615794847455	0.16776615799078493	4.231037742385979e-11	2.521985240085418e-10	0.31709080532697015	1.5461969015647863	-1.8559073897021579	3.554667447336739e-17	9.568994087999748e-18	draw4559	kinetic_box
0.11988252751263949	0.5837885244269411	-0.11203009658890092	0.7477504364423829	0.7477504364446697	2.286726363820435e-12	3.058141128867991e-12	1.0846574437633174	0.12151427819067483	-0.6833787769442163	-5.854757075365672e-17	2.414682914617783e-17	draw4562	kinetic_box
0.016553988199604127	1.4602500261496092	0.03284224166619639	0.6955921158485174	0.6955921158612484	1.273092742337667e-11	1.830228827078331e-11	0.7067876802210644	0.023212491800510528	-0.7158668969202844	-5.0644013156356004e-18	6.904529496304623e-18	draw4564	kinetic_box
0.524742389894911	0.008920435658200967	32.80759242326979	0.0295662232434154	0.029566223206508965	3.690643624043588e-11	1.2482634654638939e-09	0.0008381179976250467	0.027496633668689523	-0.018380825086839057	-3.8439283517197505e-20	4.509179490756589e-17	draw4565	kinetic_box
0.295854799852088	0.36028647677689796	0.06186336216890236	0.6855825017913505	0.685582501789587	1.7634782523145986e-12	2.572233462364286e-12	1.1731207671982495	0.07257319488904591	-1.1683455857557035	-3.4504574566196176e-17	1.1437746850841965e-17	draw4566	kinetic_box
0.1378906474497741	0.23585487205851177	50.691256187820166	0.019342012548526077	0.01934201254742398	1.1020975798636812e-12	5.697946773436777e-11	0.05601567204388386	2.8395047821094326	-2.826078802825768	-4.87940226298226e-18	3.8410695176535956e-19	draw4567	kinetic_box
0.8616093010358858	0.3521158272690564	0.37322804579582064	0.5886677606613391	0.5886677606209918	4.034728107171759e-11	6.853998769892684e-11	0.6250946494115402	0.23330285443729276	-0.8913648154191893	-1.4868444513371973e-16	1.3273755841514068e-16	draw4570	kinetic_box
0.19219974789389901	0.01651668144114261	4.317980760218711	0.18480241650269025	0.1848024164453517	5.733855057421522e-11	3.102694849835523e-10	0.018020871753167043	0.07781377751254413	-0.07976220704745132	1.5887993894082475e-18	1.6719700925986487e-16	draw4575	kinetic_box
0.30665083847541513	0.09602836902161382	13.452771207492958	0.0690258537036741	0.06902585372845016	2.4776056206654573e-11	3.5893878696704487e-10	0.02666203394623602	0.35867824260512376	-0.3766414168152578	-7.360253483345205e-18	4.758190233251711e-17	draw4578	kinetic_box
0.016657223741771764	0.0012815304161007664	1539.0068690936205	0.0006493476160582169	0.0006493476160676933	9.476360668392303e-15	1.4593663600059185e-11	0.0005796371211147358	0.8920655109772291	-0.8926357480697754	-3.8598590803362934e-19	4.839288020828832e-19	draw4579	kinetic_box
0.39838280161787626	0.003167064223233892	-0.735332585763399	0.9667143426716983	0.9667144264535	8.378180171852989e-08	8.666654745796315e-08	0.20518944554163152	0.15088248556148603	-0.2073943792311854	-3.154591103536689e-19	2.5159323272296654e-17	draw4580	kinetic_box
0.533814782100907	4.0942733232460995	0.004137075130031475	0.7056456201608801	0.7056456201565885	4.291567101688543e-12	6.0817597092662585e-12	1.34277684198834	0.005555168678172165	-1.2778597204000028	0.0	9.178729233689127e-19	draw4582	kinetic_box
0.0009068932358134016	0.27247661610492285	0.01255455251334321	0.7026820937340156	0.7026820937478708	1.3855250280414566e-11	1.9717665219723053e-11	3.340388023374491	0.04193707685439777	-3.3667750602704514	1.7602006432607573e-17	8.042797725890213e-19	draw4583	kinetic_box
4.922854716219526	0.12722861629316173	-0.14144412199829784	0.7587266088658005	0.7587266090151036	1.4930312541849844e-10	1.9678119054280635e-10	0.14257056475397317	0.020165768354427203	-0.15332038246113636	1.1023039227417481e-18	7.560969272826714e-17	draw4585	kinetic_box
0.0009373089054672557	0.004962367622084569	1629.1166090692768	0.0006134529311173419	0.0006134529310812236	3.6118243812444106e-14	5.887696020750108e-11	0.015621066738217424	25.44853927460964	-25.46412642791201	1.9498306275279722e-17	2.976545963344698e-20	draw4586	kinetic_box
0.3153694742841859	1.0550311066158048e-05	-0.08145777462624693	0.736466166521136	0.7364657219194016	4.446017343173736e-07	6.036964397455427e-07	3.6040382624230856	0.2935769365248303	-3.604647782325471	9.681389748685545e-16	5.2145710730115885e-17	draw4588	kinetic_box
0.7912464280469292	0.0011714650301390107	2.564189971259824	0.2701376032629274	0.2701376004534969	2.809430521555356e-09	1.03999980633536e-08	0.4532535612548603	1.1622282362075131	-0.4646167564912045	4.811326826138029e-16	8.678399023075037e-17	draw4589	kinetic_box
0.24498051304962815	3.377527757246513	-0.022618327336306178	0.7151482555235698	0.7151482555297985	6.228795257356978e-12	8.709795778978082e-12	5.009120814516898	0.11329793424984783	-4.272306077373948	5.522596390271004e-16	9.313446220877735e-18	draw4591	kinetic_box
2.5507764153648367	7.34525431147788	-0.2489960177182989	0.799614491572934	0.7996144915963547	2.342070981597999e-11	2.929000169722132e-11	1.1874775957885544	0.29567719248104984	-0.46618174823825287	-1.2494206993625645e-16	5.916703008960834e-17	draw4592	kinetic_box
0.6948939331465094	0.22955898965655167	0.03917737064154502	0.6933936458497679	0.6933936458505954	8.274492202531292e-13	1.1933325683105821e-12	0.9263785897468149	0.03629307736490274	-1.2512638948649	-4.9050327594216234e-17	6.426738114343533e-17	draw4594	kinetic_box
0.9291715997331552	0.347757383633768	0.001284952609836354	0.7066526278644238	0.706652627866439	2.0151658119971216e-12	2.8517063866038553e-12	1.2874160356532918	0.0016542685949578705	-1.0698865656040595	3.533108167749587e-17	2.656324970094591e-17	draw4596	kinetic_box
1.7151150588084425	0.6371778785941878	-0.05420534441795819	0.726523287887499	0.7265232878786857	8.81328343638188e-12	1.2130765225867772e-11	1.7081244683640013	0.09258947511641244	-1.252662130255052	9.30110792650729e-17	1.980087014730424e-17	draw4597	kinetic_box
0.34424636387534974	0.018700390787999673	0.8788767569716394	0.46983176173864505	0.46983176198625887	2.476138183382659e-10	5.270265622133649e-10	0.4260283937194112	0.37442645304995287	-0.5450969906905068	0.0	1.3996309279820377e-16	draw4598	kinetic_box
1.560621189250169	0.03883157945152899	0.11356093475888555	0.6681504269432464	0.6681504269019939	4.125255692599694e-11	6.174142119054273e-11	0.8723096119223785	0.099060294929066	-1.0028083039643232	9.295702851172352e-17	9.163879980949074e-17	draw4603	kinetic_box
0.9847300541454431	1.510955024800022	-0.27167187930658165	0.8083300899368697	0.8083300899222333	1.4636403200540826e-11	1.810696321096861e-11	3.8275163341782026	1.0398285555828306	-2.611228992361576	0.0	4.1914343064265485e-18	draw4604	kinetic_box
0.23249888602506946	0.0006291425787469207	-0.9346063724278854	0.9978687107770882	0.9978686700029548	4.077413340297653e-08	4.086122215146387e-08	0.0829236543301314	0.07750097576194802	-0.08297493781504639	5.107909173067092e-19	9.544863162882793e-17	draw4605	kinetic_box
0.6905261822414098	0.04510468278627164	1.8306153985265958	0.33310424514642256	0.33310424500584507	1.4057749408991072e-10	4.220225235719946e-10	0.11015288468599117	0.20164756689829988	-0.2645764970245028	5.999155899202813e-17	4.870670516420458e-16	draw4606	kinetic_box
0.9015677077931642	0.0001428067196099067	-1.1246364065044028	0.9923222194280839	0.9923222195091729	8.10890243840845e-11	8.171642515895002e-11	14.308575383830675	16.09194480186868	-14.304771234958283	-2.6880981685971875e-17	3.646741001621607e-17	draw4608	kinetic_box
0.7933107520545236	0.018834973590088913	3.419037953207506	0.22071292972988238	0.2207129299547553	2.248729258358395e-10	1.0188479935540568e-09	0.006452482453027438	0.022061282399306284	-0.011693819573992759	-8.826951609548073e-20	1.3139290151600799e-16	draw4613	kinetic_box
0.3691381519749056	0.002323211616272253	23.76852246897519	0.040340960320388274	0.04034095991827293	4.021153410249667e-10	9.967917021300816e-09	0.045138292163855356	1.0728705115077626	-0.07186225917152483	1.3172228789625951e-17	1.547280737035062e-17	draw4614	kinetic_box
0.014398536320807403	0.49059785776285725	5.844447851701675	0.14456896283153145	0.14456896283706536	5.533906666244093e-12	3.8278663398042173e-11	1.2780574307852222	7.469540005704054	-8.733340562069323	-9.104270599865939e-17	1.1293932333204775e-18	draw4616	kinetic_box
0.5152057550134002	1.6696762680786763	0.08219967999383142	0.6786634659610217	0.6786634659048499	5.6171733930909795e-11	8.276817119662839e-11	0.15696978672340073	0.012902866237363508	-0.14425637182476014	1.1652461442352723e-18	3.224192960056236e-17	draw4620	kinetic_box
0.5395260469826997	0.00041212148055784297	0.10054696885504039	0.672489705219563	0.6724896901440031	1.5075559911537084e-08	2.2417533134684773e-08	0.07137717305167121	0.007176758395787213	-0.07166932466979738	5.308108703442287e-18	5.931695994495098e-16	draw4622	kinetic_box
0.4245144074906935	0.31732476826866673	0.1972053613180714	0.6410650664156277	0.6410650664265597	1.0932033056576529e-11	1.7052922751685924e-11	0.11640115624784413	0.022954932075697387	-0.15881539078755502	1.8992187402324017e-18	5.734052427188923e-17	draw4625	kinetic_box
1.4617859469507142	1.8805227778324762	-0.31285930278615026	0.8241801461311962	0.8241801461345765	3.380296043076214e-12	4.10140435793058e-12	0.19581852256776086	0.06126364644316369	-0.02583737117344094	-2.3938124032167332e-18	1.762867872092334e-17	draw4627	kinetic_box
0.0796771268952351	0.034194652436949476	45.7317831196768	0.02139381507232232	0.02139381507412896	1.8066416418438536e-12	8.444691307202066e-11	0.10532452334674408	4.816678258876637	-4.913642742443447	-1.1912005733450163e-16	4.69027085014691e-18	draw4629	kinetic_box
0.07930194759502518	0.41786665256694994	-0.001927910655946508	0.7077887287411718	0.7077887287433429	2.1710411246544936e-12	3.067357583539244e-12	0.27449587105746537	0.0005292035148250061	-0.2332195086138214	1.8862651265444136e-18	1.5706556318613985e-17	draw4632	kinetic_box
0.621939935623444	0.000221745867183069	0.02000788548821227	0.700068656009128	0.7000686512703888	4.738739289855687e-09	6.768963702711829e-09	1.3601754584435373	0.027214234816414926	-1.3621357438089827	-3.049009224418195e-17	2.7117236975282102e-17	draw4633	kinetic_box
0.390286520250174	0.22069591566822233	4.884053326212865	0.16754842166204806	0.1675484216649345	2.886441086147329e-12	1.722750389090308e-11	0.055601777068339034	0.2715620442339675	-0.29101249312279	-3.559614637565238e-18	6.042171794296449e-17	draw4635	kinetic_box
0.6441763472807183	0.016322828945288213	0.003203283144982713	0.7059751580681469	0.7059751579695396	9.86073445119473e-11	1.3967537440772366e-10	5.588639571808639	0.01790199494375802	-6.114807783236739	-1.4747301194652402e-15	1.0971484153876914e-17	draw4636	kinetic_box
0.003720426722436097	2.201114355181834	0.000898052175147206	0.7067893430835287	0.7067893431120567	2.8527957773860635e-11	4.036274464503028e-11	31.907749203369168	0.02865482357613721	-31.850395844722723	-4.432050326436035e-16	4.535447013667808e-20	draw4637	kinetic_box
0.5049562953983701	0.10744865919321438	0.599250394193282	0.5301775456043731	0.5301775458491175	2.447443359088197e-10	4.6162712439442164e-10	0.05978396029482538	0.03582556177310963	-0.11177550897968382	-3.020070733632606e-19	3.702415223640255e-17	draw4638	kinetic_box
0.2266793298157207	2.0450106794676737	-0.16086018279686373	0.7660292849237489	0.7660292849062355	1.7513435146554457e-11	2.2862618298852844e-11	0.2642202740734833	0.04250252158609796	-0.17628729494142442	0.0	2.5194620135576235e-17	draw4639	kinetic_box
3.3803306452609405	0.42167103981433857	-0.26126608066647633	0.8043285613733021	0.8043285613766268	3.3246738695424938e-12	4.133477324058017e-12	3.828709591067477	1.000311948868347	3.4141844688676786	-2.28341632407782e-16	5.978552249296415e-17	draw4640	kinetic_box
0.5463168470383021	0.1044508945255051	10.209428752177292	0.08885772421666835	0.08885772422274513	6.076777969710179e-12	6.838772906761763e-11	0.025378204526856105	0.25909697097512063	-0.22784756233764702	1.023937416966053e-17	1.3193692184429435e-16	draw4642	kinetic_box
1.2362811193281837	0.3187832781577135	-0.2832176411346189	0.8127726030465663	0.8127726030600982	1.353195333564372e-11	1.6649125825225604e-11	0.492034772130393	0.13935292751897962	0.26017927964448634	2.6411978696481767e-17	1.0852877828523747e-16	draw4644	kinetic_box
0.0013859338198600757	4.5800249909432535	-0.003133454496356286	0.7082154910515518	0.7082154911256602	7.410838609445136e-11	1.0464101254924704e-10	55.554462009089924	0.1740773787750373	-55.35099704870488	0.0	2.2223086363569713e-20	draw4648	kinetic_box
0.07231846863889173	5.905910368801153	0.007741642072769509	0.7043750149612341	0.7043750150122997	5.1065596196053775e-11	7.24977392833306e-11	20.8265592212814	0.16123176709849787	-20.709096915341192	-1.1649535055366578e-15	1.4527999538879147e-18	draw4650	kinetic_box
0.8419013548177414	0.004694920837333945	16.78835042546326	0.056127948529124894	0.056127946682907874	1.8462170195410188e-09	3.289300836125598e-08	0.0031496857404908507	0.05287802794144513	-0.012664336942283026	-8.707350321624785e-20	1.869060189341814e-17	draw4651	kinetic_box
0.3766755824772344	0.37433603242902685	0.4881779014899255	0.5577397108471333	0.5577397108463661	7.671641100159832e-13	1.375487696315934e-12	0.034559719541180936	0.01687129136169408	-0.03156885532079618	0.0	9.889816048237801e-20	draw4653	kinetic_box
0.0870010114374642	0.09272299157495127	58.105819087801486	0.01691638696455533	0.016916386966958418	2.403088145142007e-12	1.4205682039762918e-10	0.12151900036401185	7.060961050881755	-7.0369331728711755	-1.702579109197091e-16	2.3890348209998436e-18	draw4655	kinetic_box
0.32578481730604575	0.18517833167571007	1.417123523217118	0.3822900875361892	0.38229008750599563	3.0193569866554526e-11	7.898078148856262e-11	0.11017793034993169	0.1561357368382654	-0.2756005083066547	4.59878440904316e-19	1.3134120733005341e-18	draw4658	kinetic_box
0.20462514413527086	0.09838307342399279	0.24720547058533987	0.6255474119607887	0.6255474119655609	4.772182649048773e-12	7.628810475058768e-12	2.138844975844416	0.5287341787627088	-3.319701653627333	-8.060939205644989e-16	4.632342732392695e-17	draw4659	kinetic_box
0.14098143789049972	0.18241195734932636	714.0174740408254	0.0013985658509360025	0.0013985658509224142	1.3588305827760827e-14	9.715885611534671e-12	0.0009510140902587135	0.6790406785037602	-0.6722893358418766	9.109267167355178e-20	1.7045862607872186e-19	draw4660	kinetic_box
0.5146818322841256	0.041850047052713286	2.2161032320706715	0.2969134755651047	0.2969134751230984	4.4200632043356336e-10	1.4886704628353778e-09	0.6084796523451449	1.3484537242113142	-2.019856102727313	-7.742996690701598e-16	1.7810669379953625e-16	draw4664	kinetic_box
2.6767844644311696	0.3276247295402875	-0.21621003765340624	0.78705355396582	0.7870535541280822	1.6226220367343558e-10	2.0616412037322383e-10	0.08004035119184942	0.017305527344981624	0.0461037814831409	9.371980469593806e-19	4.524836812744951e-17	draw4665	kinetic_box
0.2707574245273763	0.12090973892532463	0.9915236399602582	0.44873440220718186	0.44873440222942007	2.2238211272451736e-11	4.955762509396866e-11	0.32732867445064373	0.3245541187546686	-0.6772126114113529	-3.6057318846190275e-17	6.92023689365982e-17	draw4667	kinetic_box
0.27828726256513453	0.11158704497031577	4.826165823314715	0.16916573411712343	0.1691657341580975	4.097405748026972e-11	2.4221251238726946e-10	0.06600278865837748	0.31854040286652546	-0.34452647767898936	-2.1103723319742984e-18	3.3436271064063833e-18	draw4669	kinetic_box
0.24873206773965886	0.004796857457212302	31.813447812928278	0.030461168154338157	0.030461168135867973	1.8470183715812993e-11	6.063517864262199e-10	0.005837149030689608	0.1856998360641287	-0.1910743038809116	-5.678511594554584e-18	1.5395691776888204e-16	draw4672	kinetic_box
1.3319118093204723	0.24152564080522795	0.020302865089065328	0.6999654264668722	0.699965426450305	1.6567192062666436e-11	2.366858624244157e-11	2.356214472725891	0.04783790456065696	-3.246091465622558	-5.374327635991296e-16	4.5241831603848723e-17	draw4673	kinetic_box
0.3184187570960664	0.8232710128278639	-0.07471029832029567	0.7339934333645071	0.7339934333663752	1.868172283536751e-12	2.5452166172231225e-12	13.606276058785083	1.0165289433801303	-7.060635189081199	-1.1327666935432803e-14	1.9280569353785372e-18	draw4674	kinetic_box
0.4624818136821146	0.0275451541242589	4.1234525363215955	0.19156607838759715	0.19156607992972788	1.5421307286711539e-09	8.050124162048172e-09	0.09400254220577194	0.38761502107906803	-0.23776163713951867	-4.3227834276065894e-17	1.699437330767647e-16	draw4675	kinetic_box
0.37314319981396327	1.1513674288818299	-0.08152792816911203	0.7364914621429179	0.7364914621557782	1.28602684057455e-11	1.7461530875188034e-11	6.755418543240132	0.5507552777455688	-3.60084413117773	2.8287713142225675e-15	3.307464653600828e-17	draw4676	kinetic_box
2.198140308919883	0.05448187326072155	1.1375163779030246	0.4237525422966098	0.4237525420453532	2.5125662661551473e-10	5.929324350545686e-10	0.12106728601573735	0.13771602067117106	-0.13941925333610988	-2.8496787908440036e-18	4.758765805519936e-17	draw4679	kinetic_box
0.3157357926787275	3.245611861136105e-05	0.016326079869419783	0.7013583937631371	0.7013583866680151	7.095122045441826e-09	1.0116257508731084e-08	15.866235778935327	0.25903343255394395	-15.8714883093774	-1.3157942162437245e-15	1.9729132744284516e-16	draw4680	kinetic_box
0.3680670398571521	0.003688865594965436	38.71740589995756	0.025169901298877275	0.025169901336619036	3.7741761105269944e-11	1.4994798986502357e-09	0.005873850109197938	0.22742023887332666	-0.22618855172100347	2.007696492136329e-17	3.693002059835081e-16	draw4682	kinetic_box
0.19499854091252203	0.27249018978087264	2.233532497191481	0.29545311267580526	0.29545311265109314	2.4712121238223972e-11	8.36414313475419e-11	0.281338191355512	0.6283779930936115	-0.9252895837770959	2.8352191826761674e-17	3.0099461283969796e-17	draw4683	kinetic_box
0.15515197100784392	0.16979656252600614	1.3325825360863386	0.39402640816407053	0.3940264081939209	2.985034441849166e-11	7.575721778475506e-11	0.39593777559204946	0.527619765130837	-0.9526058105372249	2.554956275795023e-17	1.2967508151393616e-17	draw4684	kinetic_box
0.5202481396615675	0.7144838137441875	0.016985050998061753	0.7011273687888758	0.7011273687869218	1.9539925233402755e-12	2.7869294657845676e-12	0.49060104344311106	0.008332883742583551	-0.438569479666907	6.8772284922507164e-18	1.2275765622719482e-17	draw4685	kinetic_box
0.6184641811337207	0.007602148568705575	1.093294898492189	0.43105516038422864	0.43105516419406664	3.809838000634613e-09	8.838400086814352e-09	0.01507516534472429	0.01648160136531336	-0.026341293862140215	6.59079312569374e-19	5.338780674216822e-16	draw4688	kinetic_box
3.776420228741062	0.006354066289804409	0.058757306674746185	0.6866462316081591	0.6866462313360652	2.720939029643432e-10	3.9626504966743544e-10	3.2594155456299574	0.19151447879501454	-3.272305729241642	2.867262457667173e-17	1.3399872072181642e-16	draw4690	kinetic_box
0.6093720948349834	0.023534431096670992	0.9447351628031566	0.4572939417516326	0.4572939416922215	5.941114267216108e-11	1.2991893671783505e-10	0.68021822735192	0.6426260777589907	-0.8418523925639793	-2.225975600252757e-16	9.785491226968707e-17	draw4692	kinetic_box
0.822012651369235	0.4506707121631851	0.050968336501035084	0.6893217484760745	0.689321748481097	5.022426918799283e-12	7.286041576181332e-12	1.294516228052335	0.06597933871742208	-1.1940605328151912	-3.748450911716421e-17	1.253533060040931e-17	draw4696	kinetic_box
0.5492932255913804	1.100779752668654e-05	-0.918535257939149	0.9966981161031413	0.9966981732817387	5.71785974123884e-08	5.736801666257856e-08	2.1134595339059246	1.9412870981202324	-2.1134757644314295	2.2165531505473925e-16	1.4484937491912843e-17	draw4697	kinetic_box
2.2844924569669036	0.2083867430116947	0.11004457644716571	0.6693196097303152	0.6693196096589665	7.134870472214061e-11	1.0659885605098944e-10	0.26307358332558006	0.028949821051501613	-0.3737417793125656	8.093914864835707e-18	5.437065881060961e-17	draw4700	kinetic_box
0.17131877680740457	0.012187662404847192	0.7256234354026393	0.5013947996980074	0.5013947997152194	1.7212009595368727e-11	3.432825710427142e-11	0.029223729233569685	0.021205422801739374	-0.04446436027882597	6.888083943829794e-19	2.100501116696418e-16	draw4703	kinetic_box
0.6338596841344007	0.05610541987552851	0.22344981106967482	0.6328569616004979	0.6328569615171273	8.337053269968919e-11	1.31736771133603e-10	1.2635999210426154	0.2823511636246285	-1.656231224871469	9.913738194091175e-17	9.246937698746867e-17	draw4704	kinetic_box
0.10789283959140457	0.0049685925234910725	350.1943531266979	0.0028474146491139513	0.0028474146500468557	9.329043614003663e-13	3.2763207191654186e-10	0.002161290559200021	0.7568717492978905	-0.751666303318152	8.146258871567999e-19	1.3768193243452264e-18	draw4707	kinetic_box
2.1171220507268305	0.012415743035422377	-0.5792142385651229	0.9217233256372456	0.9217233256341354	3.1101787811849135e-12	3.3743084228069688e-12	0.5413092488625627	0.3135340244081879	-0.5482761346761107	0.0	5.0876456113817374e-17	draw4708	kinetic_box
0.06387242725842905	0.1427870048960755	0.4344589591666567	0.5718794831057655	0.5718794830785424	2.722311265301869e-11	4.760288392664691e-11	1.5287180784507113	0.6641652652229475	-2.1891925862189243	-1.902017583920897e-17	2.716277315237476e-18	draw4710	kinetic_box
1.7573001353169366	0.19763250379201097	-0.3136176187469911	0.8244718572980172	0.8244718573536663	5.5649151953218734e-11	6.74967270948915e-11	0.5753044018559522	0.1804255965647258	-0.09951868119308521	-1.4319268613810976e-17	6.944303772516286e-17	draw4711	kinetic_box
0.6859971099733012	0.9211234131521857	-0.060387282726299424	0.728768503491539	0.728768503508501	1.6961987370223142e-11	2.3274863401153126e-11	0.1678645550558436	0.010136884345881683	-0.0671848979540942	4.178388352935652e-18	6.880774993061718e-17	draw4712	kinetic_box
0.9065896443560569	1.237236205678182	-0.21392517329380167	0.7861806178666456	0.7861806178647608	1.8848256289061283e-12	2.3974460652887233e-12	0.9337429081440538	0.19975111343657503	-0.02195387058946552	-4.133535734321343e-17	2.1624286695630433e-17	draw4714	kinetic_box
0.5406349931586152	1.4238266530589034	0.003276308857281243	0.705949381405552	0.7059493814055904	3.8413716652030416e-14	5.4414264908832766e-14	2.08721153473363	0.006838349638267368	-1.6837180379190584	0.0	5.823806861994887e-18	draw4715	kinetic_box
0.01363760568942634	0.14295635320149322	12.562979373555256	0.07353052302816514	0.07353052302231683	5.848307949030129e-12	7.953578607424216e-11	0.095481018515657	1.1995260661782465	-1.2938508646909503	-2.8079212530856173e-19	3.0612371076093967e-19	draw4716	kinetic_box
0.31495363698994694	0.03809633783471571	20.631371014575276	0.046179834926515034	0.04617983491005325	1.646178332537218e-11	3.5647124675598365e-10	0.002256441321162296	0.046553478069517734	-0.04613781832683656	-2.4555720534520073e-20	9.456165154460497e-18	draw4717	kinetic_box
0.3166830205145479	0.8761434514153066	-0.156844579624553	0.7645154786792808	0.7645154787070794	2.7798541246681907e-11	3.636099205433196e-11	0.3615730594131911	0.056710774507225496	-0.10354049292854728	1.7805103598526827e-17	1.0417965818166618e-16	draw4718	kinetic_box
0.9834237400827034	0.2302630987275653	-0.04317709143609677	0.7225331531678738	0.7225331531690355	1.1617373729677638e-12	1.6078672208636732e-12	0.9572579154070654	0.04133161254145825	-0.7717264311631676	9.206239838740245e-16	5.159272285687204e-16	draw4719	kinetic_box
0.7823617220493483	0.2780841116537452	0.13346754826366686	0.6615775846688139	0.6615775846507501	1.8063772699861147e-11	2.730408816586054e-11	0.5747636733744129	0.07671229831630193	-0.6515357973784451	-1.4338532697108516e-17	1.900195205155349e-17	draw4720	kinetic_box
0.23688795936769644	0.1623285332155962	8.71687778902886	0.10237301555040794	0.10237301555178499	1.377051250806005e-12	1.3451310810605447e-11	0.009298981205172986	0.08105808272796924	-0.08995424971531392	-7.609104296178468e-20	5.260288023320614e-18	draw4721	kinetic_box
0.3172126488109648	0.04983774920090307	13.945341821524988	0.0667612018871238	0.06676120186196229	2.516151176301662e-11	3.7688823839692717e-10	0.07752231302361294	1.081075153909541	-1.0290482363170361	-3.67864580300083e-18	3.2411903759130487e-18	draw4722	kinetic_box
0.7754552382239884	4.191170939092203e-05	-0.8270149869074909	0.985365735596156	0.9853657207455784	1.4850577656488895e-08	1.5071132822899687e-08	1.1825630996403957	0.9779974063663834	-1.1826632693537236	-3.9561805772847926e-17	4.2243176587998627e-17	draw4725	kinetic_box
0.4075363565116479	0.1617649638811148	0.243603489055954	0.6266483883035224	0.6266483882779499	2.5572544082308468e-11	4.080844148116721e-11	1.6208136381346518	0.39483585735907567	-2.421648897765266	2.1254041161852044e-16	2.3543833070106075e-17	draw4726	kinetic_box
0.1317730377106604	0.42215011852496226	0.12803939216485882	0.6633620864900899	0.6633620865171665	2.707667423607063e-11	4.0817337599486006e-11	0.7755706433009776	0.0993035937491657	-0.5420803149747002	9.078800570372394e-17	7.348161328344052e-17	draw4727	kinetic_box
0.12754428901654066	0.08976532808739868	32.73843387855729	0.029626776211950152	0.0296267762254817	1.3531547410350342e-11	4.5673370964715325e-10	0.014457297477365561	0.4733092775253655	-0.48583833394724274	-4.696985524529224e-18	1.9720810585041605e-17	draw4728	kinetic_box
0.0009986797789193654	0.8338126420288532	0.010667708539274198	0.7033452879836745	0.7033452879845747	9.002798506685394e-13	1.279996988745425e-12	19.44942289282785	0.20748077467777468	-19.64794297250535	3.409928864805727e-17	1.1009583657581968e-21	draw4730	kinetic_box
0.1387926854328826	0.016121901792540236	1569.2099270004894	0.0006368573908680438	0.0006368573908563754	1.1668400620723496e-14	1.832184220243267e-11	9.09960837180689e-05	0.14279195788856133	-0.1421231489025747	3.707550078137852e-20	1.821018630416877e-18	draw4731	kinetic_box
0.31032495482617733	0.0015780127914812132	6.286410814791175	0.13596726555700758	0.13596726232660455	3.2304030284091567e-09	2.3758682591177446e-08	0.0314749133907205	0.197864235934041	-0.15103751142095226	-4.353100725735527e-17	8.150552931195191e-16	draw4733	kinetic_box
0.3253584328130736	0.002558632149635167	0.7463615827384572	0.49691757366307987	0.49691756669942533	6.9636545418916285e-09	1.4013701685261195e-08	0.05767722598653651	0.04304806567527506	-0.06033759528869095	3.0692959082223807e-18	2.460828049529194e-16	draw4734	kinetic_box
0.723897173981609	0.008610260326919755	13.671033844689942	0.06800373288290147	0.06800373288348491	5.834360772283276e-13	8.579471339139066e-12	0.044793221247635316	0.612369643689107	-0.1143489272536581	-1.4047551387514404e-17	3.5056347740757194e-17	draw4735	kinetic_box
0.013223538781675072	0.5311433478431593	0.021625816209184745	0.6995026691152307	0.6995026691313262	1.6095458299503207e-11	2.3009859732903193e-11	0.30803448098010167	0.006661497071767293	-0.2998793116155194	-2.181231614989455e-18	8.222234164957226e-18	draw4736	kinetic_box
0.9155085036362312	0.05000534413547684	0.3429196188771565	0.5972482708081824	0.5972482713512414	5.430589311572476e-10	9.092683180624477e-10	0.7120466960355408	0.24417478162724618	-0.8935861349001769	-2.184694662029371e-17	2.1091715763071604e-17	draw4737	kinetic_box
0.43242146299808654	0.0003321564337856601	0.0012573138578598124	0.706662393879373	0.7066623934243935	4.5497949852091324e-10	6.438428063451093e-10	25.1276613119345	0.03159335678310313	-25.190068502558304	6.659705540180061e-16	1.535284452691073e-16	draw4739	kinetic_box
0.9245836311717311	5.6707828385583285e-05	-0.011615426971993097	0.71122506565561	0.7112253093921687	2.4373655871379185e-07	3.426995011216563e-07	0.07603507484578034	0.0008831798591811914	-0.07608352363622135	3.116626825090344e-19	5.6770109618936695e-18	draw4740	kinetic_box
0.41011260627879365	0.26881830958681247	1.0000602396343519	0.44720281969988357	0.44720281973376563	3.3882063821266684e-11	7.576442349231559e-11	0.04056021579235665	0.04056265912492522	-0.07867332139994504	-1.0537195566558127e-19	1.1822434527389273e-17	draw4741	kinetic_box
0.3681243407201563	0.052145153560920185	3.346388681673857	0.22421809528003886	0.2242180952457919	3.424696637388536e-11	1.527395295029298e-10	0.23695305019685597	0.7929370052668562	-0.9919195909269901	-2.154248752812364e-16	1.9028093756169554e-16	draw4746	kinetic_box
0.8360242000632208	0.006814058210821828	18.744265372053995	0.05058278190969057	0.05058278203301886	1.2332828508432314e-10	2.4381475301974946e-09	0.03225170288929344	0.6045344776575566	-0.2212671481131051	-1.6522576782149752e-17	2.78603671278031e-17	draw4747	kinetic_box
0.49995562701823015	0.00016787101265236848	0.3022073578223499	0.6090608390561947	0.6090608386266465	4.295481748073371e-10	7.052631651312744e-10	2.544526229764436	0.768974548806776	-2.5480743747546213	-1.1980193870364006e-16	1.077933939258737e-16	draw4748	kinetic_box
0.8680018766882451	0.059935829079117396	0.5085136395838028	0.5525272227120085	0.5525272228080685	9.606004880424734e-11	1.738557754965419e-10	0.11720917818659024	0.05960246579228947	-0.19289036904794038	5.181818270997629e-18	1.3025202735705214e-16	draw4749	kinetic_box
0.8923393571524805	0.024344720765630858	0.8656524351372307	0.4724208473638782	0.47242084594735495	1.4165232320451082e-09	2.998435069486669e-09	0.13560533335626104	0.11738708703744327	-0.16490047731456978	-4.200699444974769e-18	1.5302353087195744e-16	draw4750	kinetic_box
0.27365640588870277	0.16202310689095906	115.48375093891423	0.008584572044045197	0.008584572043931815	1.1338152638984411e-13	1.3207592155975932e-11	0.008348104742317996	0.9640704488738201	-0.9574153131119664	-2.4872872497198268e-18	2.2859524476010338e-18	draw4751	kinetic_box
0.6011288683605797	0.0005108535071096078	-0.6582205394789256	0.9462583413648983	0.9462583631592207	2.1794322457857618e-08	2.30321055077327e-08	1.3529299818684863	0.8905263025426882	-1.3545689315876062	5.565866435720141e-16	3.4382057205623707e-16	draw4753	kinetic_box
0.2921625331845034	1.2139985782320004	-0.10742032624812822	0.7460404931911476	0.746040493209978	1.8830381698364818e-11	2.5240428461655742e-11	0.36300082890217433	0.03899366746901254	-0.2169069477980714	0.0	3.028662989126397e-17	draw4755	kinetic_box
0.18545245097425067	0.000154774418520605	13.428392498609004	0.06914196277976675	0.06914192510148272	3.767828403444806e-08	5.449412057755977e-07	0.13003651171389158	1.7461813184441035	-0.13401893611065924	6.26776609586136e-17	3.850720492382657e-17	draw4758	kinetic_box
0.2641153782000997	0.01773236744581618	1196.9545024875297	0.0008347559410458942	0.0008347559523460274	1.1300133246662514e-11	1.3537050217975952e-08	0.0005874301544596638	0.7031271682774397	-0.1480564850218672	-1.4550937640514487e-18	3.0387328068006546e-18	draw4763	kinetic_box
2.91456306645237	0.14170518145100228	0.2795460325198672	0.6157796516164392	0.6157796515024448	1.139943694994372e-10	1.8512201437852254e-10	0.027754041925778114	0.007758532306741326	-0.01896487862080469	3.83860594334636e-19	1.870958650645586e-16	draw4764	kinetic_box
1.0314066436246336	0.020229378116795416	0.4483544295245458	0.5681698454212899	0.5681698450746399	3.466500420046259e-10	6.101169307200505e-10	0.022316651362639287	0.010005769490594315	-0.032208192430861995	-2.352218815941472e-19	1.9776666182125243e-16	draw4765	kinetic_box
1.2599348152989787	0.6674948088609198	-0.024333512626115224	0.7157616512386312	0.7157616512269263	1.1704970326320563e-11	1.6353167714778283e-11	0.12120743003517874	0.002949402529139999	-0.06436565989564794	3.900263008329418e-18	1.3714313245345656e-16	draw4767	kinetic_box
0.3604527481801039	3.079414392045905	-0.23552361124644564	0.794445800124657	0.794445800126689	2.0319301796689615e-12	2.55766998748679e-12	0.3080643132587865	0.07255641955486568	-0.1987740133601289	1.061815913683535e-18	8.832391477715195e-18	draw4768	kinetic_box
0.4515378987787091	0.054064636991071134	1.8841994383260146	0.32758538319386094	0.32758538353185945	3.379985180629319e-10	1.031787543201114e-09	0.04484974794292595	0.08450586988312439	-0.10087170634578377	4.260169311029899e-19	9.831458449439266e-17	draw4772	kinetic_box
0.057516248370516235	1.4457190446439894	-0.07932973145855822	0.7356852645603656	0.7356852645637881	3.42248451801197e-12	4.652104212038654e-12	5.58187609388984	0.4428087315632269	-4.936215409222312	1.5482913413301275e-16	1.9594115494976706e-18	draw4776	kinetic_box
0.26720457094561995	0.5275911613485756	19.05525974634357	0.04980036184512341	0.04980036184075508	4.368332084947468e-12	8.771687440577108e-11	0.04423133320987424	0.8428395432412261	-0.8881217427296625	1.1520014948816035e-18	5.486165641856901e-19	draw4777	kinetic_box
0.015955684242589852	0.022106843763285536	729.0198053144278	0.001369824564070657	0.0013698245643612098	2.9055273811917637e-13	2.121094523185674e-10	0.14178251699347144	103.36226293557009	-103.50411500210119	-1.4209767340266609e-15	1.3265845811502032e-19	draw4778	kinetic_box
0.19615839886159578	0.0015801051935381784	1098.7683661407523	0.0009092820075725414	0.0009092820064575739	1.1149674933319531e-12	1.2262064853517766e-09	1.3844487239346199e-05	0.015211884624032921	-0.015127226443636805	-1.9794411471831984e-21	8.529826915233942e-18	draw4782	kinetic_box
0.1800962902538179	0.07531350471185323	359.35038910519313	0.0027750661019032927	0.00277506610157908	3.2421287876616134e-13	1.168306868732519e-10	0.0029447006068884125	1.058179308883649	-0.9525062197353737	-1.2375530888091577e-18	1.365759754891071e-18	draw4784	kinetic_box
0.004325016642280513	0.0006616762054443317	4628.788534922913	0.00021599258137810373	0.00021599258133076966	4.733407134131784e-14	2.1914674591916073e-10	0.0004490881679927438	2.0787341631743472	-2.0791831623579764	3.054470981208914e-19	7.068204821741392e-20	draw4785	kinetic_box
0.6775780197203022	0.1230373564915762	10.872570310711676	0.08393057089182253	0.08393057095182027	5.999774288500959e-11	7.148496930808543e-10	0.00874397661712543	0.09506950056491507	-0.07662359467367613	-3.652304040477935e-19	4.689067293966083e-17	draw4787	kinetic_box
0.5426414628030278	0.00978973692196412	-1.1155526168977878	0.993389918475724	0.993389918570587	9.48630063390965e-11	9.549423098192621e-11	2.687544134761681	2.998096892561694	-2.658841869674754	3.799394323552423e-16	8.217893727874972e-17	draw4788	kinetic_box
0.09798714963552078	2.7916271098227465	0.006869413252054048	0.704682261978051	0.7046822619501196	2.7931323920427076e-11	3.963676316064867e-11	4.4376605532870474	0.03048412421286754	-4.224342809257723	2.4767667012309807e-16	3.884903976768059e-18	draw4789	kinetic_box
0.4182778437103936	0.00027295655225778343	-0.49001098251836184	0.8908394152372417	0.8908394161676261	9.303843251373678e-10	1.0443906143487265e-09	0.4715467891392326	0.23106310544949415	-0.4719695639164555	1.1063444291684163e-17	1.2089772346749594e-16	draw4790	kinetic_box
0.2214199575167927	4.174049419126979	-0.26752434581027407	0.806734832028912	0.8067348320055525	2.3359536527323144e-11	2.8955656308096992e-11	1.390909496433776	0.37210215311474376	-0.933004620074754	-9.633779912502062e-18	4.251245312156366e-18	draw4791	kinetic_box
0.06877536028037018	1.615006335183414	0.027265610681166237	0.6975334980057735	0.6975334979883275	1.7445933586657247e-11	2.501088999592273e-11	27.553511064853097	0.7512633055934906	-27.07245433719086	-6.278907060603864e-15	6.457787973272529e-18	draw4792	kinetic_box
0.020057821229976406	0.0048884062884625885	4556.322993531953	0.00021942705771635043	0.0002194270578023869	8.603648392682683e-14	3.9209605592173664e-10	0.0005847920020719862	2.664501245474177	-2.6649552106951777	-1.0993098077991474e-18	1.5517774647828223e-19	draw4793	kinetic_box
0.7477136680376166	0.09468944178089839	0.9140508030768952	0.46306269672358524	0.46306269670249783	2.108740959627653e-11	4.553899449565137e-11	0.004307485104401867	0.003937260218920291	-0.008946587174990176	1.925769864251208e-20	2.121820992210111e-16	draw4794	kinetic_box
1.3252033796792448	0.26394957996415125	0.05341259320025363	0.6884809112490574	0.6884809112722887	2.3231305767978938e-11	3.374284658822028e-11	0.28651312398091616	0.015303408937726507	-0.3874536947796047	3.880612041606858e-18	3.0788883281924255e-17	draw4795	kinetic_box
0.3534486676429408	0.0018257105520016687	-0.4075664976373943	0.8603516302460689	0.8603515574809529	7.276511593268253e-08	8.457602627666942e-08	0.26560127804521216	0.10825018266090286	-0.26935664656032043	-3.395088413572988e-17	4.0511674463006467e-16	draw4797	kinetic_box
0.6838535314260812	0.0350896999072547	17.391353451914863	0.05429317861664969	0.05429317859789683	1.8752860375670366e-11	3.4539993531336185e-10	0.006444009190116113	0.11207004147269697	-0.11729901845680557	5.783873471604741e-19	4.159127185466505e-17	draw4799	kinetic_box
0.157522283317581	2.0718448605899944	-0.018733238788945616	0.713760700265102	0.7137607002826033	1.7501333715586043e-11	2.4519889801521212e-11	1.6355660522817967	0.030639449412488015	-1.487939420958322	-4.528732850917852e-17	1.47714763128218e-17	draw4801	kinetic_box
0.04164138733113177	0.23678208451062663	26.894081324858192	0.03582688383184622	0.03582688382829536	3.5508609941281577e-12	9.911163391005718e-11	0.022852554089527806	0.6145984481644814	-0.6376967401192968	-1.3798874015554898e-18	3.2983150726049628e-18	draw4808	kinetic_box
0.05198914642359195	0.3340566583724702	0.00613900118974293	0.7049396577377569	0.7049396577456649	7.908007582102528e-12	1.1217992200058145e-11	7.294875218696095	0.04478324764660155	-6.071393116589913	0.0	1.2202325699366625e-17	draw4810	kinetic_box
0.5196057952879906	0.13607050469301382	0.7491768466636624	0.49631491606968375	0.4963149160389477	3.073608034753761e-11	6.192858476396393e-11	0.12850552331548684	0.09627336273636017	-0.2562677813732106	4.918751318898e-18	7.746284901220761e-17	draw4811	kinetic_box
0.3505149601115065	0.6461660201386294	0.08598482940019102	0.6773844274761899	0.6773844274747821	1.4077627952246985e-12	2.0782331835892508e-12	0.17018148201200559	0.014633025697873978	-0.17949564206328256	-1.6022527256999061e-19	4.0408679417525114e-18	draw4816	kinetic_box
0.16922977732676078	0.026900158903512012	4.9823760837075275	0.16487015630203397	0.16487015630550067	3.466699149967667e-12	2.1026844564542972e-11	0.03447453990626128	0.17176512312577694	-0.2076567553218073	-1.02739956444492e-17	2.347854206861729e-16	draw4818	kinetic_box
0.012395973997786884	1.621994910878486	0.030104186786158747	0.6965445947806205	0.6965445947695534	1.1067036176370948e-11	1.588848188540232e-11	9.976174816654042	0.3003246300919263	-10.133568091830739	5.704026109938177e-16	2.7989677289621896e-18	draw4821	kinetic_box
1.8137144374337824	0.07177320065647175	0.026305145273198022	0.6978684397690125	0.6978684397741887	5.176192807709867e-12	7.417147004648532e-12	1.4006646584867144	0.03684468732052732	-1.63897032464222	1.1622467315119636e-16	2.1166672886371713e-17	draw4822	kinetic_box
0.00450077655518361	2.09559110954602	0.002488060587647108	0.706227666790203	0.7062276667709713	1.9231727321766812e-11	2.7231625475250088e-11	7.882633035047009	0.01961246858138557	-7.878182977999317	2.7416294229438506e-17	2.411888263930656e-19	draw4823	kinetic_box
0.3070063586749174	0.46699663578865097	0.24320626733692513	0.6267699631372632	0.6267699631175102	1.9752977031828323e-11	3.151551317739987e-11	0.2401478567986002	0.05840546386094998	-0.08716821079713105	6.5265114039669065e-18	7.30418790474491e-17	draw4824	kinetic_box
0.19138626289785265	0.031432057541211665	51.20076599992234	0.01915329287016621	0.01915329286283686	7.32934893332704e-12	3.8266782562220294e-10	0.007903675355531973	0.4046742324179456	-0.41174821648091753	7.576684276713069e-19	4.7091836970872104e-18	draw4829	kinetic_box
0.2827332040517971	0.06927442788367466	2.5707375623315922	0.2696783098568021	0.26967830986647023	9.66815516534325e-12	3.58506962244401e-11	0.2697183026166655	0.6933749717849814	-0.8975590142476632	1.2483366321267364e-16	1.2160961688420698e-16	draw4830	kinetic_box
5.638788408435067e-05	2.448030359562599	0.0005046348536154795	0.7069283883264754	0.7069283883373676	1.0892176049992486e-11	1.540775024696619e-11	178.79368690218658	0.09022552601725681	-178.87906889366985	1.551570611104077e-16	4.452309425195624e-22	draw4832	kinetic_box
0.0015490851199603953	1.0645593279338974	-0.0004842287029375507	0.7072780026040881	0.707278002606345	2.2568613644580182e-12	3.190911291092615e-12	17.424867748538688	0.008437621108733247	-17.379320330498857	0.0	3.530691493080685e-19	draw4833	kinetic_box
0.13410229727570824	0.012344391896600703	182.0228442161705	0.005463717264691197	0.005463717264738466	4.7269479996892017e-14	8.651523808151278e-12	0.009561088968296744	1.7403366078132243	-1.7484146318754952	3.62920828925103e-17	1.1826603065617627e-17	draw4834	kinetic_box
0.01452052611937651	0.003198893169618589	386.38466741514736	0.002581404873232017	0.002581404872943066	2.889507209891118e-13	1.1193545189975502e-10	0.002102913583884563	0.8125335657120327	-0.8145766723069834	1.0073864942451742e-18	1.5258007660188287e-18	draw4836	kinetic_box
0.1257567312314885	0.15352167101701472	0.1298368240580754	0.6627705340277278	0.662770534021334	6.3937743988162765e-12	9.647040824253762e-12	0.058261782178024246	0.007564524761958047	-0.06189733009415397	8.546147216387946e-20	8.484517071393395e-18	draw4838	kinetic_box
0.056123207113558	0.0005202864673101176	489.5110918948471	0.0020386856373031444	0.0020386856452425228	7.939378321442092e-12	3.894361222373556e-09	0.007894889449737154	3.8646359549299447	-3.8488719572619754	1.5155368733887863e-15	1.0110572162416587e-16	draw4839	kinetic_box
0.005690489734557448	1.2836801732254923	0.00403392422485871	0.7056820147681263	0.7056820147848232	1.6696866111942654e-11	2.3660608832483662e-11	4.405822422099716	0.01777275379893372	-4.4004513427108245	-4.604165447418863e-17	5.008035178867304e-19	draw4840	kinetic_box
0.6516640985832732	0.0035108276256554114	248.12509580298504	0.004014015241226422	0.004014015290530961	4.930453961771164e-11	1.2283097110771042e-08	0.00019427128488381176	0.04820358117356481	-0.04313054505394129	3.167449146118156e-19	1.3524115150617905e-16	draw4844	kinetic_box
0.5590772006439763	0.7197580047518383	0.19438806699777608	0.6419544702302777	0.6419544702241087	6.169065258632145e-12	9.609817432190326e-12	0.1090273005703277	0.02119360620785153	-0.12444462749178432	-3.3839796982886084e-19	1.4851524660918466e-17	draw4846	kinetic_box
0.002037268657698783	6.021422958382974	0.000943173337397166	0.7067733976860684	0.7067733977203646	3.42962325206031e-11	4.852507554928153e-11	68.7223587142269	0.06481709642230261	-68.760939068004	-2.386534400573294e-16	1.1117007162017361e-19	draw4847	kinetic_box
1.2015560897582616	0.00041276558939323994	-1.095974370480749	0.9954260337916409	0.9954260343339122	5.422713389435785e-10	5.447630665059293e-10	0.33884997831341535	0.3713708916694608	-0.33867065756195197	-1.6648300262527058e-18	4.82095045931592e-18	draw4849	kinetic_box
0.6210833090583139	0.06786315719595942	2.9955988318803812	0.24278703947283753	0.24278703961585418	1.4301665407501218e-10	5.89062143931974e-10	0.07795115810131757	0.2335103981520298	-0.29592517187353995	1.7621214469424543e-17	1.7006584186680354e-16	draw4853	kinetic_box
0.651900388189489	2.7800513519206684	0.0030115934016585588	0.7060428249860535	0.7060428249848755	1.1780576514297536e-12	1.6685356889718261e-12	2.235082605545461	0.00673116002702253	-1.9951712289517016	0.0	2.4052147762114773e-18	draw4854	kinetic_box
0.47077110134674105	0.018366128562989695	3.0312284285488005	0.24076610522933634	0.24076610480880056	4.205357728714887e-10	1.7466568776591227e-09	0.0485143495064717	0.14705807541656948	-0.0771956641302658	-1.3708912377893678e-17	3.2484225130366286e-16	draw4856	kinetic_box
0.10579756655496599	0.11903903642644478	144.63638915381156	0.006866253913935543	0.006866253913674309	2.6123374297082336e-13	3.804603591058147e-11	0.04672587466111729	6.758261791037583	-6.804915451531723	1.0698063975742705e-17	2.299087552091951e-19	draw4859	kinetic_box
0.33213407063963984	0.1486805734526405	189.7157802657642	0.005243332524737345	0.005243332524681735	5.5609163107650517e-14	1.0605690721670553e-11	0.0017462536395133764	0.33129187176221075	-0.3164803106660478	-3.4252958918954936e-20	7.457405448934972e-19	draw4860	kinetic_box
0.00012045161707013967	5.9672469933855244e-05	134664.92736592307	7.425783339750347e-06	7.425783340541393e-06	7.9104661053963285e-16	1.0652702540092691e-10	0.0003842506723720708	51.745088885292034	-51.74547313285926	-2.3129377219382067e-17	8.638093596665956e-21	draw4861	kinetic_box
0.004547543566791613	0.5430962613154796	0.12905867363730184	0.663026552253672	0.6630265522344284	1.92436067081303e-11	2.902388545870223e-11	8.17162187015405	1.0546186800276496	-9.167029703610575	-1.280364745662486e-16	8.566867882027585e-19	draw4863	kinetic_box
0.2244154091838365	0.20632949030920214	0.26213444080929116	0.6210122058706868	0.6210122058677394	2.9474200857748656e-12	4.746154838706334e-12	0.361347972997198	0.09472174883919135	-0.17000822544811922	0.0	4.836902264430243e-17	draw4867	kinetic_box
0.8304334973752121	0.2262458401315969	-0.1127123648306077	0.7480037609402075	0.7480037609509185	1.071098765237366e-11	1.431943021082815e-11	0.813156904342484	0.09165283766677763	-0.5850872493786564	0.0	9.204307691951915e-18	draw4871	kinetic_box
0.038418245369174084	0.03153033387010823	3.4245406144019572	0.22045178430279624	0.22045178428325424	1.9542006901573927e-11	8.864526529059425e-11	0.2647607869790891	0.9066840681109154	-1.1459516456841623	8.101457141098907e-17	5.659113670311448e-17	draw4872	kinetic_box
0.17791175724376337	1.590664886149951	0.06258204092258422	0.6853366372791814	0.6853366372542887	2.4892643502028022e-11	3.6321775531740327e-11	3.51132097612232	0.2197456330200154	-3.348832013269754	-2.0601023875446799e-16	3.996338438510024e-18	draw4873	kinetic_box
0.36622604470002784	0.0405503167702607	0.6960496548624611	0.5078966827550057	0.5078966827890248	3.401912085365666e-11	6.698039582941687e-11	0.23173705283285692	0.161300495643154	-0.4512925735991856	5.0872244596352254e-17	2.2055569229141563e-16	draw4874	kinetic_box
0.7402775433199364	0.0011368170301229881	-0.9468624285278567	0.9985911820577694	0.9985911820034616	5.430778049486662e-11	5.438439821380113e-11	7.191408120273457	6.809274157297074	-7.193572558930156	-2.077760523557595e-15	4.8971972203669103e-17	draw4876	kinetic_box
0.24308697898854773	0.0029774748482757486	239.35707198189516	0.00416044073572574	0.004160440702175197	3.355054341985797e-11	8.06418017262373e-09	0.0068332268591463925	1.6355811731933223	-0.07103405476623043	-6.292955558112634e-18	3.79772702838314e-18	draw4877	kinetic_box
0.4304896235373755	0.09291402681632743	0.7910403780028519	0.4874960857770636	0.48749608512496345	6.521001516546221e-10	1.337652078759698e-09	0.044109860222995526	0.034892680504451344	-0.08838762663298445	6.155775127126925e-19	4.224734672153138e-17	draw4878	kinetic_box
0.15201506156106082	0.15663183421705795	2.144681226474814	0.3030439386972522	0.3030439386983178	1.0655920590352252e-12	3.5162955695874484e-12	0.6170186994139731	1.3233084210170543	-2.034906262073675	0.0	1.098536158383837e-18	draw4879	kinetic_box
3.2962796602249114	7.148901309170748	-0.2797696756503391	0.8114457092970135	0.8114457092852351	1.1778467090550748e-11	1.4515409910696126e-11	0.20361756736830977	0.05696602077934309	-0.052116068540697336	-1.2929719935726943e-18	8.003898617540512e-18	draw4882	kinetic_box
1.0480986805552606	0.0005528207110286314	0.02723742841504421	0.6975433282517502	0.6975433235432252	4.708525014329723e-09	6.75015422757171e-09	0.3224624985532564	0.008783049220880619	-0.32435079364667246	-1.0511390770861484e-19	8.449787132549291e-17	draw4883	kinetic_box
0.7547894495820525	2.208098958760357	-0.1914882805084636	0.7776296158676459	0.7776296158786037	1.0957790230747833e-11	1.4091271740425149e-11	1.4990164764086167	0.2870440875213419	-0.7464769549115035	-7.99190429441635e-17	3.703768034484668e-17	draw4884	kinetic_box
0.8254290766189124	0.10525944958586722	38.11436256857705	0.02555770519641741	0.025557705222694148	2.6276737730146493e-11	1.0281336881064687e-09	0.008369727344235989	0.319006822598344	-0.1491139407936634	4.911599840916686e-19	1.3036721686678445e-18	draw4885	kinetic_box
0.4690248206778239	0.0029942371526333316	35.09127183965278	0.02769690061731298	0.02769690056099269	5.6320288710498545e-11	2.033450948291954e-09	0.007193559321492384	0.2524311456451575	-0.2498451592224431	-4.7031522796608946e-17	6.979586768752159e-16	draw4886	kinetic_box
0.5097167373916907	0.00011668274501414156	0.2317459871499832	0.63029304394632	0.6302912756144108	1.768331909235421e-06	2.8055789087539614e-06	0.5137595195350025	0.11906170701234028	-0.5142425024008869	2.440550860768622e-16	2.531208586689788e-16	draw4887	kinetic_box
0.06291448057286185	0.5641470833457746	0.10727020075692718	0.6702438013153814	0.6702438013414311	2.604971793829236e-11	3.886603335406647e-11	1.2097174758681677	0.12976663649554157	-1.134245408020853	1.1016741587388104e-16	3.3534291933228126e-17	draw4888	kinetic_box
0.9909295675646889	0.12709783365652144	0.07724443493208133	0.6803420747193197	0.6803420746477982	7.152156644707475e-11	1.0512589050750724e-10	0.17413804673659716	0.01345119502034482	-0.22438380220478032	1.2623846060119924e-18	2.982567762064294e-17	draw4890	kinetic_box
0.5717946956140486	0.1454794867866724	1.1431212728112474	0.42284266566845413	0.42284266570450524	3.605110654447685e-11	8.525891417416807e-11	0.19372348717447635	0.22144943923232077	-0.45642876214663763	-2.994584878251196e-17	2.096364404919364e-16	draw4891	kinetic_box
0.07229440954909297	1.277790620088589	3.8302928670049585	0.20272789597958543	0.2027278959536677	2.5917740176240045e-11	1.2784496210705703e-10	0.07192296259798354	0.27548601061292083	-0.3476225101695244	2.2599592746449545e-19	1.775677592384146e-18	draw4895	kinetic_box
0.48581962850452004	0.07891124038894139	0.6256121725994928	0.5239542507565009	0.5239542506826398	7.386113942686734e-11	1.4096868062552506e-10	0.16069650985818335	0.10053369266153389	-0.3064500722789266	6.323829802810193e-18	3.268747675270114e-17	draw4899	kinetic_box
0.06380550555005202	1.8256378598728058	-0.03879854464615613	0.7209544435159726	0.7209544435231575	7.184919326164163e-12	9.965843737716527e-12	1.6771843024186746	0.06507231003722318	-1.5857366063541023	-1.745457921266375e-17	3.3118528072390667e-18	draw4901	kinetic_box
0.13159057683468917	0.04552350365892001	55.27638872847741	0.017766636829599045	0.017766636833703997	4.104952489036862e-12	2.3104837046309225e-10	0.006012724925899903	0.33236172032144856	-0.33830007760320546	5.548591142823126e-19	4.876733674738338e-18	draw4902	kinetic_box
1.0327503545834502	0.3340844532263482	-0.2308738421427727	0.7926640610582593	0.79266406106509	6.830758181308738e-12	8.617469261985157e-12	1.0515784013202292	0.24278194582715584	-0.6263805004006828	-5.759207133341374e-17	1.1694347572538602e-17	draw4903	kinetic_box
0.4653033250415373	0.06311860105101445	0.13973020554318233	0.6595260236905812	0.6595260237052093	1.4628076527856138e-11	2.217968056161875e-11	0.5756463861132205	0.08043518785179042	-0.819966054259595	-6.789980826171657e-17	9.535666715542375e-17	draw4907	kinetic_box
0.1997379378047746	0.005016389878909687	1.0933367500301199	0.4310481484521267	0.4310481474743113	9.778153842177062e-10	2.2684597763547516e-09	0.17439299293882132	0.19067026812775656	-0.1972482802163285	7.085679814137403e-18	6.453723066431138e-17	draw4908	kinetic_box
0.7015936046865138	1.5768248563092235	-0.1395792094039965	0.7580274856312009	0.7580274856368083	5.607403430474278e-12	7.397361621740637e-12	0.33188364161724004	0.04632405631105367	-0.18336856048857203	-1.3285521104178287e-17	6.312404174614926e-17	draw4910	kinetic_box
2.1823811115178655	0.00018400736420809313	0.0047788756449463855	0.7054192160101652	0.7054192168673536	8.571884313468559e-10	1.2151475475157644e-09	25.03272318221375	0.11962827114216608	-25.03925648082577	-2.785669549648669e-16	1.0178639355179025e-17	draw4911	kinetic_box
0.8180984015504074	0.06683802495783048	1.16697011133024	0.4190097991956756	0.41900979925505116	5.937556002422184e-11	1.4170446641053363e-10	0.11272473457706181	0.13154639605906557	-0.269022606007553	-3.8569900812739e-17	5.69531273266548e-16	draw4913	kinetic_box
0.4526893138544197	0.3562000267472134	-0.05826976088636413	0.7279987597802743	0.7279987597696834	1.0590861521109218e-11	1.454791148883254e-11	1.133888778690078	0.0660714280060023	-0.7240882783625102	1.2126263475586467e-16	6.964645907632551e-17	draw4915	kinetic_box
0.001270541434701452	0.9400470891081365	0.001846727925294352	0.7064541659905132	0.7064541659845379	5.975331340835055e-12	8.458201010829393e-12	4.979382839111957	0.009195565339719524	-4.978235513127851	3.461514176586619e-17	6.30435455792053e-19	draw4917	kinetic_box
0.5069391588325834	0.10421713083856786	-0.41278571534860664	0.8623187334924837	0.8623187331617863	3.306973583860895e-10	3.8349782472375533e-10	0.046725562538772185	0.019287644757633133	0.003109426001239847	-2.6970235438035393e-19	7.03378186628961e-17	draw4922	kinetic_box
0.6802693411612406	0.0031216878524523784	0.019580236004851974	0.7002183139633286	0.7002183305164428	1.6553114212669584e-08	2.3639932705647554e-08	0.33049143333692965	0.0064711002623189075	-0.34219671453554174	-3.7690704130404024e-17	1.8254997654835529e-16	draw4923	kinetic_box
0.014456011149428466	0.10229918328413241	2.2170501014040855	0.29683378604433697	0.2968337860429676	1.369349078572668e-12	4.613184694462141e-12	0.19271674858338067	0.4272626869890499	-0.6272681845070037	0.0	1.591757135758353e-18	draw4925	kinetic_box
0.03298086379561712	0.033643123529459536	6.905284263354669	0.12549756523217567	0.12549756523846536	6.289690990257668e-12	5.0118031997722454e-11	0.2651540633588358	1.8309641810763158	-2.056629519809651	1.8080188013957292e-16	4.167067592443724e-17	draw4928	kinetic_box
0.051950707153155626	0.043289193121876055	12.309248012038793	0.0749245341196564	0.07492453412184853	2.1921353621223716e-12	2.925791114773351e-11	0.0043501734410872125	0.05354736378172673	-0.057807433010615625	-6.82536241269168e-20	2.0073410442525953e-17	draw4929	kinetic_box
0.929820743177551	0.08915270660046624	2.5348636436119705	0.272213309855901	0.27221330985898357	3.0825897390229784e-12	1.1324169786627526e-11	0.07668095807469133	0.19437577278086876	-0.15470747472389298	4.528718025356232e-18	4.893354955420911e-17	draw4931	kinetic_box
1.1990124782154403	0.40923459602115403	-0.08329836607199813	0.7371413008081764	0.7371413007950303	1.3146150834586479e-11	1.7833963204080328e-11	0.4961005664977213	0.04132436659665284	-0.43603385591284416	-1.3244051387688189e-16	2.9517868038363897e-16	draw4933	kinetic_box
0.5952033499184566	0.7223440052654213	0.013313383749854909	0.7024155577706872	0.7024155577695428	1.1444178937836114e-12	1.629260458606024e-12	3.232275124317853	0.04303251911515356	-3.0972675239193093	1.815545003732812e-16	5.646303491626461e-18	draw4938	kinetic_box
0.057840383540695685	2.556290244798518	-0.019065002088362353	0.7138790883409176	0.7138790883534117	1.2494116852224124e-11	1.750172691154501e-11	51.951841331219285	0.9904619634739652	-49.598193367325564	1.153175331171018e-14	2.6415638372491695e-19	draw4940	kinetic_box
0.007086804840842595	0.001047061645674874	6520.659915704857	0.00015333519394869038	0.00015333519397968786	3.099747563663213e-14	2.0215499672396368e-10	0.0007700050942372091	5.020941352881111	-5.016343019243626	6.118527689267865e-18	2.415702253839201e-19	draw4941	kinetic_box
0.04374219435259825	0.13431853291311502	1.7510769763290013	0.3416248956467273	0.3416248956791821	3.245476110080858e-11	9.500115919914296e-11	0.20340518643400518	0.3561781388304946	-0.556345218387714	4.3677199278074564e-18	1.2328718092729612e-17	draw4942	kinetic_box
0.3241271720717882	0.00016027839069222784	3.2532286780020505	0.22887461843906162	0.22887457819098933	4.0248072291637627e-08	1.758520872425235e-07	0.10089283724646196	0.32822747153518345	-0.10203347303188523	-3.483579229459697e-17	1.855138394039221e-16	draw4944	kinetic_box
1.588982848171339	0.07715340082683962	0.9530135552363888	0.4557588826491455	0.4557588825159453	1.33200173113579e-10	2.9226018015988714e-10	0.11663054969399737	0.11115049481305075	-0.1690748870830383	-1.010800156813718e-17	2.0937404486818783e-16	draw4945	kinetic_box
0.11473006185600665	0.004941931614685774	83.84563029863223	0.011785292271165938	0.011785292271528771	3.62833027511833e-13	3.0786935033285075e-11	0.02053835915238473	1.7220516684313798	-1.7418326289202337	-1.9739457509828483e-17	6.4838574982126705e-18	draw4947	kinetic_box
0.36165946876958915	0.3031860582145375	0.060936937263268785	0.6858995824432466	0.6858995824465554	3.308797680290354e-12	4.824026380783184e-12	1.2602912917346822	0.07679829137788032	-1.3591274222613563	3.246767034323576e-17	9.8880642961708e-18	draw4948	kinetic_box
0.09247503109197723	0.9807619049462709	0.15751616943989058	0.6537422865793119	0.6537422865838873	4.575451129085195e-12	6.998860595348805e-12	1.0786803565661587	0.16990959781635662	-1.2624090235098444	2.1657778696478637e-18	2.166343400383444e-19	draw4949	kinetic_box
0.3284267859626581	0.04010464702422841	1.52483682559262	0.36823481537267	0.3682348153453579	2.7312097028442395e-11	7.417032798169039e-11	0.1346149120939803	0.2052657752348145	-0.08954221311637758	-5.5162542618787015e-18	1.1359954137712708e-16	draw4952	kinetic_box
0.13461649154267055	0.04705598482260513	75.1041951621675	0.013138745901746289	0.013138745910418692	8.672403073450852e-12	6.600632307360367e-10	0.08321597327165282	6.249868697203928	-5.168939865684609	7.105373917279789e-16	1.7113071074257442e-17	draw4957	kinetic_box
0.44662740440624515	0.005611724123567304	0.6421439698073341	0.5201116818371173	0.5201116811458155	6.91301793587229e-10	1.3291410645965084e-09	0.11776079231206	0.07561938266292322	-0.15387044119709703	-1.5231905999537895e-16	2.978476888231933e-15	draw4959	kinetic_box
0.05990619568548763	0.004445341822556309	1002.8197209160269	0.0009961943193298056	0.0009961943195196195	1.8981387642225123e-13	1.9053900700194964e-10	0.0010302135690962227	1.0331184838449783	-1.0337640917418187	1.7758287234276014e-18	1.6510746369506731e-18	draw4960	kinetic_box
0.018481302399905083	0.002621008387592056	1348.389665160525	0.00074107557743058	0.0007410755775163695	8.578944846182601e-14	1.1576342692244642e-10	0.003170866007378017	4.275562953957335	-4.277624385923444	2.3884303220627122e-17	1.303722521953601e-18	draw4961	kinetic_box
0.8716494968031193	0.02046393448713733	0.056135199019925856	0.6875456484556436	0.6875456473060072	1.1496363860885594e-09	1.672087359716625e-09	0.012072479106664568	0.0006776910173165122	-0.014779060444912406	8.968711750433137e-19	2.9331447425679774e-15	draw4962	kinetic_box
0.4666595523425717	0.041131105405116476	5.391641133651308	0.1545739506702303	0.15457395068127996	1.1049661186035564e-11	7.148462685552462e-11	0.012034131817946526	0.06488372011742247	-0.07728792937820708	1.3126781647592986e-18	2.1557516557664667e-16	draw4964	kinetic_box
0.2799442321812823	0.48450253858723197	0.1599821490013524	0.6529453863251311	0.6529453863085521	1.6578960426727463e-11	2.5391036944846414e-11	0.44428625799729693	0.07107787032617686	-0.4935309549460096	3.5719666879543214e-18	2.787795115283357e-18	draw4966	kinetic_box
0.03448234731271332	0.017187392097192434	16.338171130872553	0.05758051747019949	0.05758051746663572	3.563767336789425e-12	6.18918949253001e-11	0.047449927326061354	0.7752450328006562	-0.8230180131216516	-8.072094262632252e-18	1.195361001648216e-17	draw4970	kinetic_box
0.8590984742904182	8.143038315133849	-0.23671788118989995	0.7949036207058197	0.7949036207185887	1.2769008073121313e-11	1.606359279327247e-11	0.1678418730215258	0.03973117255659981	-0.11095008387906236	5.794850303673194e-19	2.0227231496521406e-17	draw4973	kinetic_box
0.8877092619671844	0.0006281042156980052	-0.6857539069122555	0.954004527866157	0.9540045279740818	1.0792478022381147e-10	1.1312816350358407e-10	13.278807467440782	9.105994099933149	-13.28967993833328	9.257452860247831e-17	1.232251109070015e-16	draw4976	kinetic_box
0.8731300429162919	4.88093875936167	-0.06048465211336113	0.7288039154092852	0.728803915410773	1.4878098753001723e-12	2.0414405628729415e-12	1.7727782155759662	0.10722587364325742	-1.602544369017352	6.146798626911249e-17	8.396510669439873e-18	draw4977	kinetic_box
0.6966782484197239	0.035636208026002036	3.5732417817070434	0.21361601853121723	0.21361601871607272	1.8485549202473806e-10	8.653634363930279e-10	0.014351733635385196	0.0512822142658887	-0.04870728870365777	1.5332630934070337e-18	3.2106715799048223e-16	draw4978	kinetic_box
1.5478528293847162	0.002261324119443678	0.07466277640528589	0.6812184967633627	0.6812184958895889	8.737737200448237e-10	1.282662941944612e-09	4.108114368724665	0.3067232245594318	-4.1254630982275	-1.5437041983635188e-17	7.322301987142269e-18	draw4980	kinetic_box
0.38420162035298927	0.26432346126509254	0.18819347900770808	0.6439157049408917	0.6439157049145277	2.6364022076563742e-11	4.094328166768857e-11	0.39100548240983146	0.0735846820457934	-0.3289636305803307	-6.16202504030845e-17	1.871193631625983e-16	draw4983	kinetic_box
0.11783455524568182	0.21670555161064683	15.281178961863322	0.06130508584941317	0.061305085867588524	1.817535705272988e-11	2.964738862284024e-10	0.024840481322525535	0.37959184058833595	-0.4045787525702352	8.710304840129574e-19	4.115978632046431e-18	draw4984	kinetic_box
0.9798308280170479	1.0445887549348336	-0.06675338583290227	0.7310868917740917	0.731086891784488	1.0396350447194891e-11	1.4220403298189018e-11	13.119275681364376	0.8757560714063278	-11.929671265490423	1.4561244070383242e-15	1.5356769510313685e-18	draw4985	kinetic_box
0.036186046491009254	0.009229361546884089	11.692114709686079	0.07854565924713876	0.07854565925828126	1.1142503586469843e-11	1.418602083385666e-10	0.005877217752884427	0.06871710414052819	-0.07458517206561201	2.1090743505927206e-19	3.7654803799837074e-17	draw4986	kinetic_box
0.11018121451638486	4.611167874501535	-0.14727947093438384	0.7609168419845113	0.760916841999036	1.4524714764263535e-11	1.9088439054792188e-11	6.579615296348773	0.9690422597980265	-5.438856654418493	0.0	2.1051345448541178e-18	draw4987	kinetic_box
0.0021830138335972075	2.167131254545805	0.01404428291664376	0.7021589309008979	0.7021589308818282	1.906963476017154e-11	2.7158573253810703e-11	56.51642272467739	0.793732630182004	-57.22007727203212	-1.5906743333176737e-15	3.0562415860002804e-19	draw4988	kinetic_box
0.17391968833585156	0.48723202488649653	1.068105943635179	0.43531526202323995	0.4353152620186855	4.55446791391978e-12	1.0462458616312615e-11	0.5301651341290098	0.5662725308713372	-1.0976184900542125	-1.854461132415764e-17	1.2512973041053365e-17	draw4991	kinetic_box
0.8783415580620877	2.3841016663925814	-0.21861609091140252	0.7879731803288077	0.7879731803294956	6.87894186057747e-13	8.729918774267165e-13	0.07667511709638389	0.016762414369785494	-0.02884633122095589	4.974997000553514e-19	1.698956061857486e-17	draw4993	kinetic_box
0.9812223492285105	0.0006381322289774468	0.03719473670600803	0.6940808760991163	0.6940808765904664	4.91350071740726e-10	7.079147233595962e-10	2.2925804509371575	0.08527192624994873	-2.2963750917831987	1.0118745978234772e-17	1.0791664467299286e-16	draw4994	kinetic_box
0.9482178514203334	4.086821297722239	-0.29810318130041863	0.8185018721214805	0.818501872127986	6.505462835093567e-12	7.948012162978088e-12	0.7006757567557448	0.20887367214896585	-0.42153915220610105	0.0	1.2272182435998233e-17	draw4995	kinetic_box
0.5814640583931443	0.057474896623538496	7.402946762129029	0.11817201383260299	0.11817201365865085	1.7395214435556028e-10	1.4720248811028533e-09	0.0037776317318389354	0.027965606597732923	-0.027547614181666555	7.668285672768878e-20	4.957028024174102e-17	draw4997	kinetic_box
0.19026842373119857	0.007320632681168409	170.6827421885133	0.005824598464552228	0.00582459846653931	1.987082373644533e-12	3.411535378893096e-10	7.646747564335088e-05	0.013051678431040475	-0.01264601460966176	9.698675272032106e-21	5.653266282850985e-17	draw4998	kinetic_box
0.495822847801	0.370221602013	0.49774531789817483	0.5552777617863093	0.555277897140355	1.353540457493807e-07	2.43759109531363e-07	0.2738139826023532	0.13628994218834242	-0.34979017298413023	8.015393420714337e-05	0.00032963572030082923	nu=0.01,chi=0.1	load_grid
0.494651533791	0.35429173295	0.5396711080514546	0.5446871788028671	0.5446872650964625	8.62935953804822e-08	1.584277821608329e-07	0.2583621587744619	0.13943077430568293	-0.345677823096175	5.817300191433608e-05	0.00025855803595930665	nu=0.01,chi=0.167	load_grid
0.493194664603	0.337299333687	0.5881028440283684	0.5328449757237452	0.532845090625092	1.1490134677050179e-07	2.1563743157642412e-07	0.2425536566592762	0.14264671407309698	-0.3417119858586084	6.059539445535756e-05	0.0002924326152601894	nu=0.01,chi=0.233	load_grid
0.491301136415	0.319540633291	0.6441222741115034	0.5196547326076685	0.5196549261685388	1.9356087033184366e-07	3.7247962173472476e-07	0.22658325986791994	0.1459476570265716	-0.33791562009839793	7.057890470926782e-05	0.0003712352510932903	nu=0.01,chi=0.3	load_grid
0.488807669455	0.301466090152	0.7086838983353658	0.5051018007539966	0.5051020006348187	1.9988082211597202e-07	3.9572367930588123e-07	0.21072570889392234	0.14933822644161987	-0.3342831368292296	6.40776442759365e-05	0.0003681539763709608	nu=0.01,chi=0.367	load_grid
0.485589538551	0.283424473386	0.7829935924014487	0.4891705678800619	0.4891706336481821	6.576812017211608e-08	1.3444821836835238e-07	0.19520826164489083	0.15284691004172238	-0.3307958306996669	3.2734958145117014e-05	0.0002055588113834779	nu=0.01,chi=0.433	load_grid
0.481601821451	0.264741889973	0.8713079791780314	0.47131025064372467	0.471310605645729	3.550020043485702e-07	7.532230340163728e-07	0.17979728397110406	0.15665925793622365	-0.3275708757105604	6.749550895276524e-05	0.0004637914312217618	nu=0.01,chi=0.5	load_grid
0.476662689767	0.247103197754	0.9717185831759794	0.45232306760215685	0.4523232135951935	1.4599303665985275e-07	3.2276264465725423e-07	0.16532142349872853	0.16064606820457872	-0.3243870247714005	3.849967631850706e-05	0.00028820162095017173	nu=0.01,chi=0.567	load_grid
0.470774219069	0.22997998965	1.088352661290738	0.431885130869238	0.43188519185271323	6.098347521410474e-08	1.4120297793146397e-07	0.15159108999164478	0.16498463110741116	-0.32131798403172335	2.218140698289142e-05	0.0001800438556543577	nu=0.01,chi=0.633	load_grid
0.463889061466	0.213303304877	1.2248543742329443	0.4099604435213251	0.40996082367100056	3.801496754607392e-07	9.272829341513246e-07	0.1386270408202877	0.1697983125894825	-0.3183962994602895	4.948709358320213e-05	0.0004327931256408629	nu=0.01,chi=0.7	load_grid
0.456081130782	0.198060976006	1.3797627058060167	0.3873967295754965	0.3873970210098731	2.9143437663137206e-07	7.522886362720498e-07	0.12682700078424342	0.174991436831897	-0.31540319789754956	3.90632290319592e-05	0.0003644659174576759	nu=0.01,chi=0.767	load_grid
0.447377113271	0.183830940978	1.5576893363728852	0.36413527065421486	0.3641356683340581	3.97679843222587e-07	1.0921199920952414e-06	0.11599962242913038	0.18069172843669362	-0.3124182013261465	4.146380816849543e-05	0.00040858461005662103	nu=0.01,chi=0.833	load_grid
0.437947457207	0.171133231207	1.757909301926399	0.34087701615701405	0.3408770175394133	1.3823992506267757e-09	4.055419343332345e-09	0.10626049011928243	0.18679630522220242	-0.30927948461651783	2.26320348947429e-06	2.329031785514649e-05	nu=0.01,chi=0.9	load_grid
0.495739133445	0.370249141561	0.49776490947495594	0.5552727299986663	0.5552728733041915	1.4330552522423545e-07	2.58081264390759e-07	0.2738305175071537	0.13630355568221114	-0.349815958789593	8.24940624625852e-05	0.0003392124624287207	nu=0.01373,chi=0.1	load_grid
0.494530467267	0.354225309176	0.5398650473329726	0.5446388760711895	0.5446390142376353	1.3816644572894887e-07	2.5368444440644585e-07	0.2583351659491761	0.13946641758145725	-0.3457247128598431	7.359884038258249e-05	0.0003271306979592171	nu=0.01373,chi=0.167	load_grid
0.493008487417	0.3372765605	0.5882904279038694	0.5327998479868733	0.532800024773389	1.7678651564878578e-07	3.3180650793696343e-07	0.24254975575886328	0.14269003599368602	-0.34177298900834086	7.515091133665212e-05	0.0003626276344536359	nu=0.01373,chi=0.233	load_grid
0.490926798503	0.320443348429	0.6426456925624625	0.5199957804763207	0.5199957804599056	1.641509150829279e-11	3.156773982622438e-11	0.227020813210719	0.14589394773191938	-0.3379121369900502	1.8779213216661936e-08	9.852482720871614e-08	nu=0.01373,chi=0.3	load_grid
0.488475452431	0.301663087375	0.7085332807765786	0.5051349648296942	0.5051351670268229	2.0219712870694906e-07	4.002832150789697e-07	0.21082843630561807	0.14937927698653372	-0.33435023238559586	6.450449281349158e-05	0.0003702939574258299	nu=0.01373,chi=0.367	load_grid
0.485208629002	0.283513984381	0.7831164189398225	0.48914486939145885	0.4891450003820085	1.3099054962939505e-07	2.677949269175707e-07	0.19526128264664647	0.15291249981146016	-0.33088511174132407	4.62420830353435e-05	0.0002901885250089668	nu=0.01373,chi=0.433	load_grid
0.481137076687	0.265276424543	0.8701562799763055	0.4715362002971872	0.47153633301501563	1.3271782844936908e-07	2.8145832920396146e-07	0.18004831856525755	0.15667034353892625	-0.3276012939087418	4.136375211109463e-05	0.0002837082652287981	nu=0.01373,chi=0.5	load_grid
0.47615240392	0.247448766094	0.9710263197056049	0.45244946400811775	0.4524495616810898	9.767297204366088e-08	2.1587593472464433e-07	0.16548312625000147	0.16068858403615346	-0.3244470723569992	3.1532811989057503e-05	0.00023571950340013436	nu=0.01373,chi=0.567	load_grid
0.470213596555	0.230485046589	1.0868867179109893	0.4321319353115432	0.4321319352711934	4.0349779073522996e-11	9.337374949666854e-11	0.15181053688415488	0.1650008561783253	-0.32134439774346557	2.811516603172024e-09	2.2780830113368884e-08	nu=0.01373,chi=0.633	load_grid
0.463274454885	0.213734593512	1.2234633557955925	0.4101739876497604	0.4101741599213528	1.7227159243571322e-07	4.199962095826435e-07	0.13880437320750036	0.16982223454842266	-0.31843009054642246	3.338327568999734e-05	0.0002915137623565468	nu=0.01373,chi=0.7	load_grid
0.455419410869	0.198539605939	1.3778584137395986	0.3876606090649253	0.3876606574250976	4.8360172311134875e-08	1.247487238770905e-07	0.12700652255133169	0.17499705071712754	-0.3154149979368677	1.5942601149044227e-05	0.00014852875213053473	nu=0.01373,chi=0.767	load_grid
0.446655424324	0.184261755537	1.5557754813039968	0.3643720621952111	0.3643721551341364	9.293892527795222e-08	2.550659373072528e-07	0.11614451807399633	0.18069487620825697	-0.31242844618980903	2.0078972461034357e-05	0.00019762155098667099	nu=0.01373,chi=0.833	load_grid
0.437093844288	0.171228119851	1.7581645369672692	0.34084908500419175	0.34084913834273634	5.333854458111631e-08	1.5648725075397563e-07	0.10628577329582665	0.1868679234535152	-0.3093758171987046	1.3945125367364388e-05	0.0001434156291725513	nu=0.01373,chi=0.9	load_grid
0.495617854882	0.37032156987	0.4977471573391746	0.5552772836150306	0.5552774254524867	1.4183745611351384e-07	2.5543530064801886e-07	0.27387013439377095	0.13631841026657704	-0.34984997441967375	8.207166130008202e-05	0.0003373834689361208	nu=0.01884,chi=0.1	load_grid
0.49434372288	0.354252381882	0.5399605599315612	0.5446150788913761	0.5446152537902103	1.748988341931934e-07	3.2114200433424825e-07	0.25835545787869174	0.13950212605044227	-0.3457827853978839	8.282373223769417e-05	0.000368043352728102	nu=0.01884,chi=0.167	load_grid
0.492711775363	0.3375075657	0.5881183940925483	0.5328412042420086	0.5328413545871837	1.5034517508727419e-07	2.8215748232183176e-07	0.24267049955467387	0.14271927087003503	-0.34183850697417373	6.938142421416757e-05	0.0003345068125511682	nu=0.01884,chi=0.233	load_grid
0.490650589703	0.319984684297	0.6437856965493441	0.5197324241962077	0.5197325897321944	1.655359866958861e-07	3.185022258873217e-07	0.2268154387181481	0.14602081979797185	-0.3380530652833837	6.538954356976297e-05	0.0003433387666593752	nu=0.01884,chi=0.3	load_grid
0.487996886257	0.302148652782	0.707858293842567	0.5052837489766387	0.5052838453091598	9.633252107121848e-08	1.9065030866418668e-07	0.21107032725460675	0.14940803115006807	-0.3344189092759815	4.4599688932173026e-05	0.000255592559282338	nu=0.01884,chi=0.367	load_grid
0.484645640549	0.284145769152	0.7820012123780439	0.4893778041644774	0.4893778213149943	1.7150516895547696e-08	3.504555406590146e-08	0.19556742133741145	0.1529339847391091	-0.3309419018608153	1.6808795701597255e-05	0.00010525242993644387	nu=0.01884,chi=0.433	load_grid
0.480528115128	0.265459928448	0.8701908632994243	0.4715292993414612	0.4715295521553691	2.528139079194247e-07	5.361570802165173e-07	0.18014838295690605	0.15676379788296518	-0.3277259276177476	5.715018601345947e-05	0.0003915385355038669	nu=0.01884,chi=0.5	load_grid
0.475457386031	0.247686489766	0.9708856241403546	0.4524750560176539	0.4524752481750218	1.9215736790645366e-07	4.2468039673216625e-07	0.16560408217645098	0.16078284518515323	-0.3245702030803306	4.42967391939393e-05	0.00033068854485023317	nu=0.01884,chi=0.567	load_grid
0.469434582864	0.230770409122	1.0865176887997954	0.43219407852792785	0.43219408852624497	9.998317118675715e-09	2.3133859032568806e-08	0.15194561190724387	0.16509160577635112	-0.32146167597342334	9.032986294127988e-06	7.308237645279362e-05	nu=0.01884,chi=0.633	load_grid
0.462415170745	0.214077097271	1.2227264972905472	0.4102870503143837	0.41028725054071014	2.0022632640781524e-07	4.880149849744065e-07	0.13895244475521526	0.1699010340674632	-0.31853236956011505	3.604241476993033e-05	0.00031423700525144997	nu=0.01884,chi=0.7	load_grid
0.454456468057	0.198725407936	1.3778228777645571	0.38766537830616554	0.3876655802505672	2.0194440164544858e-07	5.20924250006725e-07	0.12708516147365442	0.17510103100494115	-0.3155494528067859	3.261752496116369e-05	0.0003035117948079082	nu=0.01884,chi=0.767	load_grid
0.445612083711	0.184525039972	1.5552141605141638	0.3644414187875566	0.3644415689251958	1.5013763920990186e-07	4.1196628489083987e-07	0.1162365513673571	0.18077286432494985	-0.312533337531387	2.5552866500224412e-05	0.00025119432846839934	nu=0.01884,chi=0.833	load_grid
0.43589852026	0.171226858976	1.759445702603621	0.3407087283124371	0.34070926160171267	5.332892755727237e-07	1.5652326944846484e-06	0.10628189075858331	0.1869976766660701	-0.30954625915496503	4.41168086012074e-05	0.00045336996258027765	nu=0.01884,chi=0.9	load_grid
0.495410428715	0.370633837784	0.49745199666098044	0.5553530474596653	0.5553531214749938	7.401532853279491e-08	1.3327615470353962e-07	0.2740280748938441	0.13631598517227658	-0.3498891064632201	5.937019289218644e-05	0.00024384660710927592	nu=0.02586,chi=0.1	load_grid
0.494033270364	0.354597666303	0.5396485367067334	0.5446927755418403	0.5446928811416266	1.0559978635971135e-07	1.9387032585846142e-07	0.2585325281665221	0.13951692297658558	-0.34584651712342146	6.441244587280472e-05	0.00028591880405767984	nu=0.02586,chi=0.167	load_grid
0.492288480818	0.337935687283	0.5876983231382612	0.5329422159629262	0.5329422950411331	7.907820687158562e-08	1.4838042994032267e-07	0.24288983054771174	0.14274609692333456	-0.34192037861545765	5.03977764346232e-05	0.00024263476272774268	nu=0.02586,chi=0.233	load_grid
0.490140742672	0.32031302954	0.6435568209416637	0.5197852581796625	0.5197854124237323	1.542440698498737e-07	2.9674566881483195e-07	0.22698885075518743	0.1460804886250539	-0.33816316076845054	6.321233220716215e-05	0.0003314673887389961	nu=0.02586,chi=0.3	load_grid
0.487373376369	0.302547817099	0.7075027902744018	0.5053620948250527	0.5053621806648373	8.583978461373931e-08	1.698579511842604e-07	0.21127780174155897	0.14947976751651393	-0.3345407074526131	4.217081638110449e-05	0.00024127352619768568	nu=0.02586,chi=0.367	load_grid
0.483944497565	0.284203219497	0.7824932715038438	0.48927490734084267	0.4892750714410134	1.6410017072976402e-07	3.353945056846163e-07	0.1956174841218922	0.1530695954681452	-0.3311216930306139	5.194755086469944e-05	0.00032497935417658854	nu=0.02586,chi=0.433	load_grid
0.4796816485	0.266026757376	0.8693016883737836	0.4717037657851198	0.4717039485566504	1.8277153057688622e-07	3.8747085144430555e-07	0.18042650556357606	0.15684529836452038	-0.3278480962866538	4.87209986231639e-05	0.0003330077651308792	nu=0.02586,chi=0.5	load_grid
0.474505988732	0.248282756389	0.9697499714674414	0.45268255127712004	0.4526826749652367	1.236881166377657e-07	2.732335993359238e-07	0.16588650094538934	0.16086857299802754	-0.32469054870116515	3.563656802074043e-05	0.00026537585580984144	nu=0.02586,chi=0.567	load_grid
0.468362630361	0.230846322592	1.0872638959503815	0.4320680995978008	0.43206842589350775	3.262957069538608e-07	7.551945187364446e-07	0.15200285048519255	0.1652675590381111	-0.32168310740919753	5.152467010530883e-05	0.00041630966023630255	nu=0.02586,chi=0.633	load_grid
0.461255038786	0.214708987599	1.220936700437951	0.41056209428453455	0.4105621762108255	8.192629097347748e-08	1.9954661125775006e-07	0.1392188349196291	0.16997746613060677	-0.3186347742544141	2.3128429215482024e-05	0.00020114439494099272	nu=0.02586,chi=0.7	load_grid
0.453169654355	0.199194200883	1.3765792716776168	0.3878377241217648	0.3878379297516462	2.0562988140016003e-07	5.301953873666664e-07	0.12727047632077068	0.1751980913761487	-0.3156779590563114	3.299174129032359e-05	0.0003063728162288238	nu=0.02586,chi=0.767	load_grid
0.444215093768	0.185036260663	1.5534720084260303	0.3646570979156434	0.36465716172772267	6.381207928729538e-08	1.749919814681762e-07	0.11641316254617899	0.1808446463350797	-0.3126336343133406	1.670144015669684e-05	0.00016387743777167686	nu=0.02586,chi=0.833	load_grid
0.434392449806	0.171778070513	1.7571782426942837	0.3409567341126399	0.3409568943609237	1.6024828380922784e-07	4.699957280804982e-07	0.10644194186852787	0.18703760293085925	-0.30960940282267463	2.4234036294567644e-05	0.0002486559896867049	nu=0.02586,chi=0.9	load_grid
0.495207383766	0.37065305721	0.49756256491028406	0.5553246594175972	0.5553247635948834	1.0417728613099086e-07	1.8759704763857705e-07	0.2740463115610705	0.1363554277206806	-0.3499560919690403	7.040687799347452e-05	0.00028910870214646814	nu=0.0355,chi=0.1	load_grid
0.493539344346	0.355459382046	0.5386647277883654	0.5449377544183064	0.5449377544551229	3.6816549808804666e-11	6.756101868114665e-11	0.25896322937693794	0.13949435745952452	-0.3459144832801374	1.9408511886924906e-09	8.594286552995688e-09	nu=0.0355,chi=0.167	load_grid
0.491704373931	0.338563401006	0.5870514655752926	0.5330977784369255	0.5330977908790268	1.2442101238185899e-08	2.333924741588232e-08	0.24321062817883846	0.1427771794880634	-0.3420291975780671	2.0038332494740193e-05	9.627427022970857e-05	nu=0.0355,chi=0.233	load_grid
0.489424125667	0.320918219056	0.642945723116827	0.5199264142889275	0.5199264918749175	7.75859899659892e-08	1.4922492155805484e-07	0.22730094420694744	0.14614230359065955	-0.33829963162483523	4.4925449496325856e-05	0.000235057319844245	nu=0.0355,chi=0.3	load_grid
0.48654774058	0.302884590587	0.7074550521470382	0.5053725391228457	0.5053727013131981	1.621903523707502e-07	3.2093215947221266e-07	0.21146490014946917	0.14960216405712448	-0.3347279209494701	5.807696537413124e-05	0.00033170403230757604	nu=0.0355,chi=0.367	load_grid
0.482941594841	0.284855674383	0.781713599965017	0.48943777013801837	0.48943789626051015	1.2612249178367563e-07	2.576884478036927e-07	0.19594984000881566	0.15317683208265306	-0.33129332487013874	4.5659727567557096e-05	0.0002848646527369908	nu=0.0355,chi=0.433	load_grid
0.478513805154	0.267084334433	0.8672503535485774	0.4721066966812345	0.47210670460663157	7.925397060848383e-09	1.6787300378315907e-08	0.18093369830655112	0.15691482397403553	-0.3279726865681056	1.0211152110326153e-05	6.952102295652489e-05	nu=0.0355,chi=0.5	load_grid
0.473214491034	0.248772502626	0.9692946453144882	0.4527656028997073	0.4527658867535508	2.838538434857263e-07	6.269329288940742e-07	0.16613466283616432	0.16103376879083725	-0.32490966906734614	5.413707446817851e-05	0.00040208826446955914	nu=0.0355,chi=0.567	load_grid
0.466925167952	0.231683881066	1.0853060875548777	0.43239808789263273	0.432398262227381	1.7433474824857242e-07	4.0318096411982514e-07	0.15238239864310496	0.16538173106952783	-0.3218383628048197	3.7815263462323304e-05	0.00030448452438908396	nu=0.0355,chi=0.633	load_grid
0.459652316578	0.215255854498	1.219955039626654	0.4107129048796626	0.4107131070150125	2.0213534990265458e-07	4.921570469755329e-07	0.13946283413455987	0.17013858790433595	-0.31884354116289837	3.643328879555009e-05	0.0003159790686194332	nu=0.0355,chi=0.7	load_grid
0.451407493206	0.199744514843	1.3753416118056485	0.38800925987709367	0.3880095939071114	3.340300177567812e-07	8.608808209952334e-07	0.12749328548679578	0.1753471328355359	-0.31587364100890375	4.217784599679059e-05	0.0003906558436498157	nu=0.0355,chi=0.767	load_grid
0.442250150637	0.185357418688	1.553430774979111	0.36466182752486026	0.3646622672549777	4.3973011742970414e-07	1.2058558203452341e-06	0.11653225549741578	0.18102518430398218	-0.3128713004405093	4.39197520239982e-05	0.0004300794648304962	nu=0.0355,chi=0.833	load_grid
0.432307543248	0.172372577052	1.7551814418976577	0.341175192984255	0.34117524665408505	5.366983002463854e-08	1.5730868681412275e-07	0.10661571877169831	0.18712997746707224	-0.30974143887015004	1.4059432238549681e-05	0.00014397273830593928	nu=0.0355,chi=0.9	load_grid
0.494883994579	0.37092079151	0.4974043879322603	0.555365256402321	0.5553653325687476	7.616642661023576e-08	1.3714652705803754e-07	0.2741891306319322	0.13638305378562107	-0.3500387557112474	6.026115177059376e-05	0.0002472261650495764	nu=0.04872,chi=0.1	load_grid
0.493133374088	0.35516286305	0.5394124766934062	0.5447515323226613	0.5447516214297095	8.910704818454462e-08	1.6357371814824844e-07	0.25884094618171116	0.13962222391721255	-0.346077873628694	5.931740094720967e-05	0.0002627321067877115	nu=0.04872,chi=0.167	load_grid
0.491040001923	0.338618937707	0.5874554906985753	0.5330005622487245	0.5330006601604377	9.791171318163094e-08	1.836990467369378e-07	0.24326587075986478	0.14290805844196336	-0.3422288614783111	5.623465057508906e-05	0.00026995852593332065	nu=0.04872,chi=0.233	load_grid
0.488521761722	0.321232100591	0.6430482852051622	0.5199026316539643	0.5199028097976641	1.7814369979163303e-07	3.426480804382708e-07	0.22748577573916143	0.1462846452363636	-0.338527295264944	6.820345204202146e-05	0.00035623947693530294	nu=0.04872,chi=0.3	load_grid
0.485383013855	0.303721506488	0.7065610538018432	0.5055696999786634	0.5055697899644986	8.998583522767944e-08	1.7798894833886e-07	0.21189842962802272	0.14971931802157246	-0.33494227381620656	4.342968988790142e-05	0.0002472255801539928	nu=0.04872,chi=0.367	load_grid
0.481591925754	0.285596233744	0.7810001976881576	0.4895868103696599	0.4895869615680933	1.5119843338462502e-07	3.0882855397201153e-07	0.1963370754631485	0.153339507751197	-0.331544184616168	5.018051035003665e-05	0.00031202543056180123	nu=0.04872,chi=0.433	load_grid
0.476969389472	0.267713739072	0.8667965629550574	0.47219579827585195	0.47219588077445446	8.249860250497676e-08	1.7471266875447908e-07	0.18126640842313455	0.1571212051681725	-0.3282603780072978	3.298403790799954e-05	0.00022382751533224238	nu=0.04872,chi=0.5	load_grid
0.471456136968	0.24980301112	0.9674013396666914	0.45311199258723184	0.4531121781719561	1.855847242548947e-07	4.095778776099575e-07	0.16663121200011055	0.161199473949571	-0.325143905284238	4.399580609184369e-05	0.00032531932640583966	nu=0.04872,chi=0.567	load_grid
0.464965072594	0.232514748783	1.083846892114078	0.4326441048094067	0.43264438613462597	2.8132521928680987e-07	6.502458561874645e-07	0.15277590667023305	0.16558599281058337	-0.3221083921204939	4.824937556905962e-05	0.00038694017251696166	nu=0.04872,chi=0.633	load_grid
0.457486448595	0.216124900922	1.2179902639377629	0.41101523439960824	0.4110154918641454	2.574645371344886e-07	6.264107855564465e-07	0.13984635988499078	0.1703317609644231	-0.3190972959307139	4.1312740599060594e-05	0.00035685992847429463	nu=0.04872,chi=0.7	load_grid
0.449032114733	0.200623899657	1.3728958826478352	0.38834891940725974	0.38834922552839546	3.0612113571804045e-07	7.882625111496647e-07	0.12784692324316568	0.17552080113615676	-0.3161047326978641	4.0552015790537817e-05	0.0003741764326152279	nu=0.04872,chi=0.767	load_grid
0.43968859114	0.186414335035	1.5494166831975016	0.365159874655199	0.3651599249148723	5.025967331206971e-08	1.3763742919978545e-07	0.11690252524256671	0.18113076785333698	-0.3130228344125718	1.4915083771570896e-05	0.00014552716545732626	nu=0.04872,chi=0.833	load_grid
0.429470870495	0.173143523705	1.7526630414871986	0.3414510055666489	0.3414510092076025	3.640953594175045e-09	1.0663180063882434e-08	0.10684483123578824	0.18726299001239927	-0.309928680982551	3.6590461563759227e-06	3.736953119372121e-05	nu=0.04872,chi=0.9	load_grid
0.494458350642	0.371220147515	0.4972650204073154	0.555401022816502	0.5554010811415836	5.832508154224314e-08	1.0501434642935964e-07	0.2743531118989531	0.13642634153775765	-0.3501524067018038	5.2801300257851695e-05	0.00021639052087334316	nu=0.06687,chi=0.1	load_grid
0.492476748664	0.355352803757	0.5395721878921109	0.5447117170730658	0.5447118784005458	1.6132748004160646e-07	2.961702992696199e-07	0.2589631734069519	0.1397296667424876	-0.3462694409462052	7.990475806219681e-05	0.0003535331861805288	nu=0.06687,chi=0.167	load_grid
0.490058578011	0.339200922771	0.5871663903461475	0.5330700656121447	0.5330701592007926	9.358864794251076e-08	1.755653478762043e-07	0.24358636619367213	0.1430259065579122	-0.3424650411187873	5.514712101082948e-05	0.0002641104338869786	nu=0.06687,chi=0.233	load_grid
0.487214591973	0.322269416194	0.6420321587606104	0.520137453762794	0.5201375158407532	6.207795921753245e-08	1.1934912850342912e-07	0.2280295359790089	0.14640240262916396	-0.33878379374495143	4.04341778950738e-05	0.00021037916013867344	nu=0.06687,chi=0.3	load_grid
0.483845582182	0.304519763208	0.7060390503767027	0.5056847897288812	0.505684928431133	1.3870225179513085e-07	2.7428591203113163e-07	0.21233305850037976	0.1499156475602463	-0.3352656976718249	5.410757833998664e-05	0.0003068900208583473	nu=0.06687,chi=0.367	load_grid
0.479763980345	0.28662449219	0.7799354611673917	0.4898094148065106	0.4898095804251715	1.6561866089670474e-07	3.381286677833906e-07	0.19687753556860563	0.1535520055895773	-0.3318792720463093	5.2787630891003964e-05	0.0003267339375147467	nu=0.06687,chi=0.433	load_grid
0.474874311956	0.268695684146	0.8657567636344922	0.47240013429778027	0.47240032465561693	1.9035783666021544e-07	4.0295873377942237e-07	0.18177963853733375	0.1573771955538931	-0.32862847678719537	5.0376158875653214e-05	0.00034021603485431356	nu=0.06687,chi=0.5	load_grid
0.469080966585	0.251002192677	0.965458537749101	0.4534677874496952	0.4534680024210684	2.1497137320247717e-07	4.7406073207975806e-07	0.16722499114475964	0.16144904672655624	-0.3254927076518445	4.763548955639677e-05	0.0003502848540704467	nu=0.06687,chi=0.567	load_grid
0.462319761065	0.23383625903	1.0810323004098044	0.4331196136193568	0.43311982694488765	2.1332553085118278e-07	4.925323607462731e-07	0.15339502803639293	0.16582520930218497	-0.3224340371064101	4.2298739110687625e-05	0.0003372257825837751	nu=0.06687,chi=0.633	load_grid
0.454563286822	0.217368075804	1.214952174845605	0.41148361028833697	0.4114838510173864	2.4072904941663253e-07	5.850267241871931e-07	0.14039777737560188	0.17057682530646415	-0.31942351830830773	4.020208662340505e-05	0.0003453293310087837	nu=0.06687,chi=0.7	load_grid
0.445826514563	0.201857616907	1.3692711532460404	0.3888533797693914	0.38885357917702035	1.9940762896464292e-07	5.128090356958378e-07	0.12834820135372016	0.17574367694761261	-0.3164038784901021	3.292838925370637e-05	0.00030224762148539045	nu=0.06687,chi=0.767	load_grid
0.436124936134	0.187217823023	1.5478020978049616	0.3653600931462951	0.3653604511719735	3.580256784374569e-07	9.799245574856592e-07	0.11720326436600706	0.18140777922759485	-0.31339022175533765	3.998349529464522e-05	0.0003885473802380612	nu=0.06687,chi=0.833	load_grid
0.425597373531	0.173987806321	1.7505489333738404	0.3416827986165849	0.3416828237815326	2.516494768123323e-08	7.365002256397693e-08	0.10710188528336188	0.18748711290145442	-0.31023302694830057	9.695880140416369e-06	9.868230156713254e-05	nu=0.06687,chi=0.9	load_grid
0.493878124912	0.371656224666	0.49702685004665886	0.555462150072878	0.5554621814881445	3.141526649930171e-08	5.655698541912744e-08	0.27459224662283643	0.13647979288990625	-0.3503037803393799	3.8894837316165456e-05	0.00015915650175161642	nu=0.09179,chi=0.1	load_grid
0.491518005532	0.356018382335	0.5391869134631571	0.5448076503440185	0.5448077590775386	1.0873352018769822e-07	1.995814457044525e-07	0.25932934352191456	0.13982721816664678	-0.3465066275178435	6.575011788241047e-05	0.00029018816487814356	nu=0.09179,chi=0.167	load_grid
0.488714411405	0.34012141203	0.5865307179858695	0.5332229774214027	0.5332230244268007	4.700539801838488e-08	8.815335397212887e-08	0.244088426302472	0.14316545013107956	-0.34277326138337766	3.92269064915103e-05	0.0001872006855310049	nu=0.09179,chi=0.233	load_grid
0.485559760411	0.322922039627	0.6419973645878413	0.520145357260483	0.5201455556950739	1.9843459087010018e-07	3.8149819545209943e-07	0.22841584854805677	0.14664271672101073	-0.33918787481559276	7.254405495863564e-05	0.0003761828374561169	nu=0.09179,chi=0.3	load_grid
0.481774465564	0.305612271463	0.7052458195898588	0.5058597764793754	0.5058599747731257	1.9829375030866458e-07	3.919933582363337e-07	0.21293394630182316	0.15017108624645215	-0.33569704271339496	6.50535879545615e-05	0.00036714863195699235	nu=0.09179,chi=0.367	load_grid
0.477283649442	0.288236849432	0.7778838908117	0.4902389462986563	0.49023901102258716	6.472393088152728e-08	1.3202525589817904e-07	0.1977173016481954	0.1538011957629647	-0.33230200774316393	3.323843127150628e-05	0.00020434633202724942	nu=0.09179,chi=0.433	load_grid
0.472054030864	0.270062359015	0.8641459448184576	0.47271700464875605	0.472717341077602	3.3642884594842215e-07	7.116913569988825e-07	0.18249972319247348	0.15770682885419818	-0.3291142676622815	6.745431566574487e-05	0.0004525724153006314	nu=0.09179,chi=0.5	load_grid
0.465882429515	0.252781413966	0.9622083258192348	0.45406425293570923	0.45406436768655034	1.1475084110701417e-07	2.5271932631857374e-07	0.16810499970195714	0.16175216522614203	-0.3259335411527502	3.511786527028244e-05	0.00025621324851241245	nu=0.09179,chi=0.567	load_grid
0.45875793409	0.235410378604	1.0779510719784147	0.4336410537067316	0.4336413687953986	3.150886669911479e-07	7.266111807238888e-07	0.15415572956531864	0.16617267432868893	-0.3229076802009871	5.184944837386148e-05	0.0004102852424084547	nu=0.09179,chi=0.633	load_grid
0.450625229542	0.218910447793	1.2113433262049318	0.41204108777813714	0.41204144685788496	3.5907974782478647e-07	8.714651173153335e-07	0.14110128681854556	0.17092246215844656	-0.3198856269631984	4.950257599987436e-05	0.0004221310312713281	nu=0.09179,chi=0.7	load_grid
0.441529912355	0.203640373392	1.3636040620634762	0.3896444929395643	0.3896445073104437	1.437087937539161e-08	3.688202734997575e-08	0.12908007822990034	0.1760141325806792	-0.31677409388376687	8.923134756792108e-06	8.130853066022562e-05	nu=0.09179,chi=0.767	load_grid
0.43140278965	0.188701030863	1.5429295659174682	0.36596664007986635	0.3659668378524445	1.9777257814768134e-07	5.404112003924847e-07	0.1177541096177233	0.1816864750515365	-0.3137697778979524	2.9931983235109544e-05	0.00028911230740438814	nu=0.09179,chi=0.833	load_grid
0.420347307494	0.17487367022	1.7492305534103152	0.34182707821444347	0.34182753465039	4.5643594653865804e-07	1.3352813927218758e-06	0.10738357783361717	0.1878390324561306	-0.31069779486808474	4.147979425306678e-05	0.0004203144873778676	nu=0.09179,chi=0.9	load_grid
0.493204206465	0.371715373996	0.49735041877754105	0.5553790625580841	0.5553791755435316	1.1298544744242633e-07	2.0343839383579903e-07	0.2746623480623084	0.1366036972356234	-0.3505213505346163	7.36811858872357e-05	0.0003012572065871623	nu=0.126,chi=0.1	load_grid
0.490258639623	0.356776418557	0.538828442439786	0.544896907310561	0.5448969932877413	8.59771803751741e-08	1.5778611633808836e-07	0.2597621856133571	0.13996743600127723	-0.3468282878112787	5.865244654634459e-05	0.00025808515654144053	nu=0.126,chi=0.167	load_grid
0.487011460844	0.340770448889	0.5865636461775969	0.5332149442335162	0.5332151041952381	1.5996172186838464e-07	2.9999473122541975e-07	0.24449114891038928	0.14340992709982464	-0.343218511110753	7.258966423581081e-05	0.00034526556048795215	nu=0.126,chi=0.233	load_grid
0.483258446399	0.3244190115	0.6407370367607484	0.5204368086139902	0.5204369148961995	1.0628220925568144e-07	2.0421727631845504e-07	0.22923890765824537	0.14688204334193605	-0.33967576027294744	5.34320012318581e-05	0.0002753980613010645	nu=0.126,chi=0.3	load_grid
0.478959867398	0.30746281066	0.7032788920610796	0.5062943855712624	0.506294459995486	7.442422356174205e-08	1.4699790229268085e-07	0.21393177259709997	0.1504538173224107	-0.3362336838467072	4.01944646595905e-05	0.00022512408264166296	nu=0.126,chi=0.367	load_grid
0.474001093535	0.290034004087	0.7759136515483167	0.4906519355891714	0.4906520145860822	7.899691079060744e-08	1.6100394667134883e-07	0.1986913410545273	0.15416743678120312	-0.33290678771761617	3.70568853319494e-05	0.0002259738237069387	nu=0.126,chi=0.433	load_grid
0.468268161946	0.272210434945	0.8609473103847138	0.4733476926612487	0.473347927603739	2.3494249029587522e-07	4.963420701665272e-07	0.18362131018148387	0.15808857754826974	-0.32971607348748466	5.696703741282186e-05	0.0003785630441341256	nu=0.126,chi=0.5	load_grid
0.461616528441	0.254885248707	0.9586307620818841	0.4547222274100516	0.4547223768056798	1.4939562820170948e-07	3.2854250378259246e-07	0.16918205013314608	0.16218329437926088	-0.3265632803969352	4.050669584117235e-05	0.00029262455216135544	nu=0.126,chi=0.567	load_grid
0.454007683208	0.23787859475	1.0722464086035535	0.43460981791333986	0.4346099008582877	8.294494785454631e-08	1.9084919071273526e-07	0.15534162588585973	0.16656459067096574	-0.32347115820428635	2.6928803638767014e-05	0.0002107853947300805	nu=0.126,chi=0.633	load_grid
0.445385213845	0.221240021495	1.2050876080506994	0.4130110711548213	0.4130112251525686	1.5399774733193539e-07	3.728657672077745e-07	0.14216701952265046	0.17132386894801072	-0.32044196914566225	3.28106597780004e-05	0.0002769113742622991	nu=0.126,chi=0.7	load_grid
0.435732990728	0.205383261825	1.3591558433842563	0.39026713965843673	0.3902673782614392	2.386030024670305e-07	6.113834149550437e-07	0.12984912632632492	0.1764854249627677	-0.3174036811453781	3.66871784422806e-05	0.0003314060898204306	nu=0.126,chi=0.767	load_grid
0.425060662364	0.190365464196	1.5380224121728048	0.3665789714317979	0.3665794129177449	4.4148594696702403e-07	1.20433917293137e-06	0.11840691186370556	0.18211288270202566	-0.31434071766160465	4.51103263388577e-05	0.0004323719181878389	nu=0.126,chi=0.833	load_grid
0.413450846242	0.17653040511	1.743643915022243	0.34244178845318307	0.34244201953311026	2.310799271931785e-07	6.748001530543354e-07	0.10792593528238108	0.18818460209656576	-0.3111629141698201	2.9741255174079338e-05	0.00029942044918650115	nu=0.126,chi=0.9	load_grid
0.492083924015	0.37293819379	0.49631394910447774	0.5556451318874789	0.5556451318892954	1.8165469128916811e-12	3.2692573166529655e-12	0.2753171815596516	0.1366437576361854	-0.3507725249014508	1.8617946834388086e-09	7.583333983961722e-09	nu=0.1729,chi=0.1	load_grid
0.488644247537	0.357471221428	0.5387336508039103	0.5449204435536917	0.5449205936296782	1.5007598641592068e-07	2.754089094271057e-07	0.26019912154140373	0.14017834131372153	-0.3472645995922624	7.776859126847897e-05	0.0003410820797717728	nu=0.1729,chi=0.167	load_grid
0.484688214193	0.342032447313	0.5858761019115994	0.5333803538668324	0.5333805186412299	1.6477439757078827e-07	3.0892466412261524e-07	0.24523349595681007	0.14367676232154175	-0.3437790739285241	7.409072810526886e-05	0.00035049227350527094	nu=0.1729,chi=0.233	load_grid
0.480175564137	0.326626792394	0.6385564701916498	0.5209416402808816	0.5209416405073591	2.2647750341775463e-10	4.347464011461669e-10	0.2304545441532967	0.1471582406521946	-0.34030373618574583	2.494342208721129e-06	1.2745698181867974e-05	nu=0.1729,chi=0.3	load_grid
0.475322235663	0.309168107794	0.7020748318647612	0.5065605042839022	0.5065607362678726	2.319839703668336e-07	4.5795884630931796e-07	0.2149308003269328	0.15089787297899343	-0.3370087452058286	7.157642783378344e-05	0.0003975900968058606	nu=0.1729,chi=0.367	load_grid
0.469680699554	0.292159405369	0.7737185756350006	0.4911126385513805	0.4911128386721004	2.001207199398003e-07	4.074841954466073e-07	0.19989243353990727	0.15466077657954022	-0.33372956749880084	5.9622675071560026e-05	0.00035989941872533756	nu=0.1729,chi=0.433	load_grid
0.4632761014	0.27476897714	0.8572912954841718	0.474070165244307	0.4740704480417242	2.8279741720593776e-07	5.965303645778992e-07	0.18500946419457412	0.15860737263737593	-0.3305459977569563	6.333145438384305e-05	0.0004158312073604316	nu=0.1729,chi=0.5	load_grid
0.4559708047	0.257778942932	0.9532772029079359	0.45571005323070024	0.4557101415352903	8.830459008457581e-08	1.937735899119495e-07	0.17068701705259046	0.16271214758776142	-0.3273752967089432	3.161141777769268e-05	0.000225330665986874	nu=0.1729,chi=0.567	load_grid
0.447720487887	0.240561726014	1.0666292799115291	0.43556710981212643	0.43556731280541416	2.0299328773454306e-07	4.6604343752771114e-07	0.1567078848683628	0.16714944106019528	-0.32431171454731295	4.275488238113688e-05	0.0003303044138159771	nu=0.1729,chi=0.633	load_grid
0.4384504457	0.224169260861	1.1971460903334807	0.41424819753936215	0.414248254307341	5.676797887321783e-08	1.370385470136472e-07	0.14355662949989018	0.1718583155823717	-0.32120076891015725	2.0240419019153596e-05	0.00016853663050760595	nu=0.1729,chi=0.7	load_grid
0.428123770193	0.208142910468	1.3503975090561304	0.39149899974699504	0.39149909324041027	9.349341523190446e-08	2.3880876570636753e-07	0.13107181806968213	0.17699914594045657	-0.31811859299116746	2.3305816749077544e-05	0.00020792518550631422	nu=0.1729,chi=0.767	load_grid
0.416755070657	0.193009675872	1.5282238833119104	0.36780821939772496	0.3678082686827411	4.9285016123779e-08	1.3399648762733658e-07	0.11946091879920677	0.18256307397333787	-0.31496490440518726	1.5268787271021225e-05	0.00014474239738944197	nu=0.1729,chi=0.833	load_grid
0.40430550657	0.17843446118	1.7374732171294147	0.3431228028439432	0.3431231475709061	3.4472696291976135e-07	1.0046741683276376e-06	0.10859435745094831	0.18868008988615784	-0.31181519047395334	3.667689845469427e-05	0.000366165717688576	nu=0.1729,chi=0.9	load_grid
0.490817592065	0.373505863279	0.49620086968741667	0.5556741585990588	0.5556741598447407	1.2456818909711842e-09	2.2417488179029894e-09	0.27568742399868135	0.13679634252813025	-0.3511286381040165	7.869342641752323e-06	3.1970170085869096e-05	nu=0.2374,chi=0.1	load_grid
0.48646383481	0.358730050172	0.5380230577732347	0.5450974626837489	0.5450975618524196	9.916867071968483e-08	1.8192829625338496e-07	0.26096054405260355	0.1404030010297704	-0.3478145867917314	6.354539257808083e-05	0.000277257159030685	nu=0.2374,chi=0.167	load_grid
0.481579928689	0.344073204097	0.5842210106077338	0.5337790193182421	0.5337790500074863	3.0689244145953865e-08	5.749428372193222e-08	0.2464186970276847	0.14396303982071595	-0.3444851261772683	3.2283090526821366e-05	0.00015147843662670094	nu=0.2374,chi=0.233	load_grid
0.476288086023	0.328497377983	0.6373362189204563	0.521224412162651	0.521224434177162	2.201451099193008e-08	4.223614540765646e-08	0.23160138809116793	0.14760799169419037	-0.34119165591694117	2.475886103257117e-05	0.00012540009369820752	nu=0.2374,chi=0.3	load_grid
0.470513953381	0.311815439528	0.6993696033658502	0.5071596542652889	0.5071598397362489	1.8547096003462826e-07	3.657051396874867e-07	0.21647246891570648	0.15139456100822266	-0.3379765789048309	6.48374699080203e-05	0.00035588548186635466	nu=0.2374,chi=0.367	load_grid
0.463996611492	0.29531810959	0.7696194261318118	0.49197523867994536	0.4919753466469274	1.0796698202142352e-07	2.1945608201157985e-07	0.20168229619076983	0.15521876970886356	-0.33475776901187315	4.4475919621411875e-05	0.000264652479775161	nu=0.2374,chi=0.433	load_grid
0.456748580091	0.278187512789	0.8519226337750785	0.47513465011649686	0.4751348540380074	2.0392151056647378e-07	4.2918659583361465e-07	0.18690902701833187	0.15923230001837455	-0.33161492520019975	5.475144179868859e-05	0.00035380877492441375	nu=0.2374,chi=0.5	load_grid
0.448590574442	0.261675700062	0.945493272721033	0.4571529924930853	0.4571529924311099	6.197536928098657e-11	1.3556811462920888e-10	0.17276041789942423	0.16334381291642125	-0.328417402526921	2.0079202461569543e-08	1.4059863390201096e-07	nu=0.2374,chi=0.567	load_grid
0.439514728909	0.24453340296	1.0570154761039028	0.43721459181290273	0.43721460500867226	1.319576953262569e-08	3.018144723771052e-08	0.15874695974775604	0.16779800787812885	-0.3253252886990796	1.1127267001328328e-05	8.440476882768141e-05	nu=0.2374,chi=0.633	load_grid
0.429388492267	0.227551881029	1.188054543676609	0.4156724276864499	0.41567259777649557	1.7009004565915475e-07	4.0919234649817127e-07	0.14526627100307993	0.17258442838962185	-0.322255658439883	3.571087810486425e-05	0.0002923974401762925	nu=0.2374,chi=0.7	load_grid
0.41819682646	0.211638953242	1.3387119100982858	0.3931535191704518	0.39315352855223035	9.381778520722861e-09	2.3862887750927292e-08	0.1327004995261346	0.17764774826460716	-0.31905168815262996	7.534296174280777e-06	6.613356255179101e-05	nu=0.2374,chi=0.767	load_grid
0.405838856368	0.195638324871	1.5192739290015578	0.3689369162956418	0.36893735626634583	4.399707040358969e-07	1.192534983414014e-06	0.12062802219275072	0.1832674118630575	-0.31592237654055166	4.6340786707739237e-05	0.0004334826629305015	nu=0.2374,chi=0.833	load_grid
0.392422078001	0.180935406338	1.7278763168759996	0.3441872427913309	0.3441875015207465	2.587294156142228e-07	7.51710664887776e-07	0.10953999614904121	0.18927179326278792	-0.3125951420697371	3.219261829820309e-05	0.00031783427005884857	nu=0.2374,chi=0.9	load_grid
0.489163453012	0.374322015039	0.495862297840223	0.5557610861954001	0.5557610867281013	5.327012164713096e-10	9.5850758391065e-10	0.2762281703604826	0.1369711365102388	-0.351578183041679	5.0644967365897395e-06	2.0501074875980178e-05	nu=0.3258,chi=0.1	load_grid
0.48364168206	0.36038565807	0.5369059373407544	0.5453759270026758	0.5453759562027388	2.9200063034195978e-08	5.3541163122602174e-08	0.26199380720078197	0.1406660931389151	-0.3485132732223207	3.474263781200592e-05	0.00015054720209805577	nu=0.3258,chi=0.167	load_grid
0.477727268473	0.345762425335	0.5833183581810938	0.5339964989223613	0.5339966017655543	1.0284319296172129e-07	1.9259147459307903e-07	0.24754837898416107	0.144399714518007	-0.3454326388487086	5.957108680567651e-05	0.00027719937877865644	nu=0.3258,chi=0.233	load_grid
0.47132531471	0.330607355586	0.6359356618903172	0.5215491560365277	0.5215493217413317	1.6570480398936382e-07	3.1771645955959463e-07	0.23300017527459818	0.14817341460658717	-0.34233757381240676	6.876583643215967e-05	0.0003445488989005291	nu=0.3258,chi=0.3	load_grid
0.464275108137	0.315593601271	0.6947328221561587	0.5081894337310343	0.5081894362480947	2.5170603379365275e-09	4.952996182918914e-09	0.21869769381023302	0.15193646999657606	-0.3391863048919106	7.60246528499662e-06	4.1050391475873265e-05	nu=0.3258,chi=0.367	load_grid
0.456734019769	0.298903706864	0.7649219167300548	0.49296674666119444	0.4929668910022747	1.443410802548506e-07	2.9280075982665654e-07	0.20384935174131413	0.15592904900207552	-0.33611667510673754	5.243278746327191e-05	0.0003066335377410953	nu=0.3258,chi=0.433	load_grid
0.448369676599	0.282421400823	0.8448254004138677	0.4765481366588167	0.47654825087694924	1.142181325630709e-07	2.396780018663072e-07	0.1893699340320548	0.15998468339881933	-0.33300053435450927	4.190706424504127e-05	0.0002653865065856989	nu=0.3258,chi=0.5	load_grid
0.439156958261	0.265651917559	0.9379400589940788	0.4585605732620473	0.45856067483170626	1.0156965896124248e-07	2.2149666235230263e-07	0.17508349744196938	0.16421795047986573	-0.3298799271748925	3.541279871697566e-05	0.00024292003977254616	nu=0.3258,chi=0.567	load_grid
0.428989433088	0.24883946214	1.0466754646898404	0.43899855978932256	0.43899863236760595	7.257828338325112e-08	1.6532690088764552e-07	0.16114751900851118	0.16866923607323153	-0.3267337554370348	2.6757846686969374e-05	0.0001985775629843107	nu=0.3258,chi=0.633	load_grid
0.417780669531	0.232169657344	1.1740859595950939	0.4178781436667668	0.4178781743830067	3.071623988493144e-08	7.3505250496233e-08	0.14768441077775565	0.17339422525477213	-0.3235394442715342	1.5584173885958877e-05	0.00012477104761373926	nu=0.3258,chi=0.7	load_grid
0.405437456012	0.215376436729	1.3260041521070025	0.3949668893173296	0.39496715458989995	2.6527257035446894e-07	6.716319756510013e-07	0.13463432648016518	0.17852593493934132	-0.3203437439019312	4.0943050024182656e-05	0.0003523629673810993	nu=0.3258,chi=0.767	load_grid
0.391956872399	0.199636074289	1.5022457182896571	0.37110325623488694	0.371103281520951	2.5286064075924486e-08	6.813753834859834e-08	0.12246212359572758	0.18396822415960926	-0.31695100722518055	1.1347345891393749e-05	0.00010420301394569415	nu=0.3258,chi=0.833	load_grid
0.377213783172	0.183882029709	1.7148947875227853	0.3456368088893751	0.34563706783312464	2.5894374955370836e-07	7.491781803875496e-07	0.11078637989290566	0.18998721541025465	-0.31354565012647645	3.27514571478534e-05	0.0003187852239600784	nu=0.3258,chi=0.9	load_grid
0.487114011176	0.375108480029	0.49559446664239537	0.5558298582195197	0.5558298662129073	7.993387618476788e-09	1.4380996963943224e-08	0.27683054631130827	0.13719570580145032	-0.35214045227580265	1.9910289642722723e-05	8.026631217209864e-05	nu=0.4472,chi=0.1	load_grid
0.480207513026	0.361719776196	0.5362800400342937	0.545531939539382	0.5455320322619769	9.272259493542379e-08	1.699672786416624e-07	0.2629967578290696	0.14104011122325122	-0.3494064438611255	6.237423583610092e-05	0.00026837674894007567	nu=0.4472,chi=0.167	load_grid
0.472858819542	0.347884331928	0.5817901483238126	0.5343650694543753	0.5343652453027073	1.7584833200690042e-07	3.29078909140668e-07	0.249051559972227	0.14489608925034736	-0.34660673341110587	7.877511447738595e-05	0.00036264924353601095	nu=0.4472,chi=0.233	load_grid
0.465005192226	0.333640718446	0.6329626331444544	0.5222399071304922	0.5222400683925009	1.6126200874655439e-07	3.087890388091678e-07	0.23503997455278028	0.14877181022482217	-0.3437372375363975	6.892774048229064e-05	0.0003402912831615616	nu=0.4472,chi=0.3	load_grid
0.456575710814	0.31905707273	0.6907762826922438	0.509070677345919	0.5090707183597734	4.101385431276583e-08	8.05661233962003e-08	0.2210232888397166	0.15267771293656465	-0.34079058850739014	3.163358827517221e-05	0.00016781415225744533	nu=0.4472,chi=0.367	load_grid
0.447597216403	0.303324926812	0.758351221260489	0.49435936058713453	0.49435946452013735	1.0393300281519302e-07	2.1023771217989777e-07	0.20667114398417777	0.15672946950516517	-0.3378207543514654	4.556461662131316e-05	0.00026070757409862763	nu=0.4472,chi=0.433	load_grid
0.437876536779	0.287143513793	0.8364294693978468	0.4782293900083921	0.47822956566213576	1.7565374366146358e-07	3.673000505902664e-07	0.19235131374370593	0.1608885467575377	-0.334792681895403	5.3394139095118965e-05	0.0003300471291126333	nu=0.4472,chi=0.5	load_grid
0.427306795324	0.270662238916	0.9270879988982077	0.46059614942478555	0.4605963559037154	2.064789298428238e-07	4.4828606912814315e-07	0.17817578747062707	0.16518489206711834	-0.3316940037499165	5.199931204944815e-05	0.0003474889708139673	nu=0.4472,chi=0.567	load_grid
0.415783932684	0.254068383496	1.032775996676112	0.44141695032335626	0.44141708043642447	1.3011306820853719e-07	2.947621965146789e-07	0.16426966880160032	0.16965392041745395	-0.3285024776237333	3.6997373017642767e-05	0.00026714943816040054	nu=0.4472,chi=0.633	load_grid
0.403214838933	0.237051647909	1.1584511867994707	0.4203715054312568	0.4203717744859859	2.6905472910732087e-07	6.400399490101599e-07	0.15055344549616448	0.17440910349858788	-0.32525180222145555	4.754305990029575e-05	0.00037065729293896317	nu=0.4472,chi=0.7	load_grid
0.389496064917	0.220517957573	1.305471102169741	0.39792982265488286	0.3979298777915489	5.513666606615786e-08	1.3855874902422023e-07	0.13742932021743387	0.17941006085747063	-0.3218238019992889	1.92575820129038e-05	0.0001614566720040121	nu=0.4472,chi=0.767	load_grid
0.374512884896	0.203621945114	1.4836606084698267	0.3734938406854932	0.37349409009989215	2.49414398967307e-07	6.677867349938531e-07	0.12460606410488542	0.18487334256050833	-0.31832733299546156	3.662640055239004e-05	0.00032906603803528915	nu=0.4472,chi=0.833	load_grid
0.358214290866	0.187264862154	1.6965723406452935	0.34770223581423626	0.3477024895633904	2.537491541332315e-07	7.297881428800352e-07	0.11243988542546113	0.19076262711752037	-0.31462400523267886	3.312769413982024e-05	0.0003167857973804568	nu=0.4472,chi=0.9	load_grid
0.48465296961	0.375695505579	0.4955087762729895	0.555851784633616	0.5558518744295797	8.979596377578503e-08	1.6154657006047602e-07	0.27744750933304574	0.13747788753528797	-0.35282200849771295	6.693885554147049e-05	0.0002686796047925987	nu=0.6138,chi=0.1	load_grid
0.475897562273	0.363725943341	0.5346127206188722	0.5459481033626233	0.5459481449009956	4.153837229736723e-08	7.608483092272429e-08	0.26449972530933064	0.14140500763997607	-0.35046793963243555	4.217224427508507e-05	0.00017967142778520416	nu=0.6138,chi=0.167	load_grid
0.466717166822	0.351300514295	0.5781026027218505	0.5352564548199786	0.535256454730399	8.95796770095103e-11	1.6735842457916795e-10	0.2514080394097411	0.14533964192796892	-0.34799270940869714	2.8183169928979717e-10	1.2774836178291305e-09	nu=0.6138,chi=0.233	load_grid
0.45725919794	0.337153744048	0.6288537642017688	0.5231970509286747	0.5231971632403989	1.123117241430549e-07	2.1466424521007935e-07	0.23760683181807293	0.14942015465396621	-0.34543996949747763	5.867631866316458e-05	0.000284495682119785	nu=0.6138,chi=0.3	load_grid
0.447114602938	0.323323314268	0.6848103768776238	0.5104043210659017	0.5104043442143561	2.3148454375565564e-08	4.5353168792473745e-08	0.22407516183425968	0.15344903461904846	-0.3427310506692051	2.438668393302966e-05	0.0001265301481689187	nu=0.6138,chi=0.367	load_grid
0.436446888651	0.308225938624	0.7501104781961516	0.4961152307384149	0.49611532774351846	9.700510356092096e-08	1.9552934194178057e-07	0.21011517630213614	0.15760974298606728	-0.33992945389120344	4.532391299907129e-05	0.00025268400884137016	nu=0.6138,chi=0.433	load_grid
0.42504215931	0.292719240225	0.8250475855777707	0.4805248926743597	0.48052501578400825	1.231096485310168e-07	2.5619820922362447e-07	0.19615582797283043	0.16183806375058543	-0.3369893422453528	4.62135090805389e-05	0.0002773309930341514	nu=0.6138,chi=0.5	load_grid
0.412806134484	0.276874768866	0.9116446525163925	0.4635203302988811	0.4635203810844066	5.07855254516798e-08	1.0956481640109761e-07	0.18226323773502132	0.16615937102096653	-0.33389325257034896	2.6785417415185087e-05	0.00017323589308865893	nu=0.6138,chi=0.567	load_grid
0.399658965624	0.260371471048	1.0137469715311265	0.44476621063244753	0.44476624808437215	3.7451924617126764e-08	8.420586044564725e-08	0.16834168839901853	0.17065592084926795	-0.3306546347235671	2.0642008350215715e-05	0.00014408945566360745	nu=0.6138,chi=0.633	load_grid
0.385466074061	0.243060259164	1.1361761572618934	0.4239703825945678	0.4239706249848511	2.4239028328931767e-07	5.717148052367508e-07	0.15438599169538467	0.17540994627513357	-0.32728360393035133	4.6939299889195195e-05	0.00035399091036691753	nu=0.6138,chi=0.7	load_grid
0.370072486027	0.226022804032	1.2802868336374589	0.40161902634108787	0.4016191206309918	9.428990394022563e-08	2.3477443950398795e-07	0.1408750906900752	0.18036061932158176	-0.32365850885946396	2.6150222877066556e-05	0.0002125375339974559	nu=0.6138,chi=0.767	load_grid
0.353361823362	0.208611989374	1.4552908806725389	0.3771985642783644	0.3771986397843139	7.550594949279343e-08	2.0017556143884433e-07	0.1275889633869654	0.1856791268905908	-0.3198220830235644	2.0862820188110843e-05	0.00018234209743882445	nu=0.6138,chi=0.833	load_grid
0.335177391263	0.190953435791	1.6704226066076417	0.35069016404259	0.35069036120846714	1.971658771249274e-07	5.622221165289529e-07	0.11461761670568676	0.19146003693655284	-0.3157419472814222	2.999724519447198e-05	0.00028081871010510656	nu=0.6138,chi=0.9	load_grid
0.48154706953	0.377143895813	0.49416807165078697	0.5561963715643254	0.5561963894792351	1.791490966684961e-08	3.220968349618969e-08	0.27863056875988373	0.13769037329475856	-0.3535928680032082	3.0117606731557468e-05	0.00012001050187004609	nu=0.8426,chi=0.1	load_grid
0.470852120812	0.365477110059	0.5329082965155688	0.5463739631701414	0.546374034815718	7.164557658256854e-08	1.3112917528508337e-07	0.26612867499486637	0.14182233520106563	-0.3517138577328655	5.604484287045451e-05	0.00023622853691234691	nu=0.8426,chi=0.167	load_grid
0.45969260472	0.353525252191	0.5755967315736616	0.5358633706342536	0.5358634328132017	6.217894810145452e-08	1.1603506470860398e-07	0.2535419760977542	0.14593805752082753	-0.3496663398767622	4.838277142861776e-05	0.00021612210722671843	nu=0.8426,chi=0.233	load_grid
0.448128900419	0.340632631945	0.6239373630517988	0.524345961937619	0.5243461059476023	1.440099833827091e-07	2.746468062777984e-07	0.24057925624071053	0.15010665233686565	-0.34745410357222833	6.793307774373185e-05	0.0003227014448848695	nu=0.8426,chi=0.3	load_grid
0.435954506768	0.327665149121	0.6775311799009932	0.5120393219262002	0.5120393575838835	3.565768336155628e-08	6.963855967988702e-08	0.22766005304759968	0.15424684484465026	-0.3450380548925678	3.1098617668778333e-05	0.00015731642827530423	nu=0.8426,chi=0.367	load_grid
0.423286350374	0.313342622248	0.739867595235193	0.49831226114749594	0.4983123797415347	1.1859403875602581e-07	2.3799135557807798e-07	0.2142238716897792	0.15849748541363595	-0.34244580162957444	5.182493001962363e-05	0.00028041823150684375	nu=0.8426,chi=0.433	load_grid
0.40990812687	0.298501918454	0.8111848383993082	0.4833460476021133	0.4833461941147441	1.4651263080533994e-07	3.031215153637033e-07	0.20068018403648594	0.16278893205804398	-0.33963239051141203	5.239871120231103e-05	0.0003039681630795213	nu=0.8426,chi=0.5	load_grid
0.39574703449	0.282920886525	0.8941185540630487	0.46687760012945684	0.4668777745383076	1.7440885075048485e-07	3.7356426084526436e-07	0.18696091779824928	0.16716545455414578	-0.33658596677922414	5.173915465061081e-05	0.0003226442308452592	nu=0.8426,chi=0.567	load_grid
0.380677758719	0.266666860752	0.9914499057296738	0.4487475107001235	0.4487476710994301	1.6039930661460033e-07	3.574376357689448e-07	0.1731307922413109	0.17165070169764438	-0.33327860018380584	4.46858676381273e-05	0.00030021046159647765	nu=0.8426,chi=0.633	load_grid
0.364572264285	0.249550296957	1.1077964366203545	0.4286357081617384	0.42863593716796305	2.290062246501634e-07	5.342674395507491e-07	0.15915267378308368	0.17630902080009767	-0.3296931957840079	4.7808497384547876e-05	0.0003467800805885816	nu=0.8426,chi=0.7	load_grid
0.347254705537	0.232024049839	1.2471240535049406	0.4065722771298706	0.40657237999747003	1.0286759943856083e-07	2.5301177477722646e-07	0.14525178450754833	0.18114710109419485	-0.325761669215814	2.8574527900981376e-05	0.00022387816818076974	nu=0.8426,chi=0.767	load_grid
0.328549753984	0.213508492128	1.4195503303096806	0.3819624131057566	0.38196261648913665	2.0338338002634515e-07	5.324693340300478e-07	0.13124826098980627	0.18631370982380657	-0.32148304832120483	3.56127872522662e-05	0.0003016201403678111	nu=0.8426,chi=0.833	load_grid
0.308244050257	0.19455140703	1.6341553314617598	0.35491390725761623	0.3549141154167818	2.0815916557115344e-07	5.865057390763636e-07	0.11739799873967077	0.1918467568359698	-0.31675663062371595	3.180547953921051e-05	0.00029068783024910366	nu=0.8426,chi=0.9	load_grid
0.478028706089	0.378401405228	0.4926844942384824	0.5565780030596454	0.556578004344872	1.2852265918184003e-09	2.309158072696736e-09	0.27991611908916586	0.13791033476894643	-0.35445121344912284	8.324235503302188e-06	3.291096520705938e-05	nu=1.156,chi=0.1	load_grid
0.465064497017	0.36725383276	0.5304665736118099	0.5469849883951957	0.5469850679249906	7.952979486081091e-08	1.4539664704652784e-07	0.2680876445293876	0.14221170944927647	-0.35309668909490544	5.984962452339756e-05	0.0002491487488662505	nu=1.156,chi=0.167	load_grid
0.451577699903	0.356182528425	0.5713718078383344	0.5368892434064676	0.5368892958496937	5.2443226095100215e-08	9.767977588769456e-08	0.2563137830263015	0.14645057632038655	-0.35152109121932085	4.5320359297236054e-05	0.00019884692135749507	nu=1.156,chi=0.233	load_grid
0.437647563076	0.344518007171	0.6168715772348085	0.5260045024535299	0.526004526428918	2.397538811926836e-08	4.5580193543274174e-08	0.2442835191963502	0.15069160488157166	-0.34971255661341716	2.8480900108772194e-05	0.00013205179767637894	nu=1.156,chi=0.3	load_grid
0.423297133961	0.331699894418	0.6687597076928867	0.5140209282994079	0.5140210293569785	1.0105757053402442e-07	1.9660201579776562e-07	0.23175408368630548	0.15498796839693646	-0.3476576297891868	5.39978946057167e-05	0.0002656340381447813	nu=1.156,chi=0.367	load_grid
0.408329512203	0.318471176458	0.7269870585952859	0.5010982467316272	0.5010983396947016	9.296307446060581e-08	1.855186239835565e-07	0.21908024175205404	0.15926864915888572	-0.3453156022846605	4.766606042858884e-05	0.00024937257119338413	nu=1.156,chi=0.433	load_grid
0.392735151177	0.304302659793	0.79396233045278	0.48689029031270414	0.4868904150882785	1.2477557437273745e-07	2.5627034442671104e-07	0.2060399661955276	0.16358815547837466	-0.34266427649702386	5.051933034016307e-05	0.00028210902775465763	nu=1.156,chi=0.5	load_grid
0.376371029866	0.289503483009	0.871024407598246	0.4713661113165916	0.47136616708587403	5.576928241435297e-08	1.1831413942823958e-07	0.19278836126169555	0.16792344392983372	-0.33965718045211557	3.0753890056522796e-05	0.00018384642826570162	nu=1.156,chi=0.567	load_grid
0.359181307427	0.273380837916	0.9625884882963454	0.4539944410373167	0.45399454307748505	1.0204016837045415e-07	2.2476078165776225e-07	0.17905367426120833	0.17235513342843825	-0.33626616282776167	3.758126444031144e-05	0.00024160509100428838	nu=1.156,chi=0.633	load_grid
0.340969899638	0.256273103753	1.071865431810463	0.4346745953236714	0.4346747189123975	1.2358872608642102e-07	2.843246241595398e-07	0.16501311413532951	0.1768719956237792	-0.33242523293675674	3.708572307103384e-05	0.0002573347702215005	nu=1.156,chi=0.7	load_grid
0.321549598796	0.238303803994	1.203963955297003	0.4131858242590749	0.4131858508838412	2.6624766280569645e-08	6.443774931696453e-08	0.15074728296291043	0.18149432355532627	-0.32805558113327044	1.5335118602207568e-05	0.00011520703695103541	nu=1.156,chi=0.767	load_grid
0.300709782366	0.218817129478	1.369801633812104	0.38877966147452414	0.38877969229016524	3.0815641094417145e-08	7.926247616713975e-08	0.13603792236982643	0.18634499898114618	-0.3230893133257963	1.4541518314196049e-05	0.0001187672996447062	nu=1.156,chi=0.833	load_grid
0.278135632258	0.197956948876	1.5826534330104407	0.36107668106949253	0.3610767478237532	6.675426067470625e-08	1.8487554537100785e-07	0.12099609323679499	0.1914949446516963	-0.3174001618168581	1.8691446250111405e-05	0.00016645589278040316	nu=1.156,chi=0.9	load_grid
0.474329022805	0.378728150388	0.49175017628587314	0.5568184599590256	0.5568185438198874	8.386086181033647e-08	1.5060716411316705e-07	0.2809827179686201	0.1381735022900728	-0.3553610667789105	6.625463072625588e-05	0.0002601862455667139	nu=1.587,chi=0.1	load_grid
0.458644820299	0.36921718231	0.526780430558538	0.5479095441322315	0.5479095512368863	7.104654864420468e-09	1.2966838866710687e-08	0.2705062705006794	0.14249742537227822	-0.3545535880515978	1.81112770916719e-05	7.430399048772303e-05	nu=1.587,chi=0.167	load_grid
0.442685057744	0.358664037825	0.5658793524140936	0.5382276079321967	0.538227620839005	1.2906808288803973e-08	2.3980204265036532e-08	0.2595140659026065	0.14685367823565249	-0.3534933054334245	2.2972798898415835e-05	9.881526937405677e-05	nu=1.587,chi=0.233	load_grid
0.426395079528	0.346989753175	0.6098833256711657	0.5276529479412317	0.5276531099603015	1.6201906971602398e-07	3.0705603105080467e-07	0.24798141354156186	0.15124003995612326	-0.3521475177133886	7.602918313858927e-05	0.00034422224511128016	nu=1.587,chi=0.3	load_grid
0.409438134198	0.335824541487	0.6570496911371511	0.5166862494163368	0.5166862619757265	1.2559389750421701e-08	2.4307574392236753e-08	0.23665876641177802	0.15549659171831084	-0.3504736877794159	1.9727137810480725e-05	9.403135703187194e-05	nu=1.587,chi=0.367	load_grid
0.392098840104	0.32300924998	0.7116731498000456	0.5044444379910048	0.5044445055144671	6.752346226601702e-08	1.3385706758199688e-07	0.22456295211080762	0.15981553483261732	-0.348436586551724	4.236990141941417e-05	0.0002138001322989263	nu=1.587,chi=0.433	load_grid
0.374143573104	0.309394975058	0.7737691405694119	0.4911020772771641	0.49110221511090807	1.3783374397391412e-07	2.8066202866298706e-07	0.21208977859601336	0.1641087359042432	-0.34598117716031884	5.570743612937568e-05	0.000298687713101083	nu=1.587,chi=0.5	load_grid
0.355450309373	0.295150715374	0.8446511861293037	0.47658296323735216	0.47658303545285663	7.221550446523395e-08	1.5152764385877405e-07	0.19931548292091011	0.16835216082488255	-0.34304444802569095	3.689415950969873e-05	0.0002109369397053171	nu=1.587,chi=0.567	load_grid
0.33596077302	0.279716068688	0.9278796926052503	0.46044729343071783	0.4604473173590452	2.3928327375077885e-08	5.1967568216754706e-08	0.18600233809501296	0.17258782347321833	-0.33954763634017554	1.9295716932726792e-05	0.00011824532634310177	nu=1.587,chi=0.633	load_grid
0.315559597125	0.26241458969	1.0290144710653824	0.4420754972713684	0.442075601914349	1.0464298061396704e-07	2.3670833712791355e-07	0.1718831089203853	0.17687033208792077	-0.3353890640144049	3.62413027585085e-05	0.00023973441922625592	nu=1.587,chi=0.7	load_grid
0.293966877961	0.24392947231	1.1518286003718161	0.4214359970593291	0.4214360414632179	4.4403888788124846e-08	1.0536329221856629e-07	0.15725948813940574	0.18113602537524287	-0.33043901941949344	2.100707706829637e-05	0.00015086733386195631	nu=1.587,chi=0.767	load_grid
0.270955956322	0.223243343118	1.3086339103109093	0.39747081429808206	0.39747089323460616	7.893652409496354e-08	1.9859699273217339e-07	0.14174149015033208	0.1854878014114154	-0.3245208981037675	2.455563381421988e-05	0.0001930935358422446	nu=1.587,chi=0.833	load_grid
0.246119911861	0.200364152572	1.5151935148446356	0.36945414882340355	0.3694542456591198	9.683571622343123e-08	2.621047595505982e-07	0.12536782609386252	0.1899566090673699	-0.317390771774527	2.343806076370023e-05	0.00020354980707415257	nu=1.587,chi=0.9	load_grid
0.470328675765	0.379413900252	0.4896979717688738	0.5573473821594251	0.5573474485080389	6.634861371423995e-08	1.1904354077846464e-07	0.2824551892139935	0.13831789365837266	-0.3562546474298586	5.9495621398206313e-05	0.0002316529696415234	nu=2.179,chi=0.1	load_grid
0.452147259807	0.369715902685	0.5237450815644171	0.5486725338579769	0.5486726600682842	1.26210307316299e-07	2.300284240526796e-07	0.2726173386724659	0.14278227488891168	-0.3560124538313328	7.771958661422985e-05	0.0003148111274654983	nu=2.179,chi=0.167	load_grid
0.43354235653	0.359928527382	0.5602534064745979	0.5396039123314763	0.5396039880573595	7.572588323068175e-08	1.4033603328860523e-07	0.26267897979452765	0.14716695258411555	-0.35547524582056794	5.688721820282401e-05	0.00024005695662802597	nu=2.179,chi=0.233	load_grid
0.414621577514	0.349223815279	0.6007497617897947	0.5298202594958311	0.5298203938359253	1.3434009416002368e-07	2.535578013284745e-07	0.25224501316166503	0.1515363951450142	-0.35460072928376385	7.129324390647989e-05	0.0003145288086720225	nu=2.179,chi=0.3	load_grid
0.395181943952	0.338427619203	0.6446250466696745	0.5195389112575267	0.5195389491834538	3.792592706552966e-08	7.299919885725004e-08	0.24168998047877047	0.15579948445591066	-0.35334617152358383	3.5569750355878734e-05	0.000164361355942661	nu=2.179,chi=0.367	load_grid
0.375338073149	0.326454814834	0.694263640487898	0.508293759408939	0.5082938103698558	5.096091681977555e-08	1.0025877903705784e-07	0.23050898497693004	0.1600340939686278	-0.35163926402888757	3.844168068686928e-05	0.00018692020517914248	nu=2.179,chi=0.433	load_grid
0.354916631977	0.313843483055	0.749845487625597	0.4961719466529647	0.4961719627952643	1.6142299608112864e-08	3.253367948719358e-08	0.21893754434722432	0.16416935534980617	-0.34941288446706664	2.0091763495897433e-05	0.0001031910420013297	nu=2.179,chi=0.5	load_grid
0.333913780993	0.299873533431	0.8141337939650966	0.48274368026553915	0.4827437084468816	2.818134242632553e-08	5.837744114157926e-08	0.20664640398919226	0.16823786235246102	-0.34655621886630794	2.4408313430586993e-05	0.0001332033927184125	nu=2.179,chi=0.567	load_grid
0.312196045943	0.284441121947	0.8896028523394712	0.4677495373416509	0.4677496193336251	8.19919741545938e-08	1.752903065349425e-07	0.19358338966736174	0.17221244714552697	-0.3429416464458188	3.794152134228249e-05	0.00022151613733914936	nu=2.179,chi=0.633	load_grid
0.289573522397	0.267651679638	0.9792080988548985	0.45096012774659067	0.45096019167803	6.393143930916168e-08	1.4176736769441175e-07	0.17977954484500314	0.17604166664541207	-0.338413851290227	3.023344212589375e-05	0.0001902319208312876	nu=2.179,chi=0.7	load_grid
0.265884583079	0.248720662514	1.0900653818243777	0.4315971629360867	0.4315972274450496	6.450896289367236e-08	1.4946565638419344e-07	0.16488622000630224	0.17973683489450787	-0.3327276962691338	2.698801329075588e-05	0.0001849095828149597	nu=2.179,chi=0.767	load_grid
0.240819061108	0.227251815497	1.2322778863455452	0.4088256389261339	0.4088256683256399	2.9399505996341446e-08	7.191208447539063e-08	0.14872136510265752	0.1832660806110259	-0.3255608472339935	1.5895826984433552e-05	0.00012011926894074642	nu=2.179,chi=0.833	load_grid
0.213930147092	0.202018897561	1.4273875825036262	0.38090849158793255	0.3809085615216219	6.99336893394964e-08	1.835970529518452e-07	0.13076875756686954	0.18665776852862226	-0.31639953462938775	2.080421075905846e-05	0.00017651622804489074	nu=2.179,chi=0.9	load_grid
0.466352693927	0.379743058254	0.4873656009945266	0.5579494485824336	0.5579495046776277	5.6095194156391415e-08	1.00538119822872e-07	0.2839603896015134	0.1383926626067371	-0.35708808816778914	5.522883041050062e-05	0.00021322595515388244	nu=2.991,chi=0.1	load_grid
0.445573835593	0.370314794682	0.5193507604302928	0.5497802798438598	0.5497803827414302	1.028975703531998e-07	1.8716122579730906e-07	0.27511291903578367	0.14288033871376607	-0.35737698297150094	7.12941281781506e-05	0.000284714896301215	nu=2.991,chi=0.167	load_grid
0.424421607818	0.36081641477	0.5533316672809179	0.541304996364672	0.541305054527558	5.816288595195118e-08	1.0744936790349164e-07	0.26613857081209435	0.14726302402759872	-0.35734492271940754	5.104724737886864e-05	0.0002111741749758684	nu=2.991,chi=0.233	load_grid
0.402945517067	0.350779450497	0.5902031197077819	0.5323408296186679	0.5323408612773629	3.165869499888174e-08	5.9470721302355125e-08	0.25680054278340897	0.15156454514669046	-0.35693964545446183	3.567138992406741e-05	0.00015328785150338226	nu=2.991,chi=0.3	load_grid
0.381127309893	0.339998817153	0.6307012378191909	0.5227664374899195	0.5227664718539486	3.436402917778025e-08	6.573495246531597e-08	0.2469891392067873	0.15577642062309413	-0.3560917271222747	3.509318314553983e-05	0.00015721083454454674	nu=2.991,chi=0.367	load_grid
0.358925796318	0.32830571431	0.6757059231869488	0.5124506032900398	0.5124506884730211	8.518298133530777e-08	1.6622668922376202e-07	0.236610657710247	0.1598793731564913	-0.3547129050688397	5.1862826291117484e-05	0.00024327174158019765	nu=2.991,chi=0.433	load_grid
0.336124763917	0.316590763437	0.7244700051632971	0.5016457904243451	0.5016457904428081	1.8463008899516353e-11	3.6804871587218657e-11	0.2260422803810707	0.1637608520347978	-0.35274321039560413	6.558803692891296e-10	3.2302758804563936e-09	nu=2.991,chi=0.5	load_grid
0.312909386464	0.302964804992	0.7813251968764381	0.4895190311982696	0.489519043547716	1.234944640993163e-08	2.5227713962731388e-08	0.2144059648353071	0.16752080184617166	-0.3499683095603811	1.717834347520745e-05	8.954611067272141e-05	nu=2.991,chi=0.567	load_grid
0.289054943895	0.287952506248	0.8471620607343372	0.47608206047954854	0.4760821189196306	5.8440082051358644e-08	1.2275210458224364e-07	0.20190579179062293	0.17104701019994675	-0.3462323105634919	3.413508451370531e-05	0.0001897872859147148	nu=2.991,chi=0.633	load_grid
0.264399070616	0.271436041081	0.9247354387656017	0.4610396664269645	0.46103972490559186	5.8478627384950244e-08	1.2684075628607718e-07	0.18844167009936819	0.17425876768102425	-0.341297037103656	3.090992906273119e-05	0.00018502088712764404	nu=2.991,chi=0.7	load_grid
0.238794246299	0.252490394827	1.0204744223734878	0.44357704584072855	0.4435771126930469	6.68523183477987e-08	1.5071182988212507e-07	0.17354878349095978	0.17710217563784983	-0.3347651280706928	2.9405486427412646e-05	0.00019209825262658312	nu=2.991,chi=0.767	load_grid
0.211934154604	0.230361047981	1.144388470182522	0.4226374040377359	0.42263743632935685	3.229162093276727e-08	7.640501800603095e-08	0.15681763687199685	0.17946033117505378	-0.32608161539303865	1.773068939300435e-05	0.00012878690466835218	nu=2.991,chi=0.833	load_grid
0.183339387011	0.20328290211	1.3191011035948637	0.3959587113784519	0.3959587225641383	1.1185686377146453e-08	2.8249627397296623e-08	0.13737580769923965	0.18121259069479775	-0.3142937497546541	8.733455880717422e-06	7.255467974731818e-05	nu=2.991,chi=0.9	load_grid
0.46253830029	0.379976324013	0.48456514632282854	0.5586737064631419	0.5586737185717633	1.2108621438855494e-08	2.167386980331008e-08	0.28555534919574665	0.1383701991660335	-0.3578203898748043	2.58446456597706e-05	9.892509039647708e-05	nu=4.105,chi=0.1	load_grid
0.439405521659	0.370150481165	0.5149000965783289	0.5509057433015205	0.5509058841174914	1.4081597088377862e-07	2.5560803567991453e-07	0.2774736846032805	0.14287155263254375	-0.35857966579314415	8.46395408347048e-05	0.00033364483574315303	nu=4.105,chi=0.167	load_grid
0.415881635904	0.36065832525	0.5463450470657178	0.543030602305315	0.5430307044434701	1.0213815515580649e-07	1.8808909757779478e-07	0.2694297676598597	0.14720184213972562	-0.35899894035798263	6.904225245950224e-05	0.00028046100738477576	nu=4.105,chi=0.233	load_grid
0.392138739269	0.350435694597	0.5804248268241007	0.534694786371917	0.5346949405769917	1.5420507470942368e-07	2.8839823048076775e-07	0.26089596694080436	0.15143081392441335	-0.359005097054162	8.090155024512772e-05	0.0003398084205867348	nu=4.105,chi=0.3	load_grid
0.367994102767	0.340230083517	0.6164042916159422	0.5261144552223892	0.5261145029078867	4.768549755063134e-08	9.063710900777091e-08	0.25219844351929654	0.1554562954106693	-0.3585462518896704	4.276621119336516e-05	0.00018611290177554426	nu=4.105,chi=0.367	load_grid
0.343537810063	0.329235791938	0.6557478532943356	0.5169839479451612	0.5169839612322603	1.3287099087655463e-08	2.570118240415992e-08	0.2429297662271961	0.1593006968909622	-0.35750055455508695	2.1324941557138037e-05	9.657851288341974e-05	nu=4.105,chi=0.433	load_grid
0.318750626522	0.317092078533	0.6995954633248714	0.5071097422768273	0.5071097756599453	3.338311804768068e-08	6.583016074623364e-08	0.2328895760729732	0.16292854817508373	-0.35571315811761106	3.182263690232195e-05	0.00015088289192757728	nu=4.105,chi=0.5	load_grid
0.29350814495	0.303949212942	0.7485081900337323	0.4964578743615219	0.49645794156001877	6.719849687808477e-08	1.3535587056363138e-07	0.22210150267726758	0.16624490183622248	-0.35301953322617663	4.2099804831878814e-05	0.00021034972791285816	nu=4.105,chi=0.567	load_grid
0.267674351367	0.289919038771	0.8032867619548495	0.48496607683009724	0.4849661010890671	2.4258969888446558e-08	5.002199088548509e-08	0.21055233119618502	0.16913393682351585	-0.3492114855113207	2.338769028547385e-05	0.00012407662424864714	nu=4.105,chi=0.633	load_grid
0.241239000272	0.273811642427	0.8679779317136919	0.47196374406074365	0.47196378557258234	4.151183868872366e-08	8.795555921385336e-08	0.19762068559460078	0.17153045174009782	-0.34386042968907643	2.78265094800826e-05	0.0001587125402896963	nu=4.105,chi=0.7	load_grid
0.213982791526	0.255306738721	0.9464394902522067	0.45697713491291775	0.4569771756075826	4.069466486011919e-08	8.905185429887791e-08	0.18304527160730888	0.17324132562567626	-0.3364597699590888	2.4586900016257903e-05	0.0001532412638435878	nu=4.105,chi=0.767	load_grid
0.185664990571	0.232941302714	1.048491759154893	0.4386842844779787	0.43868432771754584	4.323956714902266e-08	9.856647346851008e-08	0.16599539551029646	0.17404485440003928	-0.3260942304505384	2.193190333061262e-05	0.00015317519281447486	nu=4.105,chi=0.833	load_grid
0.155782599849	0.20464959618	1.1948678140643272	0.4146043623986605	0.4146043624371788	3.8518299660950106e-11	9.290374909353838e-11	0.14526334899213592	0.173570500280792	-0.3112277344644466	2.2473702716631503e-07	1.8307551374831877e-06	nu=4.105,chi=0.9	load_grid
0.45917316169	0.37951309908	0.4822068879248092	0.5592846775797147	0.5592847060125755	2.843286084353025e-08	5.083790158726589e-08	0.2868579374590783	0.1383249436287821	-0.3584281530983434	4.001314791902431e-05	0.00015210197093273233	nu=5.635,chi=0.1	load_grid
0.433745420254	0.370055115435	0.5097700277258866	0.5522076380681386	0.5522076733796196	3.5311481072497486e-08	6.394601664331152e-08	0.27994415374904036	0.1427072218602225	-0.35958936242667705	4.304618187211309e-05	0.00016749300655838969	nu=5.635,chi=0.167	load_grid
0.408115529819	0.360362222778	0.538708592729057	0.5449268072404369	0.5449268326261391	2.5385702207003646e-08	4.6585524307297516e-08	0.2727712543744655	0.14694427508406446	-0.3603944547097067	3.515005141808451e-05	0.0001402830273554604	nu=5.635,chi=0.233	load_grid
0.382316351171	0.350095857556	0.5695832810729007	0.5373244712754063	0.5373245162476618	4.497225547517303e-08	8.369663790744395e-08	0.2651526828936635	0.15102662992385912	-0.3607627900062064	4.487232862148828e-05	0.00018427220492093905	nu=5.635,chi=0.3	load_grid
0.35625400615	0.33953883683	0.6021898517089883	0.5294776900314806	0.5294777263547046	3.632322398416932e-08	6.860198678090545e-08	0.2571923672425762	0.15487870611183882	-0.3606144722843042	3.857454019791092e-05	0.00016348577383288741	nu=5.635,chi=0.367	load_grid
0.32997856095	0.328130389375	0.63752638289215	0.521180253202135	0.5211803471796176	9.397748257367056e-08	1.8031662759778337e-07	0.24858693334843077	0.15848090610453278	-0.3598020181445172	5.8988536008599496e-05	0.00025929074039806335	nu=5.635,chi=0.433	load_grid
0.30329735654	0.316633140003	0.6746940006477331	0.5126789368323464	0.5126789644878291	2.7655482681687715e-08	5.394308055786098e-08	0.23964540263190295	0.16168736493139277	-0.3582325358865152	3.0317490198023806e-05	0.00013875416094083498	nu=5.635,chi=0.5	load_grid
0.276341418033	0.30375066192	0.7160844715421424	0.5034767409112315	0.5034768117384322	7.082720065998416e-08	1.4067619204830535e-07	0.2296957483452574	0.16448167782355205	-0.35559614294953656	4.549500355961651e-05	0.00021858314775723289	nu=5.635,chi=0.567	load_grid
0.248892218338	0.290152993293	0.7611083091389059	0.49377429595317446	0.4937743329119186	3.695874412068534e-08	7.484946392966559e-08	0.2189653280632488	0.16665638909969047	-0.35168018158370634	3.05752131813526e-05	0.0001554804463777548	nu=5.635,chi=0.633	load_grid
0.220923407913	0.274969680269	0.8121221390073599	0.48315454330458546	0.4831545609793787	1.767479324010779e-08	3.658206848814609e-08	0.20692818021577766	0.168050982514429	-0.34599125051477525	1.9409432123484544e-05	0.0001058146265592046	nu=5.635,chi=0.7	load_grid
0.192328954777	0.257159943328	0.8729184313672003	0.4709952399025302	0.4709952754478179	3.554528765770115e-08	7.54684590496264e-08	0.19292324293820656	0.1684063029355338	-0.33776461966552035	2.4615706163003798e-05	0.0001467155887605599	nu=5.635,chi=0.767	load_grid
0.162848296652	0.235580200411	0.9497785296159179	0.4563576521897262	0.4563576853073505	3.311762430957543e-08	7.256944580054826e-08	0.17613722678472657	0.16729139705395218	-0.32581929439457935	2.0576320165132908e-05	0.00013812621339305385	nu=5.635,chi=0.833	load_grid
0.132088814274	0.206866230428	1.0619792424674848	0.43636270837763613	0.4363627105322496	2.1546134876260226e-09	4.93766638537457e-09	0.15449247516899364	0.16406780410303176	-0.30771267673065994	4.29570434837926e-06	3.427006913150746e-05	nu=5.635,chi=0.9	load_grid
0.456332352146	0.37853989936	0.4803286407692895	0.5597719312352578	0.5597720689760354	1.37740777561568e-07	2.460658278529879e-07	0.28786006253504914	0.13826777521994713	-0.3589065402144829	8.860993241136251e-05	0.00033507491556196314	nu=7.734,chi=0.1	load_grid
0.428988169613	0.368948605611	0.5057210132722878	0.553238435245563	0.5532385328671983	9.762163521997991e-08	1.7645487329678358e-07	0.2818479890701319	0.14253668209253223	-0.3603807261462131	7.240048140465663e-05	0.00027895640530473695	nu=7.734,chi=0.167	load_grid
0.40151967976	0.359113517127	0.5321379455564501	0.5465666453020253	0.5465666965579523	5.1255927058235784e-08	9.377799156264753e-08	0.27555521686809464	0.1466335028471531	-0.36149110232140386	5.079238098023756e-05	0.0001998331743313096	nu=7.734,chi=0.233	load_grid
0.373987618988	0.348580375144	0.5602102485049782	0.5396144788489656	0.5396145681230183	8.927405270586775e-08	1.6544040502167382e-07	0.2687338759270301	0.15054766377164894	-0.3621386277424535	6.467375501339071e-05	0.00026076572379824247	nu=7.734,chi=0.3	load_grid
0.346164967007	0.338378822626	0.588618867807492	0.5327211310098633	0.5327211338610547	2.8511913940931777e-09	5.352127431904796e-09	0.261843899143928	0.15412626535663956	-0.36227610846514857	1.116684406413368e-05	4.62216434269502e-05	nu=7.734,chi=0.367	load_grid
0.318348980923	0.326662263518	0.6199474571545154	0.5252814635657355	0.5252815400288342	7.646309874154156e-08	1.4556593543596502e-07	0.2539515242697387	0.1574367509188703	-0.36165084469756853	5.504448193670799e-05	0.00023550295170752242	nu=7.734,chi=0.433	load_grid
0.290108766393	0.315556300175	0.6511565101011932	0.5180361334867507	0.5180361335133691	2.6618374171505366e-11	5.138323844511981e-11	0.24601986709314258	0.16019743807193026	-0.36026307612514985	1.4993576844345393e-09	6.647907961626713e-09	nu=7.734,chi=0.5	load_grid
0.261757087967	0.302825310189	0.6856382380604207	0.5102189209911719	0.5102189391325964	1.8141424473760992e-08	3.555615654840749e-08	0.2368971312658052	0.16242576351984134	-0.357661285708357	2.409180499484791e-05	0.00011175394713333256	nu=7.734,chi=0.567	load_grid
0.233039715786	0.289377770426	0.7220329950218356	0.5021767421578806	0.5021767808090651	3.865118458623584e-08	7.696728734443734e-08	0.22691416925704375	0.16383958128024	-0.35360533440360375	3.2870568342145036e-05	0.00016098937173864174	nu=7.734,chi=0.633	load_grid
0.203857582947	0.275001595861	0.7605940049119142	0.4938833765878228	0.49388339458136143	1.799353865905573e-08	3.6432767038681045e-08	0.2158213584359328	0.16415245932877234	-0.34761306523054997	2.0681539268929148e-05	0.0001083035890078148	nu=7.734,chi=0.7	load_grid
0.174174311276	0.258460399711	0.803720585021977	0.4848768574600387	0.4848768848389785	2.7378939781996792e-08	5.646575581982835e-08	0.20279664824772856	0.16299188026024844	-0.3387485126874724	2.3009259496785885e-05	0.00013153581907950881	nu=7.734,chi=0.767	load_grid
0.143746037559	0.238884542452	0.8537771856539029	0.47476670149178934	0.4747667039489549	2.4571655821148397e-09	5.1755221283989296e-09	0.18705314384063482	0.15970170992466096	-0.32564292690378477	5.988228682870711e-06	3.857703618647828e-05	nu=7.734,chi=0.833	load_grid
0.112415235372	0.211067592082	0.9277050045290955	0.4604801798297227	0.46048019569809473	1.58683720052899e-08	3.446048745100365e-08	0.16529528110931604	0.15334527788474173	-0.304672625521525	1.2408506250318834e-05	9.629871491653342e-05	nu=7.734,chi=0.9	load_grid
0.453837505411	0.378166741859	0.47789433804160375	0.5604046189141858	0.560404691875028	7.296084214569731e-08	1.301931322194708e-07	0.289023349230647	0.13812280496122992	-0.3592743140831836	6.494879039735343e-05	0.00024417920604223066	nu=10.62,chi=0.1	load_grid
0.424842772058	0.3686730303	0.5009462297318906	0.554458028971118	0.5544580290407904	6.967248999956155e-11	1.256587268112874e-10	0.28394549987748313	0.14224142765042594	-0.3610036797652098	9.269884171797653e-07	3.5346114574234038e-06	nu=10.62,chi=0.167	load_grid
0.395921913534	0.358315391538	0.525451973013366	0.5482433299354753	0.5482433299257812	9.69413438411948e-12	1.7682174784382383e-11	0.27827396496514745	0.1462196039291892	-0.3623502477544435	1.871201288906819e-09	7.263100757996829e-09	nu=10.62,chi=0.233	load_grid
0.36700243561	0.347312862069	0.5511973562556362	0.5418312702862614	0.5418312930472766	2.276101518372542e-08	4.2007568547244174e-08	0.27208325402925343	0.14997162024005298	-0.363210215151645	3.329932579378643e-05	0.0001320565551124645	nu=10.62,chi=0.3	load_grid
0.337936938923	0.33628364762	0.5773481898062082	0.535439045846717	0.5354390747929235	2.8946206542812547e-08	5.406069131956282e-08	0.2656351664399454	0.15336404345657187	-0.3635001161926203	3.632431661956473e-05	0.00014758642534483217	nu=10.62,chi=0.367	load_grid
0.308747613011	0.324950030236	0.6041423565130206	0.52901367311454	0.5290137001432538	2.702871382265215e-08	5.109265377311199e-08	0.2587434710203203	0.15631794470517907	-0.36306572353593036	3.3740434173339126e-05	0.00014104109905651866	nu=10.62,chi=0.433	load_grid
0.279434746474	0.313066561102	0.6317632839217261	0.5225190968364608	0.5225191434144072	4.6577946388737246e-08	8.914112903954701e-08	0.2512217660024162	0.15871277713259585	-0.3616900376103446	4.228466780022662e-05	0.00018292487560165894	nu=10.62,chi=0.5	load_grid
0.249901378863	0.300857739273	0.6595802540848451	0.5161083459568623	0.5161083844003038	3.8443441541247125e-08	7.448714786123225e-08	0.24309401511170214	0.1603400824599736	-0.3591398313078582	3.647521042363869e-05	0.00016441107498785392	nu=10.62,chi=0.567	load_grid
0.220113064516	0.28806605585	0.687484210263999	0.5098058933374798	0.5098059207246368	2.7387156986691252e-08	5.3720751119883463e-08	0.2341156996774955	0.16095089438943655	-0.3550258143043503	2.8945164256005202e-05	0.00013725389205924252	nu=10.62,chi=0.633	load_grid
0.189971748298	0.274604945665	0.7147618701389307	0.5037666155423665	0.5037666218450424	6.302675936709079e-09	1.2511102688037496e-08	0.2240793178357449	0.16016336253201405	-0.3488214557601038	1.2843781923803448e-05	6.491546138992138e-05	nu=10.62,chi=0.7	load_grid
0.159428726385	0.259603008049	0.741633729636577	0.49793238451096733	0.49793239306183035	8.550863017653398e-09	1.7172738983847555e-08	0.21229667772298746	0.15744639002744873	-0.3395442455708532	1.3655081799508712e-05	7.511880377100846e-05	nu=10.62,chi=0.767	load_grid
0.128290894955	0.242233965642	0.7674996760022104	0.4924223590600969	0.4924223656437672	6.583670275617237e-09	1.3369965978312321e-08	0.19793665875865826	0.1519163309424788	-0.3256489540213822	1.062090534855221e-05	6.573317400070538e-05	nu=10.62,chi=0.833	load_grid
0.0964074878313	0.218389598027	0.7985988624941098	0.48593194056056105	0.48593194789927435	7.33871330371727e-09	1.510234783994582e-08	0.178031284919013	0.142175590963761	-0.303296242997986	9.174357761908927e-06	6.834927595665552e-05	nu=10.62,chi=0.9	load_grid
0.451776166727	0.37795634261	0.47556967230600966	0.5610098430677162	0.5610098522941648	9.226448605126336e-09	1.644614362367465e-08	0.2900904988837283	0.13795826694045357	-0.3595495784514701	2.333285998291182e-05	8.726537004314418e-05	nu=14.57,chi=0.1	load_grid
0.421756572165	0.366982489932	0.4983969819434253	0.5551107293046037	0.5551108298896185	1.0058501476173376e-07	1.8119807675475307e-07	0.2850623863459902	0.1420744761896634	-0.3614362376156403	7.493192349568078e-05	0.0002841491557291674	nu=14.57,chi=0.167	load_grid
0.391663925423	0.356146858938	0.5213161622864336	0.5492843732258121	0.5492845102015602	1.3697574807736146e-07	2.4937121934696126e-07	0.2799226418892691	0.14592851518766567	-0.36293504548967226	8.524852342988458e-05	0.0003282505062931138	nu=14.57,chi=0.233	load_grid
0.361496251789	0.345406832168	0.5442364217895804	0.5435531601487916	0.543553232075987	7.192719542192805e-08	1.3232778535271932e-07	0.27461822022769156	0.14945739789590007	-0.36396888166679453	6.012460634171895e-05	0.00023554704321583855	nu=14.57,chi=0.3	load_grid
0.331325238738	0.334304755452	0.5675792154486994	0.5378128109035889	0.5378128544100025	4.3506413582861114e-08	8.089507944280918e-08	0.26888084887673347	0.15261127447048906	-0.36440097537485433	4.535372867194477e-05	0.00018144941724490877	nu=14.57,chi=0.367	load_grid
0.301178239632	0.322538588109	0.5915751043558449	0.5320117935349604	0.5320118916107219	9.80757615121064e-08	1.8434881448828468e-07	0.26250398549759896	0.15529102424309255	-0.3640361929823924	6.569009715873309e-05	0.00026981786447015984	nu=14.57,chi=0.433	load_grid
0.270815113798	0.311238884152	0.6142576260191074	0.5266201936710548	0.5266202024343097	8.763254899513129e-09	1.6640559665210054e-08	0.25598596188200345	0.15724134652518693	-0.36279253378010556	1.8873542324426758e-05	7.987596986105444e-05	nu=14.57,chi=0.5	load_grid
0.240458942672	0.298898888391	0.6372921911663091	0.5212346111448108	0.5212346422937217	3.114891089506244e-08	5.975986315489306e-08	0.24847454902475968	0.1583509486178828	-0.36020391542164454	3.391349351793363e-05	0.00014923655877737354	nu=14.57,chi=0.567	load_grid
0.209872318213	0.286502733996	0.6583121793548716	0.5163978086902403	0.5163978287795603	2.0089319985316934e-08	3.890279715698157e-08	0.24034371353013018	0.1582212301634522	-0.35601389580733867	2.57646558862928e-05	0.00011893991133222291	nu=14.57,chi=0.633	load_grid
0.17901921422	0.273736927159	0.6762986497536104	0.5123170443375782	0.5123170549745161	1.0636937886054909e-08	2.0762412226514725e-08	0.23126255432469717	0.1564025716678152	-0.34962281062056416	1.7563706754190166e-05	8.61952154552661e-05	nu=14.57,chi=0.7	load_grid
0.147783450545	0.260477468507	0.6888679082811703	0.5094966885004115	0.5094966930160476	4.5156360872766754e-09	8.862935028185642e-09	0.22091833721302853	0.15218356019131662	-0.3401712242517093	1.0437903188304173e-05	5.5517828107646926e-05	nu=14.57,chi=0.767	load_grid
0.116044674637	0.245964649582	0.6927837743223009	0.5086232404045051	0.5086232533423399	1.2937834803494752e-08	2.543697072140479e-08	0.20851270845768	0.14445424109148944	-0.3260775254714773	1.58229763575641e-05	9.414896106232352e-05	nu=14.57,chi=0.833	load_grid
0.0835908866165	0.228229738762	0.6831532567089523	0.5107757935437901	0.5107758010765334	7.532743317995028e-09	1.4747651126225418e-08	0.1922293333349857	0.13132210578324846	-0.30410724945718076	1.018119246520777e-05	7.188196630177698e-05	nu=14.57,chi=0.9	load_grid
0.450279933547	0.377094161385	0.47436174633132094	0.5613246449035186	0.5613246990245242	5.412100556601018e-08	9.641657611015909e-08	0.2906443153316403	0.13787068182635834	-0.3597444896015312	5.6458079248852476e-05	0.00021058658182243303	nu=20,chi=0.1	load_grid
0.41918109972	0.36624085876	0.4954008280535802	0.5558795403504692	0.5558796011492972	6.079882808318615e-08	1.0937409460156985e-07	0.2863229947146487	0.14184479672463404	-0.3617666976142719	5.8679354315306585e-05	0.00022117411478411386	nu=20,chi=0.167	load_grid
0.388159069552	0.355069622672	0.5168620429800471	0.5504092022654405	0.550409295249154	9.298371350663359e-08	1.689355799569893e-07	0.2816619170394093	0.1455805718593053	-0.36338901730324263	7.095966910390646e-05	0.0002709734655828002	nu=20,chi=0.233	load_grid
0.357036013544	0.344419337176	0.5375447780889697	0.5452167237280231	0.5452167251080622	1.3800390830098763e-09	2.531175254640899e-09	0.27704570508832527	0.14892447530389002	-0.36456114964434955	8.608668369141675e-06	3.3340451179973166e-05	nu=20,chi=0.3	load_grid
0.326048127246	0.333032271074	0.5588145524417524	0.5399568971812422	0.5399568972106011	2.9358959707792565e-11	5.437278393786605e-11	0.2718020413045422	0.1518869360643729	-0.36509277924324723	2.143796499915221e-08	8.460505565177557e-08	nu=20,chi=0.367	load_grid
0.295198509835	0.320737967726	0.5806963083240418	0.5346292911621667	0.5346293578155911	6.665342433542776e-08	1.2467221143216462e-07	0.26578048230221657	0.1543378847089504	-0.36476064736285313	5.521357581954042e-05	0.00022341136222215146	nu=20,chi=0.433	load_grid
0.264178056793	0.309039336663	0.6006188678062455	0.5298515267997883	0.5298515575853568	3.0785568538860275e-08	5.810225165545701e-08	0.2596745211949454	0.15596547922741838	-0.36350364606364594	3.6202166124010534e-05	0.0001507246498170948	nu=20,chi=0.5	load_grid
0.233159560598	0.296804141099	0.6194362992745494	0.5254015167325268	0.5254015763638782	5.963135141229259e-08	1.1349671202926427e-07	0.25280935588528486	0.1565994079150027	-0.3608912116797313	4.820459245936926e-05	0.00020820196541364611	nu=20,chi=0.567	load_grid
0.201939217512	0.284916932876	0.6345656782219123	0.5218674168853381	0.5218674359593181	1.9073979951045317e-08	3.654947336574613e-08	0.2455219840375315	0.15579986006400132	-0.35666667714621747	2.5911681608361034e-05	0.00011706719409412259	nu=20,chi=0.633	load_grid
0.170526831908	0.272928702937	0.6446632110691375	0.5195301387910863	0.5195301473393898	8.548303509492428e-09	1.6453912353825612e-08	0.23740939180474877	0.1530491161702988	-0.3501830637252788	1.625311823547827e-05	7.783275522289833e-05	nu=20,chi=0.7	load_grid
0.138784267975	0.261084937664	0.6458049320332722	0.5192669350268834	0.519266944964483	9.937599632081628e-09	1.9137747411904573e-08	0.22837044021904002	0.14748277383166902	-0.34064861720798806	1.6269933908212255e-05	8.411769379545356e-05	nu=20,chi=0.767	load_grid
0.106479503977	0.250085781985	0.6302122450560618	0.5228804048341908	0.5228804120226016	7.188410755532004e-09	1.3747714755130824e-08	0.2184873750560204	0.137693431121556	-0.32701731518275656	1.2544836372577595e-05	7.184839094815283e-05	nu=20,chi=0.833	load_grid
0.0734246018618	0.240026798768	0.5849650388956454	0.5335998307557313	0.5335998355678322	4.812100939943775e-09	9.018182951317743e-09	0.20741682725874996	0.121331600264633	-0.30726182706293864	9.046756104597846e-06	5.9873725055366956e-05	nu=20,chi=0.9	load_grid
