u	a	grad_G	grad_R	tr_J	det_J	sv_ratio	transversality	d2R_ds2	d2R_signed	name	ok
0.3158553173371952	4.089454742392805	2.4276477739473923	0.017122534184698633	-2.158722727268656	0.00010212635117418223	8.72568584566337e-06	0.7096048157015956	0.006073749385170262	-0.006073749385170262	draw2	True
0.26473110669938055	0.014933387775619509	0.5778825401605251	6.426188887050444	-4.39862222756382e-08	2.5705715069697264	0.054479813918004764	0.06420099791388943	37.68191550367339	-37.68191550367339	draw4	True
0.360942762632814	2.029973308577186	1.337059425819164	0.13322143624696048	-1.4748628092294334	2.073896824732633e-05	5.25109793101991e-06	0.6727941327953653	0.005289496685631825	-0.005289496685631825	draw5	True
0.1972554477126173	0.030024693629382693	0.019755287780202385	0.2175936566740646	-0.23823780680607343	1.822310408327092e-05	0.00032125513147879514	0.08294572059430014	9.763779337754583	-9.763779337754583	draw7	True
0.17856184430400912	0.03193634624499088	0.02846269478115786	0.15825774433559558	-0.11569825601268667	1.3057120134180409e-05	0.00036600602078416675	0.15069372854550045	1.6791434095431201	-1.6791434095431201	draw10	True
0.11065139529335631	0.016898208952643694	0.3986957510864155	0.4174582005969375	-0.1024443209275388	7.806504948896609e-05	9.461678690416507e-05	0.43893213492781286	1.1368381886195864	-1.1368381886195864	draw11	True
0.27376389596837075	0.01353996398762923	0.031063254389492423	0.3953421797405342	-0.39659529357008017	0.00010175305937483968	0.0005566797833980238	0.07265462413616738	42.912737542809744	-42.912737542809744	draw13	True
0.02287621158343784	2.635515724896562	12.575307354881623	0.3918756237393445	-12.056081472105154	0.0008606969172733514	2.807465394123794e-06	0.7182087477765492	0.012805066509042097	-0.012805066509042097	draw14	True
0.7270619993820747	0.028895171816925212	0.003801534054886135	0.04474246855075202	-0.04846355453543612	5.725318311803011e-07	0.000241475802414393	0.07807173141247578	0.8198322424699817	-0.8198322424699817	draw17	True
0.7692779550118589	0.4959521634181412	0.18940478694894683	0.0113955487202744	-0.1830836489807556	1.0826827706671644e-05	0.00016025140557190482	0.7286873947874909	0.05133840267886632	-0.05133840267886632	draw19	True
0.44618872046673036	0.009185214372269645	0.1265389562947021	0.40838731563324293	-0.170210635812519	2.5418774790838202e-08	8.412405533263759e-08	0.23020091269669785	4.911175127410904	-4.911175127410904	draw21	True
1.0880950713454753	0.010781659794524667	0.15266664975151745	1.3992934137868391	-1.2389771870957578e-06	0.1383341740916821	0.0595762602278705	0.08069344230954537	240.95279597783974	-240.95279597783974	draw22	True
0.9115924754858484	0.19087905443415165	2.1971408651921895	0.08190504945315366	-3.1355028874748334	0.0006830397405150875	6.815760134369036e-05	0.6940520853159798	0.4783897688782965	-0.4783897688782965	draw23	True
0.15464003979144583	0.9468668616185543	3.782876835310033	0.10110423778769205	-3.12255124656327	0.0006701136455011957	2.279649758230685e-05	0.697721385662951	0.2701558907238362	-0.2701558907238362	draw25	True
0.10467604947829279	0.6921987721837072	2.5182886247157112	0.06451783383171093	-2.1761332491128265	5.7412381249768685e-05	4.412038072529942e-06	0.698107573288341	0.26398457167544565	-0.26398457167544565	draw26	True
0.7558082070820442	0.7607837022279558	0.0971706299225764	0.022219701492619537	-0.0342202324035025	1.7386168182541651e-06	0.0001154477348811742	0.7918187589380254	0.00853115614002833	-0.00853115614002833	draw28	True
1.457877133628452	0.08714503919154812	1.111349317981832	3.9839150310884377	-2.660056338976702e-06	3.4544452621106867	0.14781526273754977	0.17802462573376068	55.09706794283661	-55.09706794283661	draw29	True
9.85166809326914	0.013270707600859633	2.7321681229393158	0.12359086225863561	-2.748925555718974	2.0155527538460525e-09	1.2903606411285755e-10	0.691298296526073	0.0014820685406512141	-0.0014820685406512141	draw30	True
1.7674756689475875	0.10066925396241251	0.10238935560684274	0.06681616943424454	-4.2495831392014294e-07	0.006727265039353684	0.25685356920792013	0.5982578295611416	1.4629296753372665	-1.4629296753372665	draw34	True
0.3478020040165335	0.0037200849034664447	0.06913874050369805	0.25612681076703236	-1.6605095544616755e-06	0.006960579951982576	0.06488509193041163	0.2012963862493425	48.2756950390007	-48.2756950390007	draw35	True
1.5926029823305363	0.014860202859463765	0.3723116998813987	0.0052507648761285315	-0.3937731630065866	2.6138940235478796e-06	9.562453082094811e-06	0.7121104437523441	0.003340969347094751	-0.003340969347094751	draw37	True
1.1468078129077517	0.04894755301224832	0.013143447865238191	0.02025866562023734	-0.033035844324809494	8.759769254778407e-07	0.0006798698704078638	0.3661636449992056	0.7018990317926606	-0.7018990317926606	draw39	True
0.29462916431149044	3.0467230801985092	1.2896931880477824	0.1354488932696374	-1.0263735927452915	5.211836550089283e-05	1.7398373232431528e-05	0.7451527935608123	0.009316021870265322	-0.009316021870265322	draw42	True
0.9128091579486831	0.00017963590731678058	0.03414418804523642	0.007314356465287184	-0.03425551637406091	3.3243476905333884e-07	0.00011524321982092343	0.6357278785519773	0.043686607681304335	-0.043686607681304335	draw44	True
0.0021061550073416084	0.005532952737208391	0.0007869168019510765	10.114888113118354	-10.11566498179697	7.304240228826048e-10	7.138144047929646e-12	7.7791822814272e-05	13339504.843771767	-13339504.843771767	draw45	True
0.6543266225004158	2.294178039459584	0.5152868604863782	0.004818232084070215	-0.35894570795551073	5.903232732247002e-07	1.122076894184044e-06	0.7104204025009789	0.0004915079240012635	-0.0004915079240012635	draw47	True
6.190325374343615	0.012356064026384514	7.180312293716102	0.09067046938561087	-7.223380883186099	8.265660969398924e-05	7.915474453213087e-07	0.7026564141660447	0.0028434429352021443	-0.0028434429352021443	draw48	True
0.4558827221462405	0.6456131847937596	0.3074001231904127	0.1627799014639188	-0.47673070390929717	2.5844688494671873e-05	8.189997046209726e-05	0.5472178499329104	0.03387947256020358	-0.03387947256020358	draw49	True
0.03270532865746603	0.000746574938633972	0.00038261012446573164	0.42670528593466084	-0.42706499828990596	4.460349204901019e-09	2.4453103502673374e-08	0.000895857677951999	26754.01515677572	-26754.01515677572	draw50	True
0.08283015916884666	0.9777708463911533	2.448214949555105	0.05671931246038959	-2.171549963879075	0.0002728022562041474	2.3290537154917706e-05	0.7153446261200526	0.05851441635165758	-0.05851441635165758	draw51	True
1.2750463425789387	0.04537511096106137	0.500571490623955	0.18573957676692954	-0.6740911681279211	0.00016662662120199621	0.0002309145277913007	0.5892770454511984	0.5691800272545683	-0.5691800272545683	draw54	True
0.3899344471588507	0.8430149375211492	0.28560139437224347	0.021332695538692385	-0.2009600620177773	2.1356212582608096e-05	0.0001214963243895195	0.6812080506143986	0.0443403781118006	-0.0443403781118006	draw56	True
0.009662359573778055	8.510003610226223	39.01587303568259	0.500268903689067	-38.451132955965946	0.0007463035207395897	2.482968946903018e-07	0.7116545463042002	0.002933525173756161	-0.002933525173756161	draw58	True
0.007650637857469298	0.0167311476963307	0.013198584843838759	2.3662590552176836	-2.3794411706725476	1.3756906975723612e-09	2.4296934508953627e-10	0.005546802590832205	13728.298126056414	-13728.298126056414	draw59	True
0.008927797753304094	0.5323662877286959	0.37325198311336316	0.11416607131262216	-0.4761966789599203	0.00024252066488884548	0.0006434754546080266	0.6079860125666356	0.0018183665234105194	0.0018183665234105194	draw60	True
0.7269447235967994	0.03305129380820058	0.0007945007148639674	0.031572388933433664	-0.02990904544692857	4.848065266915977e-10	4.624927417851655e-07	0.024539320009733415	3.736304720307387	-3.736304720307387	draw64	True
0.037828756172560186	4.61968844679744	10.725577098592826	0.7288469633917134	-9.843338895017464	0.0008182887361384366	3.806478912504957e-06	0.7315248719392935	0.013305716384609846	-0.013305716384609846	draw65	True
0.5461875136743457	1.8775092837556542	1.137955326102862	0.04753177986113685	-1.0622769687216358	0.0001367346873685266	5.063644450400776e-05	0.6924963091126901	0.048463874388044274	-0.048463874388044274	draw66	True
1.183423686017759	0.010599781052241216	0.043548163827286705	0.0057043477984301755	-0.04623122929730094	7.760684488257922e-07	0.0001795519624534418	0.6623917324843183	0.04007813555868367	-0.04007813555868367	draw68	True
0.16564556550384274	0.034983905605157274	0.4562272003289123	0.07559115279086213	-0.6951063252956952	0.00017128798230955824	0.00034887446843462317	0.6511068817200724	5.959667627925136	-5.959667627925136	draw69	True
1.0914600059745214	0.04576958635547853	1.55719854485762	0.060157638230296406	-2.1583029487278402	0.00014532896584054428	2.8831061542636037e-05	0.6935826402010643	0.686770850714765	-0.686770850714765	draw71	True
0.2864180742571767	0.7457728363528233	3.9293003427112096	0.024749967517024785	-3.305371720683003	0.004577476289366152	0.00014917571908248744	0.7093347554866214	3.2769493358181805	-3.2769493358181805	draw73	True
0.0509483539748926	0.008542805883907397	0.0071477390805801955	0.7313567000208872	-0.7365477639252545	1.0107102668231073e-09	1.85301858671617e-09	0.009678214428116175	1317.97215764738	-1317.97215764738	draw75	True
0.7303785789164757	3.0043514973435244	1.439578179951343	0.1058999415642777	-0.9754726305134804	0.0001391028009699976	3.612043607267387e-05	0.7335737967598775	0.024060128491678625	-0.024060128491678625	draw77	True
1.1540944108785085	0.24063814915149168	0.006763179257584181	0.1207123856338529	-0.09192411705760645	1.9044811804977971e-10	1.168697350491198e-08	0.05298019902129551	2.4378049089196048	-2.4378049089196048	draw79	True
1.6340927612863825	0.29720842947361753	1.8324971847819451	0.47107370631863865	-0.0781412799013288	0.0012078795700768258	0.00023177101591524666	0.8027144002407025	0.9024986302494633	-0.9024986302494633	draw80	True
0.8289699943875677	0.6317856351924322	2.6126968990494146	0.18367462021147885	-1.8881762985353003	0.0013882374415525231	0.0001090838088500286	0.7323813857616485	1.2213186590917382	-1.2213186590917382	draw82	True
0.037965717406632384	0.027137309452867603	0.024505805527251442	8.412146068636856	-8.435724852262979	2.7444108528613173e-07	3.855717495738766e-09	0.002904671488033965	102257.17248728	-102257.17248728	draw85	True
0.004079678438945879	2.185515178891054	7.026797769386698	0.01821770604120984	-7.017549822555671	6.645988393129145e-05	6.712568347761523e-07	0.7061907521451455	0.005727203994638036	-0.005727203994638036	draw89	True
0.03516022461323642	0.19860164028476357	0.007905033032351638	10.212248484890052	-10.207239714352538	2.669363759955967e-09	2.5555987169587445e-11	0.000773474748208259	33741.62362595162	-33741.62362595162	draw90	True
1.5176155377732714	0.24905460476672858	0.33251835568860655	0.13870679669473016	-0.5760081174874094	0.00040454576718908854	0.001216248975243284	0.5765571895473641	2.991858853021392	-2.991858853021392	draw93	True
0.7932160947591101	0.20485831151088985	0.6997343038807042	0.0021637856093660833	-0.6379876524258561	0.00021829562250561644	0.0002222387293966537	0.7060257061395684	3.149532545898497	-3.149532545898497	draw94	True
0.02214512221373689	1.210805297186263	5.108543884223197	0.038056259452783014	-4.948624662592794	6.681820469621328e-05	1.28975081251418e-06	0.7097454749155011	0.02848955610942415	-0.02848955610942415	draw95	True
0.29890069372418665	0.4646830223128134	1.3067898948554983	0.06210684272997432	-1.450387623009115	5.8043919443018174e-05	1.6206241605651833e-05	0.690507748957881	0.06316186101284801	-0.06316186101284801	draw96	True
0.6512356715342464	3.073929120915754	0.8121313825680332	0.13896824968651417	-0.47202351614969734	6.403794717594709e-05	5.755154200428276e-05	0.7699031098012851	0.028755004248958924	-0.028755004248958924	draw98	True
0.14208284354373327	0.1976759773312667	0.59611217104487	0.5473129840771643	-1.2898984159549907	0.0007006669925355738	0.00042138564640615075	0.46228721935130884	2.947386653707408	-2.947386653707408	draw99	True
0.0005506891027034823	1.7110671391972967	6.511428573436399	0.2378054239085012	-6.745249370999772	2.3720162015455707e-06	2.6969789251454183e-08	0.6943144946340211	0.000986053980320994	-0.000986053980320994	draw104	True
0.38683133039486733	0.4835888998511327	0.13309924449928462	0.07770164094633145	-0.2030082654527136	4.890989219497745e-06	7.869346454742886e-05	0.5338835838686444	0.0576970254131961	-0.0576970254131961	draw109	True
0.034201718838500324	0.007452538642899679	0.00024940565506839765	0.8008314540410532	-0.8006912267302118	5.103572126315569e-10	7.952826432430551e-10	0.00031133641493546343	175729.29657366493	-175729.29657366493	draw110	True
0.08470707151739905	0.14201323518560097	0.04663484712460328	1.813876903900523	-1.8600503090225895	7.974548119156109e-09	2.302334776580501e-09	0.02505773157931368	469.93186923982	-469.93186923982	draw111	True
1.0625803366120505	0.00364403856794948	0.8744901422552814	0.007993908811650146	-0.8994149764952215	4.587721774962131e-05	2.9722641134370526e-05	0.7038823591094077	0.11918172246804577	-0.11918172246804577	draw112	True
0.07979986186030814	5.004568176919692	23.751888628106997	0.7952042036695942	-22.46665663173187	0.0034408470735563523	3.1533799900274424e-06	0.7190409366013985	0.04400232522516515	-0.04400232522516515	draw113	True
0.00014869483588897262	2.556798770794111	34.21546186530507	1.5880023918700579	-35.801154904914945	3.565589760889078e-05	1.4538083191193803e-08	0.6908922079730211	0.00026146628978172544	-0.00026146628978172544	draw114	True
0.016769405450016144	0.19849612761898386	0.016993313505431575	0.017269882119252417	-0.03370628330361183	9.99252074386972e-06	0.0068332840293832565	0.44433862303456	0.0028686003971607	0.0028686003971607	draw115	True
1.1094883413584273e-05	1.0161572717541044e-13	0.758623769336563	18.024092766409836	-18.770376282591517	13.664143582201236	0.04211680446110152	0.0002482566259783079	110375.81035190559	-110375.81035190559	draw116	True
0.49547847715364557	0.0844777486463544	0.04858394155290605	0.9145297282702932	-0.9641126296289311	8.784939983126297e-05	9.446698617518545e-05	0.050380516399642035	14.059308330406656	-14.059308330406656	draw118	True
0.22202573699577977	0.8836395684142203	0.12814868369697624	0.19708150316252393	-0.315117814363517	6.537109574811221e-06	5.349658783842556e-05	0.3665931152955297	0.0305161060571016	-0.0305161060571016	draw119	True
0.053906768482458456	0.14661068694154156	0.8646736960569307	0.02183463397570402	-0.37326870738441587	0.0001483417947520816	0.00010174059157637709	0.7160900021057561	0.8166297724191184	-0.8166297724191184	draw120	True
0.5853284992417841	0.014436105831215844	0.40678652551974487	3.2324090750843384	-7.87206365754356e-06	0.699926105943881	0.05397370677848925	0.09937794770787522	307.3220974456037	-307.3220974456037	draw122	True
0.01386778010802337	5.887476635051976	55.946543879511566	1.6076659808150096	-57.40758703515409	0.00527104255310281	8.181668960550303e-07	0.6970211454562071	0.012374976792320162	-0.012374976792320162	draw125	True
0.2237578903656755	0.17514344948732452	0.01979788134192548	1.9929120063342427	-1.6588854885356963	6.174537616670129e-09	1.5240529719437716e-09	0.00983595487671216	599.5229658888736	-599.5229658888736	draw128	True
0.40006962118762	0.03281323585537999	0.002895345760775219	0.23123737910609252	-0.22920107718551994	1.1616297932671423e-09	2.1187372104998898e-08	0.012365312890402711	39.91229216072057	-39.91229216072057	draw129	True
0.12560541694057045	4.125898636039429	4.899758274853362	0.37361020526823596	-4.297638830043325	0.00019820166785875033	4.454605970199646e-06	0.734557250839098	0.010556652042035772	-0.010556652042035772	draw130	True
1.4938374800594245	0.06989419316057546	0.12343543261638443	0.2075766026006153	-2.3108642235869503e-08	0.023790140855665592	0.276597337792125	0.33011670975313834	2.8925533970900554	-2.8925533970900554	draw131	True
0.4975063766182624	0.43516209773773756	0.7039848690866208	0.2104924886540652	-1.0712918597078376	0.0005896336928549946	0.0004427141611226623	0.6100055888428622	1.0498931588090687	-1.0498931588090687	draw132	True
0.7873978226808556	0.049239602685144435	0.31365179315475405	0.4690779101467146	-0.8177871536195707	0.0006438784316795758	0.0009055448115739747	0.3719629644062022	7.242363252318848	-7.242363252318848	draw133	True
1.0212928659114644	0.0032720420285356814	0.10238732678072675	0.0014177388107354252	-0.10432894874996321	9.783541796849356e-06	0.00046022885717717903	0.7022391335527596	0.08813166180552671	-0.08813166180552671	draw135	True
0.6754727317132514	0.0011261650127486849	0.006575585990464362	0.2678582663276829	-0.009096392709514647	2.2085407546801547e-06	2.9307630479023992e-05	0.023953654505062233	1.872620520164207	-1.872620520164207	draw136	True
0.4647614533274797	0.2824434793015203	2.3611642101843135	0.0370105540902156	-2.3802064043609916	0.004218935259417822	0.00037249564034079556	0.7015931290531332	3.1691520708289147	-3.1691520708289147	draw139	True
0.057678159969571055	0.001223822457328941	0.00020642051510611536	0.18753642866486828	-0.1875871162099786	4.316950020745004e-09	1.2247563132005408e-07	0.0010994846934479438	5514.536708560089	-5514.536708560089	draw141	True
0.48307102654686607	28.077158376853134	1.228083883702871	0.395894111745447	-0.8109713889888636	1.2294707897857198e-05	5.586650239383751e-06	0.8278366809525793	0.0002656047466843546	-0.0002656047466843546	draw142	True
0.023736728418205212	0.0073771918674947895	0.01685323057165817	1.97004883778296	-1.9850828870773773	3.7359441370707763e-08	9.462724695955438e-09	0.008481859577258166	13138.705077888413	-13138.705077888413	draw143	True
0.8843841784159914	0.00011907452100873434	0.4206328408992808	0.005699344298327672	-0.4214275131462088	4.4655041957210376e-06	1.2449441959692448e-05	0.7023326665574652	0.0231157886371259	-0.0231157886371259	draw144	True
0.06515567801984608	0.032540574151853914	0.018551207343928698	1.6480406669543815	-1.6630510745860216	5.107456867632815e-08	1.8386216943843644e-08	0.011130534385968482	7174.247349331423	-7174.247349331423	draw146	True
0.396869879711317	1.4088863683005056e-05	14.463066892136075	0.6574406702126782	-14.464464524406678	0.004323191637517665	9.87458562231083e-06	0.6912220618415189	0.9439637441416592	-0.9439637441416592	draw148	True
0.0989563147021381	0.02331955733086191	0.005986009480901733	0.7307745705337487	-0.7364631969177572	5.520949478207499e-09	1.0170266729464867e-08	0.008124500792953468	1130.1975659008724	-1130.1975659008724	draw149	True
0.8475840052650327	0.07224243022496726	0.016891540469502538	0.12642115570362383	-0.14398745968389634	1.4674338472131789e-05	0.000704692681149318	0.11705288174879623	2.9282043089805527	-2.9282043089805527	draw150	True
1.291480634694835	0.13026870404516497	0.08364509866669445	0.028842882533208974	-0.09250370169434358	1.263080831968699e-06	0.0001263107872266379	0.8364599371455013	0.27571428751856053	-0.27571428751856053	draw152	True
1.0176371763250696	0.00232599630493045	0.024257100191418055	1.5824016836067294	-1.4433435890220947e-07	0.017568844393130285	0.006827339772492431	0.013492729683834978	303.2494247409462	-303.2494247409462	draw157	True
0.5467208357759393	0.0006602737000606962	0.03673874702491739	0.1627568922204218	-0.037879818882923896	3.902808685055305e-06	9.484749801516659e-05	0.18111256915246596	0.7074455111666744	-0.7074455111666744	draw158	True
0.2337855176522027	0.004392087871797289	0.007694943192704382	0.6571221992419829	-0.29189514766580893	3.3749230277579243e-09	7.634863508218403e-09	0.011573750576595246	280.92878392572055	-280.92878392572055	draw159	True
0.35370124315240853	0.29557028089759146	0.03065027592101312	2.629322135498886	-2.530145497978206	2.5982162664348897e-08	3.671667739250669e-09	0.011522014743480595	273.79726270454023	-273.79726270454023	draw161	True
0.3223799378887243	0.19482664966927568	0.003256226460470439	0.4370488122406501	-0.4161772991562793	4.6531504751637576e-10	2.4000264863278155e-09	0.007395185456767577	680.365273205113	-680.365273205113	draw162	True
0.028348850785012866	0.07141370803628713	0.034555355112648324	14.688749882800884	-14.618983551510519	5.718239240440171e-10	2.6378450781298706e-12	0.0023469770807082605	93881.34227448022	-93881.34227448022	draw164	True
1.2780298178104728	0.6675696079595272	0.4204735045805005	0.003112234678188021	-0.3446749865356589	0.00014410737124595776	0.00041055733258297665	0.709712422827261	0.6284374628572152	-0.6284374628572152	draw165	True
8.230761978384898e-05	2.5351263330202163	67.23460867640144	0.5249214496253165	-67.75629418038429	0.00010483858870698296	1.1505745676657872e-08	0.7043518885658907	0.0006050515976849506	-0.0006050515976849506	draw166	True
0.21869865480981227	2.7962387404301876	1.5577632855402017	0.19008578452654692	-1.1511561770429584	9.133778242512875e-05	2.1255342497778943e-05	0.7514676439395154	0.01793672018466458	-0.01793672018466458	draw168	True
0.8524347186546969	0.299280864825303	0.3596774646242099	0.03297742645710864	-0.40168296218664173	1.6555274994705514e-05	5.838661615595378e-05	0.6754631807713313	0.03925856404905808	-0.03925856404905808	draw170	True
1.8762367423381792	0.010949743781821094	5.209622020405158	3.288198921405162	-5.234756769894545	0.004075391590493697	0.0001321804550783716	0.9382210294195678	0.2513841359938736	-0.2513841359938736	draw173	True
0.014563564508416341	0.07244809074998367	0.05454199972585502	13.40227569961727	-13.456560035188225	1.587564814002181e-07	8.766769587020732e-10	0.004053079483028778	19444.264712633547	-19444.264712633547	draw174	True
0.005745467616539191	7.380717482633461	4.682395105573987	0.025674293567727522	-4.650734718985222	2.0288472742446304e-06	4.652265992631573e-08	0.7090480188357974	0.0002763365202896997	-0.0002763365202896997	draw175	True
0.22927816021117386	0.054602885542826184	0.07720231640883617	0.38016333723031004	-0.4509793352674108	1.0303934992090093e-05	4.789330528508661e-05	0.1664432410245731	6.142359405743314	-6.142359405743314	draw178	True
0.6322858798679212	0.14466558154007877	0.17588566285020799	0.29089927326483356	-0.374318216766947	1.6985743069763033e-05	6.826410401779661e-05	0.3526016616169429	0.4823765115088788	-0.4823765115088788	draw179	True
1.146027384817835	0.11604034129216498	0.01863170328627929	0.10904202500605205	-0.07796202208332734	6.30255151631292e-06	0.0003785839364620494	0.14440225891362468	0.5362668203277109	-0.5362668203277109	draw180	True
0.8581573464709248	0.005759566627075292	0.416488995780787	5.821316619065012	-1.1692535402674231e-06	1.9543098725703736	0.052817422906003136	0.043631014680456645	1530.7355732005315	-1530.7355732005315	draw181	True
0.7990306724935899	0.0001971948014099845	0.0021466697842948235	0.00825998556021298	-0.002203806433668291	4.342414825081733e-08	0.0003846028071508631	0.202024973672243	0.11324161142940922	-0.11324161142940922	draw182	True
3.2791298751281306	0.022681775191869483	5.010785086750375	0.06357484913690073	-5.15285115866913	0.00012675487508864068	2.4923734419487575e-06	0.7026353534240989	0.006927850210415156	-0.006927850210415156	draw183	True
0.31926393255589286	0.060954054456107146	0.2751768333099795	0.05027914391655734	-0.12035153467994364	1.6509904601424137e-05	9.089161867860404e-05	0.6456564637031271	0.4377692451541078	-0.4377692451541078	draw187	True
0.5059772794703377	6.421495766228807e-05	1.1523056509674272	0.3774574405380537	-1.1536903741846845	0.0006761554420232819	0.00018433980658693426	0.6016639192704797	2.3111433654575775	-2.3111433654575775	draw188	True
0.23419368768390095	0.318030917610099	0.0360957430645844	0.0620727545364408	-0.08878360471092485	8.971057575628237e-07	8.200268308470102e-05	0.34510256325534433	0.04223063882770766	-0.04223063882770766	draw190	True
0.9684783828741315	0.00104886206686846	0.5012251364996609	0.02933653302026909	-0.5077256161472977	3.7927048429595835e-05	7.119479335418473e-05	0.6867243321013821	0.2350155976468729	-0.2350155976468729	draw191	True
0.03844765095781172	2.306697700282188	6.6620340063699075	0.0181049928404302	-6.538541978921582	0.000504544540174228	5.668596987132163e-06	0.7061466132903579	0.02741241225245117	-0.02741241225245117	draw194	True
0.7459210766847268	0.5331493558752731	0.17532608151151108	0.012982322974130373	-0.17148017962022377	2.4930036090933654e-05	0.00037659229327495643	0.6814292186699324	0.27223505364162276	-0.27223505364162276	draw196	True
0.7740499511246535	0.15461972620534659	1.4538146844053639	0.15218475710240414	-2.1598969900368274	0.0006021543651348945	0.0001283142538031282	0.6711082513581862	1.2155118854628055	-1.2155118854628055	draw197	True
1.8418874256954205	0.019649432654579583	0.3806560154527056	0.17934352120852387	-0.4498244461598781	0.00017912666229151874	0.0003906814946851957	0.5621651639116895	0.4197134893654831	-0.4197134893654831	draw198	True
2.227579678416144	0.0210296407338557	0.2801064865661626	0.036144499480440136	-0.29979808179224143	1.1947647233705419e-05	6.694323044109512e-05	0.663033241095318	0.018199412289951002	-0.018199412289951002	draw199	True
1.6092428741271902	0.2922619578228098	0.49057987291443944	0.061464993003013134	-0.3436813929388529	0.0008289926892719701	0.0019513544702444985	0.7526651836476372	2.8252608175913263	-2.8252608175913263	draw202	True
0.5064294472187267	5.941446327325663e-05	0.09103846389908786	0.14745559947303566	-0.09146995711115545	3.011107293789318e-05	0.00046205696447425255	0.3566229170016282	0.7579396838072366	-0.7579396838072366	draw203	True
0.3929692750376115	0.009433851544388559	0.1295471320893094	0.2979490232173249	-0.15489678727595876	0.00014037210794614084	0.000703496802087625	0.2900128796662384	2.5508041886900896	-2.5508041886900896	draw206	True
0.24440134585817494	1.828936345191825	0.4176876126454753	0.033006729560463424	-0.31519652475271037	8.562820914065915e-06	2.655613159544167e-05	0.7355726466832768	0.016962410549126207	-0.016962410549126207	draw208	True
0.1845058420887034	3.8965616091512967	0.5106812829661158	0.04703799938175896	-0.42600283002998984	2.1856331925738415e-06	4.593978149806812e-06	0.7403818516229214	0.0015756003293428975	-0.0015756003293428975	draw210	True
0.04987444008164539	1.8374030491883546	12.812251226258383	0.28079716666024174	-12.696263101591684	0.0015063104737035853	4.4886550330675896e-06	0.699401102948701	0.0792039248784879	-0.0792039248784879	draw214	True
0.5526568010189257	0.042100154766074344	0.06264038779800049	0.2090905723559044	-0.16891426474501614	6.530286464414543e-05	0.0008397877639648053	0.22463126910880715	3.0701036809026423	-3.0701036809026423	draw215	True
0.059520080092806474	0.0021462850824935215	0.011484982834698558	2.6948002893783563	-2.6924560023495077	1.1877193037799116e-07	1.6216564192472126e-08	0.004243780039254511	22915.397343899876	-22915.397343899876	draw218	True
0.18532361660663604	0.4870713613863639	0.047896853797642226	0.18032259628131192	-0.22848586656802164	1.631981950209941e-06	3.0011680803050576e-05	0.20539717500918964	0.03622174776676621	-0.03622174776676621	draw219	True
0.6764849427089081	0.0065266874000918665	0.1870135930258824	4.322164887320683	-1.762208533664933e-06	0.6801597567889727	0.03470038985892017	0.024101663786272955	1716.6166652066804	-1716.6166652066804	draw221	True
1.709127457895741	0.04092078896425902	0.06421394096855428	1.3492766485149272	-1.153516497529039e-07	0.06658277859442908	0.03436731312637055	0.030795361867547676	23.654806914949898	-23.654806914949898	draw222	True
0.1675742210626754	0.2391973057033246	0.011708486711690565	0.19139996700793574	-0.20308401414343127	6.988533009524713e-07	1.688453890620952e-05	0.057550929316540524	0.1485145287080655	-0.1485145287080655	draw225	True
0.6456456963003114	0.00903584229468858	3.2419711628229573	0.5285239390360964	-3.4202724936663955	0.0009539271723379916	3.857834743943773e-05	0.6519635971488874	0.8560176970195085	-0.8560176970195085	draw226	True
0.7976028493245402	0.006254979224459869	0.07249722554441633	0.062085341990901044	-0.07566946084308629	8.352259995094644e-06	0.00035741845246793473	0.4742504739149682	0.1229584411938222	-0.1229584411938222	draw227	True
0.28305982331344764	0.2908407909875524	0.14970515356129177	0.013221219598238989	-0.06681130410884822	4.145992610504229e-06	0.00010102442903542433	0.7389851132152395	0.03748984088643389	-0.03748984088643389	draw228	True
0.07223077573314451	0.2129698313958555	0.047675414093600564	1.321881674798397	-1.3667491365282118	1.0163887424025327e-05	5.412197165016609e-06	0.03478975339540673	1.2720205550174177	-1.2720205550174177	draw229	True
0.00031115384932297766	3.637985282050677	70.98699136584932	0.007669692893994832	-70.98391010737238	0.00029888493693651206	2.965306365906454e-08	0.7070685830273441	0.0009256404616759265	-0.0009256404616759265	draw234	True
0.0011910442131048348	0.7803463110108952	2.2337848254451385	0.10366952557559912	-2.325929410274698	3.5433203603190733e-06	3.389605970338804e-07	0.6908929076660134	0.009795855863000125	-0.009795855863000125	draw235	True
0.0008917742335680854	0.0005669679549119146	0.00033341109893117747	4.857384374342643	-4.857717248534249	3.6263244375684923e-10	1.536746008994199e-11	6.863533718180061e-05	45018174.63391918	-45018174.63391918	draw236	True
0.7760159985206049	0.022308970512395023	0.02988592376285292	0.10873566779727288	-0.04797237138939309	6.130498767844607e-06	0.00030486190654140365	0.2107511368617752	0.28832704735010356	-0.28832704735010356	draw237	True
0.007569614303547578	0.18754447102645241	0.092386208742178	1.5340443922760718	-1.627390234738698	4.41452073486132e-06	1.6634641841867434e-06	0.05671162503741246	0.20772164083145478	-0.20772164083145478	draw238	True
0.7214408131191151	0.005271300690884893	0.12217407332928343	0.7781232642325525	-0.16501026635194288	5.219555244615695e-05	6.323194380100949e-05	0.13447158489552835	0.7431353987311642	-0.7431353987311642	draw239	True
5.225676410929986e-05	1.8760013742164221e-13	0.2636104303233807	3.832754781946448	-4.085456545479921	1.0074784989590733	0.06897459125186156	5.330228569470763e-05	3788.101808783763	-3788.101808783763	draw244	True
0.08959382771029811	0.3344312577127019	0.8887219813626129	0.3805749629106855	-0.9714894933181175	0.0001422296734765715	5.9239126775089944e-05	0.5735550896816716	0.4345949978996629	-0.4345949978996629	draw245	True
0.005038831432895131	0.01709777791530487	0.05510172194995958	0.20816845479250703	-0.2632048349095953	9.105777001121858e-11	1.258618664330902e-09	0.20485838735695341	17.6311030978463	-17.6311030978463	draw248	True
0.0012074307468977077	0.4207133892961023	7.066013823867853	0.9967768739573529	-8.044635505909874	3.8120213648954276e-05	3.3166139275598904e-07	0.6590893282862357	0.005836789460110772	-0.005836789460110772	draw249	True
0.11648684009959882	0.16814634271540116	0.02559199455669402	0.08460617436830731	-0.11166737570366773	2.2643509922713144e-06	0.00017692199528131453	0.2262158597414354	0.18624814134349854	-0.18624814134349854	draw250	True
1.0779979861619877	0.23047214129801225	7.100380347629132	1.1307550093989656	-4.098993507737854	0.02742667938095803	0.0003187224841527476	0.76542269265482	6.747806163113651	-6.747806163113651	draw252	True
0.3738441851227741	0.09420580855922588	0.03279154498662438	0.030567278422550855	-0.0704079433231145	1.7258472305509001e-06	0.0003390914108252302	0.45964125896002006	0.41043600740633407	-0.41043600740633407	draw256	True
0.2640300992929083	0.2775362581560916	0.17446222326917907	0.5608603406495952	-0.7516419218623569	0.0001182267955128886	0.00020700281479972763	0.23085081051118014	1.48854537758546	-1.48854537758546	draw257	True
0.10730695814694476	4.774917656003056	5.886430142234112	1.3645652729600817	-4.366092848116483	0.00037945326082249	6.886963811877887e-06	0.7930247654115576	0.010418589324682237	-0.010418589324682237	draw261	True
0.4438917124136104	0.20542039987238964	0.09162089523287753	0.0795777813414575	-0.12247882232014262	3.950335531283674e-06	0.00010477406243081022	0.4718505022789921	0.027495899279199605	-0.027495899279199605	draw262	True
0.1687865361753734	0.6390698000576266	0.26953415024080696	0.23531535044232266	-0.4938182055521632	3.3716241520612856e-05	0.0001029435488799996	0.47097058155918203	0.2643245174170903	-0.2643245174170903	draw263	True
0.6207821557731809	0.39502138067681924	0.02084859055934803	0.01881120041821537	-0.04359556537482315	6.000630913329827e-07	0.0002989014513528297	0.4653097841217322	0.033580152351639636	-0.033580152351639636	draw264	True
0.45682324196340396	0.0008358784595960604	1.6313542564356773	1.263038138621574	-1.6348707363751767	0.001188396840030825	0.0004248866768951225	0.9754479289720827	1.6360084585010493	-1.6360084585010493	draw268	True
0.339016577350831	0.0016595091891689557	0.00047689745433718625	0.161380634611383	-0.1550996956284526	2.5474095063358673e-10	9.723646711599147e-09	0.002946389827633943	497.1971702809208	-497.1971702809208	draw272	True
1.4665486464282316	0.06984139386176827	0.7215550069220082	0.9035003024539029	-4.2639996533644364e-09	0.6359761649464861	0.32862973869338313	0.424890708301249	14.412244852956213	-14.412244852956213	draw273	True
0.08552079106736496	0.741513045370635	1.0337633690685941	0.11882134889610695	-0.9830490469763726	3.984014711845802e-05	1.662001764445283e-05	0.6676923684413383	0.06351291562892	-0.06351291562892	draw274	True
0.05070535691740511	0.2018068581525949	1.435496525081871	0.3244729763325165	-1.4410299723305446	0.000287481798730171	5.573358743828374e-05	0.632055867124662	0.29195132782632977	-0.29195132782632977	draw276	True
0.5366896940870675	0.010411011664932537	6.61185314126499	0.14428931528817937	-6.935943175681492	0.0034433968320964478	3.8533100246745026e-05	0.6994338338739822	0.36396820635339944	-0.36396820635339944	draw278	True
1.337404583927864	0.08780931058213581	0.2121336681906836	0.2040846519429836	-2.6199850014507753e-07	0.03812114767173052	0.2326989828193869	0.48287695401909303	1.5270105767612712	-1.5270105767612712	draw279	True
0.20481665314717235	0.7434895201548276	1.5476219849636383	0.18043291012643636	-1.0085645869068647	0.0008678112703564398	0.00016126410221984977	0.6671463159536687	0.665465464450644	-0.665465464450644	draw280	True
0.1987851253141685	0.0025185965338314926	0.00020817330730344802	0.2631605655741706	-0.259465591758177	2.0320433850198633e-10	2.929572541829502e-09	0.0007904250243438836	3401.324134973843	-3401.324134973843	draw281	True
0.004591026576285495	0.7650351950317145	9.302428526724889	0.08333337066133907	-9.30935179180288	0.0003367481251250543	1.9283774564149432e-06	0.7039466905236301	0.02934965729696003	-0.02934965729696003	draw283	True
0.7063903170051677	0.03753834833183225	0.010762909843011665	0.0013833485664063382	-0.01628416475190251	1.3169902984624808e-06	0.005002840491195221	0.6633455596277927	0.42236009150526954	-0.42236009150526954	draw284	True
0.24251641306843993	0.014368825570560049	0.3074486477372664	4.821908039012191	-0.8179345978770979	3.396722715207625e-07	1.286402292257672e-08	0.05983164482645255	907.5036274452497	-907.5036274452497	draw285	True
0.8224408867639799	0.0031545045880200678	0.4745349851999384	0.0146399367083865	-0.48176547664151076	5.04896875628822e-05	0.0001087026581220466	0.6962848958983824	0.11546773735044627	-0.11546773735044627	draw286	True
0.00818455872324711	0.566740387189753	1.0527838366865052	0.050141466930283256	-1.0871287198255999	1.241974514337249e-05	5.342289947381197e-06	0.6904728306574535	0.013656420795865782	-0.013656420795865782	draw287	True
0.5259167083111453	0.4135597496458547	2.112018692236309	0.12437224892073209	-0.4554995804017661	0.003259032271446888	0.00034443282297456825	0.6866029480680204	3.804287184597196	-3.804287184597196	draw288	True
1.3693422625364964	0.05646322336350374	0.18514330974336052	0.7851827245138531	-0.36963319640346154	9.569047757629761e-05	9.806255304878419e-05	0.18742400013075	0.9782588296957492	-0.9782588296957492	draw292	True
2.0793362322810824	0.1719194227989174	1.3574089480277771	0.2915544417755133	-3.3920120753982985e-05	0.3807724397501976	0.096418577995474	0.6793851750737585	6.427119992819363	-6.427119992819363	draw294	True
0.10970456110820412	0.11618313467979588	0.15506718100207645	0.44754001776271846	-0.5921735347059097	9.247163097225432e-09	2.3883291609685855e-08	0.24920842687898154	4.722910735148459	-4.722910735148459	draw295	True
1.1025789590611208	0.24563588559887917	0.7697714225066473	0.07942425108818034	-0.44798931000169284	0.0007990229697723596	0.0007473531369512048	0.7444662006171553	2.524223121858733	-2.524223121858733	draw296	True
0.3046066686909968	0.0172056839120032	0.26196236413042767	0.0729037955354428	-0.3306394790163439	0.00025943720428738833	0.0014352917242648777	0.6161580586766975	2.8857451170169885	-2.8857451170169885	draw299	True
0.4683326697772117	0.0029639855517882563	0.3750085875519629	0.09074300979093207	-0.38592518911939855	3.584962761312306e-05	0.00010026298729225813	0.6271467925415121	0.21010356346233813	-0.21010356346233813	draw300	True
0.9540202953127009	0.3237127472272991	2.6223999728095833	0.531800841353741	-0.6409766886037704	0.001417614152766444	0.00012603717366712513	0.781932451120636	1.1114246503907914	-1.1114246503907914	draw302	True
1.2759540058681602	0.25961500291183975	2.9713603217844673	0.44720225618251924	-2.060630957260518	0.006894113202685156	0.00045354847945191644	0.7621280393468656	8.38242162493982	-8.38242162493982	draw305	True
0.9368896592076724	0.06407104191232749	0.2831085437890742	0.01602892172990917	-0.33758962427629213	1.4252067257557303e-05	8.40167582519368e-05	0.6873801759265328	0.16664855976531756	-0.16664855976531756	draw306	True
0.08017535998656569	0.2991050990114343	1.1660618665348974	5.099670796508621	-6.3263852705435015	0.001933552338757821	4.76020414954393e-05	0.18296010540996588	4.728837065278789	-4.728837065278789	draw307	True
0.4766790658886488	0.13092080654035126	0.11156288144120523	1.8604061274904815	-1.530649952525801	0.00038374192190896616	9.83674356940859e-05	0.05648395757013527	13.399741980297943	-13.399741980297943	draw308	True
0.1269238406860186	0.0795212370419814	0.28830506568559966	1.9032989037351424	-2.161964832629603	0.000630193484450992	0.00012897290882225794	0.13042605478251884	15.99839634743484	-15.99839634743484	draw310	True
1.1615484505488467	1.3559832657311535	0.3845215138883076	0.09442195311089291	-0.25767081830223804	1.4854774398130755e-05	6.402518326551687e-05	0.7982942991300211	0.01066288703062615	-0.01066288703062615	draw313	True
0.23846913316348822	0.08925164887751183	0.15065217937200592	0.3346713425879916	-0.4633427159567961	4.709813063581435e-05	0.00018238480537914953	0.29646118203073724	1.6668695738847585	-1.6668695738847585	draw314	True
0.39433913508247026	0.21433501831852972	0.13705784315318575	0.09588371132089865	-0.06906677653159456	1.8275540903039603e-05	0.00025019019855287663	0.5071119911835557	0.14239927552309076	-0.14239927552309076	draw317	True
0.03597259200835445	0.013110941454445552	0.04678136170362082	0.5255171197145894	-0.5605587535950405	2.1669133270201728e-07	6.572098890736086e-07	0.08147120382416839	3.193110973003899	-3.193110973003899	draw321	True
0.47309511611218963	0.0016193222538103539	5.367568987172433	3.725491464989246	-5.378378012348322	0.003561772585781958	0.00011304625015177012	0.9562525839786916	1.2919501877260569	-1.2919501877260569	draw322	True
0.5255734837298877	0.015430572435112382	0.3752716154377499	2.026462635870579	-3.7093511395802636e-07	0.548713037363183	0.10188973072138588	0.12623073148103028	82.11444489012094	-82.11444489012094	draw323	True
0.4435834025038811	0.0074632065391188945	11.286561443492905	0.2501025071323388	-12.032331467948547	0.005952251351010512	2.285099380074207e-05	0.6993161613751014	0.5685986103457185	-0.5685986103457185	draw324	True
0.3547093416567933	0.016564678931206715	0.005096844966915502	0.4975737077094037	-0.493539687009402	8.07232859758934e-09	3.194385279939934e-08	0.01013901243249835	379.57878559050135	-379.57878559050135	draw325	True
0.5519268491481188	0.00013913864088114386	2.0760744335792327	0.037215850287234904	-2.078370249757846	0.00015227084393641246	1.7350666159223563e-05	0.7007976223704211	0.1629812843373095	-0.1629812843373095	draw326	True
0.0004904525891398256	1.42263531138086	5.65998247069464	0.023515585440101582	-5.679974693366847	1.3864088320788808e-05	2.154898336119726e-07	0.7056393983423122	0.0016976393408447178	-0.0016976393408447178	draw327	True
0.06586638773999146	0.6837518345960085	6.10153515740472	0.8607303043788864	-5.44562084550916	1.6726008856465636e-09	1.9516497079986438e-11	0.6590888502604872	0.7289904005566902	-0.7289904005566902	draw330	True
0.6153467247425569	0.0009043380774430123	3.106356671485947	2.272490253766529	-3.111806921685674	0.0038380557335882005	0.0003710135571506318	0.9658074895937455	3.3188654778240263	-3.3188654778240263	draw331	True
1.3142310060799791	0.011689296050020857	1.944814046582077	0.007307713636355486	-2.0315672911051044	0.00036737359473419396	4.838273841024554e-05	0.7057799812730656	0.1753114465069172	-0.1753114465069172	draw333	True
0.02004516838000683	0.06840866818279316	0.6119321640220213	5.163854340521382	-5.778836772117483	0.0003580333447094832	1.0613373248647057e-05	0.10535817998484498	6.167646893836522	-6.167646893836522	draw334	True
0.0003595876928160984	1.3647430832571839	5.462791926795376	0.040413991806143204	-5.4988620440699325	2.661029707245025e-06	4.425654510715644e-08	0.7044960318375288	0.0002916564605406484	-0.0002916564605406484	draw335	True
0.3121393417322788	6.2213120721197e-05	1.2773288031376948	0.19162718145712204	-1.2786513886782052	0.0008680638683343273	0.00022907703965036768	0.6561719049473876	1.5038674639265268	-1.5038674639265268	draw337	True
0.35925212234493537	0.0037641021690646365	0.003602471707678074	0.23873888260981838	-0.24051304697885398	5.403120024977982e-10	9.198004039726487e-09	0.014863636292096187	151.68878472151067	-151.68878472151067	draw341	True
0.27383987672306637	2.5422043664869336	5.3255479224260815	0.23970291840705144	-4.4194316366561175	0.0015536087135485119	2.8649946277488336e-05	0.723194939698287	0.11910235091141703	-0.11910235091141703	draw344	True
0.1188561996970658	0.04053537169093419	0.06153641202675825	1.7553317410103249	-1.7915918666238648	1.914346490081906e-08	5.792630266463034e-09	0.033850087987399406	421.42132650833156	-421.42132650833156	draw346	True
1.0958272358947048	0.012814446455295211	0.32916955659731856	0.12053499924469867	-0.38640294970087924	3.615404342888661e-05	0.00011640562206059838	0.5906472644130182	0.30110203722523565	-0.30110203722523565	draw348	True
0.3414317762698161	0.0008204570811839355	0.08840701356773044	0.4962334386588531	-0.10036810509649323	0.0006076524082487316	0.0017380822189847068	0.14950839450062117	22.42517845429382	-22.42517845429382	draw349	True
0.1437671794364026	0.04244387283359741	0.0067369073858657745	0.1443237892333648	-0.15076052706891901	1.812774874920973e-06	7.928263091236142e-05	0.044553002865823726	2.1006275512870505	-2.1006275512870505	draw352	True
0.5125498551565723	0.00012905942942778982	4.788020484840043	3.015157619518774	-4.789281927756352	0.0021079165257435113	8.086165711653698e-05	0.9377792390197651	1.2073246382594083	-1.2073246382594083	draw353	True
0.6896896412026225	0.0008424101743774841	0.02996497229666091	6.4322761017600945	-7.471360621326417e-07	0.12496485695825804	0.002998982594981637	0.003543240566359912	43272.836039848204	-43272.836039848204	draw354	True
0.531799402147401	0.04505743348159911	0.0008955567034339098	0.18847944993268936	-0.13386688460407403	4.799047452973244e-10	1.338135244547009e-08	0.004728959248866201	87.74704752479725	-87.74704752479725	draw355	True
0.20602103611113812	0.02328508245286187	0.05898279463271256	0.03942551703250325	-0.08200672014458447	6.727757400472998e-06	0.0005111056963081624	0.5140973760887046	0.924696023193231	-0.924696023193231	draw356	True
0.0019928715656471014	6.375698986344354	31.374861350251948	0.06070377403939021	-31.420133658836345	0.00012102480246795743	6.135366180043077e-08	0.7064230607679796	0.0005750534061994363	-0.0005750534061994363	draw357	True
0.4951622223277431	0.13561754678525692	1.0297827578347942	0.3227566612585682	-1.6367961024729774	0.0005082521150319396	0.00017587707022484765	0.6057739845407252	1.4225913144814726	-1.4225913144814726	draw358	True
1.043523989855459	0.010246272284541065	0.01944608517626378	0.24325125325450736	-0.12017342233098349	1.0034294543034681e-05	0.00014461134232847124	0.07382256173743076	5.260542816080117	-5.260542816080117	draw360	True
0.1375469991359739	0.17854522584502608	0.10951084539383503	0.23094315852943936	-0.3505598133246144	1.3142048530815502e-05	0.00010275128763124146	0.30620988943125	0.26030236777169335	-0.26030236777169335	draw362	True
0.7535177964887233	0.12534096278327664	0.012051686505428105	0.01130270550249123	-0.02633153810902678	1.3729360776826869e-06	0.0019878776772534095	0.4585791166509503	0.18246165831511518	-0.18246165831511518	draw363	True
0.00033752358713881906	1.3618093598289317e-13	0.027589259408904165	0.5914745624977161	-0.6190638219807966	0.016318345139428	0.04663653784929385	0.0006243801904297613	11.081573051161394	-11.081573051161394	draw364	True
0.5411795535772005	0.32024969253579955	0.05697628210585858	0.5301554266469551	-0.569343999177234	1.0995316242036188e-09	3.1598465816577507e-09	0.09658801538308671	7.156972199651089	-7.156972199651089	draw365	True
2.099718433304775	0.02645853094522514	0.13831407963834755	1.7373741644469658	-1.6275291647854795e-06	0.11692498790480992	0.03367004528400335	0.06618344129572	42.941734673646764	-42.941734673646764	draw368	True
1.0960840786827817	0.5526276999672184	3.9105069974427455	1.1757613063844394	-2.6135137682939678	0.0017635044613855486	7.744553351775636e-05	0.8194887073841671	0.20029825145113486	-0.20029825145113486	draw370	True
0.0114418268317422	0.5195053292262578	3.40354379503096	0.0971866164119804	-3.376365211119424	8.445649008631544e-05	3.5427533608799474e-06	0.6970842787234591	0.0849887625203779	-0.0849887625203779	draw372	True
0.08449221502969577	0.18308801081330422	0.4448658670851158	0.2742819355006195	-0.628761564411413	0.04222899801213522	0.060548449564606845	0.5302113021743058	0.039129628181856065	-0.039129628181856065	draw374	True
0.20716684074115302	0.004840968691846956	0.000747973455602985	0.06516696735475122	-0.05706721643516006	4.273623530377416e-10	9.834960053065641e-08	0.011346824998977203	339.51874476862133	-339.51874476862133	draw375	True
1.1164622038227956	0.33406050768720436	2.1886798656720527	0.03485764247867979	-1.7023128568962567	8.16153008835119e-05	8.655527154554245e-06	0.7127598229508679	0.299642899643133	-0.299642899643133	draw376	True
0.9387522944449191	0.019955501384080903	0.3747062702637339	0.028067609288794062	-0.41359668635203806	3.1862717675400124e-06	1.0528549942593658e-05	0.6811359982935286	0.043152246001915306	-0.043152246001915306	draw379	True
0.566730720581961	0.0015621520480390127	0.08870068764542655	0.08759164040852861	-0.09236614473170623	3.680422588295644e-05	0.000944992271232866	0.4494604735299396	0.8009796388209852	-0.8009796388209852	draw380	True
0.4942660355796811	0.04004586043331891	0.17433629445938312	0.07584146822249231	-0.24000392729331727	6.441643249436542e-05	0.0006927861488177788	0.5717272069517949	4.987215196356598	-4.987215196356598	draw383	True
0.09151087382127548	0.6874204218767246	5.5002964254471935	0.28535947343513585	-4.57486319214462	0.002111443889253033	3.313260474340834e-05	0.689007759026429	1.001991458889125	-1.001991458889125	draw384	True
0.47390819186204486	0.2579935584679552	0.012329429107970523	0.059472883580643204	-0.06253289914233293	4.682540118827598e-07	8.822352756189056e-05	0.16923662913499726	0.09016530472955729	-0.09016530472955729	draw386	True
0.5348984296810618	0.7415629332989381	2.603863750435624	0.29107770943637706	-2.9906221718240427	0.002042695865956176	0.0001347354794605572	0.6687401247392692	0.44354845694348904	-0.44354845694348904	draw387	True
0.759310736146268	5.386833060263732	1.2946454808608083	0.39990037359711506	-0.7912823497972309	5.7065947242966326e-05	2.3041347918069034e-05	0.8226522411861481	0.004151558063078059	-0.004151558063078059	draw388	True
0.024160569492948817	0.49892053508505113	1.0295221729629263	0.2998679390449796	-1.2572672079956435	1.650781870812985e-05	5.838940965372571e-06	0.6122910358793026	0.028335388202561613	-0.028335388202561613	draw390	True
0.41014276679308037	2.185488919595496e-06	10.260145880068592	0.10315169055702303	-10.261043892565755	0.007765863579317751	3.651618930814708e-05	0.7035603912493876	4.343043058955965	-4.343043058955965	draw393	True
0.6853140311477341	6.6014909296722655	0.8965395736701026	0.16176579870211466	-0.6684534804223377	2.3761841711174028e-05	1.768420871349975e-05	0.773432167869589	0.0033544261165737773	-0.0033544261165737773	draw396	True
0.3486842670731006	2.0548532795168994	0.8488621708263372	0.16585532071657894	-0.9937018364590746	6.926229169129554e-05	3.957351055095606e-05	0.6416394234093812	0.022110059251838815	-0.022110059251838815	draw398	True
0.2946715283609144	0.010518575917085528	0.0004488590920709693	0.023913425254334778	-0.02327001561262424	1.8667238283910094e-11	3.1441022134708775e-08	0.018421217056799426	4.094568317757428	-4.094568317757428	draw399	True
0.438507476921434	0.3519280433945659	0.023917501732819514	0.015600732964665284	-0.025170261547224685	4.9022778019057444e-08	2.2975071752541167e-05	0.5177800259101761	0.0021875713373749285	-0.0021875713373749285	draw400	True
1.6851057902822701	0.00810082152772969	0.0937989549072381	0.03871351903119033	-0.10985644877598309	1.1885233093444822e-05	0.00045091977122023154	0.5777549821725245	0.26594782099485276	-0.26594782099485276	draw401	True
0.4641796908569662	0.037151061613033776	0.005294936422528275	0.03709483436133037	-0.04244256861978625	3.2807282460483857e-07	0.00017977298315892322	0.1239473893068173	0.7769042092783669	-0.7769042092783669	draw404	True
0.36966876503321494	0.004741572488785027	0.6547551398865918	0.985433367417436	-0.7028706970142401	0.0014475094081428162	0.00046410616869966973	0.3707461039293718	3.2937150092026104	-3.2937150092026104	draw410	True
0.5326062900371812	0.00369783240281886	0.16284616984365813	2.9223598783813878	-0.23165371461433268	0.00046872287662759086	4.910656376503871e-05	0.052709519583498385	9.63261275940773	-9.63261275940773	draw412	True
0.39085212627840893	0.0004866050435910408	2.2129665325493333	1.6746332896485303	-2.2182241729526573	0.004670799685173256	0.0009004775175397832	0.9716629689740682	6.8740109684542245	-6.8740109684542245	draw413	True
0.41131540954520657	0.1411917180107934	0.03561337614528381	0.12887740250204877	-0.16745310006831277	1.3058817177280693e-05	0.00046102712374073465	0.211603808366486	1.14109839790733	-1.14109839790733	draw414	True
0.22303033340933207	0.006403117829667919	0.0017884197608460596	0.0683452917534255	-0.07004976930359327	4.956924023542184e-07	0.00010071090240094828	0.025491663996246604	11.657202251786684	-11.657202251786684	draw417	True
0.7049025982936091	0.03307463412739093	0.03890401602202813	0.09066758105818977	-0.11606335788082722	6.678960980551607e-05	0.0036495433823895223	0.2875591332377983	5.171955915016417	-5.171955915016417	draw418	True
1.000599403593608	0.08159229950639174	0.04273745989507525	0.2774513269159069	-0.2582706779224475	2.8150575644577354e-05	0.0002697777746645389	0.1323022599292831	3.1086960218454145	-3.1086960218454145	draw421	True
1.056368988248761	0.019171810151239085	0.49969975625669333	0.016123075395903175	-0.598357812741737	3.7617203089462574e-05	7.293366115659947e-05	0.695792739783385	0.1260946318709624	-0.1260946318709624	draw422	True
1.6308848108242326	0.05294667529576748	0.021125526798308168	0.006019959392925876	-0.03215237588663462	4.5363526702777285e-06	0.003834662899453096	0.6142037539450441	0.3345668671517464	-0.3345668671517464	draw424	True
1.8053237743520663	0.2929762230079335	2.732512171485427	0.10066184959894925	-2.8825884528238532e-06	0.2001739124527884	0.013067837491709854	0.698105766908527	0.2634303162855451	-0.2634303162855451	draw426	True
0.36220098690692504	0.0032262227190749493	0.01944762161874077	0.15662011998594155	-0.023856634155914307	5.605183698459574e-06	0.0001786339280112167	0.10978752054839831	1.5923387624864642	-1.5923387624864642	draw429	True
0.05927408638848683	0.4599827827495131	2.788118399996994	0.3396708345991413	-1.9869853603079335	0.0003021360892245357	2.1944009433814622e-05	0.7513943089997162	0.31779030191474333	-0.31779030191474333	draw430	True
0.3065255729522987	0.0037808677367012953	0.016858080303584932	0.2416786477112062	-0.023917009157245372	4.142285738816469e-06	6.170964014752777e-05	0.06506754243858795	0.5003418821267139	-0.5003418821267139	draw431	True
0.34570550050990767	0.3303382842120923	0.07010580299106446	0.1603517655278994	-0.21617647325313968	5.717383136815137e-06	9.853223237048274e-05	0.2910344891839496	0.052713552278833266	-0.052713552278833266	draw433	True
0.15954063761565157	3.5740550487743485	0.42839726671424677	0.022712895418040353	-0.38229292194262704	3.391098766453744e-06	9.741624600264166e-06	0.7260928608343347	0.0018571280296040226	-0.0018571280296040226	draw435	True
0.004710753225984794	0.5769294632040152	0.9387307949268007	7.980010804582655	-8.918747029398725	2.013734908891919e-05	2.5038616376325335e-07	0.10467550836968136	0.03993636112766759	-0.03993636112766759	draw436	True
0.7049014022950609	0.508951406654939	1.4545804268951377	0.08319286466964215	-0.9210768629092659	0.00030446342362324785	7.618234772320591e-05	0.7276078082898272	1.0688293153043673	-1.0688293153043673	draw437	True
0.5438567534852542	0.7321544242347459	0.1128194952193598	0.00975609113244655	-0.04939586363086161	1.7523145049846985e-06	6.313962006480409e-05	0.6772189551612099	0.005735881144239382	-0.005735881144239382	draw438	True
0.4443173703189306	2.6783890694287085e-06	0.32521643521133364	0.04266382243066836	-0.32536226905250465	4.509747853056456e-05	0.00018704723992797687	0.6623262949761612	0.3483683787054594	-0.3483683787054594	draw439	True
0.1470920738223053	0.0034009385656947172	0.03740350410077583	0.1799882132830846	-0.2200098611699135	7.095492955842542e-05	0.0014582577847360647	0.1695596677478024	178.94403606705387	-178.94403606705387	draw441	True
1.6805679070257076	0.6994691705942923	0.2790864700759438	0.06332462931620474	-0.18805769268628109	1.1366536605910806e-05	9.133971475883984e-05	0.7911421617521647	0.02115317867166282	-0.02115317867166282	draw443	True
0.2929265098319386	0.16578527661306142	0.010242215591465684	2.960757716895165	-2.8162386764643537	2.4441932505660656e-08	2.7690136409255707e-09	0.003447376291380666	4621.184396831982	-4621.184396831982	draw446	True
0.9193609141751276	0.005089306134872418	0.02457416453418686	0.026399881595209902	-4.109630339574344e-07	0.0003593967549152999	0.12220094052614161	0.43964290848875526	1.5864351683823636	-1.5864351683823636	draw447	True
0.28811941892524157	0.013608038938758456	0.008470293388760248	0.5328154758468197	-0.5412421506915166	6.743874682730402e-10	2.301176540893368e-09	0.01564655304004651	78.56153307725113	-78.56153307725113	draw448	True
0.9223316315724773	0.04433596305252264	1.2540664582245662	0.015060238250805677	-1.7774247142651456	3.630314547464336e-05	1.1404015354717641e-05	0.7028737451009385	0.21672764248331416	-0.21672764248331416	draw450	True
0.24654275549535476	0.10397051342164523	0.14900350632629566	0.030767209884695734	-0.15636636820204533	6.104140673361235e-06	0.00011196242568738665	0.6381464638115959	0.1498092649119837	-0.1498092649119837	draw451	True
0.8723393647635204	0.12870671785647966	0.025647555729487567	0.008464384002717247	-0.014019328213205114	2.1597003753187112e-07	0.00011857225823610335	0.6009533638077631	0.02368030221862105	-0.02368030221862105	draw452	True
1.1155468258638408	0.06839103925615937	0.0933375674350366	0.15817856358080362	-0.1611849550920513	2.0078830593936074e-05	0.0002789802376385555	0.3479155722652156	0.32721411099258224	-0.32721411099258224	draw453	True
0.1151307227009676	0.008030501802032403	0.006017451119817157	1.1890791484823968	-1.1947999379440473	5.8354371696947355e-09	4.085604901350228e-09	0.005035053105371761	4477.754510543605	-4477.754510543605	draw454	True
0.8285953530347754	0.4141678289552247	0.6292757329626508	0.1672234324869283	-2.3256338849142466e-07	0.05628921024663042	0.056596430991265836	0.6294562676444182	0.24931296217285448	0.24931296217285448	draw455	True
0.49034192967891915	0.0587414191750809	0.0017592143748621912	0.04326345726987258	-0.044774749974835944	1.010923135160484e-07	4.979584152273974e-05	0.039044141920866936	0.5377139598359862	-0.5377139598359862	draw457	True
0.042306268438711644	0.013695375240088356	0.0009175163867936705	1.2853011188044148	-1.28620542339937	4.597075451344909e-10	2.7787649736911463e-10	0.000713343850134745	81231.85858737171	-81231.85858737171	draw458	True
0.9517495806065512	0.28517125476344884	0.6335590320447779	0.009995413714586347	-0.7776011096636062	1.7461778831395546e-05	2.1410801559947956e-05	0.7015510970900636	0.024717943164084922	-0.024717943164084922	draw460	True
0.6076377318941326	3.034924188665867	3.7587483152010512	0.7994232193827646	-2.0887574198823025	0.0015927533164276772	6.959571823447797e-05	0.7857063216141398	0.10457593577060428	-0.10457593577060428	draw461	True
0.015173929143937837	1.5627867070760622	30.720535361802778	2.295275881963749	-32.56134356039098	0.0043755768914135905	2.151434490723602e-06	0.6812008529515149	0.15910286988311723	-0.15910286988311723	draw462	True
0.4921991341185689	2.782019431065022e-06	9.987744836730982	9.599620798329074	-9.988031280276452	0.002784711711937639	2.78734053318388e-05	0.9992458038367623	0.6717068177115246	-0.6717068177115246	draw464	True
0.007496662774396868	0.010393456345003133	0.005512724999153901	5.702559635349007	-5.707887598073857	7.342494137521836e-09	2.2535347712412317e-10	0.0009657765494702087	600723.0711034451	-600723.0711034451	draw465	True
0.033977687107705136	2.879081838342295	41.598779078734154	2.3767927243467843	-43.50401305523192	0.01382309773949107	3.772361032895764e-06	0.6872021662282288	0.06283852206863785	-0.06283852206863785	draw467	True
0.6285635060378482	0.05011934251815185	0.018546858104897236	0.23689232595251064	-0.09958954413070271	1.5357549851069412e-09	2.3413339386050755e-08	0.07241708892944698	3.1974168804717094	-3.1974168804717094	draw468	True
0.055246358464884196	0.3211245651231158	0.1661505847771963	0.5195369308430897	-0.6858955426412993	3.700278095422423e-06	7.433659979849732e-06	0.23549735713891576	0.058721571416876506	-0.058721571416876506	draw469	True
0.002331439309777529	3.077250480160222	121.00661116819278	0.09864983986523843	-120.97737667499867	0.011802428614149528	4.026884136519316e-07	0.7068186080900634	0.022784122155036068	-0.022784122155036068	draw470	True
0.0025881131000725674	0.9930815674779274	33.69695108895227	0.06390885028991067	-33.613097304353865	0.0010412596198079399	4.5764017571092874e-07	0.7064365583867802	0.016381339387824215	-0.016381339387824215	draw473	True
1.062642351468882	0.009222336271117878	0.1327785714396774	0.07691512806400372	-0.14244019615383666	1.7771399349119626e-05	0.000288489429046517	0.5349732732128525	0.19864088205898697	-0.19864088205898697	draw474	True
0.20093447372869883	20.4698928881713	3.0472763944372367	0.901338646007369	-2.114156632622931	2.1858818916205636e-05	1.5736023178910514e-06	0.8176096235835097	0.0004625896696042495	-0.0004625896696042495	draw475	True
0.6071156632159092	3.8539270909059325e-06	18.44012146052636	5.963676230880651	-18.440797746359525	0.006201642156990734	1.2510889297084317e-05	0.8282367875375523	0.8329433464309345	-0.8329433464309345	draw476	True
0.32247897289975713	0.0003853454392428535	0.7079783386109868	0.04813236803493947	-0.7116270615864545	0.0007837470506245503	0.0007304818560837297	0.6834969720517899	5.1425101748097894	-5.1425101748097894	draw478	True
0.4927561156658559	0.0001994156501440873	0.24476983626764687	0.2752466192980621	-0.24491646311463797	4.65803012762658e-05	0.000765605833837793	0.9923374144154077	0.4845564620474132	-0.4845564620474132	draw484	True
0.2255584532790974	0.7181188445119026	0.29471554235449926	0.008187538783062652	-0.08152990390738549	2.252784066808979e-06	1.3333590230484053e-05	0.7169961253524962	0.013594975438871624	-0.013594975438871624	draw487	True
2.1914007110678537	0.7589239443821465	0.1168011148724108	0.0056912533788674915	-0.06058960967121156	1.1966970647912661e-05	0.0004604786521435816	0.7245353577438329	0.0844096893467257	-0.0844096893467257	draw488	True
0.15135765769826315	0.050899526481736845	0.0286514176522786	1.0433584757782506	-0.8500634177591945	1.0780807532077955e-05	9.374402376426392e-06	0.026717279742508156	11.588520250664006	-11.588520250664006	draw490	True
0.3264869281813183	0.06321818516168168	0.0013047204092017659	0.08893038998654734	-0.08247107814313318	4.7498220673046245e-12	5.832240798423434e-10	0.014457610105971184	1.7338189125361805	-1.7338189125361805	draw492	True
0.7135842125157894	0.062174938441210546	0.027094809333056084	0.05453708054402769	-0.05598127708494047	4.333446508314575e-06	0.0005857687825298319	0.31501542093738344	0.21085023809647027	-0.21085023809647027	draw493	True
0.8618877818910881	0.02807754653491199	0.15869548572081166	0.3793475362815532	-0.2228266434326811	5.441486239091618e-05	0.00017292428687963444	0.2829005081046026	0.4383164151766429	-0.4383164151766429	draw494	True
0.00018341499250607016	0.604990987560494	11.455320491685228	0.10031100000442443	-11.551143112902059	7.789544311156778e-06	2.9421487260768747e-08	0.7040176211027752	0.002526666992742049	-0.002526666992742049	draw497	True
0.13665207850702293	0.03758628095097706	0.0433914684174599	0.15361438636588534	-0.20031732345977082	3.884352928287555e-06	9.545242836666769e-05	0.21509903210152792	3.9254123576750324	-3.9254123576750324	draw501	True
0.49250325182870663	0.3316188777772934	0.6047288239912382	0.06312460980920978	-0.4063000854288399	0.00010570880191029709	0.00013022738123321813	0.6712066387364626	0.36734399717119126	-0.36734399717119126	draw502	True
0.30638867570941464	0.00333385252158536	0.03349337712678658	0.033113015484492164	-0.03973642144129817	1.2401253002227804e-05	0.0022312231264885692	0.4492554771848149	20.99928880946202	-20.99928880946202	draw503	True
0.7112963081106561	0.07802342204534381	0.05626569097111381	0.1564355482386535	-0.2114962859248514	3.02999101326157e-05	0.0006259339236992913	0.25573255378650633	1.6694774223564672	-1.6694774223564672	draw504	True
1.3395681199307952	0.8039989284192047	0.7809854597634298	0.030708808265328593	-0.6626530350874699	1.2323003352569472e-05	1.0506857803189422e-05	0.721142501922262	0.005519611379342174	-0.005519611379342174	draw507	True
0.28648328331613376	0.010463454060866227	0.020951848067960296	0.23593266607578517	-0.18244348974131788	2.401607243825086e-05	0.000361532617395305	0.08129069185263069	13.572156100835347	-13.572156100835347	draw508	True
0.12798855646305313	0.1935491208609469	0.033051623912862385	0.1696850505940883	-0.20134367069074494	4.4970667679581597e-07	1.065792797449038e-05	0.16090314173033238	0.23574959985890748	-0.23574959985890748	draw509	True
0.5503977790119349	0.0003043941920650635	0.16060854200799554	0.07149388749329542	-0.16110450095019074	3.885542265276007e-05	0.0011517288289919613	0.8744155078454403	0.449303094406751	-0.449303094406751	draw511	True
0.2437514727389356	0.19481873979206438	0.23010382651439543	0.1269166359437086	-0.3605024335518721	4.012038114090209e-05	0.00022238283983354827	0.541741275433032	0.7716170636699397	-0.7716170636699397	draw513	True
1.8057504011422616	1.5945880880077383	0.07435830018271723	0.016630910343653705	-0.038876998393691804	9.288420989695669e-07	0.00010481641708285672	0.7899019052559867	0.0027015767185453346	-0.0027015767185453346	draw515	True
0.8767236433139411	0.04960643748505887	0.6756058729703486	0.7470899425711178	-1.5874104830171376e-05	0.47493533793566184	0.2829724211480413	0.45670910178747637	24.46041114627507	-24.46041114627507	draw517	True
3.1122886780480026	0.05379721862199711	1.5471677840653213	0.13444085544079792	-1.716983264311529	9.807437462910844e-05	1.8782668521528145e-05	0.6770773518630735	0.046589320127206735	-0.046589320127206735	draw518	True
0.37251240601286695	0.09898080331513306	0.0034587444042298277	0.06069751647050664	-0.06402636170276098	4.261604835411974e-07	0.00010323685603203002	0.053832986017597395	0.7277958849331441	-0.7277958849331441	draw521	True
0.5867365376651108	0.02100223604888917	1.0970343395344084	0.43799380600975174	-1.2957652358081995	0.0024159093973010275	0.000678667802210395	0.5814445812405523	5.652299232935864	-5.652299232935864	draw525	True
0.4943930402840014	0.9059253118459987	0.16087015708436014	0.04588325612760131	-0.20401211388217713	4.147966846905443e-06	6.044292314648267e-05	0.6140879508341284	0.01174130885623707	-0.01174130885623707	draw526	True
0.4847957865337983	0.15469411399920172	0.645179033537285	0.21979787100080536	-1.070080106866115	4.097446666309037e-05	3.518809973298747e-05	0.597890286244798	0.9864736179615812	-0.9864736179615812	draw528	True
0.0698908156686218	0.5199810452743783	1.0596489484108238	0.07102921889144875	-1.0118359795915315	1.9605298890215125e-05	8.164489502614243e-06	0.6838168453665743	0.025526040144875917	-0.025526040144875917	draw529	True
0.06618883451852009	0.27494452040147993	0.20781727037958303	5.996106466068906	-6.201660127788296	8.353167607990161e-05	2.167860077426109e-06	0.033478937078607024	4.896991164308667	-4.896991164308667	draw530	True
0.5920030727593345	0.0015346689736655396	18.252629780656147	0.03349413941518582	-18.414331737226924	0.007565488364036745	1.1375040844357046e-05	0.7077558105497183	0.8945558120110514	-0.8945558120110514	draw531	True
0.38272901997487985	0.049956068345120154	0.005341293351927951	0.10856323926443731	-0.11016075625380112	1.4595203478469628e-06	0.00011224689498061869	0.04684112073165138	2.325351758551998	-2.325351758551998	draw532	True
0.05282373231021927	1.2520760429497808	0.7896726120837512	0.09178941764573542	-0.8771890670620296	1.0765790161047742e-05	7.686785601000198e-06	0.667262171413145	0.010024287635842446	-0.010024287635842446	draw533	True
0.00039798237773463205	2.0830569382422652	67.09738254560445	0.1452218636744286	-67.22898834781448	1.8918003534121835e-05	2.0964967175874026e-09	0.706341984276661	0.0002252738791376899	-0.0002252738791376899	draw535	True
0.36626597663101534	0.1878547965739846	0.25526250630813346	1.092947357802046	-1.173920637854335	0.00027355544630658466	0.00014528962658327506	0.18602937294763028	3.6924777889366287	-3.6924777889366287	draw537	True
0.4528736613967231	0.06749396947927694	0.012095129067101718	0.049847072934768255	-0.04276985983455549	1.7730407632314303e-06	0.00044513839336429874	0.1916450231375903	0.2658151346442631	-0.2658151346442631	draw538	True
0.033746114987658504	0.006559079630141496	0.0003161193214711751	0.621196622620179	-0.6098213067755642	8.906995711100599e-08	2.3058500271304735e-07	0.0005086287485456792	61128.30814136865	-61128.30814136865	draw539	True
0.6151209186002583	0.0030773428957417445	0.33142097766203127	0.10059443848900101	-0.3386640023787738	9.19423101070644e-05	0.0005636449903057	0.8205878469178883	0.5980106313969924	-0.5980106313969924	draw543	True
0.0771365348530607	0.002567436024939302	0.004964371987143622	0.0760975679843249	-0.08004573794383767	1.0340282733878677e-07	1.567734929309026e-05	0.061127187270156765	3.156458755459924	-3.156458755459924	draw544	True
0.02377142501994639	1.3114185361019872e-07	4.397128125145814e-08	0.12417068983972525	-0.12414479453275008	5.204826694993688e-10	3.37573414420828e-08	3.52507767752301e-07			draw545	True
1.4152301285525428	0.05285721733745712	0.0803828552480441	0.39481656832258705	-1.1661247231592453e-06	0.025729635511098848	0.12693739969599332	0.1265798674289024	12.089255407621732	-12.089255407621732	draw546	True
0.5028251596765588	0.40749903548044114	0.23432077858950787	0.004637478457505917	-0.04006832348893419	3.5294629591480434e-06	3.1511018346132546e-05	0.7001445401337644	0.042093754502394796	-0.042093754502394796	draw547	True
0.6540871329263954	0.028399327430604637	0.8708397359677045	0.6996424367673412	-1.1849830333674074	0.00027536387730568165	8.539008018936161e-05	0.48494050356078333	1.2271188561220783	-1.2271188561220783	draw548	True
2.3642075551928436	0.12446838473715599	0.8057938597790326	1.0736201756690307	-3.205883897461348e-06	0.656534245960963	0.19012390766193757	0.3969621764028289	39.7156718621057	-39.7156718621057	draw549	True
0.5384998034641215	0.1235821139768785	0.009186574563366101	0.06489493850409832	-0.07463336793554004	9.626328687525408e-07	0.0001727482155319123	0.12306360263020669	0.2730551110273405	-0.2730551110273405	draw552	True
0.6201742834635786	0.07779037850242146	0.008006481130876587	0.019252959529853137	-0.027677548989688612	5.757746050869753e-07	0.0007133177595726188	0.2818095257528389	0.24657425020929172	-0.24657425020929172	draw555	True
0.4973860266449431	0.23792857492605693	0.11759816200734693	0.01759414282167848	-0.021005354739081383	4.8606971306051825e-06	0.00015139399251518854	0.6563047808787945	0.05406628851565669	-0.05406628851565669	draw557	True
0.5292476841015419	5.3910666458149536e-05	15.14392232989569	0.25207537350748166	-15.14769490151591	0.009221758965702188	2.0442573974114573e-05	0.7130160061092893	0.8481030397939244	-0.8481030397939244	draw558	True
0.13930290128715656	1.0610323390828436	9.111651566362854	0.4738240206250293	-7.124494520476746	0.00603519092838229	3.828603409413146e-05	0.7257245043011135	0.4411155920726567	-0.4411155920726567	draw567	True
0.7956992577445193	0.2618156801654806	0.2849368319342104	0.06839100464456883	-0.4013908610976746	5.3046870508100655e-05	0.0002574723337622078	0.627746023043187	0.16986223244333	-0.16986223244333	draw568	True
0.6028064501004583	0.004587195442541697	0.3213961611275633	0.012869568878479584	-0.3332773123562298	0.0012032589785390326	0.005605296744370411	0.6936702638898474	3.7780586037927333	-3.7780586037927333	draw569	True
1.053740232562938	0.008051827587061931	0.10810745683967422	0.3755188462833505	-2.6029937712085394e-06	0.016360494121310923	0.0688660920800573	0.211339088931386	18.407876440199367	-18.407876440199367	draw571	True
0.23883449680925736	0.06719540076674266	0.31420720981521466	3.5270572010830503	-2.5895132489249493	0.0007184160634313428	4.836503475310796e-05	0.08152556271465908	47.59924646270829	-47.59924646270829	draw573	True
0.007559104990657037	6.42962857229421e-13	0.3550737811280654	0.033871134094916946	-0.3815872005494385	0.009414220084408223	0.03795795557764523	0.712483138087337	0.00041772903131935866	0.00041772903131935866	draw577	True
0.6814632050530123	0.06525786617898768	0.0001456968118032931	0.0013233697324077304	-0.0014098397917601685	3.6359383802691577e-10	0.0001668333578797508	0.09869215274641133	0.020414802863852593	-0.020414802863852593	draw579	True
0.20777226133652155	0.010584855787478465	0.018255839235422427	2.4320472252801557	-2.3501213779457313	7.391174985284181e-07	1.2309765242641692e-07	0.007450234548336195	13350.168467400032	-13350.168467400032	draw580	True
0.4808654772140286	0.009628583461971374	0.13145833883066257	0.15398884475824084	-0.15955380754404538	5.420422884864634e-05	0.0005488412538187325	0.41830650678006165	1.0114222738233625	-1.0114222738233625	draw582	True
0.5335883921493557	0.0023251272316442612	0.3295576144604887	0.7419920128744218	-0.34567815583602	0.00035165701430251144	0.00027979763307219897	0.29396359282167583	1.1521146966193951	-1.1521146966193951	draw583	True
0.27884444703167177	0.0635772613023282	0.025728393620299096	0.15446329319261606	-0.18104574246350963	8.913175161031586e-06	0.0002690284851202255	0.14134967455808195	1.6238367657470498	-1.6238367657470498	draw584	True
7.060115493775894	0.04523948396410722	0.10485496008151483	3.252768644069252	-4.403088785451259e-06	0.26914139690625943	0.02443425818727986	0.02003393354295961	768.9637161770374	-768.9637161770374	draw585	True
0.38212900134541533	0.0050530520975846545	0.0031409445915532384	0.1430263708744568	-0.13961643313510497	8.473194378664048e-10	3.964113987739636e-08	0.021483733578331995	25.38880544756979	-25.38880544756979	draw588	True
0.18514324770749138	0.1466353215975086	0.29972016066253115	0.021303784801892805	-0.04283643473509485	1.93721272033491e-05	0.00010043174399778935	0.6824373695820231	0.2568831400195176	-0.2568831400195176	draw589	True
0.37259650047907733	0.03404278241692266	0.16232267706150647	0.06517766484959163	-0.2077625869150282	0.00032556253306261466	0.004168871820535719	0.5808498031209325	4.127160061214128	-4.127160061214128	draw590	True
0.9974299324011157	0.03959888199888426	0.1164518950695731	0.07936037030694822	-2.296322501871284e-07	0.006198107198715558	0.13386679978489943	0.5291396509907547	2.305122916162039	-2.305122916162039	draw592	True
2.594964676850617	0.081894832149383	0.19467077369664262	0.014807559500518996	-0.2375898016248222	1.3037464336473111e-05	0.00015942543049508024	0.6807426813885619	0.05516041632463306	-0.05516041632463306	draw594	True
0.8633280833263293	0.0062086810796706735	0.007437584214458654	0.005420429094814845	-0.00854927707877974	1.2171219700579092e-07	0.0005516181876521046	0.500707313395385	1.6545558934913749	-1.6545558934913749	draw595	True
0.37589784730072356	9.57418827647891e-06	1.5869380100048018	1.0059707140540273	-1.5876613089799119	0.0010794200801324124	0.0003779617430812863	0.9390498191698577	1.3690005638250942	-1.3690005638250942	draw596	True
0.4858984721305199	0.014702391870480126	0.044108626177254494	0.17215115173126863	-0.11208784119133663	3.794213373722922e-05	0.0007788810485983346	0.19984581537125895	2.798529322983435	-2.798529322983435	draw597	True
0.005036410130509943	1.52915962840949	28.258492318185578	0.05529691323637403	-28.08352956311499	0.0015099469747921147	9.435912161877429e-07	0.7064152782972376	0.044526490359807554	-0.044526490359807554	draw598	True
0.4623452328957025	0.008615178837297488	0.541649392087004	6.521907049807814	-1.0867712004203334e-06	2.3624579497334985	0.048953541328251395	0.06075968626527927	1664.3090038012595	-1664.3090038012595	draw600	True
0.6000346053017181	0.004580032288281844	0.34856414839462463	14.430732196100507	-3.4233012887185943e-06	2.8603972622139984	0.013198195482860744	0.019658984056645658	8550.231633235257	-8550.231633235257	draw601	True
0.15330213548928662	0.0551053749607134	0.2060680308329845	0.16584076575502163	-0.3002401344496728	2.0154022095692745e-05	0.00011148358725466882	0.48465780872482034	2.5063125910358903	-2.5063125910358903	draw602	True
0.8781591073343179	0.06522440713668216	0.005145519073646329	0.15136073270119196	-0.08611056214772524	7.347940613564072e-07	2.996629727144558e-05	0.03285963499640577	0.9178359063862226	-0.9178359063862226	draw603	True
1.3893111834924896	0.18270722797751024	0.07505309559742056	0.02058484892895679	-0.09520836022012544	2.82820804595156e-06	0.0001913591896862783	0.6173587126517341	0.06226013656997665	-0.06226013656997665	draw605	True
0.06586493851759481	0.0014476423286051852	0.0002068578725904552	0.6461433206602868	-0.6463256499349388	5.91304850471115e-09	1.4153884614559487e-08	0.00032003992366118545	57740.02394578224	-57740.02394578224	draw606	True
1.2078522804873308	0.0005079294826691066	3.397966990262673	0.6797702274028055	-3.405298808730887	4.401674498693487e-09	1.562311859524187e-10	0.640168011313775	0.1578732891395076	-0.1578732891395076	draw607	True
0.04172362789394024	0.00449955885975976	0.001783870685972796	0.5767810257500791	-0.5777545783837407	2.812052381167323e-09	8.400693072332481e-09	0.0030832534390609284	8335.001863458028	-8335.001863458028	draw608	True
0.3100059678261521	0.00019207984184795636	0.10343502046265757	0.38565283685269763	-0.1085602782904551	0.0004122286878756197	0.001649572644055038	0.20690501175663992	9.72762034396313	-9.72762034396313	draw609	True
0.5198770510105283	0.07366057063747171	0.0017861644225224808	0.01964868604403129	-0.017083763020206397	3.906193366873027e-12	8.443209332253986e-09	0.08304210398919952	1.3295695617838372	-1.3295695617838372	draw610	True
1.2823343254551447	0.9695249913748554	0.18102737744842182	0.012227160005667016	-0.08840937821064133	9.750529368565135e-06	0.00015915472662005072	0.731374691835243	0.04228405592455634	-0.04228405592455634	draw611	True
0.1738167812798914	3.262176610861292e-05	1.7181326704774507e-06	0.02880000308226888	-0.028104019466263362	1.2645274355746885e-09	1.5243732743540776e-06	5.963433937374386e-05	2466.4675998186467	-2466.4675998186467	draw612	True
0.23302345274905353	0.08706404791794645	0.05273666893656864	0.02209141833785465	-0.0768927544258114	1.6723595369593964e-06	0.00019955614327472757	0.5760768225086963	0.2845014797352823	-0.2845014797352823	draw614	True
0.40701959080568206	0.252679313198318	0.12775620875151197	0.14044332619508257	-0.2817973625394405	1.4180252957210056e-05	0.00016067797199536513	0.4300492279837975	0.19949170491484805	-0.19949170491484805	draw618	True
0.6118751125578278	0.021482781925172115	0.012039662472023075	0.012108246079753469	-0.026996813705225612	4.4723484131927965e-07	0.0006142717139854736	0.44619677378895023	0.7574604216903058	-0.7574604216903058	draw621	True
1.0234154687408026	0.004862939639197527	0.06983460822821734	1.6821211723923724	-9.295905808136273e-07	0.1130044297320095	0.04078828602424804	0.009836423148488926	599.1696280546173	599.1696280546173	draw626	True
0.08796647449907723	0.03778674966492278	0.330071487175158	0.02343366412949646	-0.32801963351253316	7.755456847491318e-06	3.31552949298035e-05	0.6824655987681019	0.42335431843760035	-0.42335431843760035	draw627	True
0.9433793700267761	0.2817122313732239	0.10316195134563143	0.003277932071381396	-0.0647086088651384	3.900201425717701e-06	0.0001891534111196584	0.7184277705890997	0.0609094498714697	-0.0609094498714697	draw629	True
0.5802823620401902	0.08336297076780977	0.016336503741175203	0.05003667562964238	-0.06295795989565338	1.9112867314001113e-06	0.00040906982435784015	0.23899802740273163	0.4886615311954676	-0.4886615311954676	draw630	True
0.206210794835714	0.06474237235428601	0.24692997151963927	0.19529159605324398	-0.47865468745672113	0.0003252466123891308	0.0012678611918192392	0.4875309037692472	2.3684170743489825	-2.3684170743489825	draw632	True
0.9722671560288587	0.05540049210114124	0.8235188008554076	0.7289836324488009	-1.0081371470960221e-07	0.4228978655082553	0.15820710700790216	0.4843048388270187	16.25521338772488	-16.25521338772488	draw634	True
0.3514454189906237	10.783606005009377	5.7846502144146035	1.5853814903926082	-4.010348401105392	0.00045051647991548163	8.817053451937906e-06	0.8092514735988713	0.0047978807599698735	-0.0047978807599698735	draw637	True
0.03856552986874871	1.2527982135712514	0.14853748532644462	0.0012906103822397236	-0.1346073501841058	2.2201969022223989e-07	4.9878791209614135e-06	0.7040415350640695	0.0011637402701416169	-0.0011637402701416169	draw638	True
17.36588641726161	0.2677168633383874	0.10291431804676457	0.24472205183701973	-2.259353578559775e-06	0.021593193865106993	0.21077592795722663	0.24839314742495483	8.953376768333007	-8.953376768333007	draw640	True
0.5771947383094015	0.04617664243459845	0.09639590259497872	0.18592106337280706	-0.27800397133331634	9.025342520022143e-05	0.001014146175564599	0.3231283705441872	6.7872288275057215	-6.7872288275057215	draw641	True
0.17453580953182418	0.1540643765971758	0.09902370584595332	0.8286695129793931	-0.9139828235197968	1.1545447943746854e-08	1.3264220270878486e-08	0.1061389151202639	16.270475037527635	-16.270475037527635	draw645	True
0.0001932758406618739	4.172164304839338	71.3516308030481	0.3137590653130918	-71.66033617447572	0.00011085530578326794	1.083949218425022e-08	0.7055537912401125	0.0004851330300779529	-0.0004851330300779529	draw646	True
5.879975351676358	0.47505089415364193	0.06338786487465349	0.01004668030036711	-0.011290790886822888	1.432126866141348e-05	0.0020865548451959224	0.7651200983978776	0.4975363567879697	-0.4975363567879697	draw648	True
0.5745201767950235	0.000235592425976517	0.011865451911706529	0.1836237664521871	-0.012866050340527329	7.157323325302786e-06	0.00018659812668674086	0.06058436393309622	1.4589330540673011	-1.4589330540673011	draw649	True
0.16474052537601333	0.09006801726998667	0.7307925564680582	0.18480470711887415	-0.8602028620592377	5.0830365234851334e-05	3.703821835296213e-05	0.6238174849322269	0.40793236000515276	-0.40793236000515276	draw655	True
1.0965624218579813	0.051855807702018725	0.16674938960792682	0.0170989477021147	-0.18666256145869886	5.419564093180522e-06	8.797199729950054e-05	0.6718221191438246	0.02535623653827092	-0.02535623653827092	draw657	True
0.3464392011998717	0.07191976716512828	0.2922064239960763	0.5452526032221097	-0.5799553773741651	0.0003737330968274659	0.00047505153664960387	0.3294419809913584	2.3052726335213025	-2.3052726335213025	draw658	True
0.05959160415119251	0.15473694338580748	0.16666252955517666	1.1587678417894245	-1.3340587501111631	3.820503746552361e-05	2.140887475713012e-05	0.1247597709345727	0.915315766957459	-0.915315766957459	draw659	True
0.11358026354526428	0.09999960967073572	0.003596098132594743	0.14147511318835101	-0.14511739223991704	2.3525231488603603e-07	1.1171324165873495e-05	0.024780887996056197	0.2727018295100841	-0.2727018295100841	draw660	True
0.6981093267504916	0.011471282044508365	0.00528065281268694	0.1894133295054053	-0.08884823737716228	2.5336585905671914e-09	6.679188056904527e-08	0.02711286455057536	19.79062739370391	-19.79062739370391	draw663	True
0.00012287507327072306	1.152769367783875e-13	0.002579699352362928	1.6306496217764455	-1.6289857594812296	0.004195638659870601	0.001586132149478815	2.074358456369629e-06	21.235029629259486	-21.235029629259486	draw664	True
0.6648758033562142	2.299730259613786	0.6153157587560844	0.012893684003759369	-0.526689003305894	6.310639542870461e-07	8.510343414600482e-07	0.7145537345454303	0.0008506896994581326	-0.0008506896994581326	draw668	True
0.09127842439256541	0.1087553730754346	0.09046610877879716	15.511441200754005	-14.91289660038714	1.0225163446829431e-06	4.200493053234154e-09	0.0057983031340556835	51179.17084057161	-51179.17084057161	draw669	True
0.06346913184959442	0.057553146458405584	0.6678171341576751	0.256445099519945	-0.8834407744481473	8.319639566282059e-05	6.398539728025507e-05	0.5856602320951444	1.0788696297233864	-1.0788696297233864	draw670	True
0.00674732433568975	0.006823519287610249	0.0011965285630575943	0.057329081426893615	-0.058507258486387256	1.8796916017890817e-08	5.485462062958877e-06	0.020440257476774557	0.0003016457372089629	-0.0003016457372089629	draw671	True
0.4212674281233056	5.094020693256694	0.2945518329206985	0.0913524154711303	-0.18355006974612442	2.3580337945623266e-06	1.8414832691257018e-05	0.8231341230687119	0.001268062960721297	-0.001268062960721297	draw677	True
0.011859874830671614	0.08010740674612839	0.04441952501641357	30.839480503551066	-30.88033892225356	2.512492113440859e-07	2.63414412223152e-10	0.0014382729844969952	112556.4512850649	-112556.4512850649	draw678	True
0.4318656327381794	0.06700431953682058	1.0604724073352096	0.26632918525754534	-1.6196437010867921	0.0009154172184716421	0.0003173022258621327	0.6243474748613613	3.207443262676608	-3.207443262676608	draw679	True
2.666635031858535	0.06544565090146508	0.2006246726861199	0.017789068000169973	-0.29463931388487064	4.2460223572344865e-05	0.0004827532654027704	0.6764812338453856	0.7015144752462765	-0.7015144752462765	draw680	True
0.051235005820674064	2.126067775359326	3.06140051445695	0.0733648384881078	-2.8766986901604312	0.00011834232876978664	6.466606508219296e-06	0.7156296280845433	0.018542027635481063	-0.018542027635481063	draw681	True
0.4607198144226746	0.14003861556732536	0.033027340787498936	1.02298711837838	-0.7111343678165876	7.409793510020911e-09	6.638069222234605e-09	0.031260177757633366	133.2274169364806	-133.2274169364806	draw682	True
1.9392198650891852	0.033646848500814765	0.0613971243398194	0.2863713175793221	-0.08143146096284361	7.79135748204637e-06	6.247455497199932e-05	0.17385733700076259	0.06979638668566578	-0.06979638668566578	draw683	True
1.1769142941114747	0.015823101848525357	0.07936822167227854	0.2572572677536124	-0.09652279798203389	2.7035734781142497e-05	0.00022602107769960768	0.22948369388258058	0.21783481853219314	-0.21783481853219314	draw684	True
2.34817095303415	0.0731922841258504	0.05589672962059076	0.04436121231804511	-1.4789705489876015e-06	0.0023955062038261915	0.2707008754898946	0.5494714431052503	2.126687255516673	-2.126687255516673	draw686	True
0.014062466462669789	0.0001982872411302107	3.3944100525495946e-05	0.14223253809063127	-0.14226643440637185	7.697567349658154e-11	3.803192315548131e-09	0.00023859519849991673	72265.26305436934	-72265.26305436934	draw697	True
0.9975452397844184	0.07309701522558168	0.5905864632796822	0.0822168359531693	-0.8655856936775281	4.083242360767776e-05	5.094776550274474e-05	0.659695435377133	0.4567877740135975	-0.4567877740135975	draw698	True
1.26629465588499	0.026975638325010248	1.3749418145478531	0.017748747923886633	-1.46410894519767	1.5297891936506295e-05	3.994173442854503e-06	0.7025576796834778	0.014810351280098076	-0.014810351280098076	draw699	True
0.16701477407688625	0.29028753289111375	0.7529960594866508	0.9282010455476024	-1.7903479735788472	0.0004754323751525129	0.00014010393083531308	0.4087647774584923	1.492296306733378	-1.492296306733378	draw703	True
0.3173254245251395	0.031132382092860553	0.3498579918046082	0.291353572480064	-0.5780726933742082	0.0002100282971683073	0.0003936413925605422	0.4789643175490874	3.7285706341890275	-3.7285706341890275	draw705	True
0.03126118165390156	0.004795826527198442	0.02096628224353895	0.6742162320188717	-0.6921727217086969	1.5112546369022316e-05	3.124245347863274e-05	0.03014566978364849	30.177567509885243	-30.177567509885243	draw707	True
0.4229695677336818	0.04411602224431821	0.028740845004878286	0.03211474431670355	-0.054771307834141705	6.626515913213233e-06	0.0014630067465336693	0.4270492767346153	0.6976156608561875	-0.6976156608561875	draw708	True
0.0979198530707044	0.0899865444372956	0.0007844081336389421	0.8407175228260978	-0.7888591900175981	8.140409023609605e-08	1.1495705144663243e-07	0.0009321520937368833	14612.983028686183	-14612.983028686183	draw709	True
0.3391459901056734	10.605837732794326	1.7882691189612168	0.4727670535831336	-1.2568799632602536	4.403928237415479e-05	8.935722865968016e-06	0.8055223701308651	0.0014031906674570002	-0.0014031906674570002	draw713	True
0.02316624032835562	0.2898211294496444	0.19397379286830996	7.469450263608346	-7.665799059637391	8.188312601642565e-05	1.3933831167771799e-06	0.025303530578661675	1.6192297796225559	-1.6192297796225559	draw715	True
0.9606186645175825	0.005508865326417519	0.03416232069707021	0.6428667180826454	-0.04833064139645518	2.047416279028094e-05	4.4554054588066144e-05	0.0503950332760579	1.016145358488964	-1.016145358488964	draw716	True
0.6118380275091703	0.00437765843482973	0.054880922844554016	0.015561422755113217	-0.05771870542578117	3.348045711062338e-06	0.00041986896204031324	0.6145858244966503	0.19623281889241462	-0.19623281889241462	draw717	True
0.23159577804551956	0.15442471270748043	0.1983635881867447	0.22548141889152798	-0.3615643426522224	3.813214167074141e-05	0.00017412520110460537	0.42388411540659027	0.8203306815319538	-0.8203306815319538	draw719	True
0.16433816017986627	0.016627325869133736	0.00040616532148004506	0.01080893320508138	-0.011022123652431805	1.16888468958236e-12	9.281031335395e-09	0.03619221180164418	0.8864365303706531	-0.8864365303706531	draw720	True
0.4107676640697446	0.10543455514325548	0.09814019305742336	0.03253616318819544	-0.11568250325449303	1.1694406337038544e-06	4.3786471472077014e-05	0.600520436856486	0.04154497493105821	-0.04154497493105821	draw721	True
0.3317748758801999	0.0810978642618001	0.015007520074210814	0.027623840169716394	-0.04347941344832331	5.628142045483816e-07	0.0002755303679751845	0.3320557546559665	0.27314278353036625	-0.27314278353036625	draw722	True
0.9337036517806936	0.09687365075930642	0.015867960978522517	0.08908645374615194	-0.05500871856267624	2.3065692714997383e-07	2.047150053325074e-05	0.14949019456864482	0.18503132425301197	-0.18503132425301197	draw723	True
0.0005926299760392913	1.1419137463739608	4.971539457343097	0.1367323444793402	-5.1021356826833895	6.244684815457843e-06	1.229011119422886e-07	0.6974507329747238	0.0012505312354411573	-0.0012505312354411573	draw724	True
0.5847404375345834	0.01514195458641663	0.09957699017099887	0.010132803103967114	-0.1134853274880849	2.9396646514453697e-06	0.0001339144738727973	0.6720844621655643	0.13110878864569725	-0.13110878864569725	draw731	True
0.40606540555094606	1.1678437704390539	6.722316041420273	3.52998621099884	-1.7967121020525147	3.8744150067096497	0.0694986063614161	0.8998238819760881	0.9078844816841626	-0.9078844816841626	draw732	True
0.0013626060890493447	5.806551700765371e-13	0.012246465219737383	0.14849171065953454	-0.15889239827785084	0.001795894318999525	0.08349257511244004	0.0012253097511223721	0.8253353989829705	-0.8253353989829705	draw734	True
1.2508055328495196	0.012671158810480348	0.07315720205450589	0.053188069561790556	-0.09578890632183991	2.2036109809106395e-05	0.001033833198386815	0.5010881911191244	0.4136776102846063	-0.4136776102846063	draw736	True
0.49647410225453276	0.0040264286004672665	0.08359875856557548	0.08577419707285253	-0.09129278991344651	5.587978028740517e-05	0.001566338047096206	0.44260166677862156	1.9152967388517093	-1.9152967388517093	draw738	True
0.2182941201782898	0.24235407687471017	0.9622233496202381	0.22384814973986158	-1.3101444964969815	0.0001361395868187798	5.836289727417708e-05	0.6300167526254401	0.6257019150261122	-0.6257019150261122	draw739	True
0.5126900212090574	1.4053580316109424	1.1229874907678963	0.19205183152825347	-0.792424954846388	3.5933796725073776e-05	1.6888229323669505e-05	0.7698665033355505	0.05288129856214505	-0.05288129856214505	draw743	True
2.853119044972889	0.000279901867110885	67.89193485252937	2.003604760645895	-67.9128352107536	0.002071069099142513	2.3138919638711002e-07	0.7176165238467682	0.007478287162470176	-0.007478287162470176	draw744	True
1.0099412981544327	0.0031747598055673816	0.6450460882639525	0.10319389933767553	-0.6597913877949816	7.529723621313725e-05	7.715296176820694e-05	0.6529463938320201	0.13002627987688234	-0.13002627987688234	draw745	True
0.881295545253255	0.03902792598174508	0.0018650865270408684	0.09133127810731999	-0.06630293679209673	2.743839708448453e-10	3.157816509338726e-08	0.020008432303215154	5.184346968855947	-5.184346968855947	draw747	True
0.396756762985452	0.443691407776548	0.06753735983585973	0.48865631091799805	-0.557734207362905	5.334325980311596e-10	1.6993024095411901e-09	0.12054234613308817	4.35057328085806	-4.35057328085806	draw748	True
0.9987964259645842	0.004685747555415707	0.5600299237268769	0.16321906480378348	-0.5731998936168327	0.00021218362564171946	0.0002535891373117536	0.6122384485166893	0.5290682221831952	-0.5290682221831952	draw749	True
0.5150304148395737	0.09086007705242631	0.0676946492193847	0.09941601313611727	-0.12799660352252765	9.902604901931489e-06	0.0003046156661028448	0.3754530278617605	0.3202644010337201	-0.3202644010337201	draw750	True
0.022754704089664745	0.00015882388543525517	1.3304832536964954e-05	0.041850036611028395	-0.041857632906220896	2.40281131961013e-13	1.371045430490314e-10	0.0003178158122261436	9636.325887880741	-9636.325887880741	draw753	True
0.16863696617324297	0.914516529676757	1.2413461159228019	0.06540547725671857	-0.6098856601767242	0.00013814303418445683	4.724814646787757e-05	0.7259735231227811	0.1624501250959625	-0.1624501250959625	draw754	True
0.04615458845186986	0.5548150512311302	0.8907369504367174	0.18128637199931835	-0.9276579446719894	4.780097792995893e-05	2.4606114788158584e-05	0.6390761354685599	0.07108126860586939	-0.07108126860586939	draw755	True
0.96741311729614	0.011975338261860001	0.017904635864281666	0.037127453103767215	-0.021789476961018142	1.5046659622198584e-06	0.0004492743633136111	0.3093861365087189	0.10244217060929182	-0.10244217060929182	draw756	True
0.06997160477743124	0.11383339355856877	0.02126701530164626	0.4507248276330108	-0.4724733803960122	1.640079803895119e-06	7.347086846046012e-06	0.04501234450994632	0.44404622437476665	-0.44404622437476665	draw757	True
0.1781993289782829	0.11857111808871713	0.13418672547459864	0.309177271218675	-0.45884373992548183	3.987033354272019e-05	0.00018580840416900751	0.28967913530275535	0.7580150594941825	-0.7580150594941825	draw759	True
0.3882738910893425	0.0008878874036574543	0.31566319850686664	0.27763002513913043	-0.3196976741230714	0.00036166380542990265	0.0008007818688357458	0.46970810342831043	1.1941008427471054	-1.1941008427471054	draw763	True
0.19088968935766878	0.33336613472733123	0.16133096245569897	0.804991350228267	-0.973868861605079	5.719871068013003e-05	5.9594004508497036e-05	0.16467431365808596	0.8661371768761862	-0.8661371768761862	draw765	True
2.2052860982767286	0.5889133627832712	0.04172941963302513	0.007923350567469494	-0.0008980792461105516	8.54295117195962e-07	0.0002961986296995443	0.7770158764219238	0.011686620941318875	-0.011686620941318875	draw766	True
0.5534407381204297	0.10603198680357029	0.6237203210014668	0.38413278086784775	-1.121918441199897	8.128018613818971e-05	5.7859113218735856e-05	0.5262394882127388	1.5402236132995863	-1.5402236132995863	draw767	True
0.2716803827714292	0.0027849531535708233	0.44036409619498357	1.1788809725048752	-0.48711851143504886	0.002202084230710086	0.0007820279762612392	0.2624244458103236	11.027082170483006	-11.027082170483006	draw770	True
0.020647482012689743	0.5560415370833103	4.3318127518115634	0.2797823213776324	-4.350814165507338	0.0008009327861447985	2.000760853124598e-05	0.6846509736922406	0.27763774494569227	-0.27763774494569227	draw772	True
0.3060126504606997	0.1932219856863003	3.22894617713079	0.05265708559350238	-4.035596959927089	0.0007576421267339393	3.5746250050475856e-05	0.701364843693093	2.0028062576175962	-2.0028062576175962	draw775	True
0.23638077276341823	0.06419947878258178	0.024649117632270984	2.006285753281154	-1.9943323035941072	3.510493511267399e-06	8.509660102605873e-07	0.012135939308821836	10.18415649097096	-10.18415649097096	draw777	True
0.013381049934709207	0.0011873052363907935	0.0005160124885336943	3.470397182764559	-3.4704405539891034	2.84775534014761e-10	2.3638241237666927e-11	0.00014866764272372852	2409427.6586023434	-2409427.6586023434	draw778	True
3.405057070597215e-05	1.968278446787921e-13	2.088421148112209e-09	10.178813611078425	-10.178813612656857	2.508701715993754e-09	2.421334014745887e-11	2.0380854854235281e-10			draw779	True
0.07003702161080239	0.7881282768211976	1.6426790341386284	0.03529402139401156	-1.5220283174363447	7.057028963156312e-06	1.2798411939046816e-06	0.6995516842259609	0.03667677038485686	-0.03667677038485686	draw781	True
0.6862440538445784	0.0013842499834215921	0.433416818192808	0.03804098046061224	-0.43928063614535773	0.0003840892690628955	0.0009365444083680719	0.6767895356916551	1.797608679930823	-1.797608679930823	draw782	True
1.196085717165193	0.06627414407480697	0.16352717478839754	0.06606122012382803	-0.1895248807714574	3.715536030800481e-05	0.001025234554333632	0.8589951887561432	0.8492128972868622	-0.8492128972868622	draw783	True
0.01936162359275815	0.4064345857362418	3.862104271396493	0.1307823513648614	-3.8124007539070925	0.00020238886681341696	6.558505243908028e-06	0.6952373902419309	0.0787977423815422	-0.0787977423815422	draw786	True
0.2818154542451896	0.03554234249281043	0.06560731269241526	0.6813650722906873	-0.69001120935474	0.00018760541308009897	0.00033365644299043296	0.08749358073211765	18.05335760685778	-18.05335760685778	draw787	True
0.5655308621273984	0.22470829395060152	0.5520648131009798	0.12333650775102592	-0.8490257210417129	0.00019565626354508205	0.0002571237913533562	0.6328696946918989	1.8213287790239172	-1.8213287790239172	draw788	True
0.5552918452951636	0.0013113258968363364	0.2685141965951897	0.15209903984643966	-0.2734546862900728	7.020393553998476e-05	0.00028192626026569186	0.5380891632540455	0.7492020524099036	-0.7492020524099036	draw790	True
0.034826961581149764	0.007164877808050239	0.005489740038763568	0.3955266958884525	-0.4004188523559516	1.857994783904418e-09	1.1551510146790063e-08	0.013688281129413926	751.6866695698686	-751.6866695698686	draw791	True
0.11603492424632224	0.0013427431596777632	0.0032392121019219054	1.0870521917857825	-1.0870513902515753	1.6915867234354e-07	1.4230011748106966e-07	0.002970946838496863	10932.86830856249	-10932.86830856249	draw795	True
0.045891753143491906	0.009937892370408097	0.040949185794284845	0.3880174713947344	-0.37992668226729087	3.730529413836885e-06	2.009017677124448e-05	0.09502806942055309	0.49831007975679725	-0.49831007975679725	draw796	True
0.39466179264523726	0.2152648991277627	0.021252967810799897	0.10139962154543518	-0.11919043876094271	1.634875914574371e-06	0.00010550755242009965	0.17073355382445146	0.27054828610796194	-0.27054828610796194	draw798	True
0.4257822385508326	0.002123605018167463	0.05950929323241706	0.9959966084597793	-0.07799495311550741	3.0031707892866732e-05	2.687078868459361e-05	0.056290477705984	9.381291251959365	-9.381291251959365	draw799	True
0.1642489696351227	0.4096781275918773	1.9084394528084518	0.38294219504093713	-2.122352802581392	0.0016343451802857925	0.00018378778275560288	0.6399776411737981	1.0986713670176873	-1.0986713670176873	draw801	True
1.0385932420808694	0.15728133537913053	0.9626192813452424	0.049504435637782916	-0.8014683870567965	0.0003138031610551453	0.00017825505547789137	0.7255157102337597	0.5822706828937795	-0.5822706828937795	draw803	True
0.34676031950250474	1.4881135495225818e-05	0.8173138577938172	0.11886099574636304	-0.8177812946248233	0.0002578426569235727	0.00016695127750382467	0.6576674445942645	1.6450244788148578	-1.6450244788148578	draw806	True
0.3277296061789876	0.0011509997810124136	0.008537349602868546	0.22119245613258604	-0.2268595993202588	5.6545898330346704e-08	1.0699587337546524e-06	0.037136932227412586	2012.206825025074	-2012.206825025074	draw808	True
1.5347378856323495	0.08395233207765046	0.28671140854091454	0.3160373487272153	-0.37306285676895257	8.19196779695698e-05	0.00018387867167445716	0.4295527488586754	0.17660637329128856	-0.17660637329128856	draw810	True
1.0169149438563643	0.02516174075363586	0.10286895832875687	0.03846130396763836	-0.11152783881379252	6.396890063072895e-06	0.0004342652215833545	0.8475735742089598	0.07618359052707657	-0.07618359052707657	draw811	True
0.012394634091289032	0.00638264248421097	0.005276837675132406	1.4636115530378153	-1.4688401559634865	1.9728774990900264e-09	9.143593669087436e-10	0.00359237887697676	73890.39095301855	-73890.39095301855	draw812	True
2.9970776429216497	0.35559930025835046	0.03192159862451281	0.01112584052782385	-3.445974754053005e-07	0.0003093655935627734	0.1759294641501253	0.7523596825867234	0.08595481290505846	-0.08595481290505846	draw814	True
0.5113359985507926	0.0013072363502073347	0.17245394132198885	0.16862253896097262	-0.17278182514177345	5.161072036628666e-05	0.0017345200725986491	0.9997532589249376	0.5296739886027584	-0.5296739886027584	draw815	True
0.8455313331961143	0.1083497462448858	0.03727416357569115	0.11856699236117765	-0.09045365259209315	4.663523818933616e-06	0.00018163093508520074	0.23261921801461058	0.1786382710284787	-0.1786382710284787	draw817	True
0.08942050125175798	0.346831597457242	0.04311180727189145	2.09624302507826	-2.1322234155897273	4.0214901620220984e-10	8.783043549733968e-11	0.020147689187261498	16.069785703353116	-16.069785703353116	draw819	True
2.7861860859279655	10.300237808272033	0.16186846722220755	0.03308723509716314	-0.07595259546241837	1.485852682864475e-06	3.472753814296784e-05	0.7825487034930527	0.0010993240496456988	-0.0010993240496456988	draw820	True
0.1648954289889342	0.1635600095920658	0.004835426951895633	3.7257926619106048	-3.666452718894956	1.3202683081757232e-08	9.48631533927097e-10	0.0012961417686186579	19685.041511129326	-19685.041511129326	draw821	True
0.7852060780713178	6.269611212308682	0.1643082081445347	0.048983744444527015	-0.10055775281904664	1.1042694910708343e-06	2.740332288617405e-05	0.8185087690221159	0.001337059518308896	-0.001337059518308896	draw824	True
0.009222632782753794	5.200375544747247	58.19957831555574	0.03927578225192167	-57.99390528103633	0.004117791548285117	6.082579137384513e-07	0.7073454152488301	0.011051867109451698	-0.011051867109451698	draw825	True
6.127428560158558e-05	9.691442462043361e-14	0.2173018165362508	3.272678240332583	-3.478007537399695	0.7085572763246784	0.06663908528529527	0.0004831185156615091	1085.1693786336261	-1085.1693786336261	draw826	True
0.1350949658548775	0.1173079683101225	0.03515401921572778	0.4582223240494401	-0.49097802864497564	9.965463106468777e-06	4.07325490125657e-05	0.07107174298785114	1.457482531130978	-1.457482531130978	draw828	True
1.249304316461815	0.004401774708185128	0.27676536230362525	0.5198102389254624	-0.3068659902381612	4.8484696404158155e-05	6.817962713173852e-05	0.32819858088405074	0.5322093390066608	-0.5322093390066608	draw829	True
0.5886823528314837	0.10408051211551633	0.16963960304470344	0.11408360140067624	-0.3288474920700047	3.9954092036502006e-05	0.00036562431258542016	0.513173317347437	0.7501323249580277	-0.7501323249580277	draw830	True
0.8380146159621743	0.005974702594825699	0.8412028886029272	2.772446781005361	-1.0010753831706989	0.0009593766077874356	6.969131418372455e-05	0.22672295874525747	1.8510350925793175	-1.8510350925793175	draw831	True
0.8480879481861799	0.0008878960738199977	1.5866427609133775	0.009944636949041184	-1.6051216810335938	0.0002655943103259681	5.308258885952215e-05	0.7093259000799123	0.21197166939117487	-0.21197166939117487	draw833	True
0.2534434648028869	0.015182991066113174	0.23488430422684084	0.274532115466945	-7.213506170861139e-06	0.007567726805103979	0.024131637297406607	0.41886221158177217	4.025947878356631	-4.025947878356631	draw834	True
0.580825000846244	8.589180775599779e-05	7.131036336283539	6.94681652785087	-7.131886202370568	0.005342944403826939	0.00010499910936463782	0.9996664792633504	1.36305196944757	-1.36305196944757	draw835	True
0.6341995290036565	0.003624268253343429	0.041546092850326136	0.1145446443284981	-0.04553916284058476	4.952357012441905e-06	0.0001898153702299102	0.25721115079994417	0.24541986486829928	-0.24541986486829928	draw837	True
0.7520043206918159	0.0004215695521840022	2.161250826242358	0.004549120170047907	-2.1676541519933474	3.076314527606612e-05	3.286065935081312e-06	0.7063629978845786	0.04841900631404897	-0.04841900631404897	draw838	True
0.2708915216631526	0.005076191462847376	0.10529837287097865	0.01630381609883035	-0.11094877248739946	0.00012015347001529331	0.0046452539177265235	0.6547145389944342	1.9526518145157914	-1.9526518145157914	draw839	True
0.5304605895266032	0.03824213476439677	0.007223909339380321	0.09566300409459563	-0.06586083960247867	1.151315905803421e-06	0.00010822774545301945	0.07003962701093129	1.405641503626909	-1.405641503626909	draw841	True
0.13188894807862855	0.08201658810637143	0.02223083378388023	0.4037214184485371	-0.4255641996817729	4.7436164783814e-06	2.6073922781068872e-05	0.05211996318730613	3.124030478349106	-3.124030478349106	draw844	True
0.6186285076509956	1.9056731515590042	0.07888772634305731	0.009157971177764748	-0.02994674107020491	1.654733822168285e-06	0.00014926990068189853	0.7492581669407219	0.0073862053025328086	-0.0073862053025328086	draw846	True
0.0802363544955168	0.0313150483014832	0.013321566185661696	0.6144903948753752	-0.4135868905039124	1.0735624516174022e-08	2.7225298239674073e-08	0.021214263222029267	1283.3727213156485	-1283.3727213156485	draw848	True
0.12205660937029314	0.04948117352470686	0.0077065884783178796	0.26013998904404645	-0.21850460633520236	1.859282617330706e-06	2.5894875946016215e-05	0.028760485023532522	3.434897660015074	-3.434897660015074	draw849	True
0.7255042668356186	0.026697665645381376	0.008000108407164737	0.05800119887811441	-0.06244785748404014	2.2880760875018696e-11	5.176438602714399e-09	0.12033062557339294	9.332116973593372	-9.332116973593372	draw852	True
1.963162044239058	0.12209370396094171	0.07934771379690561	0.2910610804765104	-8.027645684860474e-07	0.018608188607422714	0.1527459899340757	0.1703741269171829	4.271444865424331	-4.271444865424331	draw853	True
1.359325909762368	0.08312295210763189	0.05907016766296664	0.13944188259231652	-8.696409340078204e-07	0.007152183131981135	0.21643224867810257	0.2482608173166682	1.2541971466544413	-1.2541971466544413	draw854	True
0.20733362496974722	0.010284046874252774	0.0001813920224773974	0.07261433190297731	-0.07250749718841139	2.2191269809124958e-11	4.187624370195092e-09	0.002491787286755322	296.4921396906218	-296.4921396906218	draw855	True
0.6640075876587619	0.006766561070238093	0.09624900812028966	0.004796870798523943	-0.10369278835820325	7.922951703575732e-06	0.00044946547174724714	0.7249380347278972	0.9765327210589728	-0.9765327210589728	draw856	True
0.29966317235801815	0.018598503912981866	0.007288323849220232	0.17652862190368127	-0.18372407146561825	4.366358252541472e-06	0.00012902273602128947	0.03961857066630382	18.40090975839606	-18.40090975839606	draw860	True
2.466727535543809	0.2503948907361913	0.08012583318374195	0.026057985833504185	-9.167158123060681e-06	9.312016869235737e-05	0.005263849565782247	0.6024095573018949	0.10296612509076078	-0.10296612509076078	draw861	True
0.2529688487239641	0.10731936525503592	0.038113268615944454	0.2859761151864478	-0.2575202813359738	1.3895137560357052e-05	0.00013048727850297956	0.11679616682458496	1.7923461661872988	-1.7923461661872988	draw863	True
0.9874733547702789	0.2925528238897212	1.7364367047721163	0.20017906742563668	-1.010415107182336	0.0004563192996851434	8.489186754403933e-05	0.7489582023776701	1.6848460070904907	-1.6848460070904907	draw864	True
0.9473378640600787	1.8320274593999213	2.408779281732965	0.5952834908382562	-1.6837778797592964	0.00023042899413791145	2.534697870925211e-05	0.7988983881760566	0.014338836147477402	-0.014338836147477402	draw865	True
0.43774143335485294	0.3872210270891471	0.34357572616249904	0.09647327410312061	-0.4639672105424177	6.190355355531235e-05	0.00019860789537218905	0.6154076966723192	0.2801561590597785	-0.2801561590597785	draw867	True
0.4698776811735909	0.012884741888409094	0.009791090198506415	0.030001750130032638	-0.03813803070946524	1.2527728630668432e-06	0.0007459959484726819	0.2389247396626807	2.732378577148979	-2.732378577148979	draw869	True
1.267558018016966	0.04595494834303383	0.1618853452645946	0.0019050283865022551	-0.20028816805838692	1.6038616955114758e-05	0.00030242533134846927	0.7029640904081448	0.39476332320126883	-0.39476332320126883	draw873	True
0.5213179991703254	0.0643624060086746	0.03794584920130647	0.08430011886665195	-0.12383047765783192	5.5699259530355816e-06	0.000339962284712172	0.29645219802962847	1.2923840872940906	-1.2923840872940906	draw874	True
2.0089668295939647	0.01895802120603512	0.04339167491954915	0.11706898628795269	-0.06619085624554685	8.520127910504474e-06	0.00030836014864879996	0.2610430875719217	0.4205865022618081	-0.4205865022618081	draw875	True
0.5043607922695825	0.03712337661241747	0.029826959609846906	0.10552398570842014	-0.13785827701462328	3.103137837301383e-05	0.0016154460922225625	0.21520037239671252	10.524956002763004	-10.524956002763004	draw877	True
1.023737403602938	0.0057975463070617595	0.04093787716962934	1.7354959694990406	-3.683049583206449e-06	0.06712828626308548	0.022623161012661375	0.007281792681525443	796.5958262320934	796.5958262320934	draw878	True
0.018428497023021063	2.124252897893772e-05	7.822900834413452e-05	0.16220881875592397	-0.16222792258762705	8.153808628352488e-10	3.095941141989571e-08	0.00048204092960054025	37723.70086584622	-37723.70086584622	draw879	True
0.42417862497840086	0.13351044262059916	0.49121451683310124	0.17378203931618724	-0.7139144760248239	1.2096981628878462e-08	1.7698269363466943e-08	0.5941527104603992	0.9444190828614675	-0.9444190828614675	draw881	True
0.6106368838383994	0.007045679691600449	0.4418079262853907	0.010372254961435038	-0.4692778983031783	0.00013822394291644748	0.0003458564793184947	0.6988593750733381	1.112672738439801	-1.112672738439801	draw882	True
0.6682410314174196	0.003692132726580395	0.043400262433165686	0.29061146068507365	-0.05571101468534094	2.770896691236759e-05	0.0002442451572882025	0.12885296076695077	1.2995018453718685	-1.2995018453718685	draw883	True
0.3711067737495522	0.0042637560874478	0.018904568854340578	0.143058082835669	-0.036363845422498944	1.727100711726759e-05	0.0006495506476721744	0.11593317537668331	3.155197013317681	-3.155197013317681	draw886	True
0.29009036974903113	0.9368653122209689	1.232095766968776	0.008942506602699195	-0.6744697313891238	0.00028770862104251723	9.407689033054404e-05	0.7045462417528803	0.21253503151646494	-0.21253503151646494	draw889	True
0.005680374864405807	0.020539818620094193	0.004791416904131736	9.818766511543204	-9.823280358217593	4.2718139199978286e-10	4.426644057489842e-12	0.00048774755226495313	654989.3885743397	-654989.3885743397	draw890	True
0.049707198976437175	5.340393007553563	1.8900687052284562	0.15642523395692273	-1.7171830344149717	1.4751776472017083e-05	2.242634073950665e-06	0.7369442558135693	0.0008540483302101869	-0.0008540483302101869	draw893	True
0.7030012987503313	0.6150169514896686	1.169750951346466	0.25796114283695093	-0.9512886099872565	0.0003753813105944951	0.0001706528190017135	0.7887035823861873	0.1359086029150993	-0.1359086029150993	draw896	True
0.001253479035142425	2.1057390427148577	21.66658094669997	0.04120796561329745	-21.688781281460972	2.7600947625165254e-05	2.9341832931476347e-08	0.7064346732329072	0.0018228953513856315	-0.0018228953513856315	draw897	True
0.2744138555182638	0.0136783260057362	0.0033105536928089378	0.07191318268924377	-0.07000122472891261	2.5213544956151995e-10	4.447170367510933e-08	0.04396687149378978	14.861158384581799	-14.861158384581799	draw898	True
0.789403823506453	0.04061914438854706	0.02650545335223853	0.2020117843595691	-0.13896722349661064	2.159534293855426e-06	4.0805470608299746e-05	0.11521641372142538	1.2644038256079513	-1.2644038256079513	draw903	True
1.2269096292656534	0.28507260505434656	2.65425342856034	0.3582474923781736	-1.2105809876292641	0.0037052447814153963	0.0003008305319184511	0.756301350715932	3.2123804739751036	-3.2123804739751036	draw905	True
0.016211502979298832	0.22608660026970118	0.03686939943401145	5.391449390762464	-5.428367571753052	2.133971705492606e-09	7.241656715124633e-11	0.006791890910822085	449.7527701973387	-449.7527701973387	draw908	True
0.00034475692149516424	4.032835722047359e-12	0.3941402157307854	0.580299483210391	-0.9739627061823695	0.22853136147563816	0.4316357804627528	0.36279707888328366	168.662455672171	-168.662455672171	draw909	True
0.3681878266084718	0.5038982636695282	0.3421502238401531	0.4695453222486961	-0.8473913518645941	3.2510403952914655e-05	4.189936288768759e-05	0.388426948495813	0.23329855403121275	-0.23329855403121275	draw912	True
0.11009720864330015	0.20578293024569988	0.03439875126904659	7.767002090902719	-7.7112328814285975	1.6726937008398818e-09	2.7482914879039054e-11	0.004409261563975959	7844.24231210763	-7844.24231210763	draw915	True
1.6033812360766109	11.110778868223388	0.32255211574454645	0.09345369858828131	-0.19633752628670154	3.0032646448674212e-06	1.9187007641920626e-05	0.8152798665320282	0.0010417947332490476	-0.0010417947332490476	draw919	True
0.6382710629719132	1.020502619208087	1.5685182966391424	0.4275065088458264	-0.43266131809725106	0.00020406243961073245	5.4240800483317675e-05	0.8086695616712454	0.06826233478023629	-0.06826233478023629	draw920	True
0.011217869524786008	1.348832121575214	9.83605762621899	0.016353863126732333	-9.758241745924813	0.00019457079126081712	1.0038837955533004e-06	0.7065191927122219	0.016868636317690342	-0.016868636317690342	draw923	True
0.2809848619847667	0.8858840469652333	7.9819039285108335	1.2449979697612945	-3.3403927025725455	0.003797624908172618	3.4809715895884184e-05	0.7641888590019157	1.152715686653275	-1.152715686653275	draw925	True
0.0007863244034529948	4.112664944536546	7.080649280721643	0.01562442308124602	-7.093863869885777	6.819793175594883e-06	6.7863571524177e-08	0.7063270480296641	0.00014081915492987026	-0.00014081915492987026	draw927	True
0.8900555870654098	0.005028452846590194	0.06311182150194615	0.471190596394527	-3.329080896265213e-06	0.011973350663694041	0.042171065444815276	0.11078004824376135	40.96065862291753	-40.96065862291753	draw929	True
0.9778927916659911	0.00012498241700889325	2.6685400329610713	0.08018560484554585	-2.6704736865710106	0.0001441643019432462	1.043105350004545e-05	0.7178090704783091	0.07595983199286958	-0.07595983199286958	draw930	True
0.8730470217818636	0.02041700205113651	0.10644603538281978	0.5490592777015524	-0.1794961497764304	4.769446570147129e-05	0.00010814631863466796	0.1602880961709894	0.6319229240836213	-0.6319229240836213	draw931	True
0.8804956330990806	0.34101586365091946	1.7509835413298502	0.5004200964723844	-0.8301340523946209	0.00017498009911135103	3.7793883480504936e-05	0.8137640398705038	0.13177443322157167	-0.13177443322157167	draw932	True
0.001678909654035852	1.079057171135964	12.08184711216574	0.045997209163455184	-12.106797463882849	1.459214222521714e-05	4.9793078056632636e-08	0.7057620396488827	0.0007071692737548906	-0.0007071692737548906	draw933	True
0.057088774363353384	4.722161501016647	4.637490638859955	0.019276264375702904	-4.550633704617138	0.00014416611563192598	3.3656759312598636e-06	0.7085778886583358	0.005649550981497928	-0.005649550981497928	draw934	True
0.4705377900331567	0.04486070263684331	0.0066213173617640985	0.46098158887091806	-0.46623738520309943	6.241800549634177e-09	2.854094916221362e-08	0.01415870935271689	36.31840304040759	-36.31840304040759	draw935	True
0.12867918866675773	0.0946426389502423	0.05738602192023298	0.13916260927805638	-0.16262347511751407	1.8325429455430644e-06	4.371052953914834e-05	0.2802670668283126	0.0646999261293828	-0.0646999261293828	draw937	True
0.4101349087485988	1.739712949661401	0.43546575332516335	0.06300270845619658	-0.32994827867787585	1.2349543445671886e-05	3.760986575738118e-05	0.7599402482065655	0.009576743680287592	-0.009576743680287592	draw939	True
0.6692514119479452	0.035428701459054746	0.3007492472782862	1.2655923019131259	-1.70795957599168e-07	0.19774753060838832	0.0818187720169125	0.175888763012184	5.274591133300598	-5.274591133300598	draw940	True
1.505505751675157	0.20180244128484293	0.03401122555132634	0.04526696231933406	-0.07337742552874169	5.751940035191213e-06	0.0007729264824320435	0.39426070629736726	0.1429776114157378	-0.1429776114157378	draw941	True
0.0022220457556983444	2.3662540758843016	13.435724895888516	0.050602950880656125	-13.463246294358505	0.00016047049850848537	4.427997038039575e-07	0.7057764497544576	0.003748210108994813	-0.003748210108994813	draw942	True
0.49692504823899736	0.01714202242200264	0.041787251074874174	0.36728783353400907	-0.07682914776482963	3.266437539113165e-05	0.00019317913564496873	0.10162158308730557	1.0283412265147045	-1.0283412265147045	draw943	True
0.3173288029398982	0.004446725709101816	1.4699058958776188	0.17950392381790478	-1.5261875748787488	0.0020169279756548104	0.0005271946285289803	0.7515013736493056	3.1364589750674914	-3.1364589750674914	draw946	True
0.8351582685847008	0.03828487901829928	0.3149657233172542	0.12966455357926918	-0.3387801970860635	2.967972039449885e-05	0.00022225350013919113	0.8619016098757148	0.21370581474736774	-0.21370581474736774	draw949	True
0.35168477599449804	0.0002011479605019892	0.09532925094901107	0.10685637806731142	-0.09543062108665984	1.2870692189612113e-05	0.0013958720394529518	0.9927685858139925	0.3038217331831364	-0.3038217331831364	draw950	True
1.0972425573750602	0.25841459586493976	0.94202154768555	0.033420255369801866	-0.7111422792421602	0.0005810719298576248	0.0003392186925496324	0.7197567615781355	1.531450023442116	-1.531450023442116	draw951	True
0.21709683365609767	4.931497720173902	0.4473091283660684	0.0018742386088939553	-0.42157783558251977	3.30292404883471e-06	8.288439216762176e-06	0.7085897174069626	0.0009679554727237379	-0.0009679554727237379	draw952	True
0.004383224270307522	0.4180843955576925	1.324797590937026	0.015783054370344888	-1.3282467819627732	3.6685031537036455e-06	1.0327280432322624e-06	0.702907320541566	0.0062488418897490286	-0.0062488418897490286	draw953	True
0.007703456785836331	5.648639770484164	39.36456137739155	0.06469923541214728	-39.22992044118576	0.0020925028377625277	6.762994413294495e-07	0.7076881167213581	0.005720925564662279	-0.005720925564662279	draw954	True
0.0006768674797198688	3.3413120663881856e-13	2.3052836511836494	1.96915231632294	-2.600455775992045	0.6804554733782591	0.12470435650181588	0.986673607419018	266.1644327697618	-266.1644327697618	draw955	True
0.33918003279982073	0.1779359668841793	0.027585738602989053	1.1174104184501676	-1.11951244679816	1.6663837137124025e-05	1.2703252963547887e-05	0.024085436597617603	2.0919214298599953	-2.0919214298599953	draw957	True
0.0010781828650300272	5.3491209131549695	75.65185081803885	0.01115941926031814	-75.63800367775194	0.000510130200254326	4.456027490007507e-08	0.7070546304289033	0.0015568296458347934	-0.0015568296458347934	draw958	True
0.9070708435683027	0.036424414024697295	2.7701212866271576	0.12924170088128878	-3.1626410505966294	0.00035340653245768527	2.197818587188644e-05	0.6908080963928652	0.22813462207258486	-0.22813462207258486	draw959	True
0.3404905512475607	0.37127250231443926	7.847716418392319	0.2981519513315205	-2.240047271032556	0.01393649579811688	0.00011752558119849754	0.7206638011341081	3.9204784345617942	-3.9204784345617942	draw961	True
0.06669820291143341	0.0893981411005666	0.018893736194792055	1.8270856545989655	-1.8452367457134122	7.385882874741557e-09	2.1672211337074125e-09	0.010234538230517681	2243.93703035796	-2243.93703035796	draw964	True
0.18075141409634252	0.00027066839565748323	0.6633028096355417	0.4165215378779629	-0.6663756947785455	0.0008706056647747466	0.0017381769385341735	0.9372339101186745	8.403758300189969	-8.403758300189969	draw966	True
0.44235663076771037	0.16009970283528968	0.003681264028144807	0.08448182625120595	-0.08750422221461827	5.266037309380675e-07	6.76322512686031e-05	0.04171875634997959	0.5319835741270617	-0.5319835741270617	draw969	True
0.00022094914404807638	1.3920081044559518	6.173906768371978	0.04242991895838855	-6.213787758362397	1.1800527288398084e-06	1.537328350759842e-08	0.7046811889501305	0.00019293595532365542	-0.00019293595532365542	draw970	True
0.7639730322095806	0.28290061113041953	0.5422813336997777	0.0045812962768852425	-0.3109856081176547	6.465426663172569e-05	0.00011086273642877661	0.710098924707739	0.672533657588308	-0.672533657588308	draw971	True
0.007822144600145513	0.0015762777891744869	0.02185076997316308	0.22901770560493015	-0.2509024701938103	1.7280734328128535e-06	2.7251328405022005e-05	0.0867719717094314	2.65214894219316	-2.65214894219316	draw972	True
0.44339504750965086	18.31014688979035	1.4975193005104275	0.4543151537042691	-1.010163180405716	1.313778889049297e-05	3.944288239675028e-06	0.8205321671982063	0.0003876375989722584	-0.0003876375989722584	draw977	True
0.3431462715056328	0.004477177273367136	0.9204335625626845	0.5733766377956996	-0.9350026882818547	0.0007317113470262769	0.0007561759738799603	0.9356942716916385	1.5759625200969305	-1.5759625200969305	draw979	True
0.02457838933763312	0.4053517929653669	0.026022886224660084	0.22458698854301354	-0.2509327390607343	1.6396102754127556e-07	2.5827752175628126e-06	0.10328290683871108	0.014372838617335234	-0.014372838617335234	draw982	True
1.0780077853002812	0.001601641069718859	0.11819247889986344	14.954223704871314	-1.7692698274229812e-06	1.4655688770871642	0.00649564902029076	0.0044409898495298425	35429.29622493919	-35429.29622493919	draw984	True
0.39555673733594526	0.17994946113005483	0.4245338817329159	0.3238790339751229	-0.735650888625582	0.00036517793159765997	0.0004932505576822122	0.4933938397636252	3.1855459739264984	-3.1855459739264984	draw985	True
0.6005608755181846	0.45631991117181553	0.04830974107039143	0.03220527646449948	-0.0566062280414126	1.6630306088692293e-06	0.0001886271385263234	0.5145015118067717	0.015173577279743314	-0.015173577279743314	draw986	True
3.0760334644315273	0.19256086475847228	0.0970074023669431	0.008511118518442917	-0.033585688586798584	2.2260935526162902e-05	0.0010835751630239915	0.6768031766718238	0.25324438338229793	-0.25324438338229793	draw987	True
0.26160209359596504	0.008931940203034932	0.06769180458657176	0.30746917250672645	-0.38141714450274206	0.00022621517158193325	0.0015566142912577922	0.1775618136678671	134.1310979868849	-134.1310979868849	draw989	True
0.19661703687921134	0.024583734025788662	0.06807338238128469	0.48878185880923775	-0.37669043016396436	6.208089980526514e-05	0.00019725654772668287	0.12134265047202435	8.8607102587853	-8.8607102587853	draw992	True
0.3053007515612564	0.0002858888327436451	0.12894481607831418	0.3305275092503126	-0.1312250948479348	0.00015981538846399906	0.0007017422311500736	0.2701979431246801	2.0942552963553482	-2.0942552963553482	draw994	True
0.11752824235612659	0.20953511716887338	0.5135364213782123	0.2484940395591848	-0.36910546943793554	7.131128593800275e-05	8.445101679997047e-05	0.5588490981096682	0.2583377106694888	-0.2583377106694888	draw995	True
0.03344921683422106	0.01026364445087894	0.002742409696819489	0.5876064041205574	-0.5903491953106068	1.2597735812241586e-09	3.6146456963936973e-09	0.0046453554963858164	6734.501043484449	-6734.501043484449	draw996	True
0.11487268416134021	0.0032607313586598017	0.0007763299916276623	0.6125393782046017	-0.613096433450404	1.0762693301694417e-09	2.8612255391201144e-09	0.001265790781965598	9232.332985856927	-9232.332985856927	draw998	True
0.29201553906842953	1.6918103373415705	2.4336045645573807	0.005634419144158215	-2.390239278912192	0.00030984681466174417	2.6219370639228704e-05	0.7079256115330184	0.042297261819866434	-0.042297261819866434	draw1001	True
0.5824044011075213	0.018329771112478625	0.13659709629892777	0.15372261724642575	-0.19219798652255093	5.2862696567538347e-05	0.0005135085443501655	0.42573601386888077	1.2700490829863262	-1.2700490829863262	draw1004	True
0.8344302201142954	0.2694459328757048	0.8420493550310169	0.08501584792157489	-1.2485739607999893	8.474907217889333e-05	5.403203034993516e-05	0.6723504721058041	0.1555086153834322	-0.1555086153834322	draw1005	True
0.010752182803854557	0.004972840648945444	0.0002673264324073273	0.8280325585674707	-0.8282109339010738	1.6860319615680194e-10	2.4574831894561316e-10	0.00032274110288338007	364004.66474455094	-364004.66474455094	draw1006	True
3.356941268637812	0.088217103342188	0.028614945139067698	0.008778565488222007	-0.03443437565486745	3.308240402503283e-06	0.0027288246955587	0.8218289366007093	0.1246859820397741	-0.1246859820397741	draw1007	True
0.21817236580751828	0.1484128399374817	0.048723309228639315	1.8577198441956306	-1.8373243013847513	6.90764388952002e-05	1.899322230697875e-05	0.025548829793757583	6.1132533869800305	-6.1132533869800305	draw1009	True
0.5435843332692475	0.007002194117752504	0.011548883839708654	0.40307987138540624	-0.409940012634026	1.15387318911625e-09	6.706600608322309e-09	0.02784275418414102	201.68486393099175	-201.68486393099175	draw1013	True
0.5091998363771367	0.10829163854786329	0.006679985281184242	0.1001006516211348	-0.10698632748975291	1.0080441143792411e-10	8.806396341746864e-09	0.06243596811170619	3.3875160691920385	-3.3875160691920385	draw1016	True
1.0911603587837084	0.11635296191629145	0.3739866544600256	0.010979111533251975	-0.5349995614765045	1.961395747472422e-05	6.808875491759624e-05	0.6968048830390892	0.0704534905511553	-0.0704534905511553	draw1017	True
0.22228608753161191	0.04120237231538806	0.03808298474907567	0.044427240305133855	-0.07727909613837365	9.951032660632818e-06	0.0012049909399927655	0.4190707155298991	0.945622671442932	-0.945622671442932	draw1020	True
1.4054249843665976	0.2826121561534025	4.430613637741656	1.198124810866727	-2.5139198642687575	0.008808320040945169	0.0002928362795231433	0.8078482105478583	2.534081821386824	-2.534081821386824	draw1022	True
1.5561109877698733	0.0002512589601266495	1.9412573080181932	0.0007870156120171612	-1.9432693441722668	3.578327435648263e-05	4.7457827609310295e-06	0.7069634987362662	0.010783847248893747	-0.010783847248893747	draw1025	True
0.10114330717068899	0.36042944835031104	0.7449270124175665	0.21707361722511206	-0.9394970082129426	8.327986420113543e-05	5.625644062723281e-05	0.6122514789111354	0.23018060980535335	-0.23018060980535335	draw1026	True
0.008711895811698709	0.36959641726130127	0.22409003792698953	6.063782452722048	-6.289877674658703	3.289337105555571e-05	8.309017708955305e-07	0.03561584069845219	0.4614967038905302	-0.4614967038905302	draw1030	True
0.8051982721544058	0.28508883329559437	0.8204194319256753	0.1830343413877502	-1.2682067595390036	0.00011488546186401716	6.838390130981606e-05	0.6329659329000161	0.3814976044210362	-0.3814976044210362	draw1031	True
1.9831486053787348	0.07395168395126514	1.0340504245674769	0.2986696888088828	-1.2389725332942059	0.0003738424133435757	0.00023219369877953733	0.8149343806456216	0.7062816935347479	-0.7062816935347479	draw1032	True
0.013002230785691219	0.004722136685608782	0.002227978480864856	0.9262208398651135	-0.9283638821890989	2.7027095521378586e-09	3.1353132654400567e-09	0.0023996713898626607	62175.2698085338	-62175.2698085338	draw1033	True
0.5211734564512823	0.014307041597717653	0.21865636480344877	0.24546929267793235	-0.2657342174326368	0.0001650675250000596	0.000627102350230443	0.42618693608377217	0.8964794325113609	-0.8964794325113609	draw1035	True
0.2281002713144997	0.018478846910500297	0.009173690375240413	0.11337476826840455	-0.07279241934266373	2.1725129731285803e-06	0.00014385334302537	0.07464866860576803	2.5546995684866927	-2.5546995684866927	draw1036	True
1.118685262214942	0.28518278484505827	2.1241684636235343	0.3243875324066906	-0.9082070327091516	0.0010186075583440662	0.00013141111498528145	0.7629596264773574	1.7611606621657312	-1.7611606621657312	draw1038	True
0.5514375682364532	0.0009962926475468447	0.048308165376788594	0.08367521961227087	-0.04960979605572352	2.23353412536846e-05	0.0011307232155134642	0.3437164600238799	1.141964365723855	-1.141964365723855	draw1039	True
0.0479567476642408	0.9412964261487592	0.4991324460502694	0.0012781076772815205	-0.31652891682617945	9.407702192030967e-06	1.892927228316168e-05	0.7080125906482622	0.03288076298096482	-0.03288076298096482	draw1042	True
0.2975194744691984	0.0029745968298015967	2.1871665861013794	0.032027317217374875	-2.2388111859725957	0.0008090180409884892	8.333081561105903e-05	0.701949023149366	0.5989126637370363	-0.5989126637370363	draw1044	True
0.3289498947950207	5.599759697933338e-05	21.54181514241515	0.8485704540183404	-21.55350457008812	0.009462793130705785	1.0605419356025157e-05	0.7211681610724862	1.5004858905660357	-1.5004858905660357	draw1045	True
1.7036109504485042	1.0282269390014955	2.022084724773079	0.6141641421077135	-0.5260002037903191	0.0013215347800656844	0.0002176774751874056	0.820666660371738	0.17971034580930378	-0.17971034580930378	draw1048	True
0.09074157455156694	0.22028042822443308	0.21724170920819527	1.5704376599205563	-1.795997771101617	4.8697676384395424e-05	1.5016282558915903e-05	0.12063415986367254	1.24677617287493	-1.24677617287493	draw1049	True
0.019493728280501284	1.6338283342494988	21.589231517064633	0.1017950036703508	-21.110037932299946	0.0032115412659046664	3.461440479568359e-06	0.7087757731339415	0.05738231605686912	-0.05738231605686912	draw1051	True
0.3816438308318489	0.7482590193581511	0.17666501686178268	0.013741637869119559	-0.06733680625257987	1.6943075116942378e-06	2.9336343431732083e-05	0.7351186340168196	0.03407219894922343	-0.03407219894922343	draw1054	True
0.08155555279462372	0.3979896773273763	0.11574013916301108	0.01481659196833634	-0.1167929687333459	1.208294880775189e-06	3.969321878673214e-05	0.6633697918569057	0.01605700239806846	-0.01605700239806846	draw1056	True
0.235014169509042	0.06902467762995798	0.025151754662220506	0.8517193951474921	-0.7833376256113491	2.3123152262964798e-05	3.0048190517219948e-05	0.02867171641211255	6.7963422445703365	-6.7963422445703365	draw1057	True
2.3079370562988688e-05	1.9781130986638473e-13	4.341852830100758	8.662871732372185	-13.004724560632404	37.612914139665314	0.3825982257910162	0.23056303618144836	667.5269090114128	-667.5269090114128	draw1058	True
0.5661761807200876	0.2223542741519124	0.16189496098101383	0.2937606249635873	-0.47375255895195145	9.076356796408135e-05	0.00038815753287432277	0.3347968025970106	0.8639464708695224	-0.8639464708695224	draw1060	True
0.4733008109798519	0.014624391357148095	1.5173461318309678	0.6653473601892249	-1.6224087955509807	0.0005714766408828674	8.087136011187819e-05	0.5707984575347858	0.46012827070577816	-0.46012827070577816	draw1061	True
0.1583009665051327	6.955944140214868	0.5431103369780507	0.011127693255734794	-0.5351361248660561	1.9294264151189864e-06	3.204236152505065e-06	0.6999003599457564	0.0006370484957593546	-0.0006370484957593546	draw1062	True
5.7439002360821984e-05	4.686916566577639	276.9409528370835	0.0900488580598144	-277.0262863930902	0.0003637153870928802	2.37036977865138e-09	0.7069918307112836	0.0003884100382256626	-0.0003884100382256626	draw1063	True
0.4899026213680394	1.3914208377219606	0.32361640824486926	0.0015166590759437414	-0.21641494813466647	4.862656022949122e-05	0.00023324256291033907	0.7087574703111014	0.054176880957398345	-0.054176880957398345	draw1064	True
0.15027790010623618	1.5368252267437639	0.7796237603975156	0.01753818278697057	-0.7647235733406545	1.8454723553249403e-05	1.4843573782621813e-05	0.6991985714145401	0.015948841510604075	-0.015948841510604075	draw1065	True
0.6194699306960223	0.00046535186397766174	10.3794465164305	0.10787642775204105	-10.404322849970786	0.0015206261889472745	6.984421249745673e-06	0.7034418058124365	0.23347919991105906	-0.23347919991105906	draw1068	True
0.3813787042065628	0.01612069073243721	0.13408897125926175	0.13453535425996194	-0.16556573275781572	3.284220097948499e-05	0.00036435139869306035	0.44661883713661266	0.6855650050429651	-0.6855650050429651	draw1069	True
0.7141395848847402	0.20397921757925985	0.03388907124625161	0.014313880843396107	-0.0359263497919743	6.095455681078972e-07	0.0001755607200860723	0.5751355875469795	0.021320563409992763	-0.021320563409992763	draw1070	True
0.18392772333301238	0.04375426711898761	0.13038362052755484	0.627012505981468	-0.5669904658650635	0.00012405364928150608	0.000210029544156852	0.16965166879049326	6.569448390044725	-6.569448390044725	draw1071	True
0.48720267202811124	0.1713550091608888	0.9195179200925065	0.10555925885367147	-1.100143869872979	0.0031057003499723513	0.0016378617992284118	0.6677568086778751	9.735864833730899	-9.735864833730899	draw1072	True
0.24024225645166034	0.1490412516023397	1.3671833215894238	0.17861682034668927	-2.0318786398179287	0.0013352929256331947	0.0003135461551391426	0.6625050456653357	1.1407464779420737	-1.1407464779420737	draw1073	True
0.1666187049325668	0.19924298246143318	0.17773469322088298	0.32919800450193804	-0.5319430506694038	4.7025922596313004e-05	0.00016296173511059266	0.33086156498761	0.9083094577962827	-0.9083094577962827	draw1074	True
0.5303223227238567	0.008201288302143358	0.01754451767591217	0.09432484749521784	-0.028915926566281575	5.90324668512294e-06	0.00046038040331766007	0.1549360610032124	1.1671137364763957	-1.1671137364763957	draw1075	True
0.06516673144009436	2.459747750139906	8.501701715230377	0.6473782141189586	-7.559531539569976	0.001399158129725073	1.044386897348515e-05	0.7345192307713122	0.041265401602731594	-0.041265401602731594	draw1077	True
0.29950990609701794	0.00013840800998203743	1.2124239179437757	0.9584413577510649	-1.2132101930736794	0.0005824791166886853	0.0003795940729198458	0.9787550715025936	0.920660168442956	-0.920660168442956	draw1080	True
0.3663703352003472	1.4840217089796528	1.4726629829081872	0.034039174642639565	-1.1917625137099783	0.0002767735452829648	6.530178774910834e-05	0.7153253512457862	0.08118652987203091	-0.08118652987203091	draw1081	True
0.48245031892005724	0.004242065731942732	0.007466606714853557	0.06185140486676763	-0.019395433069150737	1.3008239863081994e-05	0.002676408925461204	0.10706712737285552	5.674273339641175	-5.674273339641175	draw1082	True
0.3018114325634899	0.00356877030151011	0.05311335279244323	0.9569652567349078	-1.011752497003875	0.0005881509012791514	0.0005748867222456729	0.05250788392939792	1374.290203701723	-1374.290203701723	draw1083	True
0.6199426626902462	0.010395279113753786	0.018258093820029374	3.888999685118161	-0.2372042950852383	3.703104072554517e-09	2.425561560671946e-10	0.004672815404217612	2427.5672717357575	-2427.5672717357575	draw1085	True
2.300008068878751	0.10203998045124872	0.8147873444597596	0.00011533847098014562	-1.0400609575687825	2.2023545381034536e-05	1.6589315012894747e-05	0.7071554366912574	0.027991995845467035	-0.027991995845467035	draw1086	True
0.09983681892181742	0.06336893385818256	0.05064217742823731	0.3543590906539625	-0.40125540433984397	1.4267223447993809e-05	8.564240487349956e-05	0.1240757657364286	3.256948620079636	-3.256948620079636	draw1087	True
0.04602745917325733	0.44122144468274266	0.16774551678468028	2.0783597707366486	-2.251321271820545	2.6469674896970027e-09	5.217624589780257e-10	0.074475432231975	10.416310894590287	-10.416310894590287	draw1088	True
0.374446679359729	3.1556169271034365e-05	1.4576135667631755	0.06946649815386834	-1.4590652492665248	0.0015533148580558803	0.0003485437590683296	0.6904643818771922	2.407185555229885	-2.407185555229885	draw1089	True
0.566873382191875	0.03619306521512505	0.0044673144098503195	0.015814398017022738	-0.020150436602553373	1.0870009089950845e-07	0.0002520262938100519	0.2151068338135126	0.755904854694124	-0.755904854694124	draw1091	True
0.5991891513986646	0.0009655774253354555	0.002204711914261295	0.1604228762480926	-0.1622895365553316	2.455410067256277e-09	9.282303882613032e-08	0.01355556809566251	522.9284380551532	-522.9284380551532	draw1092	True
1.586560698650502	0.03435794528949794	0.9104672882689755	5.012350011205157	-3.9428087171278214e-06	3.9576433642548725	0.12842026420606933	0.10286439537449861	270.1269372806711	-270.1269372806711	draw1093	True
1.3142395270504588	0.22419306521954124	0.3302013968022405	0.3110538054480135	-9.34873979341333e-08	0.07572799683699102	0.1718824664616372	0.4738848287441765	1.9354488905591014	-1.9354488905591014	draw1095	True
0.13249063545879672	0.016301078371203273	0.00035003726775005963	0.140138637367316	-0.13951996665479588	2.086498442148592e-12	1.0571405650598405e-10	0.002491561560251807	771.7212237341136	-771.7212237341136	draw1099	True
0.535455664191093	4.299529681868907	1.921287133939444	0.1880370797337228	-1.52861487772271	0.0001470196199037785	2.1957974563255803e-05	0.7425073641189232	0.022338601518733556	-0.022338601518733556	draw1100	True
0.10286593305116404	0.005410740554835963	0.008146138309847877	0.5109927591900701	-0.5171106090206555	2.788238909873243e-09	1.0343223770700946e-08	0.01568970391761771	256.95424786199595	-256.95424786199595	draw1102	True
0.9225464344206378	0.007996928276362189	0.0307998613139289	2.2195780966366154	-0.2649782176550217	1.2351531859167353e-05	2.4385324991762407e-06	0.013685246258336737	6.686102349340347	-6.686102349340347	draw1103	True
0.516117136765481	0.02334132260951903	0.10985415694973284	0.04829675970637	-0.12089935821810711	7.3112119314689485e-06	0.0004610641394855676	0.8723735048528881	0.09239894882021413	-0.09239894882021413	draw1104	True
0.3512898744625923	0.3989141939754077	0.10956167451209141	0.0972588589530402	-0.1671412373349328	6.335542172369762e-06	0.00011565748304426547	0.4681161518913267	0.05726151219070882	-0.05726151219070882	draw1106	True
0.49174478798005444	0.11154180438094555	0.136198406747614	0.08226630224112672	-0.25749148278388917	1.758631657509684e-05	0.0002653464836505802	0.5290432930099793	0.5172238638114324	-0.5172238638114324	draw1109	True
0.08976896420139274	0.009656457521007253	0.0016263605563930504	1.5014317937753003	-1.4992867436597404	8.363968650002446e-09	3.702203778736833e-09	0.0010820337188365873	26624.189808490075	-26624.189808490075	draw1110	True
0.23525962399034078	0.0001322474186592277	4.1422789295456655e-05	0.05494040027302132	-0.05275881632786405	2.2021102467797295e-10	7.284512252870781e-08	0.0007533903663312931	1097.6107818844519	-1097.6107818844519	draw1111	True
0.5229886580116336	0.21711651509536628	0.10396379146947964	0.1164404503979317	-0.23265897469206484	1.4943504887658302e-05	0.0002516314404329774	0.42661710517752865	0.23485724395473676	-0.23485724395473676	draw1115	True
0.5105064802882492	0.014662175252750794	0.008525983387901045	0.019133795606948688	-0.02689397900406629	4.128307328039996e-06	0.004928551680346263	0.29455243417007715	4.594283630498799	-4.594283630498799	draw1116	True
0.020819793412002595	0.38045853770699745	0.192668785883052	0.02045781868046966	-0.20296596091032754	2.952890796536203e-07	3.5773445229825535e-06	0.6706069520337407	0.0020490552458927083	-0.0020490552458927083	draw1117	True
0.4973223409165991	0.9708045891534008	0.23510408020643658	0.041767019032470445	-0.2043456152056104	1.397826306318542e-06	1.0595088716982871e-05	0.6472705690146844	0.022688518566865247	-0.022688518566865247	draw1118	True
0.027477506618348125	0.002235474432551875	0.0015045668155859717	5.287255611872005	-5.284741957323338	2.8999787827365274e-06	1.0367810175731966e-07	0.00028448381173950816	1385985.4574328728	-1385985.4574328728	draw1120	True
0.08892072959327349	1.4237956856667264	1.7582507340999785	0.32231239794474326	-1.270302529735802	4.66792185167473e-05	9.058008230434872e-06	0.7745248824155903	0.046202269346369534	-0.046202269346369534	draw1121	True
0.5644122535070982	0.40004827866190174	0.3074482512829003	0.03789821341706976	-0.38507265218151715	9.988792087480638e-06	4.6722753869683785e-05	0.6649358615315862	0.039008958039547625	-0.039008958039547625	draw1122	True
0.2456388055479728	0.09726964484802716	0.05291857107234264	0.0543098296741717	-0.11723325878642957	3.1605650547402373e-06	0.00022104479917534764	0.4425535702676585	0.44024281479416894	-0.44024281479416894	draw1123	True
0.6850322859831568	0.045756308804843084	0.00471584538245462	0.031917954339727175	-0.027502449678414413	3.1921554349875084e-07	0.00023398203441914194	0.1276756510139616	0.5109256063821822	-0.5109256063821822	draw1125	True
0.134403772985375	1.686584962444625	2.6915849223152484	0.06931253146467005	-2.2674917053223567	0.00047861741654642396	3.3894153753271255e-05	0.7162691314348764	0.07992813327174873	-0.07992813327174873	draw1126	True
1.490384414825467	0.7527483663045328	3.889921263498633	0.8687948366377688	-2.860098088869031	0.001764002435948912	7.271630122432558e-05	0.78978177884394	0.15619025748138743	-0.15619025748138743	draw1129	True
0.288197292792805	0.07729849838819498	0.06934635025166017	0.08587935716463205	-0.17016627614356508	3.84583721654686e-05	0.0013305720700589336	0.4078922324591848	1.3845417626437573	-1.3845417626437573	draw1130	True
0.8140609204091792	0.06196656639582073	0.05534393751240432	0.04387724644372632	-0.10684253228137022	1.2857775645017955e-05	0.000996131133084556	0.48712979876942214	0.8301402484365447	-0.8301402484365447	draw1131	True
0.5733285580686381	0.010343525938361844	0.00047057511920579117	0.04479518643293901	-0.04522537889428399	1.8806483352054027e-10	9.17742825625193e-08	0.010395267345035573	12.375408815016732	-12.375408815016732	draw1132	True
0.10379309443895289	0.0368898779300471	0.005338304309349215	2.285332693317778	-2.273831990155459	3.0844818316751846e-08	5.8783362280184745e-09	0.0023304480729889965	35991.094061584794	-35991.094061584794	draw1133	True
0.6291953021698	0.33850896230120003	1.165733145821515	0.29041480137361897	-0.5954217988424907	0.00036951028486051	0.00017387767581217544	0.7996644495828708	0.48921631587524655	-0.48921631587524655	draw1134	True
0.7436265880263294	0.011068242239670694	0.11431653578565729	0.037713198463442434	-0.11960272053836427	1.2341749947301468e-05	0.0006517485014972408	0.8307314701882113	0.10520008916179889	-0.10520008916179889	draw1135	True
0.4540838102848832	0.0003166233361168196	2.00586403979975	0.9458040194875633	-2.0121277935618718	0.006807698145260243	0.0013225934329639329	0.8841265286218432	6.870123411520551	-6.870123411520551	draw1136	True
0.6538655568166906	0.22528175326130936	0.05873050780219721	0.02047014277607066	-0.07648856765277012	5.892778881526186e-06	0.0006061293042875951	0.5956431873450806	0.17331987289714154	-0.17331987289714154	draw1138	True
0.698426757113511	0.07558426394848905	0.005213329940971183	0.060111717470516794	-0.06538500538457959	9.710844397749933e-07	0.0002261208482511768	0.07955276400277839	0.678264161376723	-0.678264161376723	draw1142	True
0.036701411474871985	0.9482845444561281	0.4651829024333916	0.0017840872129214075	-0.43339991693591384	5.869655191259166e-06	1.36144682243807e-05	0.7084640061006892	0.012305848623911063	-0.012305848623911063	draw1144	True
0.00025731658151243895	0.0007426850779575611	0.006474622979137049	51.36138494494097	-51.36784958367881	4.092495189488099e-09	1.5509765499055218e-12	0.00012604424210361934	321275984.2175085	-321275984.2175085	draw1147	True
2.413776091138334	0.015600179631665916	0.01931975878673335	0.5754773667120807	-2.3231557892688937e-07	0.009663565130636445	0.02820292811140472	0.01715111426136408	140.79520676290403	-140.79520676290403	draw1151	True
0.6577870618236761	0.0805854768573239	2.3315218610504123	0.4460909036440255	-2.8144392206552737e-05	0.8527714155446044	0.06988650320071615	0.6654097722345123	22.732624047081366	-22.732624047081366	draw1157	True
0.2411815754893572	0.08565999318764278	0.33527105178635724	0.7105724251311765	-1.077882952097708	0.00019203959200482265	0.0001592110568804238	0.3052721803802426	2.308867926810774	-2.308867926810774	draw1158	True
1.0211097393711386	0.07881534153886145	0.3702883671199932	0.4667619473180836	-0.5595303531735233	0.00020133282926604546	0.00024032095857592356	0.40455589127937813	0.5461969249172268	-0.5461969249172268	draw1160	True
1.528027957551078	0.1387837600689219	0.3211847798038817	0.21491982414226912	-1.3528606415680322e-06	0.06842824880639185	0.2714210337063369	0.6018278982627231	2.945515702171908	-2.945515702171908	draw1161	True
0.4617532455731533	0.006385466290846775	0.2847523313359482	2.109923175431504	-0.3883930849303421	1.8889172770837903e-06	3.2480432311321904e-07	0.11807874251266273	41.48129822940355	-41.48129822940355	draw1162	True
0.9756443942689859	0.004238270773014107	115.59901098622505	0.13045045508366418	-116.76931673279199	0.0413415239571477	1.5451055811335577e-06	0.7067079195838896	0.1598662451108001	-0.1598662451108001	draw1163	True
0.3546205426293862	0.3215502868546138	0.537201395559351	0.028035772405753653	-0.6326394661974764	1.965101831702503e-05	3.231658831369653e-05	0.6889018556560438	0.10672780749710312	-0.10672780749710312	draw1164	True
0.2289827948335433	0.003928298443456673	0.18774447396964955	0.40367645922478596	-0.22585358532812086	0.00010033953348894229	0.0002606042060860135	0.3025670900643135	11.317070511001265	-11.317070511001265	draw1171	True
0.21607494209343217	0.007453805701567843	0.4442570669538237	3.734550733278697	-8.016067761795753e-07	0.7002189156784495	0.04042487596162182	0.0988736435611465	97.9977360909308	-97.9977360909308	draw1172	True
0.33504034211518813	10.548618597184811	5.147022054616116	1.1533575950758281	-3.8208793111883703	0.00015945785787750135	3.7571484431059868e-06	0.7900639458687592	0.00544242400495048	-0.00544242400495048	draw1173	True
0.19690508878661517	0.2913263687023848	0.9181043903420848	0.17487407858278373	-1.055456279568171	0.000485599466023197	0.00023832915235099194	0.6431933277905938	0.9043239630861882	-0.9043239630861882	draw1175	True
0.02471088929473873	3.0464468127752613	5.530439219763394	0.10336132225868327	-5.338575863813367	5.988161055958932e-05	9.973796684339597e-07	0.7137451052020649	0.0058540748987455545	-0.0058540748987455545	draw1179	True
0.012695830627369216	0.0036302524879307857	0.000142266780927939	4.188649680672617	-4.188451837904407	1.5582265186686406e-07	8.880818833170333e-09	3.3963676824638666e-05	1904824.073233477	-1904824.073233477	draw1182	True
0.7083678542920596	0.028854373140940387	0.3106176123934394	0.7952649404141594	-0.9839021850564648	0.0013372147982746436	0.001013463078127133	0.27041241617541617	41.39894505059761	-41.39894505059761	draw1183	True
0.6797614125162178	4.081106178224138e-05	53.94660567486677	53.76675799782429	-53.94703997900023	0.02181867653648571	7.497134961644487e-06	0.9999944428254744	0.6391566745556185	-0.6391566745556185	draw1184	True
2.9734229416392313	0.07476571241076879	0.631418787960544	0.10229908584681872	-0.7415706671094087	8.182110656388712e-05	8.731948403690453e-05	0.652289524482182	0.07686529426512644	-0.07686529426512644	draw1185	True
0.8312678346949295	0.7416633240550704	3.7213496107698294	0.2728607827480331	-2.6671493002482327	0.008165844657394198	0.00027400240034706157	0.6816745509321489	1.5968749233712876	-1.5968749233712876	draw1186	True
0.6650312732994204	0.11533756283057955	0.027644857047710688	0.021614549121526855	-0.05639317795270078	1.0482028692487216e-06	0.0003285155749221348	0.4894063322650547	0.10171602942132067	-0.10171602942132067	draw1189	True
0.12214627986114408	1.7647281839488558	2.671989226764985	0.04629075473835383	-2.536254912407559	0.00039632976215272587	2.727933506912432e-05	0.7010084443512862	0.05089466831910785	-0.05089466831910785	draw1191	True
0.2911235878263121	0.2092307135146879	0.013667474951373802	0.0919508215640242	-0.10646008003387854	3.9707115273853966e-07	3.500884343456517e-05	0.12833437033665712	0.16256197595709423	-0.16256197595709423	draw1192	True
0.9488934241047132	0.0067398396842868104	0.040190965845076906	0.3667131915137514	-7.282723850296491e-07	0.010022237120691812	0.06315640367893859	0.07883631443910612	42.263996292252564	-42.263996292252564	draw1196	True
0.38502261911363367	4.9901146536163665	0.1752662338458662	0.024054514764989657	-0.1364363817739124	4.665343742087681e-07	8.706722520364462e-06	0.7571532353842627	0.0015751649259608585	-0.0015751649259608585	draw1197	True
0.7523175295109492	2.07411770507786e-05	0.48326900543221585	0.43959998485862056	-0.48332567069403587	2.3208578974958453e-05	9.856868434916811e-05	0.9959422290913783	0.15681607725799848	-0.15681607725799848	draw1198	True
0.38053460494242564	0.10051217402557434	0.033385972910185434	0.33396249130806205	-0.3668689547710112	9.658631587965068e-06	7.098828820718883e-05	0.09051060244746861	1.7185689433854199	-1.7185689433854199	draw1199	True
0.0052196623144393755	3.156422354745561	72.64527186407491	0.4145249531931726	-72.88819229437406	0.007246234682105551	6.826365789535327e-07	0.7050922379865382	0.02165702146941402	-0.02165702146941402	draw1200	True
0.5987149861906202	1.0028250164193797	0.10324579344901007	0.0039008248450035903	-0.08499702199398174	2.8259562415195976e-06	0.00013765587740635372	0.7205880000312246	0.009769435709322443	-0.009769435709322443	draw1202	True
0.19363651326478515	0.10634060470221486	0.01026735940533324	0.128546668561836	-0.1297319769796897	1.927341831440271e-09	9.947697545132036e-08	0.0737633576051064	67.54130622050224	-67.54130622050224	draw1205	True
0.40857489765376986	0.0017277672912301386	0.2398645354865369	0.21776415997656592	-0.24101928493996655	0.00022254944808228257	0.0038355043019250926	0.9957813554740623	2.21330383727627	-2.21330383727627	draw1206	True
0.5366030176359294	0.8103072370040706	0.3662511401009632	0.2863036129682805	-0.6430881549486438	3.841493173332277e-05	6.860206314414851e-05	0.4894378338658016	0.12024259562617144	-0.12024259562617144	draw1208	True
0.06488107016240112	0.044409883245598886	0.1336249967596798	1.8819353912519077	-1.8827346162967231	0.00019808149439606626	4.8545350515416913e-05	0.06615146397981977	23.31096717056175	-23.31096717056175	draw1213	True
0.08522524725050697	2.668184726789493	4.397387979863456	0.23800246976325365	-3.924617040188336	0.0005388514035856494	1.4707642970996745e-05	0.7264936372151258	0.04366803441202144	-0.04366803441202144	draw1214	True
0.6430231780939436	0.007955506895056412	4.124494714208888	0.1335080865665094	-4.3406018218320215	0.0010116321973522213	2.878694925209821e-05	0.6957564653669457	1.2027813880811138	-1.2027813880811138	draw1215	True
1.061027619761975	0.08934024655802503	0.30766526109382386	0.06780708115627465	-0.38044185778221357	0.00015933853779187397	0.0010469648838989834	0.7886493709922237	0.999764193146283	-0.999764193146283	draw1216	True
0.02708468546122017	0.020127442091679833	0.0057426602544728015	0.07167596032416647	-0.07732431716068433	1.1926543075910603e-07	1.978976814497878e-05	0.07397350052511806	0.22033292819800712	-0.22033292819800712	draw1217	True
0.09151786463636001	0.08306647932564	0.018633000362056205	2.1628678288101226	-2.181404560351553	7.980968167394992e-09	1.6769230374702996e-09	0.008541055986067468	3126.3596004507253	-3126.3596004507253	draw1218	True
0.4776537427216558	1.0419965610383441	1.4499912178651853	0.20797689405090777	-0.2811785470152076	0.0004610895440567724	0.00012649659454850578	0.7594726685372314	0.23814175741485993	-0.23814175741485993	draw1219	True
0.00021991772050661358	1.1149970057894933	10.143686092440007	0.13277730407380878	-10.274529420922468	8.551047262269947e-06	4.1012203806963655e-08	0.702494132327968	0.0007362748713810453	-0.0007362748713810453	draw1220	True
0.3903637806503126	8.617392930639687	0.9468144543005755	0.07666108253332962	-0.8165991691629867	1.382291043126775e-05	8.35915917016781e-06	0.7362858084766017	0.001096874800718396	-0.001096874800718396	draw1221	True
0.5567578974602478	1.769965268429752	0.4254928573521621	0.005639465388156661	-0.3734486712970208	1.2081348546397707e-06	3.292645049871969e-06	0.7024364268623663	0.0015312294194891442	-0.0015312294194891442	draw1222	True
0.32692089770279587	0.018543439702204102	0.018860628520872287	1.2251546931010715	-1.1838784296337608	7.129918448215625e-08	4.606099231485471e-08	0.015159348075921238	795.5769472945955	-795.5769472945955	draw1223	True
0.7225390411632334	0.00015956952376670316	0.0502252753649987	0.04597072935889058	-0.05054901955504178	6.96734351421316e-06	0.000591644623691794	0.46282722461417325	0.3436259608197492	-0.3436259608197492	draw1225	True
0.8286213449827812	0.0017453305512188518	0.06918228656244871	0.0022628407906560523	-0.06997220532961566	9.87329763798011e-06	0.0009983148132767334	0.6956604670142545	0.4578923998195312	-0.4578923998195312	draw1227	True
1.5753397124121808	0.139752586197819	0.44186340473982755	0.24756384979513396	-9.715111793595632e-06	0.08943448257327118	0.2990603116065781	0.7866253696372393	1.2859055192299798	-1.2859055192299798	draw1228	True
0.1646704393753512	0.016302920386648802	0.0028491811164896366	1.4052699677737408	-1.1142238349780182	3.091011474695558e-08	1.5589063725501194e-08	0.002023390772167368	33469.22259044088	-33469.22259044088	draw1229	True
0.8681054466278847	2.4893251620521153	0.5110753373497283	0.08485001057920237	-0.2049688501472229	9.277449666235797e-06	2.094865943051156e-05	0.7679779284916982	0.03520629291191385	-0.03520629291191385	draw1230	True
1.0204045485844582	0.013098974445541816	0.012771088790542057	0.07814651268608053	-0.018746307474176674	2.5668146895180576e-06	0.0003045181246442748	0.13910291115827322	0.21125116706107186	-0.21125116706107186	draw1232	True
2.1788794492713377	0.01774327436866224	0.09908222088790902	0.5668389641521611	-1.0111063477424853e-05	0.0422628780367932	0.10293730807299471	0.11600828746224484	170.34214970041242	-170.34214970041242	draw1234	True
0.26315004823076976	0.41116677677423025	0.24688674546505274	0.03215375604809961	-0.08570200788831367	6.289707644436757e-06	4.530945771735115e-05	0.6626389751830563	0.07421215684399923	-0.07421215684399923	draw1235	True
0.6573508455774898	1.690898851018657e-05	2.6282380356891633	0.06155559978223396	-2.6286681285469733	0.0002903012236128959	2.0526685034754968e-05	0.6988752689016248	0.4341626010564964	-0.4341626010564964	draw1236	True
0.5302179175501083	0.0010675344638917067	0.11782076528739918	0.06963551032468515	-0.13874747576824956	2.2889631318337618e-05	0.0004669303392632619	0.5321430156533115	3.12595642140798	-3.12595642140798	draw1237	True
3.9007005490732434	0.5758711960467566	0.720720600123299	0.32017094508525545	-3.238417571327368e-07	0.22486877019199034	0.18693684355174173	0.6412819513465422	0.8147886883533659	-0.8147886883533659	draw1239	True
0.5206305913918111	0.03780873458618882	0.3911300827851219	0.3558165565435538	-1.7061615698032995e-06	0.04492961971167913	0.06482457820966708	0.46629969446254277	3.712227215080219	-3.712227215080219	draw1240	True
0.12657434320328226	0.8078735039187177	0.6300133355453895	0.7289746128899082	-1.356386736016496	5.935157460638685e-05	2.645177797672104e-05	0.4205920441407697	0.0925331468673479	-0.0925331468673479	draw1241	True
0.001748512067163982	6.109681764642836	33.917133665117305	0.0460500235994636	-33.85546868778998	0.00026362094510476187	1.1473641656870691e-07	0.7075869710701804	0.000939133802698052	-0.000939133802698052	draw1242	True
0.20923364369777023	0.006741153560229772	0.010921180318242785	1.4756117568239004	-1.483091839296831	3.153615344829289e-08	1.4270402013245619e-08	0.007346548019244954	1715.324842470327	-1715.324842470327	draw1243	True
0.16636314832431381	1.1589253942956863	5.031228619364408	1.0495350173863673	-2.5892423965067604	0.0024004842014252316	5.83106777245477e-05	0.7841491395083363	0.49021619001947664	-0.49021619001947664	draw1245	True
3.357469499425589e-05	1.7526441023621112e-12	0.04035302476041006	5.9550250596377765	-5.995197347509935	0.24029598038917127	0.0067765037066210825	3.8912463580128534e-07	12562.175993955376	-12562.175993955376	draw1246	True
0.32310607088665105	3.041499594953349	1.5756401236001258	0.11517284138116889	-1.55575910654547	0.00011496553684431879	2.1523120407999825e-05	0.6817510464198958	0.016119915715277898	-0.016119915715277898	draw1248	True
0.031720681235628226	0.3320193041093718	0.9484519191684142	0.9304539205407025	-1.8547850289533783	9.502864821889223e-05	2.145189727239657e-05	0.45063082697768203	0.17403779539863595	-0.17403779539863595	draw1249	True
0.23198232892314422	0.0027592581518557863	0.00493801176092212	0.27340043179827705	-0.17471486788185797	3.8483430708782595e-06	4.965817806664154e-05	0.017738174250331012	36.291646481106355	-36.291646481106355	draw1256	True
0.33927417296115797	0.448191464227842	0.8812725354498513	0.01549188749377883	-0.8213413184688602	0.0002144053218323619	0.00013562881068331022	0.7009199605751489	0.8889874356785252	-0.8889874356785252	draw1257	True
0.8259454331454118	1.173503160124588	4.3962870207627995	1.3215711420494793	-2.9674566360763763	0.0012065099160174855	4.1920044417004077e-05	0.8194669780379863	0.04561166027140687	-0.04561166027140687	draw1258	True
0.5079082827771573	0.10057893953384284	0.06501637769095515	0.01917127459076562	-0.09226593518437425	7.971261213376249e-06	0.0007045090027456353	0.6112267351741663	0.25152037761988916	-0.25152037761988916	draw1259	True
0.3340483576586229	0.46108330489837707	0.573899633609314	0.1749874826589121	-0.8235276750360381	8.522464976749745e-05	9.573731312335814e-05	0.6082665705072007	0.48182058204714945	-0.48182058204714945	draw1260	True
0.8853111746751271	0.09279436279187292	0.06740818779063833	0.272155569273137	-0.3373163533565573	6.39931381125276e-05	0.0005339562711564066	0.1947140197039233	5.031796447024675	-5.031796447024675	draw1262	True
0.0857186895783007	0.6350987551076993	2.968931491371081	0.05960331174357664	-2.7697179749463565	5.7912234751050146e-05	3.351645958408134e-06	0.7142398587216638	0.012974716940225752	-0.012974716940225752	draw1263	True
1.4246230842024874	0.04405668501751251	0.47780458885318094	2.574805946444273	-1.5209845923735976e-05	0.599871557725454	0.06523693103254538	0.14373494056366504	83.13584038252228	-83.13584038252228	draw1265	True
1.5824610272048178	0.1453913580751823	0.5653088055126898	0.013127286466144673	-0.11331759737374941	1.4317565441810526e-05	2.18868693363725e-05	0.6989449708194893	0.08644742748080891	-0.08644742748080891	draw1267	True
0.5916124552494829	0.026443628506516978	0.005049386254749257	0.09021626598758317	-0.08597274797752606	8.057664002942081e-07	8.85356469937907e-05	0.0529288542507521	6.211569569201892	-6.211569569201892	draw1268	True
0.2004347254933375	0.06115702442966249	0.37203522783683457	0.3303328381926194	-0.7642099016477848	0.00032322479173700153	0.0005116501400298671	0.4680778377587563	4.919113778969001	-4.919113778969001	draw1269	True
0.14684629379768235	0.04278422523831766	0.14385157121056666	0.1254916188471746	-0.3016630250758559	0.0001517657552142215	0.001627732899252498	0.4711045187297226	3.0238983502842065	-3.0238983502842065	draw1270	True
2.0966658343438294	0.0014616900261707716	5.023933481472459	2.029656629603706	-5.027679790821517	0.0002638507611026254	7.7136711395572e-06	0.8590041551155364	0.016619619846786393	-0.016619619846786393	draw1271	True
0.18539077873205936	0.10115737503694062	0.00545080003278372	0.41586837022103	-0.41300661242918657	1.2048615554209184e-09	6.78644012082812e-09	0.012936377699858928	186.40115355949277	-186.40115355949277	draw1272	True
0.002394030105937599	0.18888150659306238	0.15996638891537387	0.0857147635561461	-0.2451415057132442	4.344718248484051e-05	0.0005055036003702644	0.5456446831699332	0.0007300329215625059	0.0007300329215625059	draw1273	True
0.37403962242144684	0.004584702304553133	0.001967574894441151	0.025193788292115864	-0.02372772526555732	2.5499325001159513e-06	0.0034390186628706332	0.0721762531698792	15.43884348418212	-15.43884348418212	draw1274	True
0.21347179666231864	0.0016840115546813638	0.003101821038050026	0.04711522933388431	-0.050307933934392556	1.0742596599953193e-06	0.0004243795833804112	0.06164943403277217	10.881571933921542	-10.881571933921542	draw1275	True
0.8147856343407981	0.020946878568201915	0.06708699984156317	0.03507918747341323	-0.08636448816929007	7.441629976797267e-06	0.0004981488129641215	0.5488880297552416	0.31990186107173557	-0.31990186107173557	draw1276	True
0.36511318429627065	0.00011287283472931658	0.2560924669849088	0.055467953633798445	-0.25660904460575723	7.424667785486704e-05	0.0004564732087637754	0.6349885149388537	1.2634809418177597	-1.2634809418177597	draw1277	True
0.6264031960995357	0.0019177020394643993	0.12819975918900847	0.10843654640223002	-0.12861976704009445	1.5029278245693069e-05	0.0008932299750098207	0.9883250138500885	0.22908124179469758	-0.22908124179469758	draw1278	True
0.07501494997640445	0.002384537754895542	0.009166224257955788	1.2488868907638038	-1.252868088671978	1.0630763348369604e-07	6.716506522081004e-08	0.007285845767244346	4214.920269678257	-4214.920269678257	draw1279	True
7.096406303567764e-05	1.0584830542169643	47.0406124036771	0.9596106762518791	-47.99738889676061	2.7770394586746693e-05	6.148190039563442e-09	0.6999315711706869	0.000583277599866492	-0.000583277599866492	draw1282	True
0.0005042125041587814	7.365123047925842	15.804366035782301	0.054181384538390505	-15.85689958353753	6.7096757224151666e-06	1.3385312269344927e-08	0.7058957508987141	6.946746962662439e-05	-6.946746962662439e-05	draw1283	True
0.07020261410911978	0.010621693708280238	0.006553676556363123	0.0506247141410637	-0.056353611355042535	3.9695441386977344e-07	0.0001198418605612925	0.1138724645380009	1.8221499282432851	-1.8221499282432851	draw1284	True
0.32904780270795014	0.16852215920004984	0.03720628343475306	0.3420714987244467	-0.3810803904695522	5.456597328293232e-06	3.757057166518861e-05	0.09762908226319562	0.9398896960774359	-0.9398896960774359	draw1286	True
0.5956963198985537	0.004126100675446375	11.891714576403583	0.1670053853424711	-12.053238217277949	0.004045980076486016	1.4507872823683583e-05	0.7120893274015865	0.2763874025636825	-0.2763874025636825	draw1288	True
0.307202430096923	0.005132132379077037	0.005260197528012133	0.139234186731962	-0.017597548314175378	9.141714674305721e-07	4.372709030777238e-05	0.03638004216623771	0.9932188210370991	-0.9932188210370991	draw1290	True
0.9973686001688937	0.03148529911110639	0.4298247814436065	1.093871159994855	-0.5625860975024617	0.00033654358964030687	0.00013427378222833283	0.27149782292732616	0.5538977237541147	-0.5538977237541147	draw1292	True
1.3379134314059533	0.35621695031404665	0.012983119985747806	0.0219664862389981	-0.037303447481426805	1.04877916165397e-06	0.0007545001584944629	0.3482297072582816	0.06105489232348921	-0.06105489232348921	draw1294	True
0.36467971762912027	0.001539225097879761	0.025686580186750248	0.6444805116618493	-0.03254398732377582	1.3874956374717413e-05	3.0848065048323004e-05	0.03830048715254521	6.278336896555939	-6.278336896555939	draw1295	True
0.026330774184684085	0.059853704860215906	0.03750812848075629	1.6135748885000907	-1.6512952233430238	1.519009416994791e-09	5.569273873997237e-10	0.022711428402031216	624.3787563758435	-624.3787563758435	draw1296	True
0.5461560521418555	0.06927749765514456	0.15247548285240808	0.1522788179713883	-0.33591404505930605	1.3908110557617663e-05	0.0001197695302773297	0.44744443497857456	2.9769010968683824	-2.9769010968683824	draw1299	True
0.22677600909773712	1.4654556262878181e-05	4.225850100389499	0.23887654854489415	-4.238252384403471	0.05023829094010676	0.0014882649875912453	0.7273381432252101	38.27163247975583	-38.27163247975583	draw1300	True
0.4210127752724332	0.08260460156156679	0.06833461619901793	0.2837306824290568	-0.35427254527151897	8.637809100605148e-05	0.0006715803208627519	0.1905396397757432	6.12289229976155	-6.12289229976155	draw1301	True
0.03683175026403859	0.024581325995561412	0.003085807057663805	0.517385306416293	-0.5201384606318279	2.3412879919643904e-09	8.64263774727131e-09	0.0059287686550646475	2589.435223806992	-2589.435223806992	draw1303	True
0.17494746599265548	1.3221420870973444	0.3194220580377399	0.1912768011504374	-0.4906883976720329	8.025172439675112e-06	2.211743179752424e-05	0.530279777208113	0.006217441124777668	-0.006217441124777668	draw1304	True
0.4431274647783468	0.04927836537965319	0.006133636218027626	0.0595765361085843	-0.0652952225507736	2.5873408610494516e-06	0.0005940496854677716	0.09293809820581872	3.0098089655885913	-3.0098089655885913	draw1305	True
1.1579947532844073	0.09878046251559286	0.013578949886499757	0.004668050308024927	-0.022389370742056346	7.924150555958549e-07	0.0015317406676556723	0.5970098930717098	0.061739890197499016	-0.061739890197499016	draw1307	True
0.06463726970855234	1.8793643125614476	9.291762570893104	0.2752062565493343	-9.098865729409118	0.000494784723224721	2.7818188891933615e-06	0.6967137614757332	0.05030337062519873	-0.05030337062519873	draw1309	True
0.4303494586008696	1.5406455693591303	2.990394431142174	0.11926520624558902	-2.6221556745457724	0.0010789751788914952	6.278278283645752e-05	0.721345003984058	0.21587909992542417	-0.21587909992542417	draw1312	True
0.20839785113735781	0.16171136467864217	0.5862229153999674	0.2901293925662857	-1.0483347620870278	0.00020292235840945489	0.00018254152510000592	0.5560049543951481	1.2395557890211253	-1.2395557890211253	draw1313	True
0.797066161493222	0.12359607531477805	0.8827149747214945	0.1165422478182789	-0.16975548969663	0.000497012476810304	0.00036378959908605637	0.7551999734003305	2.4024026384305937	-2.4024026384305937	draw1315	True
0.49012483401999823	0.004317994268001785	4.754672630884511	0.05096243237149007	-4.959322605432319	0.0008557488988196696	1.8724933842393332e-05	0.7033274894160716	1.0617203569058093	-1.0617203569058093	draw1318	True
2.7687758060997463	0.010786815760253683	0.8989287681942214	0.0683173173474238	-0.9165474182454155	1.79101345661657e-05	1.0271705153038585e-05	0.6807648552695822	0.007791589368591563	-0.007791589368591563	draw1320	True
0.36359239560014994	0.12579330978985004	0.04660116230051868	0.15770685825477468	-0.20509938923007504	1.371790661709978e-06	3.12385185158831e-05	0.2223811840685974	0.9085980899150621	-0.9085980899150621	draw1321	True
0.23589217674323282	0.00016001271976718505	0.0007804906374138594	0.2376064919385428	-0.16680416332207162	4.751896794241984e-08	8.361751965150424e-07	0.00327403160299505	1489.2564751722325	-1489.2564751722325	draw1322	True
0.3232541737471788	0.045075746136821235	0.022368501021726116	0.1417257266056343	-0.13224021184793264	1.3942314942585132e-05	0.0005083390410280402	0.13506510180820752	2.0814280860755705	-2.0814280860755705	draw1323	True
0.4026710459535012	0.2518038511824988	0.022349372749754286	0.04021847408135208	-0.06640168827122613	4.226191018657972e-11	9.57401651285284e-09	0.33638596219882916	0.3241111666538612	-0.3241111666538612	draw1325	True
0.3536414503584525	0.08259259287454752	0.0005813613547398325	0.06080449756374219	-0.06138847174621707	1.292522921570785e-11	3.4297512934408367e-09	0.009470182464245656	7.4071230831062485	-7.4071230831062485	draw1326	True
0.7302936449319655	0.17054281712803446	0.5819876510692725	0.15595532745508023	-0.5712687552905844	0.0006234895192389259	0.001198518840313182	0.8069032348718392	4.1201006477734765	-4.1201006477734765	draw1327	True
1.0782887746850114	0.3601688574749886	3.101265698211407	0.0631078367032918	-3.5002594736758446	0.00045486169075154004	2.3170454615813934e-05	0.699949281897356	0.13786565615821147	-0.13786565615821147	draw1329	True
0.8506380161307403	0.05290406241725965	0.004623643198881988	0.005609656338813971	-0.010830913115322244	9.794293744783465e-13	7.767177247491641e-09	0.4117459719944352	0.11372883393478479	-0.11372883393478479	draw1336	True
0.060301240749646684	5.686081447650353	8.450200617680013	1.4181414501185787	-6.9160003276914495	1.8911989353000006e-05	1.5648398926699341e-07	0.768658381098388	0.005700741485683188	-0.005700741485683188	draw1338	True
0.6415959741550441	0.1590560054669559	0.08329137559938359	0.22387815585547333	-0.3164137955165811	2.244535182599898e-05	0.00022159375702592395	0.26170706173375113	0.6132010779234689	-0.6132010779234689	draw1339	True
1.0031853412980458	0.0601995078719542	0.01626931337524733	0.12151760218273756	-0.04374205801743855	3.2817132213849623e-06	0.000170479329169914	0.11726119677690482	0.17024687530021934	-0.17024687530021934	draw1340	True
0.6360282644345896	0.022491190215410378	0.17446212694739807	0.27302893774179154	-1.1389967268238266e-06	0.018659291952712497	0.08424067214533063	0.3622820460769177	5.453952848281498	-5.453952848281498	draw1341	True
0.7132853437317591	0.056173464698241	0.0008850896380473559	0.011322097442933788	-0.010268587017402669	6.292178088796876e-08	0.00042004313673160715	0.072314670526658	0.34084743344304047	-0.34084743344304047	draw1345	True
0.9665044024944054	0.05212112721559451	0.5027699108132355	0.051972593315531106	-0.7341268485841914	0.0002480852794985003	0.00044260289382097676	0.6715461345610882	1.4772285851459195	-1.4772285851459195	draw1347	True
0.3370159449590355	0.021217024830964545	0.01505616890915666	0.04996038411798525	-0.05212616602361866	3.677644874184869e-06	0.0008257283405961637	0.22560328423310214	3.6726364154299294	-3.6726364154299294	draw1348	True
0.191378815840917	0.314208341614083	0.0045123155197499785	0.023737134527858198	-0.0286007158685148	5.131658811513444e-08	6.270413636030868e-05	0.15773157307812058	0.033511462098767646	-0.033511462098767646	draw1353	True
0.3022175282754531	0.754121653354547	0.7454997548156689	0.044798994347775366	-0.3612566156300423	0.00018952493180324494	0.0001605679622928469	0.6861890322551487	0.26320833184194237	-0.26320833184194237	draw1356	True
0.7546130550040253	0.08658400128497475	0.290300118043766	0.043437152130248874	-0.002011161387452609	0.008468829515960426	0.05598279594862944	0.7454514419667662	0.013501052209664223	-0.013501052209664223	draw1357	True
0.28380604180277524	0.11633118658322479	0.02102588670147084	0.11783363702460657	-0.14041832004584645	2.877555143748896e-06	0.0001458906729699459	0.14971180782372293	0.6172111047952225	-0.6172111047952225	draw1362	True
1.330777595803899	0.03418560943610096	0.025339844755978808	0.5424793580596804	-0.18320118427921459	3.425972118727627e-05	0.00010604733029621003	0.04458211642093504	3.8065801642641515	-3.8065801642641515	draw1363	True
0.2406987548213714	0.11294457527262858	0.012159275715448581	1.2835533253756557	-1.0236508398087063	1.1770250942606883e-08	7.01019523588789e-09	0.00938382504371873	1170.4801515943439	-1170.4801515943439	draw1365	True
0.00021127207406126478	1.9073522889749897e-13	0.01093982837495732	0.9465028265102012	-0.9574426547460628	0.01035457847625298	0.011557675713669	7.459618142228086e-05	5.490841500675781	-5.490841500675781	draw1367	True
1.9084573735663726	0.008923057993627477	2.9856519234799084	0.10446602055985184	-3.0360645940743547	6.225055167303647e-05	3.371647768370448e-06	0.6948461759427548	0.00878153355487695	-0.00878153355487695	draw1368	True
9.315814178381356	0.10465084543864568	0.04183566699348772	0.06416274616392773	-2.164108983584989e-06	0.0023543625063564334	0.24474202592541552	0.36030182838811975	3.6256382727911505	-3.6256382727911505	draw1372	True
1.623679179094525	0.1690290589254747	0.027761918641304412	0.03634943378445656	-0.05453766717809684	2.730525975974076e-06	0.0005594215867694197	0.3973704507329068	0.08452964931588282	-0.08452964931588282	draw1374	True
1.0001349660858792	0.237091440734121	0.05231577932080418	0.21451294155314174	-0.23089125123495588	1.7919156751906644e-05	0.000242365377627109	0.19240168585443618	0.6469760489075668	-0.6469760489075668	draw1377	True
0.8455487739592205	0.06691416513077947	0.7308420690072464	0.0063419763309907964	-0.9147437367914667	1.3035335786211895e-05	1.2096968942524483e-05	0.7040454722317228	0.17861257925860013	-0.17861257925860013	draw1378	True
1.2176061495241512	0.14691088652584885	0.10653539502348101	0.10437335292689584	-8.952283753888013e-08	0.011109430989078975	0.392754344589455	0.5404124692364528	0.48186898241790427	-0.48186898241790427	draw1379	True
0.094042673069746	0.0009380531821540055	0.02074560287547119	1.1100971604429684	-0.8590002282812061	2.578958285276337e-08	2.016014878641081e-08	0.018342172327379794	1083.1150599383548	-1083.1150599383548	draw1381	True
0.19836817293414133	0.05002642062585864	0.05929682520449826	5.085816966382053	-3.766508692753085	1.0507623377462779e-08	3.968778379943125e-10	0.011524115881300652	9969.76819612634	-9969.76819612634	draw1382	True
1.9881974499735477	0.00010802752645222388	20.947265980700347	20.8912303183517	-20.947404775093272	0.002760204907551834	6.29047616991098e-06	0.9999964220074522	0.045276956350981314	-0.045276956350981314	draw1384	True
0.08709600329401285	0.23373767454898714	0.017525468544675012	0.19587935042341953	-0.2137334988426496	7.743914474090872e-07	1.6890129000904477e-05	0.08184757901108837	0.08568390608345743	-0.08568390608345743	draw1386	True
0.8230778564997653	0.0290450787912348	0.103661138070083	0.0007372241672074334	-0.08033512248165331	4.18899674183057e-06	0.00019630530676987488	0.7096218395178832	0.24042125886555604	-0.24042125886555604	draw1387	True
0.12451319454944898	0.054737422413551014	0.0027073486966977907	0.13680001170284228	-0.11762505292552798	5.529813816393579e-07	2.840225061235996e-05	0.019402819912102937	1.6997057221831167	-1.6997057221831167	draw1389	True
0.5426097023015503	0.06502219911444972	0.01262332062480073	0.1142456414506951	-0.07214875994545702	2.952896876920097e-06	0.0001816599955426098	0.09900984911293548	0.8410883526584161	-0.8410883526584161	draw1391	True
0.41573066426930955	0.029425451555690388	0.013487652541332579	0.049321708443675484	-0.03237029415729055	2.8369863815270987e-05	0.00687666442351887	0.2098813900750867	4.6493704279354535	-4.6493704279354535	draw1393	True
3.385191046047008	0.16250557308299185	0.11343232299907444	0.3000267793018426	-2.5067576112092205e-08	0.031210712768781942	0.22998087796429798	0.21038414049232537	3.216793329182847	-3.216793329182847	draw1394	True
0.6163455748433577	0.002724132971642324	0.002486979969760782	0.02102772819453124	-0.015716883318679587	6.856750497193329e-07	0.001226353995543972	0.10516999236809732	9.248567042642318	-9.248567042642318	draw1395	True
1.0566026213375552	0.03252915205244473	1.3577090770505347	4.623703302506562	-4.405932204409879e-06	5.410329368905012	0.17754753893322794	0.17295291859129927	169.89494833081096	-169.89494833081096	draw1396	True
0.02457550264410083	1.6348860062158992	64.57304262241784	0.1308313626370859	-63.15113352949999	0.07370829001930339	8.820718246036372e-06	0.7063908375317758	0.6355686381679786	-0.6355686381679786	draw1397	True
0.03720988054937645	0.002113094473923548	0.00024236890321813732	2.0543951293425713	-2.0471117882650955	5.570382031797299e-09	1.3195156793911787e-09	0.00011796187973987633	453548.9289779516	-453548.9289779516	draw1399	True
0.009892282136689547	0.24822031685831045	0.18310471522040653	7.1680214954515975	-7.352539466822004	4.4744188911815184e-05	8.274838320806875e-07	0.02490066619795106	0.8599476087618461	-0.8599476087618461	draw1401	True
0.000674179429221764	1.3515429628907782	7.855345915448565	0.1723114103428952	-8.018111034587758	7.845457671235901e-06	6.219162689639971e-08	0.6993943694612305	0.0014351101642268963	-0.0014351101642268963	draw1403	True
0.6854946520843626	8.293540063737044e-05	0.21615125011267833	0.0028812304433846895	-0.216666114350158	6.0814766493003675e-05	0.0006422472268181164	0.7024319495601639	0.7220121517203686	-0.7220121517203686	draw1405	True
0.13532325783107965	6.51426728017892	0.8832117164770024	0.19340354971983892	-0.6699534339651867	4.982688628150058e-06	3.967430207435634e-06	0.7881113738789448	0.0009679364746884904	-0.0009679364746884904	draw1407	True
0.08007720388030543	0.0009613191591945795	0.007202741578950534	0.18448551356748588	-0.19158304010349336	8.022556482534072e-06	0.0002180266680392136	0.03754818426518218	80.20234177153705	-80.20234177153705	draw1410	True
0.06576753947250116	0.9522048798974988	1.6853905781847136	0.07422211206403821	-1.421013953761316	0.00017146632900114686	3.154038644659736e-05	0.7228441019106221	0.0757761685014748	-0.0757761685014748	draw1411	True
0.2495745459913319	0.18088537962066817	0.5944947250866336	0.06689013826844992	-0.6639788602333715	6.81130153134696e-05	8.612592607888273e-05	0.6684976771518247	0.7236574597939609	-0.7236574597939609	draw1412	True
0.3895212535006422	0.02855461014635778	0.699362598660049	2.826959201432423	-1.2233638289060877e-06	1.092025649138651	0.08974465405657922	0.18000738896088356	19.424425868212072	-19.424425868212072	draw1415	True
0.5729839098832205	0.2352014982047795	0.33837670293190875	0.011617896244937587	-0.4259667504500854	1.6277923226331252e-06	6.868466598526782e-06	0.6950736930596131	0.03478854782141154	-0.03478854782141154	draw1416	True
1.418254758939329	0.15219873403067102	0.08912977775583651	0.01598397896637885	-0.06408907869137889	1.1278041159348583e-05	0.0008483235187547583	0.7730127095797318	0.41201282339793865	-0.41201282339793865	draw1417	True
1.378732256199197	0.04429164462080308	0.02080888919268341	0.02280429030722997	-1.2448712960987096e-06	7.432057199506415e-05	0.03202055117072606	0.43095787580475364	0.32334035000359823	-0.32334035000359823	draw1418	True
0.316143182801253	3.367921978278747	0.41099572596102757	0.04249060735611571	-0.3183735034928643	1.0796190719261183e-05	3.5430626373153226e-05	0.744545848681399	0.007158609866828201	-0.007158609866828201	draw1419	True
0.07528101566788571	2.2322887248621144	1.6774671883232566	0.2073687864557026	-1.8307872461253056	2.456888250471188e-05	3.859086096156526e-06	0.6648192196279709	0.0034784932132899153	-0.0034784932132899153	draw1420	True
0.5665405285469554	0.2597173348150446	0.32858566843558046	0.007741623565431494	-0.11023948234326011	2.4701435680013723e-05	0.00011172856018150455	0.6988269060303504	0.1461309913804038	-0.1461309913804038	draw1421	True
0.18562228421362625	0.07986234484237374	0.08897996241052278	0.7111544330980081	-0.7139923484655847	0.00016672096312824526	0.0002572330370836445	0.11052469458550515	6.154877325833891	-6.154877325833891	draw1423	True
0.9762418317062954	0.0010659606477045186	0.7521391413663402	0.06919819265013041	-0.7562311308203348	0.0001916226117217929	0.00015449604148406378	0.6753571227661964	0.1812796392631344	-0.1812796392631344	draw1425	True
0.21243875671797485	0.07288135153502519	0.012154043121951782	0.12232406132638737	-0.13222192925606466	4.7568339760238476e-07	2.6090460714635823e-05	0.09001246019568684	0.5388125048483744	-0.5388125048483744	draw1428	True
0.491787668790893	0.10697804506710705	0.056791454158371855	0.20219273179170283	-0.2625708313598604	4.3075325444182855e-07	6.127525360467667e-06	0.21419595439974698	3.21857506049914	-3.21857506049914	draw1429	True
0.3976763964797934	0.3313589933832066	0.9233481409882348	0.013465911171751603	-0.4843858222212959	0.00021135648043744439	0.0001221580488011818	0.7019702960187422	0.6949160557256326	-0.6949160557256326	draw1430	True
0.41152085766562835	0.2498788862633717	0.13927493799078725	0.030950641177039388	-0.1553831823123997	7.265119361487324e-06	0.00015018569671822052	0.6332364074529844	0.09306420049403236	-0.09306420049403236	draw1431	True
0.9479730445679935	0.17819683254200644	0.16625290992565359	0.11250145393622424	-5.951469150555777e-07	0.0032889956014698174	0.03142619850574819	0.5131975161024497	0.2573120410644207	-0.2573120410644207	draw1432	True
0.31374684240952944	0.041197483293470546	0.06729842673478044	0.3734107957387256	-0.4453366576678056	9.595040515755295e-05	0.00048276135645770776	0.15095433329199048	14.864131496624761	-14.864131496624761	draw1435	True
1.6461711754759183	0.09274331527408185	1.1402291854982576	2.7809395300161754	-7.758212439701317e-06	2.2267385867439295	0.1534932771712339	0.26010313524667106	59.9841410361295	-59.9841410361295	draw1438	True
0.9456428640608796	0.06401345643912038	0.263840610689854	0.04793818357112484	-0.18648214382426592	7.482461988036321e-05	0.0006437848876292702	0.7739086710397398	1.661096912864057	-1.661096912864057	draw1439	True
0.14323737915537701	0.04178165413162298	1.6726904612756406	3.315481112809096	-3.786149726520589	0.00967942397578622	0.000349693598237712	0.31793213647206686	29.91457583043709	-29.91457583043709	draw1443	True
0.6986684561634515	3.9453387314265482	0.29657126262183453	0.06900871482431642	-0.19264203484973755	3.02723416654017e-06	2.16634528796878e-05	0.7933592638926095	0.0022835558925365564	-0.0022835558925365564	draw1445	True
0.015925782909786895	0.0010225946354131055	0.0005416777001863426	1.921482360310597	-1.9219745699740778	1.2119502093470375e-09	3.280704497298572e-10	0.00028182669314055433	802617.1419885628	-802617.1419885628	draw1446	True
0.6660786473127616	0.0003288285892384585	0.38791478599811435	0.3196841659981209	-0.3881841711137353	1.0911072368026144e-05	7.03335290759728e-05	0.9848811387514442	0.23613930148417264	-0.23613930148417264	draw1447	True
0.3836543474284426	0.07553306631955732	3.225543681091172	0.31318865449758376	-4.608924487778471	0.002407516085583894	0.00010500903147065281	0.6736458714625574	1.5556849358605	-1.5556849358605	draw1448	True
0.3877359807598133	0.12039416954318671	0.09443480584633564	0.09404287558533496	-0.20901911395113426	4.1260345950806117e-05	0.0009284184775514664	0.44795748866898827	1.136733658084826	-1.136733658084826	draw1450	True
0.1734375341634363	2.7843941854765637	0.4702551376712074	0.07506180930089008	-0.37315539438497725	7.991692022290033e-06	2.118027541909839e-05	0.7655613173881184	0.003934920866754595	-0.003934920866754595	draw1451	True
0.18677947142903373	2.4505070676809666	1.0361276340858414	0.1647936924024685	-0.7963832857328224	3.4360200246601334e-05	1.874755182216542e-05	0.7653457854892852	0.007534783891613918	-0.007534783891613918	draw1453	True
0.05052708226236676	1.7273918078376334	0.5897128034105016	0.05984021467554765	-0.6430440776169033	3.534369722358537e-06	4.5919970414906845e-06	0.6721796615757862	0.0035462244862097384	-0.0035462244862097384	draw1454	True
0.052417985766812815	0.2238256545951872	0.4338354453681051	0.2216370424472948	-0.7009179577878577	1.81483803366316e-05	2.9373090216334377e-05	0.5519260787224436	0.20744773310789802	-0.20744773310789802	draw1456	True
0.0007275004730441589	4.1884103789781693e-13	2.230127806330265e-10	1.0509041377545716	-1.0509041380716675	2.2869253790150765e-10	2.0707410146264723e-10	4.2594565583913855e-11			draw1457	True
0.028395914338265868	0.18619699705673412	0.037302536516859455	0.07300817896878398	-0.10851267115926229	1.6393986951825322e-07	1.2090020465905744e-05	0.32033883315757095	0.0046776055234231005	-0.0046776055234231005	draw1459	True
1.0694737273340817	0.003683115385918216	0.893657477191299	0.07299592200252633	-0.9041261189219475	4.27152795987459e-05	2.901638168029206e-05	0.7365480669437131	0.05284642610007969	-0.05284642610007969	draw1461	True
0.8687284177205074	4.100194388449493	2.5028992307674156	0.4833676878051358	-1.93010934828192	9.719400386551097e-05	9.397069425129348e-06	0.7782512840906672	0.0067109042299997946	-0.0067109042299997946	draw1463	True
1.125026137192886	0.06753650742711392	0.02729253875764926	0.06138113821494387	-8.760488653947185e-10	0.0014843829527895155	0.2294257558419718	0.2568361055218807	0.14531364450962775	-0.14531364450962775	draw1466	True
0.33032838509631385	0.00800945244368619	0.09591114415028229	0.031216320846291386	-0.10300918777490259	1.1317514394558983e-05	0.0004462690877774847	0.6022708872740757	0.3389457108170955	-0.3389457108170955	draw1467	True
2.100238791965781	0.18255182083421906	0.6004856404582842	0.008560663712139838	-0.5682075861935729	6.503580807312449e-05	8.890508218667374e-05	0.7020849253317378	0.1484442264212449	-0.1484442264212449	draw1469	True
0.2071881580694121	0.07117952761258789	0.009058010730671019	0.09686850619125464	-0.10073368129195784	1.7102853555331584e-06	0.0001513195972334585	0.0852011488294317	0.8861200148974465	-0.8861200148974465	draw1471	True
0.34322760793938023	0.004311166233619776	0.02273492128350581	0.5081300311656487	-1.1877741880328418e-09	0.006890962622817978	0.024823097690133963	0.035305953985067785	1.218418094932989	-1.218418094932989	draw1472	True
0.3349438930244182	1.0179426581856058e-05	2.533917701174578	0.25869015580500015	-2.534724808170321	0.0014819557673094303	0.00010422090923183425	0.6719737541918609	1.7415257491550575	-1.7415257491550575	draw1474	True
0.0005795803697269317	1.0417022547802732	5.863034124868922	0.12834000333576034	-5.986442284197397	1.794611568666985e-06	2.553817146058418e-08	0.6994104061485817	0.00018800923105122752	-0.00018800923105122752	draw1476	True
0.011177363861676294	0.005153139179923707	0.002211011190198952	0.09608476774953725	-0.09823513870437575	4.099957395081542e-09	4.241211482731021e-07	0.0224877618277467	0.07739117718204484	-0.07739117718204484	draw1478	True
0.3334409234394402	0.0002138750945597898	0.0006806191645418173	0.030258453968521892	-0.02962626900968136	3.3897682571978374e-10	3.5395272512044724e-07	0.021993370143503	1097.8895980713523	-1097.8895980713523	draw1480	True
0.059897691665805455	0.07332825360319455	0.020527554309112912	1.6213780071538466	-1.6409572602643452	6.490418323714385e-09	2.407179427935845e-09	0.012501297684202991	1438.353486296277	-1438.353486296277	draw1481	True
1.3331034252452931	0.6473496945947067	1.1128529007172876	0.059273380653571545	-1.167255844261246	0.00011252901003148787	4.307625010016756e-05	0.6885325205208688	0.07621118152565017	-0.07621118152565017	draw1482	True
0.18490043662835134	0.6668540944476486	3.752548634628824	0.6375030501021416	-1.0628227688631084	0.0014510953427083458	6.100850740203077e-05	0.7694378652467553	0.7125833327500368	-0.7125833327500368	draw1483	True
0.30513001704272985	0.18083149057727016	0.10323486704279884	0.020343873913697613	-0.12380345772664142	1.2623275621115424e-06	4.868373790822329e-05	0.6411096701128294	0.06967570136430198	-0.06967570136430198	draw1485	True
0.2520792378586272	0.4776129055813728	0.7272628643544092	0.08592290339487359	-0.14300830277248922	7.568467814357858e-05	8.049606435655422e-05	0.7500232915987353	0.12193878799225139	-0.12193878799225139	draw1487	True
0.008976741735040759	0.0004946020935192402	0.0023025170983636853	0.593180752239443	-0.5954876266595803	2.485553542489289e-09	7.00934605409162e-09	0.0038666071829380894	34185.04573081453	-34185.04573081453	draw1488	True
3.548158491899793	0.031025402040207192	0.06016430921466379	1.4822280489743764	-1.7251532963974414e-07	0.0792098355067865	0.03468900324410194	0.01955394944978782	311.2028043984623	-311.2028043984623	draw1489	True
0.0014886729122790918	0.00018812321446090802	0.0023875497958952318	14.025472565374573	-14.027832489124433	1.1074018289804484e-08	5.6275889852012307e-11	0.00017020056811200066	84011000.77496177	-84011000.77496177	draw1492	True
0.6901513248450043	0.0006381164679957258	0.0131632772351165	0.010128693769868946	-0.013402197959143812	8.735088982463107e-07	0.0012203579024939067	0.49200889868343606	0.13943667106684113	-0.13943667106684113	draw1493	True
0.14034122399983193	0.03317585272916805	0.0046926875801533915	1.0054528129000666	-1.008115831457581	5.977842250064777e-09	5.858240684033726e-09	0.004645505960995154	3307.497097838558	-3307.497097838558	draw1496	True
0.10954521416931545	0.0009371847436845543	4.202866189995431e-06	0.00638334036721101	-0.006298624762169514	1.0366900660119811e-11	2.5408617841163146e-07	0.0006579783180695718	145.2183030008388	-145.2183030008388	draw1500	True
1.3416831274782532	1.0413222793717467	0.4737908861610487	0.08494966657649759	-0.25034500050309777	3.287150870019171e-05	8.749978183774964e-05	0.7730015552448495	0.05081578861106948	-0.05081578861106948	draw1502	True
0.11762377953814455	0.09576480471385544	0.12995488784365242	1.1065735013805564	-1.2069558801280953	0.00019871002816382826	0.00012854082306027194	0.10452085161774234	5.791574389013056	-5.791574389013056	draw1503	True
0.14642086942294186	0.07658242449205813	0.01878340804856786	0.8520103195571559	-0.8456902953796046	5.705998626620076e-09	7.52140639734076e-09	0.021565428373895162	363.1317892051029	-363.1317892051029	draw1504	True
0.5523616440282051	0.09898458605479492	0.16031251147188638	0.02966202781763713	-1.1942362128369854e-07	0.004122509899021315	0.07268130686781286	0.6709675850447797	0.33052761529993546	-0.33052761529993546	draw1505	True
0.053079370444896606	1.1166825422751034	1.5500829924070816	0.040534466158719605	-1.1896017422592204	3.923407059024911e-05	8.380672937989306e-06	0.7164117708401335	0.07725907679451244	-0.07725907679451244	draw1506	True
1.828848591281686	0.0014992544983140586	2.7403737824346606	2.7616953117459055	-2.740605932858439	0.0007739944930848279	0.0001030604355883814	0.9999697335931291	0.13911332139820898	-0.13911332139820898	draw1509	True
0.41745494608017936	0.46484938616682064	0.5549093857866659	0.13584719523977729	-0.7929148230934365	0.00018091403115608234	0.00023044359441750915	0.6262795742097484	0.95627435786612	-0.95627435786612	draw1510	True
0.141325945621036	0.16955389802196397	0.013632911636572447	0.1107404974718868	-0.12511216845907494	1.361362008811318e-06	8.696242796760248e-05	0.1089601012497629	0.41414772793376015	-0.41414772793376015	draw1511	True
0.0009025252704419326	0.014884132013858067	0.011597922851374445	0.4490774836042489	-0.4606628623011228	3.504420244516626e-08	1.6502545726616412e-07	0.02516793580762412	0.03905233074176618	-0.03905233074176618	draw1512	True
0.6783791074575058	0.04595870253949413	0.5399534508199023	0.32147154216851415	-0.5807868017721366	0.0001948758078808053	0.0005743733996953288	0.926988837320311	0.25160126331676014	-0.25160126331676014	draw1513	True
0.32492860128260975	0.0013407381093902431	6.999974775926381	0.06516011251270967	-7.0920899435234706	0.014269133221674023	0.00014425603649825493	0.703824972178457	4.784332160488346	-4.784332160488346	draw1514	True
0.555096149086833	0.0001894166891670081	0.33385543513334875	0.017429864910707547	-0.334594392575471	7.092654697639985e-05	0.0003352146428884348	0.7257975723750831	0.5273082879881157	-0.5273082879881157	draw1515	True
0.828961713976317	0.006577363860682977	1.2790814475835703	0.24741871194087905	-1.3154955106590778	0.0006835602321175115	0.00025313495499837754	0.7783695831824887	0.3990737201063327	-0.3990737201063327	draw1517	True
0.4698166622781156	0.2156441163858844	0.026133625700481826	0.14197196084635	-0.15221719243757667	2.6416711860645616e-06	9.127323215157638e-05	0.15361439935413873	0.637994945325925	-0.637994945325925	draw1523	True
0.061470486517265575	0.22164555331173444	0.07792719845160989	2.331826300156233	-2.41091317246805	6.674055098052942e-09	1.1481288166835241e-09	0.032321348958927236	69.24069057605692	-69.24069057605692	draw1524	True
0.9388560079140131	0.056927757988986846	0.024633627414332886	0.015453098507425723	-0.04482828604325431	1.0611539973689391e-07	4.793443913478314e-05	0.5235558126148909	0.20844994066909045	-0.20844994066909045	draw1525	True
0.2603363774827116	0.10008052249828837	0.005693737119930045	0.07195333047705443	-0.07784093223120661	2.7598659001312734e-11	4.553117855407709e-09	0.07313207023572134	2.1974473103967074	-2.1974473103967074	draw1527	True
0.8323854858183428	0.02605241912465712	4.610089810760101	0.3544458575145612	-5.006597060474137	6.930658052822757e-05	1.5099623400541977e-06	0.6804640848918906	0.14212180907069452	-0.14212180907069452	draw1528	True
0.3100561597110671	5.0532175932949426e-05	4.0283674075966145	0.37685715542889414	-4.03130769709511	0.005372876090303037	0.00015078063961001867	0.6748363158499139	2.6587828553577655	-2.6587828553577655	draw1529	True
0.9996091192826292	0.29134665572737095	0.32296039878165916	0.0694857001673457	-0.4246938433372281	3.228525112726968e-05	0.00012498291815909367	0.6354370209779037	0.09940022199793487	-0.09940022199793487	draw1530	True
0.9309524184152795	0.0584377065687205	0.20076334298230064	0.49082272583290676	-0.2934394817864866	0.00013005571699393	0.0002507837796607574	0.27878490477486767	0.4378802421088698	-0.4378802421088698	draw1531	True
1.9285788167197073	0.1293856902302926	0.08058819681222293	0.0820176665383687	-9.417185060228705e-08	0.005741249696315986	0.23016197577706168	0.46795669444785515	0.7752788192362959	-0.7752788192362959	draw1532	True
0.9373897089197498	0.6841009766302503	0.05340158235139544	0.002717290219750099	-0.04058038172482688	2.350539607962602e-07	4.3362874424602844e-05	0.7253195276317214	0.0015174454890540688	-0.0015174454890540688	draw1533	True
0.14652332828512865	0.08058099259287137	0.10362795319013457	0.9880541658714462	-1.053728560653578	0.00019374171291284238	0.00016111467025279837	0.09450010054014073	8.724873094823257	-8.724873094823257	draw1535	True
0.5483495000374582	0.25351011947754176	0.21166532546820374	0.5572347631044403	-0.7690449967567513	0.0002430106508791163	0.00038208683368559085	0.26541024468053287	2.060953237494507	-2.060953237494507	draw1538	True
0.7611076671651983	0.06582771779380174	0.011337583392176205	0.21785745866615772	-0.11325066585061527	3.7711043838328164e-10	7.161379737206868e-09	0.04940655462909385	11.507579831637516	-11.507579831637516	draw1539	True
0.39087501105893174	0.11429648095406827	0.28462471298017433	0.5710968722300059	-0.8294669601383335	0.0008336215705672506	0.0010250300076835755	0.3156126205037116	4.966487081477188	-4.966487081477188	draw1541	True
0.16780191873111025	0.23574052821188976	0.02170481819301494	0.530497221396263	-0.5432130783031142	1.6435531318493345e-06	5.3816727732907965e-06	0.03927560810059382	0.8037112552572526	-0.8037112552572526	draw1542	True
0.5235447843559194	0.7992827478140806	0.04022758995459896	0.14010857735887064	-0.1755981615237904	1.795593144417026e-06	5.259593277855668e-05	0.21771889132553526	0.03662862336955895	-0.03662862336955895	draw1544	True
0.2882291984157738	0.03616150847022623	0.044026488515288884	0.08580836997326899	-0.10377604105733804	1.4490854198667442e-05	0.0007709805888932947	0.321135009467978	1.1067465095867555	-1.1067465095867555	draw1545	True
0.3584789057090495	0.11742131492995046	0.521030351164345	0.013266487025170385	-0.7071158248801411	0.00025610981313036824	0.0004598549103847493	0.6981685456501187	1.6831172990813534	-1.6831172990813534	draw1546	True
0.2486099266457585	0.002026420793241464	0.006476235548434692	0.10124685732577558	-0.10714579723871712	3.293410731192422e-10	2.827882843976543e-08	0.06001093511933952	110.82764812802337	-110.82764812802337	draw1547	True
0.04713384906581767	0.5574649847941824	2.545744382734787	0.0692373554403273	-2.4336539603092597	4.113329050633504e-05	3.0883297250245376e-06	0.6975573170474403	0.016986335599547514	-0.016986335599547514	draw1549	True
0.38586592635902883	1.1758472920209713	2.6628071133735034	0.2427506237354222	-1.8261084633194784	7.216250749363096e-09	5.573592937973478e-10	0.7400337493042656	0.08126895670831878	-0.08126895670831878	draw1552	True
0.10774762005861628	0.29865969823838373	0.41626834093417736	0.6952804524135907	-1.1477337810041714	0.00011083355306765844	7.867119508113441e-05	0.3507079560406323	0.7163152932947846	-0.7163152932947846	draw1554	True
0.22776691478517078	0.49676197266282923	0.22257092154415178	0.07575654155608989	-0.23031013657217386	7.913817365336742e-06	5.712417941142834e-05	0.5979782642481997	0.05925575228354437	-0.05925575228354437	draw1555	True
0.06874360016588418	0.008362273806315823	0.06911258792377267	9.57835118910726	-9.59638895906676	3.2970469028279845e-06	3.5422281043337294e-08	0.007163625193604975	20757.467622385073	-20757.467622385073	draw1556	True
3.805542848826691	0.0014192595433088833	18.884410272527173	0.017700357620191037	-18.9005953587358	0.0003943241723020351	5.52343804422923e-07	0.706775473912503	0.006572260355151238	-0.006572260355151238	draw1557	True
0.8987390818073921	0.26533402731260797	0.4277613508610564	0.07081854226269098	-1.5166107042441368e-06	0.030246596315628545	0.08284442178479304	0.7054986360789767	0.3577652331903837	0.3577652331903837	draw1559	True
0.11503441623808945	0.003013643023910553	0.006659114974388526	1.0400951087318144	-1.0446913355749068	4.438818770704188e-08	4.050982748424591e-08	0.006361550851660573	2996.5092749516534	-2996.5092749516534	draw1560	True
0.7488235990493393	0.055887056187660725	0.0010429663706419414	0.02328903896596317	-0.019710882433721842	1.602862107885498e-11	2.7023596735664875e-08	0.04282464775934911	2.3180647664272738	-2.3180647664272738	draw1562	True
0.540963253160802	0.0001524161461980404	2.5864147709019596	0.11096040626841212	-2.589897262419131	0.0014643024649343122	0.00011424312748495442	0.7224333967844854	1.9120948281113663	-1.9120948281113663	draw1563	True
0.45984800528170844	0.12866946365329163	0.015493154077914465	0.42962894277094715	-0.3186079242335989	1.8696607555484014e-09	9.424941805108872e-09	0.03478546173033066	23.92183566566135	-23.92183566566135	draw1565	True
0.4674282471736235	0.6329504730163764	0.7944623180645639	0.005525647628573716	-0.10895124304098858	9.345682736188802e-05	7.45511465739578e-05	0.7095695148065846	0.16095649375971618	-0.16095649375971618	draw1569	True
0.7204064367701156	0.01896423725588438	0.15958467537877732	0.8715031012832934	-8.17687567844505e-06	0.073411163631462	0.07048403648307536	0.13993244906831848	80.69687990004485	-80.69687990004485	draw1570	True
0.9039084054498532	2.107240976370147	0.02100550368009145	0.004740248034631511	-0.014382633778083838	4.388317838613615e-08	6.21759934159018e-05	0.7906703042311981	0.00045615389396028004	-0.00045615389396028004	draw1571	True
0.08473172026822408	0.03231218901977592	0.11159587528173595	0.2598540447927289	-0.3747494119204177	5.088341519179081e-05	0.00033825631107426254	0.28772837660220724	7.677244779932337	-7.677244779932337	draw1572	True
0.3971080695615897	0.07304837966841024	0.03304755456265305	0.14085206693355323	-0.12447474420937128	2.009300972465407e-06	6.412686232677263e-05	0.18669676893474255	0.6418174259383106	-0.6418174259383106	draw1573	True
0.8866048258438534	0.05399784782514663	0.02659418711945781	0.018898463901746536	-0.041620265261175	4.4995270909611136e-06	0.0016204091769959042	0.5046775236540201	0.3101453751081681	-0.3101453751081681	draw1574	True
0.001641997247285736	1.342639124649779e-13	4.71688796182316	0.12172210572146529	-4.838610067590382	0.5741495350929267	0.012942054545144825	0.7081226811698034	0.24893684169726996	-0.24893684169726996	draw1575	True
0.6991314258527584	0.006862812145241554	0.007016010278040493	0.014854440308343365	-0.02188312708952467	1.26206589760471e-06	0.002392439005374201	0.3054622599702624	12.130145621553423	-12.130145621553423	draw1577	True
0.5382329949561395	0.41448859998186044	2.518622662698732	0.4514530269947602	-1.8530248282620385	0.0012219835711659612	0.00011510065678118814	0.7729818956814847	0.5204975609024383	-0.5204975609024383	draw1580	True
3.513949508371758e-05	1.2668241545973208e-13	6.818218179945618	5.689088550374592	-12.50730672961479	38.78944697638103	0.34676926500418964	0.5794081952122072	190.20472080297137	-190.20472080297137	draw1581	True
0.003433987954450422	0.6131849679315496	1.5103334056842599	0.10424372831465961	-1.6038877612581697	5.694208223213054e-06	1.1649442429058173e-06	0.6831384436488399	0.004505866216432887	-0.004505866216432887	draw1582	True
0.22124771933036586	1.937681697709634	0.6886373628068471	0.02159649612710617	-0.6017148042445692	2.236604970513082e-05	2.4333009285607614e-05	0.7182801257900355	0.013108938857959824	-0.013108938857959824	draw1583	True
0.44313073157055294	0.0002911555554470431	0.021471990972475825	0.05272828204453074	-0.022090958183379524	9.678541300219594e-06	0.0016221038780170772	0.2779712435589105	1.9706699392913574	-1.9706699392913574	draw1587	True
0.8251457321282456	0.0028569995507543833	0.9646350091130936	0.027633962651522542	-0.9710942143487422	5.3058313907992135e-05	2.770497998791507e-05	0.6970520637816757	0.07925558142552777	-0.07925558142552777	draw1589	True
1.6268756859885642	0.05633671652143559	0.23806360933200837	0.19430814007176594	-0.3152333459261232	2.4389564054007382e-05	0.0001001133096061138	0.4823218061675469	0.21703940249542455	-0.21703940249542455	draw1590	True
0.02045389400374958	3.0302886492362506	7.8600233504479915	0.21337850859724397	-7.5727634716928005	0.0002449296105129214	2.0368172922970263e-06	0.7167690216304694	0.007886738443193052	-0.007886738443193052	draw1591	True
0.5391419125810198	0.0013503024479801938	11.512897031655731	0.13345861922923663	-11.642202842462448	0.0050021163531375375	1.8651780947469105e-05	0.7030203214276102	1.3484365267294036	-1.3484365267294036	draw1595	True
0.014794346638914288	2.7714360458110856	1.1685045780532481	0.050247719442265665	-1.20995203753037	4.728503679342194e-06	1.6586817181174414e-06	0.6920700921432271	0.0008026788140790615	-0.0008026788140790615	draw1597	True
0.08061860794820187	0.03005696079679812	0.0034975339091605122	4.401042724396485	-4.368759916437193	4.103726589521024e-09	2.1153243881809335e-10	0.0007940744325608568	213568.28066883935	-213568.28066883935	draw1599	True
0.7059060086669617	0.006856584407038304	0.385105735335648	0.7380706552623992	-0.41189513268106204	0.00015285345100675624	0.00010841965562093003	0.3243368932248498	0.2330642816644771	-0.2330642816644771	draw1600	True
0.2640510383444473	0.00028374532055267735	9.906449071362731	9.390911316163834	-9.908976667137209	0.0036674092370625124	3.72690887146969e-05	0.9986486305440749	4.6983139300457175	-4.6983139300457175	draw1601	True
1.142391448060638	0.06823582557936178	0.03880345584490092	0.0017772802069589183	-0.05191506035443297	1.2583105806912847e-06	0.0003991493165074874	0.6911051653028507	0.04005260070508464	-0.04005260070508464	draw1603	True
0.44407138353614656	0.00018202232485340858	1.0476913399570695	0.10977246654601858	-1.0499433469857038	0.00039912864792473573	0.00016375326789436033	0.6710762739265163	0.9484602140078742	-0.9484602140078742	draw1605	True
0.17485159349478113	0.26538000241321885	0.27323495031418704	0.11432771326093681	-0.2715638335043512	1.885667627730179e-05	8.385883014913854e-05	0.5762063956503937	0.10572254150300556	-0.10572254150300556	draw1609	True
0.2429791498984721	0.5530007234575278	0.7136608084402275	0.10675767524409985	-0.40281359229608926	0.00013501948671067329	0.00011419123561969623	0.6563114843308234	0.39845557483844063	-0.39845557483844063	draw1610	True
0.5412044330265927	0.11711492669540728	0.007104394772029048	0.17500278614487394	-0.17039401872305562	4.4317887192178827e-07	1.3343336412139368e-05	0.03898250601224924	0.686644590204576	-0.686644590204576	draw1611	True
0.00202071692282179	7.65480821018623e-09	7.678445129033975e-08	6.94948681807817	-6.949486627405856	3.196079705124545e-07	6.6177770189172196e-09	8.848123794264602e-09			draw1613	True
0.33004522704394573	0.009106470637054241	0.0018896028370213424	0.5743680669486283	-0.07842873776804361	1.0493451139102032e-08	3.159950161236854e-08	0.00327907595378679	4131.67412544374	-4131.67412544374	draw1615	True
0.5514635333785015	0.2543111314174985	0.1094449710591467	0.011837306770672053	-0.13151996805608915	4.388591574280962e-06	0.00016444323779387136	0.669948209353345	0.048106334228080375	-0.048106334228080375	draw1617	True
0.6292221194753653	3.0829214535146345	0.7619276234961936	0.007957745439900821	-0.6005686729831354	3.820609234989951e-05	3.325147264686147e-05	0.7108088890906354	0.019534540278941158	-0.019534540278941158	draw1618	True
0.029168952796522825	0.7812820261134771	0.25679820479805393	0.2584219246083808	-0.5158356234506802	1.9007453882508456e-06	5.735552272613639e-06	0.4460850120988326	0.00939759498298523	-0.00939759498298523	draw1619	True
0.39007035048332295	27.948823759616676	2.903826782862453	1.0270291588766003	-1.8381232602092723	3.1927368073249364e-05	2.6707228461245725e-06	0.8398535413608039	0.0004180472952526401	-0.0004180472952526401	draw1620	True
0.6774484321340216	0.0006308315079783771	0.10058658290194264	2.71531353292959	-0.11172036752088131	8.410627127674193e-08	1.059351867901447e-08	0.03569817245935286	44.3119925148144	-44.3119925148144	draw1621	True
0.13058924550661127	0.042148530580388706	0.024244119984202447	0.07431055886561116	-0.08259536480587962	1.8372152811296727e-07	1.7835652714654784e-05	0.23887511144190196	0.11226707699378412	-0.11226707699378412	draw1622	True
0.6375820068683349	8.806822466510947e-05	0.028326192224542492	0.05647595780720102	-0.02852232430397889	2.9901157786035366e-06	0.00037405451200540733	0.3168191118622429	0.9638076228972406	-0.9638076228972406	draw1623	True
0.9605881204865914	0.017137690638408688	0.03316147727370249	1.2065063394957085	-0.5841695546443899	0.00014653107781496946	9.528149823124078e-05	0.0267405621247091	42.17177962371797	-42.17177962371797	draw1624	True
0.07656989451968275	0.10204664112131724	0.03174023577993922	12.114251262238675	-12.145787338539566	1.230641623645422e-07	8.341855998093999e-10	0.002613218311773428	48527.7795046486	-48527.7795046486	draw1626	True
0.28273148597694253	0.0001741545150574996	0.3276386439794538	0.004219588427744945	-0.32828942970397834	4.4595182964960175e-05	0.0002050583649504509	0.7025704516523882	0.2844992688750033	-0.2844992688750033	draw1631	True
0.44270014512846795	0.006786529061532057	0.013331063658840177	0.02567205634729404	-0.01602550017863577	1.2699757010686704e-06	0.0007475040726972218	0.3234244433855442	0.2393660304826006	-0.2393660304826006	draw1632	True
0.2718251929153434	0.48482285016765664	0.5124116774621851	0.20285598574634403	-0.4491915099874827	0.0001388586962745205	0.00017936382962924208	0.5823712099985044	0.24895398840140598	-0.24895398840140598	draw1633	True
1.8221663697395916	1.3090477831904084	0.12102778352725825	0.0027941291093155547	-0.08475987715158842	6.459421755177066e-08	2.2564150921147478e-06	0.7153156992551813	0.000492011130986801	-0.000492011130986801	draw1635	True
0.2639928985738374	0.2968130387131626	0.0182764318987867	0.40027981290094994	-0.41756387430284797	3.1906097965287963e-06	1.8177693608519143e-05	0.043623842544334886	0.67677165550138	-0.67677165550138	draw1638	True
0.3493032924462206	0.2585503788477794	0.3439009030690945	1.0970629908405032	-1.4781179379299574	0.00037297438257986474	0.0001699475287316639	0.23214061528505534	2.1766631393675073	-2.1766631393675073	draw1639	True
0.8025659550894629	0.014598430555537084	0.002795762803451637	0.1301020193942555	-0.09064925752829094	7.533616281556192e-07	4.263594688790789e-05	0.021032245326204655	8.435333994129357	-8.435333994129357	draw1640	True
0.5540723844443465	0.08551268175865362	0.010717604201391829	0.0350965043237029	-0.045390186616516705	3.788835123485115e-07	0.00017114629195710728	0.2277867677798475	0.3343199801823273	-0.3343199801823273	draw1641	True
0.06667387637649295	0.09477251653850703	0.010552565699128883	2.193310007872838	-2.090489424559664	1.7764085104372994e-09	3.657327642062799e-10	0.004788159142295025	13698.993114123765	-13698.993114123765	draw1642	True
1.1397641095063729	0.14022478302362726	0.5961021794634155	0.05819221882980538	-0.8060793580751117	0.00011631956321007075	0.00014847311457428342	0.6734699649541837	0.19412783454910232	-0.19412783454910232	draw1645	True
0.31016054927660974	0.0030348351603902745	0.08542488336306131	0.566186782591967	-0.10439284701058349	3.7860768409395175e-05	8.766194611067749e-05	0.12998556895741792	0.6701286344028315	-0.6701286344028315	draw1646	True
0.3534962448457389	0.532159251293261	3.9052533549334902	0.8253153082422939	-0.28169748391126026	0.0022495788341963825	9.093975407158091e-05	0.785191323995482	1.319614758706932	-1.319614758706932	draw1647	True
0.015976332513837833	6.762762617786162	25.809909668104833	0.22054905301686675	-25.949795056432936	0.0015340368452482999	1.1416205237521733e-06	0.7040921025828131	0.004946662505454468	-0.004946662505454468	draw1648	True
0.5016963485218079	0.0038951539221921093	0.024379319138157135	0.15252678677005885	-0.0220476448868862	6.284871461113875e-06	0.0001970790173673194	0.1365190077109336	5.057986670616713	-5.057986670616713	draw1649	True
0.24928988029366603	0.294422868805334	0.4875856853201444	0.16822258134019194	-0.4041333348609255	9.166327911647708e-05	0.00013725660655470906	0.5966503142570643	0.1956106422477369	-0.1956106422477369	draw1650	True
0.2587716043557105	0.23606010837328953	0.7757933230034956	0.25814522991521976	-0.5478724333517458	0.000458150119280918	0.00027419640336682073	0.6001682039421606	1.2682110301289744	-1.2682110301289744	draw1651	True
0.010260929703320714	1.3605697754466792	1.6518713738449027	0.057783591199782915	-1.6977922532342613	5.83520895143129e-06	1.0324881175153487e-06	0.6948491844893244	0.0019177588739083973	-0.0019177588739083973	draw1652	True
0.8867833601195327	0.0012780900184672197	1.392429662683185	0.009546707575271346	-1.398368824389852	0.001412004503345895	0.00036662340524147043	0.7095210588988311	0.8501227978701733	-0.8501227978701733	draw1653	True
0.056212854931964436	0.11356042749603555	0.3458304247389359	5.685618351380988	-5.963037556201878	0.0009192131522218951	2.5185320927528144e-05	0.0572438435409188	14.508945565312118	-14.508945565312118	draw1654	True
0.8729913769699956	0.15540458043000427	1.0543509348002096	0.145601127312038	-0.7654238225592442	0.0005788901932645856	0.000298784484682376	0.7574711521205735	2.3487257848545005	-2.3487257848545005	draw1655	True
0.1822084884096292	0.09246015237137083	0.1781836589637329	0.3081125827455479	-0.5096984418344144	7.78726369901508e-05	0.0002903167942242418	0.3440419302617562	2.3540179675445905	-2.3540179675445905	draw1656	True
0.12195381723323824	0.7342272699637618	0.2734788319763135	0.038202730342348896	-0.21218407783862456	8.934037573555052e-06	5.1961395359371854e-05	0.6595386192819322	0.03050305284688554	-0.03050305284688554	draw1658	True
0.2854829978588083	0.13639784238719166	0.031325013612361084	0.17561431101036037	-0.2080311273204712	6.980380795384659e-06	0.00015935075867240474	0.149667856202114	1.2083120103142382	-1.2083120103142382	draw1660	True
0.8118363874201404	0.13116987877385958	0.5771136837141013	0.10677413068181398	-0.8066620647194889	6.089476511730767e-05	7.604595782824719e-05	0.6449253638737216	0.727206429636065	-0.727206429636065	draw1661	True
0.9001888435411514	0.005212025821848667	0.09001200932336235	4.102011362996587	-1.2283948584296267e-06	0.13037787019832828	0.007436301437498954	0.020170352286361014	473.02972418578423	-473.02972418578423	draw1662	True
0.9006899860380727	0.010017890169927208	0.16704483553195032	2.9520152507792683	-8.666370558685355e-07	0.3599813408491034	0.038172061733274025	0.03878137482879231	703.5174285768056	-703.5174285768056	draw1663	True
0.503922124862675	0.0855502939763251	0.026217151592253414	0.034989322400982376	-0.05876415189677313	3.1071754797720926e-10	7.00829000664742e-08	0.39373919329629536	0.7369780018959841	-0.7369780018959841	draw1664	True
0.0015447090886552195	4.348700260911345	8.425392404348974	0.5697531008094849	-8.991534812983181	1.4390121861601274e-05	9.473425447346277e-08	0.6836147453048469	0.00030733707605849585	-0.00030733707605849585	draw1665	True
0.5982621843097533	0.0024226857702467383	0.004484788066154365	0.1415067954745721	-0.14599522451542682	1.4224695851616491e-08	6.667725397824983e-07	0.03070501280764462	783.6423917330172	-783.6423917330172	draw1668	True
0.638624989177624	0.028712775121376016	0.011739438487133344	0.06479933629452424	-0.0681711045266271	7.103264902818899e-06	0.0011846823194315494	0.15160248395142847	5.235074580672294	-5.235074580672294	draw1670	True
0.22359125329298998	0.08692629082701002	0.00955779511040124	0.19635587970691787	-0.18672952857703154	2.1941960832546e-06	5.163811809722877e-05	0.04636656606673519	1.2146375394449407	-1.2146375394449407	draw1671	True
0.435542718871944	0.11406505845405598	0.027320173649588386	0.013171583336199217	-0.047503652140873764	9.764094631928106e-06	0.0040928114057921915	0.5593328712177734	0.4000127777814149	-0.4000127777814149	draw1672	True
0.15528905456494113	0.06608367904005888	0.003329058959450947	0.8499873958144326	-0.8530923787847461	1.3212202291431554e-09	1.8144640333170463e-09	0.0039012884454132273	2647.936813745268	-2647.936813745268	draw1673	True
0.4755868228229826	5.8638680174307385e-06	14.529135004868774	13.413988603050196	-14.531430477927117	0.03285841375097473	0.00015474487387182466	0.997067586104566	4.0604525208492905	-4.0604525208492905	draw1674	True
0.07472250919223426	0.015758060419465737	0.061627003267744784	0.24879210454680872	-0.31480759133918296	4.493684482907492e-05	0.0004486606494302169	0.19472765919345672	16.40502770869225	-16.40502770869225	draw1675	True
0.0005779356020850941	3.317439845747915	52.160761027407794	0.02605561063519953	-52.117799694290106	0.0002628975978508531	4.833767139838946e-08	0.7072834119818142	0.002142818756274679	-0.002142818756274679	draw1676	True
0.4592283188904134	0.8472652492895867	2.533206365509627	0.21892191443101952	-1.563559510256873	0.001825605353701033	0.00015506643811112738	0.73828836046944	0.6977572625021784	-0.6977572625021784	draw1679	True
0.035405492656128454	1.6386993452438716	3.526260880786592	0.21878341637309487	-3.14206392520268	0.00021048436334662095	9.005093542145288e-06	0.7293712397334409	0.048254320084244615	-0.048254320084244615	draw1680	True
0.1329128176491758	0.04897613230282421	0.017883972360535544	0.35545940654861613	-0.37376605294876203	6.9292590244257945e-06	4.9599181922378e-05	0.0478473198440777	3.0505764000110553	-3.0505764000110553	draw1681	True
0.3079869300742395	0.10964414621176047	0.1543402087917425	0.04877027144670828	-0.10596314776499444	1.1292859592197516e-06	1.7353668869507695e-05	0.6050242364727687	0.05953105939979276	-0.05953105939979276	draw1682	True
0.47255410011702587	1.6396512974096045e-05	0.6245509697090647	0.012630063692911262	-0.6249921032484332	0.00021222267079754818	0.0002775898011015057	0.7142886278103064	1.708955559008257	-1.708955559008257	draw1683	True
0.40598805405333027	0.0022430357856697536	0.0399590241731164	2.1079084489130318	-0.07112722653328368	0.00016535207145184386	3.582979896077113e-05	0.018600791905032183	12.597569272574827	-12.597569272574827	draw1685	True
1.1270059855454289	0.21643798078457116	1.1265666069158609	0.2743605930857073	-0.6099652253693781	0.0006518951170010156	0.0003266975627108616	0.7975188264830383	1.5406265810875894	-1.5406265810875894	draw1686	True
0.7566249930095518	0.0061478978004482635	0.28624398554997443	2.123385339775626	-0.3326037082460585	0.000623813543032796	0.00010594212451768614	0.11796227423304195	2.073911745268468	-2.073911745268468	draw1688	True
0.7569079547680957	0.03417017478190438	0.9483844199366279	1.225835529939283	-2.3255819570078273e-06	0.9173342680517614	0.20184542148121346	0.40477160123170064	42.51781845472709	-42.51781845472709	draw1691	True
2.248844180671936	0.06141749579806402	0.07867189926484383	0.08090918861233184	-0.08559117558636545	0.00026211471439712363	0.008283648914366643	0.4422048343292844	19.847844554434072	-19.847844554434072	draw1693	True
6.8263836976614015e-06	3.5291859806293937e-13	0.08894657657850204	29.294509707698772	-29.3833556030492	2.6056373959393846	0.003036297413413778	1.990571498638293e-06	106645.49644748803	-106645.49644748803	draw1695	True
0.29314029497865707	0.02071206182834296	0.00039859138662984127	0.018862154935631568	-0.01869779872554644	1.4956022280244132e-11	4.0298040494415164e-08	0.02069006343280702	3.254505620782517	-3.254505620782517	draw1697	True
0.035474389690563955	0.0003300638785360487	0.0006665532097667084	0.39010580701673986	-0.3904927300945053	7.35031187459006e-10	4.813454018920492e-09	0.0017057302629213478	12162.85178021701	-12162.85178021701	draw1698	True
0.2936686692062424	0.06924566175975756	0.03647049341801191	0.06640947118319629	-0.09906628089401985	3.980183880777252e-06	0.0003340656569531779	0.33412255468738683	0.9327755657206892	-0.9327755657206892	draw1699	True
0.0024104809894118077	1.1259288192282679e-08	1.0915488082991202e-08	0.2568049022426868	-0.2568048449966787	1.259981004414174e-10	1.9105453012922475e-09	4.2461968399734716e-08			draw1700	True
0.5322858375013738	0.4397580296256262	0.07287787388182061	0.0007633639218340296	-0.024723349131277488	3.37281492384508e-08	3.142115643989071e-06	0.7034132119849279	0.00030240203557764094	-0.00030240203557764094	draw1701	True
0.07635132120972035	0.03777391834027965	0.0051489472255216336	1.9008480083010781	-1.875022293592897	6.069967597463225e-10	1.6708551377628548e-10	0.0027014358153377807	32185.187601538146	-32185.187601538146	draw1702	True
0.008855473542552091	0.10191239474544792	0.037403872363356676	0.8133995435787125	-0.8511243335525501	1.5252201939241973e-06	2.1029818592319434e-06	0.04392057889138398	0.35866894396260396	-0.35866894396260396	draw1704	True
0.39521782214631296	0.1723378726416871	0.00774303645126076	0.41908911207697536	-0.3792925801001358	1.4395115688511e-09	7.898743625589948e-09	0.01813772166004353	52.14360323510834	-52.14360323510834	draw1706	True
0.15820256230468052	0.1916699125623195	0.12616094237676476	0.024943745518368903	-0.09838011309598627	5.403721812672818e-06	0.0001394537643336195	0.6409048346171617	0.13201008606821346	-0.13201008606821346	draw1707	True
0.7711258658301551	1.433472717179845	0.19874647524777142	0.04477807140612167	-0.08371180314021841	4.865528515816962e-06	7.697837509762236e-05	0.7905307962586636	0.009967867821873732	-0.009967867821873732	draw1710	True
0.40456323190644206	0.07963141654655796	0.1283424070405994	0.16615003956291874	-0.2916239721203753	2.558790785357874e-05	0.00024795075999220175	0.39951716455277	0.46523772998608937	-0.46523772998608937	draw1711	True
0.41277826306443927	0.29219508531256067	0.17834101937136349	0.03151084056782685	-0.1170474279936875	1.4549273498587419e-05	0.00019183338514344565	0.6475788779526976	0.2220667506071204	-0.2220667506071204	draw1712	True
0.07938369096867462	0.26414039210932533	0.0022685622960061033	0.054528665443418126	-0.056830026353323994	1.832916692287899e-08	5.672782917074555e-06	0.03990960454013269	0.018901148098916975	-0.018901148098916975	draw1714	True
0.7480211392669706	0.03744241178302941	0.14276752161388342	0.018973676977530256	-0.19741466206091626	9.321771520127607e-06	0.0002002840873458196	0.6617644068707468	0.2079288682727035	-0.2079288682727035	draw1716	True
0.34240241634817437	0.0003065814188256525	0.03802643503221891	0.033763660545832505	-0.039700106381344774	5.4207000365569694e-05	0.00821676635328583	0.4681188803280475	6.197477351931493	-6.197477351931493	draw1717	True
0.46648436473043825	0.21527650216856167	0.29969011681881796	0.04273506208219548	-0.3388203158071215	2.3891222759530574e-05	0.00011537800778859467	0.6585894149251382	0.1230753563220756	-0.1230753563220756	draw1718	True
0.5290897231071231	0.37803002536587693	2.789574281397851	0.8054125214818932	-1.9808762149006318	0.0005653192515129782	4.824110027769262e-05	0.8148912316319111	0.12605696264352154	-0.12605696264352154	draw1719	True
0.23367186331785453	0.06910650380714549	0.0015717940717564262	1.0325510104941151	-1.0087126633562136	2.466970780907414e-08	2.3068468957022097e-08	0.0015199280480447802	4936.224780368994	-4936.224780368994	draw1720	True
0.3924589876528034	0.0002598831001965681	0.7510677870168723	0.5869642763103664	-0.751428912420537	0.00010828818495719708	0.00018321857364252415	0.976952271526479	0.2639361489340334	-0.2639361489340334	draw1721	True
0.23075751580286546	0.03906827564613452	0.029716692405889648	0.26317020107500366	-0.2935375770483867	2.1477544329553163e-05	0.00024782044066391106	0.1009428178156455	4.149181129335606	-4.149181129335606	draw1724	True
0.02572822867497096	0.008172492060529045	0.006423851986439455	4.670162707913215	-4.676577447028216	2.0580324120479749e-07	9.410082615318402e-09	0.0013736185233083054	404343.79038530786	-404343.79038530786	draw1725	True
0.1517558908710634	0.6169402137839367	0.17438589310025504	0.06432509387694343	-0.16979564819348447	3.24430487657098e-06	3.712300750560149e-05	0.5898914428070219	0.020441888478510126	-0.020441888478510126	draw1728	True
0.39994159508229654	0.002909173390703478	0.01180980498433061	0.18880373109241733	-0.029685299714815577	1.794516577522112e-06	4.443493871130673e-05	0.058766680246067134	6.873253840741092	-6.873253840741092	draw1729	True
0.08321352602291594	0.17641639070708406	0.05810214715020865	0.5890493449741352	-0.6454254886366331	2.336551693304997e-06	5.534479702600152e-06	0.08942169212234129	1.0314194233565999	-1.0314194233565999	draw1730	True
0.779513581244061	0.20383208148793897	0.5774906148278441	0.016009241734201755	-0.6866785455471272	7.238871607479966e-05	0.00010556339383134562	0.6973746609240642	0.3642447003163804	-0.3642447003163804	draw1731	True
0.9032673795750014	0.09198867228699868	0.4115459736022717	0.11811639509595848	-0.6708357581473332	0.00011451688556887746	0.0002545317350285653	0.6135564678051856	0.9780114745217846	-0.9780114745217846	draw1734	True
0.13339192547786322	0.00423433522113678	0.009334478018837558	0.5024996098510063	-0.5104141521251444	9.240088058384297e-10	3.5259266674439953e-09	0.018234280030307998	320.36838686503836	-320.36838686503836	draw1736	True
0.12017461669585675	0.022381133885143262	0.0821922661940085	0.18006949294377175	-0.26565441968676	2.3777495083853247e-05	0.0003147804751795377	0.2990553517827344	2.8130240309538355	-2.8130240309538355	draw1738	True
0.0014187022161230064	1.204245959683877	5.112328518539189	0.003965786988382563	-5.095827704526968	3.6035362569348286e-05	6.88849738662558e-07	0.7068325728071289	0.005305119416391184	-0.005305119416391184	draw1739	True
0.33262028381916603	6.306161811200834	0.5728069610186841	0.10942604972900251	-0.4331130681587651	8.202292303214633e-06	1.5110250119718122e-05	0.7774572048314561	0.0014979078922836165	-0.0014979078922836165	draw1740	True
1.0329901448566614	0.48082497791333867	0.8116966463399351	0.03937626710468556	-0.8588645700767502	2.473178862313935e-05	1.7880428187817653e-05	0.6901682015381467	0.03352799770700571	-0.03352799770700571	draw1741	True
1.0313147809293517	0.05060566051064831	1.9019011315493628	4.875365346911521	-3.3551600189252184e-06	7.181704375933449	0.17309001897593163	0.24287411267200798	123.04845061025732	-123.04845061025732	draw1743	True
0.994947287547371	0.6633487761126289	8.604483320794973	1.5537872458687172	-6.863302553199206	0.002001584663921821	1.617449359291495e-05	0.7734872526253961	0.2159166730816233	-0.2159166730816233	draw1744	True
1.1540717327146885	0.0003836644253113535	0.6818076767977095	1.3842049318348961	-0.6855516433297606	0.0005211551253594622	0.0001101046743713252	0.3133871857959954	0.8996780883190135	-0.8996780883190135	draw1746	True
0.005923353458570957	0.02794603337262904	0.04420169119148792	11.624986332979638	-11.669146851645039	1.834208027106803e-08	1.3469798012481383e-10	0.003787870586712767	53730.705699515755	-53730.705699515755	draw1747	True
0.1475138037311368	0.9931139260688633	0.5420752829450742	0.0019650245829480927	-0.42086000378745403	1.8699901233806755e-05	3.193479841408344e-05	0.708389374109509	0.05843510582977924	-0.05843510582977924	draw1748	True
0.1494563908196494	0.5386015594843506	0.1506814472721506	0.06942619824513918	-0.21884176247526235	1.3526506557831146e-06	1.901064548183278e-05	0.564891956115426	0.017429671313449996	-0.017429671313449996	draw1752	True
0.03974906934050155	0.44956708864649847	0.23641550418947935	0.1433238510795333	-0.3384586605784613	2.6446299556515475e-06	1.32169200971251e-05	0.5285165969224866	0.009398603940402928	-0.009398603940402928	draw1753	True
0.5185210066000816	0.026942469219918434	0.10544647612137828	0.34393833415344655	-0.3187616977725751	0.00015435470954335118	0.0007244492664471774	0.22844099723606237	11.75302269784595	-11.75302269784595	draw1755	True
0.25333331353412725	0.5077657188618727	0.7311058339703411	0.024726780003760614	-0.6780106978492864	0.0001120179501021089	0.0001013005563414746	0.695252168056777	0.43116460730320144	-0.43116460730320144	draw1756	True
2.188960512604443	0.04733542165555727	0.948437865276869	0.008473645703932428	-0.9972688904545003	1.527245913594791e-05	8.565274257913805e-06	0.7102725572806583	0.006799095331872545	-0.006799095331872545	draw1757	True
0.8039981261860684	0.002355261844931573	7.650139002698778	0.05607334355886034	-7.72927078868142	0.00323174634272635	2.740851344216707e-05	0.704520174243794	0.5343314886414661	-0.5343314886414661	draw1758	True
0.03422328951636244	0.09970032843463755	0.04244110682261895	3.079605831165179	-3.122014425086937	1.7268705941530417e-08	1.7713349392689775e-09	0.013592744346936915	1370.067934987708	-1370.067934987708	draw1760	True
0.2236035261913927	0.5239420049936073	0.5165787886694715	0.008906257227396361	-0.26589632624321746	2.1540594450299004e-05	4.1062151110522716e-05	0.7132283137525615	0.04893618660455347	-0.04893618660455347	draw1762	True
1.0369298846363177	0.4013817254236822	1.6125145303523472	0.20456007681269942	-1.3393333578466213	0.0003592695850520356	7.839967494047004e-05	0.7532697730681104	0.33002132138089585	-0.33002132138089585	draw1764	True
0.027289615821069937	0.25531464654793007	0.10589753472548415	0.07487711516380012	-0.17687052117493834	5.733408814107382e-07	1.3062012851047462e-05	0.5054572710365155	0.007012757307449492	-0.007012757307449492	draw1768	True
0.6507029954536562	0.17436606392034376	0.04594853749953557	0.14933105085354745	-0.20061593161667993	9.87381056304035e-06	0.0002453402909816373	0.22904114143999932	0.9553610174715984	-0.9553610174715984	draw1769	True
0.06277782495015688	0.002775855264843111	0.00027997774020818174	0.17987019570164547	-0.17770524781229888	4.6554946229313196e-11	1.4344830147902163e-09	0.0015541334016242042	7927.017565230914	-7927.017565230914	draw1771	True
0.33177178375057514	0.28295385146442487	0.45556831921707885	0.006850921422914568	-0.3938363246089107	8.557689104916508e-05	0.00020309122432545396	0.7018120686457261	0.5072958402337218	-0.5072958402337218	draw1772	True
0.4199332878048517	0.16401695615114834	0.0834835591198668	0.1007570847885894	-0.2020831333528114	1.4070294011359454e-05	0.00034389848630670663	0.41272842167365814	0.4581013178020643	-0.4581013178020643	draw1776	True
0.5289398006278522	0.0003211810051477268	0.2190234225269295	0.20788500272770002	-0.22138171140887916	0.000312542838448499	0.0013575877833328376	0.45647629075039803	4.657743222522802	-4.657743222522802	draw1777	True
0.45635494992475245	9.349714224751757e-05	0.25718689456400023	0.24903298165989887	-0.2573573346795119	4.127227001878344e-05	0.0006233391023378672	0.9994977986867305	0.5313648203736878	-0.5313648203736878	draw1779	True
0.8999175804914934	1.1198602399285065	1.321176498678683	0.27474825608612874	-0.41508862911767197	0.00020233161518033155	7.123049665156069e-05	0.7839023224515793	0.0757464550568012	-0.0757464550568012	draw1781	True
0.6979620803565708	2.3179971429258458e-05	0.18593911209095199	0.43851319062527366	-0.18600911079319965	3.1491131824437475e-05	0.00032013914186999816	0.5928515575246907	0.4264203084624843	-0.4264203084624843	draw1789	True
0.5708187140687475	6.091422513961253	0.0846822051886583	0.013245154455841176	-0.06764540784239936	1.994029357735964e-07	1.624552755736578e-05	0.76435180298381	0.00024259141040089475	-0.00024259141040089475	draw1790	True
0.13186710431667722	0.37365572593732277	0.6219802721770901	0.0725729881173946	-0.6423289067400031	0.00011139710990358873	0.0001281511562186371	0.6671153109068706	0.5450185611116968	-0.5450185611116968	draw1793	True
0.28421610214753396	0.012322614715466057	0.0010613784187715103	0.15081809126133938	-0.15092605359195038	9.290580650140717e-11	4.027388304195286e-09	0.006988123571692214	115.64775160572525	-115.64775160572525	draw1796	True
0.9770127339449874	0.1124673715550126	0.23472526783928252	0.49807310272754535	-0.5293530539501516	7.253566478252526e-05	0.00012250797099985113	0.30504659901734743	1.1682626783730938	-1.1682626783730938	draw1797	True
0.010506283378152612	0.0006019165627473878	0.00012415539676120864	2.119090120449507	-2.119195993988302	1.639642720103405e-07	3.6508961700064165e-08	5.858556818375586e-05	1734988.263712365	-1734988.263712365	draw1798	True
0.16308126056470312	0.2902388934032969	0.22010454702024915	0.24015981673413603	-0.40616352498581004	5.152004490131183e-05	0.00019793382825075595	0.4314205946350401	0.21055884721174542	-0.21055884721174542	draw1799	True
0.0801490123857654	0.1922516636072346	1.1078844868707693	1.57659628190827	-2.609157275208856	0.0008611897871377485	0.00010211117656110631	0.3814886950790285	1.9426232318482741	-1.9426232318482741	draw1801	True
0.006616602070768942	1.141350737289231	1.7562152065919894	0.023318169161673473	-1.7177576239176495	1.3945452863801463e-05	2.230904488728046e-06	0.7024281553279209	0.007054403858954693	-0.007054403858954693	draw1802	True
1.9078244553776393	0.41519004754236055	0.7170483357637197	0.2703471654474207	-0.44896337287311294	0.000349948884249584	0.000490330020006247	0.8487706373639832	0.9556835611108554	-0.9556835611108554	draw1803	True
1.790832800992414	0.06556365239758587	3.3808494988341433	0.03168307948664242	-4.56959034292845	0.0011108172454685598	4.8138360935608874e-05	0.7038014871988933	0.8771132303554465	-0.8771132303554465	draw1804	True
0.5620655085214206	0.005273819672579392	0.10850478090762332	1.0273228171465927	-8.648182957621264e-06	0.054870987586641246	0.04318418159177386	0.08610856090767362	159.1143089616355	-159.1143089616355	draw1806	True
0.603553412262643	0.08177073514635706	0.1813662115807616	0.23088495407549073	-8.796500081120762e-08	0.026981650570596486	0.1506712954321673	0.4058609802221958	1.4538141918122107	-1.4538141918122107	draw1807	True
0.3394263239818713	0.13664281139212872	0.018938544923784	0.1083617967304767	-0.12806724969401953	1.699745320467279e-06	0.00010261656707598123	0.1471510342463222	0.4037148109560796	-0.4037148109560796	draw1809	True
0.3358604173910792	0.0005005160789207968	0.03067899946006085	0.007389574649830755	-0.031681046018988475	2.0445411250657147e-05	0.008560321537093483	0.6277169204685318	3.0898396704901936	-3.0898396704901936	draw1811	True
1.006589515577318	0.123416246792682	2.4381001230441828	3.029533449619129	-6.664240601361726e-06	5.903381250614011	0.20546022881380013	0.41464368289010406	30.69360095524192	-30.69360095524192	draw1812	True
0.5313209953701418	0.0027975239648582164	0.14826706689610272	0.10326013998025702	-0.15310606462347737	2.7473504074544966e-05	0.00032227361794359016	0.5078085177146766	0.7644651053292839	-0.7644651053292839	draw1813	True
1.0226546395481622	0.5589796173718379	0.32173625684704416	0.000751062439802139	-0.32810447157344597	6.69043827739523e-05	0.0003224410547063399	0.7063140811146966	0.24437123525814408	-0.24437123525814408	draw1814	True
0.49239265006175414	0.011170309778245801	0.11268853663653447	0.0539360958238167	-0.11772910863094006	7.960681928296427e-06	0.0004929043291237795	0.8867187774234839	0.0959681828471985	-0.0959681828471985	draw1816	True
0.09029669323177388	0.0015785266754261243	0.027399658063938064	0.6029829996574786	-0.5734710251506596	0.00021981485580834257	0.0005521183063807595	0.04342078359266644	736.4675813423406	-736.4675813423406	draw1820	True
0.06690326005863778	0.008267646264262215	0.008303903448607418	0.5002137458486858	-0.4995217789209202	6.233044783695581e-10	2.409752245471325e-09	0.016327450060742026	244.43760013281147	-244.43760013281147	draw1821	True
0.5022464383219075	0.06162600801109256	0.09575631746695228	0.06432403064842099	-1.6018362102021566e-07	0.003240465487329988	0.09930762896289547	0.523298244176078	0.9111850653526676	-0.9111850653526676	draw1822	True
0.4376776520510579	0.0025893045869420203	0.0003725433219730772	0.015549533005783735	-0.015646655396239273	2.704399272011202e-12	1.066187816633548e-08	0.02339150867550755	6.246224189880642	-6.246224189880642	draw1824	True
0.7635478316296178	0.028366320591382246	0.019011234410971453	0.27021431117393185	-0.07659063561743061	2.614449347781757e-06	3.111963941415065e-05	0.0655899696161178	0.7540041010236731	-0.7540041010236731	draw1826	True
0.21068151345254577	0.09442940955845422	0.3616822568608909	0.22810377295828071	-0.5820628756313369	0.00014662722864404402	0.000306327721598897	0.5227728048970968	2.006415845719597	-2.006415845719597	draw1829	True
0.4149876032900975	0.00047903025890247907	0.638302142082818	0.4170468563500632	-0.6395121380180598	0.0003459924423866845	0.0007581173932427743	0.9448463962868193	1.2818578630216193	-1.2818578630216193	draw1831	True
0.13664960271733975	0.03906371197566025	0.011353321316150392	0.583596578365108	-0.5443115473986598	2.8265551232158976e-10	7.982493019619996e-10	0.019079345523087467	116.72197071040364	-116.72197071040364	draw1832	True
0.5424268101001956	0.00010496745280444073	0.22505408616938224	0.003933457595134464	-0.2252686135149057	1.7185176649286306e-05	0.00017263897614356918	0.713311657513531	0.25077605378192985	-0.25077605378192985	draw1834	True
0.1527493322973683	0.03562034100563169	0.00586860290060092	0.38259323614017976	-0.36837397671637573	1.8232667398708467e-09	1.2079650757225795e-08	0.015105559239338486	341.2073552039675	-341.2073552039675	draw1835	True
1.384962145529022	0.009268204720977958	2.968301231599104	0.0029768065667230507	-3.025992770777789	1.0679622969786875e-05	6.066602207654855e-07	0.7074614362038184	0.0167295755651635	-0.0167295755651635	draw1836	True
0.31839143517008633	0.07653292085391368	0.002421723540409319	0.026307624813278096	-0.02880440940922357	8.196114397337519e-10	9.860103466174004e-07	0.08399652005916045	0.45839683211558824	-0.45839683211558824	draw1837	True
0.6977933105285231	0.071358256876477	0.003920563373507952	0.09184074988150481	-0.09223100989510767	1.0947487451983038e-09	1.1918097382257485e-07	0.04090672538701741	17.369090831638374	-17.369090831638374	draw1840	True
0.16423641220798915	0.02062375145201084	0.000630928774612776	0.8584655636718403	-0.8395644403425492	1.806178845504776e-09	2.4472403546022435e-09	0.000734409475611776	19260.274267499444	-19260.274267499444	draw1846	True
0.14326216477823225	0.016927799718767723	0.009131552602618952	4.061910161543531	-4.071051974123832	4.316045337389961e-07	2.604190247652242e-08	0.0022430449679506134	29983.20344583931	-29983.20344583931	draw1849	True
0.5931483254793566	0.06373244198164346	4.620885669102575	0.7177916006880493	-6.981690489543668	0.07946361475537207	0.0015939895909589036	0.6544599409364084	68.26362412064533	-68.26362412064533	draw1850	True
0.3024669897073354	0.31049148605966465	0.0680597994095621	0.0021149614467332375	-0.018216796528028233	1.1150809960346269e-07	1.1668136309134564e-05	0.6962067097127494	0.004813114403609481	-0.004813114403609481	draw1852	True
0.7268082238081331	0.19548158126086687	0.07526902959832016	0.03141397274910902	-0.12658553173776968	7.018670871694934e-06	0.00041173275997689467	0.5764962889066904	0.15143570766366604	-0.15143570766366604	draw1853	True
0.3443510302479341	0.30922576454306583	3.446399516615023	0.26919492712281334	-3.793135286896139	0.006420165815647986	0.00024997466829985456	0.6800494330542787	6.133588516513148	-6.133588516513148	draw1855	True
0.11510344782005086	0.6166596059249491	0.3412194722043837	0.07278178355820292	-0.28696481622957537	2.3647015984141614e-10	8.215682216434631e-10	0.6360151517287926	0.0655107580610645	-0.0655107580610645	draw1858	True
0.12452675741567158	0.07558479011132842	0.17156023080084046	2.9609307132693496	-2.5009847998105155	0.0005535252966448015	5.6241529326827107e-05	0.05468600741007034	27.778502777258893	-27.778502777258893	draw1860	True
0.00039412063532323106	2.236556135114677	6.661922880502831	0.24835557465445104	-6.908355347058509	3.9816283404888736e-06	4.321601619597804e-08	0.6940513545479414	0.00037868153498604035	-0.00037868153498604035	draw1861	True
0.9693850143760343	0.0031811016019656644	0.029717631951831955	0.009386271917184302	-0.031209859550231353	7.476417076391008e-07	0.0003099353362420637	0.6050662796816252	0.029255417175294014	-0.029255417175294014	draw1862	True
0.3086797760980478	0.07271713558595216	0.14377109180554515	0.06493120331255788	-0.2485534467755316	2.043390806980664e-05	0.0003181527396954851	0.5673011194029908	0.4690287634647992	-0.4690287634647992	draw1863	True
0.18770738777341184	0.002017434717588172	0.003006931266457292	4.158968969041892	-4.161871709679878	2.55231588716885e-07	1.4734488854320365e-08	0.0007224766679543316	93004.54910561627	-93004.54910561627	draw1864	True
0.526900125954628	0.12657542997137203	0.22231668373159766	0.016196682268203654	-0.2645820419246498	5.6118240996537575e-06	5.278570792840592e-05	0.6818332956158746	0.1037104226668866	-0.1037104226668866	draw1865	True
0.20088169012133242	0.4288881602136676	1.961829655411638	4.338190489770062	-6.19880671137078	1.0477653241487656e-07	2.4064967402793388e-09	0.2973184933761484	16.9896216720017	-16.9896216720017	draw1866	True
0.2127340978825397	0.00012342610746028792	0.038344013343682655	0.009366790459866594	-0.03860227601130034	7.943064501418924e-06	0.0034384185846398924	0.7977768481485757	0.74299708327677	-0.74299708327677	draw1868	True
0.6282319993734248	0.013783463262575183	0.1366519846350004	0.10379874162404439	-0.22850391780557874	0.00018500083910462142	0.0024187082209033988	0.4941023298780301	20.04417262916479	-20.04417262916479	draw1871	True
0.2370849455235429	0.037712255597457084	0.0012483017172023696	0.03625364919962986	-0.037429174409823615	1.0662032537282537e-10	7.572710579458742e-08	0.033267889139236693	5.048467343636625	-5.048467343636625	draw1872	True
0.8553286579335723	0.6017538002264277	0.3833727932167876	0.0019733021359578215	-0.07513933171159762	5.358109337658745e-05	0.00018321826515108408	0.7089243266654112	0.061184964201763975	-0.061184964201763975	draw1873	True
3.3554911751791194	0.08753835561088069	0.06118404954812644	0.20907938317836178	-1.1161319860564234e-06	0.011732390002464115	0.19862588246017257	0.1578179858508276	7.0325188051601994	-7.0325188051601994	draw1874	True
0.0889208214042952	0.1461817444477048	0.030589820811101485	0.6836150725229833	-0.7148627098027255	6.380181689958299e-06	1.248508316016838e-05	0.042791362127101974	1.1204757868976138	-1.1204757868976138	draw1875	True
0.3023186766586036	0.004227897708396385	0.010086363440259927	0.0034697567917453412	-0.010501854438997097	6.610682618357047e-07	0.004542684403461051	0.8361146128268057	0.29870987229567975	-0.29870987229567975	draw1877	True
0.6338340731543605	0.015419350381639569	0.03763057841723992	0.011510617310555228	-0.0435561129434471	9.87027959711751e-07	0.0004703908424053518	0.82149622523956	0.07919417373975837	-0.07919417373975837	draw1878	True
0.1056080122629338	0.1236352543370662	0.02213795192914916	0.37104801404616256	-0.3851804212423967	4.677933458902477e-06	3.016361811167868e-05	0.056214981832872345	0.8750387253918605	-0.8750387253918605	draw1880	True
0.7717523541628779	0.20105263933212214	3.1359969657123745	0.07507769465323	-3.0926452652075063	0.0034102971418506385	0.00017758493468607604	0.715620176413397	2.8890034102487845	-2.8890034102487845	draw1882	True
0.32328808178460666	0.11737622826239336	0.01393192127587352	0.12084331989528584	-0.13308851749240252	1.9009857384750339e-06	0.00010354820395930191	0.10282356322678797	0.7024433166012246	-0.7024433166012246	draw1887	True
0.5971431716676145	0.19198425561838553	3.532354850887342	0.08867755867448404	-4.598778753005504	0.0021921858277647527	9.007825695553301e-05	0.716037269047124	0.6520290563309483	-0.6520290563309483	draw1888	True
0.332081764280935	0.04474225191606501	0.22161792596372645	0.0002969904384677269	-0.2838155649642328	2.3791589918911876e-05	0.00024250813803528262	0.7075486378482947	0.3930554307337209	-0.3930554307337209	draw1889	True
0.01491845419361504	0.0028378842845849612	0.001174832410572096	4.740388649261172	-4.7398192351330835	5.959113270398871e-10	2.6505650995041635e-11	0.00024777320378396503	2333065.0726236724	-2333065.0726236724	draw1890	True
0.23744994305310857	0.05070984050889142	0.0007679103903906186	0.5373253997415213	-0.3655441786844138	1.6546737894086605e-09	5.7147379018097175e-09	0.0014270937649708665	10507.615295431597	-10507.615295431597	draw1891	True
0.6677892027860056	0.47628882536399436	4.4050874749380995	1.2734672610176692	-2.6907107042196476	0.003071443259134766	0.00010514377147910418	0.8150327551521409	0.6951173764098426	-0.6951173764098426	draw1895	True
0.22963159758166773	0.6327235864543322	0.15478951336530108	0.08181335089920534	-0.2366107659184618	9.544770397485647e-06	0.000119398133089659	0.5474665043068424	0.028737577437253935	-0.028737577437253935	draw1899	True
0.0610132725956553	0.010844592013144694	0.11309320744950423	0.582937875977644	-0.4699925774684876	6.569713175014606e-05	0.00013212112294536793	0.1603796647069659	7.671764633057702	-7.671764633057702	draw1900	True
0.004800258421209813	0.08881207110319018	0.7049504711494999	5.525721026274061	-6.228948324177664	0.00014290625890486021	3.634606295254674e-06	0.11242468180261998	1.2754281500722888	-1.2754281500722888	draw1902	True
0.10871614769836359	0.04714539887263639	0.0002971174952888495	0.06807370689768011	-0.06813929409219319	1.840888677868017e-11	3.938017958724518e-09	0.00434563562072018	397.34115681452624	-397.34115681452624	draw1903	True
1.4577535727911233	0.12243591322887683	0.0869303563236117	0.09884853855021776	-0.006417529228251048	2.6027221207495287e-05	0.000618655963632247	0.4238203251633236	0.4070752773925954	-0.4070752773925954	draw1904	True
0.16222948009355112	0.10216501014744887	0.005030576196883585	0.08280133995304892	-0.08164206598987767	7.770400209721677e-07	0.00010039600181495534	0.05718124137870242	0.4959410533581762	-0.4959410533581762	draw1905	True
0.9144872762624355	0.12862170646756443	0.9269254687914082	0.025753856778549477	-0.6076035411367326	0.0009843359414776088	0.0005889497524803145	0.7169885072432103	6.811726475575082	-6.811726475575082	draw1907	True
0.588858498119848	0.0023019126961520203	15.686712318546139	14.047293702927607	-15.708966648075325	0.08925767966039252	0.0003588094934956846	0.994583151683777	6.666287488228582	-6.666287488228582	draw1908	True
3.9863578623122673	0.00330875080773251	2.957929085011972	0.19172681074016978	-2.962896333808151	9.284615718166394e-05	4.973099358951548e-06	0.6845723583386147	0.006872536397052629	-0.006872536397052629	draw1910	True
0.2766620055294608	0.027231755529539214	0.0035158114564831796	0.05662628905536542	-0.05987984808999791	6.080021241186063e-07	0.000167519946287323	0.05835855207455723	1.7836598854806274	-1.7836598854806274	draw1911	True
0.9785565003068487	0.006458320313151312	0.4243488595042398	4.857346832884794	-1.72917594104538e-06	1.766541748938568	0.0680543489163672	0.04812936335385856	1822.108611081847	-1822.108611081847	draw1912	True
0.0003592279313856919	1.0367308138938644e-11	0.013745071013718564	0.5566537294926098	-0.5703972656659573	0.007651223946215952	0.02467930702760089	0.0005683165135765507	15.55091443911667	-15.55091443911667	draw1914	True
0.011436882574093216	0.006692689274006785	0.003050231959084971	2.742176061490665	-2.74521969063741	5.139613767317746e-10	6.819831554611001e-11	0.0011111033300946643	326004.5058962462	-326004.5058962462	draw1915	True
0.2577559748147952	1.400684968735205	0.5735647686615247	0.0002576321760171733	-0.5241225653816916	8.374742299805512e-07	1.2734197900264568e-06	0.7072656045590868	0.00037928257177915445	-0.00037928257177915445	draw1919	True
0.1625195909923703	5.143196562147629	1.0432795911820079	0.2004194038890156	-0.8086943200291616	1.623712746560394e-05	9.026415295692795e-06	0.7778641698706611	0.001958147909007986	-0.001958147909007986	draw1920	True
1.0383795203674584	0.045600213772541476	0.3748276710893151	0.8887813141900105	-1.0199227590268478e-07	0.278563894126516	0.2018394591424014	0.2522959644178481	8.03550424062697	-8.03550424062697	draw1922	True
0.13918758496476216	0.6314428776642379	2.4443604264895353	0.1814653519890666	-2.327743283195067	0.0005997442747932428	4.660069064825593e-05	0.6813627147760838	0.5174263724440413	-0.5174263724440413	draw1923	True
0.03517436368681718	1.1679251311131829	2.180121620300632	0.003453378976716734	-2.10321870746191	5.014272150075263e-05	5.266578260070379e-06	0.7065469761848446	0.010543874606252251	-0.010543874606252251	draw1924	True
0.9200706826054871	4.722143460584514	1.5040561417111347	0.2646907022423621	-1.1717812681035171	7.471664482655036e-05	1.9671533093880626e-05	0.7717461479436308	0.007503237185775396	-0.007503237185775396	draw1925	True
1.0954931046638532	0.018620469716146844	0.3452820958386291	0.015478480721213137	-0.4516034671393951	4.288986648096589e-05	0.0001719945644897846	0.6914393114647895	0.4184555625840148	-0.4184555625840148	draw1926	True
0.04606004445692628	0.009604330291973716	0.004165306574833428	1.3680271901325576	-1.372024264619126	2.7234284330110975e-10	1.4463782588129258e-10	0.003035497858328969	16374.004169965918	-16374.004169965918	draw1927	True
1.4365000988928316	0.05975047917716824	0.9586715206690112	1.4932364672759741	-2.7904097554820595e-07	1.3165830022245533	0.27240048532627703	0.3538961965912401	48.34833781258381	-48.34833781258381	draw1929	True
0.06817976203547273	0.012450185036127265	0.004360712027298107	0.7896658939767341	-0.7940266002741831	3.4346787055355406e-09	5.447571124516468e-09	0.005491813793998437	3578.9677789564166	-3578.9677789564166	draw1932	True
0.5586172587123127	8.36697966872356e-05	0.24875135873179488	0.17158026891262243	-0.2488385314493493	1.1644530008100725e-05	0.0001716656756792414	0.9550942103445144	0.42602010303088944	-0.42602010303088944	draw1933	True
0.12953410242210894	0.050777716151891056	0.003953737720822986	1.0306149108603315	-0.9476028746138544	3.919454306269034e-06	3.6618507359823674e-06	0.003821599510919157	9809.410043388263	-9809.410043388263	draw1934	True
1.1529173913991073	0.022211354750892757	0.4016370810273064	0.10587742150051804	-0.4421189349526833	2.412951567362233e-05	5.760438708540336e-05	0.6205650012271781	0.07119829661325527	-0.07119829661325527	draw1935	True
0.7649602208333177	0.10630582980268234	0.008751710239454338	0.07951959939366075	-0.06471610114592152	1.571348027212657e-06	0.0001997033065222564	0.09866167504987687	0.44169629191102655	-0.44169629191102655	draw1936	True
0.29975094033051497	0.11206640653548505	0.001233832301885847	0.25097844590913165	-0.24257419944237515	6.666111636613763e-11	1.0479238848190665e-09	0.004891980467438806	413.6260878205821	-413.6260878205821	draw1938	True
0.32775265269465886	6.1476989652753415	4.211347092801192	0.8989186612759147	-3.0852226014192867	0.0004049177036144609	1.4104882677499481e-05	0.7859997234253985	0.009723606585684176	-0.009723606585684176	draw1940	True
0.19871906760493174	3.049700948565068	0.5029868586101305	0.0009657112341448666	-0.4661080197532922	6.664503624221389e-06	1.3145914087872616e-05	0.7064283650700843	0.005590239220483447	-0.005590239220483447	draw1941	True
0.20287925080304287	0.12637214326595714	0.0027862720544707315	1.225455157830161	-1.1770958275040033	5.61951507815904e-11	3.725024398467365e-11	0.0022684993501081727	3527.772334226735	-3527.772334226735	draw1945	True
0.07192570030375503	4.5277523039062455	0.21601414824162762	0.020425176975759574	-0.19040393274863482	3.0304088259464483e-07	3.568664917773676e-06	0.7412837361399878	0.0003144074459084883	-0.0003144074459084883	draw1946	True
0.7815408457272423	0.2009292296427577	1.7321038983319468	0.3001101035092725	-2.325860465957621	0.001750290497130426	0.0002454800819717677	0.6486747356085043	2.256029878627749	-2.256029878627749	draw1948	True
0.1874099382464615	4.9405450080635385	8.890501761229938	0.4603070460654061	-8.047368535914453	0.0023420373520249053	1.5602223321300875e-05	0.7256423292337452	0.034233047337105804	-0.034233047337105804	draw1949	True
0.3954378949517458	0.26582402445525416	0.00944365546623866	0.12949219180315522	-0.13804048206472921	1.454294702170816e-06	7.499321478189333e-05	0.0678148248847244	0.31771103319239336	-0.31771103319239336	draw1951	True
0.1382784872442157	0.08093842090878427	0.017388921118510405	0.28157136572793473	-0.25232820999437217	7.954605845779988e-06	8.870026858526953e-05	0.058066448909285875	2.335868882583942	-2.335868882583942	draw1953	True
0.2640005546477803	0.5098847205102197	0.7856740645508151	0.0451980207666056	-0.4454318996457393	3.2002444767289604e-05	2.4473584039726057e-05	0.6870678478300063	0.12657085994090744	-0.12657085994090744	draw1955	True
0.14563337253077546	16.040979188869226	5.988075563794544	1.658876568530386	-4.271031421638338	0.00015931401715173888	2.917891893100328e-06	0.8103914987927883	0.0010571908948492047	-0.0010571908948492047	draw1956	True
1.4040658325821014	0.4087264251478984	0.21869115234665787	0.061545201201405685	-2.3758298403619982e-07	0.01131758006334499	0.10026722708900805	0.6464182651065323	0.4545485201988923	-0.4545485201988923	draw1959	True
0.48025980282063163	0.0007558802093683212	13.430140343483545	12.307492456156277	-13.438120955799091	0.04787439000184994	0.00026358338829204745	0.9965244132016782	5.251104397318195	-5.251104397318195	draw1962	True
0.6922210319177456	0.3088103393222545	0.596941931560908	0.04772075288208263	-0.4724121645858198	1.1811861506511896e-09	1.5301733297817278e-09	0.6794276645456876	0.0857099808594621	-0.0857099808594621	draw1963	True
0.08263833371568902	0.24325692653431097	0.20576875888624807	0.0304240264116558	-0.19633914660305693	9.486959262346863e-06	9.667962996719455e-05	0.6568760193046709	0.10524328759292358	-0.10524328759292358	draw1964	True
0.23553692578437457	0.0543317533876254	0.019702190338672466	0.1168363804725449	-0.13488918384320459	1.8114209833624573e-10	9.51828604112623e-09	0.1428184085240665	6.660674610663653	-6.660674610663653	draw1965	True
0.608409996713701	0.500688656126299	0.454592919560494	0.08202672281630997	-0.6064472432798743	0.00013410977222589002	0.00027113980458446583	0.6463817288036048	0.49823349050662663	-0.49823349050662663	draw1966	True
0.2119275177468085	0.2013565441601915	0.07331309932869456	3.5593453312382803	-3.6140233263900825	6.252847415950117e-05	4.736437938626719e-06	0.020177556771258088	6.097309905946127	-6.097309905946127	draw1967	True
5.98470317315346	0.11592490686653928	0.10077633556349218	2.1804230238874616	-7.695713670485826e-08	0.17030619859320836	0.033747331005393344	0.02957310151178493	58.21307303348098	-58.21307303348098	draw1968	True
0.7732771902811022	0.027394098641897794	0.010521984158579018	0.00401425669239592	-0.017916168935491292	8.564506152787475e-07	0.002659827461613619	0.5863680278450764	0.41956271992716015	-0.41956271992716015	draw1970	True
0.5231915291304831	7.998273851696534e-05	0.2030480182571452	0.15518351373060055	-0.20319877915037812	2.5330519330829713e-05	0.0005820498648001929	0.9733225838141626	0.24060042976481122	-0.24060042976481122	draw1974	True
0.03387355258468347	9.948847484315316	2.4274336478844174	0.19723736922377494	-2.2180139164552726	4.7759616305363654e-06	4.395241603825725e-07	0.7363907583619007	0.0005225794787892694	-0.0005225794787892694	draw1975	True
0.32579119246557314	0.2477775816554269	0.04096834702560692	0.0010996976256714705	-0.008942949300659822	2.9000577483093854e-07	8.410537997929387e-05	0.6976811760848457	0.009486682616783228	-0.009486682616783228	draw1977	True
0.44188451125705586	0.07115065274394412	0.010782645768883088	0.25248110870039087	-0.20748242459628455	8.697640745552775e-06	0.00012528283592751576	0.04092308460614636	3.1937416577799214	-3.1937416577799214	draw1978	True
0.33565085292167035	0.1744322690813296	0.05265118576826617	0.09180540374980202	-0.1527246126779516	6.804234780870596e-06	0.0002878291131920664	0.34244098339204626	0.3939049590683995	-0.3939049590683995	draw1979	True
0.4868212584000612	0.001506180699938751	0.4585514902084364	0.9280684013064527	-0.4730990047701481	0.0002496619027128929	0.00011704818257339756	0.31397443051887874	1.082157819564814	-1.082157819564814	draw1980	True
0.002094393693464664	0.35497600872853535	0.019814563182845083	0.7380283766048035	-0.757825873879913	1.3199031360268682e-11	2.2966079006329907e-11	0.026137069913844388	0.2725970863438811	-0.2725970863438811	draw1981	True
0.40672934960140755	0.033312891785592436	0.0020941366725966914	0.06701187682806446	-0.06912609547849509	3.94103114655618e-07	8.244791272378836e-05	0.03028923564325947	1.9345444391421234	-1.9345444391421234	draw1983	True
0.7294654462689433	0.026421247080056783	0.007510425941652937	0.04387313300722183	-0.0453423824548093	4.386380546675486e-06	0.00162662704819927	0.14462005259211627	4.880068647118927	-4.880068647118927	draw1984	True
0.46328416059839805	3.523933106861602	0.2780272630127869	0.07463373218767301	-0.17868939167856096	5.460632158681046e-06	4.601601176754596e-05	0.8070871088941893	0.003374301093289509	-0.003374301093289509	draw1985	True
0.21657060892138413	0.0023346385676158788	0.006493832264351917	0.5430993521798384	-0.5126237077802926	9.253226461660058e-10	3.063020376696565e-09	0.011814882645698492	564.0274536670189	-564.0274536670189	draw1986	True
0.06758144629284267	0.0063640021874573315	0.002111258741364177	0.5127700825680694	-0.5148853835232604	2.664425635403397e-09	1.005036868671664e-08	0.004100441835203758	2943.363358664537	-2943.363358664537	draw1987	True
0.8305923226235254	0.00020830833447452055	0.347814563852943	0.25053237482593105	-0.3480205744165766	2.4155724471856348e-05	0.00018518819462378825	0.9630401145853091	0.11223530569630301	-0.11223530569630301	draw1988	True
0.5903800739665502	0.16191233608344974	0.2879768358679002	0.05399789417788856	-0.3559473731488394	1.5831302962208527e-09	7.920507782899517e-09	0.644133279960556	0.16231247596999585	-0.16231247596999585	draw1989	True
0.35645774852900247	1.0494335944709974	6.383694216686212	1.9137665430220483	-2.6370936928126065	0.011531387763371108	0.0001898739230018714	0.8191509618433842	0.9458415623893105	-0.9458415623893105	draw1993	True
0.20679886266453565	0.11811524575746435	0.18049969300338112	0.20954868238713625	-0.4246056395639675	4.795033865650986e-05	0.00025958699372974624	0.41997363215096156	0.9710113258141291	-0.9710113258141291	draw1994	True
0.4790172214362418	0.13268960326075815	0.03862734934852532	0.26759475014461387	-0.3084041895322395	2.796061407581714e-05	0.0002935067294165017	0.12514958407283047	2.2544546817349915	-2.2544546817349915	draw1995	True
1.040848190191337	3.154721199078663	0.9924122317489451	0.17650594997506727	-0.6582193408419352	9.15790476888266e-05	5.548277722805913e-05	0.7724549177392661	0.029564868083901043	-0.029564868083901043	draw1997	True
0.010012666858608675	0.021930549702191326	0.047747332922053104	2.738787580915772	-2.786628280278218	3.845820145240248e-09	4.951451142751717e-10	0.017132505569246996	751.7430540776969	-751.7430540776969	draw2001	True
0.5091283733134379	0.04949224878756222	0.06166476503666054	0.44522851209414166	-0.39629597114743725	8.585197426955127e-05	0.00032925892872801027	0.12076167476754927	9.78163643924868	-9.78163643924868	draw2002	True
0.20417885368479952	2.6944389237852007	0.696305240937854	0.0895580752859568	-0.5447425011086441	4.6884086675662035e-06	5.49648474836892e-06	0.7539272619711924	0.005508942109953611	-0.005508942109953611	draw2004	True
0.20105430772426483	0.1747394507887352	0.06178850970548572	0.06614906402417428	-0.12855216420765034	3.6116409310886333e-06	0.00017891953638402537	0.434894874812619	0.13751493646181712	-0.13751493646181712	draw2005	True
0.6011399288167789	8.419899038413222	0.39229597333754485	0.009046301370321063	-0.36954973510335337	4.5343255639482e-06	1.5075401021245522e-05	0.7153061147998556	0.0011527606730462306	-0.0011527606730462306	draw2008	True
0.006987203155450811	1.1473200109145492	8.190415897809993	0.04195444845262747	-8.012440814085915	0.00021030544801393757	1.5755537725386482e-06	0.7089201300434516	0.07703585332205982	-0.07703585332205982	draw2010	True
0.2600543347942532	0.16101955199874676	0.003112243054870951	1.0797453961010623	-1.0615013347069535	2.622620072203305e-09	2.2366038281274217e-09	0.002874089896842114	1590.7293188242134	-1590.7293188242134	draw2014	True
0.6487318102542529	0.049289158678747176	0.10010312504240418	0.21986307236726604	-0.20605566436490252	4.0568511862342336e-05	0.0003609333087467905	0.29858383348825035	1.1427783405121914	-1.1427783405121914	draw2016	True
0.23568658956197944	0.03729420342302056	0.8821456190536607	0.5066232556036507	-1.4528068416635054	0.0015907458558727557	0.0005876734676777013	0.5361764530013752	19.66865991857243	-19.66865991857243	draw2017	True
0.005653567441645127	0.00035023212847487274	0.014330946003066346	4.120621882794795	-4.134235549646955	1.695611913758152e-07	9.91699567002486e-09	0.0034657855911236885	403560.92940105277	-403560.92940105277	draw2018	True
0.014834821492679721	0.018059482265820277	0.11626571406001078	35.241732358827164	-35.35810049875445	1.798109743896907e-07	1.438255895812435e-10	0.0032882259126661593	767792.3029385167	-767792.3029385167	draw2021	True
0.3812661973651562	1.8161386892348441	1.6730704134562253	0.33390134259273935	-1.0749533581783517	0.00012575310833199023	2.7382048112527505e-05	0.7807065434326601	0.025215519440261232	-0.025215519440261232	draw2023	True
0.5399790369400915	0.6243740689499085	0.5619272357419764	0.23338385480401488	-0.7941265932280301	1.8227680406580325e-05	1.922179419273054e-05	0.5770472037325866	0.03604122613954473	-0.03604122613954473	draw2025	True
0.2679090844230837	0.2991882839869163	0.27863499547260967	0.10550805600212634	-0.3884837183270942	1.2566976764230948e-05	5.580279954610594e-05	0.5871488946707236	0.14238445250074938	-0.14238445250074938	draw2026	True
0.11750680828673016	0.06180915874826984	0.004764669852228649	0.398696584204805	-0.3725082759376502	4.848138577366672e-10	2.9779046835303353e-09	0.01180866214465328	827.336037065099	-827.336037065099	draw2031	True
1.5220964172681621	0.022507651041837967	0.08376224109645734	0.15353688622511394	-0.09325637971099018	9.959443458078353e-06	0.00015727014949231313	0.33285406109247795	0.0741640065603057	-0.0741640065603057	draw2033	True
1.8476859704443616	0.024454876025638405	0.0461270618514765	0.16669543467051723	-1.5349053802821144e-06	0.006219113827997244	0.1550041739404933	0.17239002008133023	16.050264663184812	-16.050264663184812	draw2035	True
1.530877462775439	0.09668758749456113	0.16946670806475195	0.30829740839367314	-6.694157622666452e-08	0.04886363923260656	0.2777955368094174	0.3054510710871008	1.8316208204892954	-1.8316208204892954	draw2036	True
0.07571067556716152	0.4085527913178385	0.008599134081180283	0.10730206850922484	-0.11581819683009463	2.5615149026765748e-11	1.8964303546224734e-09	0.07399028944988828	0.15058016926272286	-0.15058016926272286	draw2038	True
0.0049528222389816304	0.005489538684618369	0.008338324486313083	2.0373399228457525	-2.0456615793316026	2.419220404299624e-09	5.780874843444902e-10	0.0040760345527352465	74425.33339943177	-74425.33339943177	draw2039	True
0.023049097557355364	1.8347959612526445	5.011834222240417	0.08350533551470941	-4.9619785230306315	8.924385289385145e-05	1.7471057679878395e-06	0.7012407413335338	0.026956495357898434	-0.026956495357898434	draw2040	True
0.0026928731295164632	0.000631233411003537	0.0011930354945380653	2.728508751102625	-2.7296732761606237	2.6528005163613638e-08	3.5601975939998107e-09	0.00043705703916876467	4319499.015999244	-4319499.015999244	draw2041	True
2.1277919087360115	0.024650274313988484	1.113572999297709	0.2712502485830886	-1.2004825649872408	0.00023400706353037104	7.41049278897073e-05	0.6266539065939868	0.10952150667784474	-0.10952150667784474	draw2042	True
0.11551453337283175	2.326869201257168	13.050510708720235	4.646803601762775	-17.285639676276695	0.005844388291867589	1.2087400610087377e-05	0.5935050715484989	0.08125804391916626	-0.08125804391916626	draw2045	True
0.35242409575077205	0.15315814924122795	0.11938083633398591	0.11050893626401573	-0.24905648513257878	2.202811090016987e-05	0.00032828266746820505	0.4608609173462148	0.6508138223335043	-0.6508138223335043	draw2048	True
4.4520503390186486	0.12340652476135189	0.16247712206924278	0.06209907235146416	-0.18999965172764727	3.580519211985228e-05	0.0009816456695659146	0.8507393320956776	0.9029079064994223	-0.9029079064994223	draw2051	True
0.63261243626095	0.06674746191705001	0.5272584942376684	0.34443803333427586	-2.472187908608703e-06	0.09644686272501256	0.09913935666645159	0.5278946910119615	3.6597202679257284	-3.6597202679257284	draw2052	True
0.2258321426611054	0.0035936790958945716	0.004449285145908479	0.2007238991225157	-0.13877021619883226	1.9746563583888332e-10	4.688631961839614e-09	0.021680412668375282	12.564897033967046	-12.564897033967046	draw2053	True
1.2759217228775128	0.384496653172487	0.9980901396120095	0.004505091652739341	-0.7272799979924571	0.0006748871166518767	0.0003402511721387287	0.7086862167887642	2.560743619353025	-2.560743619353025	draw2054	True
0.45579729654479073	0.0694504179232093	0.09625831945392994	0.06383979392497809	-0.1781224886845059	2.3441444823122765e-05	0.0006717330554909757	0.5152810559270633	0.6373198594686782	-0.6373198594686782	draw2055	True
0.5344938450225489	0.3634233145534511	0.8456062915143845	0.0686257045845847	-0.770531836929193	0.0002981908621113806	0.0002261162426110964	0.7363544417531794	0.42702651128686187	-0.42702651128686187	draw2056	True
0.7063635213692294	0.0006596038907705945	0.29748218030573426	0.13552821465668577	-0.2986576635530256	5.8369051553895596e-05	0.0005087745502654854	0.8782786197175906	0.3851021749066475	-0.3851021749066475	draw2058	True
0.29374894195074536	0.06709571192425465	0.013906365193058922	0.19379420068568465	-0.12007064744928982	5.940391570543659e-06	0.00013708733623005255	0.06680421298164829	1.2403583052395026	-1.2403583052395026	draw2060	True
0.42772885019852147	0.2830728098694785	0.004881642999790126	0.08096478950292732	-0.0838468151827462	2.192454038902655e-07	2.9654044053974e-05	0.056773108263003705	0.21265339322921697	-0.21265339322921697	draw2061	True
0.1700579563047774	0.004544612770222575	0.00089684347082393	0.10844544766282783	-0.10847138871753442	1.6811613195310773e-10	1.4060599333706994e-08	0.008201888722146467	104.24940889199102	-104.24940889199102	draw2062	True
0.044662621395786854	2.7216619665242128	5.581290582398806	0.10911360739479138	-5.367601046529121	0.0002926407337083744	4.789888145674783e-06	0.7140521507206025	0.00876087487143357	-0.00876087487143357	draw2064	True
0.23916130439884803	1.3978558268411518	0.27444197856897773	0.09939664325496024	-0.38003191526799673	4.0855003475082754e-06	1.899581436467943e-05	0.5917753542460064	0.003873932228023748	-0.003873932228023748	draw2065	True
0.09808471940367317	0.13978433319632683	5.687721430650218	4.556741217560034	-7.6311695947122065	0.011911195455368891	8.675357820694854e-05	0.4854051000854775	4.949015012403696	-4.949015012403696	draw2066	True
0.357343388863937	0.0002289981200629648	5.782460019563463	5.459750362748306	-5.784683637649462	0.010840870105789421	0.00032321262471222154	0.9984463329527793	1.7263188876368536	-1.7263188876368536	draw2069	True
0.09685303694588095	1.2960088692241192	8.699041623141815	0.7387207337906827	-7.039420174493365	0.0001326357880126442	9.539395551352488e-07	0.7377368490819015	0.21069979485182	-0.21069979485182	draw2070	True
0.8654138994936826	0.023186211191317342	0.29631149204366797	0.1494706401574432	-0.3499237994388313	5.7252218919059096e-05	0.00019981779390206356	0.5535659824286032	0.43128687240583585	-0.43128687240583585	draw2072	True
0.3706032805874642	0.0016083923825357812	0.6082023021481957	0.008265550440225065	-0.6149635789829702	0.00027829493299475654	0.0003710959664167323	0.7023255959278741	0.7581770132101547	-0.7581770132101547	draw2074	True
0.11564522807183801	0.036928648830162	0.024809075382218732	0.08277288883944676	-0.10846761155584687	1.8288218299083745e-06	0.00015003418783493725	0.2247087087011403	1.019905854386111	-1.019905854386111	draw2076	True
0.3607766663255179	0.17893317114148208	0.012482028988971383	0.050167841632613494	-0.06115599996805703	1.6571435901436502e-07	4.0608229546306e-05	0.19539440999880356	0.19615652398318434	-0.19615652398318434	draw2078	True
0.8289781183774595	0.00027353057854048474	1.2236559005235663	1.1344475544976087	-1.2240561073257146	8.347634133845171e-05	5.5455252079494956e-05	0.9973531135180497	0.5303816249516594	-0.5303816249516594	draw2079	True
0.3764518856110509	0.1441441145899491	0.16852682867312715	0.3143625858463536	-0.49423901946524273	6.054352133530625e-05	0.00023145016990810849	0.32950640913330137	1.219159281061746	-1.219159281061746	draw2084	True
1.3921324671299367	0.00020065182006317198	7.846159054173615	0.025617570281863792	-7.850232609548878	0.00010092511442598438	8.170282592712885e-07	0.7059533793026388	0.009302675201480032	-0.009302675201480032	draw2087	True
0.000921135767953317	1.7441861954820468	23.712432104530496	0.002512413862078368	-23.693861467902344	0.00014397650334607755	1.2801575162550672e-07	0.7070693221253562	0.004607670165071006	-0.004607670165071006	draw2088	True
0.27421903948040927	26.47231074041959	1.6807797020641646	0.5079276714910291	-1.1555473995516474	1.0028103064944016e-05	2.387301241207093e-06	0.8200777182254374	0.00018446848933577158	-0.00018446848933577158	draw2089	True
0.23322796341597496	0.11828000168202502	0.0418177253000746	0.35861996147937425	-0.38635045645479404	1.7614420698293633e-05	0.00010866455876372245	0.10386517289386422	2.599540153493615	-2.599540153493615	draw2090	True
0.281867045605166	0.19867601161683401	0.40246082966501245	1.4310562378837892	-1.857332966448439	0.0001694839149278482	4.809746948925548e-05	0.21439787571334842	4.112546552305131	-4.112546552305131	draw2092	True
0.07522873669116086	0.16292175963183916	0.4424368931354837	2.1696467803083084	-2.6441977569797444	0.0008180199650155264	0.00011654813356244958	0.16700210334903226	6.0269668945205455	-6.0269668945205455	draw2095	True
0.38592765987539074	0.37328315441360926	0.494130127109624	0.5612140675385311	-0.9009453664971551	4.0823929411915385e-06	3.0063664381797507e-06	0.42403810851742674	0.9303980662372727	-0.9303980662372727	draw2096	True
0.5867014216304884	0.010779250218511505	2.448181971436723	0.16975651157754199	-2.556684424496437	0.0016090590253451643	0.00012524598560817286	0.6830297355961338	0.6245192385286287	-0.6245192385286287	draw2098	True
0.07034888565953411	0.07903996214446589	0.001272342253224015	0.39705628796214154	-0.3983220778086887	5.699395456283253e-10	3.5920412477247544e-09	0.003194186069951095	1424.5007663199556	-1424.5007663199556	draw2099	True
0.45616973745834655	0.008189357371653428	0.20085351525959144	0.025718739299937753	-0.06414097235563716	2.8483268979409704e-05	0.0003106916995531115	0.6633600601490283	3.1922792659360812	-3.1922792659360812	draw2102	True
0.6853943051567067	0.0026184722302931757	0.07101721358876799	0.04682043640336017	-0.07177890826488743	1.7008266411215788e-05	0.0030215622735158413	0.9465621793548125	0.27258595181546397	-0.27258595181546397	draw2104	True
1.5457668300242982	1.5126597096557017	3.323781324066913	1.0437452661371946	-2.161114056374045	0.0001291869537535757	7.95188133489503e-06	0.8246279670155664	0.01737717719921291	-0.01737717719921291	draw2105	True
0.24194167509282927	0.00010641610517071862	2.216566041448866	2.1434944504538413	-2.2168480499809675	0.00040354993437547284	8.20472846100583e-05	0.9994570622685907	1.863319839391198	-1.863319839391198	draw2106	True
1.336893245985208	0.10731938449479195	0.06778868590105706	0.02521548418075192	-0.09671194034306449	3.316470025370591e-06	0.00025039270782038347	0.5890199297972005	0.1282248740987256	-0.1282248740987256	draw2111	True
2.360040897807577	0.18867927555242325	0.02962505420524172	0.06118192202539078	-1.8826270319766136e-07	0.001292106268659931	0.1650745394133661	0.29538517084911475	0.3619965175389536	-0.3619965175389536	draw2112	True
0.19217729840744258	0.2358986614015574	0.23812165005105185	0.036979431777442485	-0.09167970272256709	2.626237671546442e-05	0.0001983826278722026	0.6544608589489124	0.2657256958934352	-0.2657256958934352	draw2113	True
1.235991984143968	1.2714072502360318	0.5837538608656854	0.05667767531364164	-0.515116157170652	7.219965319218737e-05	0.00011671874900660659	0.7422197729110389	0.10832784178263044	-0.10832784178263044	draw2116	True
0.715925711559758	0.11192496007224188	3.059878485560062	0.3371896685992845	-4.48948196978146	0.001640055093135535	7.84605523572041e-05	0.6692688938856428	2.457737322515223	-2.457737322515223	draw2117	True
0.9107645413404203	0.026726225097579655	0.7399432293128336	0.1870836702309339	-0.8203850158784056	0.00021167787514564656	0.00024810751485966636	0.8010887246055675	0.560443473557273	-0.560443473557273	draw2118	True
0.06758873314354616	0.00486015489955384	0.06490978115603453	0.40997133432797617	-0.47447281061575086	7.371872597542653e-05	0.00032089970889430906	0.1354268257562349	24.954815164545693	-24.954815164545693	draw2122	True
0.06344660974480261	0.2972217298771974	0.012748600167322472	2.909629365749115	-2.9045772772231686	3.7272413938994934e-09	4.364218504058222e-10	0.004362364831266826	782.549759211433	-782.549759211433	draw2123	True
3.4908765405210906	0.020823858378909484	0.38044620793281825	0.03786792025693521	-0.3867719337433772	1.243978467722109e-09	3.890763658617391e-09	0.6728283211533662	0.010667092962653165	-0.010667092962653165	draw2126	True
1.0735093103021378	0.15757504475786216	0.1840259616079248	0.0037375395519062306	-0.13903613760828465	3.209391218823405e-05	0.0004643271974641025	0.6999705663559348	1.6225198368515328	-1.6225198368515328	draw2127	True
0.14051027303347968	1.6981161630065202	8.16848977925859	1.023125130663201	-6.258170329417887	0.0034415500464801026	2.92200418660819e-05	0.7526709286353576	0.19645241000751337	-0.19645241000751337	draw2128	True
0.1352358784761697	0.016213749338830297	0.039931945373218654	0.28741381337892347	-0.14286499288029225	2.7458657216108152e-05	0.0002524940211200654	0.12108920829634189	6.237131118724187	-6.237131118724187	draw2130	True
0.4001327748480633	0.0011753088319366627	0.26194093707900973	0.22558418978571507	-0.2635730335268083	0.00029756867877451447	0.004254926143457899	0.990502795745068	2.5691127567805463	-2.5691127567805463	draw2134	True
3.3034947765813327	0.03660433062866724	0.5975734707060377	0.11303530003297123	-0.60814260433813	1.172950807294213e-06	1.3606388586353466e-06	0.6436100905093521	0.0018118191941322824	-0.0018118191941322824	draw2135	True
0.7680285842908009	0.026853214160199153	0.02637433950768885	0.2655409208436156	-0.06198544109817683	5.824004223959454e-06	6.779183014366174e-05	0.08998275975841512	0.35861449894048714	-0.35861449894048714	draw2136	True
0.13076365946455001	0.012215810957449974	0.0007332009426611149	1.8365877304957445	-1.8301727230010996	1.6517683769210807e-07	4.8930430056514515e-08	0.0003990597757500337	86833.01994146199	-86833.01994146199	draw2138	True
0.2584544931447748	0.008598543794225217	0.00013009967185627927	0.016658371399177196	-0.016777020793917213	7.008321825774869e-12	2.4863694637419512e-08	0.007749113366396455	14.406408432963763	-14.406408432963763	draw2139	True
0.6745992929228675	0.0342899506551325	0.1882351125933421	0.12026840164787549	-0.19983131130842746	0.0001194857870566307	0.002983251149730911	0.9405614401413969	0.7018179350496788	-0.7018179350496788	draw2140	True
0.18115365533593708	0.23689735681206292	0.2559803814742382	0.07407344008420116	-0.19402893195245105	6.829280457610116e-06	3.9144919151861546e-05	0.6128538342428063	0.0705053102091427	-0.0705053102091427	draw2141	True
0.2828096859105785	0.19679664269942157	2.416935633368218	2.4587779862294523	-2.4862175907077373	0.014209013022591227	0.0004798053376087453	0.4441354740551835	7.1560113314691165	-7.1560113314691165	draw2142	True
0.16998584856716253	0.03400031142683746	0.02041807771680605	0.045653799928643136	-0.06441675469218927	3.4403668103759516e-06	0.000719384465159362	0.29525130690712487	1.632947891413946	-1.632947891413946	draw2144	True
0.2698491611188873	0.13598730058411262	1.2300361959398045	0.6240108181964602	-2.1130280290843526	0.001709633656673617	0.0003453473990065764	0.5528335582172842	3.5060313807372108	-3.5060313807372108	draw2145	True
0.005548487341132773	0.0036708218963072267	0.002609652952248454	0.5249343200327995	-0.527522445088823	6.383346351929794e-11	2.2936146319805642e-10	0.004946736493164905	25976.103015303204	-25976.103015303204	draw2147	True
0.45978152532730604	0.03240272246369398	0.8464536771478477	0.34531687512639664	-1.173281424137737	0.0014248353372665634	0.0006668101936677883	0.5790576199441073	8.911412692327827	-8.911412692327827	draw2149	True
0.0763190027860064	0.0003877677848936036	0.012227926430025042	0.017375266681155545	-0.012721970888769878	1.3352769701370676e-06	0.0013016160332222694	0.38177406872520936	1.8710017412095103	-1.8710017412095103	draw2150	True
0.7910741559688399	0.4473961134711602	0.5463252490401685	0.0039712863251061365	-0.4097561447095588	9.337243005928751e-06	1.5755891764231612e-05	0.709681421077994	0.01828462290262228	-0.01828462290262228	draw2151	True
0.4044306224679429	0.43583391506205704	0.0773865516486553	0.13965563880528228	-0.2204777271182685	1.3734312673172195e-10	2.586694865551057e-09	0.335841708113711	0.3018783338025827	-0.3018783338025827	draw2152	True
0.68569683362374	0.04485179941826004	0.12350618973942655	1.3084587475699947	-0.7074452311002635	0.00019418264738335137	9.399980603815223e-05	0.08593038060830555	9.075585220705259	-9.075585220705259	draw2155	True
0.044768814286258896	0.0020421636723411086	6.822574982608214e-05	0.27931155307885136	-0.27937978714057543	3.8859405935587764e-11	4.978588055992023e-10	0.00024420431596779157	43912.68126748144	-43912.68126748144	draw2156	True
0.13450360259622193	0.12198758934377804	0.26580087755526927	0.38238129463639087	-0.6690725258745744	3.576241642372005e-05	7.286701116151562e-05	0.37940972090767	1.01790600966938	-1.01790600966938	draw2157	True
0.04314794313691432	0.002832369291785679	0.0007553493444431025	0.41784777404820994	-0.4185348096629701	2.004639900196544e-10	1.1440105438081391e-09	0.0018044493041263958	10302.392659044412	-10302.392659044412	draw2158	True
0.3603966320575166	0.28055991131448343	0.04292964388349316	0.05790694529736302	-0.10630925540292589	4.592069496719015e-06	0.0003823232120350315	0.39171321007117277	0.09461823217673788	-0.09461823217673788	draw2159	True
0.8106329256776511	0.017171393268348947	0.44720576132250234	0.0066384605023934945	-0.4793184578571952	0.00015743257453240754	0.000387803978329857	0.7018853655490159	0.34391968435982645	-0.34391968435982645	draw2160	True
0.7972158340358803	0.00015412213111974044	0.18429490255219577	0.11337977868876337	-0.1844289843981774	7.864374123910698e-06	0.00020168387582584203	0.9332904638937582	0.08061179868091273	-0.08061179868091273	draw2162	True
0.1376215800018488	4.138318903948152	0.9375317323958631	0.14073512323394588	-0.7581603455919458	1.672088087391226e-05	1.1045264972820358e-05	0.7619815735527934	0.002682922032038732	-0.002682922032038732	draw2163	True
1.9253437052476874	0.3393119204923126	0.314067175134854	0.15155765358288395	-5.112865427703284e-07	0.04668713256332352	0.2036184338575487	0.6368268149076217	0.5216999688818849	-0.5216999688818849	draw2164	True
0.34599424477187346	0.0569202507781265	0.007644299223025091	1.2413249043259522	-1.2489819081653142	1.8609437457452814e-08	1.192926033688532e-08	0.006120371923458485	1595.1207058275493	-1595.1207058275493	draw2165	True
0.333043040942637	0.34836189200236306	0.004556096932217516	0.011884462342188006	-0.016136727087491053	2.4398452955755866e-08	8.382907864076935e-05	0.26706017977462254	0.004124876553817942	-0.004124876553817942	draw2167	True
0.028845405728944208	0.6939197784490557	0.3947142189140204	0.06237577297583897	-0.41629994795415176	0.005753177112792456	0.015836921493857258	0.6547744492290181	0.02846048211165137	0.02846048211165137	draw2168	True
0.14186113517146695	0.3480757048775331	2.1997933788318624	0.0912100941586123	-1.009352880944041	0.0011579118814100194	0.00011478360609172573	0.6926025155238982	1.2700308962243336	-1.2700308962243336	draw2170	True
0.5558679886688166	0.0006703862111834144	0.1546244929097035	0.13159711019742074	-0.15546662124084706	0.00010953050033442518	0.0044817749230825965	0.9890896952075897	2.539717244015632	-2.539717244015632	draw2173	True
0.022175076104169387	9.589369793061257e-05	0.00040376169043750067	0.4784028626918048	-0.47440484642519565	1.970744407549873e-07	8.596263043149922e-07	0.0008432659825594392	54260.67094919446	-54260.67094919446	draw2175	True
0.010715512646996888	0.4246297237160031	2.5559317819606835	0.1994930007914787	-2.676590337791309	0.00012808769847335314	9.068057432328469e-06	0.680068529847104	0.10685582886137564	-0.10685582886137564	draw2178	True
0.756095780606487	0.0025045108075130067	0.14651737876224807	0.01260011151471368	-0.14957984278435776	9.201520363022175e-07	1.9667370410567195e-05	0.6773801925627314	0.0869178416743557	-0.0869178416743557	draw2181	True
0.0441013126316535	2.342317640538347	9.488407660901181	0.3645117728899642	-8.777445450115454	0.0013806500017400556	7.96795360032369e-06	0.7208168573992303	0.05071806343308475	-0.05071806343308475	draw2185	True
0.26152383130662304	0.05819841855637695	0.21614338692628196	0.6504714270089298	-0.8006012298602413	0.00022960674426229146	0.0002878219742542223	0.24199774381521275	9.89942044453288	-9.89942044453288	draw2186	True
0.9382745034521166	0.4820999081278835	1.5856989052260682	0.005007312930775091	-1.4398351639254288	0.001131148107542594	0.00022422838016784405	0.7060025482094325	2.5648624806565836	-2.5648624806565836	draw2187	True
0.4560706822434474	0.0006775264095526043	1.4959545744860252	0.5077517690841654	-1.5059991967526178	0.0013408199735481237	0.00021443799998988058	0.5982518175976214	1.5332035262048747	-1.5332035262048747	draw2188	True
0.8887859104269737	0.05006944843402628	0.24101289276046328	0.1765976812281293	-0.3351893501759277	7.938053675623058e-05	0.0003414427653428357	0.49985281394645226	0.5042815450418764	-0.5042815450418764	draw2190	True
0.24560552572995326	0.2612671079640468	0.24394877583817845	1.0054413411356455	-1.27121606411655	0.00016514146530698714	0.000101908569476713	0.1916354583299502	1.675531389544686	-1.675531389544686	draw2191	True
0.44225455421038934	0.11410293325361073	0.4747948977521728	0.1233966523395805	-0.5918437847362761	0.00027882814870925374	0.00047804968106785687	0.621690417423967	1.492673920607303	-1.492673920607303	draw2193	True
0.371311173606164	0.005974813392835985	0.5492773623506628	0.8789386281889686	-0.6261470013115079	0.001766395194741129	0.0007543866279078538	0.35895823289278894	8.150718790074206	-8.150718790074206	draw2196	True
0.6016192858753417	0.11330360199165829	1.7525693999917795	0.8283854685230889	-0.2036853688580995	0.0018169197332866104	0.00018667958663850446	0.5617663905662365	2.1218281653470026	-2.1218281653470026	draw2197	True
0.09965885462591627	0.012685227593083727	0.0024153654685951137	0.09330581930021505	-0.08808040173762707	3.7362832231851366e-07	4.075184281993832e-05	0.025225281298865553	5.0219769688697715	-5.0219769688697715	draw2199	True
0.4209597614899832	0.13773868581201681	0.19725456684293688	0.031789952275119805	-0.23793805347276378	5.821008089872318e-05	0.0006370796456757582	0.6525664041530835	0.9045582225429294	-0.9045582225429294	draw2200	True
0.6887892225260736	0.0029710574129264006	0.8520136244631019	0.013537134363435429	-0.8698802829080039	8.072041376649516e-05	5.4721817520480436e-05	0.7015120025791097	0.2089931482168356	-0.2089931482168356	draw2203	True
0.0033079241749429983	1.906477223075057	2.2961442677241024	0.04354548329830014	-2.333503766162592	1.4517685795556982e-06	1.3509314571424245e-07	0.7004338603093511	0.0002727119499648334	-0.0002727119499648334	draw2204	True
0.0004625361919384682	4.060621859168061	71.18769351942646	0.061406271678028576	-71.23802130458189	0.0003541049907076789	3.4907406798207884e-08	0.7068018729673876	0.0011780478258877952	-0.0011780478258877952	draw2205	True
1.1840993476473722	0.12121573997262773	0.0454904816140269	0.004782731106661686	-0.01626878507712161	3.8303445024356216e-07	8.332670319716163e-05	0.670955495789853	0.04414193543678729	-0.04414193543678729	draw2207	True
0.5299089816873654	0.4247166046616346	2.015367142171432	0.12399526640670101	-0.9816144866366376	0.003117585827118868	0.00040811279218026114	0.7291804839272229	3.354668457543977	-3.354668457543977	draw2208	True
0.6074614138786186	0.03958132437438136	0.8902477338198445	1.4773922617111346	-2.494685392373519e-06	0.6428414405205941	0.10725269939524974	0.34947183422513484	22.352420898362467	-22.352420898362467	draw2211	True
0.05590181271576558	0.00033100690053441755	1.4098109946047217e-05	0.05801325689338458	-0.05761591474797343	1.0595164674571065e-09	3.146604317174544e-07	0.00024295606368715043	7230.13492774795	-7230.13492774795	draw2212	True
0.18404877820484858	2.1696750014651514	8.163907286143754	1.4874488182240924	-5.633884328104693	0.002732996394100544	2.457189625989194e-05	0.7741014324623952	0.17064748231262045	-0.17064748231262045	draw2213	True
0.16307480704322025	0.5412522565777796	0.2072355774423681	0.013220459415982442	-0.20407948555063582	3.846547156958262e-06	4.201698074282164e-05	0.6849221407189268	0.08397257029392605	-0.08397257029392605	draw2214	True
0.6682973181673527	0.46274204332264723	0.33689241938183584	0.004902220309512672	-0.32264987058892114	2.2922627991624233e-05	0.00010246384306762134	0.7122695097041056	0.055037655880869465	-0.055037655880869465	draw2215	True
0.1744124034114476	1.3029527408385524	1.7447430479141273	0.2649432032905887	-1.1251936669080242	0.00010798742431210755	2.0632164065121313e-05	0.7626359548015018	0.09309876349446496	-0.09309876349446496	draw2216	True
0.008877342255711011	3.782166550224289	2.6433896262691663	0.001248360708708053	-2.6290658236407047	7.010700665169772e-11	5.01896478376981e-12	0.7072737691638351	0.00034914510616747106	-0.00034914510616747106	draw2217	True
1.1759745510093813	0.10723338006061854	0.01647115027108051	0.0053277754046064385	-0.010280158537486449	3.4415123404093e-11	8.702255692230102e-08	0.8282571309567168	0.055960829627177675	-0.055960829627177675	draw2218	True
1.1518008164734506	0.2124932628265494	0.7772232454754545	0.17796525691908693	-0.07813262207933891	9.232089395394632e-05	9.584948116196902e-05	0.7919370518640927	0.6014414767600311	-0.6014414767600311	draw2219	True
0.32393636639385176	0.004123541292148267	0.059503249054827005	1.3098064054684648	-0.13998120798610075	0.00012674265926847242	6.74683665841967e-05	0.04341390455226606	12.515126187382428	-12.515126187382428	draw2221	True
0.43860392268121345	0.02040385248178653	0.07561575726065309	0.7611619026745658	-0.6401299705118253	0.0001638851726463049	0.00023216022300163457	0.08999843288551224	18.13287254600802	-18.13287254600802	draw2222	True
0.21324253856521913	0.5215713103377809	1.6203142612550647	0.09794220451885903	-0.8024030366261875	7.898182944142556e-05	1.4159972755319323e-05	0.6860675348925184	0.29902865654443095	-0.29902865654443095	draw2224	True
0.2614443510500334	0.4491451731449666	0.7381536349615897	0.0471727051061386	-0.6529910587580946	0.0002931711426968519	0.00028676823361263153	0.730048407325928	0.5434510103726372	-0.5434510103726372	draw2225	True
0.00021432374883241197	2.9779236168511676	168.1308175655437	0.05496575428198098	-168.16537698954988	0.0003812135660605584	6.740649129834706e-09	0.7069912060718955	0.0005488223233560687	-0.0005488223233560687	draw2226	True
0.002355617877987743	2.4294436943420123	32.124192117092264	0.15543152075803124	-32.24392686265531	0.00015601721478350055	7.52275276189497e-08	0.7053982025355552	0.005348479487508545	-0.005348479487508545	draw2227	True
0.021896068850707058	1.899373914959293	0.6455177845244051	0.01105045863991001	-0.6198692897918766	3.378017701647699e-06	4.123345367285981e-06	0.7131848475636534	0.0026680225518197144	-0.0026680225518197144	draw2228	True
0.009422472484910845	2.648140727725089	26.987212059117205	0.11058200944130825	-26.751999549868987	0.002099018810312653	1.4469377201386723e-06	0.7085569717967638	0.02100249226761166	-0.02100249226761166	draw2229	True
0.5367717940525718	0.016537042193428254	0.28445566397261485	1.4949507862191505	-4.254827446092957e-06	0.15016918349533057	0.047144028225649365	0.15241880087612314	58.173135752193446	-58.173135752193446	draw2231	True
0.6332886115902093	0.1537542036137906	0.17044007221617993	0.002220593185953442	-0.1488201614967717	7.886287905218808e-09	1.3398035632791955e-07	0.7025155794222366	0.4426901552713618	-0.4426901552713618	draw2232	True
0.3312814471068859	0.704624962333114	0.6708812747811739	0.04207078419073028	-0.11434523541967756	6.800137268409256e-05	8.04288837554825e-05	0.7296134813714117	0.1043953558126742	-0.1043953558126742	draw2233	True
0.25231552985571415	0.1756247016622858	0.09146636142339881	0.8167638740967824	-0.8990844148547138	5.9208356481178926e-05	7.10572865788512e-05	0.10020147200849287	1.7941091828546512	-1.7941091828546512	draw2234	True
1.257761920133698	0.03634349759630204	0.01902568689458685	0.4106509443901375	-0.07991639519321984	4.146281582251976e-06	2.2414273590840703e-05	0.04423573297017927	0.45574050582018694	-0.45574050582018694	draw2235	True
0.2081116604728413	0.23822411323015869	0.6293943761249413	0.12468573610043843	-0.6352509242081211	0.0001418733954888441	0.00014705352973694137	0.6407816944136298	0.9588717744908987	-0.9588717744908987	draw2236	True
0.16563857446095814	6.368203217929041	2.694964446166431	0.1347391025081305	-2.7945809199941802	0.0001318513819825522	8.634636728437147e-06	0.6896563390354317	0.004823096980100732	-0.004823096980100732	draw2240	True
0.8626743447654686	0.2163654675745314	0.43147288219598307	0.11861914146284655	-0.519749550258973	0.000375728382182358	0.0007687269290926496	0.6171664987292775	2.9978087533115905	-2.9978087533115905	draw2241	True
1.3546924919580214	0.3360032584219786	1.2995047747749535	0.24363921462662397	-0.6299514902192094	0.0012720138248976645	0.000453712286118197	0.7761080788499134	0.7293463743693628	-0.7293463743693628	draw2242	True
0.589054305382865	0.0011680974331349982	1.0103563505187296	1.128862101432371	-1.0104013435010653	0.0009675720156684616	0.0009349755174251098	0.993191610939092	2.817071779843946	-2.817071779843946	draw2243	True
0.26484768336220993	0.12162506438079006	0.009223327998526449	0.1285686410164531	-0.13147879404255716	7.90710480085561e-07	4.145989335936366e-05	0.06678715024021191	0.36011280476930274	-0.36011280476930274	draw2244	True
0.0005156571874914171	3.7421890372825084	35.59026022084448	8.585981634770267e-05	-35.58047003421199	0.00015994415136151178	6.313569934671422e-08	0.7071059293307304	0.000811011870297283	-0.000811011870297283	draw2246	True
0.05273601001135991	0.09496425019964008	0.03249769826306748	0.16313352614120075	-0.1982816758615512	5.872897900101517e-07	1.4933244105305472e-05	0.1638715105644319	0.5342868301255609	-0.5342868301255609	draw2247	True
0.04132128021345382	0.00046581775214617996	0.00020834133159411403	0.4618015455234744	-0.4619109698369034	2.918759877725631e-10	1.3674005178134786e-09	0.00045094556689840275	44665.78049547469	-44665.78049547469	draw2248	True
1.52288219291074	0.0852308698292601	0.09647552974571183	0.22219447913512988	-4.009386877362742e-08	0.020071111268719584	0.25776022830364853	0.23847129238329298	0.5407196315653354	-0.5407196315653354	draw2251	True
0.00044475352217614547	1.0082781187578238	11.820298434671717	0.009714213712051434	-11.816793126696464	8.482896238809935e-06	3.033195212999256e-08	0.7068162820084707	0.0056183337742608174	-0.0056183337742608174	draw2252	True
0.9267304688701689	0.04680283125383111	0.06075632316381313	0.21197887187258668	-2.8599381377697464e-07	0.005590411864350311	0.07443309029937922	0.20940531914287838	2.098215313096812	-2.098215313096812	draw2253	True
0.13491342529265196	1.406995865137348	3.314385269109424	0.08799346617848086	-2.773405620907354	0.0002309128608071771	1.079296641099353e-05	0.7165546882074035	0.13799460808962075	-0.13799460808962075	draw2259	True
0.27509729944776135	7.694762784042239	5.437959783161313	0.7397594318621322	-4.504556132900759	1.7247319896553317e-08	3.339624221483301e-10	0.7567004315944155	0.009518923213699857	-0.009518923213699857	draw2260	True
0.06926501209052983	0.12330167020547016	0.018781091052706252	0.190647179430239	-0.20899224334685998	3.7837932367115223e-07	8.558114679409306e-06	0.08931947647343563	0.13271260215091402	-0.13271260215091402	draw2262	True
0.5120598753567839	0.052123611213216084	0.004055926586285417	0.06708522239180167	-0.05320192149720641	1.9202546698649838e-10	3.781879924453779e-08	0.05691995376549596	2.3018788163322865	-2.3018788163322865	draw2263	True
1.2242209291772388	0.038595658992761274	0.3117805676316723	1.017799340861958	-9.461570021906951e-08	0.26919495205380123	0.17725785064411884	0.18342614265987575	27.328488540767722	-27.328488540767722	draw2264	True
0.43269985093783236	0.06511686884916765	0.005522072800755162	0.049680781190873095	-0.05340767340327088	7.379143297036029e-12	2.3975005869136973e-09	0.09953561799750657	2.2839520621269376	-2.2839520621269376	draw2265	True
0.10699053172910372	0.01259160085389628	0.010235904419102354	0.5889567105846403	-0.5992478819111272	1.6226471884466268e-09	4.518189883134876e-09	0.01708033603110035	179.25731493196218	-179.25731493196218	draw2266	True
0.003506700665415075	1.4492496412076326e-13	0.06695188246319432	0.10953026915719288	-0.12397813534167815	0.0038180149801132412	0.8483002822177617	0.9927516926784501	0.1507069825290009	-0.1507069825290009	draw2267	True
0.2001749632236417	0.0013533893823582893	0.018057176907276984	0.016550168222455724	-0.019402311517072713	2.3113641296571945e-06	0.0015169331111389614	0.4625908610325521	0.42553717237740646	-0.42553717237740646	draw2268	True
0.3155594226666248	0.08387824806237519	0.016388234133367523	0.13712040609936482	-0.15298812215490362	1.8177809761652718e-06	7.627007635576282e-05	0.1061544886662172	1.4132404821450693	-1.4132404821450693	draw2269	True
0.5524588898559769	0.41474502524102314	0.2348948459081778	0.044562040010786716	-0.11504476972073134	5.887175084506083e-06	6.440957776006468e-05	0.7769538750787921	0.03777695381295703	-0.03777695381295703	draw2271	True
0.44550986951579574	0.10476873752720431	0.00614590455181334	0.04029482455896776	-0.037220988324446404	2.7573569323940677e-07	0.00012564777581231014	0.13119477047626787	0.4125177605377804	-0.4125177605377804	draw2273	True
0.10094139242326912	0.07588068652873088	0.005096518434840972	0.2986905995519593	-0.2627061856654113	1.1355178069229762e-06	1.2300790690643416e-05	0.01677424656651878	2.7565982875474253	-2.7565982875474253	draw2277	True
0.6833876654815778	0.02216389359342215	0.07181606159887488	0.21988911593327617	-0.14845191129462273	1.567199888283487e-05	0.0001736520365121845	0.23905576501623696	1.1580920290576566	-1.1580920290576566	draw2278	True
0.775418072430417	0.08950189864158288	0.06898563857456909	0.022819841975032427	-0.09682529725791132	4.393298174976425e-05	0.0033318172161495288	0.6007581402245483	0.8567176805664787	-0.8567176805664787	draw2279	True
0.35722085667943176	1.0854550851105682	1.1472228743125015	0.02000073056744261	-0.8904989318189012	2.801460894305908e-09	1.0458944032768238e-09	0.7009700097998132	0.04731151017232326	-0.04731151017232326	draw2283	True
0.04286570071426619	0.8879302002447338	1.3372006952657463	0.07555226474533876	-1.061126378218427	7.708575526008139e-05	2.2807364163792126e-05	0.7273560844037137	0.135149403614277	-0.135149403614277	draw2285	True
0.4393705165190052	0.4583558173799948	0.5332088640974775	0.061041414807490264	-0.4245189998094389	8.320791434256696e-05	0.0001640359970462326	0.7486599814987144	0.2105813546543334	-0.2105813546543334	draw2286	True
0.5400001092092329	0.021122469335767124	0.02026619019402574	0.07622690079404801	-0.09849825965779788	2.9069193327949746e-06	0.00029901567006566135	0.20554274788030172	7.381566599592383	-7.381566599592383	draw2288	True
1.6740786646797072	0.17320156983029272	0.4827854391567807	0.022121027254523466	-0.29164481397501363	0.00027058272493207114	0.000607641185776366	0.723481879925906	1.465023842368572	-1.465023842368572	draw2290	True
0.5744047829776077	0.0009737903633923203	0.030159223903344037	0.6202459985399837	-0.15708250271445484	0.00032597153538296007	0.0007689267686179057	0.04631408517176541	259.1355180308388	-259.1355180308388	draw2294	True
0.44164382142798725	0.004099010457012762	0.05254387765677291	0.045103945218594885	-0.056028409306392045	6.347996090698877e-06	0.0005162677984688959	0.4738502492526576	0.12785677404225934	-0.12785677404225934	draw2295	True
5.545232402116625e-06	9.475337608625904e-14	0.1182222200004113	36.061747484527984	-36.179969699006335	4.26329984410133	0.003278292682132853	1.06904003558475e-05	2287.4295575606725	-2287.4295575606725	draw2297	True
0.0002695604779944287	1.0157125874524022e-13	1.3013463163188286	0.741740863528346	-2.043087180218149	0.9652617405243561	0.26330919198857394	0.6495232471808314	3.045706970073806	-3.045706970073806	draw2298	True
0.6332630612806951	0.003719195559304872	0.006588783442803258	0.1809909970217839	-0.03702352225879058	4.0529843054124704e-06	0.00011504495348133954	0.035103403692584315	2.8839992213305528	-2.8839992213305528	draw2299	True
0.22423915378931908	0.06573091693568091	0.1366873599467691	0.2677057315238298	-0.42641150656592647	0.00019023362254428272	0.0010440005412616952	0.32020861089891345	4.854492644233084	-4.854492644233084	draw2300	True
0.016207485466939092	0.25732589233706094	3.586861749569281	0.16776416612366704	-3.4911863357424107	0.0006298491104421561	2.3359936302265593e-05	0.6907679902680789	0.3307686656090043	-0.3307686656090043	draw2301	True
0.21267538096187158	0.011095904891128407	0.21852011740396454	0.1617320126156474	-1.6733064481244675e-07	0.009856760587637518	0.0521455358593308	0.5005807383237775	0.37981517565168177	-0.37981517565168177	draw2305	True
0.4351807692429717	0.01121280389102829	2.1987313094529943	0.6723533924797505	-2.366054242492757	0.002820564995339655	0.00021568007741624417	0.6080077331957944	1.4070507301005317	-1.4070507301005317	draw2307	True
0.7553018059946937	0.013119847480306304	0.15216244295083511	0.6638964097463176	-0.19289273655163763	0.00012164061856796525	0.00017651964320073042	0.18330085389843084	0.4866281231404986	-0.4866281231404986	draw2308	True
0.396755793977394	0.844329477762606	2.078373209401222	0.0962404584798833	-1.2869914536274973	0.0014713447202285201	0.00016260524318262195	0.6909292591319479	0.9853162909696697	-0.9853162909696697	draw2309	True
0.5665938452432538	0.00013466045274608727	0.012149380512161584	0.17067393722037447	-0.012616470682522191	3.0084930764731225e-06	8.961336839986608e-05	0.06630795472263998	0.8306443419470726	-0.8306443419470726	draw2311	True
0.16852015782920832	0.22057789888779167	0.0070453460773596014	0.2854599554751582	-0.2916519320486344	4.5765719952621874e-10	5.345901267977849e-09	0.024079232969662842	40.25279539358417	-40.25279539358417	draw2313	True
0.8097170474970136	0.0012771449949864609	3.9777854643427633	3.56982322162899	-3.9803244259878117	0.0019905184998765743	0.00012449135691086885	0.9947818379875397	0.6668896008110378	-0.6668896008110378	draw2316	True
0.8286862311825511	0.12047634774644898	0.07639686231872787	0.09565848074433286	-0.1870743454031225	2.111014261042236e-05	0.0005956679285742471	0.4058183274164254	0.8027455232472823	-0.8027455232472823	draw2317	True
0.8022362199891304	0.2716180840308694	0.07329667975634248	0.07227768342220804	-0.14719304473449762	1.3443467033156494e-05	0.0005060735089070732	0.44971279241371004	0.17946149301432965	-0.17946149301432965	draw2318	True
0.43950819028457644	0.4895400915594236	0.07851098406001963	0.0014985233397201538	-0.04382216953553808	3.38732018527512e-07	2.8006198250385e-05	0.713886838217243	0.0024099885399534535	-0.0024099885399534535	draw2321	True
0.10905911716882907	0.19468044007317095	0.028335778965674772	0.2747818525147052	-0.2987112782312662	2.2838519281067727e-06	2.4641483884435413e-05	0.09307533283746751	0.46541707113871084	-0.46541707113871084	draw2322	True
0.35820072141985626	0.18326663750114375	2.644290900212731	0.26968217176860204	-1.759364261224251	0.006433918618822248	0.00041553513544669956	0.6720092932729286	12.255711654582566	-12.255711654582566	draw2324	True
0.003062864333730138	0.7950307195592698	4.317307243146606	0.8736093416303569	-5.170747523864603	5.745999699644484e-05	1.2605090160790573e-06	0.6394449109906879	0.007018243420799779	-0.007018243420799779	draw2325	True
1.0242906884443335	0.14053107132566633	0.028882929050896504	0.24390919112436862	-0.17176828392836757	4.5281584613084785e-06	6.017505418935595e-05	0.10529035743776538	0.5865142589107711	-0.5865142589107711	draw2327	True
0.4854280270930684	0.019393640295931602	5.331830510948735	0.09186710743205698	-6.345501730619972	0.0037477437294381197	6.478954579512339e-05	0.7010417117906972	1.6968158491131695	-1.6968158491131695	draw2330	True
0.24194770264691656	0.050200595477083464	0.005023532532158283	0.48339273009300865	-0.2967656220036209	1.1883382167427594e-08	4.980969620192262e-08	0.010284806690112298	456.38935021406405	-456.38935021406405	draw2331	True
0.09043300103715815	0.14116632160284184	0.620450195113897	0.9385133884927815	-1.5041668842497145	0.00017930633662626764	6.368937280225706e-05	0.36977929253444536	0.8637795468797312	-0.8637795468797312	draw2333	True
0.5731705663241199	1.16906775065588	0.6055139163401354	0.015267583415858106	-0.5177642957012132	2.978541180825462e-05	4.165570876350631e-05	0.7160767748669048	0.043803525036384725	-0.043803525036384725	draw2335	True
0.44032834583428093	0.136285094987719	0.7413559045792737	0.08457783461369948	-0.9288925044176402	0.0010315783631645213	0.0008374850940651866	0.6679808199813017	8.148733085406771	-8.148733085406771	draw2336	True
0.08763352237269577	0.15285563391530424	0.2773807376710969	0.21795150887694695	-0.4934026439888863	1.5241216877894445e-05	4.728977883646004e-05	0.4885962363050331	0.4026851444205627	-0.4026851444205627	draw2337	True
0.43268975554420386	0.4085789095557962	0.06377038515186594	0.8204357118156743	-0.886506846923299	1.352801358106419e-05	1.7213686188601456e-05	0.0719347855058681	0.7185044989437475	-0.7185044989437475	draw2339	True
0.015353445124549671	6.03198536099545	33.79794374119251	0.14361876545203262	-33.536507374563655	0.002346004868258713	1.0312496463551167e-06	0.7086107401566123	0.008733350891680853	-0.008733350891680853	draw2340	True
0.0020953923068819397	0.2961860179321181	2.1557239675327677	0.09384332809954417	-2.229655539003339	2.8225818823904627e-05	2.9075705053920013e-06	0.6918867327878133	0.028871855199240924	-0.028871855199240924	draw2343	True
0.5555382019198454	2.6494190631801544	3.732198449087881	0.7528524045591587	-2.165144595250157	0.001404835335007616	6.159989112606262e-05	0.7815234048996698	0.08629598995062493	-0.08629598995062493	draw2344	True
0.010112834800879022	0.005465309267720979	0.009363213602120772	5.518304371236003	-5.5276665595372485	7.91284273173682e-09	2.589688044437307e-10	0.0016938790232076263	785857.6951819244	-785857.6951819244	draw2346	True
0.7757071393033198	0.006400988334680111	0.031119780892586033	0.1414508760773122	-0.037931885826110866	8.0546161517758e-06	0.0002619467627235708	0.1774680451958595	0.33826851016727516	-0.33826851016727516	draw2349	True
2.041587846222116	0.27479970764788364	0.07393378479296357	0.006922439784306503	-0.09975023325796856	7.424106056008974e-06	0.0007456297089092419	0.74093883472658	0.13860501040208878	-0.13860501040208878	draw2351	True
0.22788088677859528	0.05072760861140471	0.0012604156030843424	0.0822691308502487	-0.08245012264342007	4.429712040447079e-12	6.347407412627039e-10	0.015087740660999048	8.91529857506414	-8.91529857506414	draw2353	True
0.8702728273224009	0.006607322769599236	0.020493388598720214	0.09610340472330962	-0.030040858347268214	9.017702812110395e-09	6.434418216963152e-07	0.173109323046861	2.2842132868875877	-2.2842132868875877	draw2359	True
0.6241210529267919	2.880788807083208	0.24159411852233426	0.05232841476379278	-0.13828454484272334	6.7314357719135054e-06	7.146715104989115e-05	0.787201183719858	0.005977086588417524	-0.005977086588417524	draw2360	True
0.9347299279819601	0.0651623765290399	0.33338681478518356	0.017588465816755505	-0.45914267435649064	3.968499180228453e-06	1.881916896111497e-05	0.7259981146450004	0.1179182734652168	-0.1179182734652168	draw2362	True
0.5073850081453105	0.0007626465156894993	14.58328286551291	0.0005975860227018863	-14.660935417885822	0.008666231294288857	2.037453966675979e-05	0.7071052540566664	1.2788829394877657	-1.2788829394877657	draw2367	True
1.6679218862227798	0.030115572597220083	0.05032766996104739	0.13660784895796202	-0.033998373442369376	3.528952996623663e-05	0.0009416178819019259	0.2599672135346377	3.4859953518950038	-3.4859953518950038	draw2369	True
0.6826184800454466	0.018970071585553364	0.012362302102723875	0.14303940746679875	-0.03509035005185046	2.5589340028856014e-06	0.00010529503187836407	0.0793000332934456	1.760019967451	-1.760019967451	draw2372	True
0.41886923489164163	0.14668105401135834	0.03215121068241523	0.901882699458654	-0.9345960164178729	8.001328656279383e-05	9.160573415684847e-05	0.034401396158477905	7.917816553669687	-7.917816553669687	draw2377	True
0.4011294747508543	0.24666695067714564	0.07027109760558888	0.6966106398282755	-0.6542782655601591	6.298059726391812e-05	0.00010619858530542823	0.09124990556764205	1.952316579141567	-1.952316579141567	draw2378	True
0.07568138336412161	0.008884745203378385	0.006956437388415074	2.1451368763388907	-2.1501064736488065	8.94997181703068e-10	1.9323906779060163e-10	0.0032323882060693453	11863.056259445466	-11863.056259445466	draw2379	True
0.014843372536946552	0.9257145775950535	0.5032185742686729	0.8737490170697993	-1.378613747182133	2.837050315654668e-10	1.3200072871203e-10	0.3432506021814196	0.03762825719895817	-0.03762825719895817	draw2380	True
1.2470173060485148	0.8041048996714854	1.16739544145387	0.33831497866438653	-0.51320528033309	0.0003744462161011355	0.0001826400467613548	0.8153071878424529	0.139975531756682	-0.139975531756682	draw2382	True
0.20428973145222953	0.054735705225770474	0.017904074547701855	0.21279846898017854	-0.2300766091299951	1.8993515101811444e-06	3.5472578841776135e-05	0.07737408748204856	0.4983273138912628	-0.4983273138912628	draw2384	True
0.20082646321718045	3.0947703782328198	10.180434313947584	2.6234289304277745	-6.759554868651181	0.003498128385897742	2.1761354057633777e-05	0.8029553411134309	0.07586167958701046	-0.07586167958701046	draw2386	True
0.1903837580706424	4.685512505669357	11.701032307960224	0.1333945459378952	-11.31551720771383	0.004094093002885369	1.4781837187267942e-05	0.7030877539312639	0.048054079901103	-0.048054079901103	draw2387	True
0.3990992121909746	11.649474894509027	0.672335407303815	0.1564235289620494	-0.4907931757135879	1.0679056274621582e-05	1.4869196277467713e-05	0.7933471989347434	0.000996456034084771	-0.000996456034084771	draw2388	True
0.1360288966321308	3.134089166507869	8.208439107212383	1.1026623947448606	-6.623324861461278	0.0020671551666814818	1.753750548610483e-05	0.7560629423761538	0.05690682080368686	-0.05690682080368686	draw2390	True
0.0004327985376400307	3.9396929738885353e-13	0.011697067813211344	0.4660657515609857	-0.47776281941209414	0.005451602702549054	0.025086003270592898	0.0005363321878694671	0.07495081596296183	0.07495081596296183	draw2391	True
0.5217532568196779	0.0007643602603221527	0.03479573180827512	0.9738115405608756	-0.04304596714629734	7.064072444519893e-05	6.935763112630646e-05	0.03447820524564544	9.451432765840725	-9.451432765840725	draw2393	True
0.3053611247930591	0.05446823791594093	0.0010288214641124	0.31071601320507614	-0.23528049953598143	7.068945462784468e-10	7.2736327129561695e-09	0.003300185747536453	2134.787157606528	-2134.787157606528	draw2394	True
0.5805113047777424	3.3606412819622578	0.2309070273296087	0.03675602293366047	-0.16359656675934336	2.983016868181944e-06	3.27758422098128e-05	0.7653960655992691	0.0058967809901199625	-0.0058967809901199625	draw2396	True
0.0743039817532935	0.016976416871806503	0.0029905888134799394	0.29010682465474985	-0.2931032290787671	5.669296122433904e-11	6.598723917492001e-10	0.01020286434870265	431.4082354161795	-431.4082354161795	draw2400	True
1.7103204742790346	0.34218633152096506	3.3798538491683168	0.4130166826817865	-2.767354428517461	0.004887744047082098	0.0002416618518383557	0.7515324423301656	1.6132145292272175	-1.6132145292272175	draw2401	True
0.4552959367067593	0.011269759563240708	0.005390120320559717	0.06321197910611143	-0.015957715335657208	1.7045658086260143e-06	0.000359970559330383	0.07832862574498352	0.9060837623479001	-0.9060837623479001	draw2404	True
9.595673652005793e-06	4.566342067486762e-13	0.012455199281830372	20.841543735512115	-20.853998936742155	0.25958558057266257	0.0005976139092111944	2.8607046314854544e-07	2704.9495562640095	-2704.9495562640095	draw2406	True
0.5288444295051139	3.733891886104583e-06	0.3604741449210184	0.32652260820738194	-0.36055861103456627	3.0010804685100544e-05	0.00022892538278889945	0.9955940093478011	0.1745411583111482	-0.1745411583111482	draw2409	True
0.0002647229719353851	5.396149173743497e-13	0.07897483081347606	0.8197885015355723	-0.8952935404127892	0.06446863198026043	0.09667733807517657	0.0025714443588228902	97.19933052959209	-97.19933052959209	draw2410	True
0.08513933359662339	0.12895237800937662	0.07853556313815796	0.3855755803151196	-0.4666194010752396	1.177920864792563e-05	5.31631946882434e-05	0.16684523916494878	0.4330086965926756	-0.4330086965926756	draw2412	True
0.6662414711269925	4.803975007458429e-06	1.2090570498004898	1.1168933052148844	-1.2092710863874832	0.0002541247385254456	0.0001728371130378846	0.9971071325148171	0.471389522473413	-0.471389522473413	draw2413	True
0.21389929511808015	0.6497386548029198	0.1466653846319475	0.14790553443067633	-0.2951056572291256	7.21525325375783e-06	6.663344517670184e-05	0.44570547208672956	0.04366964131758776	-0.04366964131758776	draw2420	True
2.8717026670409003	0.10482778284909947	0.022560180388724507	0.005940347981441414	-0.01390572315549426	4.127786312033027e-06	0.0031245028631518433	0.6206847075819185	0.4152748771145272	-0.4152748771145272	draw2423	True
0.8818444471676846	0.016152922139315396	1.128499148425348	0.025688486654142813	-1.4080628623625202	0.000179045854816277	6.871424967130743e-05	0.6991051520568354	0.30649923050118055	-0.30649923050118055	draw2424	True
0.26421606330898806	0.004705016249011923	0.013702992272431928	0.21817794820120232	-0.22760327599182972	9.477014820963343e-09	1.7564162481877878e-07	0.05899203218616584	39.00428530168079	-39.00428530168079	draw2426	True
0.03962300587285894	0.011125742654341058	0.0013000183964366324	2.8868813532095348	-2.8868751112405495	4.842075605370762e-07	5.8047370739826696e-08	0.00045011655665866277	289721.5852120413	-289721.5852120413	draw2428	True
0.5362241695713825	3.131843261743557e-05	0.7405281528058241	0.686864687712559	-0.7405732339107085	2.5475829771221415e-05	4.6213676214576175e-05	0.9973846112656941	0.22447420265173784	-0.22447420265173784	draw2429	True
3.6196126562466757	0.09226255974332434	0.25155487654277675	0.24079356351725179	-8.929669384483141e-07	0.046678941019127985	0.18440096115371848	0.47284270970181547	11.963852306035854	-11.963852306035854	draw2431	True
0.6966393625562585	0.011059524358741562	0.20028858306855613	0.06193549480036491	-1.7859424603083873e-07	0.008111369373096398	0.07937197488315563	0.6234501916988081	6.897110629685798	-6.897110629685798	draw2433	True
0.24418913884887777	0.24011824230912224	0.3102443403587757	0.09093443573255988	-0.44496308893958975	1.0060522375425478e-05	3.911617619036541e-05	0.6117469295669793	0.1305456663881292	-0.1305456663881292	draw2436	True
0.30087010931116764	0.056091864048832346	0.002786169586343348	1.2087190373665702	-0.9983193481752676	1.3914239303214358e-08	9.479962108632833e-09	0.002299752574705197	3805.0645589543324	-3805.0645589543324	draw2438	True
0.010950289357682398	1.8131117629423175	64.20625122720583	0.15224365435566295	-63.82304850977527	0.010957952456762853	1.325912930995393e-06	0.7062689456140296	0.15645183278051328	-0.15645183278051328	draw2439	True
1.1728986456520272	7.274422600647973	0.12372751907388434	0.00239583784892394	-0.11510509842630663	6.12422445787091e-08	2.039377215058355e-06	0.7139857372956049	3.630786022671409e-05	-3.630786022671409e-05	draw2440	True
0.08589659243875361	0.2909768871782464	0.09251810007822268	0.5423287620146741	-0.638839538411351	6.208235209367803e-10	1.5083537347200265e-09	0.14420961787588285	0.8256572345835841	-0.8256572345835841	draw2442	True
0.05269977113975444	0.11550207822624556	0.0034582636588573776	0.024099889048658656	-0.027560961942319332	1.4976847375963333e-08	1.941486482131653e-05	0.12451310956007648	0.03247971629910536	-0.03247971629910536	draw2443	True
0.32794851524057067	0.029860412391429357	0.018772129972832084	0.1281714038183171	-0.10975645641285947	4.382429356537391e-10	1.99702451703364e-08	0.12672076569987512	2.721948987350026	-2.721948987350026	draw2444	True
0.4239502869030875	8.644097912511067e-06	59.07380295486587	0.07486932815359965	-59.0790807400063	0.0710851069929804	1.0172047311522408e-05	0.7066588544060721	2.8159069694362846	-2.8159069694362846	draw2445	True
0.018106871032381452	0.021207724924718546	0.0009525241590415038	0.05355867692648036	-0.05450102743225387	2.0181862582009334e-09	6.789802720961396e-07	0.017471249056294703	0.1296085443246689	-0.1296085443246689	draw2447	True
0.7045808333554907	0.03713274485550929	0.016421899416959256	0.02322841263918798	-0.032062654397054795	7.885060151150206e-07	0.00042811147473535477	0.3826476802351912	0.30888275493356765	-0.30888275493356765	draw2448	True
0.1543252036704585	0.002411268644541532	0.002929142106484087	0.7213196909692666	-0.6116873679932369	2.8482127797550408e-08	5.429873680318181e-08	0.004044353315281168	2547.579174072472	-2547.579174072472	draw2449	True
0.02492785068446942	2.9283062824655306	54.635912702919136	0.5189554323367035	-53.527018270116805	0.00506050337239671	8.557213576804835e-07	0.7104729194339394	0.0899762184620111	-0.0899762184620111	draw2451	True
0.3720799594497967	0.1946713493992033	0.0752934272647244	0.07612383067081462	-0.14178594614874315	8.837224045323359e-06	0.0003090341536991064	0.44524831962382433	0.294055496717288	-0.294055496717288	draw2454	True
0.5313087388876147	0.6354579479923853	0.2991546348063369	0.03660474623524922	-0.24571387101507952	2.623369131593307e-10	1.2972343016232474e-09	0.6652352370043486	0.025029053997122352	-0.025029053997122352	draw2455	True
0.3586938204137932	0.007774395977206819	0.02559880942849975	0.3091864328673607	-0.26016268898492545	9.546104119580914e-09	8.467628127283104e-08	0.07624082210632946	71.51958873207641	-71.51958873207641	draw2456	True
0.40927280702589763	0.0017981897331023732	0.09780204040789414	0.0017067726963066864	-0.09970781341512384	6.84450136276008e-05	0.00352125997708162	0.7014928916113724	1.393216367577614	-1.393216367577614	draw2457	True
0.028657598634464466	0.0015314987731355327	0.012882310684852455	1.7400512440034888	-1.7526738099374057	4.504862248269963e-08	1.4659769838438244e-08	0.007348802690617052	8225.145388145025	-8225.145388145025	draw2460	True
0.27072224478782503	0.0033186307271749513	0.002118121081172513	0.1422552802313479	-0.13262952411596934	2.0241237375723677e-10	9.708881877945239e-09	0.014669552408006428	58.883444361200816	-58.883444361200816	draw2461	True
0.14632378558735115	5.8240053253326485	10.59404415841898	1.7937063217376967	-8.464949595699046	0.000720267445372741	3.79728235546202e-06	0.7692213532434641	0.020887830370669644	-0.020887830370669644	draw2464	True
0.23624203119352458	0.0659130443844754	6.94796985625505e-05	0.07541169429588183	-0.0754730863335967	3.181343134640835e-11	5.583838558733441e-09	0.0009204900435625139	646.7747639380202	-646.7747639380202	draw2466	True
0.7926129330182267	0.055105242303773345	0.04886427995817853	0.49212256500715823	-0.3896082311457826	3.6497655341501436e-05	0.00012369804466717498	0.08995804955468797	4.202968897746326	-4.202968897746326	draw2467	True
0.9290869641845366	0.5187673036054633	0.45886022053792963	0.0278909208693507	-0.48220580717149575	2.797002329320796e-05	6.250573489688968e-05	0.6859523169318451	0.10109128085846535	-0.10109128085846535	draw2468	True
0.07041517762882159	0.001804368052278427	0.003236158824671959	1.3222320590591479	-1.3254200225913728	9.528852369131648e-09	5.423746365918875e-09	0.002441513976456734	16450.79322710908	-16450.79322710908	draw2469	True
0.2610069138754815	0.17087569079251846	0.001359431567246768	0.7366319546338758	-0.7325432466135208	1.5023124872038537e-10	2.7583934808781837e-10	0.0018420665689653623	2572.3694796629043	-2572.3694796629043	draw2470	True
0.0001969284899570969	1.055961334760043	11.693489363628874	0.23117336450808645	-11.921346112827026	1.9844644215919815e-05	7.114426186870853e-08	0.7001521152669274	0.0018473976588626116	-0.0018473976588626116	draw2471	True
0.028302427538845435	0.007869606804154567	0.05178966358254542	10.158456367019522	-10.20771712790577	1.0152561930681131e-07	9.73849979326055e-10	0.0050722575339272255	179124.43903045842	-179124.43903045842	draw2473	True
0.3274218811553639	0.005847979283636059	0.14911432285443207	0.057548521062147105	-0.15972892177943088	4.608159760486286e-05	0.0007095553657238553	0.5851248346997544	0.439358983939521	-0.439358983939521	draw2475	True
1.2760013333226687	0.03715572184733135	0.1552461843513395	0.6625794778607765	-3.78648141244331e-07	0.0994173856350038	0.19080369853653154	0.10110341678178249	14.894527836237033	-14.894527836237033	draw2476	True
0.34161776904839714	2.2074853602829824e-05	0.05134032947121351	0.5913409283615076	-0.05281069404381886	6.727623321500078e-05	0.00016184947508726569	0.07963107416033217	6.756738371899794	-6.756738371899794	draw2481	True
0.13482822074280393	0.3503250446681961	0.47777730673154917	6.560472843231581	-7.05364805608898	8.133256389208305e-08	1.6343248802021867e-09	0.06772710039978752	101.82476203835009	-101.82476203835009	draw2482	True
0.4005167298549965	0.008509021026003531	0.0004277945627849348	0.02684755436269941	-0.026435031083434736	1.1287017668868576e-11	1.51681198828743e-08	0.015682364143490966	2.466648988269783	-2.466648988269783	draw2485	True
0.17446966853937304	0.21509147364962697	0.019031356035597392	0.23481868532682318	-0.2534917680640304	6.839772540639872e-07	1.055487292507264e-05	0.07476105211628901	0.43150465892933415	-0.43150465892933415	draw2487	True
0.021428725810368743	0.31720961211763127	0.6706865983826057	0.14311306108643093	-0.7768585850111581	1.220433075698782e-05	1.097422546876259e-05	0.6359889689669833	0.019282656964820816	-0.019282656964820816	draw2488	True
0.809654878117678	0.11677823113832188	0.661808171517458	1.115745063734172	-5.878729780750547e-08	0.5486004228670761	0.1822978020250778	0.34083801448125445	1.920563180601638	-1.920563180601638	draw2490	True
1.1103058785951945	0.0018239755448056076	0.03207540206806227	0.008132309354867051	-0.032515425957733345	4.4804568274416376e-07	0.0002796608468465765	0.8013583855404667	0.037124644495234865	-0.037124644495234865	draw2491	True
0.6711895922772252	1.2052023619827748	0.3909779158318046	0.09441653960495629	-0.12855067447117605	2.7222181874187827e-05	0.00011304310807209321	0.7967329984803271	0.04470111787466213	-0.04470111787466213	draw2492	True
1.1557392153305375	0.0834083941194626	0.09454507597905278	0.06913890171889654	-0.188966475943626	4.538996364597693e-05	0.0012703300515888045	0.500168380979918	3.2209811954906504	-3.2209811954906504	draw2493	True
0.4783324012383836	0.08408854809261634	0.24168365458716712	0.13153750373531325	-0.43802328131576906	0.0015880804883230224	0.008036320847857052	0.5436335267386895	8.276894847891178	-8.276894847891178	draw2495	True
0.48716091698335906	0.168905194792641	0.017617071487067357	0.19074143001084035	-0.1746878704725089	1.329225461868748e-10	3.040062261126332e-09	0.08425110959857822	5.008704510576864	-5.008704510576864	draw2496	True
0.12741788019094552	0.37800409119505446	0.11280547946847869	1.046350862963489	-1.1608132961164983	3.2938904162282002e-09	2.428462774546801e-09	0.0968593048425199	28.469842575395926	-28.469842575395926	draw2499	True
0.18462009406442234	0.39285389390657766	0.015450076154618764	0.01906271894263295	-0.03386863447537737	1.2385244476718187e-07	8.661992528854695e-05	0.4085895235005802	0.013303063762159695	-0.013303063762159695	draw2501	True
0.06259404321373307	4.471222746692183e-05	2.4665732690906236e-05	0.056899068775920256	-0.05692241862065122	5.654427809345516e-11	1.7450256415346993e-08	0.0004333118792191473	4432.013061700164	-4432.013061700164	draw2503	True
0.3555638899984311	0.0038243670515689136	5.9260339576629075	0.07857735773549089	-6.111228442097667	0.007515180629035778	0.00010559016296532769	0.702435014220538	2.2284740991275034	-2.2284740991275034	draw2506	True
0.14552810430675528	0.21969704897424475	0.02217638207070666	0.19003970428355282	-0.2120214871883479	1.2916235515500978e-06	2.8370209674049578e-05	0.10393312231779961	0.15333835699234394	-0.15333835699234394	draw2507	True
0.3603153810213069	0.2991000495806931	1.0517864976082318	0.3997540549106243	-1.7616060178234638	0.0007727026198392026	0.0002404758618617593	0.586755433400878	0.7672996840294565	-0.7672996840294565	draw2508	True
0.4743488889605212	0.005095442547478816	0.015978474540472493	0.108159746376815	-0.11807679701967154	3.781860501245274e-05	0.0024142580483836307	0.12764329355106868	30.25795383166519	-30.25795383166519	draw2509	True
0.3656721494555564	0.00955847721444363	0.011506906933477435	0.2813436197059823	-0.2765158680268163	2.989085094280904e-05	0.0003479987745037391	0.039260993504117346	47.976269314500435	-47.976269314500435	draw2511	True
0.008181258177602615	1.2686440468323974	2.2267843713900177	0.028243724104434886	-2.177273601404108	1.2560666875638307e-05	1.2827282430916556e-06	0.7116052513297375	0.005092379740413967	-0.005092379740413967	draw2512	True
0.4785242201364321	0.025113720645567886	0.14817722334705516	0.018079058255252967	-0.1824784134586404	7.681924819873363e-05	0.00154892136893847	0.6653657721597526	0.9757607619104876	-0.9757607619104876	draw2513	True
0.7734704404099005	0.9995268030200996	0.8560348750554508	0.0029675971232945094	-0.8667296528736569	7.743519096581612e-05	5.2652694828686974e-05	0.7058827561320428	0.037956818862249	-0.037956818862249	draw2514	True
0.5561152535348878	0.09397961071611227	0.0713663545352598	0.130852955991384	-0.21472915424362166	6.6783432523664e-05	0.0014522800098080873	0.33279795360831393	3.0302205508722304	-3.0302205508722304	draw2515	True
0.6793337827354107	0.0326456862405893	0.3556192572176915	0.1025451444533047	-0.4582618423068706	0.00011586738943435038	0.0003444546101810703	0.613155485076621	0.8033380582448794	-0.8033380582448794	draw2521	True
0.33357699598610063	0.002620685099899414	8.448720220307012	0.09997829009237058	-8.618712135446266	0.007686239699875928	5.320631235347012e-05	0.7029356118152544	2.4185180276610088	-2.4185180276610088	draw2523	True
0.5391484799588722	0.0366603094941278	0.008735969902745284	0.06326613514609616	-0.06934733319809076	2.487675948338915e-06	0.0004728875411407394	0.12044530140804172	2.450605170882969	-2.450605170882969	draw2524	True
0.7007009854371591	0.20598678228384087	1.5041783963541961	0.25481037693279385	-0.44258218795307425	9.320036423347701e-05	2.4375838775614438e-05	0.7692549974566418	0.5785801676514638	-0.5785801676514638	draw2527	True
0.15982790408128064	0.13825461150771937	0.17700416852909553	0.1325400835414497	-0.29771037548642837	9.632603815245927e-06	7.57589195754218e-05	0.49639629059811385	0.24099531503224272	-0.24099531503224272	draw2528	True
1.3472008276127019	0.04018409091729807	0.24857510099282287	1.9303948871611096	-3.7090053342125895e-05	0.47984031662134563	0.12644690742591927	0.01728196605794739	64.22568150353541	-64.22568150353541	draw2529	True
0.7457331973953383	0.025514808172661756	0.25389060142901543	1.2846667656186068	-9.93704924234784e-07	0.2810886384348754	0.13565716012152276	0.11377535601392016	43.30250169629696	-43.30250169629696	draw2532	True
0.689483451762192	0.0008534090988081171	0.07353991024319675	0.045625848097402735	-0.07462294309334871	1.4852496463574338e-05	0.0007574509786759041	0.5251704785658694	0.6442894221355766	-0.6442894221355766	draw2534	True
0.5162679716703017	0.0013606325166981886	2.7522027005975946	1.469275499146739	-2.765201859474544	0.0024557950078296187	0.0002663401055345642	0.906363986954495	1.60541536411553	-1.60541536411553	draw2536	True
0.4497693431446305	0.05492352772236949	0.3776838219723066	0.10952044367155465	-0.30131066655113026	0.00024084551459549886	0.0011225204392341112	0.8153725598484239	3.692700479243131	-3.692700479243131	draw2537	True
0.40803617544221227	0.039938475056787735	0.015512298498858292	0.25302894290436606	-0.2576321903012401	2.232867598143924e-06	3.085988141961036e-05	0.05766890853842585	0.30155683673209	-0.30155683673209	draw2538	True
0.08088352083134263	0.02604291470565737	0.012461410434212112	1.3647098238750281	-1.373971143983636	2.18098659904898e-08	1.1498509663311352e-08	0.009048185156723	3235.998031986723	-3235.998031986723	draw2540	True
0.4843351832861128	0.5114694382188872	0.11769094799237144	0.2014753948772877	-0.3236137646488215	1.1777154757272841e-05	0.00010177434411042352	0.3459728425058719	0.053799270832491586	-0.053799270832491586	draw2543	True
0.06655709031232966	0.4350661592226704	0.1814215248711667	0.0029523218273950105	-0.13152861534818983	1.0620350232344232e-06	1.5873187524380358e-05	0.7013769141538064	0.027527116948293906	-0.027527116948293906	draw2544	True
0.2993156341759431	0.21822964669905687	0.07642591277833125	0.522096665804943	-0.5981525856028189	3.639290880250234e-05	9.99612513335264e-05	0.12666247170858003	1.5132150147495762	-1.5132150147495762	draw2548	True
0.7783148833769121	1.5183547743830876	0.9787195581366899	0.05831979814703923	-0.7859053117080967	0.0005350634060361025	0.0002964286746260182	0.7284768102613337	0.1931701023963598	-0.1931701023963598	draw2549	True
0.16505515448017363	0.0031905255468263746	0.03469509713688909	0.17134559830699533	-0.20661156322429391	0.00018611765569092622	0.004263873970205829	0.16601114513157733	397.21252306534944	-397.21252306534944	draw2550	True
0.000566368256178502	5.955015520643822	55.62957873892572	0.0030037582220589663	-55.61950462837029	0.0001360603472473151	2.1984342786290812e-08	0.7071258718392694	0.0005084715151256038	-0.0005084715151256038	draw2551	True
0.09000818999929973	0.00037054604420027503	0.00012653404493028533	0.006675511298255432	-0.006793652070980894	2.72981558758539e-13	5.897989625674504e-09	0.01859913466550099	13.377623493668825	-13.377623493668825	draw2552	True
0.601194352728979	0.00010426447202095894	8.18162309190957	0.893967776071133	-8.186423644124345	0.009213266168329386	7.674595849423392e-05	0.7467245263344454	1.7544082545912196	-1.7544082545912196	draw2553	True
0.011178411406277618	1.2083481158337224	3.3854744842433915	0.017488447584105244	-3.333808545957658	1.4673581505711083e-05	6.368301332003024e-07	0.70528278449719	0.003987531806355401	-0.003987531806355401	draw2554	True
0.37372831851811283	0.2801939146588872	0.29985236592914355	0.2590882281815951	-0.3985265921084179	0.00010669284114767297	0.00026519011893421686	0.47273576014665764	0.49818438803342696	-0.49818438803342696	draw2556	True
0.3854242926007309	0.009234963031269104	0.30064305479523895	0.02599738664381155	-0.32923615537396084	5.7037228859256324e-05	0.0002894118583331849	0.6772205160839401	1.600601719685216	-1.600601719685216	draw2557	True
0.5052080930937167	0.0013499490322832406	1.7612284381761154	0.3753530806910071	-1.7802662743780693	0.000662817844819992	0.0001319676913155519	0.7858730584063781	0.8871442439482118	-0.8871442439482118	draw2559	True
0.40460394807409933	0.002076983740900658	0.08507778260110072	0.10208685150965835	-0.08553492711116996	7.492654237163977e-05	0.009953789375957995	0.9805995285981199	2.30065197090528	-2.30065197090528	draw2560	True
0.8009399682224876	0.05053935899051245	3.7213375303251994	3.926288814986491	-1.175386620344554e-05	11.395486863016613	0.1924632497793102	0.4521292179718936	93.77335729610193	-93.77335729610193	draw2563	True
0.029029905763715377	4.306361051226285	23.821211991984775	0.2542910611595098	-23.91602974908517	0.0011788668725467555	1.0277111314104586e-06	0.7033427295555579	0.016625329414850686	-0.016625329414850686	draw2565	True
0.06006220448145805	0.19963832673354193	0.007398288606887543	0.623076872628665	-0.6291030154827314	2.6148488127747544e-10	6.577348047423458e-10	0.011733657010612825	79.94439310550317	-79.94439310550317	draw2568	True
0.415816412497919	0.015110019023080989	0.008422378214843535	0.4365421795670043	-0.07277992857527858	2.8417003938120674e-10	1.4347356054170524e-09	0.01892481029286272	107.69595513424058	-107.69595513424058	draw2570	True
0.1118069330602193	0.04253241603678071	0.11175741465254516	0.2188365204830577	-0.23127280623568333	4.783885036992369e-05	0.00039282379287814567	0.32024663742408965	3.1072961335151805	-3.1072961335151805	draw2572	True
0.6540233575767814	0.1839119233042186	0.07274467435882173	1.1353251310310752	-0.7368631195245249	2.8119396407456215e-08	1.9197738207546187e-08	0.06010674910382344	52.56876562621609	-52.56876562621609	draw2576	True
0.6870893567800325	0.07387972190996754	0.16077065608600605	0.006340350392209294	-0.079153700740651	1.3523259489227247e-06	2.514865534212162e-05	0.6933036354826806	0.02131406043899113	-0.02131406043899113	draw2577	True
0.4354896900572906	0.12209148420570942	0.05772683958900603	0.10976221982202648	-0.1772035349925066	8.20668158388733e-06	0.00026148452997203493	0.32584935443846835	0.921985308444838	-0.921985308444838	draw2587	True
0.0775882408174434	0.6201083436805566	4.287740815567398	0.2865594957318066	-4.2994003697453325	0.00025255649943533204	6.4249117374184595e-06	0.6838846147379516	0.22317407835360564	-0.22317407835360564	draw2589	True
0.28891867501046464	0.0795757833205353	1.124446129041339	2.1570400272199777	-3.1955756351958566	0.010588536593842192	0.0008799965624210274	0.3241602350287734	23.781142762299602	-23.781142762299602	draw2590	True
0.500302510429263	0.391472376329737	0.1886204677944906	0.010251489830798622	-0.12454966488033758	1.6438177050426773e-06	2.188030432990742e-05	0.6881588029588394	0.01237130605310529	-0.01237130605310529	draw2592	True
0.9396996853884453	0.07407838931155475	1.964987319273841	0.03668349743338757	-2.5619714281659993	0.0005241242000790635	6.661587456790215e-05	0.7005376992310978	0.455128210362401	-0.455128210362401	draw2596	True
0.0211025133179686	0.005160700081731399	0.001511804887924459	2.1374534919064754	-2.1381125694105694	1.220371015244283e-07	2.6673756989317915e-08	0.0007067924437155434	345420.5992140932	-345420.5992140932	draw2597	True
0.8692475017949615	4.337439584655038	1.4159770511546999	0.04555903981627439	-1.2187600513090304	0.00018837901104428392	4.5490329343780315e-05	0.6958241514077846	0.024905717032788936	-0.024905717032788936	draw2599	True
0.4122802547866311	0.031819639764368905	0.01620721814820209	0.06904376353957244	-0.036820387077212954	2.7728082267589076e-06	0.00036821546663599636	0.18676640516419915	0.6901804943490627	-0.6901804943490627	draw2600	True
0.2719545963167701	0.06490863254222991	0.01441260160881384	0.014819428055024716	-0.02661657502752097	1.4229224277333464e-07	0.00013395558026351608	0.4422136649516263	0.008733596852121047	-0.008733596852121047	draw2601	True
0.08713300681044862	0.14374480693855138	0.11363594817274328	0.6126772067403169	-0.7323714114051268	5.4712262170186284e-05	0.00010123578830194167	0.15457538885436897	2.052471531649954	-2.052471531649954	draw2602	True
0.17474735643248362	0.10926868294351637	0.23039228651098367	1.2187006391844688	-1.2938338262563245	0.0006425774243771778	0.00029846380485940217	0.1570183008881197	8.28987594848816	-8.28987594848816	draw2603	True
1.3677259866587286	0.06021623292127133	0.22772519513486	0.04727605017532141	-0.2695217599959363	2.2322303735345456e-05	0.00017509831691640338	0.6377971178445857	0.10822309750275953	-0.10822309750275953	draw2607	True
0.6203449430675373	0.036031719821462665	0.09669506106969177	0.24322539238658036	-0.17690486347086568	3.4060252636880094e-05	0.0002727093716233583	0.27360888186687626	0.9749661530838558	-0.9749661530838558	draw2608	True
0.06864009927782283	6.426360977167146e-06	73.15686293592206	0.14317702390613152	-73.17528533550728	0.34657482574000137	3.2315236876151437e-05	0.7064155312015856	57.97002243407846	-57.97002243407846	draw2611	True
0.11788040610208964	0.10678460276191039	0.0880920908437357	0.40212899928169016	-0.49451996516881863	3.0387384129449812e-05	0.00012249179041815797	0.17686571354541736	1.6351962423944846	-1.6351962423944846	draw2613	True
0.16727350322780418	0.08388090493219581	0.17472932041452657	0.35026373030621155	-0.5466909142084272	2.859934815688428e-07	9.341672826749214e-07	0.3157912170093461	3.28366071634534	-3.28366071634534	draw2614	True
0.03128870382981621	0.019193476732483786	6.390983827185704e-05	0.3524700451907062	-0.35250541013879916	2.2901265795897496e-10	1.842712433282603e-09	0.00018128703997007852	74231.15968819674	-74231.15968819674	draw2615	True
0.0628286071694148	1.791351312270585	5.000179263415888	0.425544742176934	-5.244621264519504	0.000176664963323861	3.2451152711852636e-06	0.6776811799755624	0.04591674958045599	-0.04591674958045599	draw2616	True
0.535540439420952	0.02873220622304807	0.030611052923425586	0.05066288066838455	-0.05942168396843317	7.537333695033165e-05	0.009999024063601768	0.35244811570010703	11.404020142996439	-11.404020142996439	draw2617	True
0.8760495765687647	4.583811623530158e-05	4.0044230945921	3.9525569288184688	-4.0044802325171185	0.00018512223163437484	1.154265752564087e-05	0.999916129949603	0.12755445281441227	-0.12755445281441227	draw2618	True
0.2394314295880077	0.0011612350529922673	0.08612292233775688	5.595332483104921	-6.170665086263627e-07	0.2722626604869301	0.008477615538546352	0.012613256068914978	10107.783478253083	-10107.783478253083	draw2619	True
0.08845983452659398	4.311397356893406	16.91955216297268	0.3225318384045712	-16.20880743672381	0.0034153667166060306	6.080060783671078e-06	0.7138782547479485	0.04062724027217096	-0.04062724027217096	draw2623	True
0.41735557916531885	0.14685308303268116	0.21910450672387105	0.18089753207985304	-0.45220319455443914	0.00011171314588117448	0.0005370616696870872	0.48040889481389093	1.0826471822438548	-1.0826471822438548	draw2628	True
1.3429100994813075	0.7261474423586924	0.7823782278083229	0.16764289561797313	-0.45052071937360294	3.808629204548794e-05	3.847041026537213e-05	0.7863136563633323	0.08033732163777581	-0.08033732163777581	draw2629	True
1.3140197864871455	0.06297314685285459	4.047548281899689	0.013847977175662485	-5.3241367991088575	0.0004374548245937045	1.3305565134782123e-05	0.7058982332442376	0.0868487117836834	-0.0868487117836834	draw2631	True
0.2581807154688925	1.1452950360911076	1.6190445954494073	0.18529019284042117	-0.9947791373712768	6.185816919983238e-05	1.3226157065033868e-05	0.748647050709676	0.1071986407069469	-0.1071986407069469	draw2632	True
0.5651365753199001	1.1952375827000998	1.2945661726853823	0.20369176702331732	-0.6821322960155425	6.205967249075306e-05	2.165444962190961e-05	0.7647035210809603	0.026245639344503566	-0.026245639344503566	draw2635	True
0.06427774973012568	0.22325533245487433	0.2676446036855852	0.50237825634244	-0.7575551304630226	3.5807940043262786e-05	5.388146202201385e-05	0.32831332016037207	0.31543851542198936	-0.31543851542198936	draw2636	True
0.6039358836940626	0.05062615114593744	0.4417503502499014	0.308189702093364	-0.6861072839366679	0.0003684634339538061	0.0004863868079856507	0.5075402046470101	1.65046251159543	-1.65046251159543	draw2637	True
0.25549100335922753	0.3181116215717725	0.07185419603460248	0.3210149432321571	-0.3993428560386237	1.5383308091476886e-05	9.644152544869835e-05	0.17991163098263452	0.23635487015174692	-0.23635487015174692	draw2638	True
0.1875948725708568	0.017208739679143194	1.9956701433612354	0.5648570847654606	-2.6348555035520596	0.004163373931171777	0.0003950451704279098	0.6147370283178454	6.4349513422631075	-6.4349513422631075	draw2639	True
0.36001613300526153	5.645702079574738	0.3427050702106237	0.07401782540878116	-0.24997329023233933	2.0786511008388554e-06	1.0961060307772525e-05	0.7869660796086952	0.0008256884768761682	-0.0008256884768761682	draw2640	True
0.08453771023989601	0.0008069047082039875	0.0008740359952262523	0.11910984882492981	-0.11935664458217743	1.3605514800026817e-10	9.450310885079409e-09	0.007284418294251692	348.7621162476583	-348.7621162476583	draw2641	True
0.16938033892509285	0.12462779491790713	0.050522021291887445	1.7052043962451466	-1.723854965188528	7.476758578767763e-05	2.4234843412232085e-05	0.028763649874243062	6.938693155160202	-6.938693155160202	draw2642	True
0.20644340740719874	0.07210556492180127	0.8107728822299357	0.04611830727357163	-0.9569635113854307	0.000260545143206709	0.00018722524481114158	0.6872898315887052	2.003037117760068	-2.003037117760068	draw2644	True
0.132311972497137	0.06823704303286302	0.07892208747042417	0.5940477458568837	-0.6554537166557421	2.6349147720966923e-05	5.739091200558572e-05	0.1164760914495298	0.9834665147835947	-0.9834665147835947	draw2645	True
0.5203668370388977	0.020197533523102287	0.030997802387097293	0.06602637841516627	-0.05039417726131204	8.997657001174783e-06	0.0008672851754667633	0.3043305493565169	0.5798033734258475	-0.5798033734258475	draw2647	True
0.9051265345289798	0.0017747218420202375	2.990529479071098	0.02095311733119865	-3.0283482878971255	0.00048568006205783906	2.696381507169529e-05	0.7046340404562333	0.24583263727861385	-0.24583263727861385	draw2650	True
0.3622459314785348	0.024651148141465205	0.6077272239773228	0.38341327190450175	-0.638584094957941	0.00038517112804691385	0.000917840267919278	0.9381350403733242	1.8151875130155775	-1.8151875130155775	draw2651	True
0.0007585338604869492	5.950113685709513	54.87199887719449	0.3592675924186058	-55.22370848917069	0.00022741573678941162	3.7518501774168324e-08	0.7047957356378848	0.0005677573196580653	-0.0005677573196580653	draw2652	True
0.00028611833479023907	1.1276091752074869e-13	1.448999776394146	0.6981091904125734	-2.1471089666336356	1.011560060671438	0.2275804068592072	0.6659932633341392	7.387042966582725	-7.387042966582725	draw2654	True
0.49990775092507495	0.023655084380925093	0.9771477911314563	2.9569021392086876	-3.2569821151184897e-07	1.9183649347715366	0.13028717138772272	0.2206786430024212	8.581751183237134	-8.581751183237134	draw2655	True
0.006692061817581993	0.009958103406918007	0.0005044890584327052	0.2190188648098025	-0.21950433182960097	1.354014657025122e-12	2.8096978144989483e-11	0.002298105041747763	8109.680197192441	-8109.680197192441	draw2658	True
0.5492577287000636	0.010460402218936335	0.05730457544773668	0.017764336210184445	-0.06514894024308099	4.824660110633314e-06	0.0005409339159418078	0.6067753572214055	0.7286560573739405	-0.7286560573739405	draw2666	True
1.1260912103177216	0.19401877179227825	0.01643288045148854	0.01649703766572143	-0.033282253029911904	3.7137438446870435e-07	0.000274194716245048	0.44651617782303865	0.04847642197477125	-0.04847642197477125	draw2667	True
0.5279991614313848	0.17211531334361524	0.04443648585914931	0.23465610528351705	-0.24577814359525077	1.5068132855512968e-05	0.0001886647236458861	0.1572371028721048	0.8669205658963628	-0.8669205658963628	draw2668	True
0.01739084381479394	1.0262292338452061	5.619622976155901	0.01349572823951097	-5.341003824510813	0.00020544081878737643	3.244885775708801e-06	0.7062582233664364	0.04310357339912173	-0.04310357339912173	draw2670	True
0.0018862012483624115	4.329603591731638	7.074765336439526	0.07131435990842143	-7.141859069452311	1.7711955657282557e-05	1.75159937971705e-07	0.703551952261468	0.0003859771327533651	-0.0003859771327533651	draw2674	True
0.751948111134241	0.19568461124975908	0.8960265519927566	0.0029794791527473718	-0.6634660831330773	7.230644686675323e-06	4.488085820216063e-06	0.7059321240711965	0.009080582254995336	-0.009080582254995336	draw2677	True
0.16642400702465038	0.5118192914993497	1.342952436991051	0.10445888605199312	-1.4614101940812048	0.00024870957106425833	6.379588921496705e-05	0.6801594383009296	0.5856717186420515	-0.5856717186420515	draw2678	True
0.4056173638074403	5.6971958904725595	1.2529848395715637	0.3277857477839558	-0.8370961505303174	4.490710055205676e-05	1.8511030525092493e-05	0.8044584299886134	0.0042080095406058105	-0.0042080095406058105	draw2680	True
0.7715023642019693	0.0022298523310307072	0.4850907186911859	0.3785016940960592	-0.48707942997815135	4.019766679923267e-05	0.00016295851883402958	0.9766997497094105	0.2343873802310126	-0.2343873802310126	draw2681	True
0.0868608548713068	0.3001681503566932	0.11890710794440981	1.3280200891984353	-1.4491984325524032	3.190410932436213e-05	1.5136663727230338e-05	0.08190295630727883	0.27415998849343526	-0.27415998849343526	draw2682	True
0.14822897836937768	0.003239254960622341	0.006723261305367545	0.40934544027099135	-0.3992633781413581	1.252115949874581e-09	7.231045037424831e-09	0.016156907930364405	508.8926970148782	-508.8926970148782	draw2683	True
0.9528089037334647	0.05684235466653511	0.49813735280370086	0.019015641667810872	-0.6813355558929135	0.0003507740716262412	0.0006803553343949899	0.6937502540974269	1.2043518344814197	-1.2043518344814197	draw2686	True
0.007812934394675834	0.016738596005724166	0.0030775577655056704	0.7669163320724837	-0.7699932372694488	7.731241339432597e-10	1.303970405603769e-09	0.0039968280580899235	6870.783410082884	-6870.783410082884	draw2687	True
2.5509113488527486	0.277522706957251	0.5946018174076099	0.16298502287667777	-3.391941325980863e-06	0.09380343841524617	0.12167348213171182	0.6711629553572953	1.322716971872327	-1.322716971872327	draw2688	True
1.1970986367952214	0.2855735614347784	0.14385243895909333	0.007753770924800476	-0.06319195538193811	7.437798881884763e-06	0.0001896603237551198	0.7264124032275702	0.16439831790864962	-0.16439831790864962	draw2689	True
0.14796146438693278	0.07421957379106724	0.022818307267410968	0.18358092716662158	-0.20741638782470953	2.4721183650703004e-06	5.732937922678428e-05	0.10988473235638248	1.235346636997078	-1.235346636997078	draw2690	True
0.10984404885040236	0.006885486780597642	0.0011248272880113794	0.720217824972429	-0.7212315792097235	1.8266583263000689e-09	3.510532840736041e-09	0.0015593503544630751	7905.862676042617	-7905.862676042617	draw2691	True
0.3949463643197837	0.006140046984216327	0.509162803018114	0.10887815199661996	-0.5263897118889334	0.0003775961451108228	0.000900159787830715	0.7861448760735144	1.6999338402884867	-1.6999338402884867	draw2692	True
0.15898694533047886	0.10492532342852111	0.009538072765457291	0.4764340626561088	-0.48101886195581983	4.5920347941289783e-10	1.9436370553643627e-09	0.01962301028228765	28.34307409311403	-28.34307409311403	draw2693	True
0.012414765081566363	0.00043677797333363733	0.00033292440633784647	0.3279245065997584	-0.3282568378112221	1.2239155548551785e-10	1.1358523344050345e-09	0.001014216903302379	50545.99837113229	-50545.99837113229	draw2696	True
0.06574510960385763	0.01472882894244238	0.0006297301089255082	4.064846321996887	-4.044436655523553	1.178045101698123e-08	7.12753064109729e-10	0.0001548970140995335	599142.0180969783	-599142.0180969783	draw2697	True
0.03037062068562515	0.0009749322321748497	0.0029040984471333056	2.1281409013451733	-2.1310458091396596	4.268105696235289e-08	9.398295984587141e-09	0.001362756652549767	117540.4169980015	-117540.4169980015	draw2699	True
0.3473474617702094	0.0598486980127906	0.020245778561300186	0.01932889121633016	-0.04212732698642113	3.047185531421036e-06	0.0015420841983179371	0.4554462223458848	0.29597777052263147	-0.29597777052263147	draw2701	True
0.7278419248890874	0.04146614893591263	0.23859921112217647	0.02386962795414869	-0.30850225004519016	9.889533475843276e-05	0.0007860209702317154	0.6726637204761559	0.5743721431592005	-0.5743721431592005	draw2702	True
0.7734978829637849	0.003417081380215077	0.01794134534097531	0.6956677180691323	-1.2223984246109536e-06	0.012293093839325746	0.025612488778643215	0.0038297839280187454	201.9400114962677	201.9400114962677	draw2703	True
0.5852113048001157	0.31599310555888427	0.1005901415985387	0.011169062423977676	-0.11736882228183958	1.4944488398479468e-06	6.610121079341688e-05	0.6689899592056686	0.03272493588325883	-0.03272493588325883	draw2707	True
0.2608095590865667	0.011585349145433277	0.023294783566439367	0.15053310770838105	-0.174799937396125	4.3633675858741e-05	0.0014186040681852699	0.13281711590384274	10.08024759717159	-10.08024759717159	draw2708	True
0.5237111374320473	0.0005388882439526582	0.02226896346382054	0.03926920173387016	-0.06699127608957609	0.0002990946145428036	0.07196958452962032	0.3387361426087503	712.6506041878264	-712.6506041878264	draw2709	True
0.2814652415835466	0.05546132642445346	0.15094449170204705	0.4970312304239108	-0.6653568494709825	0.000287510049228015	0.0006495119959258558	0.22687291698330045	11.213706277387647	-11.213706277387647	draw2710	True
0.5166205420022487	0.06669609268975137	0.02920084217676696	0.07764931681293846	-0.09978184235834647	6.2736884480853e-06	0.0005113186756013914	0.263620373407945	0.8203335072333143	-0.8203335072333143	draw2712	True
3.7809529294681e-05	2.234161900258336e-11	0.005245760625987523	5.27991990927348	-5.285162847550418	0.027697181165588877	0.0009935308600644657	1.0804211620453153e-07	15106.70172070037	-15106.70172070037	draw2713	True
0.2409691894656416	0.02857052817935841	0.004884126337777371	0.14619360923249683	-0.15099233356347563	1.1207440444663558e-06	4.905145350319624e-05	0.032311648074953084	1.74413499058673	-1.74413499058673	draw2716	True
1.5449725848197766	0.27594295236022354	1.7116330112012585	0.024416505984424335	-2.4298841743412583	0.00018716712466891212	3.149077205412443e-05	0.7020814905449762	0.10991903770801609	-0.10991903770801609	draw2717	True
0.2467805647240404	0.0934317976019596	0.4686608971355572	0.24533299787437854	-0.8475534433712534	0.0001463217480173441	0.00020059735312431977	0.5487403020813483	2.3567139279770126	-2.3567139279770126	draw2721	True
0.7085577588723487	0.6266114997276513	1.1575139686478406	0.11634314411596665	-0.9256521906213941	0.0001270179615474704	5.240284309265667e-05	0.7434830911230372	0.3143238208821422	-0.3143238208821422	draw2722	True
0.01451476958364794	0.15144293059735206	0.026919234215658106	0.35997739492184616	-0.3870259327341673	6.506092085663617e-07	4.3254666236796305e-06	0.06940952621779768	0.11396045987266085	-0.11396045987266085	draw2723	True
0.014312026522031668	0.7566742904009683	3.074342551269675	0.025764709015720425	-2.929656875949588	3.7556526602987485e-05	1.9702045801581697e-06	0.704150040006617	0.026645913406929574	-0.026645913406929574	draw2724	True
0.08777057698985091	2.406618917940149	3.2872720779064473	0.25131517135815457	-2.8588570301573606	0.00018265878952143652	9.122361143369092e-06	0.7346305655705929	0.025204062324067533	-0.025204062324067533	draw2725	True
0.18059209522081196	0.8925886037491879	5.453050343520777	0.04422858955070485	-4.827938808034513	0.0019278978486348003	3.268115010783229e-05	0.7099800792695408	0.1355946211398897	-0.1355946211398897	draw2726	True
0.6789860265129094	0.0850910904680906	0.20455746626738733	0.025561653950291252	-0.020740313208263084	1.7850294488981154e-05	0.0001882972206212153	0.6643769984736456	0.1448004632111908	-0.1448004632111908	draw2727	True
0.11473062526058915	0.03185635997041085	0.0009617251886339347	0.05599631997953543	-0.05694903041209239	2.3436158793579616e-11	7.221916826849663e-09	0.016882393396179963	14.88564834004713	-14.88564834004713	draw2728	True
0.13138558472761616	0.06534676138438385	0.08068702778848785	0.08246819051619117	-0.18086572759767308	4.081633538342635e-06	0.00012320045982689513	0.4432950317751583	0.22363809688268982	-0.22363809688268982	draw2732	True
1.7470572437506307	0.12816297010936953	0.222049052021662	0.1744478932584558	-1.150063865942852e-05	0.02796347675064323	0.15686227876681613	0.5082652275246774	4.974032370068683	-4.974032370068683	draw2734	True
0.29325658650799913	0.2747995751440009	0.023282746366210846	0.05287270901902908	-0.07614364655483234	2.0818149697409274e-06	0.00032827212423528645	0.2923680397393077	0.20502943948624175	-0.20502943948624175	draw2735	True
0.15850556173318567	2.0745380415868144	1.3350146786089314	0.0021799152268363	-1.2474862604407375	7.253507737622933e-05	2.0382381689484627e-05	0.7076841462064019	0.02028735622134485	-0.02028735622134485	draw2736	True
0.011896973838486384	0.5551333651625135	0.917713809977075	0.0022370218755644127	-0.8296689866169445	1.865860696909551e-05	1.110435352164246e-05	0.7079690927647413	0.06282100385991637	-0.06282100385991637	draw2737	True
1.0432778165504188	0.4109542836595812	0.3724451666062333	0.06692170341236268	-0.30826515415532163	0.0001899187753482867	0.0008183992390500944	0.7731449128533531	0.5171153250921382	-0.5171153250921382	draw2738	True
0.0759149846826996	0.06689916591930041	0.004116529346466077	0.9884248011822497	-0.9884446695125476	3.97258308436592e-09	4.032443749664435e-09	0.004147428238401864	3732.9522590703214	-3732.9522590703214	draw2739	True
0.22607565348744504	0.002053642059554966	0.0016028157463223714	3.5732505517716913	-3.5148194429979682	6.051399646025721e-08	4.735210452861534e-09	0.00044835841521687547	111829.78019383783	-111829.78019383783	draw2742	True
0.5263718608062914	0.011860165024708654	8.073991117568069	0.026417434533785242	-8.686645249895278	0.0027230258667453717	2.0817298940357017e-05	0.7059510251818131	0.45166747761761894	-0.45166747761761894	draw2743	True
0.1754152550166092	1.7501285316733908	3.6565073091282874	0.031003983266393163	-3.0999233429441624	6.331707782344851e-09	2.347878387226769e-10	0.7041153390473388	0.23370837678594616	-0.23370837678594616	draw2745	True
0.18636472505765123	0.6006819284953487	0.1381286159407301	0.06151828774777876	-0.16185482616331803	2.0873616169924907e-06	3.541598709235864e-05	0.5689636070356034	0.008340029763548355	-0.008340029763548355	draw2747	True
0.00016874046466464692	1.2899353087503419e-11	4.636588331263033e-09	12.959937968419117	-12.959937977367806	2.7976098458897116e-08	1.6656406029976747e-10	3.166027578375193e-10			draw2749	True
3.111200686773208	0.1118797071167925	0.49488199160479085	0.10678987300032959	-0.5562799371719536	1.599721705268385e-05	2.6358153512376355e-05	0.6352386627241949	0.022141275209549036	-0.022141275209549036	draw2750	True
0.25676020424378654	0.32941658139521346	0.044717425080448625	0.19210974646024676	-0.23914113162437628	4.393491189978703e-06	7.563671292377135e-05	0.18554027525122263	0.2060739116422399	-0.2060739116422399	draw2751	True
2.5219357525847728	0.014557496195227044	0.2947255387043581	8.877155920201123	-1.569044756927207e-06	2.2521569190943787	0.027607240904491088	0.017402617904916828	4852.700287877164	-4852.700287877164	draw2752	True
0.6562254699973884	0.021088800525611556	0.008145381507668753	0.07295770932087106	-0.07108628634181752	1.6697935951353895e-09	2.5132132320038156e-07	0.09992972756122193	4.922005475375177	-4.922005475375177	draw2754	True
0.9403694293011245	2.3465299025088755	2.074320968048236	0.5030339991992191	-1.3996812607569387	0.00011307472836766055	1.6698006358931192e-05	0.7971232780835513	0.01596059382633454	-0.01596059382633454	draw2755	True
0.42414498334419964	0.00016632493780036777	7.440931824507308	0.0004467027292188887	-7.451631024941872	0.00018819510591314476	1.6996116880259497e-06	0.7071279726784631	0.0804384003789293	-0.0804384003789293	draw2756	True
0.08826676297898112	0.8242228540910188	8.332764605569265	0.043701714506754	-6.68296623527152	0.006327363874166963	4.532494192337776e-05	0.7052552631326172	1.0182217358056502	-1.0182217358056502	draw2757	True
0.6683834165356184	0.01361624000038159	0.08515632562533282	0.20508540238192982	-0.12529155934649988	2.3667541048643353e-05	0.00025868476859297975	0.28153059896232363	1.711314186060755	-1.711314186060755	draw2759	True
0.18386662049379726	0.009961779713202761	0.02679064660970367	0.18259699813089347	-0.21073506792407276	5.222598624186159e-05	0.0011720293519371517	0.12690855335871903	90.65853682200427	-90.65853682200427	draw2760	True
1.8027788031015002	0.05400341537849969	0.1461156372874048	0.4473508440189486	-6.068022046362698e-07	0.06002404233136826	0.21300712873298283	0.17842740013549505	9.681555041196225	-9.681555041196225	draw2761	True
0.005237650154424617	0.26930559283857536	0.046575188732182984	0.07182353418586794	-0.11850748700488623	5.795194747603109e-08	3.5800418061504134e-06	0.36607043469819206	0.0033982219989992612	-0.0033982219989992612	draw2762	True
0.15974942948281234	0.056008226902187666	0.012178924589595023	0.17171104748111116	-0.1832631937538184	1.7071994044340352e-06	5.026519599776101e-05	0.06608461757499615	1.309669222381431	-1.309669222381431	draw2763	True
0.3907669927227157	0.6677092639072842	0.09185146813156835	0.03912141786285703	-0.1386700491890045	1.5192902930221459e-10	5.936910198497479e-09	0.5741772235222921	0.07143916728250022	-0.07143916728250022	draw2764	True
0.44405139473947586	0.47001612097952417	1.3437868443550869	0.19330320048489832	-1.7787171278192553	0.00016956980883168528	4.0679745712456006e-05	0.6581808376100587	0.17116244441063777	-0.17116244441063777	draw2766	True
0.394024616027415	1.082921407662585	0.3040531047424068	0.020758231199113727	-0.20197751799181668	2.0362606253044063e-05	0.0001179044276155892	0.7316406302064301	0.02397178389772293	-0.02397178389772293	draw2767	True
0.3245745223107464	0.19117703748825363	0.20410583095082502	0.33930760141370625	-0.5045542973915174	6.197587851493955e-05	0.00018392799876339633	0.351615439532337	0.5691367963983188	-0.5691367963983188	draw2768	True
0.9237382839793493	0.25386899313065053	0.13743766614362254	0.00976662071662981	-0.18532141776281005	4.888369064737188e-06	0.00012052728119559343	0.682443111800343	0.0370724204848547	-0.0370724204848547	draw2771	True
0.008307669455313393	2.067319392744687	13.834411541023986	0.053953347253379566	-13.763405090644802	0.00023818409410850951	6.198229627811581e-07	0.7057292919161056	0.006362978347791578	-0.006362978347791578	draw2772	True
0.5526830978536363	0.010783202580363645	0.02505628973506325	0.6502202688326271	-0.10565051801843714	1.4025155198918448e-09	3.0714737289635748e-09	0.037079709846163995	69.70415845758632	-69.70415845758632	draw2774	True
0.1970172934398649	0.005100897824135103	0.007491257021420644	0.39861350802147927	-0.4030186958918467	4.812677132452094e-08	2.917177133862271e-07	0.0184434742721945	331.3660814434491	-331.3660814434491	draw2776	True
0.0018049028721705087	0.9969495076408295	18.063594851795184	1.745795934442522	-19.79320566012272	4.668158562177208e-05	6.49523214349396e-08	0.673796457277997	0.0016775122036142836	-0.0016775122036142836	draw2777	True
0.2919330334644051	0.0370310113735949	0.0021854575174409183	0.11596136380569151	-0.11816283055946217	1.629482787261748e-10	1.1669630832158955e-08	0.018494646669280867	48.314036201073634	-48.314036201073634	draw2778	True
0.04817379148937171	1.4433021179006285	1.7342433508372928	0.11738787094216792	-1.4240818257306225	5.888794835191244e-10	1.0474885878656621e-10	0.7314278734343224	0.05255971787300467	-0.05255971787300467	draw2780	True
0.7979591136622282	0.8925622208977719	0.5652482517659151	0.02066812419632359	-0.5337306592708042	3.421594804338305e-06	5.553877924685882e-06	0.720150230074417	0.01573507506937657	-0.01573507506937657	draw2781	True
0.44979283451763674	0.19341800650636326	0.08011426516275656	0.08127825505520445	-0.17336555488103433	9.259172357226928e-06	0.00028519750483199413	0.44462774398931876	0.14905433043691388	-0.14905433043691388	draw2785	True
0.2857060064160175	0.027982755620982545	0.011142491842656163	0.36812370603359146	-0.37942409224866713	4.142366358172967e-06	2.877302692527582e-05	0.029366395236431028	12.257680359302453	-12.257680359302453	draw2786	True
0.02730296519108806	0.16315572874991197	0.11170415686331245	0.7793685374553977	-0.891682700103828	1.0480252850932301e-05	1.2994921341597194e-05	0.12438564989955322	0.44019573167340303	-0.44019573167340303	draw2787	True
0.3829580958042415	0.00015371426775847837	0.03636628621898802	0.022542317397060904	-0.03648352130111623	3.420923369596539e-06	0.0022601012191772506	0.9347405088963984	0.2081053460800872	-0.2081053460800872	draw2791	True
0.033996434725273854	0.09640991887972614	0.07791372408577195	8.678629242965792	-8.689331406335715	4.407340402855019e-08	5.747471766450611e-10	0.008897419942934689	7584.846934758722	-7584.846934758722	draw2792	True
1.0846874263392432	0.34822424983075695	1.6402287569114964	0.06363493571354492	-1.0789561314025167	0.0027327440484723503	0.0005279574665632066	0.720948687227484	4.329834029132464	-4.329834029132464	draw2793	True
1.4053500996378379	0.00840190089216196	0.039899738199411026	1.6190791668186613	-2.852120940810554e-07	0.053631433261710035	0.019896209850828166	0.013957603136760982	438.03684025934837	-438.03684025934837	draw2795	True
0.797273278477067	0.029024009589933016	0.11415709358398983	0.052252818637976144	-0.16500904545095757	2.5782436935123893e-05	0.0006331021987514197	0.565688887154882	0.6293572515756047	-0.6293572515756047	draw2797	True
0.006222726154808878	1.798921438275191	34.37219096254648	0.49344474880956996	-34.63993745339659	0.003134328856607378	1.3075720971815982e-06	0.7020495377014246	0.06094288547947714	-0.06094288547947714	draw2798	True
0.030546832388547676	1.7592336123514525	10.01218203150154	0.255522363048862	-9.362913434568133	0.0009520330011772753	4.87132381106393e-06	0.7161866726642568	0.12344142190448842	-0.12344142190448842	draw2800	True
0.5751230542762352	0.0845473057817647	0.24760969023896326	0.5653286034698879	-0.8057421628181778	0.00019056166686703252	0.00026387043692936707	0.2913701587205785	3.511063325576306	-3.511063325576306	draw2802	True
0.6144123853430398	0.7307735608269602	0.3315982548429872	0.025824913188088064	-0.22914523914809634	2.0558845283034155e-06	1.010487410175241e-05	0.7351540100953781	0.010647641719366113	-0.010647641719366113	draw2803	True
0.3483362349965312	0.18468355121946875	0.4681083015786863	0.5027972500897729	-1.077984121193856	0.00016348932688933128	0.00014072279418359595	0.43429401721135735	1.4860270585671933	-1.4860270585671933	draw2804	True
0.22705192695503107	3.5242774968958396e-05	0.6661940909377145	0.49617734253923046	-0.6668257180828632	0.0003488000294495447	0.0007378570169550019	0.9689438664513086	2.158491080799208	-2.158491080799208	draw2805	True
0.42957141132466364	0.024161482766336336	0.18882605360261218	0.007382438269465214	-0.22491451397887938	2.4459495365055105e-05	0.0003298534516900693	0.6934236687382118	1.6472753829479347	-1.6472753829479347	draw2806	True
0.36721866887505067	0.021749208109949333	0.008598666701994861	0.29065732778595965	-0.28748352702937024	1.5636455227923662e-06	1.7445932271177635e-05	0.02872162272798706	13.914348175594467	-13.914348175594467	draw2812	True
0.16252056296789402	3.863700105977025e-06	7.317176473964638	0.027748098344335895	-7.320771326221404	0.021943669778968767	0.00020415250630658905	0.7057749642789735	22.140990110935665	-22.140990110935665	draw2813	True
0.222097616571615	0.00041901823238500545	1.166790599511279	0.9874736863712641	-1.1687821964107097	0.0013521482033826359	0.0009702868565064524	0.9883956902610133	2.8052474700104573	-2.8052474700104573	draw2815	True
2.5570482095571037	0.1287075862528965	0.24413925837208073	0.0037405718293658827	-0.22149836010941445	0.00043373077228625915	0.0036877775311486114	0.7118803183804479	5.640184081594565	-5.640184081594565	draw2817	True
0.004328503419733333	0.7116187403032667	4.650388262326208	2.2764877550286267	-6.901369321968135	1.335357108704508e-05	1.9184036819374493e-07	0.5573917060473965	0.006218402870021912	-0.006218402870021912	draw2822	True
1.5521026274603757	0.10941115550962431	0.35432904412882815	0.09006113884121712	-0.43315127508235146	2.1846216134717322e-05	6.762870897934886e-05	0.6234249605489511	0.05844803579297688	-0.05844803579297688	draw2824	True
0.06796126692319507	2.255485508846805	23.766385540641654	0.8023267981931389	-21.884171898315337	0.013966226024634258	1.2787370079762565e-05	0.7191412850803123	0.21281738388615537	-0.21281738388615537	draw2825	True
0.08039399204045683	0.05536831847754318	0.10173929732644761	0.44896468489046903	-0.516042533952927	1.5999536428112573e-05	5.1014740385719906e-05	0.18166985015355472	0.32499163552045335	-0.32499163552045335	draw2829	True
0.423389313333072	0.7691907380969281	1.1748007918390244	0.034374276569422095	-1.0999443590173856	0.00038207228980260526	0.00013442563842337732	0.6968390976557206	0.500478935352856	-0.500478935352856	draw2830	True
0.25836775422783426	0.19621363228516572	0.3828718407220107	0.34501898764333444	-0.8224300561661197	0.0001748300832660518	0.0002584654702086338	0.46552880375592726	1.1714025039637812	-1.1714025039637812	draw2831	True
1.1044863122503625	0.3246507902796373	0.11157459727872784	0.02639010953031772	-0.16505629654831933	3.260363324702742e-11	1.035589894824242e-09	0.6288198334448019	0.245390783433312	-0.245390783433312	draw2833	True
0.4726574896146741	2.164722456355326	0.38001601511276323	0.07152186822419401	-0.24945554815257132	0.002729815994024153	0.011382551727921937	0.775954824409157	0.005682000134523279	-0.005682000134523279	draw2835	True
0.15485728449806943	0.11460247045493056	0.14513737616631467	0.36016059835149816	-0.5168645779636964	6.195378424064705e-05	0.00022415283420323462	0.27606880360982133	1.593472731843089	-1.593472731843089	draw2838	True
0.14814661719361005	0.037449715812389955	0.03390178807229295	0.2906032628363588	-0.32303300870267987	1.3684993852807623e-05	0.00012855452274012952	0.10390672404899774	4.475866285899549	-4.475866285899549	draw2839	True
0.23620417906568017	0.0634407379033198	0.04850304216587507	2.4587925365350114	-2.50775264997232	7.860604775634953e-09	1.2499205255242815e-09	0.019341145780010307	929.9792994798368	-929.9792994798368	draw2840	True
0.5674901590099937	0.053380905210006414	0.010320158062943629	0.07359876774031845	-0.08233190739396475	8.62335384272269e-07	0.00012062506221003627	0.12205815804741578	0.5931438751221926	-0.5931438751221926	draw2841	True
0.013337573889973423	0.00800492328082658	0.014945617329415422	0.35012153505294713	-0.3649384395112955	8.640973955688984e-08	6.472765866185862e-07	0.04090510004020025	1.064799351787233	-1.064799351787233	draw2843	True
1.097248754443543	0.17703509099645723	0.25126429215964613	0.4264196786714785	-0.6136263007417807	0.00022101144236925317	0.00042307847967528134	0.3476430724940711	1.2186397485571396	-1.2186397485571396	draw2845	True
0.17071136541747034	8.253358614692528	0.9329589561634002	0.21293090206962412	-0.6970418539802321	1.8978741765142776e-09	1.3665049033826349e-09	0.7916522070070532	0.000722325583241442	-0.000722325583241442	draw2846	True
0.448962071683385	0.846340008696615	0.266919771367745	0.026340442714984848	-0.1486214603150422	1.2435575432301708e-05	9.63067887644931e-05	0.7428074492988355	0.025994174587183443	-0.025994174587183443	draw2847	True
0.5631819244288628	0.006209444239137146	0.02658373147123768	0.4404265780475037	-0.1879386441359686	6.939181463923007e-05	0.00031714014072500694	0.056830396253694286	87.31846812258435	-87.31846812258435	draw2848	True
0.6058648299686962	0.009800934969303732	0.15207803709930848	0.14680831125085292	-0.2245737563235346	1.5777829238166338e-08	1.402962826332839e-07	0.4534881621011748	111.95891118718357	-111.95891118718357	draw2849	True
0.3000012047523129	0.0005054955136871409	0.024057193778211312	0.6758890300542596	-0.02910799233940763	4.046829102593071e-05	8.250357307472784e-05	0.034349677321213905	4.129205987896316	-4.129205987896316	draw2851	True
0.07218320923192605	0.963907011358074	0.06147478121621516	0.000513785961921673	-0.0435933898119386	1.0305528965180584e-07	1.3521244929526554e-05	0.7041581134388302	0.002798594109948746	-0.002798594109948746	draw2853	True
0.03228425663772607	0.003452566322573933	6.719440279927762e-05	0.580579453703154	-0.5806396469235667	1.1805691898885524e-09	3.5016085380492306e-09	0.00011572339658224835	175958.56613676815	-175958.56613676815	draw2854	True
1.1207608932991402	0.20662936864085985	0.949091653551395	0.16372370061528244	-0.2846133939533799	0.0003263494982615425	0.0002150462192528559	0.7704289231073926	0.8722561580224716	-0.8722561580224716	draw2856	True
0.32094270009593273	0.0040922262940672905	0.03172467241629423	0.030626043212902063	-0.03467394470856172	3.2358237755631524e-06	0.000661174681546721	0.45348450892390046	0.46981638383107577	-0.46981638383107577	draw2860	True
0.9763085439752597	0.0010251218197403576	0.0024116916702468794	0.0059305393655375675	-0.00886966396053721	1.7725555460573057e-06	0.023587924780288646	0.2772815353837375	42.46302306025371	-42.46302306025371	draw2862	True
0.2817213651087164	0.5724960890082836	0.14681798390265974	0.009573477461659317	-0.023829534641493955	2.565948607761752e-06	6.352682023307119e-05	0.7305229046501678	0.01971150497347346	-0.01971150497347346	draw2863	True
0.14294314451073462	0.14045451751926538	0.022405218875424595	1.7490718751745644	-1.6323061966780004	3.934917475271921e-09	1.2537041966684532e-09	0.012646749500705748	2283.357775977976	-2283.357775977976	draw2864	True
0.6220003449151023	2.1455158883648977	3.6059676463085726	0.6703215966553946	-1.8881214271741182	0.0022231457024049594	0.00010282333928810698	0.7755034117767328	0.13894799482874057	-0.13894799482874057	draw2865	True
0.8449031148653875	0.0021222688856125673	1.0034089476786785	0.05689781687418092	-1.0292832092162396	0.00015477192620364606	7.26260682864123e-05	0.6873503225431762	0.31948882750846835	-0.31948882750846835	draw2867	True
0.8427601185249455	0.10130390174805443	0.0046531444201822455	0.004182891206376161	-0.009796784103620294	5.632262233079495e-08	0.0005647675657029939	0.46595043595898417	0.04594929803620978	-0.04594929803620978	draw2872	True
0.2232327104644242	0.02655600691557579	0.23092652746948658	0.3414344474754584	-0.38467328326239764	0.0003093530043752952	0.0008121149538161211	0.37415756430738456	2.7256627635377284	-2.7256627635377284	draw2874	True
1.0090391758602608	0.17955705887973925	0.23592031479993136	0.2491430004618588	-1.4309804058365572e-07	0.04873689535185046	0.213088244216204	0.45536735000797846	0.6209584738219246	-0.6209584738219246	draw2876	True
1.4825829730789704	0.15978645020102947	0.11374667689109368	0.16226885026401483	-0.1886297001472747	2.6906760872473723e-05	0.0003019064904257418	0.38101679219020346	0.25684103031316263	-0.25684103031316263	draw2877	True
1.3192738214868036	0.19157555224319653	0.12517002631378663	0.0875254632576542	-2.48322781878918e-07	0.009720972406998265	0.20641601048184613	0.5504433469859943	0.7581032826828401	-0.7581032826828401	draw2878	True
0.6762404810841657	0.4333835050858342	4.067226922854899	0.11191848391879053	-3.8767766507300556	0.002143890077926716	6.660772227351149e-05	0.7169014140299729	0.6734910154219138	-0.6734910154219138	draw2880	True
0.06086645846366756	1.0746671667263323	0.25186613032912697	3.130829055230691	-3.380469103975315	0.00010028820831039964	8.716118283351627e-06	0.07425169774627878	0.17132890842331555	-0.17132890842331555	draw2881	True
0.1721481945162621	0.10281295301673792	0.1932956984007723	5.6452873844365605	-5.087256976999263	0.0018236816081492536	5.343900734875822e-05	0.033088441025133544	34.81546174133363	-34.81546174133363	draw2884	True
1.0548945568430976	0.026338244166902523	0.09714170916507081	0.0014780408786657557	-0.13179360968466114	8.349873603937966e-07	4.3574344696436555e-05	0.7017480611795399	0.040535039789362896	-0.040535039789362896	draw2891	True
0.10903611042512237	0.027547746181877643	0.015523473570793044	0.4758439901590313	-0.4881404437698753	4.2332870816619804e-10	1.7515868859755783e-09	0.03157663801267222	223.5901612221213	-223.5901612221213	draw2892	True
0.2287763494488407	0.5847249761491593	1.833662089465563	0.025751048300853188	-1.2224098059052773	0.00034665896048283976	5.0831762215329605e-05	0.7021593338924577	0.3037293562165057	-0.3037293562165057	draw2893	True
0.21347503634832735	0.34405684140567266	0.18282181815820028	0.05038896369228857	-0.22516592784673922	1.5875412617689775e-06	1.8079052886195522e-05	0.6169548039502467	0.04096700890364118	-0.04096700890364118	draw2895	True
0.6803470567494738	1.5218963030505264	0.2531646107295605	0.010424635863858	-0.21541732870113897	5.74165000635624e-06	4.6674378829981545e-05	0.7218116906425577	0.012847753118863778	-0.012847753118863778	draw2896	True
0.18922179353078872	0.03444299807621127	0.011859782327888651	0.1067157773717428	-0.08966115653945497	3.626920031130412e-06	0.0002554023977099329	0.09952193173632662	1.9317335664762267	-1.9317335664762267	draw2897	True
0.28239274833114475	0.16103332074085527	0.020788388696949846	0.17397873688690588	-0.19583097282368778	2.8827809296765234e-06	7.513818984717021e-05	0.10613173520986623	0.7855533577341072	-0.7855533577341072	draw2898	True
0.5115315813413498	0.007527223839650222	0.12504720757723192	0.35985061904526655	-0.15909543996203812	7.944315711077226e-05	0.00031680632153869523	0.24971368426334048	2.168339521093013	-2.168339521093013	draw2900	True
0.22844342060837794	0.08848645250962212	0.0042645533515636835	0.4733498967864136	-0.47160871654219166	3.4850003187212817e-10	1.5276127771500497e-09	0.00892850573966022	1953.5141878690238	-1953.5141878690238	draw2902	True
0.1980991260219428	0.3263921522670572	0.06266938270843082	0.16819523038856216	-0.22900770920695523	4.5331421709368194e-06	7.921484297391656e-05	0.26197449467325234	0.1554396423262977	-0.1554396423262977	draw2903	True
0.0975898055520817	0.049525718045918314	0.01983873038268124	0.4449604105793258	-0.46524498467136594	1.077969638375553e-05	4.9806434358130264e-05	0.042643519480803416	2.86924666708525	-2.86924666708525	draw2904	True
0.24204689560992282	0.22959118247107715	0.007578334250091947	0.5370307995796884	-0.539562216143484	6.409478823738893e-10	2.1605722324784324e-09	0.013913833210654248	197.58505031837058	-197.58505031837058	draw2905	True
0.030360586835313584	0.19915542039468642	0.18262044495589855	0.8837441773336079	-1.070172751494904	2.7009589142586134e-05	2.3075578461432883e-05	0.16879776895470974	0.6039602066202971	-0.6039602066202971	draw2909	True
0.40631999206884223	0.01868314698515776	1.1199651793893322	0.3963046403049632	-1.3619437705117956	0.0006817230322916862	0.00019185118308519418	0.5941317523784269	2.575888642884659	-2.575888642884659	draw2911	True
2.5078736615732633	0.0850335650667364	0.3295492177830552	0.3121397862177484	-2.802213831254452e-07	0.09928754663305238	0.292558368017535	0.5063175721166061	5.228649831471689	-5.228649831471689	draw2913	True
0.8770453293419426	0.1200897430430575	0.00878526368501361	0.11540713084823577	-0.09073149200115038	1.3343967129205946e-06	8.608494630096636e-05	0.07056276728028914	0.6068673135556808	-0.6068673135556808	draw2916	True
0.33277065015388063	0.3415234406291193	0.6923310741616592	0.12744189692033445	-0.8734625718205049	0.0001996046136055344	0.00017336578005050873	0.6452235598193811	0.9062488034179569	-0.9062488034179569	draw2918	True
0.03920893150626227	0.9646930261037376	8.17306938749055	0.28649553416649126	-7.2454452302774435	0.0032864479460278143	2.5476910475061963e-05	0.7196066818369079	0.35706480003340985	-0.35706480003340985	draw2919	True
2.500243161987171	0.0386957592928293	0.163296352277336	3.249496923757318	-2.6203789094125796e-06	0.46156461361825757	0.041518987329132964	0.025999823631957707	402.9814702217214	-402.9814702217214	draw2920	True
0.5944838939446714	0.5295122091753288	0.10641244271236298	0.015647267198662138	-0.11801010263070634	1.449113505235439e-06	5.526289338137331e-05	0.6571401756658692	0.004318943549170209	-0.004318943549170209	draw2921	True
0.8885577766296257	0.03337748352237432	0.03010159845101932	0.5556110460772218	-0.12670405239089472	1.5173903065312957e-09	4.411461940540517e-09	0.05132538005500096	9.597209717096039	-9.597209717096039	draw2922	True
0.03437200771276332	0.49624247706123664	0.3330540839818615	3.9741381535419515	-4.3126628219550875	7.36756759318166e-05	3.947722610520494e-06	0.07709496451507954	0.5015726549870606	-0.5015726549870606	draw2923	True
1.0608037410740738	0.06282906720592617	0.6403648517528634	0.8085537534724114	-1.1528886900702418e-06	0.4505948807679925	0.24022162445576545	0.4132349637834519	20.8143557473618	-20.8143557473618	draw2924	True
0.8778612849985518	0.12094577129844825	0.09718102172583479	1.5527462020794793	-0.8534465130604036	0.00018892722860194768	6.916095095300887e-05	0.05879824484261629	4.854584705440396	-4.854584705440396	draw2925	True
0.6474188624955372	4.179301684844463	4.4207511238295805	0.44115953405188063	-3.6571608848255175	0.001021384906998123	2.8868835941127255e-05	0.7432175974270376	0.032790583396019736	-0.032790583396019736	draw2927	True
0.23332990529794956	0.02444953660005046	0.0023223178007081044	0.3727245165788162	-0.17022465171050896	9.130408257230067e-12	6.490864161171864e-11	0.006191955417152285	1006.1545853685049	-1006.1545853685049	draw2929	True
0.7414655783903241	0.2028260531246759	2.076930536506017	0.90283104973835	-1.9860094939575121	0.008339407637711337	0.0006321287729848456	0.5718168791634471	4.5621752138766345	-4.5621752138766345	draw2930	True
1.0167147725030707	0.0029803844169291743	0.18914750984830053	0.05708397629892112	-0.1954528312775793	5.52831517787088e-05	0.0005734384764180912	0.609182647794237	0.4529831121111085	-0.4529831121111085	draw2933	True
0.38280624404955027	2.14000802268045	2.1304457298739536	0.027139473189633306	-2.1096123050910243	0.00020918077630367672	2.27519479887764e-05	0.7026173721255389	0.019776812718729258	-0.019776812718729258	draw2934	True
0.024976947739746208	0.01356712248635379	0.005627436473482486	0.7521112177267183	-0.7577557644237427	5.399726530024902e-11	9.403920041990733e-11	0.00742641444657354	6255.095261473367	-6255.095261473367	draw2935	True
0.22674865708942754	0.07535278789857246	0.05306539650943323	0.4200926307956689	-0.4605931442862755	4.229064358174205e-05	0.00018655357056375236	0.11145266265530478	3.58668034388737	-3.58668034388737	draw2937	True
1.2831931136314383	0.01454981825856179	0.03252416756598209	0.9113850938624517	-0.4029879547086643	0.00011535760791166922	0.00012932147613377396	0.03443620925558843	42.877709965527224	-42.877709965527224	draw2938	True
0.5271354155066101	4.4055217389825634e-05	0.7611912953209722	0.03638403575641403	-0.7614303491126998	2.8207083950967654e-05	2.320542124789317e-05	0.6904137721696022	0.08910640212337301	-0.08910640212337301	draw2939	True
0.6890746773832493	2.259499354386751	0.3813976492333782	0.004527162865240249	-0.2497605582678074	8.817619939813336e-07	3.0670459174854634e-06	0.7113158122816824	0.0005864846976799017	-0.0005864846976799017	draw2940	True
0.3589966273008886	1.1473674396691114	1.1180028330655172	0.13053030978455335	-0.3510577562250977	0.00016515399293099767	7.422542969289662e-05	0.7495053277573932	0.17396107092018098	-0.17396107092018098	draw2943	True
0.3001445443485205	1.6097150812914796	2.352386153774107	0.1817356940305126	-1.6984814956213667	0.000534257097342518	5.2145818380866055e-05	0.7349253159016731	0.1055208476760982	-0.1055208476760982	draw2946	True
0.22430320336936352	0.8532169065006365	0.5491040777003021	0.026532589872050483	-0.3661482225649431	4.345564701947783e-05	6.866411689425772e-05	0.6902342043923673	0.0789580209283333	-0.0789580209283333	draw2948	True
1.506600967596878	0.023955442823122154	0.8946299432937652	8.658903842775052	-1.218547703563111e-05	6.221231999040133	0.07288628712318708	0.0639228574826241	1412.7732636997846	-1412.7732636997846	draw2949	True
0.14855902568390464	0.08753065069709534	0.007572488650878006	1.078267118019288	-1.0164785598959838	7.629247939872458e-09	6.470372004189035e-09	0.0069736860500990505	3038.209347974957	-3038.209347974957	draw2951	True
0.4774503436902908	1.423348055069709	1.4348213672831822	0.11064885783046473	-0.7763511458360752	0.0004318161420024334	0.00011327375870137833	0.7348742882582202	0.14101562898172423	-0.14101562898172423	draw2953	True
0.15634180591429966	0.007315923883700324	0.35818594387935054	1.410762400490003	-1.2447447728103356e-07	0.28615493026410105	0.09372935244730815	0.18311970774778136	6.446196296166238	-6.446196296166238	draw2954	True
0.8603271402594709	0.011845559114529112	0.013264216531870945	0.10410776433751075	-0.02577308261756353	1.9700633063478642e-06	0.00014120173157277868	0.11229519758580235	0.5391444800970369	-0.5391444800970369	draw2955	True
0.5651662309431853	0.07938974664481464	0.252354505106903	0.19622933482480454	-0.4928210846809431	6.829576701720666e-06	2.5780718318206847e-05	0.49029975388230895	1.4628633140794078	-1.4628633140794078	draw2958	True
0.10370800762438748	4.266509706545612	13.282105738401103	1.5131452564958536	-11.28154776846606	0.0037505181753553097	1.1909326988705138e-05	0.7484536416693467	0.04796787294991334	-0.04796787294991334	draw2959	True
0.36369269984967245	0.0056081015973275545	0.006030846098009656	0.15033531128959546	-0.15649345566373812	1.118811796325065e-05	0.00045690771879834945	0.03853749648611792	148.81396861346178	-148.81396861346178	draw2961	True
0.6545511097875638	0.037768655147436235	1.081659731485616	0.29040145514986265	-1.4676414262359456	0.0005037847682909603	0.00016503795832455525	0.6190989353333375	1.1860320645206004	-1.1860320645206004	draw2963	True
0.8936005473468053	3.910542919481265e-05	0.31553588952635253	0.001926311373836291	-0.3157219532249834	1.6310867357300223e-06	8.241396490062575e-06	0.7092684473982088	0.02508240548374655	-0.02508240548374655	draw2964	True
0.36546360695626895	0.00045443926273102547	0.4786349270971997	0.6168029874792684	-0.47808534757691684	0.0002217513199305343	0.000893503648124944	0.9607699932219395	1.5865043662642164	-1.5865043662642164	draw2966	True
0.16954530557853695	0.3283187332824631	0.17937917203480483	0.09869492782571702	-0.3097786508402672	3.149822786111048e-05	0.00028764972360169203	0.5420768894078621	0.25396558412168313	-0.25396558412168313	draw2967	True
0.005211222489992689	0.6100308849370073	4.037733249591589	0.010131633522271602	-4.005507893352707	9.279125207413934e-05	2.838651296425818e-06	0.7062201911920428	0.03073216799212692	-0.03073216799212692	draw2968	True
1.905828259391522	0.05523296965847812	0.056602504133938046	0.18819711219751545	-3.7563713026905754e-07	0.00974630413394231	0.2011023917184932	0.16354416037441874	5.581936646997532	-5.581936646997532	draw2969	True
0.6390152079447746	1.0096427537752253	4.136974225984853	0.46735928292656187	-3.4054381357589114	0.0029881131366071355	9.771259634726901e-05	0.7480998570408253	0.4760570563257769	-0.4760570563257769	draw2970	True
0.15234606431663386	1.743073587673366	18.361996910235955	3.784903414088996	-12.213664406710908	0.007831750108139605	1.4248494069534283e-05	0.783204153565091	0.5002776520040393	-0.5002776520040393	draw2971	True
0.24799398514700866	3.6814668310129917	2.052320208012585	0.13670250943436657	-2.101478299213779	0.0001521544316332478	1.6898840403336054e-05	0.6839608926052828	0.01500062368313017	-0.01500062368313017	draw2972	True
0.5531411376385219	0.030085939270478056	0.0009372200162864387	0.07850290760871398	-0.04378654627977818	9.242873519561854e-11	1.4644235404746079e-08	0.011796995157029947	34.49789106937308	-34.49789106937308	draw2974	True
0.2554563571918741	0.0180281356881259	0.1224952242412132	0.0015262853676264192	-0.14464976813065863	2.0884158032193318e-05	0.0006873392760123314	0.7027423829717953	0.319366356498743	-0.319366356498743	draw2975	True
0.015567845755810761	0.20462166059318923	1.3372540785181395	0.3481445773003124	-1.5788172605559188	3.977661979793296e-05	8.593258055260068e-06	0.6215540790667856	0.03492130365381613	-0.03492130365381613	draw2976	True
0.4863985281726827	0.16441345166931728	0.07059042199851517	0.00021315752936647143	-0.06567135047161743	4.779774020617292e-06	0.0004782359574215994	0.7060950375167198	0.17988763305721892	-0.17988763305721892	draw2979	True
0.14514156111527257	0.04577539188872742	0.00033535973190485755	0.03281021496135949	-0.03314717161489938	1.5713805681021103e-11	1.4301639119746426e-08	0.010117265153940465	39.89610233558136	-39.89610233558136	draw2982	True
0.25441260634381313	3.244959377676187	0.8351874327741551	0.017764273418542052	-0.7448535703396635	4.0382457993897e-05	2.9568648140460175e-05	0.7146663110586556	0.009951762336567615	-0.009951762336567615	draw2984	True
1.545059403395686	0.09063696912431406	0.29375857513213677	0.4138106880742279	-1.8734985149648775e-06	0.11082037209403418	0.26762737548394616	0.3838292907950107	7.488187046319895	-7.488187046319895	draw2985	True
0.715107803045153	1.745051984707229e-05	15.873300409255577	1.1029547282279841	-15.87579233232873	0.009614050639142273	2.0449998227171553e-05	0.7320835870099828	1.2081353210609145	-1.2081353210609145	draw2987	True
0.7156994283710865	0.09347056748491361	0.9699074193529924	0.17254681865589577	-1.4935500194417426	0.0006225255716042894	0.0002771807020087543	0.6471920229866076	1.7784911205636955	-1.7784911205636955	draw2988	True
0.699932776947787	0.03525155834921297	0.011401276876204552	0.046538703164895695	-0.04874825058053968	2.4518163445920248e-06	0.0007031270836103618	0.19307394308140913	1.0707810777370714	-1.0707810777370714	draw2991	True
0.23097829912741719	1.057920808992583	0.2313884388650941	0.11609252425278713	-0.34825383657278497	1.3583800726834798e-05	7.794077617118344e-05	0.5542597802129766	0.06359425128904952	-0.06359425128904952	draw2993	True
0.3917179053184731	0.019605698675526858	0.23471045292530027	1.687185434471115	-1.5065993316798476e-07	0.25109920475443676	0.07070346493566143	0.10278894202385551	49.33479299587857	-49.33479299587857	draw3001	True
0.8935337002351967	0.35160549583480327	3.5154855513871084	0.05049156979117411	-3.5726089242310692	0.013018764253759594	0.0005343054476722417	0.7121888609499181	9.328526642651884	-9.328526642651884	draw3005	True
0.5682075161200837	9.270212391636027e-05	0.6013643162700302	0.03431252239309493	-0.6025010955385235	0.0003630547221351163	0.0004741367174514453	0.6872319616480886	1.3036306363121468	-1.3036306363121468	draw3006	True
0.06208271628246569	1.6678419929675343	8.6044684336605	0.15743698439285822	-7.806662745526053	0.002781388875146704	1.9130639933904307e-05	0.7136050879236987	0.14690883583088865	-0.14690883583088865	draw3007	True
0.4964747880690285	0.8799583583809714	0.7519347665514743	0.13196821217707302	-0.5273132189508545	3.273903146786068e-05	3.447068597483726e-05	0.7715644595412641	0.06582000124342141	-0.06582000124342141	draw3010	True
0.6818286381456056	0.2722982255113944	0.32910737983389676	0.12509910780175718	-0.46690485339595644	0.0002701924716753383	0.0008588084523312509	0.5867442589080007	1.9628480892325118	-1.9628480892325118	draw3012	True
0.8322876638484074	0.002453255782592555	0.507229792463717	0.1137427053894028	-0.5264449735653156	0.00013185759615550916	0.0002051017863048129	0.6326112121288221	0.33991984539202785	-0.33991984539202785	draw3013	True
0.510921302787078	0.002825709782922006	0.01147228299296455	0.017880276930140108	-0.01204875741003663	6.621589278902852e-07	0.000666703435173737	0.36402771217392765	0.15584292620259382	-0.15584292620259382	draw3016	True
0.12134951894660159	0.3651412260223984	0.1970517048130565	0.05389541359021755	-0.21111779583984375	1.1985470943225661e-05	0.00011773105817098187	0.6175870256115603	0.1535380340921241	-0.1535380340921241	draw3017	True
0.5249253496260597	0.1353290593879402	0.053113659039064134	0.17196759805459907	-0.2312670867050872	2.9255515086538523e-05	0.000547010747721487	0.22966727088078487	1.729182746694186	-1.729182746694186	draw3018	True
0.8250326607650232	0.3057600458749769	4.529973460249449	0.28718139425640576	-4.330984405795068	0.01317040084817988	0.00034189231923232715	0.729862097656296	4.453178890390447	-4.453178890390447	draw3021	True
1.139444788160794	0.0137120045492059	0.014386254884221782	0.002714236654083005	-0.01040436892139402	1.0657808736849098e-06	0.002134294615006214	0.6437831082532903	1.0684662980530335	-1.0684662980530335	draw3022	True
0.603340991824081	0.06297724543491896	1.781447339929452	0.7224544590829134	-0.832527057414095	0.003200895858895896	0.00033896772181157755	0.5797174055461836	8.169293285798284	-8.169293285798284	draw3024	True
0.25119282060826037	0.062434033021739645	0.17606043513795672	0.3152381833424561	-0.516113664484875	0.00014287852436053574	0.0005245728691574413	0.3373500199264166	4.002789827022441	-4.002789827022441	draw3027	True
0.6892086180086697	5.4962520330335486e-05	1.9733217141636583	1.7649539918018067	-1.9738089098605527	0.0008659466967432754	0.00021992767913328528	0.9944713144200289	0.6692754356383002	-0.6692754356383002	draw3028	True
1.044046460803477	0.00475884372652298	0.2849261490510722	0.32073519932764366	-0.28980811319125654	4.473514678086143e-05	9.985333024599737e-05	0.4256857793345898	0.11790884391259435	-0.11790884391259435	draw3029	True
0.28374764495106825	0.05925822204193181	0.27829439728316774	2.4055232492400154	-1.2625089084175356	0.0007296119388160852	0.00010021695900336158	0.10314042209600156	9.982560537230524	-9.982560537230524	draw3031	True
0.8096258548349662	0.04373187353003379	0.3488268656040338	0.29467402659234115	-0.4196637990984211	4.002989628472562e-05	7.471420616574595e-05	0.4765618601721019	0.23848239926956552	-0.23848239926956552	draw3032	True
0.13761239468097677	0.1347303646320232	0.025502796772442958	2.8053990184418516	-2.667421721706184	2.6618486460538384e-08	3.3212265359944093e-09	0.009008352685506264	3231.408308523777	-3231.408308523777	draw3034	True
0.10668187543584698	0.09106063525315301	0.10417526341434857	0.7190641692187788	-0.7963383775996007	8.665500274017094e-10	1.2584674261673383e-09	0.12554192312297519	3.630413825736327	-3.630413825736327	draw3037	True
0.001682825298215494	0.8687458878927845	6.339747450846378	1.6321084700766357	-7.962035207898869	4.197814794906665e-05	4.046364060250824e-07	0.6224332696372669	0.003480954168909163	-0.003480954168909163	draw3038	True
0.5500541448089898	0.006648881623010096	0.30334915579352373	5.20824105125988	-2.3253525882541113	0.003941855164386407	0.00012936994195023353	0.054955093356390775	266.05064744344105	-266.05064744344105	draw3042	True
0.9814340940510503	0.0008337997439497086	0.23746734959052085	0.02682034560344742	-0.23974249999202596	9.654104201754882e-06	7.647498927372098e-05	0.6683556515689931	0.12416500154376622	-0.12416500154376622	draw3050	True
0.6779747440645764	0.0007090162644236975	0.040650329208727555	0.02641431424225861	-0.04078991494010019	2.2512100965896424e-06	0.001213514885831315	0.9437969464270739	0.09498188326674742	-0.09498188326674742	draw3053	True
0.9342268923563177	0.017958882151682315	0.027270326821204414	0.006726575334193003	-0.038539321104456715	3.8364873160113407e-07	0.00020197787348006212	0.6257132393715299	0.18563481053475508	-0.18563481053475508	draw3056	True
0.43671369584498987	0.19238427321001014	1.7165281491104953	0.25073643351193103	-2.2965762528292744	0.0010929826450947306	0.00016034141757066445	0.6574566897365388	1.4354641095019736	-1.4354641095019736	draw3057	True
1.150406582204644	0.07251964178535593	0.9312643601816745	0.0018660375185495218	-1.3059339489364645	0.00014375635181511508	8.271491667921609e-05	0.7064011184515728	0.599062737776395	-0.599062737776395	draw3059	True
0.8476391102913966	0.06025617847760337	0.02722305830077561	0.014747034350252658	-0.05004181579789791	1.4676485226544689e-06	0.0005864548082549592	0.5441805065816974	0.2310415239348546	-0.2310415239348546	draw3060	True
0.5151022247986803	0.2782245607553197	0.12884988989136156	0.8558700897661584	-0.9555404429634484	1.1415681324730334e-05	1.157453332677234e-05	0.12974328108602765	2.5543718547506966	-2.5543718547506966	draw3064	True
0.19937780964401305	0.11502539495798693	0.06527609286606584	0.012933414688155223	-0.08804247304563584	1.243431812890718e-06	0.00011981774429029225	0.6407723001999297	0.07581281330358042	-0.07581281330358042	draw3068	True
0.25259994918549483	0.12103481016150519	0.0008001263659114688	0.429691352768701	-0.41260270425742873	4.039627858050334e-10	2.17977034088453e-09	0.0018586314082585484	2541.0553744605213	-2541.0553744605213	draw3069	True
0.8114333518092387	0.055126786353761295	0.04835089858996454	0.0161319186499835	-0.07911101416527982	3.3607202611959378e-06	0.0005173660441388289	0.5999115519645417	0.4031822786561792	-0.4031822786561792	draw3071	True
0.3782715647027169	0.20154117891228313	0.9102091568270039	0.11309188578053923	-1.0288532593880466	5.012289715720908e-05	2.6723293968630415e-05	0.6646118979513644	0.08364150250672768	-0.08364150250672768	draw3074	True
1.7224317832968123	0.8137139369531875	0.17864749630366394	0.005949626947633279	-0.18967804152185436	1.2704670862740533e-06	1.9252119504533217e-05	0.6954317254715504	0.0017131086676402804	-0.0017131086676402804	draw3077	True
0.6626713436484598	0.012490050774540297	0.05803714511875478	0.7394828797111747	-1.0086264184624993e-06	0.035544428077849057	0.059283343136110694	0.04594337513773208	99.26002105984223	-99.26002105984223	draw3078	True
1.0727986981441753	0.0831945282758247	0.4103158433360777	0.0031857599718518557	-0.051449315979487875	6.372192213971764e-06	1.877804773197287e-05	0.704367115185495	0.05193173418735396	-0.05193173418735396	draw3079	True
5.864069736492495	0.04882090637750466	0.26464320013270787	9.081737377561787	-8.957427962280606e-06	1.8617184677626784	0.021744585632351685	0.01858349471771116	1858.7222309613276	-1858.7222309613276	draw3080	True
0.009075559912096957	0.05090864591750304	0.0036708010494535914	1.7830743168518832	-1.7866883168567997	9.132362557396754e-12	2.8605932084529743e-12	0.0020544582808592893	6379.803853577547	-6379.803853577547	draw3081	True
0.13211518164904415	0.09376185580295585	0.12054038740977267	0.3377641406219674	-0.46504681394906217	8.466474798122241e-05	0.00037700354355950816	0.25436276834909355	2.343859986252527	-2.343859986252527	draw3084	True
1.5011835733994798	0.0009177310205201869	53.674605446490816	0.1605241880114976	-53.74596937155668	0.0012989380890801924	2.2476148652656759e-07	0.7060502038538541	0.015226057980288196	-0.015226057980288196	draw3085	True
0.4884700242599974	2.1840619836200026	4.2530569306667925	0.3816708667142261	-3.0093350924943745	0.0013073196429385608	3.9524571586886454e-05	0.7395097224450443	0.1754941382830161	-0.1754941382830161	draw3086	True
0.07469759523937045	0.0026819810545295527	9.412616293431484e-05	0.027034171539703823	-0.02696767053538184	8.26094483651278e-12	1.1224820580322302e-08	0.0034696462490735576	183.20388754796073	-183.20388754796073	draw3087	True
3.156383551146003	0.16504317533399696	0.11931755291765272	0.037036284820893974	-1.271865768079361e-06	0.004345795827889998	0.14093500068603407	0.6714085556755043	1.0004815459977814	-1.0004815459977814	draw3088	True
2.6562874618119032	0.36274360967809677	0.13097351745932714	0.05397749421929858	-0.19546975459097032	3.853191564245579e-06	7.50218320707278e-05	0.5779190644673164	0.14352843946534324	-0.14352843946534324	draw3089	True
0.0655589271849893	0.0275691439749107	0.022679083435502713	0.2455482858470398	-0.26457503199531623	1.4546044163486878e-06	2.0074512232740224e-05	0.08425109159283024	4.7287017796955055	-4.7287017796955055	draw3090	True
0.7570244560920946	0.06219306195090539	0.007314144830385808	0.03420129349812935	-0.042124194510846084	1.5976993274573097e-06	0.0008990907823531346	0.17350506078791736	0.9146954231055872	-0.9146954231055872	draw3091	True
0.27544666947755553	0.03175648501044448	0.47871258884182655	1.2917723547740219	-1.6209166563871678	0.002793061519758554	0.0008303372093217338	0.2610115946791166	38.303979848288954	-38.303979848288954	draw3093	True
0.3640439271775026	0.10102675278449744	0.005377428725127276	1.1234302608262117	-0.7508058977761358	6.40709408196352e-09	5.028185914928263e-09	0.004763758928106086	1747.7799805926284	-1747.7799805926284	draw3095	True
0.43241288059811744	0.0026273961078825156	0.16416117829025634	0.019949666840188222	-0.17176211341086117	1.5485358667447628e-05	0.0002545024343295775	0.6655118288834213	0.46150768210237264	-0.46150768210237264	draw3096	True
0.45224871418927415	0.007449088200725898	0.15080675584051426	1.2023164591834865	-1.9693287867106335e-07	0.060351864625662464	0.032960823642581995	0.10652086115657576	104.51395086015917	-104.51395086015917	draw3098	True
0.001468751921239145	5.148334945318761	6.717869324146939	0.006824510403703952	-6.70799926613798	8.408567221675406e-06	9.325456275459424e-08	0.7074660381000163	0.00023268256831283124	-0.00023268256831283124	draw3100	True
0.03065182484023866	0.005729965611961333	0.01450590057431443	0.1795362325273611	-0.19101631811805242	1.0323923745759638e-09	2.7266688598638995e-08	0.07454842999370472	143.437023781289	-143.437023781289	draw3101	True
0.39577474362529963	0.00010646208170033482	13.54790402708127	12.994395414850578	-13.549122606757043	0.012972281293339065	7.055825299108603e-05	0.9991664485885912	0.9500230737288612	-0.9500230737288612	draw3102	True
0.34502040350833546	0.30797019883066445	0.4946701944991845	0.12129218352761768	-0.4863724543914105	0.00013571782344439008	0.0002174589041150297	0.6261608091638812	0.8210834914464878	-0.8210834914464878	draw3103	True
1.1083292020706175	0.6144896593893824	0.10182848173069496	0.020283453189907624	-0.06699078425050772	3.4100806042399053e-06	0.00020037331659769004	0.7805610640984001	0.021277262289387682	-0.021277262289387682	draw3105	True
0.7243747452664563	3.5293919543729026e-05	34.83494479566692	0.3219927257598092	-34.84074740116277	0.02476563068609106	1.0110551954187281e-05	0.7038463504865812	1.1080072708776505	-1.1080072708776505	draw3106	True
0.4914882847087664	0.3897599742932336	0.09369618435521257	0.015508590741334856	-0.09977776003315575	2.344136641771042e-06	0.00011321786214574997	0.6511603001507827	0.034144067501839306	-0.034144067501839306	draw3107	True
0.16714801134173513	0.834065962518265	0.09599129376098524	0.03975437546491806	-0.1237632440213709	1.5200636722074003e-06	5.499265134841216e-05	0.5773687621227966	0.012122386813790532	-0.012122386813790532	draw3108	True
0.5670740403551728	0.09206259321882712	0.0071802042928085326	0.029058485081201114	-0.03469608626995592	2.0156250891984915e-07	0.00014768672786053308	0.19435805166488992	0.24233248391837592	-0.24233248391837592	draw3111	True
0.8134367319602364	0.011780183246763654	0.02187564807555455	0.4640131261912962	-0.10559899781686802	2.580738346019531e-05	0.00010909150998514158	0.04497623966683373	4.052025783684008	-4.052025783684008	draw3113	True
0.21464957947721375	0.00015330016578622032	2.9910598582577865	1.203632831634653	-2.994650114851905	0.0024238249938099725	0.0001996341142069376	0.85840423210342	2.5525409220077138	-2.5525409220077138	draw3116	True
0.3496728623652924	0.3424904351217076	0.8081251913264271	0.166865070335251	-1.0401439422857681	8.523710355229822e-05	5.315119853769641e-05	0.6381471491613714	1.3009138959595867	-1.3009138959595867	draw3117	True
5.448609933578107	0.05382671374189283	0.10264432767599337	3.915782568171566	-1.0472617273937779e-06	0.3220062008311606	0.02034284635457899	0.01587069885940131	283.0224056047399	-283.0224056047399	draw3119	True
0.12893914808629336	0.15571423895070663	0.07932774808502067	0.6872923353845394	-0.7705224189430567	2.9572704172281727e-05	4.978576211061521e-05	0.10292766866468366	0.8522991681768494	-0.8522991681768494	draw3120	True
0.0944642520235072	0.00038994460929281166	0.00013380825807613486	0.16494425700585955	-0.16504178868396774	8.80627295399538e-10	3.231566644081988e-08	0.0008105753708173085	5706.8059677152905	-5706.8059677152905	draw3121	True
3.1078167426228753	0.5300905653471248	2.5379182524373127	0.501508419944639	-1.7816283402704232	0.005686449323896796	0.0005370646496234592	0.7799563278359224	2.0603114501201816	-2.0603114501201816	draw3122	True
0.620338270401179	2.2301204820982005e-05	19.3443132311626	0.00831944840595304	-19.34875584668046	0.0015056829776574244	2.010991078163159e-06	0.7069547515808181	0.19957398242809915	-0.19957398242809915	draw3125	True
2.395933119181528	0.06698074790847204	0.5558063906712142	0.18188486732422662	-0.5791771597651643	0.00013186029599745121	0.0002938468382976422	0.829711320002589	0.0892472791061911	-0.0892472791061911	draw3127	True
0.000748405846955263	9.057734330423044	625.1976508100106	0.08784104550181385	-625.0463344113072	0.028795120937528475	3.68396296076487e-08	0.7071564576021832	0.003287056535091394	-0.003287056535091394	draw3128	True
0.28573180905342843	0.001656450938571572	0.05383194884185561	0.012048087916115472	-0.05502673932047573	4.9611399034135234e-06	0.0006854280728848037	0.632747089728525	0.4157104683873401	-0.4157104683873401	draw3130	True
0.3685909835572441	0.03155388345475589	0.005603379424633142	0.09622012884911205	-0.10147145106688699	2.3511992299047037e-06	0.0002260895903802983	0.05494674037952672	3.482117044193153	-3.482117044193153	draw3131	True
0.12147066261818651	0.3043765416538135	0.005473099969855836	0.0684669599375856	-0.07394212750199629	4.831711921362877e-08	8.789585608123693e-06	0.07381881371870856	0.030688651060567115	-0.030688651060567115	draw3132	True
0.29428988806606515	1.7259819831139347	0.8000091967770959	0.14212988578502786	-0.5189595060847613	4.3187566479499714e-05	4.0256119213419195e-05	0.7723809707198467	0.017738815081767296	-0.017738815081767296	draw3133	True
0.2797904651439175	0.03901225683408252	0.19020347987473848	0.6177367365441154	-0.6541021671383148	0.00020256481394242	0.00029402202685053743	0.2291532645672911	9.364841467297435	-9.364841467297435	draw3134	True
0.2336754614415202	0.0016970869244797948	0.002671782963880023	0.272959232976589	-0.2675443403098826	1.3720491851073123e-08	1.805812710726999e-07	0.00969287672350394	1246.5030898103053	-1246.5030898103053	draw3136	True
0.11085395544390747	0.18895937062809254	0.3151264159978585	1.7577057609163231	-2.0965539578409795	0.00037297582261226764	8.48455677820348e-05	0.15030000064858406	3.711938386291326	-3.711938386291326	draw3137	True
0.0976102598733835	0.10970756696761651	0.0738225525048312	0.8987544828249745	-0.9744321049320398	3.0228854569620508e-05	3.1774498212836225e-05	0.07568634344774884	2.3236114930460006	-2.3236114930460006	draw3138	True
0.5185995967298109	0.0008830979931890629	1.6404348306069065	0.26818715833563594	-1.6494006995038628	0.0010840037401150763	0.00017114421502522332	0.6518155167112509	1.0685772324759026	-1.0685772324759026	draw3141	True
0.9350522070975302	0.06303884106946979	0.026769081227193178	0.2728788260397625	-0.1313056963149265	5.218387082059274e-06	5.7658264715750706e-05	0.08898074007268464	0.9288876840053294	-0.9288876840053294	draw3142	True
0.5020130199099413	0.07479607816405877	0.0039189068953028655	0.37791037413230566	-0.252804541326834	2.0048727295086935e-09	1.3749996999943603e-08	0.010262964888203958	155.4776306182145	-155.4776306182145	draw3143	True
0.7800544376336018	0.009899848668398195	0.0019085685677980222	0.2033650216118583	-0.02608212082261989	1.1552681541759352e-09	2.7414421429921944e-08	0.00929727995358937	58.50933910820518	-58.50933910820518	draw3144	True
0.18634189587123762	0.1387851960657624	0.44579519761478614	0.6243732276990603	-1.1577786879995737	0.000152416381242616	0.0001134055757908754	0.3845357751889934	2.6413159797336094	-2.6413159797336094	draw3148	True
0.016185793187069957	0.017015741799730043	0.07071620505026516	4.795702101594347	-4.866460032660436	3.4561062701005226e-05	1.4590713036723037e-06	0.014529934560810727	21.69875901342373	-21.69875901342373	draw3149	True
0.3210614122677461	0.0013255922612538983	0.21026253329320843	0.05626882035469146	-0.21423626642754623	4.015833533364164e-05	0.00034844799077851006	0.6193597540761857	0.52074836683402	-0.52074836683402	draw3150	True
0.8576192338639791	0.17388086772602102	0.09251180165671306	0.01601141092443553	-0.13106111113104468	3.1922030136351323e-06	0.0001569752139367861	0.6487351379988519	0.24551706203780232	-0.24551706203780232	draw3151	True
0.8238967894809642	0.002852179147035732	0.01709169240438597	0.05450145351895581	-0.053662344836633874	5.093691915688346e-05	0.009407609871903639	0.23209784553120488	184.73629131044348	-184.73629131044348	draw3152	True
0.03522049437607222	0.0002123399263277731	4.130890140314241e-06	0.02478936863614199	-0.02478235670825763	4.641654163798998e-13	7.550871964418947e-10	0.00016661181994791498	6159.002298388036	-6159.002298388036	draw3154	True
0.2843540782070992	0.3261494340639008	0.15327497916012828	0.47234482350110585	-0.6131342036642164	5.70075313410117e-06	1.3740285425770805e-05	0.23795948751157392	0.24897478728907932	-0.24897478728907932	draw3157	True
0.279355719540556	0.21459567966744403	0.10998358084299113	0.018040923921028854	-0.13417563207471989	4.478410319243434e-06	0.00015721083919414017	0.6516391223394056	0.30219998120862074	-0.30219998120862074	draw3160	True
1.9952647188496953	0.6468065128703047	0.722539086888797	0.04064897551035604	-0.8333708633008688	0.00032890864380416237	0.0003332271241089689	0.7272669525354183	0.36517527751382844	-0.36517527751382844	draw3161	True
0.4419033137510365	0.004672217881963535	0.001632321741454798	0.6617475876094822	-0.37773830914728906	4.569138452268613e-09	1.0382622346199362e-08	0.0024606063105124657	2755.5497116335864	-2755.5497116335864	draw3162	True
0.26693674367833486	1.779188385221665	6.284584059228612	1.2168536967988517	-3.8658305187961686	9.687576393505689e-08	1.4863286919469345e-09	0.7784422482307434	0.11594129396175233	-0.11594129396175233	draw3163	True
0.34324937641421877	0.02485887900978126	0.019562757291757903	0.006271351937195842	-0.026118685278277244	3.3965676492245866e-06	0.0032348335640505948	0.6037149637830203	0.5133412603293118	-0.5133412603293118	draw3169	True
1.5698536686108353	0.021581444149164738	0.0685849770173978	0.8475744131455715	-3.598695428180809e-07	0.043949636869923654	0.054835903235363206	0.05357895541604394	89.0756922149694	-89.0756922149694	draw3170	True
2.76266672151176	0.2116706094282401	0.8704860532425207	0.0967859380231163	-0.22895074128805842	0.0007839919784186307	0.0005780097269101561	0.7474351608010462	3.0129503094904613	-3.0129503094904613	draw3172	True
0.032208440155724195	0.8610504527212758	3.678121190600564	0.012578993665614008	-3.447367974823598	5.284939570659237e-08	1.946581978458609e-09	0.7058986815346151	0.1265387487412658	-0.1265387487412658	draw3173	True
0.4672934765148496	0.2790270918241503	0.13602290607162146	0.016820542683609656	-0.11729911194935137	2.4416084284755824e-06	5.832329572697394e-05	0.6648062121447157	0.023501083653604406	-0.023501083653604406	draw3175	True
0.06849729290358189	0.0011916523266181035	0.00021342121377040298	1.1185233251962887	-1.1187156084516368	6.836070191508006e-09	5.461987362614135e-09	0.00019076982190832629	144317.3986329309	-144317.3986329309	draw3179	True
0.8807298867089891	0.006260086833010927	0.2094962570660454	0.0014601958787475832	-0.2146301887844522	1.6999711966526043e-05	0.00019502099131084056	0.7095714912877319	0.04050293460375224	-0.04050293460375224	draw3181	True
0.02097455187123546	1.0722554125087647	0.19319432127023614	0.007664466218303565	-0.1940718061404749	5.28145419519527e-07	6.800012776565226e-06	0.6932221999846874	0.0018976109519184172	-0.0018976109519184172	draw3183	True
0.27637113890798065	0.3528343382580193	0.08060774767150275	0.09463692760013767	-0.1600843680544992	4.74696494287824e-06	0.00012757811385799464	0.41788506118908436	0.10797091680265553	-0.10797091680265553	draw3184	True
0.5980990477726541	0.0007500876583459585	0.25920391592876446	0.0952950151654029	-0.26209284669897226	0.0002246921944943265	0.001165090763917878	0.5902376295471117	1.2585889241620887	-1.2585889241620887	draw3185	True
0.004121978336794461	0.003945734737125538	0.06532274678636392	1.2439385910790737	-1.305990546878893	3.3023963072680793e-09	1.9217494247001195e-09	0.04983084172385594	1906.347156167449	-1906.347156167449	draw3186	True
0.019492260756964565	0.020016620781835436	0.03533220399675356	2.0086997190535656	-2.0442361947994465	1.9407296480919645e-09	4.6436550217649265e-10	0.01728296232388261	4323.227738976133	-4323.227738976133	draw3187	True
2.44638409289529	0.028519403974710263	0.24750937886627467	2.480090444586532	-2.929687412223103e-06	0.5348545801967043	0.07826419854855556	0.05344525282354974	359.0834304016068	-359.0834304016068	draw3188	True
0.4208824463426173	0.03445566680338269	0.016492651425933293	0.3120901829369075	-0.2338014768530712	9.277773635483083e-06	8.571588790917399e-05	0.05013010627965691	5.891879726578531	-5.891879726578531	draw3190	True
0.03574363873000449	0.31616801816299556	0.11578764024517028	10.860423105447426	-10.974174314257391	1.1279959665898946e-07	9.361691959834908e-10	0.010548376030348548	618.0080923258043	-618.0080923258043	draw3191	True
0.6345039219652776	0.040314995859722404	0.006232681522971258	2.3701633903776202	-2.045305682774772	6.442348470982323e-10	1.1407844027537301e-10	0.0026227362334807947	1168.407653662027	-1168.407653662027	draw3195	True
0.17016681778251058	0.3843730218834894	0.08837839009557938	0.023874081831701324	-0.08668028723838221	5.256814971177742e-07	2.5754362789724604e-05	0.6186003267193468	0.009303470680962473	-0.009303470680962473	draw3196	True
0.7951498359690105	0.015160804320989525	0.025783245591472357	0.1187948253262956	-4.062119016157162e-08	0.0021533764062757407	0.11008491935493489	0.14877572852305643	3.3894664773324212	-3.3894664773324212	draw3197	True
0.08654938022872265	0.7398491991062774	6.457396447038239	0.00247517902698239	-5.356429002484485	0.001720197355242218	2.0634734307218088e-05	0.7072415268072715	0.6188454981889402	-0.6188454981889402	draw3198	True
0.05787682840217996	0.82682589992382	1.2397073381325172	0.0029869518145290617	-0.8823552979471048	6.900153704810504e-05	2.2394646843031347e-05	0.7062555905130868	0.33794909554389096	-0.33794909554389096	draw3199	True
0.03570161489534666	0.007223600723153337	0.004562590471869539	0.457188952619123	-0.46177324597638647	6.538542475066431e-09	3.066350800127004e-08	0.009880568503694731	1398.062240024165	-1398.062240024165	draw3202	True
0.7291582875742805	0.002745243586719547	0.024577241536453888	1.0711129279241902	-1.2604336054877763e-06	0.012108170357750062	0.010131354399012518	0.020070383961039443	547.5437774884801	-547.5437774884801	draw3203	True
0.932741157680971	0.1220816075290289	0.061629447920542126	0.014586595667013105	-0.09510791609246527	3.347069299004548e-06	0.0003483968162447307	0.628771681336666	0.09514272714146851	-0.09514272714146851	draw3204	True
0.7849669852476161	0.06933054155238398	0.4523700040226006	0.3781579526586566	-3.351962660214092e-05	0.041488887592671726	0.0470262539145149	0.4798423590687732	8.49258511615497	-8.49258511615497	draw3205	True
0.041109701208808073	0.06640449557319193	0.536528432777403	1.1124916332782355	-1.6542757646005493	0.00017796761620983014	5.9181885602347845e-05	0.30939738743710893	0.7392704990832264	-0.7392704990832264	draw3206	True
0.48283501227416675	0.05407155415983324	0.004692982112021273	0.16287058056159043	-0.15710013847183368	1.2193107938254844e-06	4.339250778455913e-05	0.027996164923697015	3.1760517144982434	-3.1760517144982434	draw3207	True
0.4785499638419353	0.05670005580206465	0.0030955184625575723	0.07238062180697023	-0.07294054579988525	3.282213988337951e-07	5.751983858629748e-05	0.040978716808151225	1.2213134646044395	-1.2213134646044395	draw3209	True
0.8057048180220002	0.005999042488999837	0.7082438982422515	0.06323373116910982	-0.7211551980011706	3.674506180991352e-05	4.0042673842417466e-05	0.7393411605496993	0.1810633621927879	-0.1810633621927879	draw3210	True
0.014072975894415024	0.560227498347585	0.13460827011061122	4.524438046133076	-4.660065074022913	9.032783447567828e-06	4.157815101768862e-07	0.028879756685691513	0.11517265849097871	-0.11517265849097871	draw3211	True
0.35378110387870776	0.006043308307292246	0.08584923080428077	0.01825294252088161	-0.0001949436815636696	0.0009095217862973673	0.051740995538517694	0.646306284973511	4.099132000814467	-4.099132000814467	draw3212	True
0.32316156403226404	0.006480704458735952	0.06522466539293278	1.7280123446732172	-0.3457607557764153	7.055784953955933e-05	2.191269410568957e-05	0.03634854249326589	13.983945353661525	-13.983945353661525	draw3215	True
0.0008376630583186937	0.33564143737368135	7.401971314429348	1.1045050208602172	-8.48769241369379	7.716406980973412e-05	6.06877570689915e-07	0.6564329589154407	0.026798484409933588	-0.026798484409933588	draw3216	True
2.245328692179469	0.768834779440531	0.47038107388878103	0.06349224428700645	-0.24027868190710705	3.855510071461853e-05	9.967273585686365e-05	0.7563052345357862	0.02201308569716777	-0.02201308569716777	draw3217	True
0.2362332504698367	0.2214918103691633	0.9311108913215067	1.3917086837847998	-2.481315756144839	0.001111188970273478	0.00017743657938931463	0.3720737072493628	2.0306697352265712	-2.0306697352265712	draw3220	True
0.047803555668812316	0.1057819452221877	1.2201456538400246	2.6904679296599765	-3.8176988457153325	0.0008223355313600228	4.900205563809633e-05	0.29784772942040316	1.1587709085370155	-1.1587709085370155	draw3223	True
0.46313827904584015	0.0005282078061598512	0.09662033606683902	0.7057923199275392	-0.10141448502013109	0.0001810050144340345	0.00027710446257765275	0.11954842264657005	5.8779665623393225	-5.8779665623393225	draw3226	True
0.056568646892271014	0.14942655551672898	0.053756494371896064	1.8656159288594232	-1.9173030763412309	2.683939776709635e-05	7.279704229711304e-06	0.027996349629849537	2.6697212990729557	-2.6697212990729557	draw3227	True
0.4259272024962909	0.00014655267770906553	2.342883524439174	0.0015385836794115986	-2.3460913407478063	0.0004974004398575345	4.5278527415646844e-05	0.7068768555199192	0.9716114282582806	-0.9716114282582806	draw3228	True
0.42821555849695253	0.09144310640204752	0.005363334588221319	0.1493768236907824	-0.12762974466246035	1.8596223789504188e-06	7.757063589586708e-05	0.03463937897981484	1.7396476943564858	-1.7396476943564858	draw3229	True
0.07280166075912847	0.0024561009219715314	2.8434331199205552e-05	0.06822664135918072	-0.06823963456432869	4.834282842207589e-10	1.0376767253228881e-07	0.00041658920695932406	4604.571790379796	-4604.571790379796	draw3230	True
0.6353350922507954	4.686119474669205	1.8177797640077258	0.06100796515697905	-1.6755759465651296	0.00013832452513710353	2.1645097745663987e-05	0.7190704567786442	0.011575366680327444	-0.011575366680327444	draw3234	True
0.7939048593700401	0.0025438906619599435	0.6146590801850733	0.014693063822550406	-0.6219378519114308	2.8516852750908423e-05	3.865302518230484e-05	0.7156081034171845	0.043313989961309945	-0.043313989961309945	draw3235	True
0.10208736656088237	0.002159448155117632	0.0009253483233390528	0.1363282202832056	-0.13722842180601294	7.967159873644755e-10	4.228988486432172e-08	0.006741735778975725	327.48814691996495	-327.48814691996495	draw3236	True
0.022556989511827597	0.002034013548672404	0.013083359568274305	0.5087396243794937	-0.5015750092989252	5.7259562823178105e-06	2.101496661183414e-05	0.025064524080573698	73.03212867897636	-73.03212867897636	draw3240	True
0.4180800564998574	13.058317286500143	2.209586132524888	0.05977327245497241	-2.0774176399294615	7.514166915435539e-06	7.906348517559088e-07	0.7167348037593885	0.00014050829524255392	-0.00014050829524255392	draw3242	True
0.6659310077541095	0.0017864733038904718	0.020616744591474372	0.16043423428313516	-0.02379400827841387	7.394942125383165e-06	0.00022270909685346147	0.11314121777516274	1.1658820824443121	-1.1658820824443121	draw3244	True
0.5385971328299135	0.03175342066908643	0.19012004114253914	0.11684324553563052	-0.244408713239323	5.242545016632672e-05	0.00040212217642736	0.5265452945959325	0.4596064941883977	-0.4596064941883977	draw3245	True
0.28643287350676916	0.11745887295623086	0.14370282815165866	0.07280801324460034	-0.22742428764585484	1.8327500249307347e-05	0.00027140830965978474	0.5530001283483578	1.2142290206670387	-1.2142290206670387	draw3247	True
0.7191712843572775	0.02458500972372248	0.3417519497848971	0.039658844584962424	-0.5117085369029832	5.595119150693258e-05	0.0002133356628446827	0.6673260055233179	2.8894047931492257	-2.8894047931492257	draw3248	True
0.6875511470714656	0.1898658792115344	0.011114820955526399	0.06315531362664979	-0.06854982346589646	1.5739328174006271e-06	0.000279086481214464	0.1480055566756276	0.4178230134077047	-0.4178230134077047	draw3249	True
0.11652976755530824	4.3928091336646915	2.9626737358152706	0.39786552298675754	-3.285510314747496	0.0001311097345774232	6.5324078123217415e-06	0.6613068222950715	0.006283107364845557	-0.006283107364845557	draw3250	True
0.19590169512500966	0.1014079119179904	0.2039056381082414	1.2364406546250295	-1.2671840743262235	0.00017771756950826922	8.398057121551553e-05	0.14016945592182792	5.43094024248019	-5.43094024248019	draw3251	True
0.9852764589561391	1.5428596094938607	0.8674992219213439	0.10270608746523781	-0.6803960477286476	0.00010190121230365661	7.618989877967896e-05	0.7501154590803569	0.03991316846128094	-0.03991316846128094	draw3253	True
0.6764671039178437	0.02182454077115618	0.0977126352896606	0.12120414668673654	-0.18796102602227385	0.00010088216350997496	0.0017553491710122012	0.40758851061375734	3.484966872925442	-3.484966872925442	draw3254	True
0.34747348907203807	0.015248130761961918	0.028878091216040243	0.5716905296463931	-0.5614764178685897	0.00016178637267128958	0.00044752332025416934	0.04802711949196446	63.114660092250766	-63.114660092250766	draw3255	True
3.186757820948973	0.04864000118102717	0.3241778234601531	0.08147303355065467	-0.34591347437046127	1.8515286192776263e-05	6.866570548558962e-05	0.6242923726530455	0.013306352032341704	-0.013306352032341704	draw3256	True
1.2532146072834935	0.22368424144650662	0.03077262738046265	0.005876128827587308	-0.046940357446848144	7.184165898128915e-07	0.0003137076854572526	0.6430414242678261	0.025786776796250892	-0.025786776796250892	draw3257	True
0.11890846229812635	0.013927438506873632	0.007138398157393132	8.487553819137641	-8.202251440370098	1.6806006460912099e-09	2.3289969749196838e-11	0.0008403359955511699	218195.30207155994	-218195.30207155994	draw3258	True
0.6478715912572963	0.00025441010270364626	1.3909975560222696	0.07364854944027889	-1.3931081508558942	0.00015117156472509762	3.70512888017505e-05	0.6886411524584347	0.12913492959998216	-0.12913492959998216	draw3259	True
0.5022523554982173	0.19568279710478267	0.11961147390123471	0.006311210876278859	-0.1724179645463101	2.19083072699863e-05	0.0007263359238330171	0.6887110730477656	0.3439920328075319	-0.3439920328075319	draw3260	True
0.00036301779569067853	6.253321496259806e-12	0.2817941868588042	0.5782961061983025	-0.8321067050586924	0.15507486857821867	0.4883974169156793	0.12320015642730789	1681.4363080751361	-1681.4363080751361	draw3263	True
0.08117431761661664	0.002029472768383366	0.0027982404065791176	0.7604167873268519	-0.7588891292152738	1.705597625257817e-08	2.928039414407186e-08	0.0036663607162793275	5560.195827765836	-5560.195827765836	draw3264	True
0.5494671907502322	0.11198035214876773	0.1653528619487336	0.15421284670468244	-0.35604926798080705	4.6196250705284274e-05	0.00035682779644665054	0.459555096815445	1.079484661760992	-1.079484661760992	draw3265	True
0.7311930373808583	2.161199022499142	0.46889730696728976	0.01942846883369022	-0.3921389180446848	3.0243950330398168e-05	6.598776358982279e-05	0.6926122751815296	0.0338827676743672	-0.0338827676743672	draw3266	True
0.36814334659793785	0.040876375752062155	0.006536394059542252	0.18188825653391374	-0.18197986580704756	5.280230638902489e-06	0.00014854411356324962	0.034668537546128655	6.254463380731709	-6.254463380731709	draw3267	True
0.0005840960420205279	2.794500239472099e-06	4.151558999461707e-05	7.605277715109745	-7.605318143551131	3.583384340933119e-08	6.19524513534542e-10	5.458757018072807e-06	24716071.943458263	-24716071.943458263	draw3269	True
0.000584492378316297	3.166444172911684	1.927924865952878	0.0001487405712606034	-1.9269707381817671	1.9836636130508309e-07	2.6686482114268377e-08	0.7071340586623064	5.589390454894987e-05	-5.589390454894987e-05	draw3270	True
0.0006016045176714669	9.425330354974088e-13	0.0038187379827428615	0.4191630999451109	-0.42298183785418036	0.001600674050231972	0.009110368936873536	1.2766089261082188e-05	3.4595061023626283	-3.4595061023626283	draw3273	True
0.13493943707847153	0.2888901159495285	0.017080077907757646	0.040655401856711126	-0.05800190235597702	2.448738067686568e-07	6.754925981648686e-05	0.2836801624247908	0.03404818447103096	-0.03404818447103096	draw3274	True
0.7357432273186163	0.06762974945238372	0.11438758135640328	0.1009917996154427	-0.2134855104346788	1.7970540105452393e-05	0.0003021642034562433	0.4690506571449337	0.698605012066823	-0.698605012066823	draw3276	True
0.672946875799498	0.05614436433650206	0.028058541690225595	0.12478427259505899	-0.07755724703605339	9.004999348011e-06	0.00037290590454625087	0.18056018317405037	0.9070809597563474	-0.9070809597563474	draw3277	True
0.2591597279576514	0.002013963006348555	0.004269877163847584	0.06152548792675389	-0.042197957903208246	2.6575843363057313e-09	6.113235124565172e-07	0.06476008360003804	140.1417215237553	-140.1417215237553	draw3279	True
0.6341139494014798	2.404745352028517e-05	0.4346271983142081	0.015640310025049533	-0.4348976030837935	7.120713435467039e-05	0.00018181757199520768	0.6945013036960392	0.5592348772700584	-0.5592348772700584	draw3282	True
0.3569132486399012	0.0014600096100987957	0.10898072047683839	0.1156472315596698	-0.11327902040194612	0.00013431331119582388	0.002154777164524098	0.43650281187647166	4.049932395788817	-4.049932395788817	draw3285	True
0.6927484724358307	0.008372283741169221	0.01494018110119377	0.10360330117556135	-0.031902339760318886	5.316652956179048e-06	0.00037242559061446593	0.1250416128806694	1.132162795837203	-1.132162795837203	draw3286	True
0.3335603760003694	0.23912157860763056	0.058752017149980774	0.01749722697497648	-0.02763630050834269	7.039078641172875e-07	7.596882623656924e-05	0.6103551023390767	0.03042424190775557	-0.03042424190775557	draw3287	True
0.20929660715895676	0.04456043090704325	0.05891132473321633	0.4729487302994201	-0.5351508011690357	4.286086341091069e-05	0.0001496822891932689	0.11009133618509759	4.919159742178481	-4.919159742178481	draw3289	True
0.6062758559914977	0.06652315897150225	0.0538669006652305	0.1306025249871923	-0.19173105228177487	3.52050907562626e-05	0.0009532820813034986	0.2803029412539714	2.0094653915954703	-2.0094653915954703	draw3290	True
0.6891589520784892	0.008703440501510848	0.011133126873090388	0.046724418252261604	-0.014765543414017519	2.5482146223953407e-06	0.0007340536885987322	0.18895566162975336	0.7880207311267934	-0.7880207311267934	draw3291	True
0.3289707451906056	0.16174095716639444	0.023341653963791075	0.36552747883172465	-0.38067542476688265	7.66684940606011e-06	5.051822562674605e-05	0.05991658471330386	1.3583489574359147	-1.3583489574359147	draw3296	True
0.5737881772081939	0.009170726983806146	0.7100154808840858	0.0026469848933386476	-0.7615767060738955	0.0003776053088468538	0.0003758879993057515	0.7083990531472029	0.8918069888096138	-0.8918069888096138	draw3297	True
0.06189719766401031	0.7732617600589896	0.13635022000122243	0.017547489982169404	-0.1526291046823507	1.7490586673446643e-07	4.1372488337087366e-06	0.6631464905413192	0.0017820723934620743	-0.0017820723934620743	draw3298	True
0.3665067836217862	0.7112801861082138	0.5919915674533841	0.38802761074574504	-0.9457676987245988	2.5622673754326273e-05	1.9545989702154737e-05	0.5170495084921338	0.07319432933737643	-0.07319432933737643	draw3300	True
0.23753579051154292	0.043619627827457076	0.019349772767382426	0.13937239386562658	-0.13791058709565543	1.059009911864072e-06	4.1420743023024625e-05	0.12101376534940546	0.15842749223792876	-0.15842749223792876	draw3301	True
0.818231813174318	0.009277705770682064	0.37523835245115184	0.17252370244475684	-0.3915660860299129	0.00016873069474611238	0.0003827424375283173	0.5651495866383498	0.26507237886309043	-0.26507237886309043	draw3303	True
0.0009212615090713831	1.7734634291409286	21.097418243387793	0.5410274277536468	-21.62042598666268	4.0627407355344175e-05	4.4483047193171376e-08	0.6980990116735366	0.0026026043460195994	-0.0026026043460195994	draw3304	True
0.42750050123886335	0.024933155134136614	0.0036646274260047746	0.14527511421348352	-0.09201883359379887	5.013459360853538e-10	2.2586735551910188e-08	0.024597321179315262	53.33618269916943	-53.33618269916943	draw3305	True
0.0004903280510177884	4.148528828748982	57.77056463275525	0.04478540533826317	-57.80619440535672	9.869252476276916e-05	1.4774213192922556e-08	0.7068327495359752	0.0006865539680058092	-0.0006865539680058092	draw3306	True
1.0466770907338556	0.05747642328614456	1.4860009695627412	2.21345320766388	-1.9413176181195384	0.000817441659968384	5.143031584728839e-05	0.3727351083916587	1.2709425103356684	-1.2709425103356684	draw3308	True
0.8651996887429295	1.1803195113170706	1.1814797822097618	0.1621049065552156	-0.7786122808554645	0.00011135545637694946	4.573082413200552e-05	0.757138023146321	0.04613380738021061	-0.04613380738021061	draw3310	True
0.05018127327006475	0.03135610571813525	0.0012868893738116802	1.137483261806515	-1.1343876987071553	5.507351614247778e-09	4.246881077753424e-09	0.0011300687418610259	35611.14173269457	-35611.14173269457	draw3311	True
0.001110698417478358	1.0143416421108986e-09	3.597331859440651e-08	1.7936911103521254	-1.7936910315029635	1.345172299769054e-10	4.181023262881533e-11	2.0055420270242416e-08			draw3313	True
0.6711715239772551	0.0017507884917449103	0.6402853495618133	0.512958264816615	-0.6426891447981874	0.0001274925766737597	0.0002991536841211369	0.980795111274309	0.9170415178386127	-0.9170415178386127	draw3316	True
1.4494277560437385	0.17748778123626147	1.0601242939987416	0.11953657909325051	-1.5855741610826892	0.0004629436648807607	0.00018403925557567606	0.6684176958829114	0.4835123407868542	-0.4835123407868542	draw3317	True
0.5043990001462673	0.33348681134973274	0.17343256108618926	0.2101089187525045	-0.4092230768386983	3.8423029113843275e-05	0.00021685521205757846	0.41202134921470523	0.4187909786520026	-0.4187909786520026	draw3318	True
0.06747088176684388	0.17653315590615612	0.1486275943021909	1.1527734296733947	-1.3098780339419385	6.230862035141377e-05	3.631599811325221e-05	0.11346824853843897	1.1338554153927676	-1.1338554153927676	draw3319	True
0.7123819182722267	0.03403061389177336	0.016820472243955883	0.3667074930980658	-0.36854394566741594	1.5480958414487548e-05	0.00010504353925248849	0.04381498728368576	13.8592846592487	-13.8592846592487	draw3321	True
0.8743534697571638	0.017120096065836178	0.1538363767778327	0.021086977425993282	-0.19699674678591014	1.527960957425021e-05	0.0002815805026887581	0.6603956153336603	0.3187090001305292	-0.3187090001305292	draw3327	True
0.8382323118640868	0.005673166527913305	0.0016444238370079919	0.0479414213941088	-0.03977907800091591	1.8093116710240172e-09	7.350562376035912e-07	0.03314494904777165	61.679533023633915	-61.679533023633915	draw3328	True
0.09035634171550017	0.18107175457549984	0.6732853958790773	0.37783396835578686	-1.1574833919849474	0.00010863897334735024	6.972237677802425e-05	0.5393770417828886	0.7051158930001533	-0.7051158930001533	draw3332	True
1.989010240645146	0.8193876274348543	0.08423124386101556	0.01296330988657844	-0.0324020969635786	2.2572100056875603e-06	0.00018541197237007085	0.7634069549787855	0.04147964247893753	-0.04147964247893753	draw3335	True
0.01148751776067249	0.0006849724868275115	0.0004665298308259748	1.4030968336900536	-1.4035520423828491	1.8937314753962972e-08	9.612897298489881e-09	0.00033238955720779183	684759.3212741049	-684759.3212741049	draw3336	True
1.2868907686945275	0.0008937265154724582	0.11986413302106494	61.53587363787595	-2.1208472736761186e-06	3.7033025333804086	0.000974695236694884	0.001682682354975771	508854.6230808673	-508854.6230808673	draw3337	True
0.41086442985958876	0.0028882977534112537	0.09268171598204122	0.15042683614602045	-0.1016122473846138	5.5736806905513316e-05	0.0008233956889334974	0.356226566720339	1.7256867005873229	-1.7256867005873229	draw3338	True
0.3571124454943773	24.514204285405622	1.9433253274366298	0.4393128991827928	-1.4881582677086147	3.207717700643677e-06	5.312051441258815e-07	0.7908216978005037	0.00019415560537236774	-0.00019415560537236774	draw3340	True
0.00034335775914367693	1.4790570342108564	12.289528670232674	0.009727032565742533	-12.291867616020255	4.418952349333168e-05	1.461756821854518e-07	0.7068270027692605	0.002547335061843348	-0.002547335061843348	draw3341	True
2.3732551018574095	0.40325248768259037	0.6261421493698155	0.07419531274121298	-0.475170377594124	0.0004474257014518432	0.0006422040578223622	0.7501514083763632	1.0477931677744368	-1.0477931677744368	draw3343	True
0.002211713635712628	0.08911668454828738	0.1590536890158263	0.08005725329131887	-0.2385365676438453	0.0001743369605369835	0.0021139603101029995	0.5538539187740872	0.0011924821535285134	0.0011924821535285134	draw3345	True
0.8337772495240221	0.02768985119597792	1.4294629043883924	1.441593995182341	-6.545951366510039e-06	1.4093444548192346	0.15747186144403108	0.4568272172489707	73.69953398134562	-73.69953398134562	draw3349	True
1.1020612099251128	0.0070165929148871455	0.5010513621822364	0.31694456977593677	-0.5038595107430649	8.861001573643842e-05	0.00031096929072344865	0.9386411483884763	0.09611924676469562	-0.09611924676469562	draw3350	True
2.325720856396346	0.5982208002336539	1.3819680993852654	0.20462093010260132	-0.8297006959443649	5.613102529307622e-05	1.7030136078338903e-05	0.7612119361703288	0.538516898840543	-0.538516898840543	draw3352	True
0.2547431747156195	0.002036658935380443	0.006889930765123463	0.06951849122755435	-0.07651618925485773	2.1763533682178817e-06	0.0003697692084312407	0.08980734806328507	32.229053524070416	-32.229053524070416	draw3354	True
0.06823604575702956	0.00021505606977043927	2.478334756730905e-05	0.021320007996708176	-0.021327819654955456	1.6062122607406648e-11	3.525482171542737e-08	0.0011610950157351088	582.3829947179308	-582.3829947179308	draw3356	True
1.597599499701984	0.047993829318016136	0.06951565520473911	0.01084185893910771	-0.07706673427353693	6.222263600115541e-06	0.0007519272393911636	0.7641810063070007	0.040097016704451434	-0.040097016704451434	draw3357	True
0.48544291269022277	0.12037348975177717	6.177196035537344	0.4956252305696838	-9.070159703850067	0.002438523023530597	2.9491974227835912e-05	0.6793285649280763	2.547304267818151	-2.547304267818151	draw3358	True
0.5527623610598154	0.021554449576184655	0.04953471932061694	0.01531654089349849	-0.0613692510315406	2.002490340508355e-06	0.00030070273885841057	0.6070062316781805	0.8396453473453241	-0.8396453473453241	draw3363	True
0.3812379054200745	0.2035169619659255	0.011176756281188882	0.7072118449463134	-0.718339014487575	6.507351830980882e-09	1.2606087367168454e-08	0.01555620985176491	159.57781722525888	-159.57781722525888	draw3366	True
1.7807602557696363	0.07841898645036377	0.05702434375908897	0.13491355502120136	-0.0893093445650048	8.68986325502889e-06	0.0002167484883401813	0.284794598398885	0.16667581558129274	-0.16667581558129274	draw3368	True
0.05182534911346808	1.4229439262565318	1.913728715592385	0.00439967381524681	-1.7329294562568422	7.435458825123917e-05	1.017455528680172e-05	0.7079200373491696	0.02122816080239459	-0.02122816080239459	draw3369	True
0.1367176336734308	0.7926434310255692	9.845532099782677	0.6754199500670178	-6.6168572133241	0.007500478344607106	4.1433277084347804e-05	0.7317611582425058	1.359422205286899	-1.359422205286899	draw3374	True
0.18000299843757372	0.0010154456224262768	0.09561011389628606	0.006888160439962386	-0.09913605035796112	2.344647609207966e-05	0.00119342786729719	0.6821231325485699	1.781239465954254	-1.781239465954254	draw3375	True
0.17762969560401867	1.0621715225359813	4.226501720741823	0.5180326569076712	-2.638340318918602	0.002124275248768349	6.718974935672965e-05	0.7516699100732178	0.3389226932931796	-0.3389226932931796	draw3376	True
0.8998713764706033	0.17258689480939654	0.3711318108914851	0.020073023855734444	-0.34742176856250084	3.0061792873392547e-05	0.00011518757531711859	0.7264798236540884	0.3264038001174823	-0.3264038001174823	draw3377	True
5.094096871345025	0.09222639237497533	1.103508956255023	0.060589240868948055	-1.295008668011922	5.36230032614262e-05	2.0841815859146147e-05	0.6879677384163664	0.06378953244936929	-0.06378953244936929	draw3378	True
0.5396469387307288	0.0038538887622712667	0.6874026549105544	0.004600240324407584	-0.7090548270612193	0.00010305646448811095	0.00010978111828453994	0.7094755091605041	0.29409528418128905	-0.29409528418128905	draw3379	True
0.506561810538482	0.0010775755395179775	0.029854596022123252	0.010091951591650007	-0.030685488339785343	1.7704897090488288e-05	0.01380332087562136	0.833562400563924	2.8252104612335787	-2.8252104612335787	draw3380	True
1.1815172721098213	0.053582741780178536	0.008354080002329477	0.25079415166047075	-0.08789745201977459	2.508809101157998e-10	3.7318143477058935e-09	0.032219948100773756	1.4326793317782305	-1.4326793317782305	draw3383	True
0.466498590341298	0.003636261397701989	0.017984810077130806	0.5436751389625054	-0.45493735585663375	0.00011078765789603204	0.00035083360001403276	0.03200255763118224	169.03209706042423	-169.03209706042423	draw3386	True
0.39757761036372724	0.036329497517272755	0.055564775559390794	1.9785206960143527	-0.5108368937938598	0.00011564991840762888	2.7930775462786573e-05	0.027306633963144866	5.084789800507485	-5.084789800507485	draw3388	True
0.17426196457767537	0.001395699822324622	0.08979846874848808	1.2852802184083838	-1.9755546754457454e-06	0.008449754312685218	0.0044513434774332405	0.06502517241194104	12.579576344860559	-12.579576344860559	draw3389	True
0.1843861184068256	0.0103873650761744	0.1531994556793225	0.6884684203792796	-0.799838982217022	0.0003011282692848252	0.00041144829445148974	0.17907624605398362	27.753628270484374	-27.753628270484374	draw3390	True
1.1021789702464369	2.4173434527935633	0.2794684469435436	0.06617276165405878	-0.09214515079977266	8.44130928576352e-06	6.829667254277655e-05	0.7949277299136508	0.009107518050307973	-0.009107518050307973	draw3391	True
0.07968870201041564	0.9421251394395843	13.134376807902123	0.7081609300448872	-11.959381089270934	0.00640517109633251	1.7590452711026214e-05	0.6883076746994928	1.2864407541350142	-1.2864407541350142	draw3392	True
0.316274688086313	0.00036634288668702244	0.030165968944765156	1.191361714025842	-0.036219437223173195	6.116527461807012e-05	4.096692194634324e-05	0.024687714377342435	9.494968235710928	-9.494968235710928	draw3394	True
0.8633860924043569	0.19318058645564307	0.05785252592283333	0.06643752739608182	-0.08107533544369051	5.524226619761497e-06	0.00029392122288735565	0.42198981475664465	0.17592228253085684	-0.17592228253085684	draw3395	True
0.0417727436118819	0.030272741912618105	0.3952767149612447	1.3042604930707449	-1.7020585421464611	0.0003377144001442851	0.00011091986457363152	0.22653278169668048	8.296743537466321	-8.296743537466321	draw3396	True
0.19577710982810986	0.3810691829278901	0.07907720406072896	0.4067328078649243	-0.45562275644746886	1.4753406195714012e-06	6.089791042476204e-06	0.1606594777724223	0.20763952941445085	-0.20763952941445085	draw3397	True
0.16192805165069502	0.726004955763305	0.832892576752487	0.06114047337541993	-0.5186116056226482	6.57595976135473e-05	5.1003656568232467e-05	0.7335168144685018	0.0932116870465763	-0.0932116870465763	draw3399	True
0.9499297568969085	0.04890230648509152	0.012861694924816612	0.3562804271276172	-0.363714786105759	1.309662398098881e-09	9.599425604032231e-09	0.034820992733487	16.774776387311093	-16.774776387311093	draw3400	True
0.6715000358144645	3.009588665655535	0.5057656066010868	0.14659576858404322	-0.30301678817478284	5.229996676624819e-06	1.3591403110492944e-05	0.815324951234325	0.0029382895217022944	-0.0029382895217022944	draw3401	True
0.49907537010157793	0.0040803307354220775	0.042649783293198976	0.3074171762103745	-0.05211046387181604	1.9082224795454418e-05	0.0001534362129916987	0.12093887263666774	0.7199229524919245	-0.7199229524919245	draw3405	True
0.46013231189395565	0.001338652094044373	0.005339445188759331	0.4590632145210636	-0.04616409285978618	1.525682808518401e-09	7.073223197056729e-09	0.01149668640863025	89.02783073605143	-89.02783073605143	draw3407	True
0.9582398669354528	0.18379098478454722	0.13414566433351444	0.06586037074672305	-3.258014474871729e-07	0.008809476694816937	0.23883898559698252	0.6759392131476902	0.3706763415569653	-0.3706763415569653	draw3409	True
0.4310670669473331	0.0326068610976669	0.002303554306444636	0.24758327118301626	-0.249894225001635	1.2827529110558554e-09	2.0540896046818785e-08	0.009217998712215139	155.37729365245988	-155.37729365245988	draw3410	True
1.6215451501850298	0.04614462013497022	0.20288610454946965	0.6198029610920835	-4.703232959202275e-07	0.11906935675282608	0.22893445728010692	0.1679618510312507	25.52618669008327	-25.52618669008327	draw3413	True
0.5010191604933442	0.002606383186655806	1.01699965276836	0.16061871060235133	-1.0326518631094082	0.00047607962955546025	0.0001966400268823289	0.6536073936148664	0.5328168122368384	-0.5328168122368384	draw3414	True
0.018737811293030246	1.0870227428869697	10.27727219245075	0.19439539843998216	-9.582540767226806	0.0016325613535155463	7.875860441237044e-06	0.7138255838047604	0.2321112114483216	-0.2321112114483216	draw3417	True
0.3934174069125616	0.042780909811438395	1.9323317040104133	0.174395031132903	-2.456720724695227	0.00041258838525298167	6.0459175420627255e-05	0.7396977363670686	0.3085061016610157	-0.3085061016610157	draw3419	True
0.019909715418589834	0.005236717705510166	0.002498351032240486	1.637726519287708	-1.639513842060979	2.2867942711919615e-10	8.500007375890281e-11	0.001523174157111257	138328.76791154544	-138328.76791154544	draw3420	True
0.23637928975142095	0.04254224515357905	0.002992532091570331	0.2548835765765963	-0.25750534309817835	6.180402968871805e-10	9.29257544471066e-09	0.011603752793871491	46.5601529091634	-46.5601529091634	draw3421	True
0.010313386776549631	1.2088931018034503	7.265078192081505	0.01592361966025918	-7.201960267839565	0.00020939284071304646	1.979244112221882e-06	0.706332288166828	0.024749389153591338	-0.024749389153591338	draw3422	True
0.018964592588149125	1.6664779517218509	5.811139989755005	0.19245430236644853	-5.916204428543337	5.273515867202955e-08	7.553828371991855e-10	0.6954962073849846	0.030252231039384386	-0.030252231039384386	draw3423	True
0.0271325377823181	0.005086427282381896	0.01877494230669641	0.8310630760094586	-0.8499436645753168	1.3864154494687807e-08	1.9187092182974235e-08	0.02208698812163668	2661.949747584449	-2661.949747584449	draw3424	True
0.04974889233577484	0.0018235800082251595	0.002205992888207545	0.09023084869850831	-0.09239437023973521	2.4722527716171504e-07	2.8917145378506997e-05	0.023858056468706555	6.0854335486511655	-6.0854335486511655	draw3425	True
0.01667007601177298	0.788982537887227	2.6194882202895577	0.20067745392866126	-2.7421831994509853	7.945790493139061e-05	5.363322370803739e-06	0.6805575333455546	0.038258133675963	-0.038258133675963	draw3426	True
0.4550029408753389	0.12109018662166113	0.0496566543245456	0.43920515177186514	-0.4675892618086478	1.2603366947679498e-08	5.219830557594165e-08	0.10105606128262627	12.052539599339726	-12.052539599339726	draw3428	True
0.4220383538656614	0.02337533325633858	1.009409992731002	0.06853536843041431	-1.1558402061165634	0.00032992312844247875	0.0001512802953724052	0.6835218391323515	0.9789703740437169	-0.9789703740437169	draw3431	True
0.22455509223377748	0.0024922009902225354	1.0905898170787756	0.2762263642257989	-1.1185158190381557	0.000600473243021767	0.00032412898544706257	0.8012601253573371	2.75203377501994	-2.75203377501994	draw3432	True
0.7009647825110996	0.007073026841900292	0.12169410897387851	0.31017699098653584	-8.88248804317704e-06	0.019430686824289806	0.10305369463847841	0.26201777066450976	78.07612906002316	-78.07612906002316	draw3433	True
1.9873344541496443	0.12370986700035587	0.19888787494836443	0.008151692412100254	-0.25466575490919496	1.609429242893567e-05	0.0001952678810084105	0.6927679083883493	0.1445868873720751	-0.1445868873720751	draw3435	True
0.5029488250089854	0.14482581813601458	2.584574360174749	0.11206946793128959	-3.5367972140635535	0.002653600098204717	0.00019019649144858076	0.6919465311575242	4.998646478936106	-4.998646478936106	draw3436	True
0.4722814205857321	0.21003991445226788	0.2216349110314094	0.05436791464166914	-0.2944017741600888	1.9493345323177074e-05	0.0001555739340094997	0.6261283817706944	0.09536309908578942	-0.09536309908578942	draw3437	True
0.41624755683764914	0.08638428391935082	0.22914694504697686	0.354532447112593	-0.6125496157950941	0.00047453513047388516	0.0012068954477008529	0.3654371198780595	8.625162842363068	-8.625162842363068	draw3440	True
0.18940100049112435	0.05737869028387566	0.06818973057105347	0.4911597015431961	-0.5494772330089579	3.309959315541461e-05	0.0001042435983875303	0.12101304390317184	3.2824286634855935	-3.2824286634855935	draw3442	True
0.7436073339550512	0.008114610304948843	0.0022452406742162266	0.0123473527496909	-0.014046867280067881	6.635268390184408e-07	0.0030441620531814232	0.15204863464911136	2.635081017726878	-2.635081017726878	draw3444	True
0.419004047981959	0.38191162011904095	0.369752526872917	0.09634251903253066	-0.46654854705193566	2.521777071181532e-05	7.124438809990466e-05	0.6214885523144793	0.037720964393795436	-0.037720964393795436	draw3445	True
0.3821204007795026	0.001649910609497346	0.0008641408688610097	0.1038603959580836	-0.09025229654184241	2.4825390251755978e-11	2.2634425582657075e-09	0.008251278372104025	406.15740433766354	-406.15740433766354	draw3447	True
0.17934838512622603	0.10637395893277399	0.23793586936714786	1.1329102443088086	-1.3863046643531547	2.0821199560627972e-08	1.0755682151527739e-08	0.1710117787925983	33.48729305531723	-33.48729305531723	draw3449	True
0.05597697688639526	1.7337293337136046	1.539060273703645	0.010186173668006844	-1.4308644829245232	1.851017328755663e-05	3.933177625001913e-06	0.7094506092436372	0.029233871075379423	-0.029233871075379423	draw3451	True
0.09819925212265591	0.12111240544834408	0.005448825630360155	0.2668269666492411	-0.2694359122722379	1.0349243726262433e-10	1.3954576454719779e-09	0.020008149905414652	31.87288846333669	-31.87288846333669	draw3452	True
0.34110590390953843	0.006921114415461544	0.07778968848473092	1.0621176771453196	-0.1326054241989741	0.00010165674815262455	7.78716421835134e-05	0.06808372512750627	2.1760176287017874	-2.1760176287017874	draw3453	True
3.100761983607919	0.08045200062208084	0.04379966241528798	0.2654529638515739	-6.230293332180892e-07	0.009072775353990557	0.10320817837163043	0.10626099395144864	9.729032060451553	-9.729032060451553	draw3456	True
0.1780650928388475	0.1810501432311525	0.08714033266249692	0.7627170628442133	-0.8443601737855164	3.587180784157437e-05	4.914949406329128e-05	0.10200044282500748	1.959614522691808	-1.959614522691808	draw3457	True
0.06465177956133215	1.4922816650086679	2.5207408859314264	0.44488130907495527	-1.8674434336036059	9.937401038994211e-05	9.319230737102959e-06	0.7719369498877482	0.06564829464699622	-0.06564829464699622	draw3458	True
2.3985703036367267	0.02831472617327366	0.7661088971681015	0.020860658607845854	-0.7989861315663642	8.323899777392776e-06	6.900677088742279e-06	0.6975461362370969	0.0065317097189568265	-0.0065317097189568265	draw3459	True
0.0008779222465737843	5.888158318253427	147.7683593174052	0.050232777494618026	-147.77199038561358	3.3200961066837926e-06	7.599939271621517e-11	0.7069866035051803	9.321071104994921e-05	-9.321071104994921e-05	draw3460	True
0.2774003522402749	0.08135637953472513	0.010516952230448446	0.12514294241284366	-0.12714284437250592	3.6485045188136867e-10	1.9706505840834423e-08	0.07729248500151485	40.90854683319112	-40.90854683319112	draw3461	True
1.367531050178281	0.05837186464171897	0.017209485272134936	0.19699035221487013	-0.06699033141390164	4.617773781243263e-06	0.00010000001716726527	0.08008501383161129	0.34778020389605024	-0.34778020389605024	draw3462	True
0.24719989517738347	1.0750825165826166	0.06204888480517289	0.0024627874764546814	-0.05142791978311672	2.9318098649830293e-07	3.961601328980669e-05	0.7212759701341717	0.0032430340581132565	-0.0032430340581132565	draw3463	True
0.2960672532785123	0.0027353931744876735	0.07381862395958727	0.05059670150896035	-0.07768486572414292	3.489489850190638e-05	0.0016673801899165209	0.5102706386829435	1.1887679821493804	-1.1887679821493804	draw3464	True
0.0015774583408093268	5.234842893009191	48.47162373041196	0.27011124187477054	-48.72322769878126	0.0006562277460075224	1.3887668313353474e-07	0.7051393345004029	0.0019085445600827736	-0.0019085445600827736	draw3466	True
0.14694271441900728	0.015048422739992727	0.49780987155431233	0.7297028117177129	-0.14986236511212464	0.00018909971034542544	0.00010777356759820193	0.3758150661954535	5.0300436332015535	-5.0300436332015535	draw3467	True
0.15233584651244844	0.04437102937255155	0.3300471513775897	0.7230447923418876	-0.5899793976930082	0.00027908749450120205	0.0002291484088153266	0.29906397897524045	4.081651195614176	-4.081651195614176	draw3468	True
0.16795363477682027	0.07207658131017976	0.10800244541186681	1.8441120922518768	-1.6033970167556761	0.0003680300535647519	9.62820771427115e-05	0.05524131578016415	19.8138707136777	-19.8138707136777	draw3471	True
0.5088964287728368	0.0006192728641632414	0.6054708062033493	0.19166039033658377	-0.609600435689045	0.0001460758367150476	0.00014578239641325455	0.6048623475818015	1.6776205454667696	-1.6776205454667696	draw3472	True
3.9694719028947882	0.015985819855211962	0.9188157763896877	0.04117694966713947	-0.9297823058297822	6.21925675918323e-05	3.5220451338016845e-05	0.6914434364629007	0.02483332056496844	-0.02483332056496844	draw3475	True
0.38255566591747936	0.0380910371815206	0.00908069270657647	0.11494692516402924	-0.12435933387254647	7.054543306970485e-06	0.0004561542570509881	0.07301834148556388	5.175226088290123	-5.175226088290123	draw3476	True
0.10591672771821709	0.039816958862782914	0.054541166627970074	3.4122802667306757	-2.4330970192401367	1.7068430935839174e-07	1.4197869383550253e-08	0.015730379922470852	11128.88878959653	-11128.88878959653	draw3477	True
0.12314655539660362	0.01837056023039638	0.0019209912063543808	1.1209595288271892	-1.1137521141928384	4.1317556294579436e-10	3.2769231825490417e-10	0.001710768296538926	8767.83187777625	-8767.83187777625	draw3479	True
0.2192894257726161	2.697317383921502e-06	1.077880727907617	1.1949623378918641	-1.0782791918511796	0.00043477660566672684	0.00036985419593160994	0.9941522464309724	1.5651100249067613	-1.5651100249067613	draw3480	True
0.8606373248594821	0.0657220625985179	0.5092651328899608	0.437177049008671	-1.2251295797294226e-06	0.15795423513818552	0.15816796597113486	0.4906185733387734	6.256073078977815	-6.256073078977815	draw3481	True
0.06330965534920423	0.15188064888779576	0.016423770199898057	0.3740549433024275	-0.3907569606514029	1.1511730389209312e-06	7.53664837895774e-06	0.042023447204102816	0.3987180706281211	-0.3987180706281211	draw3482	True
0.13577258093578748	0.08336543147721252	0.0014956544641730916	0.27076424202524846	-0.27153989519375954	6.540507286460395e-11	8.823298613011802e-10	0.005493397726899372	448.8886263869959	-448.8886263869959	draw3483	True
0.9514515573666752	0.7143793980433246	0.5897833232812247	0.012242113871370234	-0.5222180636013085	9.525909654036449e-05	0.00013979919570182543	0.7144824926550218	0.1708406406767891	-0.1708406406767891	draw3484	True
0.09723312272881056	0.03739173521118946	0.002528714577807484	0.4730654669553531	-0.47549995367951975	2.6367758102722423e-09	1.1657028625139484e-08	0.00531688345549397	1318.5350864320649	-1318.5350864320649	draw3486	True
1.421571622019529	0.024588128490471133	0.019395247492851268	0.24879564368430643	-1.0825429427874234e-08	0.0027614484994112035	0.039192950142978765	0.061715351602986294	9.754370246548701	-9.754370246548701	draw3487	True
0.0462907268349017	2.6218795172250986	1.871432178195312	0.11509051554352086	-1.6790380194741308	6.813755351628157e-05	1.0344255480578683e-05	0.7291727727232975	0.01011480225847106	-0.01011480225847106	draw3488	True
0.2969200335739154	0.013012256414084593	0.001678076108498983	0.32367522464613385	-0.3140294650328875	1.572603012942165e-07	1.4855836708204574e-06	0.005157635458821742	543.593244795242	-543.593244795242	draw3490	True
1.2586847349076986	0.00474585540230143	0.15050948331398512	7.271389921903631	-1.950293402441794e-06	0.8872771256247737	0.016374879339360566	0.01224627207920423	17860.98291710622	-17860.98291710622	draw3491	True
0.08125972668632427	0.8198964809036757	0.46810580063676144	0.12417077428771785	-0.5401410123435669	1.0895575918008551e-05	1.9117910484355272e-05	0.620067742911701	0.016510447560683508	-0.016510447560683508	draw3493	True
1.4698695708754723	0.016210493714527607	0.12932555406809867	0.06029111932476515	-0.17631079715090509	3.7017647899513806e-05	0.0007026971034552145	0.563460905549029	1.0696854923273202	-1.0696854923273202	draw3495	True
0.042087708601613524	0.12208307401138647	0.20122637436650861	9.89008903227694	-10.078860012356294	0.00047109029623010096	4.6241929369071896e-06	0.019936585717454443	15.902964314500894	-15.902964314500894	draw3496	True
0.8900068299213378	0.05168968542366218	0.07462409961733849	1.0093742346296368	-0.26882926138183333	4.0359209181652906e-05	3.418472564907406e-05	0.06867897046349243	1.0830779328370308	-1.0830779328370308	draw3497	True
1.5815951159763624	0.038700831723637814	0.0500395681834377	0.2873712710776621	-1.4474679969900262e-07	0.010195963248620531	0.09538013077947317	0.1202411235456471	5.698290348188174	-5.698290348188174	draw3498	True
0.6422428323312688	0.0001390497097312401	0.7783188021486735	0.2171511331667099	-0.7799802182040771	0.00013760588337685575	8.617922862363274e-05	0.6159427094282943	1.444236306423625	-1.444236306423625	draw3500	True
0.07510598671264278	0.004912292805057233	0.008450236609815838	6.7163546262126355	-5.287134535163882	2.9399049006871674e-07	6.500895967232875e-09	0.001256576218960232	626565.4995394395	-626565.4995394395	draw3505	True
0.012112974345687045	0.005163827906012952	0.0010230579838519133	0.21394592870836424	-0.21483715493386496	1.1833861714921555e-10	2.5607373446804825e-09	0.004759041823607103	5069.609968840884	-5069.609968840884	draw3507	True
0.8077365889927667	0.17608401749423333	0.1608525777139956	0.1444690319830226	-7.211134470108682e-08	0.021374144605827382	0.24994767210812743	0.5060517700914652	0.4786567442075226	-0.4786567442075226	draw3509	True
0.0019609292544320034	0.862069268665568	17.551539007829618	0.6474692737484546	-18.156795311934932	0.0004121905682104883	6.447928776713198e-07	0.694186709040214	0.02086292440656414	-0.02086292440656414	draw3512	True
1.1123001615457144	8.665562727804286	0.6758898247671616	0.003684926988226077	-0.6526030401201649	1.9052514475235948e-07	2.096709360352903e-07	0.7090369615573201	9.307714115570614e-06	-9.307714115570614e-06	draw3514	True
0.4821102952733208	0.16771611246267926	1.541891554691101	0.4918888521804646	-2.4897602663640046	0.00638857415584367	0.0009808005626194185	0.6041459233059814	17.211671435152027	-17.211671435152027	draw3515	True
0.25900464980930576	0.08482190499169419	0.635128783029873	0.23829388092911052	-1.0688243286942654	0.0008504624733584767	0.0007292280716487635	0.5881196472141932	2.8647297723899423	-2.8647297723899423	draw3516	True
1.1308227098803973	0.017185688689602577	0.01385234925743577	0.001989351050451843	-0.01549875285099809	2.7488667038719786e-07	0.0006207300703023532	0.6582606215751431	0.016750027439107633	-0.016750027439107633	draw3521	True
0.6615910026025875	0.008852114374412476	0.00044363782557836254	0.04339618407235685	-0.03206433494636928	6.315102330213651e-11	3.285476491772173e-08	0.010118999040295605	14.642482086799314	-14.642482086799314	draw3522	True
0.6002372862361568	0.0037765572618432847	0.005827998727507016	0.11994409131920282	-0.011988057344355842	7.307143069436907e-07	4.609433485752348e-05	0.04628808397501058	0.48663215451063896	-0.48663215451063896	draw3523	True
0.27710677725152455	1.0438891554084755	0.9751584164430986	0.5547273941334988	-1.5082828316868202	0.0002123359912198899	6.451070799852038e-05	0.5375009899635599	0.09934518565460407	-0.09934518565460407	draw3524	True
0.007719175754105287	0.000725656394204714	8.793797159943068e-05	0.1493771463671226	-0.1494640632505063	1.0173502913364421e-11	4.553977287978249e-10	0.0005883511641162821	60131.719904204554	-60131.719904204554	draw3525	True
0.012218195217181522	0.03659683073331848	0.5772765940624658	0.16285222455354254	-0.70995535007988	2.4214304313662046e-09	2.7483807312553464e-09	0.6150159779074135	1.2659767043179677	-1.2659767043179677	draw3529	True
0.005471575197892564	0.08543902944650743	0.7785472107854268	24.336342108104652	-25.117942500448446	0.0003621545414893231	5.736067553507568e-07	0.030984544346656758	7.144060670548038	-7.144060670548038	draw3530	True
0.21016459702453796	0.02187393460646202	0.012589261056260188	0.17437068786318172	-0.17054806315424706	1.2463795444290298e-09	3.549673533617992e-08	0.0671845309236047	27.427198188695375	-27.427198188695375	draw3531	True
0.3381939955052398	0.3447572618807602	0.3401078064576746	0.07971097302517395	-0.058775244537315696	6.42006438517109e-05	0.00021992474798747678	0.6294829102231659	0.2637844549462334	-0.2637844549462334	draw3532	True
4.147149229106357	0.12555701401364355	0.0713033287384349	0.0439328273754691	-2.0785014751001363e-09	0.003100633566414431	0.3019067916572609	0.6666336093067269	0.5777919026867341	-0.5777919026867341	draw3533	True
0.06676852584633895	0.11795047352466105	0.006873504286230399	3.8401255151449494	-3.8208252671794707	2.2384594103003098e-09	1.5125289151020029e-10	0.0017867156396515432	25263.414902361656	-25263.414902361656	draw3537	True
0.6148500416178705	0.17508226055912948	0.5119011175300726	0.10873414357374939	-3.9012248154168816e-07	0.04814599192355698	0.08190508538915821	0.6648603745546248	0.844659123579009	-0.844659123579009	draw3539	True
2.097164496507656	0.041479195232344085	0.38879854468629516	0.0666902497133067	-0.424384026654334	1.893993654634818e-05	5.2811275018973564e-05	0.6492301743866599	0.010955785130249416	-0.010955785130249416	draw3542	True
0.653230774708669	0.07193155501633111	0.12882334693799358	2.3745130652646416	-1.4940629558339418	1.262765758839712e-07	2.009721072524054e-08	0.05139265715688026	59.785453583304374	-59.785453583304374	draw3543	True
0.005934779216181281	0.0037380183497887206	0.0028127648942499668	11.32778220975721	-11.330401848640458	6.99655130910013e-09	5.4497749179244157e-11	0.0002482451110855529	11261096.979504464	-11261096.979504464	draw3544	True
1.4104607228654589	0.2723407760645411	1.9352882771220832	0.35821356080957567	-1.1618932663601709	0.002360312624736352	0.00037870964851610667	0.7752005380265268	6.140546545568375	-6.140546545568375	draw3545	True
1.1313297227272532	0.00627376121274694	0.24219370690534825	0.015666240336605356	-0.24955736812273127	8.205683360131689e-06	7.461577426533407e-05	0.7303327915881369	0.03891227044509084	-0.03891227044509084	draw3546	True
0.03862017951548846	0.5608303325745115	0.17635711086711942	0.0105623365417723	-0.17530195749758945	6.250195203035889e-07	9.464155046183033e-06	0.686257506785096	0.007032135809777788	-0.007032135809777788	draw3549	True
1.2518391742300221	0.05954187461997787	0.007761523264632335	0.014010230095391046	-0.0073512569573621145	7.896073740689204e-07	0.0014779913047592414	0.3357944955415513	0.27378953201096795	-0.27378953201096795	draw3550	True
0.41404931910284276	0.022838775364157217	0.21185073178149869	0.04682300677530678	-0.0076523632513402495	5.417675721757405e-05	0.0004846188324504193	0.6336122017530736	1.7768997365045598	-1.7768997365045598	draw3556	True
2.2607472954471413	0.16746504124285866	0.5798971263295487	0.02717915848677578	-0.7489518168975499	1.6909014605053986e-05	2.3990465699874608e-05	0.6907344969424066	0.02141469227682881	-0.02141469227682881	draw3557	True
0.13929414361809503	0.0017799418229049579	0.0029648790400664737	0.7572007689507956	-0.7528413936046237	7.726625305988228e-08	1.3371088553745848e-07	0.003900276860116593	5087.274370396998	-5087.274370396998	draw3558	True
1.1378588569440187	0.0012923127859814035	1.021936598839248	0.0969445304117454	-1.0270421284866142	0.00011624397892768236	5.062341545006355e-05	0.6743951527261569	0.10359409730393876	-0.10359409730393876	draw3559	True
0.10058786458809198	0.46847340006790805	0.5205827095220698	0.10502127721167845	-0.6281511660390925	2.5513930169649005e-05	3.851818048010102e-05	0.6396375329140283	0.06881543838783402	-0.06881543838783402	draw3560	True
0.6188436008381689	0.03133198247783102	0.017319316523811423	0.010899830223774077	-0.02813828748041295	9.297380803903869e-12	8.480853025642504e-09	0.523082521047829	0.49577643512393643	-0.49577643512393643	draw3561	True
0.5357560676075532	0.016342037572446746	0.0022174060500809167	0.37167435364691775	-0.3140080077080165	1.864488911731995e-09	1.3336833899923342e-08	0.005930505284761297	193.46814125514996	-193.46814125514996	draw3562	True
0.4509061396584094	1.1711018341115906	0.07669762361722442	0.008216619839526988	-0.06647612154175468	7.841026548648389e-07	5.9887379382699116e-05	0.6702905545877857	0.002611676142746314	-0.002611676142746314	draw3566	True
0.4043523911616555	0.024462500460344486	0.05518054582773461	0.49605481537325424	-0.11107726122549365	9.397004247738105e-06	3.0618578184452434e-05	0.09960560324800877	0.9350175550200867	-0.9350175550200867	draw3568	True
0.24345362889145045	0.15920193019254958	1.4073876026988874	0.5811611951753747	-0.9206219483005842	0.0005456915432207026	9.194363874590095e-05	0.5776981135857157	0.9349545709029796	-0.9349545709029796	draw3569	True
0.1297390905559783	0.023650355961021732	0.002060091019563928	0.04587680142619013	-0.047503875120079544	1.544163103811272e-11	6.707367118646169e-09	0.04293543447950994	12.164167638698551	-12.164167638698551	draw3571	True
0.7725085332097679	3.7123013301502317	1.2469526153328858	0.3260706181506997	-0.6259061209229232	5.961101081770721e-05	2.4807795364481418e-05	0.80441617127136	0.041345872431660886	-0.041345872431660886	draw3572	True
0.3061050572742826	0.39010913002471737	0.7894277893262747	0.025274000011546557	-0.5229173088441628	1.8605106542391953e-05	1.4456909889023306e-05	0.6958795381675686	0.08531716352813111	-0.08531716352813111	draw3573	True
0.03375105297822669	1.6763089339317732	1.8281210074644667	0.08062650004917861	-1.9013402747411807	1.6917772661622798e-05	2.4218956090303413e-06	0.6916892990087786	0.012168655327442539	-0.012168655327442539	draw3574	True
0.11440471387311678	0.005659441968883233	0.0015902240426372545	1.1492307845301468	-1.1507158489791942	8.463317279158608e-08	6.390343889896561e-08	0.0013818156869421856	46333.175643070164	-46333.175643070164	draw3576	True
0.0005387685734644375	1.245624904755861e-13	0.012958164543426867	0.37119055603311524	-0.3841487205954243	0.004809948302956534	0.03490970171946104	3.492337817354645e-05	1.1770633442407035	-1.1770633442407035	draw3577	True
0.39623486433639543	7.034125645453605	2.6739307165111006	0.7468893146091639	-1.7788985616811617	0.00016062625761008135	1.478601042084516e-05	0.8112736746028492	0.0052412569049637035	-0.0052412569049637035	draw3579	True
1.1006076958711117	0.028087017248888145	0.42865587394893206	0.16473846734360784	-0.4955169614873493	9.328153875709359e-05	0.0001740773569288713	0.5855743676455523	0.20002273714833158	-0.20002273714833158	draw3586	True
0.9559054939120281	1.5149192089879717	0.2084615740560697	0.15068172754852754	-0.024055299160818736	0.0043595384052340265	0.0927593989996774	0.9612382679262274	0.014079061659407718	-0.014079061659407718	draw3587	True
0.9957364729693234	0.0005098071966765298	1.2408541004316738	1.3988228702016139	-1.240719579966119	0.00018079908382477182	0.00011555071279256169	0.9919937179100959	0.11249450002141712	-0.11249450002141712	draw3589	True
0.5155858042535664	0.0001125525564335463	0.8140882463274562	0.004403772108314015	-0.8152083489804409	0.0004034274546104071	0.0003060038002739795	0.709009655575866	0.8921080948819498	-0.8921080948819498	draw3594	True
0.8100846435914574	1.7587015994585424	2.831616059823878	0.3278988874328863	-2.359613408363548	0.0015372908978238946	0.00010760330300736813	0.7491506114522963	0.14869499043259282	-0.14869499043259282	draw3595	True
0.778102104763953	0.000665682436046837	0.032041057254126586	8.11926116140932	-6.955037107278517e-07	0.15497746994623446	0.0023360388435256663	0.0031650877391278787	29278.519213543423	-29278.519213543423	draw3596	True
0.34875881726387736	0.004328460601122673	0.012087929927798552	0.10869576204777553	-0.11090418030899653	2.290543813626958e-05	0.0015545569456204991	0.09957115643151708	58.09433622520175	-58.09433622520175	draw3598	True
0.49415836962546955	0.22949727198253045	0.09742388228372202	0.026398453398729305	-0.13503339604113562	1.7090052680280024e-05	0.0006884693563212358	0.6183521459095166	0.3832784645679382	-0.3832784645679382	draw3599	True
0.012304754331563186	1.2869366565484368	10.618943160254265	0.06582439085328723	-10.556195932703162	0.00025701388763276867	1.1325879280277492e-06	0.7049185917500738	0.010782430558018244	-0.010782430558018244	draw3600	True
0.026609170127723143	0.051663056658276856	0.028430847864747855	0.6710672269270588	-0.6999383557196832	2.3099906834762087e-09	4.713248351707509e-09	0.040611109954343284	63.38769434179398	-63.38769434179398	draw3603	True
2.1170922216708764e-06	1.918391239599236e-13	0.5510533298316816	94.46686861370199	-95.01623135113842	52.055350896753474	0.005833401680119655	3.138938919795989e-07	4677447.145407056	-4677447.145407056	draw3604	True
0.5801203406748965	0.057831094363103526	0.365499832943066	0.08687190304736257	-0.5290716130203614	0.000516543001747001	0.0015272345967573952	0.6284721578745334	3.6751748113243887	-3.6751748113243887	draw3605	True
0.2976368501449429	0.004116373714057093	0.0005687727408007588	0.04066344793506982	-0.0410542336523045	8.293168870588145e-11	4.8771310521877076e-08	0.01379306340555579	20.201216546595994	-20.201216546595994	draw3608	True
0.03748831134158252	4.357701985428418	0.6388151443354794	0.001122435187613244	-0.6288401900808079	3.191764615289064e-06	3.917540779194451e-06	0.7077282613750117	0.0006662447361094122	-0.0006662447361094122	draw3611	True
0.24290933668423667	0.5201073220887633	0.8107450998284973	0.22285407528813764	-0.7905378814752921	0.00015875337810645064	9.199709329647221e-05	0.6171772295917166	0.5331283185130089	-0.5331283185130089	draw3612	True
0.6412566524451481	1.3616920646848518	0.5485197828044707	0.013738086568176669	-0.5704618751700562	8.285163391524832e-09	1.3427970493848647e-08	0.6983078847500462	0.0005924910062211347	-0.0005924910062211347	draw3613	True
0.22089126317455474	0.4198462514464453	3.93878570233309	0.07323223204656018	-1.078203880181778	0.005640687134172555	0.00017844510497825813	0.7005653596232106	2.590722889059232	-2.590722889059232	draw3614	True
0.1865988442915604	3.2780209280184396	10.66694621504175	2.028379273227762	-7.942772509898315	0.003487139563304634	1.850839036451156e-05	0.7771230060772554	0.061717816747565706	-0.061717816747565706	draw3615	True
0.504030140193537	0.003125869603463025	0.009661633084513257	0.04953479280174904	-0.06020829075231814	1.3952960223734773e-05	0.0038789437813748677	0.16104655311691993	24.62596182303061	-24.62596182303061	draw3616	True
0.16403930944368195	0.12989493496531807	0.12545489120775202	1.5250357585142802	-1.5947744986544259	0.0001765106185723504	6.44232691947398e-05	0.07579200630794221	5.866221992093265	-5.866221992093265	draw3618	True
0.2173943231692894	0.21564794956171057	0.9011226424454427	0.14581840158605286	-1.1580016777196749	0.0001969607981535967	0.00010322312756638187	0.6523527661322508	2.560189643296145	-2.560189643296145	draw3620	True
0.8102290962248524	0.00019225391114761542	0.08259814642168345	0.004991845517525355	-0.08294095172007104	1.1327704719393074e-05	0.0008818428597875856	0.7287772285613712	0.4837091205901802	-0.4837091205901802	draw3622	True
0.4841210338369863	0.6026884511530137	0.19269861614225875	0.17411398681787146	-0.37996493470993126	4.3894130343968336e-05	0.0002556678894428031	0.46506473934837017	0.19040652660577503	-0.19040652660577503	draw3624	True
0.09854467086848014	0.18290706097351986	0.057267726816210035	2.531577029624884	-2.5642847393098953	3.5871239152527556e-08	5.3496072505823075e-09	0.02211554795370786	550.129268834117	-550.129268834117	draw3625	True
1.0772558256554612	0.03804162550453881	0.012688126903822131	0.006130611841915937	-0.017687238910050872	7.704882750094029e-07	0.0014957315711463346	0.559036620749117	0.09399952997879861	-0.09399952997879861	draw3627	True
0.9525474869353961	0.13323039487460372	2.987404274057043	0.20570603837229295	-3.3396242216086396	0.012155458005889843	0.000729502810631224	0.7318493962844911	23.521584578773464	-23.521584578773464	draw3628	True
0.48297195516984814	0.00012809355715189913	0.19386661027009586	0.1190858181336258	-0.19398802771202597	1.0266306012427422e-05	0.00023777576398046496	0.932995835337451	0.5308125338336431	-0.5308125338336431	draw3629	True
0.633553379779466	0.013972582594533885	0.008511418079127107	0.03853201604800576	-0.019882381327507834	1.7351577248833326e-06	0.000759196565467361	0.17803514331253797	0.4711812620607032	-0.4711812620607032	draw3631	True
1.1247222275170725	0.2257892680929275	1.96803832299531	0.08869245913779251	-1.3386584446012069	0.005035575316687128	0.0006800000208046474	0.7232082544930664	7.403751341257479	-7.403751341257479	draw3633	True
0.4104530718715202	0.007654833342479762	0.00011232324899654368	0.3101894218134452	-0.28552360981315816	1.1579142691429249e-10	1.2025632139056884e-09	0.00036198069643341005	2458.455807756601	-2458.455807756601	draw3634	True
0.5074178633455856	4.398835641444135e-05	0.7550084506004792	0.1309474336793212	-0.755327128633798	2.4514638321202952e-05	1.809257555768448e-05	0.6486184004937436	0.0817991665512778	-0.0817991665512778	draw3635	True
0.49219210407511516	3.979760088486561e-05	363.43601342494463	0.058168626140000686	-363.5481660787223	0.40303048305050143	1.5253955742105723e-06	0.7070502065454431	1.7099626141621247	-1.7099626141621247	draw3636	True
0.6593577879973168	0.3411789198726833	1.6228491148612154	0.03657017659773161	-0.7453094878911344	0.0007466272723516558	0.0001449781566803739	0.7151176559984376	0.6896978019808013	-0.6896978019808013	draw3640	True
0.06767773327818227	0.021234030582017734	0.6688555992152735	1.724589593399317	-2.4257554485312323	0.0007420730493365228	0.00012015534347791364	0.2691414215623438	35.434960042666134	-35.434960042666134	draw3642	True
1.4584676638106093	0.03491664442939071	0.48867057581484796	0.3559426335306646	-1.0283579844172497e-05	0.1502157572105575	0.20040160191999215	0.5385798513663941	20.88989547138968	-20.88989547138968	draw3643	True
0.12517721502774753	0.16309010640325244	0.02575992937731552	1.3286674559698932	-1.3419653922842953	2.1959755972591977e-08	1.1966275309690096e-08	0.019015616423853687	310.36638967819744	-310.36638967819744	draw3644	True
1.3996862504991006	0.01891653776089946	0.07032521794623917	0.3584671584168627	-3.2577658615196015e-07	0.018949136077196685	0.11177800156705127	0.12996248921750708	21.791205488310787	-21.791205488310787	draw3645	True
0.7302258515726737	0.1808378770963262	0.06821349551260286	0.00459200657862305	-0.03666494361043523	1.8532798452901015e-06	0.00021300144307735304	0.7312924133077213	0.20246746026511303	-0.20246746026511303	draw3648	True
0.5972839759115998	0.043421712988400245	0.008878394754717904	0.0053831785958556675	-0.012491974413212488	2.457664449779062e-07	0.0008708424393348627	0.528496998413954	0.17049696261931424	-0.17049696261931424	draw3649	True
0.4185993131842414	0.03925107670775859	0.014009440081597782	0.10970780863688565	-0.11848275120453393	4.937138332962159e-06	0.00031847975555753997	0.11251808399354563	3.0165329480003478	-3.0165329480003478	draw3651	True
1.0770453615702376	0.29393000438976247	1.4851259633716398	0.3765618077992051	-0.8288994315020375	0.0038895717576503145	0.001132488191040008	0.8013626232366328	4.539300832497881	-4.539300832497881	draw3652	True
1.3248512854332684	3.4444373652267317	0.43161365639241683	0.11497199666663774	-0.18542732209001095	2.2841944693741488e-05	7.97130048051876e-05	0.806293630644091	0.006449285302279522	-0.006449285302279522	draw3655	True
1.305413898734054	0.03257844670594605	0.3275385255621155	0.0352509649938834	-0.3644381342425289	8.035559463358686e-05	0.0004169680598750465	0.7461148683711579	0.16074396305935745	-0.16074396305935745	draw3656	True
0.34703402893104246	0.5515308236439574	1.7539526029960744	1.3702830425466883	-3.2957635221174453	0.0011054306771466258	8.611152688104644e-05	0.48953386042441044	0.9889131174631367	-0.9889131174631367	draw3657	True
0.2786127375940092	0.1607278631709908	0.4941981822002643	0.22009839962440642	-0.7165655277089418	7.72662852034521e-05	0.00010241386855000988	0.5689649431792371	1.866898420776589	-1.866898420776589	draw3659	True
0.034846979130636106	5.864222290859364	1.2728641699046337	0.08433775132533367	-1.179894236005859	2.914993982294727e-06	9.61162917493627e-07	0.7309063479073657	0.0005816787795061161	-0.0005816787795061161	draw3662	True
0.35822362745751474	0.05519208273248527	0.022766898929382502	0.07212085150424057	-0.08928679347786699	5.68059156173264e-06	0.0005965758502020126	0.23331281270821272	2.17166823915324	-2.17166823915324	draw3663	True
0.19594213642192154	0.27822736182107843	0.3783464766739268	0.3249497667331019	-0.7338299642112587	6.134508095014656e-05	9.618659479182695e-05	0.47375858188133496	0.2595952481428763	-0.2595952481428763	draw3666	True
0.9608118747244113	0.06637679427558878	0.051484103268942226	0.17190040635330975	-0.10686501137467547	1.983724309418203e-05	0.00037748411184010465	0.2245852610595945	1.0412016998449023	-1.0412016998449023	draw3669	True
0.13290937317077114	0.894857049499229	0.5119064124669996	0.07385902298106814	-0.5414286968293289	1.2015415041566756e-05	1.9854633600088882e-05	0.6580397363329775	0.014918149009198245	-0.014918149009198245	draw3671	True
0.9997881168428324	0.08262317952716773	0.7358693022031818	0.31186744509882525	-1.1999845265984914	0.0004861850528870839	0.00029658907711355246	0.5747479387182447	4.741035451682836	-4.741035451682836	draw3672	True
0.7400052623348543	0.02143454031114572	0.0005409557796303525	0.005685705881877199	-0.0016866637175475534	4.0946252982449205e-13	1.0481852087716702e-08	0.08655131988515309	0.2224216043053147	-0.2224216043053147	draw3674	True
0.637917836275813	4.272270969264187	2.027337725517114	0.5393095476238964	-1.1552147903248495	0.00025172055802385486	3.980195702819557e-05	0.806155779911017	0.028741809832381688	-0.028741809832381688	draw3675	True
1.0281804866149322	0.00015126200506792944	3.0588843621925137	0.029009447738813834	-3.060606584702525	0.00019525477458974313	1.0335391289590454e-05	0.7037617999901661	0.1070784167794483	-0.1070784167794483	draw3677	True
0.23759738086574686	0.06822162967325314	0.0029083017324622205	0.14159484969338254	-0.13967030053605642	5.557413996875006e-10	2.6603711637680527e-08	0.02012214168517501	11.646968781360819	-11.646968781360819	draw3678	True
1.4094163967915152	0.44661875056848493	0.34375572483822386	0.02387281433769412	-0.2674515434729789	0.00014944258466394018	0.0006777573799938613	0.7320652561359724	0.9464398217888511	-0.9464398217888511	draw3679	True
0.16319986720548002	0.01822763249652	0.013614660321274655	0.5947314617169982	-0.20789061301093031	5.4650003379338715e-09	1.4759486187416485e-08	0.022374190594575533	1379.7690178783055	-1379.7690178783055	draw3681	True
4.490852184852135	0.09685348141786493	1.3823930204519141	0.1855798348493285	-1.4905393605256585	4.072194536588081e-05	9.319484066700779e-06	0.661322363292568	0.02102290961394657	-0.02102290961394657	draw3682	True
0.34568106140492255	0.9664467284950774	0.9569202642310144	0.41029128024770656	-1.0372949028498686	0.00025008980626876865	8.980002633819419e-05	0.5734109536873807	0.1644165639762805	-0.1644165639762805	draw3684	True
1.4251896346497173	0.16699223801028298	0.638504106933417	0.01083999030267886	-0.9062764649406414	2.171003029911925e-05	2.6177630912183883e-05	0.7011301613196507	0.0676236840658724	-0.0676236840658724	draw3685	True
0.8226182126650479	0.00033978000995217415	0.25657268990907944	0.04151409130112627	-0.2573862429475551	2.4555965607155908e-05	0.00015874799476102035	0.6523580649781969	0.30612532931972736	-0.30612532931972736	draw3686	True
1.4699947029871008	0.010729838202899342	1.8610340558778902	0.014415216264156669	-1.9100731683049075	5.2663965567736024e-05	7.544161878746157e-06	0.7043735523375203	0.02406707153938065	-0.02406707153938065	draw3687	True
1.5964057427505816	0.13224635448941827	0.36000377540235234	0.05339191932537438	-1.48612309613938e-06	0.019159053629054516	0.07263943371393573	0.6990539217368168	0.4225112876407968	-0.4225112876407968	draw3689	True
0.5354620865403356	0.9064189213896644	0.07632953038637594	0.20419302395242792	-0.28184023071678027	3.98979110381865e-06	4.720579286091066e-05	0.26255189260448236	0.02972080090739288	-0.02972080090739288	draw3690	True
0.4203004609953692	0.05861880021363082	0.5532273623512491	0.5860622259554426	-1.2593353934486962	0.002554411140393232	0.0015925086826833238	0.43681427369797765	18.684312844377658	-18.684312844377658	draw3692	True
0.021516718600257306	0.041335745680442695	0.06117487251706875	7.226644011061403	-7.288035577288939	2.480418199919526e-08	4.669809532268456e-10	0.008393830632968804	17307.440292377923	-17307.440292377923	draw3694	True
0.26081647374227995	0.029573259785720073	0.00944142355245001	0.022486534539946774	-0.016822972849049277	4.75027137608309e-06	0.0042856688370503035	0.283558039621974	0.8687732737752786	-0.8687732737752786	draw3695	True
0.2891132104163551	0.0526466326436449	0.003145183213130552	0.13225720970166313	-0.11665841126667437	6.49902616204665e-07	3.542920156295443e-05	0.023222126359431314	2.3166707276380434	-2.3166707276380434	draw3696	True
0.6699526250208776	0.08433378219512246	0.06713822112030016	0.11942135311259985	-0.1974622503290428	3.6861061791405195e-05	0.0009376586950111187	0.3386154953396942	1.4131687913832778	-1.4131687913832778	draw3699	True
0.009265148508806451	0.006235335043393549	0.006514293956591183	101.88114699542152	-101.88746535290913	5.8506584750884876e-08	5.635877680544277e-12	6.393604351229201e-05	78342964.57393093	-78342964.57393093	draw3700	True
0.007603855338839728	0.5497987865741603	1.7467515157457159	0.011396385139186027	-1.7306046174333949	6.602664689671382e-06	1.0749630303251044e-06	0.7048038565090697	0.009494259955505248	-0.009494259955505248	draw3701	True
0.4257797811146056	0.04479247758239436	0.021685351685399618	0.10384715081964853	-0.06260012818460933	1.658523492569503e-11	1.0219716713060836e-09	0.17022568467843952	0.5814856127508445	-0.5814856127508445	draw3702	True
0.4648265255332759	0.04236692882672406	0.04576415359498005	0.130525561161924	-0.16499793609106764	1.9727183796263554e-05	0.0005946876595613768	0.25126743858493095	4.712798114335351	-4.712798114335351	draw3703	True
0.49497082953378835	0.053842518704211625	0.2615036132550739	0.1270622197221869	-0.4461597215207073	4.9586917154358816e-05	0.00022604499735239152	0.5583307729448509	1.1301813719886729	-1.1301813719886729	draw3704	True
5.595753078898268	0.059948642901732005	0.1599598512301739	2.337504884396667	-3.3070361651482694e-06	0.29334138086921635	0.04918213976278344	0.04330868283783088	244.60282853867852	-244.60282853867852	draw3705	True
0.04479237181965642	0.2279754333643436	0.4319171236228253	5.274344682149145	-5.70999236321739	0.0004156664320721219	1.2692889186932657e-05	0.07547587970601323	4.1265661403979825	-4.1265661403979825	draw3709	True
1.3866145391115936	0.5362391134284061	0.2338696691543201	0.04178418355223567	-0.10460867779946437	9.545520233722533e-06	0.00010421799264553017	0.7727614528450135	0.04660088743652155	-0.04660088743652155	draw3710	True
0.24688126384982928	0.0030209423491707184	1.0294303119838037	0.8835746561594945	-1.0837053453887584	0.008672585412957724	0.0018377176083144886	0.47387032745402774	26.625926705341435	-26.625926705341435	draw3712	True
0.027635876426894777	0.029500528128405226	0.026488138598873362	0.0730823010560068	-0.0877992462139508	2.535518411604717e-07	2.3884172498784276e-05	0.2570828783350832	0.05524136532597126	-0.05524136532597126	draw3714	True
0.0025804196892468077	2.584301676130753	25.54221591098323	0.16729108415084384	-25.669944675769916	0.00019162005126877187	1.458980144730169e-07	0.7047949547463288	0.004140184881204156	-0.004140184881204156	draw3715	True
1.0214409449798478	0.8945077966101522	1.306911098101173	0.17576566023514212	-0.9385183962980039	0.00016641371614754526	5.570321043976211e-05	0.7561215208665724	0.08900942572424857	-0.08900942572424857	draw3716	True
0.008635615164587196	0.007230849584612806	0.15291859482627845	8.712694019035348	-8.866203418929041	1.0478088207531082e-08	1.3327090915096664e-10	0.01724594329353195	15198.567853970511	-15198.567853970511	draw3717	True
0.01094653844431651	1.3601663088556835	1.837314639155183	0.0029527021943064826	-1.8222509307225014	1.409537545692205e-05	2.084402767160451e-06	0.7065388248600886	0.0059056916222913584	-0.0059056916222913584	draw3718	True
0.10077722727136146	0.12372800620163854	0.01789745798834013	0.2249418672265816	-0.24341215484532133	2.1633681134732506e-06	3.64871360912725e-05	0.07350146149341354	0.49988463253645443	-0.49988463253645443	draw3720	True
1.0061382916501285	0.10220232439987165	0.011963922872582718	0.003266939712995506	-0.01917322009620185	3.6353904490376336e-07	0.0009691508632537379	0.6177225228400328	0.05034464882938383	-0.05034464882938383	draw3722	True
0.1078850112560513	0.020904959565948705	0.6221122698524709	0.62111684798475	-0.18930251078316562	2.6775681135727072e-08	1.385444206136745e-08	0.4474999847581715	18.608279735414612	-18.608279735414612	draw3723	True
1.1987981977807582	0.015136996099241719	0.8245625077754202	4.9116473102125875	-3.5555586123114935e-06	3.3657740058884484	0.11368382396019466	0.10085712332504197	716.6689473674867	-716.6689473674867	draw3724	True
0.2891190079206558	0.1472189184683442	0.09634777393521658	0.4006944498361253	-0.5059996966649256	6.048507747770026e-05	0.00023596220116498418	0.1902998570411338	2.2709821482182027	-2.2709821482182027	draw3725	True
0.022213617801643083	0.13158763336535692	0.06556138618355445	5.27176846191068	-5.3347626619492035	5.4861668496477534e-08	1.9255526654141433e-09	0.012282628668874935	401.3330535063757	-401.3330535063757	draw3728	True
0.12358090861385221	0.006175501470147779	0.0006542626866156161	1.4204087691128287	-1.4125835992362654	6.122070936679613e-10	3.0315977921688073e-10	0.0004604036573818603	40423.002091412374	-40423.002091412374	draw3729	True
0.6608255132724173	0.13844776763758274	0.27825627928415975	0.31168660884479993	-0.6497392932592257	0.0003396810891268655	0.0007983900530786235	0.42659545646227853	2.6568268481552204	-2.6568268481552204	draw3731	True
1.8875316007689975	0.37237702237100256	0.11229572881917743	0.002232708013967844	-0.10717669016109138	1.8141461637956155e-05	0.0007337146430562958	0.7141518764361059	0.3008093280405166	-0.3008093280405166	draw3732	True
0.29253249243434426	0.03989320724565573	0.030253589680503897	0.12452154778722352	-0.12661113869589596	4.698934777666925e-07	1.889351471226764e-05	0.19183753259918607	1.74965367153306	-1.74965367153306	draw3733	True
0.6465419498523546	0.26024889978964527	0.19202312957198345	0.13456727867085094	-0.3021310470674836	1.859615955998179e-05	0.00012955911955930022	0.5068458501801201	0.12610570129482349	-0.12610570129482349	draw3734	True
0.8423817746083829	0.015472503192617018	0.23678527438903677	0.36188662851230574	-0.2671414577773369	5.928481041119051e-05	0.00014303582224620953	0.3677946033945775	0.4409245303322367	-0.4409245303322367	draw3735	True
0.0020344351305707884	0.09298735804172921	0.16827380367917308	0.3252082635170677	-0.49289530112514673	0.00019893482686684236	0.0007318091757228074	0.3227446311900734	0.001243837002183879	-0.001243837002183879	draw3736	True
0.5640789642546429	0.07193687853535709	0.1344596097880694	0.06350040242562166	-0.0011717910985918345	1.9188297437514258e-05	0.0003350643251312047	0.5618723592351168	0.3162788546309771	-0.3162788546309771	draw3737	True
1.1565723744898242	0.6281423145301759	0.67020828076222	0.020622239931955756	-0.5029091573411288	0.0002449356165360253	0.0002811650114469061	0.7180661270102169	1.0346151121562022	-1.0346151121562022	draw3738	True
0.21052311306176427	0.14305684499023572	0.07823023883101803	0.11038296247768319	-0.19591006108604644	4.394754621574855e-06	0.00010540267157298993	0.38311851056795715	0.42801267234218093	-0.42801267234218093	draw3741	True
0.7729244804915841	0.009905246571415878	0.003454745338637199	0.1271141078899162	-0.1251373638183204	2.792981701821821e-09	1.6371368200184515e-07	0.026449927267013316	46.20878176581336	-46.20878176581336	draw3743	True
0.13796738795309937	0.0955101121089006	0.02838902517038273	0.40916556763013345	-0.4363630239674915	8.419796871216491e-06	4.379381557085991e-05	0.06474495992352047	1.7112676159625109	-1.7112676159625109	draw3745	True
0.0890160120137423	1.2730997421562578	9.731364148931064	0.017688144362411434	-8.537684699081098	0.0005826263466349434	3.0706003021983433e-06	0.7064644433632519	0.06159689210397214	-0.06159689210397214	draw3748	True
0.3302864436761717	0.10723461882682828	1.3089080886821256	0.12150681220498667	-1.3886810307870547	0.0030227246258629917	0.0008040728138487475	0.6750833254562768	5.296160437874088	-5.296160437874088	draw3750	True
0.131621683581966	2.477192389588034	0.3868493017812293	0.03443608206552162	-0.3257913294334198	3.326061165740872e-06	1.2145671021077273e-05	0.7392434043316213	0.003876053858204094	-0.003876053858204094	draw3752	True
0.12853954146157326	0.01574280213442675	0.0015141119258815351	0.5450243756300024	-0.539586834405469	1.68659234622751e-12	5.6463174390082365e-12	0.002770355884188146	3628.292923092461	-3628.292923092461	draw3753	True
0.018394105798718207	1.0756169568512817	4.1161446077838555	0.03904356296486115	-3.991363968251437	0.00013666862470274797	4.071711549070227e-06	0.7104683141485799	0.02508451473020212	-0.02508451473020212	draw3754	True
0.07031908483913818	0.018085498769361812	0.00897754694975464	1.2501706083400579	-1.2586323073022563	1.5735787711441562e-08	9.924593873433989e-09	0.0071296763095376175	7592.0581866679095	-7592.0581866679095	draw3756	True
0.30882042366660223	0.2848623748683977	0.8460392547827438	0.07414102617924699	-0.8772260470196801	0.00013285138216691424	8.502412943398842e-05	0.6768283952982467	0.8789218640112623	-0.8789218640112623	draw3757	True
0.7313579546871579	0.002351148600842068	2.029018623303011	0.026704307836924884	-2.04990228440073	0.0007397201214681301	9.102915350589155e-05	0.7117747335637231	0.4371329295753664	-0.4371329295753664	draw3758	True
0.33269539644905166	0.3120579726939483	0.22383776545812598	0.23537634973776622	-0.453856724893536	4.05544683527611e-05	0.00015539246966659372	0.43815620658829635	0.4925690749904828	-0.4925690749904828	draw3762	True
0.8651242147579001	0.030388093699099915	0.0018758650517892018	0.24677190840880772	-0.05388615870223433	9.78382588518773e-10	1.5823948031494204e-08	0.007544051743676818	41.247722106935775	-41.247722106935775	draw3764	True
0.5105898495190037	0.17270426076999637	0.02020137005083754	0.13378499553863377	-0.13318028027877993	3.1875452603872383e-06	0.00013215420971246527	0.13007472750446608	0.4462218347305656	-0.4462218347305656	draw3765	True
0.5372319440401981	8.943872980176563e-05	7.603661158640516	0.34513923213939635	-7.607006677429614	0.004367081103663771	3.6091855590652204e-05	0.6912445681346516	0.44562800922874574	-0.44562800922874574	draw3767	True
0.06235872319994503	0.044328593697054976	0.005983460895038116	0.11536971566773375	-0.12144226285264706	1.52205120330979e-07	1.0310326878639975e-05	0.04924634841251342	0.9315460237625977	-0.9315460237625977	draw3769	True
0.28361593955950115	0.08529407142949884	0.013473748338346381	0.447084954060291	-0.3907258487308801	1.1892806529041756e-05	5.601997080941732e-05	0.02924266151137605	3.1306924570542196	-3.1306924570542196	draw3770	True
0.00467993899650649	1.9171886252034935	12.672964460233471	0.7748470872310137	-13.409822888608005	0.00021363835788085268	6.256840524362606e-07	0.6858294723562336	0.008835067317795152	-0.008835067317795152	draw3771	True
0.24640310931404866	0.12025885438595134	0.0007406945401834159	0.16917920623378138	-0.1447670205706798	9.739774842963816e-13	3.373278339684256e-11	0.0043590391697418	337.5327453596068	-337.5327453596068	draw3774	True
0.8208638669336344	4.501262365490496e-06	2.7166707349619674	2.9142896668485916	-2.71673068618886	0.00019020415320394215	2.5636217833647462e-05	0.9973646775639907	0.13462072836073835	-0.13462072836073835	draw3777	True
1.1741107441321363	1.0289102080478638	0.13810975386251076	0.027772768023669618	-0.10071246599512919	2.1819853943474535e-06	6.982675996072931e-05	0.7812848023003054	0.0040844324867556755	-0.0040844324867556755	draw3778	True
2.637703097605222	0.026191030604778214	1.754853653738809	0.103223764395573	-1.8087506080544813	8.907700745807359e-05	1.3637096146367487e-05	0.6866241055853414	0.022629986642277236	-0.022629986642277236	draw3779	True
0.5056641667188253	0.030503768181174788	0.0016297296161886213	0.07304165060747722	-0.07127282218342436	1.7644111404255492e-10	3.1628937912943137e-08	0.0218201618012363	9.820187760455413	-9.820187760455413	draw3780	True
0.5921444896053143	0.20084087458568559	0.3119737879728705	0.051152108042696105	-0.4419300848443762	3.104559699529048e-05	0.0001354590882116591	0.6516616549820535	0.15523837207494606	-0.15523837207494606	draw3782	True
0.17787234155135337	0.005769991918646625	0.6617459443731629	0.14936787351530798	-0.7198143589421344	0.0026928224566163147	0.0038441328714821634	0.7906507720954771	30.037986125323062	-30.037986125323062	draw3783	True
0.05573187055996198	0.07819336651203801	0.22016147837689495	1.1118422829464236	-1.3300911665377504	7.284559620695041e-05	3.996565177797698e-05	0.1630733973817931	2.8978711837302478	-2.8978711837302478	draw3785	True
0.0004758082571141643	6.194275769972886	20.685910392134932	0.20749539881452053	-20.89140708743205	9.794035979015048e-06	1.1329902960252248e-08	0.7035693092227602	0.00011601791564474855	-0.00011601791564474855	draw3786	True
0.9936062989866231	0.22516977645337702	5.236946070313366	0.9978719162604203	-0.6251561848279628	0.008144300338191796	0.0001794081913601171	0.7772707782348032	5.320525950080293	-5.320525950080293	draw3788	True
0.0003995657061197104	3.974289573780785e-12	0.01184611980415516	0.5000263092350961	-0.5117677675852235	0.0059221317320721275	0.02369595079002004	7.01959447671411e-06	61.34902617222042	-61.34902617222042	draw3789	True
0.8640447177659141	0.01767672756408587	11.35787557098951	0.04372731864370916	-11.976005201146991	0.0042779470600657465	1.65173072784952e-05	0.7057469789750042	0.27659052075174	-0.27659052075174	draw3791	True
0.17152960416967108	14.65606020193033	2.724791652891854	0.4500416630407361	-2.232763389311521	6.062965396154595e-05	4.8122679823080944e-06	0.7676542478094235	0.0011372645040502727	-0.0011372645040502727	draw3792	True
0.29908574963771617	0.0018513846502838597	0.6613052987280897	0.3657221094260855	-0.6667671598957974	0.00032514618323950886	0.0006196868421598754	0.9129537843470442	1.3907411278553645	-1.3907411278553645	draw3794	True
0.16104988189941294	0.2212472381415871	0.7869349632667898	1.0959524001989414	-2.0331268324556393	0.0010563264720189688	0.000253648430536743	0.3856166427188901	2.9750380950235904	-2.9750380950235904	draw3795	True
0.47449101210985384	1.4747475146163537e-05	1.3873883577012258	0.10917073621129865	-1.3877511590166556	0.00029985009608112266	8.425848391026416e-05	0.7354493500535021	0.6217901765517396	-0.6217901765517396	draw3796	True
0.07753321215251748	0.5846745906604824	0.038477267536253336	0.11540650245452679	-0.15629871040452223	9.542672857389703e-07	3.7926875422533776e-05	0.2425731527304074	0.053862142712212915	-0.053862142712212915	draw3797	True
0.009351658914293477	0.7912942319757066	0.2805654000920298	0.01171822364066002	-0.28524254128793564	3.449225600930824e-07	2.101307204115782e-06	0.6924973028512086	0.0029530885952052935	-0.0029530885952052935	draw3798	True
0.7168291848973826	1.0122616617429306e-05	17.101801664316632	1.1951287172632408	-17.10320507322466	0.004473419908862455	8.200678346033214e-06	0.7322289935622243	0.5838484249163023	-0.5838484249163023	draw3799	True
0.07912571304113529	0.2072753491368647	0.042796361271246225	0.44487902629519177	-0.48949949311535845	2.4669007909292245e-06	1.0293386555615421e-05	0.08741986694327035	0.2927316729382991	-0.2927316729382991	draw3800	True
0.13967958633497835	0.34302180168402163	0.14402899676191167	0.01830704329129008	-0.07881579816007578	4.451886752599689e-06	9.452523928252711e-05	0.6636693659507646	0.10000804035261052	-0.10000804035261052	draw3801	True
0.6425209188061912	0.03435916134680882	0.35983738193879716	1.0080640403762915	-4.853328133436197e-06	0.3616840976887967	0.29560597407918715	0.14216220026137003	19.704424018008947	-19.704424018008947	draw3803	True
0.6446149869242014	2.7799881521757985	1.066006590451758	0.10905567396992522	-0.9037490286924953	4.5484920250777315e-05	2.216478894133064e-05	0.7441456902003495	0.010839179993154162	-0.010839179993154162	draw3805	True
0.17767150647981397	0.13930785037918605	0.08332812391732947	0.7563932960726157	-0.7793000526743633	0.000126177019835168	0.0001771961594061409	0.09874791423118477	4.818857986354616	-4.818857986354616	draw3806	True
1.5219616978713257	0.5284506170686744	0.5939995584131273	0.12226023472428606	-0.11201711865876673	0.00013687888006345373	0.0002378956186696536	0.7830889840815046	0.4727343872200588	-0.4727343872200588	draw3807	True
1.0903553870729723	0.22152714463702772	0.11708754671192777	0.004484693169326241	-0.033519740510871324	1.1137667437876927e-07	3.909420812469316e-06	0.693696963970177	0.006623168010439075	-0.006623168010439075	draw3808	True
0.24883760947519679	0.27622542737180317	0.8982087797255369	0.10222131540359906	-0.8542136842264025	0.00022469104449181752	0.0001559947621269292	0.7484097183062622	0.40422342971220127	-0.40422342971220127	draw3812	True
0.20113918984133813	2.954870712518662	9.698613132586203	1.2063192544627195	-7.720430831142361	0.003135483786314194	1.8867752839514166e-05	0.7523457045081393	0.08945873904988468	-0.08945873904988468	draw3813	True
0.4306990819604785	0.0837579280645215	0.003682263438020892	0.26098149155379013	-0.20611335740862963	8.357054664047983e-11	1.1928346420410745e-09	0.013911640822296678	23.937642393906582	-23.937642393906582	draw3814	True
0.00011058117502401712	2.593672943034976	26.01917591919524	0.04561844856671028	-26.062424943231246	3.74669350564415e-05	2.7622925061707582e-08	0.7064871812059846	0.0004272986466218247	-0.0004272986466218247	draw3815	True
0.6683650293976441	0.14020283928935595	0.15344218367520956	0.05798588834790914	-0.2598557323611283	6.882860783447174e-06	0.00010085320406814262	0.5873610232439984	0.23616042730039233	-0.23616042730039233	draw3816	True
1.2541765012725656	0.2453237919974343	0.3354022176093881	0.09595375475690186	-0.2627250327447358	1.5663863225577376e-05	9.223248498578686e-05	0.8138763758979055	0.042513565148862884	-0.042513565148862884	draw3820	True
0.27399054676918533	0.022345314010814687	0.0836293780076749	0.053877792900348206	-0.10997203362699773	8.188579941708772e-05	0.0031615714844222755	0.51963716579788	1.7415395953997725	-1.7415395953997725	draw3821	True
0.145433598724995	0.48325922986000497	1.8262271848006253	0.0773799251806992	-0.8719622012538696	0.00043522182661170293	6.80717610663336e-05	0.7222423688924164	0.5144442571052866	-0.5144442571052866	draw3823	True
0.5451896409884854	0.0013359226005145125	3.0274876032059956	1.252136118483235	-3.0415978963338	0.0008478287671246465	6.883093452402486e-05	0.8626212093741971	1.017601945159064	-1.017601945159064	draw3827	True
0.1930548618187462	2.2301684847112537	0.27996079269284196	0.006550572492288451	-0.2409623673625192	3.849082741768741e-06	2.513584882628245e-05	0.7154270699274293	0.006170134197834284	-0.006170134197834284	draw3830	True
0.054514261092551225	4.955354654837449	0.18538563627121135	0.0013618453404452373	-0.1816845187709674	1.8625733326452965e-07	2.7297415128810533e-06	0.7097087404475325	0.00011761926447054204	-0.00011761926447054204	draw3832	True
0.0003580537683628069	6.041930455867214e-13	0.011123348266035026	0.5586897481387477	-0.5693626288264366	0.006209489932389938	0.019925770073947694	5.047049274849394e-06	12.22270381299075	-12.22270381299075	draw3835	True
0.16963444010137815	0.03757615590962183	0.00028208472912438987	0.13342009606383864	-0.1336962684022357	9.438804936895469e-11	5.280050739214648e-09	0.002109794317798056	696.9651028180542	-696.9651028180542	draw3836	True
0.07118191934056405	0.0006374737215359529	0.000331614209492927	0.21150775646384976	-0.21073033792764592	5.019647593373395e-09	1.1185587765160688e-07	0.0015654021318704232	3839.353428714046	-3839.353428714046	draw3837	True
0.5359615580450451	0.21621584167795493	0.5502988692292301	0.02220612281844763	-0.28494039170214525	0.00013668980561268345	0.00021676520015340763	0.692987382115072	0.6678210182517196	-0.6678210182517196	draw3841	True
1.5396875666595033	0.07375178836049656	0.022995189145290196	0.014406242487720903	-0.030509894272215926	5.204111950321136e-08	2.6997241600542736e-05	0.5237491933040124	0.020478235275207316	-0.020478235275207316	draw3842	True
0.022361499402164427	0.05376320708463558	0.08415074702867896	0.2904291612505101	-0.36650974477591214	3.6710293641338285e-06	2.490666339855887e-05	0.2191905465634149	0.4159886452240071	-0.4159886452240071	draw3845	True
0.011354172686102672	0.8094699627828973	9.86882085997975	0.05523671050144607	-9.59453239506382	0.0017130422581350298	8.745341794059547e-06	0.705130696196657	0.2732952114336742	-0.2732952114336742	draw3846	True
0.28593564198619714	0.3094640829298029	0.10917335655380747	0.23841884693301585	-0.3641133436346079	5.996500710455677e-05	0.0004517512469048456	0.29965184008123086	0.40107312479366536	-0.40107312479366536	draw3847	True
0.36918545839697636	0.18835489858702364	0.016083144543046598	0.047617468338573665	-0.06330729968480783	1.1604502741032827e-06	0.00026884469804133493	0.24479818255593552	0.17647842449762144	-0.17647842449762144	draw3849	True
0.3474579602896123	0.8486988099603877	0.46337283602625695	0.0632343244564532	-0.2559849756025731	2.3505721582869373e-05	6.271115079849597e-05	0.7568610598803563	0.055868567864272745	-0.055868567864272745	draw3851	True
0.8096334958307445	0.23698537260925545	0.33328845345166463	0.0012279347675639837	-0.42753612267885754	3.6051073743626146e-05	0.0001628701545544299	0.7084054839695583	0.5462272217442352	-0.5462272217442352	draw3852	True
0.3276965720188406	0.0016771140171593655	9.687028663769211e-05	0.01260174248243424	-0.012692995124857644	2.7258515061728606e-11	1.690302216771705e-07	0.007628192926585628	14.246440173693438	-14.246440173693438	draw3854	True
0.23967648032202882	0.13964132485597117	0.0082866827357835	0.11960992229082013	-0.1274192287730878	4.976979288221595e-07	3.029901091309254e-05	0.06465646749898396	0.35313050717213584	-0.35313050717213584	draw3855	True
0.2933496740563729	0.07563131572362705	0.25567377282253045	0.09243620244727335	-0.19321778603807932	0.0001302406353208926	0.0006981584353855887	0.5919564073564543	1.4978780385585722	-1.4978780385585722	draw3857	True
0.6705683121027958	0.22333019980120433	0.0759132380239186	0.008297582528725353	-0.03674540050198313	3.4437184370945916e-06	0.0002679047904927712	0.6695668119455694	0.08665452625724489	-0.08665452625724489	draw3858	True
1.2452209064568591	0.24180752899314098	0.2677708951357403	0.04652381300433835	-0.0751627600628429	5.366147199573554e-05	0.000444763382846205	0.7708973675455296	0.5062022617075912	-0.5062022617075912	draw3860	True
0.002403327143417429	0.0007137247577925707	0.00015189462642182787	0.1045056325008509	-0.10465637194729051	4.593996421969668e-13	4.194196754847554e-11	0.001451347749158162	51136.17860596817	-51136.17860596817	draw3861	True
0.006853127914216656	1.2690476131557835	44.67409196911249	0.7427348129048523	-45.13447206137636	0.004021309823062883	9.908455914767078e-07	0.7012533634543551	0.04323337083283753	-0.04323337083283753	draw3863	True
0.5237063512704792	8.857524245209522	0.2815201619340454	0.0847128022345068	-0.18092692078774014	9.61826594499895e-07	8.151989004481793e-06	0.8195829322698993	0.0004938969170519832	-0.0004938969170519832	draw3866	True
0.00043821143925642397	0.000650297285203576	0.0004077813550943779	3.0472818523410896	-3.0476894636955216	7.33540708067167e-09	7.897374565928607e-10	0.00013380015699686134	27555726.544651132	-27555726.544651132	draw3867	True
0.9306722431443616	0.11691952352563847	0.03947768522219786	0.16588695360952058	-0.15492952459014953	1.0225069094127725e-05	0.0002338061588262297	0.1887757509259142	0.5664063865902076	-0.5664063865902076	draw3871	True
0.041769693364934565	0.3861117201350654	0.6171437098888707	0.3866661951586312	-0.9340138768101811	3.2277196240179e-05	2.3246078833551243e-05	0.5237370025646398	0.10242210462944476	-0.10242210462944476	draw3873	True
0.9485424709287984	0.02797308198420152	0.04965745478765193	0.2243659383786557	-0.07051443727826807	2.6203071813881847e-05	0.0003378660646411244	0.17831171788128086	0.4250223170639778	-0.4250223170639778	draw3874	True
0.06388099942372677	0.08687555681927323	0.03767496127346126	0.32169549541171366	-0.35796420433077725	8.615987204010194e-06	6.598925302894115e-05	0.10426458334307842	1.236963650312271	-1.236963650312271	draw3876	True
0.2005020274051794	0.0036294430258206087	0.03879172594372641	0.08967891359617577	-0.12681989520905587	3.0361125483449036e-06	0.0001685839439703273	0.2890601386091403	16.82261542854157	-16.82261542854157	draw3878	True
0.8518592743803907	3.3405542609335044e-05	83.32316636304931	0.11274213996442056	-83.33191826192257	0.01047144781642209	7.531085576668259e-07	0.7066285660735074	0.21484376851338816	-0.21484376851338816	draw3879	True
0.0077197888478950025	0.7107341778561049	7.725609796649558	0.08329308542297975	-7.6887528757795485	0.00043387540490823337	3.595731672983502e-06	0.7033053011211821	0.05937065757903277	-0.05937065757903277	draw3881	True
0.5412026851875454	0.05373262426345454	0.008299423204326873	0.38180897348052456	-0.15644316222449905	4.1895970744608205e-09	2.7517256940854578e-08	0.021269846276045574	97.39530687640377	-97.39530687640377	draw3882	True
0.3462791098635479	0.008689052263452107	0.003807588986439749	0.10505069386377767	-0.10734271764990833	6.415128110585499e-10	5.406937794548057e-08	0.03495610874337071	31.06513612046312	-31.06513612046312	draw3884	True
0.7020270545584215	0.00011652882157853552	5.171083724713476	0.31329497440735876	-5.173091042694093	0.0004530530773152432	9.00018140931796e-06	0.7288407709577511	0.12851661919722915	-0.12851661919722915	draw3885	True
0.6646460048430239	0.0017440684099761404	0.12326035138445592	0.01521794274761088	-0.12428956946679742	3.3909293148025568e-06	9.866144613350954e-05	0.6648715790193215	0.057264423467754434	-0.057264423467754434	draw3887	True
0.16491782912461017	0.026907768243389814	0.8017743533846362	1.8148208764807072	-2.2423640476914013	0.006333299101890727	0.0008456373280991621	0.2929729874113296	35.58211163271692	-35.58211163271692	draw3888	True
0.9695349646572652	1.057014227042735	0.1863752006181477	0.034341138629669365	-0.014214661867642406	4.771438653125939e-06	8.24793863805356e-05	0.7748830504885696	0.02460072578568182	-0.02460072578568182	draw3889	True
0.05209063414240538	0.0032769768601946165	0.029474486265213803	2.828895220399476	-2.8526027411209496	2.818249213663028e-07	3.449025597029206e-08	0.01031109422746042	3275.3346744642386	-3275.3346744642386	draw3893	True
0.012660745078525482	0.011236170505674516	0.04442908163205669	12.32751174143477	-12.371865065568745	1.1894363995992426e-07	7.770696661456202e-10	0.003591093409694727	243756.71775736674	-243756.71775736674	draw3894	True
0.5453040293579466	0.004315474862053411	0.0008520650214790244	0.07071739763029608	-0.07073386934020563	5.077306183911892e-12	9.910972768783568e-10	0.01190458337541089	13.29888547691546	-13.29888547691546	draw3895	True
0.3318383137368218	0.14804894595617818	0.21607460553098298	0.020099841858705572	-0.23166497187451598	3.987214769773308e-06	3.89123356535348e-05	0.675013662977485	0.040615277751719636	-0.040615277751719636	draw3899	True
1.7435966676343984	0.06852910809560166	0.8694513294430367	0.00720965023258361	-1.115244205128984	1.2658201227306258e-05	8.30329077405116e-06	0.7041811598396385	0.03601540732006032	-0.03601540732006032	draw3900	True
0.031073024827947562	3.1662859268020527	37.99961477159106	0.017948767957022087	-37.33210297904062	0.005539522590849002	1.919062338848984e-06	0.7072737930531191	0.05584282738085044	-0.05584282738085044	draw3901	True
0.0008199065548363945	4.979647298455164	185.2608960265115	0.05679626042664564	-185.28059708199982	0.004212048456403561	6.134267338362898e-08	0.7069983990880588	0.0026371734723507167	-0.0026371734723507167	draw3902	True
0.898850453843279	0.022511043199720932	0.00476832603185762	0.031536586254454074	-0.014621787555651283	5.774275115732177e-07	0.00043066501728945106	0.13022209251169084	0.3634555725305203	-0.3634555725305203	draw3903	True
0.22164878643960417	0.02012746648439582	0.0006989478113154353	0.5660258276675793	-0.5643243605725948	3.837275893027443e-09	1.194752552077498e-08	0.001233309906868491	11238.509881107298	-11238.509881107298	draw3904	True
0.02075730100172395	0.8752224837012761	13.060345660051606	0.05912391823019889	-12.056679384818949	0.005848313875334238	1.722095825213357e-05	0.7087090711955535	0.8844377640869131	-0.8844377640869131	draw3906	True
0.2725400791540877	0.14614461973791235	2.285068719856758	3.39467945633699	-6.117714534885044	0.010724577649728553	0.00028613324984312275	0.3732443309618796	21.6090852165105	-21.6090852165105	draw3909	True
0.6346947441437386	0.0022181178082614377	0.5859178512731836	1.8254598923361118	-0.6362878534017576	0.0012941894931533372	0.00021016255446407503	0.23611050045944276	5.773148787195722	-5.773148787195722	draw3912	True
0.12958958854089625	8.881314307939103	5.785946594483891	0.41599780529286157	-5.25156599442544	0.00031807625325593454	5.104449441039031e-06	0.7329650226163185	0.004868406056942295	-0.004868406056942295	draw3913	True
1.0801440452029494	0.0006067011070504967	0.026234360544521124	0.09485491930529277	-9.753445753321946e-05	0.0007956007880768204	0.052872382323997116	0.2075153562241189	499.1784918896248	-499.1784918896248	draw3914	True
0.4993334275239918	0.018520721219008173	0.0015162297714968562	0.03273962961482678	-0.03271965086675072	2.7136317287477272e-08	2.307975415538633e-05	0.044218610926978624	0.09478207280522544	-0.09478207280522544	draw3915	True
4.18932742774172	0.11193157114828006	0.052825095111145574	0.19860918128489946	-1.49720187622715e-07	0.009555799020920132	0.18401088065879243	0.14342777009520835	4.1593841208197	-4.1593841208197	draw3916	True
0.0011502437372184187	1.4137962397227817	30.16898885533458	0.4296866066204954	-30.52715228362867	0.0009186390045358079	4.975171721077396e-07	0.702089295595204	0.019810418427239716	-0.019810418427239716	draw3918	True
1.3259974010405708	0.08904865697942907	0.03606397383222866	0.027611241980048797	-0.05477750709244797	1.6749792540161762e-06	0.0003127797334321958	0.49281974490561453	0.05296362892803675	-0.05296362892803675	draw3919	True
1.3308041857655628	0.0031031048344372326	0.013792573522933038	1.3892318616795514	-7.786038749586083e-07	0.017232562297996353	0.008851062128436142	0.004401087917730113	4003.2081007049946	-4003.2081007049946	draw3920	True
0.2920542099416162	1.2994189170983839	1.1406789168598237	0.24934852908270755	-1.1958511431291923	0.00017411574106894392	5.385037504456094e-05	0.634364340449185	0.05965990075207128	-0.05965990075207128	draw3922	True
1.4653963329430197	0.030452213726980162	0.8155251594085905	2.7252620205640454	-9.847187950606795e-06	1.598726590790657	0.13752273414769453	0.19757574512013598	207.40375154200913	-207.40375154200913	draw3923	True
0.13017333383171148	0.04157774173428852	0.4143457343427978	1.1049129064887753	-1.5530532597228626	0.0011797416702075893	0.0004757357407986248	0.2631186557059002	31.19873601049472	-31.19873601049472	draw3924	True
5.683278054895556	0.09271993354444431	0.10266571455353737	0.15325864724764415	-1.0461996473448698e-05	0.015304306486828293	0.3264571143236233	0.36382333183339094	8.734823656246448	-8.734823656246448	draw3925	True
0.03957587157717566	0.0071721829961243445	0.005494895762534975	2.520851673441613	-2.5263516212595984	7.774774303512635e-09	1.2181475072023406e-09	0.0021750312620462246	58416.33019475295	-58416.33019475295	draw3926	True
0.02043043189114468	0.3836752918338553	0.03767333267088085	0.5132813310441898	-0.5515914831008945	2.2947328284491617e-12	7.52444603569114e-12	0.06821898475362677	0.27877463011199716	-0.27877463011199716	draw3928	True
0.0770383457436931	0.0019199319782069021	0.006317486440758075	1.2725235837656257	-1.2376920487459904	4.780196155261775e-09	2.922819313674397e-09	0.004939948751588948	7432.7200925069055	-7432.7200925069055	draw3929	True
0.33255353841011803	0.00026739047788202155	1.1365392197385937	0.2635137488132479	-1.1401821473881402	0.0017298506035463958	0.0005319571764408323	0.6302580058923276	4.10166179217701	-4.10166179217701	draw3930	True
0.6061517509690549	0.2249156202979452	0.07028044523847057	0.05835304016682137	-0.1434048997759507	3.813614600118957e-06	0.00017749374090834618	0.47946576372049626	0.2362981864557912	-0.2362981864557912	draw3934	True
0.9141960065276649	0.04629750447133519	0.13780156044924427	0.3963222597058615	-0.3062163714131655	8.716918560689241e-05	0.00028647936621283433	0.24981530790138923	1.598767737690034	-1.598767737690034	draw3935	True
0.16891835677851041	0.17136264749048957	0.048028033107660455	0.39335047278701923	-0.44292280092473263	6.3520314129168475e-06	3.222391150901271e-05	0.10817517137058774	0.430559473122634	-0.430559473122634	draw3936	True
0.6772103943066888	0.018388314510311136	0.2748369766524339	3.3328248641479954	-3.7647057354872615e-07	0.5881153419313961	0.046543184431062465	0.06180486703551573	110.293478243795	-110.293478243795	draw3939	True
0.032177138172863017	0.365179646221137	0.3157109892188028	0.012630775347855859	-0.3010682689197262	4.337204418871133e-06	2.090402970141384e-05	0.6931061621091205	0.018174999810139255	-0.018174999810139255	draw3940	True
0.10988405874571368	0.0050955390522863225	0.030895626085964523	1.212655933407252	-1.2439091787716257	5.563052540993753e-09	3.595154676306441e-09	0.02483700413520719	397.09511822035773	-397.09511822035773	draw3941	True
0.05817336693421429	0.0014194047741857023	0.0005504724935549192	0.4185275498344586	-0.41868908493606366	9.303009081598737e-10	5.29703599309306e-09	0.0013135311071429913	10610.675817060472	-10610.675817060472	draw3945	True
0.8650951095023355	0.015958996096664485	0.0034540834165539594	0.1814776393458665	-0.16064375485510493	2.9680814437809675e-09	8.675639633388007e-08	0.01867435745140483	22.963293778657906	-22.963293778657906	draw3946	True
0.5926246347016673	0.0011540760313328209	0.6162883740114834	1.0163557415156521	-0.6255899582819996	0.0004652579973267519	0.00015277714692624612	0.3531556947039081	0.8841829834693863	-0.8841829834693863	draw3947	True
2.2750916194171755	0.022103753032824653	0.16413763913870355	0.000730532257943059	-0.17359467675302528	1.28721396220266e-06	2.3783270276795565e-05	0.7055350554781802	0.0030049902895056364	-0.0030049902895056364	draw3950	True
1.0474367371979183	0.0016252017620816996	0.06536442638557208	0.297350093227221	-0.06911007247871463	1.4044440740105136e-05	0.00010339389703820314	0.17735221231900639	0.30065642038188845	-0.30065642038188845	draw3951	True
0.24267843760966745	0.0026751822163325603	0.00028650811787585013	0.01554991567898162	-0.015834746862579407	1.4157943151627168e-12	5.643438644100242e-09	0.018088758205163973	6.29889238201782	-6.29889238201782	draw3952	True
0.00012923318719869809	4.537330188580411e-11	0.04275571711655924	1.5472491862776592	-1.5898470206910071	0.06614699812795893	0.027631142442737285	0.0003737881710345248	11874.16106884345	-11874.16106884345	draw3953	True
0.3340575182115003	0.004301945514499717	0.09180861992466027	0.6709310285496751	-4.020718347153007e-07	0.009126197870924944	0.015502303167493096	0.11866238962972198	0.7842261162977712	-0.7842261162977712	draw3954	True
0.4102953145128151	0.0017043718361849228	0.05617005968147047	0.1016625954049637	-0.05772120571911133	4.342948349695646e-06	0.00015473935688849668	0.3352840594134506	0.6420494873819651	-0.6420494873819651	draw3956	True
2.0991205254688823	0.10854230098111761	0.24076704274393462	0.0249832857503906	-0.3144581740396015	4.6387065417479845e-05	0.00036073160343266813	0.6714143989566035	0.35996481307280626	-0.35996481307280626	draw3957	True
0.00019795594511960024	4.676200393274881	82.49723335783554	0.5597009178909758	-83.05240285033499	5.060764935930578e-05	3.692843996393312e-09	0.7047121869949576	0.0004308989759894001	-0.0004308989759894001	draw3958	True
1.4508409046490722	0.26305068913092766	0.22526014273161507	0.019661093471427166	-0.2958254367612412	4.241038336927317e-05	0.0003830136628011834	0.676948065105902	0.9483552429710261	-0.9483552429710261	draw3959	True
0.12023969071900213	0.21256409675999788	0.01358321685809516	1.1382901832339274	-1.1306540443211623	3.5029935609777873e-09	2.6397904449859378e-09	0.011791462957392505	915.8864056792696	-915.8864056792696	draw3960	True
1.2801965669340096	0.00019531043599052612	4.91997938170398	0.022619686034716615	-4.92366305567924	0.00014530565313225944	2.987646996797229e-06	0.7054831873380973	0.01873412225197009	-0.01873412225197009	draw3961	True
0.5573131686495886	0.07703735127841142	0.6245679722052948	0.12037977638590161	-0.798072460215139	0.00098968377088854	0.0015360547711239635	0.778098364562263	3.1083412514575928	-3.1083412514575928	draw3963	True
0.5128915493771008	0.006248085465899155	0.033723088794346046	0.2705255949246446	-0.05092282553495136	2.1703889756966705e-05	0.0002316206919632864	0.1101656719552923	2.038099177506139	-2.038099177506139	draw3965	True
0.4033716712572191	0.000916703316780874	7.1969973613410385	0.7237291306082231	-7.224814732507473	0.004061764270087052	3.5463183860349894e-05	0.6724853805970612	1.9629096362705036	-1.9629096362705036	draw3967	True
0.04398266390829739	0.5668205529497026	0.027147319680615203	1.3191753733821512	-1.3449092021630609	5.327606309202792e-10	2.938036919307379e-10	0.020159953179963868	17.291023141458318	-17.291023141458318	draw3970	True
0.6665735825185012	0.03566088938449879	0.002406011636949108	0.1716411572552471	-0.15460473371240183	3.4396826860039267e-10	1.1352760302082932e-08	0.013822584933416052	14.452798062577374	-14.452798062577374	draw3971	True
0.8281261408409148	0.2502644642690852	6.592913785072336	0.14079309468170687	-6.734154740669427	0.02872405883735754	0.0003375439022702233	0.7146931218194511	11.401533150487376	-11.401533150487376	draw3972	True
1.237455234664737	0.07432854393526302	0.7405867541580802	0.03152388099411815	-0.9426512602597047	4.651807146567868e-05	4.0640500829921274e-05	0.6922207520134662	0.09156179768487659	-0.09156179768487659	draw3974	True
0.6241477713698179	0.002974785858182162	0.05793442715727715	0.7858288160613864	-0.06884749724470972	3.861656577578556e-09	5.398707124268024e-09	0.06850066323925641	7.871073485214776	-7.871073485214776	draw3983	True
0.5246974506575078	1.4315727710424921	2.5726546962760435	0.5101944038152251	-1.5702864250564417	0.0006161696491176961	5.667337530299186e-05	0.7802268408044782	0.08378953501720078	-0.08378953501720078	draw3985	True
1.314205420924868	0.3204076078751322	4.658927465587273	0.5976181017885822	-0.3395239286319218	0.009599755156321799	0.00025130334916854296	0.7537980308154346	5.693875879366614	-5.693875879366614	draw3988	True
0.12887189780940986	0.004364134393590139	0.001524990706218688	0.028350993871828736	-0.02990364104093885	2.0727473127148278e-07	0.00023161801395963925	0.05097716886157802	6.377913646743197	-6.377913646743197	draw3994	True
0.43211484236152325	0.12703028913747677	0.023888515252339426	0.0591777576336329	-0.07038833212437595	6.283774750419553e-07	8.411263886707725e-05	0.27638181464372463	0.03220291144958928	-0.03220291144958928	draw3995	True
0.09933807053844836	0.6491969530005517	0.9961184351795253	0.03423968759173993	-0.9078956394808744	8.218895972423796e-06	4.00162461865998e-06	0.695060180838725	0.02411089360408907	-0.02411089360408907	draw3996	True
0.7773069809969221	0.177639977978078	0.11461407703269079	0.07243025223641754	-0.16090755234261336	7.897934464638224e-05	0.0016412626991202388	0.5224788206316561	1.646988441784727	-1.646988441784727	draw3998	True
1.7448787375179287	0.32578135801207125	0.17590226807279644	0.05209631246206216	-0.08299947420268947	7.211662231874632e-06	0.00015586202593339537	0.817756314290683	0.022190519979188805	-0.022190519979188805	draw4000	True
0.03683818568372313	0.13721798905727686	0.10777285703003985	1.1920122530694588	-1.3006072698333753	1.7906195097495567e-05	1.0526515146301627e-05	0.08263233905171735	1.2282675079415424	-1.2282675079415424	draw4002	True
0.21626221964388304	0.05095242142811696	0.049991010151540484	0.6828718596490779	-0.7087350062781426	9.136162162427123e-05	0.0001693177393255449	0.06805497920236894	16.50541989353222	-16.50541989353222	draw4004	True
0.004101775670065635	3.617409485409935	180.94663224406975	3.6417915066209776	-184.34626818962462	0.03048100820791777	4.56203014569073e-07	0.7000272012471297	0.029381275463076503	-0.029381275463076503	draw4007	True
0.22767807254560937	0.3180454711273906	0.15961277658287235	0.33983796797965865	-0.5192242979645646	4.5197353905606875e-05	0.0001643975110248662	0.30440985575470775	0.7047467245181498	-0.7047467245181498	draw4008	True
0.08407078723598436	1.8205700434940157	1.8724266741495224	0.21344418885736957	-1.5678795574891986	8.120957277763859e-05	1.297649702279179e-05	0.7484795555879397	0.013320169522181529	-0.013320169522181529	draw4011	True
1.1433699530352037	0.15552452488479637	1.4774661146921018	0.09919215419513634	-2.0164793095067726	0.0021397524507770116	0.0005241182994051374	0.7312238913439872	3.7402585911866497	-3.7402585911866497	draw4012	True
0.08075680570078445	0.009719091975515553	0.02325439047304926	2.253861180890292	-2.2772237639212976	4.3447496452380126e-07	8.378172932847915e-08	0.010211681068032033	6713.638200502984	-6713.638200502984	draw4013	True
0.708454389222717	2.991227282948169e-06	16.76288151404022	0.051182940717659414	-16.76319848433438	0.0007039046182868894	1.248706832011848e-06	0.7060281413674142	0.23963984155881865	-0.23963984155881865	draw4014	True
0.09743308501227854	0.15801071979172143	0.125983396130335	5.794887901227207	-5.920520482530181	5.596320481222553e-07	1.595639410455818e-08	0.021273032328010213	1518.968585928603	-1518.968585928603	draw4015	True
0.8998525741910982	1.4789723003989015	1.3858224211355559	0.10645600829604487	-0.7804490188950233	0.0004392294384691654	0.00012347327506024227	0.7347648031133679	0.14615807638485523	-0.14615807638485523	draw4016	True
0.7491477085011754	0.02673754376982468	0.5187257997719588	0.08326374151108291	-0.7026528464376689	0.00012565581625983537	0.0001989901646898337	0.6527732437666031	0.6749384122616328	-0.6749384122616328	draw4017	True
0.6548840649908328	0.4974170901091672	0.18108127647832892	0.024650068443054333	-0.055586962754749794	9.949367048183757e-06	0.00017375416365222743	0.7567343115818164	0.03685461048486046	-0.03685461048486046	draw4019	True
0.0027117575858207413	0.3630953822811792	2.7516561039353116	0.3653368980861065	-3.0904653446676345	5.037649381401193e-05	2.9140825944153896e-06	0.6618066328448791	0.02985346249841219	-0.02985346249841219	draw4021	True
0.6906570374947896	0.016294466610210466	0.012376028279839118	0.02082410073651473	-0.0211321510729724	2.105226131539293e-07	0.0001676917258490862	0.34929123675018714	0.066148785868489	-0.066148785868489	draw4022	True
0.49672865552739526	0.2851914288596047	2.4345926261039903	0.06665940002990374	-0.7378666889433196	0.001249509884879909	0.0001025576051175004	0.6974938572401146	1.3579856314258982	-1.3579856314258982	draw4026	True
0.5531135438604741	6.670932539119526	2.0778397982930574	0.37299505089281804	-1.695367174178577	9.045521057601562e-05	1.2521634734254156e-05	0.7730823912400036	0.0030298888943354977	-0.0030298888943354977	draw4027	True
0.2678434935285737	0.29987321559742636	0.2921874302168438	0.09777050263864893	-0.3323281449011819	5.323986496573943e-06	2.2422385403572734e-05	0.5996308417762185	0.09694666529109679	-0.09694666529109679	draw4028	True
0.3430274060712875	3.3651414528287127	12.287702407948355	2.240289196859124	-8.721965336249578	0.00527130996624266	2.092303250182819e-05	0.7741475117539809	0.12513124749098647	-0.12513124749098647	draw4029	True
0.6484798177972674	0.02024508733573263	0.0433946329151092	0.14483693833820682	-0.07854085215987971	5.899531920502784e-09	1.5810412782164026e-07	0.22464608046169596	1.873197137040606	-1.873197137040606	draw4031	True
1.1776392213353684	0.014786211444631476	0.1717447588057292	2.455893220055293	-0.2448292106606984	7.029711045842906e-09	1.0138064473000253e-09	0.06522172436711039	3.7784107560526943	-3.7784107560526943	draw4032	True
0.28679844045663117	7.1251406184833685	1.5563305397682126	0.4462858497567864	-1.041380757042973	3.43906077883105e-05	9.410832669297897e-06	0.8141340893026968	0.002639539865547791	-0.002639539865547791	draw4034	True
0.2272891135717906	0.00855146210220939	0.0014607637829379876	0.11660418419618464	-0.11186112146269057	3.221536696768395e-11	2.3107589641689815e-09	0.012371597272330339	4.902168789130001	-4.902168789130001	draw4038	True
0.003941332049023469	6.734001548650977	14.771342959375408	0.06533066339568021	-14.824501532135761	0.0001247067427364928	2.845110812931418e-07	0.7055448187794536	0.0007687653680199838	-0.0007687653680199838	draw4039	True
0.7736869145386408	0.4354928711613592	0.2267643491734317	0.0432482705116893	-0.29856142666517066	4.822296544423237e-05	0.00038786694448244717	0.6431157700461378	0.3245835622815079	-0.3245835622815079	draw4041	True
0.09114663517484534	0.03736012315215467	0.0028624355502256116	0.26946229329979543	-0.2652681577153636	5.74778452708311e-10	7.749583081325724e-09	0.010510530742273174	623.1331990433388	-623.1331990433388	draw4042	True
1.2025873413943857	0.3324037968456144	0.7672301904695299	0.002265204370473846	-0.6664811228028664	3.2258828323579653e-06	2.732027078614396e-06	0.7060637079056094	0.006048487349825295	-0.006048487349825295	draw4043	True
0.58139187670112	0.025041546161879934	0.001517873791794689	0.061724851952429514	-0.037774493461158284	5.934728307132611e-12	1.482960493873349e-09	0.023993855152245003	2.30525768459965	-2.30525768459965	draw4045	True
1.2646517921083429	0.14664369839165706	0.16656014368350291	0.061838468767856605	-0.28118414106152495	6.89981219278699e-05	0.000863472908953262	0.5892186783962797	1.3857035780008893	-1.3857035780008893	draw4046	True
0.04939591569945956	0.0016492349485404366	0.00697295841992861	1.795561312401247	-1.796768007542533	4.9883299173698754e-08	1.535258849224042e-08	0.003868390389127943	30941.84884866217	-30941.84884866217	draw4047	True
1.3638702225039845	0.002789391496015585	0.031844450220486556	2.783240419000819	-4.198115671340957e-06	0.06465243283487361	0.0082159092841243	0.007833833655752204	8099.082425318254	-8099.082425318254	draw4048	True
0.23335167550555883	0.15410792733444115	0.010334072995511569	0.10403888587167466	-0.1133442445711242	5.275511806253876e-07	4.000246591130739e-05	0.08998757832314859	0.22783937559316575	-0.22783937559316575	draw4049	True
0.5323654298713842	0.06943415340161573	0.5612930008681595	0.259855293098747	-0.3369958262397165	0.0005130391679711377	0.0005185711382418497	0.5643108642692027	8.330214062676596	-8.330214062676596	draw4052	True
0.8455563852635407	0.012922329628459295	0.025439011201026776	0.1775175169679081	-0.16208866309785253	1.6735151422846933e-05	0.0003999947562674225	0.1243684842061149	12.167222640028799	-12.167222640028799	draw4053	True
0.22872169276846185	0.026614095761538135	0.0430374446214623	0.30658517449992195	-0.3176920486450703	3.8567147922242664e-05	0.00031080463344197756	0.12217436011313901	19.24996346857917	-19.24996346857917	draw4054	True
0.5894370079414217	1.2104198387185783	8.300796064958297	0.6908087385068002	-5.375758142987273	0.00937598651128062	7.393428521208606e-05	0.7371132118592149	0.3661022260591068	-0.3661022260591068	draw4055	True
0.3605391089164969	0.17162056834650305	0.2474198506593848	0.09766369247530753	-0.3907115231081714	2.144363465389255e-05	0.00011893360117321217	0.5826900730430782	0.33737095848811416	-0.33737095848811416	draw4056	True
0.004735396683621714	1.8120014650163783	16.392817335420034	0.03576477583831133	-16.357914126229225	4.3367988154955905e-05	8.051644033449e-08	0.7063358427287484	0.0008632590695053326	-0.0008632590695053326	draw4057	True
0.05542742739726912	0.02214132962333087	0.061648568646977646	1.868319520538104	-1.9307076220218895	3.314313940405044e-10	8.888950437532929e-11	0.0319265078688701	329.5941875804887	-329.5941875804887	draw4058	True
1.9837373933736648	0.14276431142633506	0.020286469907238484	0.006248019681895138	-1.495426966459379e-07	9.792362333611664e-05	0.14249418645709966	0.7684675958034144	0.07030104634917071	-0.07030104634917071	draw4060	True
0.7374739410648694	6.726897340915131	0.26978764589686166	0.09439774940691993	-0.14651760117476118	2.3190018447703617e-06	2.239564712224847e-05	0.8384039571226521	0.0012024282054659509	-0.0012024282054659509	draw4061	True
0.7068371789292571	0.011693076571742898	0.054544154454777075	0.1114324394114696	-0.17140779958284655	4.5756153219953916e-05	0.001499077129803015	0.31219858496438885	22.44104292404522	-22.44104292404522	draw4062	True
0.8920908467071477	0.022873341539852377	0.0247380177372175	0.13475656663551275	-2.0695207124388215e-08	0.002104069822542911	0.08632777958936466	0.1333737280958661	0.4759831662780522	-0.4759831662780522	draw4063	True
0.432980911962608	0.16530916186939199	0.0022943080252629112	0.2627728148077363	-0.24601005854016916	6.850351947118564e-11	9.749191941481574e-10	0.008655249516795277	135.32162112990468	-135.32162112990468	draw4065	True
0.5486219698283574	0.2331466129446426	0.26802278699149845	0.03889178431350686	-0.29364183425968515	1.7249758741163683e-09	1.0389370076380263e-08	0.6577711391477608	0.16036958709189045	-0.16036958709189045	draw4066	True
0.07303699622168262	0.0016367679637173756	0.005549776172694521	0.25085352154582585	-0.24773483095369192	3.4139881842717537e-09	5.190526140372509e-08	0.021639646046599282	469.2502629644423	-469.2502629644423	draw4068	True
0.17442414489110214	0.21134427271689787	1.2773742947184774	0.014498892341044518	-0.7460487063531861	5.1023059608009e-05	1.5458622880818677e-05	0.7031052240035431	0.09207294858489369	-0.09207294858489369	draw4070	True
0.08384291861398549	0.03292300592401451	0.03490652360853558	0.7491496174041595	-0.7730074960390222	2.046225597246969e-05	3.321997137846187e-05	0.04447637142975065	13.047120723119512	-13.047120723119512	draw4073	True
0.06857810435267328	0.15661347538332673	0.04416132959053404	0.1448583099276728	-0.18775054625941465	1.714042222077485e-06	4.549107720573772e-05	0.2275068538766108	0.11693069473147191	-0.11693069473147191	draw4074	True
0.4220682200373419	0.007642881332658119	0.003446255847742325	0.04045573331611139	-0.01888297159502403	1.0065404841660012e-06	0.0005190350076467172	0.07825655487547238	1.8596106177423763	-1.8596106177423763	draw4076	True
0.026296403423042514	0.0007562894056574871	0.0005294560424851649	0.710175753446695	-0.7106988033749287	8.251840176859305e-09	1.633697216584041e-08	0.0007449725826534404	70585.92520972838	-70585.92520972838	draw4077	True
0.24803105611507995	3.2264370920052487e-05	5.203489031507385	6.8987256741724945	-5.203181586632514	0.00315069552674116	0.00010519808816105348	0.9508135201376298	1.7808191696651896	-1.7808191696651896	draw4078	True
0.4889582570619957	0.017159651530004306	0.07556278725900896	0.21819463121097768	-0.1116592219350973	2.745393160353771e-05	0.0002984022374114509	0.2491187642154205	0.4334306912691006	-0.4334306912691006	draw4080	True
0.0005095439935686402	1.1068790661364312	14.588297319634133	0.004479559052750136	-14.570350983559637	8.73167990051135e-06	2.050809129485918e-08	0.7069982255627966	0.0006084201726842798	-0.0006084201726842798	draw4081	True
0.02053558702284831	0.008656720170751689	0.004931950263341597	0.5419256534246073	-0.5468796537967782	9.625615924586633e-10	3.218434654473694e-09	0.009018343472478384	3505.784385174176	-3505.784385174176	draw4082	True
0.6316409026249381	9.303056396615062	4.704615816505075	1.125838668588116	-3.233721184264557	0.0006575930438816041	1.8820067864437583e-05	0.7958956876708282	0.013941213024579345	-0.013941213024579345	draw4083	True
0.951757307408453	0.13420297500154707	0.2921219469546981	0.013220035229228539	-0.07742295389240533	7.07563525179166e-05	0.00043376133672462514	0.7232806558733945	0.36917732801928105	-0.36917732801928105	draw4084	True
0.1797646731842719	0.0022404869437281146	4.0537463784681614e-05	0.05661529874548689	-0.05554509379909441	2.8555471049856048e-12	8.896102889499285e-10	0.0007155035758811452	668.1392464078463	-668.1392464078463	draw4086	True
0.9342010289595951	0.02266207412440494	0.013562131330561231	0.016048947802960078	-0.017697269539441708	3.013926607334468e-07	0.00028413248239780696	0.4164107845050256	0.0452628156946284	-0.0452628156946284	draw4091	True
0.21477589769493816	0.018498451260061836	0.03895108771577857	0.6391218122863703	-0.1848741324187143	5.270049262769796e-05	0.00011424344567337707	0.05734915722507591	3.2489547630378963	-3.2489547630378963	draw4095	True
0.09045607544068578	0.0004770553314142118	0.0008273804549542198	0.5977402246319894	-0.5973114399534076	2.533300119612226e-09	7.0706509069643715e-09	0.0013822660264572685	11090.503481513302	-11090.503481513302	draw4096	True
0.07119141915953495	0.775369026002465	5.526749686974937	0.22265301797908119	-3.997722583262525	0.0026491898294021556	4.514760826754324e-05	0.7214905204807075	0.9873171768264307	-0.9873171768264307	draw4097	True
0.043592311151295464	0.2814332783487045	0.034925475821257095	4.910043768229451	-4.944931628941524	3.5492400830283214e-08	1.4513980135837772e-09	0.007062653583318739	969.5680855897986	-969.5680855897986	draw4098	True
0.7376718129096285	0.06952319889837151	0.3674591011654936	0.11967609801007376	-0.5983871502835993	0.00026557844717161976	0.0007132971885368656	0.6022095755846569	2.8864326958613513	-2.8864326958613513	draw4099	True
0.1245014246562729	2.376028928323727	1.706980495266924	0.015652133736097352	-1.537300502233855	2.408238252690661e-05	4.170561568652484e-06	0.7103560797367652	0.009633021406510083	-0.009633021406510083	draw4102	True
0.4283548799741046	0.00019803371889541647	0.29495713489039865	0.2803924430858783	-0.2950244875496467	1.3353001662786293e-05	0.0001531099608325444	0.998783081614356	0.18860959008743508	-0.18860959008743508	draw4103	True
0.6105714981245765	0.0016332205444234877	0.3820010929684075	0.05241767851098576	-0.38935115209943766	9.851660810667042e-05	0.00029439228368025315	0.6603483042050761	1.5506149185469869	-1.5506149185469869	draw4104	True
0.8043904082810766	0.0007555355839234745	3.0503426188893674	0.016080342108660564	-3.0796419696112274	0.00034123949525352413	1.8434078505328415e-05	0.7089729949021975	0.2317966017001415	-0.2317966017001415	draw4106	True
0.32096056943054835	1.3787778164494515	3.423193996646687	0.18199531389666793	-2.4132869450043968	0.000932659420340403	4.196702023645023e-05	0.7261461481412421	0.16511715680743594	-0.16511715680743594	draw4108	True
0.021516966845718	0.209437790924282	0.06542686185993725	30.65440718673988	-30.662970221976217	1.2478533798729724e-06	1.3222813093793992e-09	0.002129787334260704	25114.93782220013	-25114.93782220013	draw4110	True
0.292073772117434	0.03941570798556601	0.00025524622982551733	0.06993074745389778	-0.0694064425999937	1.2226225301439729e-11	2.48190837695656e-09	0.0036366877292080624	108.85103787872264	-108.85103787872264	draw4111	True
3.992045881918912e-05	3.2287108747477927e-12	0.005881561891779562	5.00971145619038	-5.015591259202778	0.02946491764499526	0.0011740324603991407	1.4526403077744022e-07	2144.6981761521192	-2144.6981761521192	draw4114	True
0.18537815710062433	0.09637002304837568	0.6992706921384717	0.10967564526026231	-1.0686696164636793	0.0007288478985336675	0.0006374579235997645	0.6539620058664473	2.4853514242841133	-2.4853514242841133	draw4115	True
0.6049096974559272	0.10115264661707284	0.14609359503626723	0.06708984422081005	-0.2395874814552299	1.734899077099034e-05	0.00025975244120082444	0.5652933232761579	1.2650384314764094	-1.2650384314764094	draw4117	True
1.0485535068755063	1.9666930059144938	1.0509762408885923	0.2119849457765054	-0.5577175547028728	0.00016924060237090232	9.358284411644806e-05	0.7815175509699652	0.03655281528034078	-0.03655281528034078	draw4118	True
0.18512453808020765	0.015254801445792365	0.03393834160420854	0.2488210823064089	-0.21128346416501737	3.0853860307749823e-06	3.804201200139102e-05	0.11917017572361782	2.2736125222323342	-2.2736125222323342	draw4122	True
0.5222575218736181	0.1756042124443819	0.03533941237496073	0.009101152900703874	-0.007134442043741751	6.47737070798996e-07	0.00020092119322197524	0.622404619886484	0.02343600025938497	-0.02343600025938497	draw4126	True
0.5215966079553787	0.9931608285046214	0.6689198903665221	0.11955409380099086	-0.489788043618583	7.658945023095249e-05	0.00010222057931879853	0.7727852093014198	0.04724247439092565	-0.04724247439092565	draw4131	True
1.2040790736633036	0.013146158276696653	0.7369630216340473	0.6707602606186746	-0.8146120519287458	0.0002805584012027151	0.00011112107773762024	0.46380162997959024	0.37166131085676735	-0.37166131085676735	draw4132	True
2.5387862850554916	0.9298811314445087	0.49265724365205477	0.03141924599984718	-0.2378498456533662	0.0002471477584026377	0.0005426386965060478	0.7299983173500699	0.34114302011913417	-0.34114302011913417	draw4134	True
0.013748904252959037	0.27490367460404097	0.1135726277259405	0.6483709753910181	-0.7610550513982577	4.1593853271005015e-06	7.008741589382625e-06	0.14742771006550062	0.10592867588376803	-0.10592867588376803	draw4135	True
0.024740597116581223	0.2477426238024188	0.4924473836534556	1.3800983018464674	-1.8510902671169265	8.237302344644241e-05	2.197239873741787e-05	0.25433496259456884	0.5779062567616868	-0.5779062567616868	draw4138	True
0.5464827840678435	0.007907786362156527	0.023610927417321115	0.17853754861259497	-0.03431476930311265	4.17243134005151e-06	0.00010073110624274635	0.11601124485839523	0.30905704983698323	-0.30905704983698323	draw4139	True
0.7132753100823768	0.0010033514266231695	0.1106620119347775	0.009036046876130766	-0.11174601951080328	3.509208818687272e-06	0.00013205573969082054	0.6788480779804514	0.23571365068877076	-0.23571365068877076	draw4140	True
0.5771374407756741	0.1370059030413259	0.13120922009030866	0.029005201339266585	-0.1612424973091065	5.492489144763736e-06	0.00019856058556241076	0.7889078322099087	0.1370700052714906	-0.1370700052714906	draw4141	True
0.023602593822305725	0.10428589311269426	0.2016248636056997	0.18437542672191917	-0.3598752217113009	5.716218084884325e-06	3.0141070349979943e-05	0.4629872447710553	0.07660689893213908	-0.07660689893213908	draw4143	True
0.32065935227984116	0.18877433890115886	0.013480984692274964	0.36097995994757204	-0.3536511708206916	4.416214294462602e-06	3.14539057479456e-05	0.03597772275491271	0.9177709673616686	-0.9177709673616686	draw4144	True
3.0992150887707153	0.06681505098928503	1.8744297054384331	0.024205372302161684	-2.058158848612049	9.81215220179339e-05	1.3784400645777614e-05	0.7025560268532504	0.021211205702720063	-0.021211205702720063	draw4145	True
0.00027532666892019116	5.648088505599068e-13	1.4300505805134887	0.911477952977576	-2.1554592632936407	1.0373711078714514	0.34654736712066136	0.7999571326664006	820.762877515652	-820.762877515652	draw4146	True
0.47041764036991546	0.0722711579200846	0.001475516652110929	0.03221597663737266	-0.021081592419176967	5.318867956790884e-07	0.0004676800881506351	0.043750617436066355	1.135014734749241	-1.135014734749241	draw4148	True
0.014226415412798359	1.0145632643372016	13.741601162135355	0.6268922968899778	-14.095128861706362	0.0020753246688652994	5.2501956469286994e-06	0.6911655110831486	0.07011900502669477	-0.07011900502669477	draw4152	True
0.01540896110641197	2.5728578052735878	24.230628761480798	0.14633018596792258	-23.792122391896605	0.0025748714773829798	2.206068057255829e-06	0.7092451240041245	0.030441084040758244	-0.030441084040758244	draw4153	True
0.28931390130123186	4.384109594228768	0.9343744807374788	0.10760803005637196	-0.7664081430072428	1.4804121836699459e-05	9.510559366483676e-06	0.7489152493230271	0.0019175600594040173	-0.0019175600594040173	draw4154	True
0.14136805310521064	0.017547406903789347	0.003065241404416768	0.16415062579227807	-0.1615395835504825	2.594817674590401e-07	9.276966065540251e-06	0.01832796252677932	1.9103012976820979	-1.9103012976820979	draw4156	True
0.9099604554888671	0.002508918549132945	0.15405333878339472	0.06728032630779876	-0.16006964538106644	4.244816334487873e-05	0.0005837140150370129	0.5712702016397587	0.31904988380292254	-0.31904988380292254	draw4157	True
0.1690860750914797	0.24718111520452032	0.9785008768976889	0.5963622802644333	-1.5875067944388928	0.000325854323791251	9.47896359871384e-05	0.5277520122528143	0.23656614376089471	-0.23656614376089471	draw4158	True
0.021812410050736787	0.0005713854949632135	3.768314945112379e-05	0.2430936656982784	-0.24297068189625204	1.4184130596978632e-09	2.399500208998614e-08	0.00015499090812324151	100487.18345847022	-100487.18345847022	draw4162	True
0.08552684103428282	0.060112139456717166	0.006888883294065846	0.0920288289335702	-0.09903869009983857	2.2410661931121163e-07	2.2793199236606854e-05	0.0694742881020981	0.24601752306960994	-0.24601752306960994	draw4164	True
0.034984859166272364	0.7085808716007277	3.8761543875776368	0.747601329794416	-4.439251700409879	0.0003534561924515533	9.709350760958483e-06	0.6424337740429623	0.05523247947525727	-0.05523247947525727	draw4165	True
0.3491648585342849	19.915471792165718	2.1053541271541194	0.7531570523981472	-1.320874778666635	3.0423572778017063e-05	4.859255950954838e-06	0.8414047058352693	0.000468904226494766	-0.000468904226494766	draw4166	True
1.2125184467518155	0.10104260024818451	0.009284474092415585	0.5912791719349739	-0.18391462112362045	1.1038764624007034e-08	3.05983924711203e-08	0.015457753509371877	35.125770719088074	-35.125770719088074	draw4167	True
2.2642020853295013	0.03191637465049891	0.14203607162900944	0.06361107769555205	-0.15280787294238884	1.09492091073634e-05	0.00017528555947226787	0.5683035028247907	0.03543805890627771	-0.03543805890627771	draw4168	True
2.4142717457243484e-05	3.356565174855164e-13	2.4048191011359474	8.52455178763704	-10.686871623089985	19.91683809944802	0.2896320733118042	0.015223410378253801	214930.79392116464	-214930.79392116464	draw4170	True
0.4012860108324234	0.7051027443075767	0.8554023306896277	0.06282736523773903	-0.6848105545160716	0.00020489598036328987	0.00013010440655171008	0.6816315890034959	0.27905052713561823	-0.27905052713561823	draw4172	True
0.43319416544868977	0.13878387069931025	0.038414925263185684	0.16027018824629838	-0.200649013528751	5.826044633960734e-06	0.00014226702961390013	0.18983011172901268	0.5339613456278264	-0.5339613456278264	draw4173	True
1.1300518290454629	3.522758453194537	0.15515506577333205	0.02634025160777777	-0.08092340461560538	1.9057012437801442e-06	4.686186905784212e-05	0.7693932181995017	0.004470555814308236	-0.004470555814308236	draw4174	True
0.8412327279233681	0.0987998245566318	0.2418165514259753	0.030909955344994182	-0.23275158714688754	2.0215291652210848e-05	0.00015216063864464667	0.6634331564402604	0.37648836181758344	-0.37648836181758344	draw4175	True
0.1586403924276939	0.008864428916306098	0.014441889356408511	0.10449113562516317	-0.11867169592728277	1.6175346592813297e-06	0.00011269167329294864	0.12054326278842903	0.8768149543610279	-0.8768149543610279	draw4176	True
0.7495314668315699	0.06165699536243007	0.33284274957489185	0.035389128742426126	-0.019015708420164035	2.587352768733072e-05	0.00010501517035269133	0.6705594630071484	0.2297067643078236	-0.2297067643078236	draw4177	True
0.06974767776637374	0.08236425181662625	0.05642252417787081	0.964305983876522	-1.0222666928061048	5.315476504383857e-06	5.086238768021327e-06	0.05519246360554164	2.255333415127658	-2.255333415127658	draw4178	True
0.357634590247055	0.16442212661094502	1.595731123300848	0.465098684501537	-0.22661287892450943	0.000999811484833128	0.00014717446979848326	0.6122332148546588	1.367310419739814	-1.367310419739814	draw4179	True
0.4720909962847199	0.005538956038280039	0.0009063115483112523	0.13666451025494777	-0.1369237012828148	5.083566339227148e-10	2.6859441837443824e-08	0.0065878205132533065	56.41359080141322	-56.41359080141322	draw4180	True
0.09355825278482857	0.05431256351517145	0.05544231271434862	1.5162821567610185	-1.5680053694341836	5.992677271348167e-05	2.4228582485784005e-05	0.03525289551664582	12.216570851532229	-12.216570851532229	draw4182	True
1.9548590190047752	0.004306593955224747	2.2285814996794713	2.008399490772414	-2.230529064349669	0.0007236562961445603	0.00014429676434708492	0.9951548059978571	0.10454066976817189	-0.10454066976817189	draw4184	True
0.16261378055899442	0.000889191374005585	0.00011427978526894486	0.146677604090098	-0.14671704445260805	9.037699685624805e-11	4.194242669135828e-09	0.0007785154576663729	1257.2908582932153	-1257.2908582932153	draw4185	True
0.40298289218113936	8.91438038245886	2.089378925322065	0.5826600046338445	-1.4120984513942219	9.70321915485738e-05	1.462273773683526e-05	0.8110985687936876	0.0033500623301997855	-0.0033500623301997855	draw4187	True
0.01103943159662052	0.10048700216137949	0.7034516221435636	0.045152379152012166	-0.6688685920727997	2.001198313366011e-05	1.89641723682386e-05	0.6847879634973468	0.250668643865013	-0.250668643865013	draw4189	True
1.6438036752118288	1.7787982746381714	1.9098654398949182	0.4716839223741166	-1.2029903673739402	0.0004999973329927734	8.747402109245082e-05	0.79883754940213	0.12253990047019678	-0.12253990047019678	draw4191	True
0.08043808328175966	0.18904281709524035	0.00993458418978942	0.18310573597412433	-0.19313160381400066	4.636303558736707e-07	1.240872297990238e-05	0.05139576028058429	0.1811018329475645	-0.1811018329475645	draw4192	True
0.6083679702793707	0.007902418979629209	0.7252120417132374	0.2251262331865231	-0.8123962409662614	0.000391592317090304	0.0002740181627277902	0.6066491206392115	0.9865927855891672	-0.9865927855891672	draw4193	True
0.336734279234556	0.39899718766844394	0.7432614157388079	0.3071971903207316	-1.0647912746726553	0.0002839585505986744	0.00017148286718703522	0.5775963873315643	0.6820966784586288	-0.6820966784586288	draw4194	True
0.013769150222257042	0.005777900826342956	0.0018009016239927055	2.763829306597959	-2.7656212596787104	4.635296637218895e-09	6.060230287854064e-10	0.0006511721042797337	503305.3850245963	-503305.3850245963	draw4195	True
0.06332972886379082	1.2197190318762092	4.746834838977764	0.21061424265387527	-4.556428042831556	0.0010304776927036444	2.187444758572913e-05	0.6915974301344876	0.171324006017702	-0.171324006017702	draw4196	True
0.059456264910893765	0.006995075073806232	0.0695742344869249	0.5019016071871201	-0.4189664098009149	8.249372132534381e-05	0.000248906154444133	0.12085229407958191	56.3317116911284	-56.3317116911284	draw4197	True
0.22050918884309115	0.03564353537690886	0.0015949108085174966	0.14896305587857292	-0.07470950973496306	2.819756811245609e-10	1.2438139937540509e-08	0.010592739528949091	335.39330663848057	-335.39330663848057	draw4199	True
0.41105628210021694	1.4007759539697833	0.9268687206184939	0.09122115074922177	-0.6462561419788442	9.295252551283105e-05	5.9684710553131815e-05	0.7427098342415125	0.05130585773073099	-0.05130585773073099	draw4201	True
0.8194271951531765	0.07914830962982349	0.29291361852998016	0.6826806056579097	-0.6869036321791737	0.000173155970688864	0.00016688408320236482	0.28755983103343596	2.0405713028052364	-2.0405713028052364	draw4202	True
1.0292075109666476	0.003947686873352278	0.002634248314964278	0.002960079667047004	-0.0032301651132687764	2.101608852035921e-07	0.005497426053615457	0.42602086584314786	0.1260127435407237	-0.1260127435407237	draw4203	True
0.13686015379814756	0.4336842441178524	0.04339836574070564	0.223582236263391	-0.2668463985125887	2.6532192728788758e-06	3.626496168807814e-05	0.16044655791136142	0.07842970222063954	-0.07842970222063954	draw4204	True
0.654494580060264	0.006149172444736009	0.0008055251594355688	0.04427601678672184	-0.043193799016747976	1.344047507541912e-11	6.6111720945078895e-09	0.017865329454754754	18.960812661557462	-18.960812661557462	draw4206	True
0.3397189419245581	0.007637851057441941	0.0029261091890823003	0.695004967899989	-0.2907686481294362	5.193136867018018e-08	1.0660978323336255e-07	0.004192510640786454	2855.2585040523727	-2855.2585040523727	draw4207	True
1.0928859847484813	0.017975335101518518	0.2543478789554091	0.022710768610353833	-0.29502473273187413	1.619044841076409e-05	0.00011445710390283862	0.6762698948583014	0.09152675511757621	-0.09152675511757621	draw4208	True
0.00046815306091224884	1.0448183010290877	4.492396932065725	0.025621832087976568	-4.514227093623576	3.2430142993010266e-06	7.988876224185167e-08	0.7050932162796046	0.001777085714360786	-0.001777085714360786	draw4209	True
0.36344672489447827	0.9950243769255217	0.6152492129477601	0.396228588845381	-0.9216643748082052	1.9465955471829132e-05	1.3888193839518474e-05	0.5196801022218919	0.025643223979829446	-0.025643223979829446	draw4214	True
0.6839843383634346	0.01891872636756528	0.08211537160297809	1.2101173586355385	-0.1625057473324299	8.06519073175078e-05	4.810420381254522e-05	0.0634174145441429	1.2735333794429788	-1.2735333794429788	draw4215	True
0.30667210645832155	3.1886742618516783	0.16165611056114826	0.008912757950352164	-0.14050181121217514	9.62613006603882e-07	1.946118353715327e-05	0.7268601960668617	0.001630408968116794	-0.001630408968116794	draw4216	True
0.2171868451660777	0.015001102165922297	1.7355366217663764	7.453170918457189	-3.8136350886119885e-06	8.631577535435367	0.10801643669784965	0.1622752626460949	646.447994741748	-646.447994741748	draw4217	True
0.5017243001563261	0.01516358191467398	0.06974122043373057	0.18133873559791805	-0.13123343007015192	3.962510922018245e-05	0.0005835388497771328	0.267632121191773	2.748358557417877	-2.748358557417877	draw4220	True
0.4133870439977736	0.0037603108912264006	0.59879570438072	0.17008153703424378	-0.6105387487710976	0.00037463687271680927	0.0006907617160127012	0.8130878909177092	0.8805129756926364	-0.8805129756926364	draw4222	True
0.16151514769445427	0.19039155191254573	0.038833638849775434	0.42027059338872297	-0.45805235371516584	3.3235767093966477e-06	1.5656220058486662e-05	0.08428468827603179	0.471973908185966	-0.471973908185966	draw4225	True
0.3674769935144896	1.9218878170155105	0.431740120408071	0.07332653734129217	-0.3430564617905228	5.492496511452154e-06	1.7444259333432778e-05	0.7694205486289973	0.0045935948530281155	-0.0045935948530281155	draw4226	True
0.19232331413813364	0.06717052514386636	0.020322953736847216	0.015422470192538475	-0.03910885106578638	1.6621937076498927e-06	0.0009831118299020226	0.4942501653961057	0.28559437656086506	-0.28559437656086506	draw4227	True
0.00023270677896453047	2.824695141257992e-13	5.220365098740398	3.4198906149858543	-6.078286716954338	4.478664072763657	0.14469601296815104	0.936965363023733	3402.163679225014	-3402.163679225014	draw4228	True
0.0021300743558976816	0.00027531687577231833	3.333104683140453e-05	0.5971277538788413	-0.597160424337477	7.067734475411038e-12	1.981970688146954e-11	5.581583868493259e-05	2381582.0121038347	-2381582.0121038347	draw4231	True
0.3480618053535634	7.446911399536436	2.4023866206946725	0.5103754392981408	-1.7561047424149994	0.00010124698107692894	1.0827201836391077e-05	0.7856153773859055	0.006341224838946275	-0.006341224838946275	draw4234	True
0.0003701593664341996	0.2069653736105658	4.928104298833323	0.10759595694443669	-5.023861081772621	1.756877221256987e-05	3.5389169164844326e-07	0.6994301803132361	0.017406393368992638	-0.017406393368992638	draw4238	True
1.4787040753785118e-05	9.431488304804537e-14	0.02747535451760952	13.524438618021215	-13.55191397231465	0.37158874561309424	0.0020315291056661085	3.0962912502214273e-06	716.2199259291523	-716.2199259291523	draw4241	True
0.8783302169568643	0.08754395513013563	0.09884829670550384	0.0025047612403103457	-0.13997856944463982	1.4358500605073842e-06	7.163698029444133e-05	0.698205521450745	0.030560306875156637	-0.030560306875156637	draw4242	True
0.0002937083648000634	2.4129136549152	19.574561388567563	0.004222106157011926	-19.573452558109558	2.0523353590808647e-05	2.6775684264767487e-08	0.7070305261051433	0.00048084548229474937	-0.00048084548229474937	draw4243	True
0.2162432906978569	0.018393821262143135	0.004002494951292522	2.1035188607350017	-2.0145800638070868	1.7941113149858166e-09	4.0392789858784943e-10	0.0018991445661806832	17640.448182021475	-17640.448182021475	draw4245	True
0.0002918968053822372	1.0740436562146178	10.819232724398443	0.05027168646460415	-10.863306071252325	3.651890020106156e-05	1.5526616346330695e-07	0.7054659041181881	0.002905311263944163	-0.002905311263944163	draw4246	True
0.02471063488799002	0.03837620330610999	0.0026243682662876553	1.4246995518175831	-1.4268449289830283	2.1334293144777774e-09	1.0472049880221652e-09	0.0018386603023049543	19372.987465136473	-19372.987465136473	draw4247	True
0.07460935278436427	0.03987982611263572	0.09887128228832985	0.07880990669818515	-0.19194863201826215	9.582535278123183e-06	0.00023176382592306227	0.48624230490293946	0.8749907236217835	-0.8749907236217835	draw4248	True
0.28955258455104227	0.3906933160749577	0.6858283942156133	0.25836921994880413	-0.9849787397537357	0.0003134250321482345	0.0002301432887441527	0.5876892647308626	0.9060316248918459	-0.9060316248918459	draw4249	True
0.9154794856174487	0.6757203426225511	0.31326312410150686	0.00024789093224292106	-0.24546374893801734	2.40740749955971e-05	0.00012275177793355966	0.7073728101725867	0.05354568377443606	-0.05354568377443606	draw4250	True
0.006662025701471281	0.00018935656686871916	8.590201152316758e-06	1.1154131007355073	-1.1154205521640863	1.8852956894579975e-09	1.515309350421695e-09	7.701303513323579e-06	250445.26145004493	-250445.26145004493	draw4254	True
0.265631063105888	0.2679362344961119	0.01632131442260911	0.0679099476609416	-0.08569211989351738	9.960365219027094e-07	0.00013530733753688764	0.1902295883790568	0.16384640556687194	-0.16384640556687194	draw4255	True
0.3872269779998908	0.2043222278961092	0.9813234332578236	1.4173995475404628	-2.406856878832864	0.00015351915680129628	2.285576640199969e-05	0.3786419909699894	3.249664037974681	-3.249664037974681	draw4261	True
0.008007871127185198	1.4856758196728148	24.626886820085574	0.2677074029394588	-24.506694149969302	0.003305118874336503	2.6953622373409496e-06	0.703273968122605	0.13628946071478729	-0.13628946071478729	draw4262	True
0.27942576587911955	0.055665848625880476	1.6190731823841997	0.11307125840667151	-2.1777625960923648	0.0007681557117643622	0.00013664071627534879	0.6828603678696908	0.8860163117444235	-0.8860163117444235	draw4263	True
3.0365547067143064	0.4004784622356937	0.42447208314901236	0.5921867813634611	-1.4329341818664076e-07	0.231652210306858	0.27495450433878044	0.3867345685548862	1.1242262106285534	-1.1242262106285534	draw4265	True
0.604163063722847	0.06604438365715301	1.0300187876377729	0.033295102552893266	-8.75850608861306e-06	0.024697917768994652	0.011379997980849894	0.6991279391038349	0.03361850433404155	-0.03361850433404155	draw4268	True
17.171157541075456	0.24650775102454575	0.06562000991873493	0.12543040735167074	-1.8621020538012178e-07	0.007577060440186425	0.26328503633273775	0.29374319605011456	1.4105517334032684	-1.4105517334032684	draw4269	True
0.11949895442798159	0.1988377850340184	0.46594449851100717	0.307564246305976	-0.7398774863447608	0.00017057719090261703	0.00020918941102287544	0.5159926692786094	1.0410153075751554	-1.0410153075751554	draw4270	True
0.5519120033762234	0.2787886035257767	3.293409408194641	0.880644481896223	-4.332705060924096	0.006902436443312954	0.00024416762515554793	0.6194247188707975	3.132531589241639	-3.132531589241639	draw4274	True
0.5549803796532468	9.813905875317907e-05	2.5392408080427336	0.22576113141148926	-2.541588107261614	0.0010272505341504335	7.289095465913419e-05	0.676398317922786	0.6637174062348612	-0.6637174062348612	draw4276	True
0.6109694551422992	0.03207184109070085	0.1737718499784628	0.4468487441153829	-8.403744644613909e-10	0.05240915566610081	0.1427353020078345	0.25130315375378426	1.6746720615663	-1.6746720615663	draw4281	True
0.14953929967379645	0.03040973296220357	0.0018033173400943162	0.17111610409024383	-0.17290682669059163	7.142356405471087e-10	2.38839822781222e-08	0.010428089981372261	159.89471246517925	-159.89471246517925	draw4282	True
0.8084277329283381	0.01767456112966179	0.05503215475080953	0.0937489744216613	-0.07141063832012046	1.39863169887231e-05	0.0005557995954279626	0.34691530249650165	0.4971858365616213	-0.4971858365616213	draw4284	True
0.09937195831880812	0.1123908799871919	0.017201825949275256	0.29335493060691054	-0.30682646568440713	1.568260566944231e-06	1.621085228216677e-05	0.05530550260890625	0.6856686238820581	-0.6856686238820581	draw4286	True
0.7349222405161709	1.2901633895138291	0.29528649850082367	0.030156930271001612	-0.09270668557458372	1.3442671243516624e-05	8.535689275692335e-05	0.7440808003233574	0.05319311653569702	-0.05319311653569702	draw4289	True
0.34366309427689357	0.2927856451181064	0.014019125386015477	0.03939804843003336	-0.05011741914724429	1.2686762565896584e-07	4.159689341495919e-05	0.2538492924811762	0.05171276274453631	-0.05171276274453631	draw4290	True
0.05066394721104998	5.05630152027895	12.604237874561454	0.30971391471306625	-12.75663270462573	0.0006523968808757267	2.0034484861821054e-06	0.6984731932647891	0.011789064880327002	-0.011789064880327002	draw4293	True
0.2029449744309931	0.023387824287006875	0.5001905695355772	0.38612133889310013	-0.6950473719721679	0.0006913872032226729	0.0006675319682483999	0.4914853323806858	3.81384147212358	-3.81384147212358	draw4295	True
0.386145198184755	0.005716706206244981	0.004070240863337215	0.3283040994150144	-0.026709361296680226	4.370486861576484e-09	3.955575830745899e-08	0.01224503576204827	82.04574894401081	-82.04574894401081	draw4296	True
0.018803690762150178	0.0023977341456498194	0.000867919576979378	2.5503481459572765	-2.5509777334113823	3.9671504387415806e-09	6.095146343987504e-10	0.0003401983620644898	766086.5533663282	-766086.5533663282	draw4297	True
0.5341981751609131	0.009994184981086902	0.0005608956897207854	0.07099204847847898	-0.07005243591678524	1.1305642842428485e-09	2.2080736691448862e-07	0.007838649591212476	39.7917136538455	-39.7917136538455	draw4298	True
0.14792399183250277	0.16167928956149724	0.003693947544449275	0.06535318457820377	-0.06914212366499128	3.4051742252211094e-12	7.122079440275946e-10	0.05342253129219348	1.826814889530923	-1.826814889530923	draw4299	True
0.5567758779376908	0.037570542665309264	0.021411530706885108	0.7058084315771944	-0.482338228170188	3.187082723631435e-05	6.021233762244026e-05	0.029430177696879858	16.884723060433213	-16.884723060433213	draw4300	True
0.6984319304014123	0.10928383262758773	0.043955764843081516	0.03527245227518241	-0.07562284919907321	4.95594696670118e-06	0.0006037063871660155	0.485137833418314	0.5862018943360874	-0.5862018943360874	draw4302	True
0.8099656209423189	0.029758947719680996	0.16125579280721275	0.182884148319789	-0.22383718954684678	5.72176391525711e-05	0.0003961463846336691	0.4243049036271468	0.6479673424236836	-0.6479673424236836	draw4303	True
0.3309898535017628	0.07518721714123719	0.2888138177368878	0.5636151421499259	-0.8347488186287921	0.000806264015837906	0.000995333905250015	0.3208941898533798	17.95677944236017	-17.95677944236017	draw4305	True
0.42525885045487116	0.0010819689431288532	1.7180123394820461	0.143218292549878	-1.7350059322701654	0.0003566705611354935	5.559300437750162e-05	0.678270170641984	0.5595300475263535	-0.5595300475263535	draw4307	True
0.012286960731701227	0.0005674408259987732	0.00013954241837044298	0.5651889609643234	-0.5652668051555141	2.147010577705909e-08	6.717882322041286e-08	0.00024683420012711424	327821.7804563479	-327821.7804563479	draw4308	True
0.09587367443016431	0.25316484216883567	0.8936583249995956	0.04935540935169405	-0.5213848642327468	0.00014999250576480856	9.923597362953632e-05	0.7268943461095491	0.4624021461973738	-0.4624021461973738	draw4311	True
0.2501659774603127	0.2854253089826873	0.4242665837862161	0.4453866789979378	-0.7875580932386944	0.00016733542041979168	0.00017872011447969338	0.4384616111055435	1.1211653648385105	-1.1211653648385105	draw4312	True
0.4305877151453283	0.0012206879436716664	0.05936752149896365	0.7844740721783552	-7.963484362910611e-08	0.024398067896245497	0.034807670691396744	0.06181675795338232	61.74276156833464	-61.74276156833464	draw4313	True
0.5141775363969394	0.04920796668206069	0.72332101653145	0.02626233732931014	-0.871636311111206	6.494192077232057e-05	5.985053884969331e-05	0.6943885499697043	0.14674091148798912	-0.14674091148798912	draw4315	True
0.008089917102633279	2.3128913453473667	67.94217055006519	0.24252545453413576	-67.87648898643688	0.010202204283387582	1.1011207253453847e-06	0.7058458702706681	0.046994460094723585	-0.046994460094723585	draw4318	True
0.7421151841181446	0.0003581278918553532	0.06365040258856254	0.05774443843641787	-0.0640927426891207	2.5398275498514206e-05	0.006215513156739874	0.9957205311662952	0.7627627801685618	-0.7627627801685618	draw4319	True
2.11831644835485	0.06666837954515036	0.03878111951990583	0.05054641449875927	-2.7294383812825895e-07	0.0018842290790438549	0.311029619152442	0.4095726044576152	1.2803692442391195	-1.2803692442391195	draw4320	True
0.6719323634324077	0.0008701584655923525	0.27539059631806057	0.4252696826237261	-0.2786282548502776	0.00029063044200304186	0.0005127892082743316	0.365803304300103	1.7800770444352414	-1.7800770444352414	draw4323	True
0.3622293407289322	0.08353215210406781	0.0007262324334474543	1.0643058684253142	-1.0639574403475938	1.0797842267195818e-09	9.519439573831688e-10	0.000681887676463516	11485.32293045344	-11485.32293045344	draw4326	True
0.01398133559574684	0.15469827054525315	0.20232902997946384	0.09859752706625592	-0.28246190789319736	1.4300604440809428e-06	1.0875494733247923e-05	0.5579631448443844	0.06808284591881529	-0.06808284591881529	draw4327	True
0.8761845332996324	0.24496394599036753	0.03551302710201085	0.015312128794597273	-0.060991810205985986	2.6239987776599555e-06	0.0006825585398554969	0.5727638817873473	0.10878673743212318	-0.10878673743212318	draw4328	True
0.07850865237735588	0.0034982024550441245	0.003669641918303351	0.14505842284561193	-0.14708656963865058	4.501152823470903e-10	2.033637747685897e-08	0.024665993137667364	394.46057929413547	-394.46057929413547	draw4330	True
0.11728315313182913	0.4109376788791709	1.022366046868636	0.010061684040812773	-0.5299206634272364	0.0002062695569381315	9.964729395613262e-05	0.71059410885746	0.370536305672699	-0.370536305672699	draw4331	True
0.14082188509710894	0.12062611178989104	0.03839435603021523	0.018783954729938105	-0.06284837877956265	1.0042314869228417e-06	0.00021170756514640943	0.5574663246292257	0.16573791897910486	-0.16573791897910486	draw4332	True
0.8963851335528588	0.19505923792714128	0.8256751047641376	0.001510218100372393	-0.7234705108957152	0.0009044503994690864	0.0006625052942503052	0.7066614395658757	2.7775012798447993	-2.7775012798447993	draw4334	True
0.0025499551378533763	0.016259032371646623	0.023956827121586588	2.564130229938428	-2.5881149872455835	4.647833235880988e-11	6.938339793857913e-12	0.0092561804528347	3629.3538718630684	-3629.3538718630684	draw4336	True
0.20707805224977577	0.4031818654322243	1.2831128178262838	0.05499283922357936	-1.2895673524383424	0.00036153820509281226	0.0001051930086576813	0.6921196513654757	0.7747912245606992	-0.7747912245606992	draw4341	True
0.09851481536654488	1.838853402613455	32.35998419760481	0.23757423757166207	-30.048382309532602	0.03149291603110542	1.5147977131854592e-05	0.7097071550720453	0.3332705662075557	-0.3332705662075557	draw4342	True
0.1227780655230949	1.247311988656905	6.107935424381453	0.7424888278881709	-6.077712952885381	0.0012525475381446056	1.486964746824248e-05	0.665499393582039	0.26947060671188905	-0.26947060671188905	draw4344	True
0.2492834433403096	0.1797679687626904	0.008056654149338604	0.1769733100407197	-0.18510840967084286	1.0396247059679421e-06	3.0308877613208405e-05	0.04350120096493525	0.5910223761823996	-0.5910223761823996	draw4345	True
0.18120635796816145	0.5775363256718385	1.1653416152955358	0.2136875481087566	-0.48244488222014725	0.00019981070518883202	8.826860701353606e-05	0.7745456421905026	0.22314954043778482	-0.22314954043778482	draw4348	True
0.17032661279176645	0.03499292793323354	0.09740850466022158	0.09490536040039245	-0.1639953077611725	4.9664794420235986e-05	0.0010686870647156526	0.4518526827142335	1.3967917325010037	-1.3967917325010037	draw4350	True
0.01919859208440648	8.276060369352028e-05	0.0006215955259414675	0.15478719770584365	-0.12814063630195374	1.767107089971347e-08	7.316523076005682e-07	0.0039997128942362145	2896.5514071846833	-2896.5514071846833	draw4351	True
0.3759382321722511	0.0683481086557489	0.21111899743507856	0.764079223331179	-0.667987493509655	0.0002625950985395967	0.0002637603114111824	0.21158672098625722	2.8145860013618687	-2.8145860013618687	draw4354	True
0.04774474999342242	0.7496518707655776	7.364889793029322	0.0458873324089997	-6.175367236193402	0.0011476233860041728	1.064492853333806e-05	0.7093130217199325	0.674528932366887	-0.674528932366887	draw4355	True
0.005837231154276318	0.001131379555223682	0.000746168066958034	0.04962478116745273	-0.05037032590892884	2.853702168808708e-13	1.1244834927532445e-10	0.01481183544698586	143.05128314541867	-143.05128314541867	draw4356	True
1.961720312523685e-05	1.1938963148356006e-11	0.00713371165349029	10.191918868949355	-10.19905100015787	0.07270619914657103	0.0006999381356336829	6.905382476270617e-08	38350.23099034716	-38350.23099034716	draw4358	True
0.04553601910184193	1.5267510971281582	4.033119672739068	0.015602761163140003	-3.9419528744063217	3.863806386046188e-05	1.1831042393126233e-06	0.7057403296585317	0.0045294547312745214	-0.0045294547312745214	draw4359	True
0.24630567185336175	6.842266638238326e-06	7.467380468834251	0.328933890234849	-7.468749161644722	0.006909262925036733	5.9284411908232394e-05	0.6917078064026395	1.8706211730645979	-1.8706211730645979	draw4360	True
0.9869966774755423	0.00945774156245764	0.10678265172385377	0.3455242636787661	-3.6316600822428047e-07	0.021864145372742772	0.109741850987864	0.21386884121142102	9.779501473208922	-9.779501473208922	draw4362	True
0.2503587279019947	0.16826217829500528	0.5142903564966909	0.05489921820075257	-0.12122628069107422	0.00014098658868212977	0.00023958136141074605	0.6704184824463826	0.512269529045999	-0.512269529045999	draw4364	True
0.25841224546925146	0.42048516662974855	0.01646373707140432	0.27843398220664556	-0.25945029207609616	1.149626066209088e-10	1.3178386955621502e-09	0.05574183329110854	6.655465917027474	-6.655465917027474	draw4365	True
0.8599971897577086	0.19636280663229128	6.620862629167773	1.2760723418169022	-2.8945450661242083	0.02612060671097056	0.00036076852365734847	0.7781032839315078	9.21598496339313	-9.21598496339313	draw4368	True
1.4562394268621504	0.02234337849784991	0.12245707807310223	0.3705635888127336	-0.16888096294239288	1.1001405013814631e-05	4.263034622373938e-05	0.2410567180116336	0.2596292267868722	-0.2596292267868722	draw4369	True
0.6423714030491745	0.01661283625382545	0.00033671894505308723	0.06494286507371107	-0.06374360894722862	1.2119135056789036e-11	2.8438410159331305e-09	0.005158036327494221	38.93836557934122	-38.93836557934122	draw4371	True
0.13544488470533228	0.03373101130666774	0.0018364037129127056	1.4201372526699083	-1.4095256458494376	2.3712346732932532e-08	1.1727102228519474e-08	0.0012914459932606027	14012.872408014175	-14012.872408014175	draw4372	True
0.49336304151528465	0.00010501173571538803	0.29045105724495085	0.09519768571523476	-0.2907790496912457	2.0085607098438278e-05	8.617221408328798e-05	0.6016086933607478	0.39255170331210737	-0.39255170331210737	draw4376	True
0.9329166507068046	0.8460256573931954	0.9517598112343089	0.2182292268065588	-0.5714270976730431	1.6082357524762474e-05	1.1138031148959391e-05	0.7920575173723744	0.04437913956012237	-0.04437913956012237	draw4377	True
1.1708338280470876	0.4350109086829125	0.44401311826395823	0.26516335168047067	-0.5301182484214004	0.11596190355500503	0.2978381554311014	0.6769817078386767	0.08615169196498038	-0.08615169196498038	draw4379	True
0.13695311968722076	0.12421340313877927	0.04464591299896718	0.5564522670438522	-0.5761670574210879	2.0075591883564595e-09	5.525712457767907e-09	0.07406988497934663	91.6158836671232	-91.6158836671232	draw4380	True
0.7438570377820436	4.422897395634158e-05	0.9702294915061352	0.5841884257972552	-0.9706461356394966	0.0002978148469450106	0.0002731313594984178	0.9291526717507215	0.8988735340011546	-0.8988735340011546	draw4382	True
0.7549646020769502	0.0002216487420499276	0.9118037678842553	0.6262181820189742	-0.9123492782341429	0.00016175060461260721	0.00017717448377193253	0.9542870134476388	0.32487082392454325	-0.32487082392454325	draw4383	True
1.1398385411921157	0.029208180217884336	1.9531735472731484	0.44071967413848945	-2.262168792399198	0.0006937742189127939	7.267991693744046e-05	0.6321773983123964	0.556359003358072	-0.556359003358072	draw4384	True
0.19138762392802383	0.004956712869976182	0.0030852928891902105	1.0465771335589418	-0.08698427639570602	6.851217015644251e-09	6.2182001538449885e-09	0.0029393065654632978	19546.444258640877	-19546.444258640877	draw4385	True
0.02433308531719917	0.5304943252848009	0.10239330861799102	1.4563285245100492	-1.5602097535872292	1.781273946062597e-06	7.300009432889159e-07	0.06554928052700912	0.16394883274026675	-0.16394883274026675	draw4386	True
0.17688746768910657	3.3630393376208936	1.2902259690704623	0.25523248650859964	-0.9339316641355746	5.5548308858440265e-05	2.0303526865576522e-05	0.7800386109576464	0.011056923083547577	-0.011056923083547577	draw4387	True
1.774771261132809	0.40817181297719135	0.0411955111287112	0.00422729467128909	-0.04354100442559852	2.1082709041789367e-06	0.0005606693826110603	0.6718000399471439	0.05160338282738198	-0.05160338282738198	draw4388	True
1.2267069869033183	0.1530253927766817	0.6482377093093421	0.41358866108480036	-2.1614078617449017e-06	0.2414800185133193	0.20196293779940996	0.569093652516281	8.581185799625835	-8.581185799625835	draw4390	True
0.20606120460327873	0.040441579259721284	0.03028851544376122	0.11339052876058155	-0.12006751569240957	4.422079861904658e-06	0.0002050957061119915	0.20627318529259384	1.0291893306867141	-1.0291893306867141	draw4393	True
0.3582186553519006	0.28036144937609936	0.004034904021381135	0.1400214281839778	-0.1407173828166643	1.8686001995581666e-07	8.997277359400802e-06	0.027998227953004984	0.2061936199249777	-0.2061936199249777	draw4397	True
0.5859559154346157	0.4924508973053842	1.8384716894128952	0.4886518684951739	-2.389141169471005	0.0030337816104611362	0.0003449254327570819	0.6199081652649342	2.193346795660735	-2.193346795660735	draw4398	True
0.09189677212236703	0.4449193809436329	1.5054850015030636	0.12198347620014154	-1.2684510223777479	0.00013338155949407573	2.7136886547095805e-05	0.6790606221751243	0.10203704334438529	-0.10203704334438529	draw4400	True
1.0687722930647048	0.026998975955295348	0.5219136336353766	0.03678101784248165	-0.6325127748355617	5.660585873963498e-05	9.683939454213166e-05	0.6826435331739488	0.2548934137569103	-0.2548934137569103	draw4401	True
0.2600941101719622	0.011661201303037784	0.009544987097858422	0.24503323159314574	-0.2547360200274951	1.3931237621616101e-09	2.146530838606549e-08	0.037467012204096956	127.02236324218393	-127.02236324218393	draw4405	True
0.8716558831932413	0.0007514257807587077	0.35728821181870296	0.0815265205990251	-0.36185198288008524	0.0008222821065994801	0.004036349117545373	0.7915904048254536	5.894455800352273	-5.894455800352273	draw4406	True
0.7745103144362241	0.7482709234937761	0.7385151429312049	0.0023828369246948955	-0.323171850582913	6.364313464248565e-05	5.853331188336063e-05	0.7082476985208147	0.19044145766744713	-0.19044145766744713	draw4407	True
0.15675082587544573	0.001611964376554278	0.000998849452590835	0.18556893989648188	-0.1860587803679297	2.7781449488733186e-10	7.981217044317303e-09	0.005353738389639935	440.0592779593542	-440.0592779593542	draw4409	True
0.7559981755365737	0.18722641859042638	0.16896291874090205	0.029385789558060604	-0.09186038090499166	1.8965075941763598e-05	0.0002793475955703629	0.6484650223026396	0.09516286553708299	-0.09516286553708299	draw4412	True
2.6387229040097533	0.9339371630002468	1.4300939624503914	0.5356317295061572	-0.3045099055930077	0.0005064238918142771	0.0001779903889125642	0.8478240915682709	0.15998681712077298	-0.15998681712077298	draw4414	True
0.17457090659902075	0.17887315868797926	0.04372436889411746	0.1351454472818907	-0.1807085132032883	5.0244109899602275e-06	0.0001481854956925847	0.23745632388149457	0.46758962605406323	-0.46758962605406323	draw4418	True
1.1496440033952526	0.013983361524747343	0.04226852569110402	0.6917882021551707	-2.142189208659273e-08	0.0196549402724283	0.03745885709885357	0.04477327204137084	6.873055068748765	-6.873055068748765	draw4420	True
0.4800219533568478	0.01724068273615215	0.16864709912242412	0.48872297441665574	-0.0228439370063607	5.802040140805459e-05	0.00012597323563504257	0.24850069102993774	1.084276402830307	-1.084276402830307	draw4424	True
0.7657737807139087	2.0135518289760914	3.229356482539743	0.7814596753435847	-1.932556715732762	0.00042122856902264487	2.565191239994094e-05	0.7969240864196637	0.03406267681600323	-0.03406267681600323	draw4426	True
0.38562159460394474	0.08345918129205526	0.1871223532374905	0.26940335102322366	-0.4761065722936866	3.9334491886911214e-05	0.00016158410269508935	0.37926099486534837	2.7727713188047534	-2.7727713188047534	draw4428	True
0.23737185223459348	0.5224841726104066	0.03206231007011301	0.03824186328932387	-0.06285045985282367	2.925445731009237e-07	4.899695508938358e-05	0.4149381153824924	0.011118429294874981	-0.011118429294874981	draw4430	True
0.19832857034546714	0.15064216439853284	0.01793439697296832	0.2782666324338731	-0.2965495386188388	4.779012102006965e-06	5.42719949403158e-05	0.06043735253326184	1.1471739466898878	-1.1471739466898878	draw4431	True
0.1953416893658162	0.0020269832681837872	0.009563897267890429	0.21579629959151994	-0.10762621468482281	2.184546729960399e-06	4.293638426317008e-05	0.04240008677272934	4.805624670299684	-4.805624670299684	draw4432	True
0.12925013761241602	6.349851257227583	3.248167616016068	0.21566960822038897	-2.918164470601113	0.00010271814237870183	5.2018043446738905e-06	0.7309570519289154	0.004003102117881218	-0.004003102117881218	draw4433	True
3.8881857972613263	0.01700906619867384	0.22019461432512893	15.564438056230717	-2.2482897625575315e-06	2.688245953879474	0.010902522111345288	0.00881952560515531	9774.73670455192	-9774.73670455192	draw4435	True
1.008371180904851	0.0933364275651489	3.4006045902643645	0.14528492033887253	-4.761571001849967	0.0007017408930447614	2.9072710541993592e-05	0.6921663882604846	0.8386176737078512	-0.8386176737078512	draw4438	True
0.7657269979124041	4.497973120527596	0.40492521045673013	0.11502864816321066	-0.22451133529499578	1.0127871840480315e-05	4.083746100961368e-05	0.8131021029274416	0.004687615468508434	-0.004687615468508434	draw4439	True
0.30511995175766027	1.4145763071123396	0.38647977568737907	0.07162272253695501	-0.21760253725159806	1.3042310413632756e-05	5.248381147610507e-05	0.7752864420556973	0.01696772085825906	-0.01696772085825906	draw4440	True
3.084519282033589	0.16160361824641103	0.062321265330761696	0.1676732708969632	-8.33903137417713e-07	0.008963541917600338	0.19993451575933632	0.22045732880205157	2.007332511205467	-2.007332511205467	draw4443	True
0.002460140740398681	1.7217750846596014	31.0278689947375	1.5149044269936764	-32.46441949523391	0.0005918053374533776	2.9271778849346367e-07	0.6900603401945159	0.023147423615862563	-0.023147423615862563	draw4445	True
0.10492886870654254	0.36505682795445743	0.41907989991417316	13.639831633357838	-14.063974259408297	0.0007436705449823725	3.7591655830507895e-06	0.02979560894854825	3.134746522932874	-3.134746522932874	draw4446	True
0.024636894578708712	2.3920316052412915	4.189973246697341	0.0773504620952218	-4.2121530940259255	0.00017091245717640104	4.778639053998986e-06	0.7006102792335763	0.012474196424431079	-0.012474196424431079	draw4448	True
0.23882928335275644	0.11991198301324356	2.327180066238033	1.2151944084412445	-1.3187032416747742	0.00045645828650603436	2.540935281534385e-05	0.5490681369734723	7.994599175634356	-7.994599175634356	draw4450	True
0.09891624471853085	0.10054816858246916	0.02017437186835396	0.6424037826291024	-0.6604117784480485	7.811670241251268e-06	1.7777358631771418e-05	0.030434180621638506	2.476485401152919	-2.476485401152919	draw4456	True
0.5320387387421346	0.02389679607286545	0.0029593637612077076	0.00610428519497372	-0.009110554790972562	5.681917093431712e-07	0.006251686878638311	0.3103629767162465	0.6778258630479346	-0.6778258630479346	draw4457	True
1.4135922110399055	0.021669107540094608	2.0408921238970685	12.310580420657635	-6.862250783612467e-06	19.8603178953022	0.10532262003855944	0.10544888396695432	1415.6895536192271	-1415.6895536192271	draw4459	True
0.43088215300581206	0.3532011194551879	0.10095570620533463	0.06325133209961566	-0.1580918167108809	3.327629381616388e-06	8.955832226878319e-05	0.5237407501966551	0.0845468974678189	-0.0845468974678189	draw4461	True
0.7426762255096421	0.2562596456023579	0.04853120414589769	0.022066494084556815	-0.02807088418640804	1.0392419001664092e-06	0.0001415993698513014	0.566491495121907	0.12200538056174107	-0.12200538056174107	draw4463	True
0.6013004454077864	0.013838490511213644	0.23931447498884817	2.1302054686976404	-1.244166218355991e-06	0.31051384612930594	0.05704595205758703	0.08538785973135112	117.42797407298966	-117.42797407298966	draw4467	True
0.6970501186963264	0.014376306824673613	0.010102996151215812	0.3618223458414895	-0.3709089815457938	3.760236141902486e-09	2.71633441885283e-08	0.02715402705965909	62.756593967734446	-62.756593967734446	draw4469	True
0.42655815865106034	0.3673570007019397	0.06874392911253238	0.15404327165610612	-0.2133320430213429	8.60815887068928e-06	0.0001583550705147446	0.2948459345860772	0.11717949813515402	-0.11717949813515402	draw4474	True
0.9609921322880801	0.007018481325919876	0.2522990273820737	0.001953219266630219	-0.24504097805857283	1.5790249904963605e-05	0.00012307431793895184	0.704376389502388	1.4865499473697033	-1.4865499473697033	draw4476	True
0.1226447906500866	0.012911115684913398	0.00784749995677835	0.8239714747112097	-0.8224786242280839	1.6721751064354738e-09	2.416492526256291e-09	0.009433724155306517	253.48259966209284	-253.48259966209284	draw4477	True
0.2504225665195314	4.8993574686241645e-06	3.000262826629834	0.22798334002846538	-3.000999204021077	0.001862451716651152	9.588823879104014e-05	0.6807685097537511	1.6504576861630746	-1.6504576861630746	draw4478	True
0.5848154273245753	2.8566428424782427e-05	6.594404805047608	0.040766265199249696	-6.596724956594193	0.005989041457132733	6.92883435172706e-05	0.7092952183904437	2.358451519565305	-2.358451519565305	draw4479	True
0.009619716204510088	0.016124539804389913	0.17527148657524794	0.17967278612842763	-0.35974951604383015	2.0720515193499513e-06	1.3222580664427356e-05	0.44276074336982557	0.7354674053502858	-0.7354674053502858	draw4480	True
0.12494914006374545	1.3708263386662545	0.30445556636638876	0.05159967661280884	-0.35346795223224725	9.851712206345803e-07	4.488895196384044e-06	0.6498869158006397	0.005078833924367809	-0.005078833924367809	draw4481	True
0.1910059163992068	0.30481170933879315	0.14139778397167854	0.025480218452673856	-0.09758170049093778	4.776632193915083e-06	9.9842663542979e-05	0.6464572026974553	0.10848357335453518	-0.10848357335453518	draw4482	True
0.027941235385412	0.009950879869488005	0.005351228494168393	0.9021333129217604	-0.9073939191576681	1.4842060961754713e-09	1.802190261879516e-09	0.005896668447337342	5461.827658188703	-5461.827658188703	draw4483	True
2.1073906562084086	0.33815330703159135	0.07286529645615393	0.056564475740101636	-1.3293048634066551e-08	0.00368730222892924	0.22097477779624117	0.5321462644359514	0.2057793114435742	-0.2057793114435742	draw4485	True
0.048228686821488176	0.1747648655435118	0.09947696863312332	0.29446165613327396	-0.3991057621185953	3.6895626911765616e-06	2.234970186504393e-05	0.24483356757224778	0.18847110967367298	-0.18847110967367298	draw4486	True
1.3140593216630996	0.016643868416900305	1.03824501756421	0.8483265169785534	-1.049247015411701	0.0003908934131610543	0.00035088489001935063	0.983678122032402	0.5732096649325263	-0.5732096649325263	draw4489	True
0.5880417821426782	0.0029017140703218006	0.058681326113749405	0.05600603919997206	-0.061395314046235355	5.9570118453226175e-06	0.0003589279816960961	0.4555008998742223	0.2531290026261876	-0.2531290026261876	draw4490	True
0.25092149301067745	0.21549423583832258	0.023431646269627602	0.16913647334880116	-0.1909037547974591	2.232151656286508e-06	5.9316008937130664e-05	0.12078885454449317	0.27475527135245803	-0.27475527135245803	draw4492	True
0.0771448969982863	0.0376600118417137	0.0313325580233652	0.7191551489715463	-0.7487995182701963	7.027423985129398e-06	1.2455256156510762e-05	0.04171325561513458	6.029144774045934	-6.029144774045934	draw4493	True
0.5132584546449992	0.6025309665150007	0.019689783005642374	0.01364954645526159	-0.031029559923932297	2.2288870171134476e-07	0.0001486719352932162	0.5085239202175976	0.004150332508927099	-0.004150332508927099	draw4494	True
0.6753683231740101	0.0681988706699899	0.008939300012503357	0.008520182774200812	-0.017217931015936293	3.6167544773364943e-07	0.0009400453177594578	0.4557405398336919	0.10917615841490146	-0.10917615841490146	draw4495	True
1.3478363988871718	0.23309777816282828	0.03555037661404346	0.011617184430036709	-0.042890511990012786	3.81649469635026e-06	0.0010940001705298332	0.601894135297735	0.1838282678494301	-0.1838282678494301	draw4496	True
0.2602866057889188	2.4779654081153898e-05	0.19994169874307643	0.018459662553415662	-0.2012543923130688	0.0002509640209550066	0.002862985230214265	0.6753129479834636	3.163000672996932	-3.163000672996932	draw4497	True
1.0594404781507212	1.6580917036392786	1.6006893638873632	0.3751469730822459	-1.1058786088970365	0.00011614456592175915	2.8577750011604696e-05	0.7940020576395002	0.02159304683289431	-0.02159304683289431	draw4501	True
0.9100358096475336	0.9506299305224664	1.1011664428714134	0.10878057639040087	-1.428796240378678	0.00015396666362011232	5.752453331244954e-05	0.6730791998950896	0.05778078071466593	-0.05778078071466593	draw4503	True
0.005765866152149268	3.5986357498378507	80.45688114927613	0.0674363965263399	-80.3552632382759	0.0031979583919805364	2.4680412531898117e-07	0.7068105062095644	0.019797257005819413	-0.019797257005819413	draw4504	True
0.08141885979945494	0.23839451084954505	0.5196516835829275	2.5365797986021543	-3.08756955944614	5.8253251945652315e-05	6.061361432314768e-06	0.16762444071426147	1.6695379762183864	-1.6695379762183864	draw4505	True
0.10115168620256476	0.008091868490435233	0.011098232668980057	0.8366642120976538	-0.8425286058435735	2.2938787725031416e-08	3.191153480512406e-08	0.013090084205282354	1136.6172386933988	-1136.6172386933988	draw4507	True
0.32496504762286493	0.04481144345613505	0.645080036133685	0.49729458459098724	-0.910310561284684	0.0007082527190509063	0.0004115006207846743	0.4917049816516079	1.8942959038298643	-1.8942959038298643	draw4510	True
0.18562912065389858	1.2452608283761013	0.14822374459118617	0.4404821815970882	-0.5935741494782967	1.1381551175726235e-05	3.0882396772514915e-05	0.24415889393192924	0.04053517974575389	-0.04053517974575389	draw4511	True
0.6493340872207464	0.4620046468592538	0.795490514990745	0.10530172359419888	-0.3448562425454634	0.0002036234271592043	0.0001835824333104837	0.7553299227707644	0.32778094097377003	-0.32778094097377003	draw4512	True
0.0002707933470770142	0.00010755979742998587	0.0002701782029025644	7.697663800871267	-7.697929531945124	2.77588720859743e-10	4.684394376149421e-12	3.5097495433585466e-05	174347228.53778312	-174347228.53778312	draw4513	True
0.7013700766255214	0.7985516310744786	0.7684537319888061	0.024824001217047486	-0.5668952336521171	0.0003749077674221545	0.0003073510239082708	0.6957814006586792	0.3767200921446594	-0.3767200921446594	draw4514	True
1.6210068568312894	0.08981732245871057	0.026493272325862648	0.8387808745613612	-0.24633179064767527	8.433402731442342e-09	1.1253521144690205e-08	0.030604014487198634	17.911630494977295	-17.911630494977295	draw4518	True
0.5990212767903936	0.0627105214956064	0.02600676153697941	0.07931471250643332	-0.08751707424303189	4.566386846302862e-06	0.00038800282253118366	0.23972693411545076	1.1754115706886363	-1.1754115706886363	draw4519	True
1.1341836385463195	0.10094243839368064	0.35083373377295096	1.328538976938497	-5.35093281350818e-08	0.32122150176886083	0.12132205935806868	0.17956398738312793	6.160872360779166	-6.160872360779166	draw4524	True
0.8803748753750307	0.00906662126996935	0.01853977631978266	0.030399555880744573	-0.021083578208595632	5.76410018501e-07	0.00021046226230708026	0.3542629869294738	0.05205876343730823	-0.05205876343730823	draw4526	True
0.7815035201988026	8.938896038111197	0.18335171743143042	0.0202548990765336	-0.14544035246960785	9.660627730507562e-07	1.604264439836329e-05	0.7471714816222674	0.0011043906902887975	-0.0011043906902887975	draw4528	True
0.8593489997765481	0.1504005476434519	0.46300905629463973	0.5271873996408865	-0.8123310439369502	0.0005598236792134664	0.00046852468259128927	0.4235745647848709	1.1055831219524437	-1.1055831219524437	draw4529	True
0.04568680292582478	0.002117640244675226	0.0037321787591974645	0.6073187756039998	-0.610807410054698	1.7595671978252428e-08	4.7123203061488636e-08	0.0061076889273680235	3637.159516076265	-3637.159516076265	draw4533	True
0.28519874549127494	0.042681755555725086	0.14314570973222043	0.4027437323444573	-9.892926894350396e-09	0.025979321839680672	0.08548800366664087	0.24609231459789843	0.6163304888728467	-0.6163304888728467	draw4535	True
1.9178899331751318	0.00302892991486841	1.191737142166735	0.736686372694074	-1.1939046803831852	0.00010777469664197211	6.622879955948979e-05	0.9342121513016239	0.08262470964637854	-0.08262470964637854	draw4536	True
0.7190662039529976	0.000144917354002483	0.10311395428798364	0.0789390549111585	-0.10315376913298509	1.077809011748017e-06	9.608785850886273e-05	0.9736005122661052	0.08805066768063678	-0.08805066768063678	draw4537	True
0.17940123218382137	3.3264617491461785	4.990516117996459	0.891919496039297	-3.8076222257942605	0.0005965521932978663	1.4304523170987774e-05	0.7727836622602636	0.029168109273156117	-0.029168109273156117	draw4538	True
0.6891016819545513	0.028677017741448735	0.037926158648938536	0.05783049949954877	-0.09676992162397487	5.525751738210268e-06	0.0005209182288647511	0.368237128139106	2.282694752476245	-2.282694752476245	draw4540	True
3.4751943115937727	0.07431104168622728	0.09722467276667209	0.4976942494414042	-8.120189975216463e-07	0.041216643297069144	0.1321653564425888	0.11433061100933754	19.17768411962138	-19.17768411962138	draw4544	True
0.12365177877282148	0.2663311836341785	0.5146958479715883	1.0536318384532428	-1.5786986758855217	0.0001454239998673493	5.337515524413855e-05	0.3118187253332341	0.8401031722368775	-0.8401031722368775	draw4546	True
0.18943034501823824	0.29763285720076177	0.011485370534470553	0.09319438077284284	-0.10529588800488743	7.867241520639004e-11	7.094146884426066e-09	0.10906461164693866	2.2702780987670095	-2.2702780987670095	draw4549	True
0.0032687649771338326	0.06675328113956616	0.7689424917858199	5.605685356259632	-6.37700636829579	9.758489707510422e-05	2.3670054936252415e-06	0.11975735330872994	1.127863013644718	-1.127863013644718	draw4550	True
0.043275749334466915	0.07546787303753308	0.15429386243335166	1.1573713154772562	-1.3145197456595683	5.0906251852914006e-08	2.918481057764049e-08	0.1168265439809674	101.30580948355765	-101.30580948355765	draw4552	True
0.5799112732335138	0.00013847306548618756	0.3778802938368429	0.270251998164394	-0.37803689352634673	2.2168042234149597e-05	0.00014359645733017691	0.9617505357378514	0.12491353747074488	-0.12491353747074488	draw4554	True
1.091302991484385	0.006630411395615196	0.005810756710236814	0.07145237152699192	-0.07715545836386199	8.878153306573188e-09	1.4788650586178352e-06	0.07499557624120877	200.2933186454922	-200.2933186454922	draw4555	True
0.07328099874396458	0.17689759607503544	0.5853818799092042	0.2481106018335974	-0.7906594058405813	3.590368113351687e-09	3.4609905315978757e-09	0.5747381049067591	1.09987936406386	-1.09987936406386	draw4556	True
3.582197097450387	0.016968622809612678	0.38603802177081475	28.18388334572123	-2.6054641619255303e-05	8.817595200747034	0.01092258956499469	0.008081243465701386	24318.652163328417	-24318.652163328417	draw4557	True
0.021737581325458853	0.10410944932454115	0.31709064378959906	1.5461969168182055	-1.8559072582787872	2.304870553441055e-08	6.4519060971895045e-09	0.16776608771505935	21.415089681527753	-21.415089681527753	draw4559	True
0.1200233019354163	0.5832023762715837	1.0838583287649015	0.1215303205189332	-0.6824212387602236	0.00010645381741808457	5.067240742475433e-05	0.747786581683311	0.1630720373747552	-0.1630720373747552	draw4562	True
0.0165697890619158	1.4594523710880842	0.7060950378753895	0.0232147344808136	-0.7151742648648983	1.6896845806907779e-06	1.6397334683062293e-06	0.6955798130414755	0.003000271644758096	-0.003000271644758096	draw4564	True
0.5246935759263157	0.008881733793684255	0.0008469468374630674	0.02750053911662287	-0.018404255581154803	2.692209670495241e-07	0.0003347295081280774	0.02986217617825131	5.02795298194379	-5.02795298194379	draw4565	True
0.2958735150268671	0.3599931563021329	1.172680936527818	0.07257386600337697	-1.1681774342407845	3.383258894242462e-05	1.1563375957516452e-05	0.6855743682028371	0.09814637896429622	-0.09814637896429622	draw4566	True
0.13789045061471245	0.23585401253128757	0.05601557754886121	2.8395091630658795	-2.82608345210662	2.1446212641155447e-07	2.557016572006078e-08	0.019341951305380745	101.82497662819924	-101.82497662819924	draw4567	True
0.8615637578348828	0.35129432345511724	0.6246584247982714	0.23348182473722448	-0.8917650924308748	0.0005227974639590714	0.00046404857989607804	0.5885149523664321	1.0197906573623192	-1.0197906573623192	draw4570	True
0.1922810890371405	0.016337829890859492	0.017803993740400474	0.0778048537561375	-0.07965328630316527	8.865438191228114e-07	9.373447890207625e-05	0.1830699063684506	0.25737464263312426	-0.25737464263312426	draw4575	True
0.30665086268647385	0.09602830432252617	0.026662031331731912	0.3586782817190463	-0.3766414512151438	1.5643581754580796e-09	1.0485113460516412e-08	0.06902584048278276	32.29241493234172	-32.29241493234172	draw4578	True
0.01665750024712211	0.0012758491162778878	0.0005770739710430561	0.8920648588235245	-0.8926325431075688	2.9176712547937456e-10	3.661690272985389e-10	0.0006464785366296509	158985.38134514785	-158985.38134514785	draw4579	True
0.3981168679372025	0.003155290947797483	0.20533638394439188	0.1509577622610721	-0.21177670945573043	0.0008709378350031508	0.01929939339560832	0.9665814827962759	15.934228017653748	-15.934228017653748	draw4580	True
0.5340951677557559	4.088800381064244	1.3425280141529385	0.00554812946297501	-1.277624338036813	3.0164525034598417e-05	8.333453897576312e-06	0.7056472114522261	0.004107021725825718	-0.004107021725825718	draw4582	True
0.000908127554870365	0.27221105438712967	3.3349243892469453	0.04195859745003086	-3.361333778640402	2.5073413367968326e-05	1.113134173721032e-06	0.7026726009165272	0.028357215346020728	-0.028357215346020728	draw4583	True
4.919508404285578	0.12691700042442208	0.14288887413484794	0.02047866836922292	-0.1536424897516312	4.826428404350022e-06	0.00013633402333595117	0.7594297443106789	0.010031136503818637	-0.010031136503818637	draw4585	True
0.000937320834987034	0.004960722256732966	0.015616060366132641	25.448623531704445	-25.464205666987525	3.817575897277574e-10	5.887434558892311e-13	0.0006132544179028263	3154184.872513138	-3154184.872513138	draw4586	True
0.3151209225990455	1.0504635954464386e-05	3.603756847345556	0.2941160037153821	-3.6056046293621966	0.004471825101982318	0.00018678682421297056	0.7365227880483796	4.995362733964551	-4.995362733964551	draw4588	True
0.7908985650190107	0.0011690179949893963	0.4532873373286355	1.1618082197804018	-0.46573614072318736	0.0005029602737662328	0.0001787348151996955	0.27021610829775455	3.190782259639957	-3.190782259639957	draw4589	True
0.24570932811604815	3.371387771883952	5.002389477787404	0.11329851456106921	-4.26430100058216	0.0006051330332969858	1.2368051450790964e-05	0.71515917255917	0.019610199687319717	-0.019610199687319717	draw4591	True
11.186064448310225	0.2156466973897761	0.19850906772145555	1.1348342738306276	-2.4000315419492324e-06	0.19699393364155052	0.12624979401392206	0.09729521696271942	18.81936776477564	-18.81936776477564	draw4592	True
0.6947963089794171	0.22933332338758286	0.9261510362355525	0.03628014625376856	-1.251152850238756	5.2553022111411514e-05	2.945748593358997e-05	0.6933951641179473	0.23102329221240758	-0.23102329221240758	draw4594	True
0.9293278102458395	0.34677829893416035	1.285707772608573	0.0016463239141941317	-1.0689442566282812	5.336304633525379e-05	1.612018979832428e-05	0.7066543515436114	0.04201073527186566	-0.04201073527186566	draw4596	True
1.715354014359582	0.6359693135304181	1.7077284849471195	0.09234500305753321	-1.254088969267971	0.0023744006296108518	0.00042969082227144856	0.7264735823839028	1.1318650664279772	-1.1318650664279772	draw4597	True
0.34396629450254523	0.018656427067454715	0.4260167416318362	0.37442880747150464	-0.5452767744114404	0.00016207127866778827	0.00019711829104448322	0.46982602510482646	1.3426145624226018	-1.3426145624226018	draw4598	True
1.5599637287602646	0.03873634316973531	0.875278566042644	0.0990694921086945	-1.0057378451320775	6.552613020119826e-05	3.819726252469121e-05	0.6682749048266095	0.11238176299647559	-0.11238176299647559	draw4603	True
0.984771347647983	1.510045408702017	3.827569686662941	1.03986850096648	-2.611264127689796	0.0001813989011417503	8.090375492997068e-06	0.8083326476416087	0.05208312272697068	-0.05208312272697068	draw4604	True
0.2322303235613049	0.0006263923056950942	0.08304076119566449	0.0775288287885298	-0.08382025718758547	6.0413276470414114e-05	0.008722439609377153	0.9978012395510324	2.71274311926325	-2.71274311926325	draw4605	True
0.6902217406406383	0.044902656213361605	0.11047222923764048	0.20173120494490884	-0.26523676709793825	0.00012640756671183266	0.0011525730434546958	0.3335788501940605	3.1238896783791334	-3.1238896783791334	draw4606	True
1.1314714596331026	0.014331368866897402	0.7422278613566241	5.511657277461278	-8.72022304865272e-07	3.6244835777034154	0.10386012110535141	0.07108990913316549	453.7224513480575	-453.7224513480575	draw4608	True
0.9032232614690624	0.09024565997993758	1.7498172306765796	1.2198050777032445	-4.270309084120072e-08	1.968907398523358	0.22322098826291306	0.559370717839871	3.2104815210603275	-3.2104815210603275	draw4610	True
0.7353014800128531	0.0052593548941468615	0.0336528079237872	0.5176095614961872	-4.78002784718573e-07	0.00791974047566005	0.02631096586403859	0.055428243242887414	33.936833662935065	-33.936833662935065	draw4612	True
0.7930475870906908	0.018784714135309268	0.006457072023495417	0.0220575354030545	-0.01171271147984686	1.8522793627762003e-07	0.000216697550738124	0.22085599338213582	0.10701526736596156	-0.10701526736596156	draw4613	True
0.36873103507629795	0.002313489834702019	0.04514077116264031	1.07216625725298	-0.0747431324830577	0.00013495881892968962	0.00010793145173067712	0.04036833145750276	7.348909080646645	-7.348909080646645	draw4614	True
0.014404715557374983	0.490023664323625	1.2753551285740183	7.4670034521331266	-8.728122449099839	0.00037032381373991463	4.7443736576104815e-06	0.14435431004695046	0.5056527032076635	-0.5056527032076635	draw4616	True
0.5155698424267025	1.6672898959532976	0.15688978333171527	0.012902445388889036	-0.1441820799742652	3.403154459850585e-06	6.36772556674844e-05	0.678650230249688	0.008996980566785587	-0.008996980566785587	draw4620	True
0.539254304238036	0.0004111105389640774	0.07138412149645952	0.007173559134381888	-0.07190153210055894	1.613847886231923e-05	0.001432433980389584	0.6725229171892332	0.8316534606464809	-0.8316534606464809	draw4622	True
0.42445109374564177	0.3169958023793583	0.11632849053411325	0.022965085523111783	-0.15880154393727963	2.756912262906406e-06	8.370763656746786e-05	0.6409987137416829	0.07075513673231734	-0.07075513673231734	draw4625	True
5.216232231694334	0.02880971602566604	0.026270649393037627	0.3342275951297214	-8.328979359019384e-07	0.007639624121155366	0.06300046584119415	0.04158280089935629	89.15180814421485	-89.15180814421485	draw4627	True
0.0796771355031367	0.034194435167863316	0.10532404116174605	4.816678165547479	-4.913642349447288	1.1456621614279708e-06	4.726875278254087e-08	0.021393719678747085	3485.1627643716197	-3485.1627643716197	draw4629	True
0.07939969274700691	0.41716967904299307	0.27425277222783007	0.0005324034866629628	-0.23294679724403483	2.1901006350694257e-06	1.4587303472257606e-05	0.7077933853113416	0.01136682242064961	-0.01136682242064961	draw4632	True
0.6210148700185485	0.00022044109745150738	1.360260219735305	0.027200835769070317	-1.362249188683205	5.1876609071371486e-05	1.3740852810361123e-05	0.7000725528554057	0.04133171488927036	-0.04133171488927036	draw4633	True
0.3901581973911052	0.22053386455989485	0.05557423809288443	0.27162119319314926	-0.2910684660038091	5.8426540573123956e-06	5.304494831447792e-05	0.16745203320249652	0.5090561029847421	-0.5090561029847421	draw4635	True
0.6431590674553345	0.016222145573665574	5.590189960482452	0.017946165677500035	-6.1145019675947845	0.0015616840165769892	2.490668884027082e-05	0.7059728193616581	0.2742143251245854	-0.2742143251245854	draw4636	True
0.0037304057946694444	2.1974150391953304	31.834526225810528	0.028653242532769522	-31.777008449688996	0.0008571944078407978	4.225339964916519e-07	0.7067886307908627	0.00729789750799442	-0.00729789750799442	draw4637	True
0.5047654358377975	0.10703072249020257	0.05980887211885011	0.03587257480656196	-0.11204242412511081	1.934951561141512e-05	0.0015197741120753833	0.5300523953463163	0.7061643941824818	-0.7061643941824818	draw4638	True
0.22674663750118934	2.0445981135488105	0.2641873486606295	0.04250620877486513	-0.176243800311017	8.907434586425116e-07	7.489173604081443e-06	0.7660421112366547	0.008069131066381689	-0.008069131066381689	draw4639	True
7.45848801513713	0.04294521471287057	0.18267572356031603	4.77154636897056	-1.0387532818262324e-05	0.7039789143244911	0.02952736289925075	0.02298409756365835	1365.5103828626022	-1365.5103828626022	draw4640	True
0.5461673183365401	0.10428599886245986	0.02536515359666431	0.2591661037949161	-0.22796771448633793	8.286244533037872e-06	0.0001015453521379778	0.08879497040694599	1.4682905274137559	-1.4682905274137559	draw4642	True
1.5899797207473643	0.09901896354263566	0.16459913867042503	0.18436698822622735	-4.3629115488441617e-07	0.02865029714746417	0.2865763685933576	0.4536202556358694	3.1191796100684304	-3.1191796100684304	draw4644	True
0.0013890515920018573	4.574138539607999	55.4308650221466	0.1740772406791963	-55.22737622534645	0.0008731552476165936	1.4253516861875365e-07	0.7082179643081766	0.0026843411683302636	-0.0026843411683302636	draw4648	True
0.0724066919288856	5.899279880121115	20.801022777894975	0.16128833618176872	-20.683455075439117	0.003270400733187595	3.750025068339598e-06	0.7043707114304671	0.02374954014302914	-0.02374954014302914	draw4650	True
0.8416928213964084	0.004659061193591586	0.003169814450938654	0.05283220135842904	-0.012745721250001953	6.284943767880123e-07	0.00019975848532412455	0.05651100818741943	0.92997098582026	-0.92997098582026	draw4651	True
0.3768268414295282	0.3740184416234718	0.03454437989792006	0.01687544134171738	-0.031568858137683765	4.1483219940014583e-07	0.00010810489603711708	0.5576527492346781	0.03415235796173427	-0.03415235796173427	draw4653	True
0.08700103568727345	0.09272283835272656	0.12151902801136054	7.060961859561109	-7.036934006806939	4.586046921269073e-07	8.88720582763011e-09	0.01691638885031083	5018.424797057161	-5018.424797057161	draw4655	True
0.32575661131801215	0.18488448124098789	0.1100919056412332	0.1563132031429803	-0.27574465436009415	1.9979926318442547e-05	0.0002404558171931102	0.3819231808632968	0.6159124040489886	-0.6159124040489886	draw4658	True
0.20453657133357728	0.0981922619544227	2.1386726265182014	0.5291225761847672	-3.321046189404873	0.001695715546991556	0.00014504391683574185	0.6254859549364786	3.77522409182275	-3.77522409182275	draw4659	True
0.14098215605103215	0.18240697620096785	0.0009510032050525784	0.6790424952334546	-0.6722912115530465	4.4158831478968164e-11	9.5500842376501e-11	0.0013985461288285048	3728.722182134905	-3728.722182134905	draw4660	True
0.9051956491895113	0.053292989228488734	1.2669085097979584	3.8423592770405843	-1.451983001943269e-06	3.5982688712450566	0.14998209920869135	0.2131404397403511	49.776154503567305	-49.776154503567305	draw4661	True
0.5145743981387061	0.04164156596629385	0.6096157368424171	1.3494672054075298	-2.025325307808462	0.008314751877107968	0.001975217742196943	0.2971188887392798	58.156379395566326	-58.156379395566326	draw4664	True
2.857030000271422	0.2124399759085782	0.032639948529036955	0.01931654693975918	-9.318617758234671e-07	0.0006176985489037599	0.23662783706308516	0.6107483974649957	0.28076724806846165	-0.28076724806846165	draw4665	True
0.2707448259660125	0.12076175049298751	0.32718857291519443	0.324683065273673	-0.6773946582309005	0.0001247198342141158	0.00023444070563576568	0.4485871487641741	2.569283018358617	-2.569283018358617	draw4667	True
0.27817650731196053	0.11144400517603952	0.06596509206374497	0.3188302769307467	-0.34494104459371866	3.988214502203064e-05	0.0002616616149937316	0.16896409309602808	3.344313624123984	-3.344313624123984	draw4669	True
0.24873210620554004	0.004796839732460002	0.005837134475122056	0.18569985281149	-0.19107433164078744	5.718651976357507e-09	1.5573463289931222e-07	0.03046109187308138	155.75431419051546	-155.75431419051546	draw4672	True
1.3314574727455626	0.24126110043443746	2.3569917373069664	0.04758868015845657	-3.246739523833897	0.00044875619082791117	3.958187839092318e-05	0.7000048248695571	0.36195082477582435	-0.36195082477582435	draw4673	True
0.318761993135719	0.822348025814281	13.597349057721765	1.015872709108293	-7.049435917554097	0.02679237631338113	7.807057327996434e-05	0.7339936661779581	2.003787445523533	-2.003787445523533	draw4674	True
0.4622583050594064	0.0274729788615936	0.09423859384574	0.38754866220594475	-0.23885284994723688	0.00014182901038157342	0.0005885039666048825	0.19196364714101039	6.399022335778417	-6.399022335778417	draw4675	True
0.37382142070289237	1.1494488247071077	6.7515448099635575	0.5511502778937183	-3.5931331038541345	0.0029929552497764424	3.5618439979962955e-05	0.7365300824593003	0.21800148720862336	-0.21800148720862336	draw4676	True
2.1959332891709824	0.054322445509017506	0.12112536924639282	0.1377152301839578	-0.13954669595383346	1.317251010237416e-05	0.0001612898564228466	0.4238423468960531	0.049194529639940476	-0.049194529639940476	draw4679	True
0.31554404115538165	3.239369561836755e-05	15.867792467139711	0.2590301699409125	-15.873198616619453	0.002554557331883586	4.9907222481525775e-06	0.7013590170574945	0.8401932470517689	-0.8401932470517689	draw4680	True
0.3680718623461174	0.0036674598918826013	0.005835257948879343	0.22742776810797	-0.22619018165116705	5.230419633339268e-06	9.606677251703888e-05	0.025007782891294728	41.263986571759915	-41.263986571759915	draw4682	True
0.19497482990910536	0.27210591508689463	0.2812538428536266	0.6285057866834974	-0.9253924639379076	5.5467149828058607e-05	6.117028240346796e-05	0.2953593843924451	0.5133739978706473	-0.5133739978706473	draw4683	True
0.15512673153947132	0.1694870486335287	0.3955307757757349	0.5279899210109643	-0.9527174193252343	0.00013966510989712	0.00013837339990365008	0.39369744888495706	1.1390551809567233	-1.1390551809567233	draw4684	True
0.5203384792789746	0.7137113106910254	0.4905314475697488	0.008341912917941353	-0.43852113587258623	8.146565485986714e-06	1.6642771824790648e-05	0.7011200838804867	0.021372765738961484	-0.021372765738961484	draw4685	True
0.6184935161989005	0.007493397667099575	0.014799215962435336	0.016478451679275877	-0.026467052438824266	4.32307549687964e-06	0.0036109371537647417	0.4277003616159119	2.6669593412168755	-2.6669593412168755	draw4688	True
3.7705433968218762	0.006332098518123692	3.2604741182122	0.19151020728950807	-3.273385821088788	0.0001444956002987363	6.408671796508589e-06	0.6866532198742181	0.0075576008440651635	-0.0075576008440651635	draw4690	True
0.6088726101689502	0.023470915034049782	0.6807195381362889	0.642488814312349	-0.8430229291591056	0.0006977553344309032	0.00031511924204679855	0.45746093509718183	2.036250403677854	-2.036250403677854	draw4692	True
0.8221939406185761	0.44918047074142403	1.2945600622338416	0.06600177205166875	-1.1944079216416552	0.00018367986194037892	5.207800974639662e-05	0.6893164158428384	0.09482043362438101	-0.09482043362438101	draw4696	True
0.5488889339734001	1.096973359995525e-05	2.1143240790292666	1.942261931029642	-2.1147809195714813	0.0009317365104079325	0.00020705382805792159	0.9967049866398661	1.09008022081255	-1.09008022081255	draw4697	True
2.2826939295626762	0.20735381239732345	0.26360215648003427	0.028987915540629305	-0.374210440610494	2.6273054430859177e-05	0.0001693998034007751	0.6693451475553992	0.047995391301057275	-0.047995391301057275	draw4700	True
0.17132554942674708	0.012149622671252901	0.02911981469489838	0.021204802899759557	-0.044490523735166654	2.028162878698777e-06	0.0005999553798787722	0.5008370335793975	1.8123812264319237	-1.8123812264319237	draw4703	True
0.6334862997316539	0.055992862896346036	1.2626871403637525	0.28224419648260496	-1.6548953161454647	0.00033484512996641936	8.410676704735847e-05	0.6328331656397806	0.6801167502730823	-0.6801167502730823	draw4704	True
0.10789323973830402	0.004968117159695984	0.002161095238220401	0.7568708549810488	-0.7516651106798354	5.362552086097564e-10	9.307818118816972e-10	0.0028471614118368393	6145.898068087344	-6145.898068087344	draw4707	True
2.55900291324075	0.12387403434925001	0.10300649307357115	0.26175677472058684	-1.354459556596188e-07	0.022102572014690992	0.1898428671762949	0.2390681260633308	0.9082570101477045	-0.9082570101477045	draw4708	True
0.06387313363243924	0.14248226629856076	1.528399703039258	0.6642175123580673	-2.1892092379712667	0.0005438860929113076	7.613639519056025e-05	0.5718460429815244	1.170664504457746	-1.170664504457746	draw4710	True
1.7575028255333511	0.19722060075664874	0.57467708789577	0.17980255575324153	-0.10096392786047592	0.0005041644540073017	0.001036987960053397	0.8241846427462731	1.9200707549210652	-1.9200707549210652	draw4711	True
0.6866144846393163	0.9198721090506836	0.1678490289733551	0.010124762866122322	-0.0671554808276323	4.817424239674488e-06	9.080869342068222e-05	0.728744178245533	0.02059812171552813	-0.02059812171552813	draw4712	True
2.4447165483774573	0.08329265466254251	0.3510542833883865	0.7815894001320121	-6.559318777299428e-07	0.23449556170360433	0.2147528226584936	0.264521347147869	18.1979634780833	-18.1979634780833	draw4714	True
0.5414725867437991	1.419258081676201	2.0862906654822035	0.006875544436422043	-1.6822317615550868	1.761370339185926e-05	2.016693057414174e-06	0.7059425790000147	0.001818273782810624	-0.001818273782810624	draw4715	True
0.013640558934444337	0.14269315409755567	0.09530205975576124	1.1994169158713237	-1.293570778730485	7.177223019085032e-06	4.258519896333103e-06	0.07340969268510807	0.28784012428347766	-0.28784012428347766	draw4716	True
0.3149537326907456	0.03809602882625438	0.0022564339233448853	0.04655334963952545	-0.04613767204264897	4.1790146857694645e-11	1.7503825637063908e-08	0.04617981204260636	19.992512071893216	-19.992512071893216	draw4717	True
0.317200524327175	0.8751494870428251	0.36121335079257527	0.05666379039846911	-0.10315620344693449	4.326718795486946e-05	0.00019382717518586686	0.7645251665843142	0.10696690964016416	-0.10696690964016416	draw4718	True
0.9834510190539296	0.23007048598607027	0.9569771614915481	0.04110259045724099	-0.7733675578328736	0.0014227794227211071	0.0008108475202216567	0.7224407773954116	7.648969911172883	-7.648969911172883	draw4719	True
0.7823615119104453	0.2773648478495546	0.5746461958712739	0.07678202360417934	-0.6517041590910214	0.000123242034562127	0.00016332607283338322	0.6615289562354815	0.2992764887687098	-0.2992764887687098	draw4720	True
0.2368191557648529	0.16205003056614706	0.009290879719554541	0.08108475643777648	-0.08997835749450273	6.36282698872473e-07	7.708709483382196e-05	0.10226393451581706	0.23898370105096645	-0.23898370105096645	draw4721	True
0.31729998236713497	0.049639014879865016	0.07715930685091266	1.0810032736736415	-1.0289101991203118	0.00015490810033415124	0.00011497722217834024	0.0664747193645745	9.309371985614826	-9.309371985614826	draw4722	True
0.7750592101941916	4.171801880847642e-05	1.1834476857929428	0.9787518114409463	-1.1837312148359176	0.00021754078149870799	0.00015081351486038956	0.9853689042314862	0.4638704111583737	-0.4638704111583737	draw4725	True
0.40749858582242815	0.1616504222995718	1.6206005077886667	0.39489959656828644	-2.4218992096486316	0.00035006980953400634	5.233838437858535e-05	0.6266265571445399	1.7916549995368383	-1.7916549995368383	draw4726	True
0.1319143269088771	0.42177862811912287	0.7746549895149801	0.0994316932786313	-0.5415032035567116	0.00011024844963678269	8.082033417996301e-05	0.6632578461176951	0.35810961648464895	-0.35810961648464895	draw4727	True
0.12754430856155224	0.08976528375944778	0.014457293542986268	0.47330919279493217	-0.485838244551578	7.465202180814579e-13	3.1349906801365393e-12	0.029626773567765118	67.02789267037656	-67.02789267037656	draw4728	True
0.0009988327366781014	0.8334806030293219	19.440385525688413	0.20749317807243747	-19.638920179311995	6.818894563577824e-06	8.925631701306583e-09	0.7033433197200958	0.0010570955442987691	-0.0010570955442987691	draw4730	True
0.13879432925653368	0.01611763542946632	9.097622354160412e-05	0.14279260782545675	-0.14212375480923956	5.354245110802935e-10	2.6226081211310347e-08	0.0006367155864614176	2978.3743175885847	-2978.3743175885847	draw4731	True
0.3103317247251128	0.0015702237538872052	0.030887976161288817	0.19788737412994334	-0.15169272122651792	0.00010053999674517027	0.0018866442523127846	0.13378968265602523	325.62698797389464	-325.62698797389464	draw4733	True
0.3252650474191975	0.0025561468918024813	0.05767694051806122	0.04303760187098265	-0.06057482728748385	1.3852960119606509e-05	0.0010284337686744035	0.4969565131646429	2.571495641077334	-2.571495641077334	draw4734	True
0.7238970263358215	0.008610205235178397	0.04479323040850853	0.6123696012850346	-0.11434917436493179	1.7668178092264285e-08	4.0722339990658115e-08	0.0680037501192413	11.52235606885548	-11.52235606885548	draw4735	True
0.013228458611975075	0.5310387439900249	0.30790355183787677	0.006662185726329079	-0.2997500936609454	3.89178608194239e-07	2.0085995043131074e-06	0.6994986716930492	0.012071510808328686	-0.012071510808328686	draw4736	True
0.9151118959354053	0.04992201977059464	0.7125063002793164	0.24418756811229195	-0.8943065534321336	0.00034347506271067155	0.00024138617940369574	0.5973065549737413	1.1898786350580062	-1.1898786350580062	draw4737	True
0.4319680916706678	0.00033103200933220096	25.128777091986688	0.03154433379989341	-25.191262447203016	0.0062275014520686775	4.924883682741593e-06	0.7066631159183762	0.5471874019294531	-0.5471874019294531	draw4739	True
0.9244398974701998	5.661521080007082e-05	0.07604682651452525	0.0008857842554339331	-0.07610013791209827	3.7527061737457667e-07	3.282546067846114e-05	0.711236816444004	0.034336248335540616	-0.034336248335540616	draw4740	True
0.4101277362707589	0.2685533994882412	0.040549336806086064	0.04056630791648694	-0.07867534953132001	6.807803482843383e-07	8.277974988360847e-05	0.4471387406147711	0.06334904880282194	-0.06334904880282194	draw4741	True
0.3681069820594825	0.052118576829517455	0.23700124673247663	0.7930227955283023	-0.9921224386804711	9.993316704413306e-05	8.945614750869107e-05	0.22423369203990606	13.287358947206696	-13.287358947206696	draw4746	True
0.8359554467946495	0.00679256686235053	0.03233552918063488	0.604489671789099	-0.2213823802772253	3.456937018224877e-05	8.502228922086189e-05	0.05071074920714433	14.784575879813255	-14.784575879813255	draw4747	True
0.49912034374584485	0.00016697774615516864	2.5445666629958086	0.768833905986013	-2.5487477466302746	0.0016418001702792214	9.406740563895989e-05	0.6090784933462327	0.775257846883898	-0.775257846883898	draw4748	True
0.8677235599619133	0.05976324795708666	0.1173659412294129	0.059602885034676575	-0.19306478590583773	2.1675032154987743e-05	0.00048067769788579017	0.5526995145220421	0.5628689259972098	-0.5628689259972098	draw4749	True
0.8918667196062482	0.024287826766751838	0.13565845789207037	0.11733264748031866	-0.16506190865846715	2.341018013578466e-05	0.0002840776687809468	0.4725665582626198	0.36263921456867354	-0.36263921456867354	draw4750	True
0.27365639451135704	0.16202255762764295	0.008348098801758392	0.9640711842628795	-0.9574160549436022	3.323725824334921e-09	3.5146821882180984e-09	0.00858455949632836	172.6588994684333	-172.6588994684333	draw4751	True
0.6008117823030535	0.000509724819946465	1.3533313861504552	0.8910286185446548	-1.3556532895284006	0.0009290232553777603	0.00045423902531167723	0.9463092336648384	2.1662659780222997	-2.1662659780222997	draw4753	True
0.29248559282462055	1.2128164971253794	0.36275512915150554	0.038994329129046795	-0.21660487246841217	1.4213876478410665e-05	6.0123239353622304e-05	0.7460681130825998	0.03200669956809476	-0.03200669956809476	draw4755	True
0.18536462770791168	0.00015458808508830133	0.13005157689497876	1.745674639029031	-0.13745998316575894	0.00044620702631720217	0.00012621610847461285	0.06916782087604925	39.08538514973466	-39.08538514973466	draw4758	True
0.2641173658387066	0.017711266627293387	0.0005874411036214459	0.7031087604264048	-0.14805060724269795	1.1547326637267958e-10	2.3319043311114835e-10	0.0008347933297999092	25893.456153232884	-25893.456153232884	draw4763	True
2.914731065488924	0.14137611406107642	0.027718079627818516	0.007768727956560903	-0.019030477880525316	1.0130016693384577e-06	0.0004996062244779602	0.6155621229946894	0.09936209706734427	-0.09936209706734427	draw4764	True
1.0311944263331603	0.02015042878683963	0.022367081809699447	0.009998242291516279	-0.032257002059131866	7.318859744404081e-07	0.0004728563186821186	0.5685283301021644	0.14408159055803907	-0.14408159055803907	draw4765	True
1.2610222604945287	0.6647920281454713	0.12086370903770828	0.0029232284538022162	-0.06436950522225743	1.2155053160810816e-05	0.00042621782773973244	0.7157036870297709	0.034563308323353005	-0.034563308323353005	draw4767	True
0.3606951170861765	3.0773072094438234	0.30802255291751873	0.07257836117410739	-0.1986942605497668	1.947517404902961e-06	1.295651185590168e-05	0.7944853447989985	0.0029828659271116664	-0.0029828659271116664	draw4768	True
0.4513580118913019	0.05396771341569812	0.044844961769439	0.08451020895471927	-0.10088851294630419	4.222148723720534e-06	0.00022525544797989406	0.3275551671654211	0.46079663399186443	-0.46079663399186443	draw4772	True
0.05760153068504316	1.4433376586449567	5.5749562560204415	0.4429515600158355	-4.928982157905383	0.00022933474656021603	3.9941535126282585e-06	0.7357307544558116	0.017290960213411075	-0.017290960213411075	draw4776	True
0.26713817117197064	0.5264987088340294	0.044175481476606354	0.8431490373988768	-0.888387237417764	1.3549350011535678e-05	1.7166367730618947e-05	0.049723448482297	0.2811386292384651	-0.2811386292384651	draw4777	True
0.015955844624695424	0.022105180201004576	0.1417730682022534	103.36164669640509	-103.50349006097875	7.542624704824728e-05	7.040642385185226e-09	0.001369741554954763	4475842.154891355	-4475842.154891355	draw4778	True
0.19616022580953318	0.0015773668234668268	1.3820639203742284e-05	0.015211910995921103	-0.01512722355850633	5.284426525227396e-12	2.279508237946721e-08	0.0009077155594028442	174.08189534141798	-174.08189534141798	draw4782	True
0.2860858035255574	0.007476807190442562	0.07695884722276504	0.6385140078139036	-5.823693293854904e-07	0.013661938821646867	0.026601078018562995	0.10407704355524604	7.234118076653222	-7.234118076653222	draw4783	True
0.18009679250828828	0.07531075999971175	0.0029446851907331244	1.0581779255502028	-0.9525041711712471	3.166510754230149e-09	2.812201821365791e-09	0.0027750552306897193	9199.174411417618	-9199.174411417618	draw4784	True
0.004325204104883033	0.0006302253340569663	0.0004277439638682785	2.0787430611919566	-2.0791707043454912	7.427492866023457e-10	1.7181532119955382e-10	0.00020572814598576172	3721976.403729327	-3721976.403729327	draw4785	True
0.6773610345308365	0.12283849262616352	0.0087425364249463	0.09511072101236095	-0.07666708223058469	1.05322290116519e-06	9.696462240250236e-05	0.0838848767440979	0.4095280485678392	-0.4095280485678392	draw4787	True
0.7367002798190426	0.1411303935639574	1.5165888101540863	1.2957779918716334	-1.0871685811597587e-06	1.8604368487736744	0.26372733417225014	0.5250378329613918	5.5198773508642525	-5.5198773508642525	draw4788	True
0.09813949398315555	2.7887864195468444	4.4325200933678985	0.03048339282085032	-4.218966048899597	0.00034283717966441526	8.66502437272785e-06	0.7046795209280622	0.02722990242629096	-0.02722990242629096	draw4789	True
0.41775519485286616	0.00027203722113383004	0.47192351168484736	0.23132362155614533	-0.4727855434279294	0.0002076694926775813	0.0007400898625923505	0.8908969263946077	0.8439515354776045	-0.8439515354776045	draw4790	True
0.22163492184897235	4.170495774671028	1.3905494243177876	0.3722518444864203	-0.9324352052652085	3.081571928918034e-05	1.0373715230592712e-05	0.8068028728432849	0.006225291873089589	-0.006225291873089589	draw4791	True
0.06886950277890207	1.612858408541098	27.515388321223746	0.7503394898739152	-27.03243919512106	0.015400614269750248	9.897262004179601e-06	0.6975320355551482	0.2608386063331786	-0.2608386063331786	draw4792	True
0.020059064998506116	0.004871699339093885	0.0005828237877736613	2.6644403325616994	-2.664892335834333	3.067886153885501e-10	4.31953745952115e-11	0.00021869369964849927	1062468.7458395038	-1062468.7458395038	draw4793	True
0.7476901996703189	0.094576383862681	0.004303739305523244	0.003938584802510777	-0.008947766150228957	2.5770046278063708e-08	0.0002980642252139608	0.4628531389263797	0.051911322201000254	-0.051911322201000254	draw4794	True
1.324688667991135	0.262687765938865	0.2861226493861525	0.015333852867986643	-0.387473380997966	4.289656257992284e-05	0.0002483276874764956	0.6884201108332519	0.11056098253420675	-0.11056098253420675	draw4795	True
0.35303280046993696	0.0018156030250630357	0.26598150234262	0.10856660268058477	-0.27098059842011946	0.0003360793086688875	0.003518111246162315	0.8605664087857221	3.040646387223594	-3.040646387223594	draw4797	True
0.683827130365582	0.03496878438241803	0.006455184343080098	0.11206715739575691	-0.1174019138408505	1.1374851854897326e-05	0.000807355398863968	0.054377649431311806	14.2310671246929	-14.2310671246929	draw4799	True
0.15776945403201678	2.068283581207983	1.633833560286461	0.030687771082493837	-1.4860599610681007	0.0001417966778128334	2.7063074266664333e-05	0.7137783142034991	0.024368856714236123	-0.024368856714236123	draw4801	True
0.04164138551800039	0.23678186145499963	0.022852550033862957	0.6145986287049408	-0.63769691736625	5.918334450292065e-10	1.4546142698561959e-09	0.03582686757239735	24.131115250065452	-24.131115250065452	draw4808	True
0.052052531094512564	0.3336678763194874	7.285936875042586	0.044781966576864424	-6.061548161971776	0.0034370849134640635	3.21751287221212e-05	0.704937184726817	1.1993481503981012	-1.1993481503981012	draw4810	True
0.5194249441504324	0.13583894350756764	0.12845779862758686	0.09630846083316727	-0.25631152889757935	2.4591990961296225e-05	0.00036692843168917674	0.496197101219008	0.6518858287966149	-0.6518858287966149	draw4811	True
0.35055127121179097	0.6449828390282091	0.17014423608543988	0.014639458169711269	-0.17948864763610145	2.8832598615221297e-06	4.56977938508047e-05	0.6773653309186296	0.01434118603989032	-0.01434118603989032	draw4816	True
0.16922971218497143	0.026898715056028574	0.0344728278737979	0.1717654509713191	-0.20765613245798037	1.5430685483588076e-07	3.5292238426450113e-06	0.16486326760280123	8.09812414885492	-8.09812414885492	draw4818	True
0.012423858894012986	1.620037689545987	9.955290583671436	0.30056291484828607	-10.112761979872804	0.0007067082188845821	3.4593325081456577e-06	0.6965142786874852	0.036320614833505335	-0.036320614833505335	draw4821	True
1.8124609551976256	0.07154165729237441	1.4046109300859173	0.036834918176043376	-1.6426354096599143	6.542256137556973e-05	1.6150935666084813e-05	0.6978966526889889	0.03643806833644165	-0.03643806833644165	draw4822	True
0.00450569425004193	2.0939788439899583	7.874008541458442	0.0196195849022857	-7.869556844978433	5.54812949863827e-05	4.463162554879761e-07	0.7062263853867999	0.004375490077474779	-0.004375490077474779	draw4823	True
0.30714456954817504	0.46681998221782495	0.24002747057035095	0.058380137242766604	-0.08710021617684482	3.6555277758809423e-06	2.4925137382203798e-05	0.6267649250617544	0.06785287321558194	-0.06785287321558194	draw4824	True
0.191386321248708	0.03143200832029198	0.007903675816552106	0.40467418831482355	-0.4117481860161065	5.872380519644096e-09	3.448601342759134e-08	0.01915329600174214	154.5402871511105	-154.5402871511105	draw4829	True
0.28276270599088243	0.06911554278311756	0.2691442166675896	0.6936944268665488	-0.8975618141061269	0.00010325959690114732	0.00010331158378995174	0.26921194115667546	2.382117093941086	-2.382117093941086	draw4830	True
5.648229172566808e-05	2.4445497344082745	178.50730327382914	0.09028041648894046	-178.59273584651345	0.0005776048135110467	9.058768989773782e-09	0.7069279934423119	0.0009352439604962969	-0.0009352439604962969	draw4832	True
0.0015522195665397273	1.0630879148134602	17.390295936821985	0.008435467744137792	-17.34472724572896	0.00032957028198640347	5.451484285072727e-07	0.7072782987692412	0.012904668986284899	-0.012904668986284899	draw4833	True
0.13410247747718887	0.012343963285811128	0.009560782885926539	1.740337337125314	-1.748415043615048	1.77037463067085e-08	5.781315686580489e-09	0.005463541038067168	3907.9880745744326	-3907.9880745744326	draw4834	True
0.014520587161856455	0.0031977369024435453	0.002102157299989521	0.8125335788406528	-0.8145759367265333	1.317646554409448e-10	1.9854964894868086e-10	0.0025804788662816985	36509.69198181337	-36509.69198181337	draw4836	True
0.125787252197784	0.15305159793521603	0.05820597063024359	0.007576076150221201	-0.06188770589509687	5.920302168343964e-07	7.673544522736797e-05	0.6626643486645237	0.02164759954478434	-0.02164759954478434	draw4838	True
2.4234114017994477e-05	3.4480552308887565e-13	0.800983891780564	9.700846396331464	-10.473042747009712	7.74716334415966	0.08280898026330584	0.0006602089319140856	84257.23125952223	-84257.23125952223	draw4839	True
0.005696261432748175	1.2825795116272518	4.4015214436081695	0.017773743150611337	-4.396133719976175	1.6233963561969253e-05	4.1728734248666034e-07	0.7056805446964971	0.0033558540820155546	-0.0033558540820155546	draw4840	True
0.6516666621418926	0.003509363268107431	0.00019419691817504554	0.048203183587984665	-0.04312985838378023	7.602658460102681e-12	3.2457478487125095e-09	0.0040125178372203895	89.00509717896983	-89.00509717896983	draw4844	True
2.1507383404401765	0.016050920489823498	0.012908453141862654	0.22119362666529685	-3.474378816089446e-07	0.002510426331002078	0.04840880916312608	0.029525210234631883	67.60301887487051	-67.60301887487051	draw4845	True
0.5591440310301444	0.7184573924898555	0.1090024672718026	0.0212102994223506	-0.12445661817134	1.8391002165357223e-06	6.377593150911697e-05	0.6418921057076225	0.012988977595534667	-0.012988977595534667	draw4846	True
0.0020403900659517102	6.013254872574048	68.61708697283447	0.06487876286138466	-68.65570863583287	0.0011618372573570655	1.232650955023939e-07	0.7067725687207382	0.0020782533234810006	-0.0020782533234810006	draw4847	True
1.529642018034925	0.040997386735075	0.027375960327590397	0.07550533912819683	-8.117339028203274e-08	0.0018801226844917072	0.22113806302099934	0.20313691515635413	2.051590401387114	-2.051590401387114	draw4849	True
0.6211436356780058	0.06745985036399416	0.07756208657678425	0.23355286735392505	-0.2963485955809299	0.0002293934160232268	0.0022313454729376916	0.24189395882207945	7.31293145519901	-7.31293145519901	draw4853	True
0.6523452956961369	2.775833198573863	2.2331482287219964	0.006730699567570258	-1.993110852888978	6.36062136478414e-05	6.358072821895041e-06	0.706041986358344	0.006728568837583394	-0.006728568837583394	draw4854	True
0.47080282537875967	0.018342656765240294	0.04839667049040281	0.14717540362777104	-0.07730296782668811	1.4440270421073901e-05	0.0003557537063592793	0.24021608798466018	7.594174793058686	-7.594174793058686	draw4856	True
0.10579770331789623	0.11903835478010377	0.04672568057299133	6.758256352009282	-6.804909835054247	9.994261152438316e-08	2.1581232934931957e-09	0.0068662310772573225	7248.985444029614	-7248.985444029614	draw4859	True
0.33213429063149846	0.14867972785250153	0.0017462508753897312	0.3312920004706282	-0.3164804346683313	7.80424071346832e-12	7.036075352043776e-11	0.00524332224323044	239.50898008204652	-239.50898008204652	draw4860	True
0.00012046651173444077	3.57905559222981e-10	8.45541983515322e-08	51.74595078778631	-51.74595082157861	7.859266079041723e-07	2.9351428954575985e-10	1.6074413393606532e-09			draw4861	True
0.004549806532504806	0.5427828089024952	8.166488059246102	1.0546049616334372	-9.161873367033149	8.915686392127278e-05	5.876404872630168e-07	0.6630004062728151	0.03488153322263839	-0.03488153322263839	draw4863	True
1.3170176083371912	0.03956936351280896	0.38459646612264203	2.787493728183295	-2.3552160532958055e-07	0.6835253966770156	0.07068934120985515	0.1017441481026858	14.11301017667109	-14.11301017667109	draw4865	True
1.1685728989644815	0.0046880576055185795	0.07419778878448134	2.1158123614383113	-1.1675521229340124e-06	0.11687473195810753	0.02489669021752941	0.023521074873739473	1419.3207664416532	-1419.3207664416532	draw4866	True
0.2246802362708953	0.2059460478271047	0.36064344824525085	0.09483420518485412	-0.16967326156912937	4.0254978867298597e-05	0.00011926569378320969	0.62076326676651	0.2396703659328461	-0.2396703659328461	draw4867	True
0.8304913025783847	0.22588128768161542	0.8130076925959991	0.09160399930757245	-0.5853103628365888	0.00018437602385517008	0.00015606501479641845	0.7479889931353496	0.6157641704038853	-0.6157641704038853	draw4871	True
0.03842212260265765	0.031482866850642346	0.2643880545117795	0.9067172248334857	-1.1457208226065063	7.436345024633237e-05	5.1591535173913446e-05	0.22021722084419382	5.916776186378498	-5.916776186378498	draw4872	True
0.1782857035959076	1.5870654790640923	3.5031252558833543	0.21973668419222817	-3.3403228973902426	0.001115521328024653	4.268861949796697e-05	0.6852874550731967	0.08823879143687897	-0.08823879143687897	draw4873	True
0.3661169140271805	0.04041599439681948	0.23185706136627884	0.1613523324653169	-0.45164916917304765	0.00014083407062200862	0.0006758823166075225	0.5079274892648584	3.5083913341512787	-3.5083913341512787	draw4874	True
0.740084126830245	0.0011356564517550195	7.192825949926578	6.810610178374464	-7.195311065409041	0.0023173448580338183	4.466496291874897e-05	0.998591134701768	1.6662017244751974	-1.6662017244751974	draw4876	True
5.771379473448576e-06	2.9205142450613235e-13	0.008474548056812926	34.65045465089301	-34.6589292000451	0.2936469431547748	0.0002445724791837492	5.686959856224678e-08	1861.2460498302603	-1861.2460498302603	draw4877	True
0.43018339318128335	0.09256895319871669	0.044061942351405335	0.035180695842315216	-0.08873752999472684	1.611037212943956e-05	0.0019597439657053684	0.48596816742885596	0.7949934845360055	-0.7949934845360055	draw4878	True
0.15195557929913053	0.15646467037786946	0.6167465172176849	1.3240364877421085	-2.0354814400225956	0.0004776032073415381	0.00011516795885396845	0.30285789171851396	4.367608324178074	-4.367608324178074	draw4879	True
12.335125547643587	0.2060331984564128	0.04500154578056795	0.20072601764723036	-1.167181308416032e-06	0.007917330063143048	0.152758559663054	0.12694209007172236	3.329975361830318	-3.329975361830318	draw4882	True
1.0475399822116176	0.0005496351683825025	0.32267659795539744	0.008775278639336031	-0.32457599461498227	6.363179679763509e-06	2.973719149693194e-05	0.6975580419041679	0.035328647771462766	-0.035328647771462766	draw4883	True
2.992295373659925	0.05942503663007524	0.24014494296589148	1.551604235027186	-6.968712884525274e-08	0.31250597354988274	0.10794947700091227	0.09146200927755772	76.51262447775129	-76.51262447775129	draw4884	True
0.824974611797206	0.1050416912877941	0.008366982897128845	0.31896918623151005	-0.14936694094772002	4.447097842311477e-06	4.1476783319205006e-05	0.025552447298748074	1.0547961787706595	-1.0547961787706595	draw4885	True
0.4690249872312964	0.0029940576007036913	0.007193117306403073	0.2524312726386435	-0.24984501388212554	1.7913727079486237e-08	2.65559432678498e-07	0.027695233622999985	91.99643763354132	-91.99643763354132	draw4886	True
0.5089576385046404	0.00011610429935964719	0.5140248412759739	0.11774376238686578	-0.5175426404533118	0.0015613391801688656	0.002353891143446482	0.6311416614862888	4.009853676805109	-4.009853676805109	draw4887	True
0.06300278416230604	0.563588624272694	1.207919014487141	0.12982245497074035	-1.1325281986842366	0.00010150275730109192	3.1244879718640004e-05	0.6701751592531939	0.14868204181488734	-0.14868204181488734	draw4888	True
0.6542176368793153	0.02035012098268458	1.7322424526720845	5.736383190999322	-4.349334595921128e-06	8.797172129185007	0.18925276370298325	0.1726379888625766	340.8809076346045	-340.8809076346045	draw4889	True
0.0004141702492149078	2.6509221655223806e-13	0.7992559808540293	0.9498052582327546	-1.2819949133355282	0.3858319789975776	0.6031349776713405	0.9988928691655465	240.1329782554194	-240.1329782554194	draw4890	True
0.571691955744734	0.1453015520052661	0.19361136552538816	0.22178744670266923	-0.456843069813637	0.00012079669372020685	0.0005751097264869248	0.42245295263494415	3.0390002479465648	-3.0390002479465648	draw4891	True
0.07229115625646577	1.2767062193835341	0.07189777133675666	0.27551477295171095	-0.3476273706978921	4.2674344739378734e-07	3.3904917389874772e-06	0.20265780902121894	0.005511982737591809	-0.005511982737591809	draw4895	True
0.48570885105581424	0.07871418282618575	0.16055144205472974	0.10056442816382226	-0.30641360762852554	3.630811562483699e-05	0.0003864285200887253	0.523777520907887	1.001702737522521	-1.001702737522521	draw4899	True
0.0638407753113956	1.8233805558986043	1.677441394239118	0.06505822606880532	-1.5859559030993609	4.033135144907156e-05	7.4500207725379746e-06	0.7209492764275898	0.010678464220657165	-0.010678464220657165	draw4901	True
0.131590665016979	0.045523048878020986	0.006012670633585706	0.3323616690816241	-0.3382999733233803	2.537666549480649e-10	2.215657394408035e-09	0.01776648199862463	288.5135749636513	-288.5135749636513	draw4902	True
1.0329471641685588	0.33289430259144137	1.051843010141113	0.2428519104743759	-0.6265456295387243	8.430363716894142e-05	4.7876934218188574e-05	0.7926672866773407	0.06687236984407921	-0.06687236984407921	draw4903	True
0.46524181497154854	0.0629612137614514	0.5755024653120046	0.0804485979551914	-0.8212085220487001	0.000204648768484419	0.0002687534813445906	0.6595073646920613	2.105378824025597	-2.105378824025597	draw4907	True
0.19958891803170173	0.0050069033222982715	0.17431488780367654	0.19061407949448275	-0.1974273067865221	5.1514640061881394e-05	0.0003149611037312572	0.4310200900967663	1.980950328492961	-1.980950328492961	draw4908	True
0.701872934477457	1.5758475424125429	0.33196463146304506	0.04632842977800822	-0.18339908008258435	5.41494040946487e-06	2.823390751396828e-05	0.7580196571789641	0.01606936059106844	-0.01606936059106844	draw4910	True
2.1807910310086327	0.00018359457136747225	25.03658081334161	0.11962225608189903	-25.043127561098405	0.0005354062792736783	4.250386483322616e-07	0.7054195614977465	0.01346651502828457	-0.01346651502828457	draw4911	True
0.8180340805602325	0.06669701709576746	0.11274404146302197	0.1315374781583026	-0.2692470254834769	5.570167067923835e-05	0.0007695256084256396	0.4190544170762943	3.191013172779986	-3.191013172779986	draw4913	True
0.452812524743456	0.355757657183544	1.1334451028436956	0.06585581627487719	-0.724501428812464	0.0007041103797867973	0.0002904205298046063	0.7279369380234256	1.3543572213385995	-1.3543572213385995	draw4915	True
0.0012713489298827112	0.9396580644131173	4.97562616693587	0.009199673302773012	-4.974483753053637	9.88977233439137e-06	1.9936908913604516e-07	0.7064533818951464	0.00511081765146646	-0.00511081765146646	draw4917	True
0.5332354170696282	0.057451494243371794	0.034731684034994895	0.021572036368540493	-6.203381709077305e-07	0.00040660701477918706	0.26930715568738367	0.8850076133061948	0.28283221505280864	-0.28283221505280864	draw4922	True
0.6799164911205281	0.0031092334554718927	0.330590359604933	0.006623402407476597	-0.34358228586808964	0.0004406446527589479	0.001976759411676024	0.7001997608626219	3.7743116882596417	-3.7743116882596417	draw4923	True
0.014450167271712451	0.10215501786428755	0.19254725491537492	0.4274790516465979	-0.6273259998236691	8.276685761089316e-06	1.9635936010374024e-05	0.2965752473326588	0.2989068927156599	-0.2989068927156599	draw4925	True
0.032980878597887606	0.0336429922447124	0.2651529992272394	1.8309643053757214	-2.0566286698354723	3.1479375146263356e-09	7.051809477083259e-10	0.12549712486863707	152.1000186325043	-152.1000186325043	draw4928	True
0.051955110472287534	0.04304873356741246	0.0043252116919340515	0.05354420274109601	-0.05778100131599385	6.460934573528811e-08	1.9185709512375454e-05	0.07453300215218961	0.06279629367284677	-0.06279629367284677	draw4929	True
0.928985061729152	0.08888946895084791	0.07684207049717794	0.19474829595480747	-0.1549545965721983	1.5839281434760616e-05	0.00019882106869625104	0.272246568990484	0.23511748359922377	-0.23511748359922377	draw4931	True
1.1990311387907797	0.4087213764392203	0.49599877572265993	0.04126858916205647	-0.4368039085409263	0.00035837208258418605	0.0007914572215272127	0.7371012165496005	1.408990596434334	-1.408990596434334	draw4933	True
0.5953132545792307	0.7202932937507692	3.2308559135756956	0.04306310810430277	-3.096687026412911	0.00018531795403579405	8.759189351016756e-06	0.7024101832938636	0.027971606884524408	-0.027971606884524408	draw4938	True
0.05788452907099086	2.5545879796090087	51.9136013413114	0.9905459886390984	-49.559309944417585	0.01808752582442336	3.420369062262908e-06	0.7138846773312111	0.2048146050884039	-0.2048146050884039	draw4940	True
0.007087114568753807	0.0010430189504861927	0.000767090938633392	5.021035383590633	-5.016433471296894	4.519605561126021e-09	1.7921785358264498e-10	0.00015275211113316306	6570140.378628544	-6570140.378628544	draw4941	True
0.04374363275734574	0.13422593041965425	0.2033574498973231	0.3561947642176092	-0.5563369072216621	1.1791112481134115e-05	3.32656651129069e-05	0.3415708494249367	0.6268392400609295	-0.6268392400609295	draw4942	True
0.32385751361757525	0.0001595633114247159	0.10108229305241709	0.3280560889643685	-0.1030102232283708	8.019420147507459e-05	0.00041257023410226157	0.2292724549192526	2.9444588912673986	-2.9444588912673986	draw4944	True
1.5884045082121785	0.07700682042782142	0.11675230246608251	0.11116201616143896	-0.1692005333348231	1.0770869430686994e-05	0.00016425010877508747	0.4559244514330586	0.15446657788338472	-0.15446657788338472	draw4945	True
0.11473016787915429	0.004941153304845729	0.020535154162541543	1.7220513647167266	-1.741829216646065	5.402126597162411e-08	1.7787534343449954e-08	0.011783477165141039	2406.2762652896536	-2406.2762652896536	draw4947	True
0.3616518338226555	0.3027562012633445	1.2599200345996155	0.07688863916816877	-1.359109180691747	0.00030874243213963867	9.149401610524806e-05	0.6858689858804536	0.571009539936362	-0.571009539936362	draw4948	True
0.09245321582060569	0.9790756712793942	1.0781991692305959	0.1699481597286922	-1.2620214325937211	2.1515844772575314e-05	7.90911697555544e-06	0.653707986804098	0.011879777952122281	-0.011879777952122281	draw4949	True
0.3285380606984371	0.040024353693562865	0.13433131472410836	0.20555919841199302	-0.08977163045127357	5.9081390928150215e-05	0.0004423242759326857	0.36755473802820937	3.2186728388489523	-3.2186728388489523	draw4952	True
0.13461655884721208	0.047055708959787924	0.08321587666971005	6.249867254355702	-5.16893750380213	7.016230538737378e-07	1.7490349805328217e-08	0.013138733847735671	13453.431914713048	-13453.431914713048	draw4957	True
0.4466409456308792	0.005562355768120852	0.11622103333716224	0.07561969578283367	-0.15536681856280732	0.0001581620466850824	0.003143946536086185	0.5181617157612679	27.124326284963747	-27.124326284963747	draw4959	True
0.05990685765972741	0.0044426512548725984	0.0010296050466311745	1.0331166651453514	-1.0337616837974264	8.608084657794286e-09	8.049004296391368e-09	0.0009956082288353338	33579.93888265759	-33579.93888265759	draw4960	True
0.0184815479909697	0.002618287917530298	0.0031676397228100625	4.2755505888722665	-4.277608692914205	9.596439426236619e-09	5.241824946870827e-10	0.0007403242476349421	739852.5362058526	-739852.5362058526	draw4961	True
0.8715269054311793	0.02043366156782067	0.012082251812366164	0.000671638427146347	-0.014805620100712513	2.5014435872825825e-07	0.0008104870630674019	0.6877417841504373	0.16397004188014838	-0.16397004188014838	draw4962	True
0.466652511372155	0.04093822643884494	0.011978626169815427	0.06489426555929131	-0.07728537187085947	3.038820344519623e-06	0.0005020424144408038	0.1539651571770574	1.3226468455405478	-1.3226468455405478	draw4964	True
0.2799442395271053	0.48450240160289476	0.4442862476756699	0.07107787292663807	-0.49353094799271985	4.643611049203627e-09	1.0029604455601301e-08	0.6529453832257238	0.11214907487601594	-0.11214907487601594	draw4966	True
0.03448139932793675	0.01706041520186325	0.047100626354704064	0.7753297671901107	-0.8227696683741279	1.4768160803226706e-05	2.176236147435463e-05	0.057176353579906664	2.498548536637911	-2.498548536637911	draw4970	True
0.6570774141202748	0.06691552268872526	0.912228455380967	3.811110414532966	-1.143841992012895e-06	2.5487777171216806	0.12371255697840544	0.15961368958898828	34.960391754987334	-34.960391754987334	draw4972	True
0.8594982070664403	8.13900196513356	0.16782597342974978	0.039738202887060425	-0.11092053796212639	3.8284695853019397e-07	8.58939835461633e-06	0.7949282784041307	0.0005624280416134874	-0.0005624280416134874	draw4973	True
1.4280322653223476	0.012748703947652327	0.2410562437138858	2.979176527466696	-3.801615163889771e-06	0.5941553574355014	0.06086215191632614	0.04750206729778526	1216.3272091023284	-1216.3272091023284	draw4976	True
0.8733315483784719	4.875180953491528	1.7730659135819746	0.10721538034749116	-1.6028019582782833	3.0303918151080702e-05	5.119924981014266e-06	0.7287981933484466	0.002969249122856684	-0.002969249122856684	draw4977	True
0.696568036925553	0.035561590469446895	0.01435080271834755	0.05127769933030677	-0.04872935493605984	1.370832270151116e-06	0.0003037490040789068	0.21361957504716353	0.7174177563837055	-0.7174177563837055	draw4978	True
1.5454617621904545	0.0022519249595453266	4.109627044012087	0.3069300813487482	-4.127014082509539	0.0003442469410365558	9.458629912823477e-06	0.6812107333871518	0.03511226440682169	-0.03511226440682169	draw4980	True
0.3842590475170575	0.2641367922509425	0.3909150605250196	0.07363659629054535	-0.32913031854761754	7.388121724670059e-05	0.0002004250765914666	0.6438599303265586	0.9682211917192526	-0.9682211917192526	draw4983	True
0.11777855112736806	0.21622754809863193	0.02480404210972639	0.37987615479807285	-0.40483624052395584	4.773595122332659e-06	2.9039769898177354e-05	0.061178131146347826	0.40017752479944235	-0.40017752479944235	draw4984	True
0.9798945941911841	1.0418868570088158	13.118910192423671	0.8758809376628154	-11.930960864586224	0.023680411800648383	7.354219580897425e-05	0.7310909858093197	0.6708180848254942	-0.6708180848254942	draw4985	True
0.03618609021084991	0.009194905348050095	0.005856325220479526	0.0687179504290642	-0.0745683640299113	2.202461055922147e-07	3.9360454187185185e-05	0.07828905729303387	1.0962224503014135	-1.0962224503014135	draw4986	True
0.11029080705850502	4.606926599441494	6.5748884292784044	0.9691441335192865	-5.4339244380747305	0.00023747114882952217	3.1809769540828226e-06	0.7609624419659553	0.008512076654795081	-0.008512076654795081	draw4987	True
0.0021854584388669757	2.1655973734711327	56.45429506374433	0.7938611871035739	-57.15804327125688	0.0012725745466890597	1.9685769807535824e-07	0.702152705869388	0.014698736181299592	-0.014698736181299592	draw4988	True
0.17391773053174514	0.4863868769762549	0.5299363334338681	0.5663991431698586	-1.0976049385878264	9.284595016113534e-05	6.261596607914437e-05	0.43519585787575	0.20765878197928814	-0.20765878197928814	draw4991	True
0.8786472359424902	2.3832953321175094	0.0766670237163196	0.016762839563899356	-0.028831960945761903	3.5422058992129346e-07	3.741894379241662e-05	0.7879841194351067	0.005357119990069086	-0.005357119990069086	draw4993	True
0.9812223190644622	0.0006381316485377094	2.2925804679715696	0.08527191682766372	-2.296375112500609	7.584701741111704e-09	6.951994686814068e-10	0.6940808763017035	0.11836644026170567	-0.11836644026170567	draw4994	True
0.9488875710003857	4.079948540959614	0.7009867778024745	0.20897593693221994	-0.4216932829125128	4.712246548307164e-06	6.424706166887988e-06	0.8185071147393858	0.0009724954077613066	-0.0009724954077613066	draw4995	True
0.5812747194653071	0.05722734197969294	0.003778486486107408	0.02802754715037514	-0.027666617274219436	9.123283533678146e-07	0.0008893024670768318	0.11796546041196286	0.7760033408714528	-0.7760033408714528	draw4997	True
0.1902689248393188	0.007319394667681206	7.64545310975162e-05	0.013051670648969277	-0.012645997071879968	1.186429389769011e-12	6.883697046462674e-09	0.005823621692082135	11.594037140498834	-11.594037140498834	draw4998	True
