fate	j	sigma	omega	amp_late	amp_mid	growth	drift	u_eq	a_eq	t_end	n_blocks_run	n_blocks_budget	t_block	efolds	converged	u_min	u_max	a_amp_rel	a_mean_over_eq	u_mean_over_eq	n_peaks	period	period_cv	peak_cv	period_predicted	name	frac	j_over_jcrit
cycle	0.21481400032701173	0.09704086783752179	0.7673515939740978	1.7913213843495281	1.790963062720056	1.0002000720377382	0.0004865590041257216	1.4528008724327701	0.08859431851424938	2456.443183224173	3	8	818.8143944080576	238.3753782936383	True	1.2928457907330602	1.5304251505079962	2.048706634768306	1.1436845742296773	0.9765150232140223	47	8.394946279252395	0.011667684346387633	0.0005654405031333563	8.188143944080576	draw273	0.08	0.4582625281465922
cycle	0.2454271036662769	0.18234521806729448	0.7199104666872841	2.404581422311063	2.404572597158064	1.0000036701545254	0.0005302630448889958	1.4144457823879393	0.12834384368823826	2618.319470791451	3	8	872.7731569304835	477.4380348713102	True	1.096241628830813	1.5597507028263538	3.147075767949368	1.308783199749039	0.9459912592891326	46	9.16640975020755	0.0119575827673801	0.0007481992220103215	8.727731569304835	draw273	0.22000000000000003	0.5235694360264717
cycle	0.2760402070055421	0.20224307129778793	0.6906918220634869	2.5085507334260386	2.5066395060400297	1.0007624659953709	0.0007677429847108582	1.363963527655015	0.17789231882060497	2729.0834087516023	3	8	909.6944695838674	551.9382104137604	True	0.9556438949963186	1.585740221868709	3.468661968714004	1.3827354266727143	0.9310721338515886	47	9.326699988231667	0.0035587288766576247	0.0006854743117466073	9.096944695838674	draw273	0.36000000000000004	0.5888763439063511
cycle	0.30665331034480725	0.1861560328995629	0.672368484838671	2.426438483328523	2.4246710225402524	1.0007289486993658	0.00030690832434501737	1.3058847412136396	0.23857437304067047	2803.456192040522	3	8	934.4853973468407	521.8802831179787	True	0.8498738898840988	1.6102029084509992	3.429126608203334	1.4132345129555273	0.9258637119876533	47	9.580870540440173	0.00824039009831375	0.0006016797297999028	9.344853973468407	draw273	0.5	0.6541832517862305
cycle	0.3372664136840724	0.1497570288822626	0.6540317413616498	2.2651422097183707	2.2651440518137447	0.9999991867645801	0.0006087192164516151	1.2419429416118037	0.31277590715228737	2882.0552168148997	3	8	960.6850722716332	431.60802634482457	True	0.7647840139562676	1.6333894746162316	3.2342606867412735	1.4278400150175978	0.9253013706684735	46	9.849484361874715	0.01120638335449181	0.00048163581041260536	9.606850722716333	draw273	0.64	0.7194901596661099
cycle	0.3678795170233376	0.10047095854261759	0.6266135013755234	2.067408275117029	2.0674083435737742	0.9999999668876517	0.0007900395672198002	1.1715685440387806	0.40478339684056963	3008.1630670518225	3	8	1002.7210223506075	302.23302679919703	True	0.6928974680443841	1.6554726901467998	2.968641411475081	1.4359241216189078	0.9254961107068237	45	10.531203535565282	0.011758834122973837	0.0003902787293293499	10.027210223506074	draw273	0.78	0.7847970675459893
cycle	0.3984926203626028	0.040372310638185666	0.5810468943346064	1.8460300490032489	1.8453698731165484	1.0003577471900447	0.0010380307832289879	1.0916796461584959	0.5228896082876914	3244.0679238333387	3	8	1081.355974611113	130.9705179523736	True	0.6333502896071219	1.6686066381891271	2.623142794301426	1.4209642988843945	0.9257638150204807	42	12.438703383873758	0.009041322721617305	0.0002623234855904626	10.813559746111128	draw273	0.92	0.8501039754258688
cycle	0.3058725828687939	0.0069011546872746795	0.2676431952193145	1.3297987411677692	1.329804052389807	0.9999960060115411	0.0002107186981658741	0.7928587634910662	0.44736927490411055	9390.39051903556	4	8	2347.59762975889	64.80453754578197	True	0.42771856880168546	1.0536662290609464	1.2060241853943887	0.9069223394927511	1.0521389999230897	41	27.59116994215219	0.010733468218935534	0.0011187485852740908	23.4759762975889	draw455	0.08	1.0640945490665297
cycle	0.313888242584183	0.017166139036077045	0.310810562659758	1.4548927488917744	1.4555613204628257	0.9995406778390905	0.002127067069718861	0.7383569332935087	0.4976283671170561	6064.64457328409	3	8	2021.5481910946967	104.10653194938483	True	0.26626950356022583	1.0382087661523514	1.431233189838996	0.9837379359607088	1.0156863822491735	39	24.264644454249947	0.006407639444884793	0.0009581551094758202	20.215481910946966	draw455	0.22000000000000003	1.0919800814353346
cycle	0.32190390229957216	0.02551011084067625	0.3454571156248213	1.2416755996901034	1.2411818029363442	1.0003978440165584	0.00017314425632265794	0.6887506158867712	0.5431940946996493	5456.409802833544	3	8	1818.8032676111814	139.19361886243615	True	0.22597858778056254	0.9775623511095635	1.3311298809785321	1.0720431981676652	0.9553037264861965	39	22.285911506113507	0.008355951124503573	0.0005113407138002418	18.188032676111813	draw455	0.36000000000000004	1.1198656138041396
cycle	0.3299195620149613	0.03156740579370954	0.3727122090454245	1.1889996583900087	1.1890099026517973	0.9999913842081838	0.0005615029410394302	0.6413252676281148	0.5868306432098177	5057.402323850749	3	8	1685.8007746169162	159.64907141904624	True	0.21778260043925438	0.9057250129588272	1.1562723384848368	1.127653564560758	0.902177525837155	37	21.49933471004306	0.009828870230768876	0.00027493888873167627	16.85800774616916	draw455	0.5	1.1477511461729448
cycle	0.3379352217303505	0.03436551607669883	0.391977901888613	1.1506804403006095	1.1506783568635053	1.0000018106164001	0.004092854392314047	0.5940776554096188	0.6306337716026766	4808.83127102792	3	8	1602.9437570093066	165.25796835464203	True	0.2277659567933322	0.8241155343307528	0.9441931770844095	1.1413011524316854	0.8723745095592531	36	20.843479711048758	0.006131899078004846	0.0001757413588659605	16.029437570093066	draw455	0.64	1.17563667854175
cycle	0.34595088144573966	0.031813919667241855	0.4004254728774027	0.9782647634991637	0.9783852111248382	0.9998768914081029	0.0018305994165725959	0.544769298652438	0.6770376154906502	4707.381822162419	3	8	1569.1272740541394	149.76026713330978	True	0.25797455402483876	0.7289329451274492	0.6943148924209154	1.1089100970641883	0.8837175994192441	38	19.618995674595453	0.0099000224887082	0.00013411502128265793	15.691272740541393	draw455	0.78	1.203522210910555
cycle	0.3539665411611288	0.0186526826957997	0.38907730624166265	0.6154513497914779	0.6154518056006844	0.9999992593909022	0.0013403937343447598	0.4893714093807951	0.7305736980468859	4844.681408848599	3	8	1614.893802949533	90.36630508149277	True	0.32334967365191086	0.6067332960891096	0.38277100855670154	1.0457003639875568	0.9408977415375789	42	18.172098307759143	0.009787662782644816	0.00011845872214685269	16.14893802949533	draw455	0.92	1.2314077432793602
cycle	0.03424858401434111	0.004964070635782699	0.06325592479278552	2.862088295927393	2.862072556542184	1.0000054992963658	1.5104358870734366e-05	1.135857134120865	0.04025092591127407	29798.87810238543	3	8	9932.95936746181	147.9237357673196	True	1.053458478970756	1.1948147926682775	2.5045546559472385	0.8750794514310035	1.0037819555814005	45	106.80601470389047	0.004839045084430816	0.002374497752635297	99.32959367461808	draw713	0.08	0.11916929433416257
cycle	0.035827948021852456	0.007800006130238714	0.08822134228905287	3.769947541700815	3.770065251741885	0.9999687777178351	6.224501790557555e-05	1.1140396019012344	0.06156897266664952	21366.208484766783	3	8	7122.069494922261	166.65655716113932	True	0.9889220103668739	1.2183603938244032	2.989556724598142	0.7929969028824737	1.0144202350291442	41	81.92428026167181	0.009897571695368547	0.0029493658291594566	71.2206949492226	draw713	0.22000000000000003	0.1246647534805346
cycle	0.0374073120293638	0.008328388920555967	0.10858227915754962	3.862702899878353	3.8568975728073656	1.001505180513975	0.00034413443153387944	1.0974499937113071	0.07951000183141235	17359.69816418075	3	8	5786.566054726917	144.57831785475872	True	0.9569487354510176	1.2333524193953833	2.990486054921906	0.7741952027985597	1.0237787084810903	40	69.45615669589688	0.00754086135019962	0.0027113528313244934	57.86566054726917	draw713	0.36000000000000004	0.13016021262690664
cycle	0.038986676036875154	0.007708392468897967	0.12598910475550215	3.6227894531637452	3.622798982606186	0.9999973695911678	0.00016963817940301448	1.0838600712739432	0.09555371427136135	14961.258720044654	3	8	4987.086240014884	115.32725404282625	True	0.9399653037961884	1.239808182408887	2.838631668636475	0.7835486178081719	1.0300436625147877	39	59.859999880148735	0.00845629551573813	0.0023825158009236954	49.870862400148845	draw713	0.5	0.1356556717732787
cycle	0.0405660400443865	0.006291379292232771	0.1412352979904788	3.158841433089001	3.155117272755971	1.0011803555972982	0.0003782782948411333	1.0722230145487364	0.11039192268523325	13346.20749184774	3	8	4448.735830615913	83.96605344405273	True	0.9340329067399303	1.2341892196707382	2.5647842476008775	0.8119382697512612	1.0317949995309048	40	52.285717439097425	0.010525695836726663	0.0018107105981344956	44.48735830615913	draw713	0.64	0.14115113091965076
cycle	0.042145404051897845	0.004248202974325762	0.15477530510968182	2.453329466143928	2.455456182154778	0.9991338815058864	0.0001558404302383306	1.0619694665699901	0.12441281905580412	16238.211393547555	4	8	4059.552848386889	68.9832179397992	True	0.9407554696408019	1.2092313764882916	2.11870148585849	0.8636025104237645	1.0267068511547706	42	46.696531889421294	0.010982798248616381	0.0013985789163945457	40.59552848386889	draw713	0.78	0.1466465900660228
cycle	0.04372476805940919	0.0016859576455174122	0.16690221544564376	1.4158886134443684	1.4158916456097272	0.9999978584764109	0.000304218008763799	1.0527536140326808	0.13786007910781184	18822.953579144898	5	19	3764.5907158289797	31.734702497978677	True	0.9702240756738619	1.1496824850728646	1.3341434752705168	0.9422658411137342	1.0125526829671416	45	39.53808703796403	0.010787135894617206	0.000791430335110893	37.645907158289795	draw713	0.92	0.15214204921239483
cycle	0.14113186181849052	0.010241516149005744	0.014608877907716289	4.5648102161493584	4.563740244658397	1.0002344505676488	0.0010217206252750122	8.7450151501222	1.7275988383510106	58585.075810113194	3	8	19528.358603371064	600.0000000000001	True	5.211474217309376	9.504447169915263	2.742103712316573	0.6007048666811108	0.9860238793526002	8	908.2957489940018	0.0024325212770517067	0.00043392577536746467	430.0936284682658	draw820	0.08	0.756335795999623
cycle	0.1448761495781532	0.013551192735324648	0.016936376946996744	3.8891352808428916	3.8891305039842563	1.0000012282587665	3.406043013383873e-05	8.041233170978456	2.3136087722187635	44276.545372714434	3	8	14758.848457571477	600.0	True	4.258912450374934	9.583728355143853	2.6541520743375018	0.6824530088761191	1.0160806002422527	12	527.760772551319	0.0020090709403865915	0.00027474641709841893	370.9875687606113	draw820	0.22000000000000003	0.7764017033480165
cycle	0.14862043733781588	0.012981044515626856	0.020032229106103607	3.2435036730805447	3.2443575563699736	0.9997368097459688	0.0007715331476507086	7.455002791160629	2.80494832649763	46221.24200234483	3	8	15407.080667448276	600.0	True	3.8103387456786106	9.655900536849867	2.4811763701849823	0.7649679544923914	1.046215259600265	18	404.53700177095925	0.004351666681131811	0.00029009518808676945	313.65382623670007	draw820	0.36000000000000004	0.7964676106964101
cycle	0.15236472509747856	0.011037797258106198	0.022790926671187747	2.769342316351259	2.766727686348169	1.0009450261462274	0.002688664472388454	6.941748715816389	3.261942086744553	54358.67193151766	3	8	18119.557310505887	600.0	True	3.5097438352108554	9.72347012130608	2.324572841323321	0.8393952699881672	1.0708996518538672	25	344.3576783191911	0.0062300156932737095	0.0003982977987629579	275.688013823623	draw820	0.5	0.8165335180448037
cycle	0.1561090128571412	0.008415121542767835	0.024928819483590048	2.3969104837804216	2.398751425483365	0.9992325416950728	0.0022981241204582917	6.47948700840872	3.7072598891789776	71300.21794107715	3	8	23766.739313692382	600.0	True	3.2824657414754785	9.787639434339033	2.1812058059336863	0.9100072033117713	1.086772290830827	36	309.0448722960755	0.00922615085940359	0.0005964438426358228	252.04504013178936	draw820	0.64	0.8365994253931972
cycle	0.1598533006168039	0.005379581438345916	0.0263912456689442	2.0871844071601586	2.0884721084253144	0.9993834242459064	0.0006473031833122389	6.054265485017637	4.154479840293433	71423.51732082092	3	8	23807.839106940304	384.2286280404662	True	3.0997054432351496	9.847850443116176	2.0373373232855596	0.9761175468235596	1.09177432276806	38	297.67240693848726	0.003244997295834831	0.0005143793818906305	238.07839106940304	draw820	0.78	0.8566653327415907
cycle	0.16359758837646657	0.002037822639130573	0.027151251459379477	1.7009386166243219	1.7001132580585339	1.000485472695349	0.0014083265919615916	5.655820224321211	4.6146682428637895	69424.26189724352	3	8	23141.420632414505	141.47433259913285	True	3.0212668945142296	9.671991803871434	1.7674253713176653	1.039088273993857	1.0733250671819121	38	295.1268947869812	4.8395720468683684e-15	0.00027947887525775494	231.41420632414503	draw820	0.92	0.8767312400899844
fixed_other	0.04923670841043496	0.002835377868863031	0.02089797301152536	3.9196539600690214e-16			0.522147967882386	1.8207714073898604	0.4965079048359612	30066.003548355486	1	8	30066.003548355486	85.2484810661645	True	0.39496460627029445	0.39496460627029445	2.7295692624564274e-20	6.96380162704047e-05	0.2169215776715705	2				300.66003548355485	draw824	0.08	0.5134786326015213
fixed_other	0.05189837716455129	0.004318298186740134	0.024542221327065003	1.4456831185565835e-16			0.42533072040531306	1.752929474132764	0.6441891166329762	25601.534691770263	1	8	25601.534691770263	110.55506083723616	True	0.42238172547808267	0.4223817254780827	1.0519059392763923e-20	7.27618608652392e-05	0.24095762648240587	1				256.0153469177026	draw824	0.22000000000000003	0.5412365814251716
fixed_other	0.05456004591866762	0.004481730299448688	0.026590651549173998	1.0541838811241885e-15			0.41154256855755195	1.689216241452355	0.7757159125067659	23629.301807667685	1	8	23629.301807667685	105.90015786624191	True	0.45152939722927316	0.45152939722927327	8.735496421797716e-20	8.286501603953691e-05	0.2673011223483484	0				236.29301807667684	draw824	0.36000000000000004	0.568994530248822
fixed_other	0.05722171467278395	0.004036911653080292	0.02801530927077351	1.2089321347931935e-15			0.41349388161444334	1.6304407303653925	0.9045556512754364	22427.684971996405	1	8	22427.684971996405	90.53858281506602	True	0.48298099214737344	0.48298099214737356	1.1986019555090545e-19	9.914551206086468e-05	0.2962272612259474	7	1059.9731082038816	0.0024986105342286935	3.0223303369829833e-16	224.27684971996405	draw824	0.5	0.5967524790724723
cycle	0.059883383426900284	0.0032220182019778703	0.029073852098258114	2.75080111843142	2.7503598728281293	1.0001604319520692	0.0015063559004980234	1.5761013950942433	1.0360050162488947	64833.36249298758	3	8	21611.12083099586	208.89427404783535	True	0.9960978667692285	2.3428390631220473	1.9013499590740988	0.6911986280412374	1.0032680093737378	33	308.0354807118674	0.007280548461927049	0.0006497380215391679	216.1112083099586	draw824	0.64	0.6245104278961227
cycle	0.06254505218101661	0.0021399814310096464	0.02986287717107983	2.0011864493488787	2.001189184755769	0.9999986331092976	0.00016340330147355503	1.5254892254755847	1.1732432852850039	63120.36115459523	3	8	21040.120384865077	135.0764007894564	True	0.9874131482264488	2.372683348632823	1.7496613442338798	0.8743120086602439	1.0466593982719898	42	236.76054446585113	0.01092162638184415	0.0005958879337084493	210.40120384865074	draw824	0.78	0.6522683767197729
cycle	0.06520672093513294	0.0008374550116425437	0.030418908702534907	1.3332763066864255	1.3327767257967558	1.0003748421472254	2.6564047414156794e-05	1.4778821228238672	1.3187061539170881	61966.57515188231	3	8	20655.525050627435	51.894218915268155	True	1.0486355976183899	2.169671266367607	1.2904604862897329	0.9678867612197338	1.0399284556595647	46	216.93724734342322	0.01110483297227954	0.0004719442613074875	206.55525050627435	draw824	0.92	0.6800263255434232
cycle	0.13183407844146094	0.005384380067030469	0.20456470240514713	1.0609946456325736	1.060997059657084	0.9999977247585294	0.00014701882062212416	0.517629426926849	0.039876599508349236	12285.961817079335	4	8	3071.4904542698337	66.15228791217942	True	0.4672800443667264	0.5473090285318548	1.2414925490243138	1.1701214083734852	0.9790748315639999	46	31.490649818720613	0.012048443362829848	0.00032339720505064634	30.714904542698335	draw1240	0.08	0.9423748669063596
cycle	0.13250857088927637	0.013614452405683567	0.19096260938402254	1.4622718943569994	1.461776235278479	1.00033907999498	0.0002800780793710476	0.5116010591703745	0.043957231032619754	9870.809779118918	3	8	3290.269926372973	134.38566994337043	True	0.4208430465786274	0.554352354641262	2.082897063023262	1.424425287158493	0.948837882482347	45	35.37924652013953	0.008006187099969682	0.0003861472659666695	32.90269926372973	draw1240	0.22000000000000003	0.9471962661853149
cycle	0.13318306333709182	0.020322375323177676	0.176068029912832	1.5974794954999865	1.59741069097084	1.0000430725357825	0.0011194403557175828	0.5041319995416221	0.048966236388462266	10705.83678983108	3	8	3568.612263277027	217.56803339163085	True	0.3886089274616959	0.5558499154499205	2.549784671923976	1.5961298277108293	0.9276164076975522	44	38.372174873946506	5.542997736096431e-15	0.0001666028779258377	35.68612263277027	draw1240	0.36000000000000004	0.9520176654642705
cycle	0.13385755578490727	0.02495020116155712	0.15984885683239472	1.6344164872762257	1.6344170125964794	0.999999678588604	5.116899420044963e-05	0.4947223595492604	0.05531991213215903	11792.11180803311	3	8	3930.703936011037	294.21556172999914	True	0.3658778863274963	0.554699925117638	2.7272356408233827	1.6686295458071112	0.9157988489355046	45	41.282712006117436	0.011355155841478472	0.0004040909131030072	39.307039360110366	draw1240	0.5	0.956839064743226
cycle	0.1345320482327227	0.02656483820833301	0.14237995496085873	1.6104153534081402	1.6104140728314849	1.000000795184715	0.00038013699834300705	0.48255944495627995	0.06375031988178995	13238.911282645535	3	8	4412.970427548512	351.6895362779531	True	0.35055733376299403	0.5505331076382161	2.642253597042963	1.6407280217809224	0.9138424586342269	46	45.24425794685885	0.011206383354493763	0.0004286474698206434	44.12970427548512	draw1240	0.64	0.9616604640221814
cycle	0.13520654068053814	0.02346205514232816	0.12404127768543591	1.5200257041323493	1.51960293428438	1.0002782107341537	0.00040227572860180254	0.46622950731148816	0.07566883430690569	15196.19619635049	3	8	5065.39873211683	356.5339931124126	True	0.3432532871061684	0.5404276839968885	2.2865396180634967	1.5042769420591366	0.9253257954518026	47	50.66665398466466	0.011177720009286048	0.0004692093334582799	50.653987321168294	draw1240	0.78	0.966481863301137
cycle	0.1358810331283536	0.01228384874294016	0.10594014504557549	1.2168441497625004	1.2168432309340638	1.0000007550918748	0.00025475195901380966	0.44318990265856867	0.09404551101457245	17792.64688889153	3	8	5930.882296297176	218.56218311968837	True	0.3542895144284551	0.5107596705556426	1.500706699465846	1.2332776549558535	0.9608651347415108	48	59.32365387644086	0.008369470192828427	0.000426999188635275	59.30882296297176	draw1240	0.92	0.9713032625800925
cycle	0.0659573141772604	0.0004462839968864341	0.09527825579316122	0.39463051724418813	0.3945703913574751	1.0001523831692138	8.817999693011329e-05	0.7473837837348932	0.09545702549658117	39567.38243080164	6	41	6594.56373846694	17.658289577552228	True	0.7291427510685036	0.7635659740787883	0.39491089362455556	1.0007104782020542	0.999490923901037	48	65.96212791664857	0.009789964006832278	0.00017802509449560056	65.9456373846694	draw1357	0.08	1.0284866500300096
cycle	0.06615580604248887	0.0009420723098672798	0.09682882404361916	0.5790426555334149	0.5790419079712869	1.0000012910328557	0.00024038816710697804	0.7429630507290531	0.10075748975984479	25955.84680177116	4	20	6488.96170044279	24.452284551105805	True	0.7138241215757419	0.7675083118906888	0.5808302196475998	1.0030871026462433	0.9987618617438677	48	64.90584346529431	0.012145932169214741	0.0002546812421270404	64.88961700442789	draw1357	0.22000000000000003	1.0315817765686432
cycle	0.06635429790771734	0.0012045100238606892	0.09814263349341641	0.6601919218528803	0.6601005403508429	1.0001384357328187	0.00010846990019925975	0.7384626137750104	0.10608530879390564	25608.382752847465	4	16	6402.095688211866	30.84555372066596	True	0.7029312199408445	0.7678138816999829	0.6639973050224369	1.0057640559413035	0.998216215400267	48	64.03696612365002	0.01234612729844502	0.0003294145384839784	64.02095688211865	draw1357	0.36000000000000004	1.034676903107277
cycle	0.06655278977294579	0.0012598211627146087	0.09925178063664743	0.6799701943431036	0.6798440985352874	1.0001854775353465	0.000192258732904233	0.7338805378648291	0.11145691487447028	25322.206883851522	4	16	6330.551720962881	31.901452118913692	True	0.6951751200467549	0.7658082350897092	0.6854321301221951	1.008032610582833	0.9978924571728146	48	64.90438123517833	0.012339642987889442	0.00021304454265154082	63.3055172096288	draw1357	0.5	1.0377720296459103
cycle	0.06675128163817426	0.0011285458097001566	0.10017990893030478	0.647707182768758	0.6478023928249241	0.9998530260813782	0.00013132615559855303	0.7292142540618765	0.11688670706216564	25087.60638443304	4	17	6271.90159610826	28.312513060558803	True	0.6906057329227959	0.7614800536572282	0.6536281616459667	1.0091414439035524	0.9978551634919098	47	62.734699635992	0.012183702692744568	0.00026477736584940947	62.7190159610826	draw1357	0.64	1.040867156184544
cycle	0.06694977350340273	0.000826964674451024	0.10094456074151685	0.5580024645047443	0.5580845224027274	0.9998529651070955	0.00017707556014972305	0.7244606295217881	0.1223877509769738	31121.96071301252	5	24	6224.392142602504	25.736762109313958	True	0.6900117839061496	0.7540694529348043	0.5624533404055089	1.007976444879531	0.9982446903701796	48	62.259486297599324	0.01134856666325514	0.00023171284470817764	62.24392142602503	draw1357	0.78	1.0439622827231776
cycle	0.0671482653686312	0.00036806997152206977	0.10155871370213278	0.37468468579193787	0.3746488121988363	1.0000957525873124	0.00010501012379818801	0.7196159966394041	0.12797228104303005	43307.26093996744	7	53	6186.751562852491	15.94010230087266	True	0.6960310317288109	0.7409638727021973	0.37622286892913065	1.0041052735687386	0.9991309556758611	48	61.88298637511889	0.008316217996479035	0.0001579555777722021	61.867515628524906	draw1357	0.92	1.0470574092618112
cycle	0.09885327100494774	0.00288718905618391	0.1052071760731706	1.0652028120278525	1.0654191691514738	0.9997969276976745	0.0004268659942048979	1.20918194305278	0.16315648626545337	17916.606666097636	3	8	5972.202222032545	51.72863069030878	True	1.0949863641779958	1.3024475408118747	1.0987749331329977	1.031517116483417	0.9908515789365642	48	59.736956459440535	0.011106072922149306	0.0003864281019337736	59.72202222032545	draw1379	0.08	0.6649326587688412
cycle	0.10199806339496716	0.006246186011651783	0.10452364323210224	1.5181111940531993	1.5174654895538966	1.0004255151130275	0.000467521719993371	1.1916165427315992	0.19306596375561558	18033.77239700875	3	8	6011.257465669583	112.6422968835081	True	1.0004906633904385	1.3424736887340023	1.632628098434394	1.0754338053956685	0.98002351681791	47	60.12760655833608	0.012312132442116288	0.0005280076018079219	60.112574656695834	draw1379	0.22000000000000003	0.6860859817081193
cycle	0.10514285578498658	0.007910740195878316	0.10358413416248521	1.6882488145970398	1.6874392519265806	1.000479758112498	0.0010964055114220852	1.1707963119685445	0.22582355990714048	18197.33888200559	3	8	6065.779627335198	143.95442015190102	True	0.9349028716311032	1.3653491425027553	1.8692712634660507	1.1072249820665316	0.9747766539206255	47	60.67296451448078	0.012259950807517404	0.0005185115427911751	60.65779627335197	draw1379	0.36000000000000004	0.7072393046473974
cycle	0.108287648175006	0.008158624131075258	0.10248135384350207	1.7274533577337812	1.7274548884249532	0.9999991139038233	0.0007070198296241803	1.1473220189049735	0.2617825480129924	18393.156622739065	3	8	6131.052207579689	150.06285146892563	True	0.8877596216500765	1.3782585968730032	1.9454723603360402	1.1262083295194	0.9742625023089563	48	61.325853539181935	0.01190468085465064	0.00055576406354363	61.31052207579689	draw1379	0.5	0.7283926275866753
cycle	0.11143244056502541	0.007193177052227488	0.10122245215108738	1.6729886791880872	1.6737633488318717	0.9995371689526329	0.0014969282951642587	1.1216262427020445	0.3013778297269772	18621.911958231758	3	8	6207.303986077252	133.95070976655333	True	0.8572032586246952	1.3780729241227578	1.8886579770820466	1.1289125865445935	0.9777542485092818	48	62.0885620012732	0.011561426015938141	0.0005231559950516676	62.07303986077252	draw1379	0.64	0.7495459505259534
cycle	0.11457723295504484	0.005161286145651554	0.09976106465012427	1.505554141576637	1.5049378192883498	1.00040953339094	0.0013058530108818293	1.094008255493852	0.3451513105201646	18894.702043975507	3	8	6298.234014658503	97.5209638857849	True	0.8479723775886423	1.351940023405662	1.6693870442441219	1.108819004340765	0.98464560243421	48	62.998089669002184	0.011904680854651238	0.000465772241688645	62.982340146585024	draw1379	0.78	0.7706992734652315
cycle	0.11772202534506426	0.0021645986113871304	0.09801256085237424	1.0731519522135837	1.0734588882393434	0.9997140682059439	0.0009262245880183413	1.0646547989402964	0.3937870829338643	25642.367682416836	4	9	6410.591920604209	55.50543347803771	True	0.8851762498923966	1.25951518058559	1.1320749830825612	1.054906512304653	0.9939274104630978	48	64.12194969346547	0.011348566663254823	0.0003751495504862768	64.10591920604209	draw1379	0.92	0.7918525964045096
cycle	0.22869403553426035	0.027215557259723782	0.16910617601295025	2.0491825022312913	2.0491819036870105	1.0000002920893845	0.00020840985201650902	3.356707562430816	0.19462993527840527	11146.58043009337	3	8	3715.526810031123	303.3603979453227	True	2.608447364923577	3.550234800214758	2.5309424265409075	1.2350985936025918	0.9346619134605865	40	44.597471088145085	0.010486635434316058	0.000600708632048595	37.155268100311226	draw1394	0.08	0.6743776811758251
cycle	0.2454669002832916	0.05888048469776633	0.15141135089360128	2.9460509856471955	2.9490815209586936	0.9989723799461084	0.003937430376963621	3.2626373521157452	0.260864429930264	10190.133506539585	3	8	3396.7111688465284	600.0	True	1.4457314554650649	3.628116532718262	5.865349937087403	1.9909193580364628	0.8002630633971946	29	53.51157880403389	0.007858323040949319	0.00046549313077165857	41.49745227222008	draw1394	0.22000000000000003	0.7238378501290854
cycle	0.2622397650323228	0.07525979204772887	0.13441596588312402	2.6049659218633083	2.607165632674086	0.9991562826760179	0.0015972916318054628	3.121001701814322	0.34295996410860624	7972.384505387513	3	8	2657.4615017958376	600.0	True	1.03745241683866	3.7006546485741376	6.941325204620188	2.6646510598707267	0.7324973558934126	21	57.81424122436556	0.00460829493087554	0.00015522534468816318	46.74433774216135	draw1394	0.36000000000000004	0.7732980190823456
cycle	0.2790126297813541	0.0802763403868287	0.12116440805367262	2.021675122852447	2.021674828459574	1.0000001456183107	0.00713228776610034	2.939880143527392	0.4454729474967717	7474.182269754348	3	8	2491.394089918116	600.0	True	0.8393681081330615	3.769153949179532	6.9696540255830035	3.4474649001711475	0.6440017498027123	15	72.26849573155823	0.0030203326051584595	4.792353888802038e-05	51.8566913180998	draw1394	0.5	0.8227581880356061
not_converged	0.29578549453038533	0.07636393040911801	0.11146518231741008	0.06568915255827795	0.07562666595709278	0.8685977588321435	0.0657218623923605	2.722360971572081	0.5768423828633272	20952.300273545854	8	8	2619.0375341932317	1600.0	False	0.0003086962006657133	0.00032964727547990204	670.7524813962957	10227.505968923966	0.00011715664828649797	0				56.36903987908516	draw1394	0.64	0.8722183569888663
not_converged	0.31255835927941655	0.06411250400613958	0.10265773311899735	0.0656737392150742	0.07560877677914646	0.8685994141514478	0.0657069090237491	2.4614669142000953	0.7559241541697231	24956.130240160015	8	8	3119.516280020002	1600.0	False	0.00025905827548675325	0.00027663618555433223	644.3629453724121	9825.542105445671	0.00010873803773254874	0				61.20518266165425	draw1394	0.78	0.9216785259421265
not_converged	0.32933122402844783	0.039635212356836924	0.08696457605018541	0.06530131666920354	0.0751188541498681	0.8693066129432993	0.06533490249521838	2.115547671083991	1.0456834015737202	40368.14501194431	8	8	5046.018126493039	1600.0	False	0.0001592306249402965	0.00016997167180653666	794.1323083926318	12174.637076209377	7.775026133757584e-05	0				72.24993891252564	draw1394	0.92	0.9711386948953868
cycle	0.05071721060744459	0.003103714850183289	0.1263688140102079	1.6705637396694375	1.6714264841965456	0.9994838274161231	0.00015929250621366932	0.6766083368283141	0.03555420057468576	19888.40476629634	4	8	4972.101191574085	61.72793721961005	True	0.6083797090865269	0.7339014634438165	1.7626196341632074	1.0551046884999344	0.9951286115368928	47	50.976781408986426	0.010778553829629757	0.0007780891910766193	49.721011915740846	draw1453	0.08	0.3986870489121011
cycle	0.05299736805185313	0.006653165579191947	0.1347680978234133	2.301939003982866	2.301939179384674	0.999999923802588	4.292238594982939e-05	0.6665222038295567	0.04577841545033207	13986.660215563285	3	8	4662.220071854428	93.05556631403905	True	0.5557256099908983	0.7589263153293	2.5777594996206497	1.1198209401554744	0.9912627825464708	46	48.96555214250657	0.012041993446682577	0.0013447740765823554	46.622200718544285	draw1453	0.22000000000000003	0.4166113241567014
cycle	0.055277525496261665	0.008344598466118415	0.1417630145449637	2.478541181958803	2.4782464654743186	1.0001189213779138	0.0004607916366221773	0.6557267663649681	0.056882609251181424	13296.525883032875	3	8	4432.175294344292	110.95416948825992	True	0.5229342811604745	0.7725558730589168	2.860278653504461	1.1540169977099064	0.9915218556420484	45	46.54947796010492	0.009223131928521446	0.0010806713206727428	44.32175294344292	draw1453	0.36000000000000004	0.43453559940130165
cycle	0.0575576829406702	0.008539330006889145	0.1476150302738885	2.458643051984607	2.4584176294136233	1.0000916941728235	0.0010076003682011148	0.6445303193470229	0.06891184606835037	12769.401521352422	3	8	4256.467173784141	109.04213358130063	True	0.5022786884321429	0.7786149930824304	2.8628058622828965	1.164384500617953	0.994103126606708	45	44.70408134506988	0.008197431525809477	0.001055981554868772	42.56467173784141	draw1453	0.5	0.4524598746459019
cycle	0.059837840385078736	0.0074744159878223915	0.15249368575209482	2.3077073575623395	2.3059811819730847	1.0007485644734437	5.835814147831594e-05	0.6330996097480619	0.08192308030682056	12360.876339615801	3	8	4120.292113205267	92.39033173631987	True	0.49207409822300574	0.7752133110015172	2.657747536745917	1.151683088428218	0.9975859178567592	46	43.27388566007039	0.011104832972281703	0.0008958171581451281	41.202921132052666	draw1453	0.64	0.4703841498905022
cycle	0.06211799782948727	0.0053225191637097866	0.1565107457773858	2.0028863437049025	2.0028850088696415	1.0000006664562644	0.001234133051923231	0.6215309634085165	0.09598128767362936	12043.617725999185	3	8	4014.539241999729	64.10238614702554	True	0.49427704695683067	0.7566078287323875	2.2392505152971336	1.1180117745248637	1.0003076216627342	47	41.15931705976209	0.010642260209022949	0.0008001042687078259	40.145392419997286	draw1453	0.78	0.4883084251351025
cycle	0.06439815527389581	0.0022188945398788976	0.15973938878701494	1.383518231972785	1.3829592396260675	1.0004042001605693	0.0006162933398322148	0.609882437247719	0.11115790935748864	15733.590456032447	4	14	3933.3976140081118	34.91117795558113	True	0.5199521659248674	0.706827798261114	1.459244010051625	1.0547342104562374	1.0011368205188826	47	40.32740739543169	0.012220529743828111	0.0005763229762404941	39.33397614008111	draw1453	0.92	0.5062327003797028
cycle	0.012044820897040984	0.001276016859521278	0.06256947904573228	0.7724522244326295	0.77245231032227	0.999999888809135	0.00040886742247529464	0.5483759230190824	0.10317067031407245	40167.73291391595	4	10	10041.933228478987	51.2547044069045	True	0.49466854708603925	0.5860007716754023	0.8217112755133414	1.0637697057794002	0.9842189392111853	47	102.95555448052983	0.0035549570389506895	0.0002205288209258043	100.41933228478986	draw1505	0.08	0.8777075961194893
cycle	0.012295436947564256	0.0032520222986578678	0.05944409891674957	1.1226569089079927	1.1226568512076776	1.000000051396217	0.0008160373777026743	0.5405266105928698	0.11118604473213159	31709.71764234703	3	8	10569.905880782344	103.12070885705734	True	0.442404377037759	0.5971216669902193	1.3244622687653327	1.1797569304175357	0.9556574949698609	44	113.65490194389622	0.0035031030802207767	0.00026049536996805057	105.69905880782343	draw1505	0.22000000000000003	0.8959700188764588
cycle	0.012546052998087528	0.004854689454975642	0.05593697984923902	1.2421601233796293	1.2417897938364288	1.0002982224085257	0.00045115019591658736	0.5313405172649567	0.12030317820216242	33697.84348805023	3	8	11232.614496016744	163.59256543685706	True	0.40175924556022985	0.5995894668066876	1.6117464608229792	1.2975351812436156	0.9264072138442846	42	129.20736854632923	0.010385802401293573	0.00021898841671660145	112.32614496016743	draw1505	0.36000000000000004	0.9142324416334281
cycle	0.0127966690486108	0.006000490549606705	0.05194775571988059	1.237742157795759	1.2377417600343477	1.0000003213605813	0.00024015148839477414	0.5204368745299761	0.1309080488694369	36285.60206369987	3	8	12095.200687899956	217.73141227002063	True	0.37016855502191204	0.5966927161078966	1.7493886929543299	1.4133708559056757	0.895760036196767	38	151.22781555263828	0.005450353447576654	0.00015826253228248415	120.95200687899957	draw1505	0.5	0.9324948643903974
cycle	0.013047285099134073	0.006546364250768836	0.04727195117588777	1.133299710134668	1.1335590698449047	0.9997711987693132	0.0009143299681327247	0.5071579252160923	0.14367927085598442	39874.71524372669	3	8	13291.571747908898	261.0344103811196	True	0.3468918756861205	0.5871801110417288	1.7458572820177427	1.5405080107276172	0.857224615199579	30	202.74715594459667	2.9758950042591143e-15	6.732733422916388e-05	132.91571747908895	draw1505	0.64	0.950757287147367
not_converged	0.013297901149657345	0.006200276265089898	0.04141647375820292	0.07056397017603755	0.08205180941173641	0.8599928591695909	0.07058007198869476	0.49014966328823095	0.16003900045126937	121365.91528988184	8	8	15170.739411235229	752.5022039627655	False	6.069052175953827e-06	6.512591329838843e-06	629.8674952750554	9560.925923696343	1.2823903677225971e-05	0				151.7073941123523	draw1505	0.78	0.9690197099043363
not_converged	0.013548517200180616	0.00410048021154087	0.03260522450695013	0.06959039036627993	0.08078233369025047	0.8614555582550435	0.06961426228338194	0.465383610838697	0.18429945699641798	154163.89004382442	8	8	19270.486255478052	632.1459804588645	False	4.705667142669589e-06	5.044659013228296e-06	707.9263058482533	10735.7222061307	1.0467161519187556e-05	0				192.70486255478053	draw1505	0.92	0.9872821326613056
cycle	0.048899260226799406	0.004976287052789218	0.07221204666985746	1.3284436447127252	1.328442739580734	1.000000681348141	0.0003085051936468162	1.9152878648607983	0.1445117672640822	26103.06284173896	3	8	8701.02094724632	129.89633365748892	True	1.7106711130164154	2.0202996423364596	1.5225907744404903	1.1461463047382405	0.9754822541449689	46	89.20776665093763	0.012048443362830641	0.00036767973876419775	87.0102094724632	draw1532	0.08	0.7531551430866007
cycle	0.051170306010154536	0.01157299317083574	0.06565365324368577	1.8404406760102014	1.8404364285228099	1.0000023078696585	0.0012392604770813192	1.8824960257859011	0.17562839262857208	28710.597187296065	3	8	9570.199062432022	332.2675451791932	True	1.4540943783612557	2.0482608799577102	2.5928940997890795	1.4088441608506956	0.9306141471426578	45	102.90536626271023	0.0034640457075022675	0.0004384764728820293	95.70199062432022	draw1532	0.22000000000000003	0.7881341960208542
cycle	0.053441351793509666	0.015603560189853134	0.05918446105242247	1.9668383411209593	1.9667952270741567	1.0000219209637125	0.0002176434361229438	1.8366293926149044	0.21410727788364559	31848.825834272306	3	8	10616.275278090769	496.95507088121735	True	1.2555679679875527	2.066946960743097	3.2321363282909923	1.6433157015074775	0.8930556802684388	44	114.15349761387915	0.005934155552601279	0.0004157139005081707	106.16275278090768	draw1532	0.36000000000000004	0.8231132489551077
cycle	0.0557123975768648	0.017183559432536463	0.05321436896614344	1.9230706694399162	1.923504510024829	0.9997744530451311	0.0003201886101777791	1.7766136978397151	0.2621890751662035	34917.09633010732	3	8	11639.032110035774	600.0	True	1.118886022016109	2.084250766559832	3.49093628989693	1.8152927738810796	0.8661252445122134	44	128.06136855253135	0.01148807336194774	0.00036197286830687455	118.07309621912711	draw1532	0.5	0.8580923018893614
cycle	0.05798344336021993	0.01637663998433763	0.04784693702445557	1.7970821490900135	1.7962975765233324	1.00043677204542	0.0005649057468751599	1.7009394720392808	0.323488891564954	36637.55206036348	3	8	12212.517353454492	600.0000000000001	True	1.0208130968434037	2.099549222444531	3.4710619579244755	1.9314987685354916	0.8445224166820081	39	149.64074776675807	0.009310474305570669	0.00024653502597000017	131.31844372750797	draw1532	0.64	0.8930713548236149
cycle	0.06025448914357506	0.013062463390999998	0.04271003880743569	1.5992465762209733	1.5997998049513753	0.9996541887749394	0.0016900283184442689	1.6063342880702034	0.4050080537618939	44133.783175718185	3	8	14711.261058572729	576.4959270391504	True	0.9477249285976516	2.102838511859217	3.2184266591431006	2.012464311005909	0.8190401636263553	34	202.330422160916	0.007757616908244524	0.00015312091949237278	147.11261058572728	draw1532	0.78	0.9280504077578684
cycle	0.06252553492693019	0.006498789183735285	0.036339560305780616	1.2723273261402612	1.2720274023203415	1.0002357840871765	0.0024488239494785406	1.4827816904839892	0.5249273254025474	51870.621886804496	3	8	17290.2072956015	337.0962364715878	True	0.9666183795473843	1.9486068135367478	2.2149907106589537	1.7408969100572265	0.8360111386324807	25	315.6251894420875	0.0055791610445388665	6.669723748222067e-05	172.902072956015	draw1532	0.92	0.9630294606921219
fixed_other	0.10206925915851305	2.3659933581001873	0.0	6.70884206496514e-09	3.0238285298061863e-07	0.022186582337045235	7.0659264171799705e-09	1.0540858104665272	0.027184501971609144	59.17176374172718	7	8	8.453109105961026	140.0	True	0.20536018877173934	0.205360189256645	8.996865019585138e-14	1.3410458813106501e-05	0.19482302760340064	0					draw1552	0.08	0.305361843603849
fixed_other	0.12025686081968842	2.0501402336333294	0.0	1.7677378501292518e-09	1.1303112096717075e-07	0.015639390594407016	1.927926631501374e-09	0.9527377441610257	0.04925764643320582	68.28801157269478	7	8	9.755430224670684	140.0	True	0.24717666457818957	0.2471766647204615	2.2329339394398018e-14	1.2631589798660115e-05	0.2594383041356873	0					draw1552	0.22000000000000003	0.3597739126222389
fixed_other	0.13844446248086378	1.1030598633209217	0.0	2.247916756973343e-09	2.3107201648319156e-06	0.0009728208509128838	5.755298636902001e-09	0.8856501850650109	0.07139293507200695	90.65691112985972	5	8	18.131382225971944	100.0	True	0.2922476200181104	0.2922476202132802	3.316959265235246e-14	1.475570327480138e-05	0.32998087169378704	0					draw1552	0.36000000000000004	0.4141859816406288
fixed_other	0.15663206414203915	0.6911554690001088	0.6863460386295565	2.686252708951353e-10			0.21966869602349703	0.8352311720021431	0.09537774149001792	289.370494730135	1	8	289.370494730135	200.0	True	0.34252318513762686	0.34252318516218505	5.151597337075186e-15	1.9177634776909143e-05	0.41009387177159456	4	19.39267131474773	0.5160185076641481	5.349953393975858e-11	9.154544433191997	draw1552	0.5	0.46859805065901866
cycle	0.1748196658032145	0.46836453453289784	0.8746022881096875	6.294623044709694	6.294707873397169	0.9999865238087008	0.0015052752509712249	0.79403949614639	0.1222194248359201	1281.0534439768862	3	8	427.01781465896204	600.0	True	0.4515498060355184	1.2041614025413356	5.744416343621808	0.9125910007350945	0.98572767289237	9	19.007044513452172	0.0024360770851880316	0.00021689734412532266	7.18404855852788	draw1552	0.64	0.5230101196774085
cycle	0.1930072674643899	0.2698809037624821	0.9474617628437768	3.6467032135260444	3.6467082578101206	0.9999986167568888	0.0001424092496683128	0.7582430624519442	0.1528857851637418	1989.4793289559684	3	8	663.1597763186561	536.9224793154132	True	0.44610707817521433	1.2144849435497749	4.852928502589259	1.3307714443525824	1.0356429212020453	25	12.10569234090076	0.0065979273359575725	0.0004446119231345943	6.631597763186561	draw1552	0.78	0.5774221886957985
cycle	0.21119486912556523	0.09275057642097417	0.9529920959145701	2.8660290541768862	2.868825120917312	0.9990253617343076	0.00022376432190595385	0.72552685623883	0.1885338564080049	1977.9341300254086	3	8	659.3113766751362	183.45453068257473	True	0.44127666529502485	1.224110271980751	4.140860701406121	1.4448076495844744	1.0463218873665245	28	10.88135805465339	0.0071787490475796615	0.0003463618210914247	6.593113766751362	draw1552	0.92	0.6318342577141883
fixed_other	0.014586478289024249	0.0018866386628908377	0.005662055906999447	1.137933161429633e-15			0.04994059293515039	1.2328129840032755	0.09072771430997695	106008.64062307842	1	8	106008.64062307842	200.0	True	0.8545482380325506	0.8545482380325509	1.045630773507202e-18	0.0009188859319237453	0.6931694012968641	6	6362.108964625862	1.1219911374724115e-15	2.8928098595632297e-16	1109.7003297710814	draw1571	0.08	0.8396396855078734
fixed_other	0.014873191916437482	0.0024352280376611973	0.005799539134779997	3.33618558636954e-15			0.04157092977650151	1.217268982195761	0.15689195871960274	82127.83234545903	1	8	82127.83234545903	200.0	True	0.8980724506337632	0.8980724506337633	3.4552509297917246e-18	0.0010356890647536645	0.7377765011425677	19	1334.9110033645557	0.007592760534802089	9.136520508390983e-16	1083.3938975425046	draw1571	0.22000000000000003	0.8561437473644775
cycle	0.015159905543850717	0.0024343002663065327	0.005749551373970261	6.425446401408705	6.425444048320354	1.0000003662141221	0.00047752622075936476	1.1965146967195968	0.22515774047796355	246477.399811633	3	8	82159.13327054433	599.9999999999999	True	0.9181221232927872	1.3655837302059548	2.954556303680225	0.45982117336353046	0.8805989455751378	12	2896.833656200739	0.0034028955769323035	0.00036358650809493104	1092.8131428871523	draw1571	0.36000000000000004	0.8726478092210816
cycle	0.015446619171263951	0.002211685782789752	0.005666708062987897	2.919566553996277	2.922055802348675	0.9991481174485453	0.0008240197786168503	1.1737081399814897	0.2996504569121811	271286.27613782394	3	8	90428.75871260799	600.0	True	0.9191046471564129	1.3920460596565072	2.771106693221061	0.9491500337363415	0.938120006658426	29	1424.6091019990708	0.006096535130620417	0.00041784369033388624	1108.7893071849262	draw1571	0.5	0.8891518710776858
cycle	0.015733332798677186	0.0018231493047648917	0.0055617175507503246	2.2908882417535823	2.289370825602285	1.0006628092462468	0.0001688932011182798	1.1495237323361003	0.3837491858771339	329100.85774756357	3	8	109700.28591585452	600.0000000000001	True	0.9216764157188436	1.414545606360959	2.557245070775943	1.1162679279450467	0.9626074556304188	42	1234.4368257598107	0.01074691026329963	0.0004994627859170167	1129.7203156841233	draw1571	0.64	0.9056559329342899
cycle	0.01602004642609042	0.00127040399589964	0.005414317780880435	1.901688175634641	1.9026316798104874	0.999504105715332	0.0005794334367881811	1.12396104872162	0.48188150602470503	348142.77041702543	3	8	116047.59013900848	442.2819666813601	True	0.9259633025007399	1.425042970340795	2.243449814883924	1.17971486788849	0.9800808290212637	44	1247.8235498818103	0.009414884652602441	0.0004853282901943213	1160.4759013900848	draw1571	0.78	0.922159994790894
cycle	0.016306760053503653	0.0005310004657036262	0.005174197666165124	1.0702559177659325	1.070556487840746	0.9997192394065821	4.492131334458613e-09	1.096610843147194	0.6008329735763277	364299.10756596935	3	8	121433.0358553231	193.44299577294512	True	0.9641155024354033	1.2751612745989238	1.1870514185256869	1.1091285727282452	0.9908448279608107	45	1275.3657179103757	0.01159341246129964	0.0003371290136528628	1214.330358553231	draw1571	0.92	0.9386640566474982
cycle	0.11907719704651511	0.15239858577477483	0.9080759870188191	2.126742819749479	2.1267440678151535	0.9999994131566213	0.00033125325230090147	0.7491190956698465	0.04122374807966339	2075.7685690402604	3	8	691.9228563467534	316.34419431746375	True	0.5944606901851741	0.7845273444238979	2.7739683332728977	1.3043271182171705	0.9374499482065255	39	8.478174533881202	0.006249680487508631	0.0005592790017495882	6.9192285634675335	draw1691	0.08	0.5216383208913605
cycle	0.13385224375838584	0.3273762693933666	0.792104427986099	2.817357263574755	2.81735873810727	0.9999994766259279	0.0029937221867534776	0.7265944442608626	0.05621026613626823	1832.753489163431	3	8	610.9178297211437	600.0	True	0.3763401756768881	0.7945781016955289	5.4215553302319455	1.9243407289258372	0.8321700022444751	29	9.929897207270415	0.0069196447706095865	0.00038528086525092326	7.932268884235871	draw1691	0.22000000000000003	0.5863629764008531
cycle	0.14862729047025652	0.40578231174382495	0.6857109577786694	2.6377133637169154	2.6353998355182515	1.0008778661087716	0.004881996015356507	0.6938086635961571	0.07532961273638378	1478.6253186383021	3	8	492.8751062127674	600.0	True	0.2943111410665225	0.8038381744545428	5.698226572259868	2.1602902918269526	0.7949359459765829	22	10.106466293935227	0.0052092439778678775	0.0001961020548772378	9.163023043315057	draw1691	0.36000000000000004	0.6510876319103456
cycle	0.16340233718212727	0.4097779518908522	0.614899779317942	2.367507174996671	2.367254137495818	1.000106890720707	0.004283616152596205	0.6521178708519116	0.09970185532008391	1464.207620813662	3	8	488.0692069378874	600.0	True	0.24997982540638053	0.8125034605401261	5.255854696054674	2.219995255584416	0.7786557167983927	22	10.374064163470962	2.334675575037371e-15	5.766443907553796e-06	10.21822664198873	draw1691	0.5	0.7158122874198383
cycle	0.17817738389399795	0.3578255620569932	0.5779676080917264	2.108006685585589	2.1067895534152585	1.0005777189128156	0.007291083756451166	0.6024434936091017	0.1311532154437919	1676.7946832832308	3	8	558.9315610944103	599.9999999999999	True	0.22067516066794024	0.8206787248011639	4.608256356143869	2.186072932147143	0.7695794651671686	23	11.32119441076452	0.003553120966480754	0.00014564987188168027	10.871172050497357	draw1691	0.64	0.7805369429293307
cycle	0.1929524306058687	0.2608507886595154	0.5548325400357532	1.8629336450884673	1.8629333722570276	1.000000146452602	0.0012521432650933906	0.5444898335214103	0.1731569361762269	2300.1655585683166	3	8	766.7218528561054	600.0000000000001	True	0.19902460067031308	0.8282011559935721	3.9037129787147125	2.0954653908402263	0.7598095908371306	26	13.804444462525453	0.006700167504187293	0.00016008174104505089	11.324471536537313	draw1691	0.78	0.8452615984388234
cycle	0.2077274773177394	0.11680579551375708	0.5139847860163553	1.7658938110841418	1.7663306115441517	0.9997527074166325	0.00419095384121386	0.47507415216038235	0.23384061044289806	3667.3373287237637	3	8	1222.4457762412546	428.3662540988761	True	0.18632863136285277	0.8205150945565364	3.056298270745933	1.9041229507835176	0.7559463618664147	27	20.786774889823846	0.006175000648310392	0.00016856516274958393	12.224457762412547	draw1691	0.92	0.909986253948316
cycle	0.022732614138474775	0.014978054809148943	0.034415292381137996	4.381106277045447	4.377041264921364	1.000928712314563	0.00022951147366168884	0.5973009192193725	0.019826293129965467	40058.606250626486	3	8	13352.868750208829	600.0	True	0.49823584965712947	0.6337932601779156	4.41823296855838	1.008474273200688	0.9981846129040898	34	183.64785727969138	0.008979058319756279	0.0019947693916989016	182.5695751061878	draw1762	0.08	0.7003828813976801
cycle	0.023069834459451433	0.017866541669042266	0.050842845741280146	4.277370109165189	4.278883176499648	0.9996463873230358	8.042922927013406e-05	0.5743005578842865	0.03341323316702446	33582.32449873792	3	8	11194.108166245975	600.0	True	0.4499915971647311	0.63859986873632	4.035551502103335	0.9434655872907266	1.0106762534183837	37	145.55979611022485	0.008367395205647077	0.0018069422805514883	123.58051984643662	draw1762	0.22000000000000003	0.7107725065693732
cycle	0.02340705478042809	0.016049333126549464	0.06131762479431335	3.963569918538249	3.969542912551442	0.9984952942581105	0.00022932167181877378	0.5577070900657969	0.04447261874039398	30740.844879051616	3	8	10246.948293017205	493.37006005548153	True	0.42266524661002114	0.6425950965827567	3.726794868046195	0.9402621739092782	1.0194492248441784	39	125.55650571589013	0.009614803401237576	0.001583678613799222	102.46948293017205	draw1762	0.36000000000000004	0.7211621317410661
cycle	0.023744275101404748	0.013003944375953667	0.06871286821266662	3.6524000888074757	3.651219893075958	1.000323233266163	0.0004886396878530694	0.5438248693075817	0.05458230865030935	27432.352064244074	3	8	9144.117354748025	356.7287803450077	True	0.4033566801041823	0.6455488812024838	3.470013914906393	0.95006402106385	1.025758396266322	38	114.33004944671211	0.008197818197916349	0.0013085139585301338	91.44117354748023	draw1762	0.5	0.7315517569127592
cycle	0.02408149542238141	0.009511986384547616	0.07418617746685174	3.328943151902833	3.3249712097682753	1.001194579406549	0.00042290115863468037	0.5314882230255569	0.06423641271663652	25408.447456348884	3	8	8469.482485449627	241.6848062572841	True	0.38967215872443794	0.6465159664204394	3.2196289220174625	0.9671624822361756	1.0290881837633605	38	105.89500481932555	0.0054503534475785756	0.0011068840814723471	84.69482485449628	draw1762	0.64	0.7419413820844523
cycle	0.024418715743358067	0.0058484240925782026	0.07831989159818155	2.939790415302884	2.9397882287783945	1.0000007437693872	0.0001843638020738636	0.5201544602904978	0.07366734832496608	24067.3927617852	3	8	8022.4642539284	140.7563196735668	True	0.38294592155921153	0.6426145904945912	2.910282277210621	0.9899625027897703	1.0277201640289841	39	98.29976205113599	0.006917195788187144	0.0009457651188715415	80.22464253928399	draw1762	0.78	0.7523310072561453
cycle	0.024755936064334724	0.0021284612443718295	0.08145014671108194	2.2882445413198975	2.286578303716339	1.000728703495896	0.0002496243003344687	0.5095180956981927	0.08300969977025435	23142.445634139203	3	8	7714.148544713068	49.257798632247344	True	0.394002056537807	0.6215375441993238	2.3161018823287467	1.0121741101118418	1.0175886311727014	42	88.73489198719653	0.01069518716577542	0.0008159540653720792	77.14148544713068	draw1762	0.92	0.7627206324278384
cycle	1.3765928969437784	0.1341593837923038	2.346400811514964	1.2507877982687994	1.2503522618304084	1.0003483309877437	0.0004072031186116881	0.9963992551712625	0.13413911378275845	803.3391323866982	3	8	267.7797107955661	107.7754829772434	True	0.8020818874255614	1.094816934674431	1.428637739664479	1.1421903392740476	0.9548122209870219	45	2.8123900608686654	3.696450934887812e-15	0.00027806688964332455	2.677797107955661	draw1812	0.08	0.7832185914659848
cycle	1.4329964749995692	0.32486785949675856	2.184717714859105	1.782953666893942	1.7838207890121776	0.9995138961696283	0.0007070591653308264	0.9727848327339351	0.15527255258777173	862.7913708638735	3	8	287.59712362129113	280.2931858448205	True	0.5768861582391733	1.1212636186825515	2.5557325527227603	1.4334262298442477	0.8717954106047959	43	3.236276709916993	0.011006688803037104	0.0004206529243547523	2.8759712362129113	draw1812	0.22000000000000003	0.8153096556118014
cycle	1.4894000530553602	0.4633748330865403	2.006545429564581	1.909301030992705	1.9085491872229874	1.0003939347095432	0.002511723959475946	0.9405322328254286	0.18080952331692213	939.4033966940435	3	8	313.1344655646812	435.2958921440314	True	0.4206551258883147	1.1368050556680778	3.3042000089675603	1.7305809588599046	0.8013072522744353	42	3.601946840703988	0.009688481133112563	0.0003937919864705647	3.131344655646812	draw1812	0.36000000000000004	0.847400719757618
cycle	1.545803631111151	0.545469000575906	1.8187478447248837	1.8368676491696727	1.8368655202046213	1.0000011590206404	0.00037534091105181016	0.8981848875404538	0.21240318317681678	1036.402928322924	3	8	345.467642774308	565.3256695062477	True	0.32982051469828183	1.149187941336434	3.633184092567174	1.9779237193324724	0.7454324767851521	40	4.146648375385496	0.010425379841406514	0.0003088842674586573	3.4546764277430793	draw1812	0.5	0.8794917839034345
cycle	1.602207209166942	0.5633160589377497	1.6250086910749784	1.6452370706166335	1.6452387660460306	0.999998969493406	0.0006196268452607395	0.8433704832315481	0.25291682326774123	1065.121418926749	3	8	355.04047297558293	600.0000000000001	True	0.2763365688280568	1.1557183420289854	3.621121834202723	2.2009726737105	0.6819985777380444	31	5.326938829341088	0.00299009706115309	0.00014840865402400208	3.866554893945289	draw1812	0.64	0.9115828480492512
not_converged	1.6586107872227327	0.499381140688141	1.420123705087214	0.06562146940738274	0.0755416947154996	0.8686788091599243	0.0656550161190366	0.7714189763953508	0.3082377372932304	3203.965607902653	8	8	400.49570098783164	1600.0	False	3.2273736334903506e-05	3.446181019688527e-05	1076.7748235279842	16425.769470243038	4.3224075114823885e-05	0				4.424392948777457	draw1812	0.78	0.9436739121950677
not_converged	1.7150143652785235	0.2984589143700641	1.1583693796365628	0.06550359462266342	0.07538718814495485	0.868895580728025	0.06553738555258529	0.6690635630532699	0.3955887700516102	4339.33107530928	8	8	542.4163844136599	1295.1120418290907	False	2.3784785888093156e-05	2.5394340984873822e-05	1175.1274164520253	17956.701200824496	3.6725975090554793e-05	0				5.424163844136599	draw1812	0.92	0.9757649763408841
cycle	0.13062453163132037	0.013531916489968352	0.30338810714173325	1.259897257252599	1.2598976687821883	0.9999996733626869	0.00038991732216109613	0.6280932757997937	0.07054269375362382	6213.017411632701	3	8	2071.005803877567	84.07403276493304	True	0.5235248063246981	0.6725489101500928	1.4899944141054902	1.1826316832807888	0.9599502484114923	44	22.268879611586726	0.010606024521015826	0.00037607536730878475	20.710058038775667	draw2052	0.08	0.9181539133643181
cycle	0.13239109295271986	0.035063816332902155	0.2885130647343419	1.7010689014730724	1.7010696033211812	0.9999995874077655	0.0004906225200535645	0.6186968435789428	0.07787664924908116	6533.345704429406	3	8	2177.7819014764686	229.08403381946795	True	0.41708671000056097	0.6798244918220168	2.6124734397476237	1.5357834344542443	0.8954759914264776	40	25.59533617639272	0.010129012958240648	0.0003837130437966759	21.777819014764688	draw2052	0.22000000000000003	0.9305709928377122
cycle	0.13415765427411935	0.05369149753221066	0.2704522429466426	1.710107108886649	1.7101083169268942	0.9999992935884626	0.0005078832004799058	0.6069464556598633	0.08644663820597015	6969.643037960524	3	8	2323.2143459868416	374.21057197304674	True	0.35919582228034025	0.6814774042859463	3.141650991396414	1.8371077314810764	0.844772755496848	37	29.628390008834458	0.00541048089780668	0.0002847058572207549	23.232143459868414	draw2052	0.36000000000000004	0.9429880723111062
cycle	0.13592421559551884	0.06853537668969786	0.24900083786753133	1.5515857636768626	1.5521655137898238	0.9996264895026912	0.0028404449628575915	0.5922102513073427	0.09673855922220924	7570.077306955385	3	8	2523.3591023184617	518.8180998023208	True	0.32563707789783936	0.6809343815061346	3.2977413723646944	2.1254006382153756	0.7897403222130999	31	37.859851497651334	0.006688963210701897	0.00015698242633627003	25.233591023184616	draw2052	0.5	0.9554051517845003
not_converged	0.13769077691691833	0.07804838755091408	0.22364821208004607	0.06702063324724468	0.07737929713561105	0.8661313261838978	0.06705080939538362	0.5733869434356946	0.10963222419291523	20500.103207849825	8	8	2562.512900981228	1600.0	False	1.2482745384873827e-05	1.3347685149162554e-05	1605.7004267997534	24259.81736908478	2.2507618078535615e-05	0				28.094055609667773	draw2052	0.64	0.9678222312578943
not_converged	0.13945733823831782	0.07894360849807563	0.19290546729896935	0.06681484004458707	0.07710557617278226	0.8665370698335078	0.0668450197652107	0.5481685183787663	0.12704809581244952	20267.63192664296	8	8	2533.4539908303695	1600.0000000000002	False	1.2587994224858278e-05	1.3457460101948257e-05	1387.4970463383552	21023.633851798357	2.3739169383856836e-05	0				32.571317936996365	draw2052	0.78	0.9802393107312884
not_converged	0.14122389955971731	0.06066286419014616	0.14952139269791556	0.06635739910554382	0.07650457741102466	0.867365082601991	0.06638877021558	0.5092809416528931	0.15531798404095803	26375.27952826035	8	8	3296.909941032544	1600.0	False	9.603765577342526e-06	1.0262417179617827e-05	1496.3953774963684	22763.967468513292	1.9489871374891275e-05	0				42.02198223149094	draw2052	0.92	0.9926563902046824
cycle	0.21572734620736023	0.006118044108698387	0.21038246487877257	0.9888962488434191	0.9888957212358362	1.0000005335320716	0.0004936883711326606	1.9070290477227612	0.3631884084477688	8959.661125940476	3	8	2986.5537086468253	54.81560196749408	True	1.6572213652003223	2.082886788549642	1.0652198713698446	1.077180616890489	0.979696586515198	47	30.619830471247496	0.011715990534869743	0.00030903745498294744	29.86553708646825	draw2164	0.08	0.8142567936492753
cycle	0.2229588104948768	0.014679660141667168	0.19988182989285308	1.4210334169303047	1.4210424101009418	0.9999936714269939	0.00047419386242039365	1.8697641626335644	0.4084754060638738	9430.3498880529	3	8	3143.4499626843003	138.4343313736256	True	1.4107306942848552	2.143193806839523	1.7252901233665063	1.2141094662597396	0.9439664451889717	46	33.014478227742075	0.008661447918375175	0.0003330376585839071	31.434499626843	draw2164	0.22000000000000003	0.8415517519735788
cycle	0.2301902747823934	0.020864785516935738	0.18831178797617423	1.5742957223632874	1.5742951292188856	1.000000376768238	5.512423395302084e-05	1.8238586866918725	0.461048924478801	10009.758881331243	3	8	3336.5862937770808	208.85147213521898	True	1.2076210081913314	2.171368600991464	2.1426596638292463	1.361027431753894	0.9062802322777975	44	35.877271976097745	0.011431561297677932	0.0003244123061440305	33.36586293777081	draw2164	0.36000000000000004	0.8688467102978823
cycle	0.23742173906990996	0.024519607223123654	0.17545304710220078	1.5753539704768091	1.5753531567205714	1.0000005165548018	0.0001913081835537397	1.767648909130179	0.5233162748117176	10743.361960854952	3	8	3581.120653618317	263.423015536011	True	1.0401997825958245	2.1820621908911373	2.3908351495336015	1.5176494897905215	0.8650079714321814	41	41.19318581306425	0.01074501579098377	0.00023478044919116305	35.81120653618317	draw2164	0.5	0.8961416686221858
cycle	0.24465320335742655	0.02529894940747763	0.16070765733833559	1.4513515313073355	1.4513525434745072	0.9999993026041976	0.00016674599069623733	1.698195706578591	0.5994306869424237	11729.096319197195	3	8	3909.6987730657315	296.7338143748019	True	0.9141872942781244	2.164565371131505	2.443744821499105	1.6837718283852638	0.8140259472786027	35	52.79413196937958	0.004352557127312177	0.00012382395338768085	39.09698773065731	draw2164	0.64	0.9234366269464893
not_converged	0.2518846676449431	0.022388125163827433	0.1425341286620067	0.06604498532890198	0.07610501118776272	0.8678138837133718	0.06607903201852124	1.6094202797750925	0.697855708515838	35265.57669330689	8	8	4408.197086663361	789.5301449843101	False	9.186463717321081e-05	9.813432382247488e-05	795.0857913302009	12055.135274709728	5.898431204263459e-05	0				44.08197086663361	draw2164	0.78	0.9507315852707927
not_converged	0.2591161319324597	0.013288114401359404	0.11564263626188438	0.0663984321369037	0.07657579449137976	0.8670942636367719	0.06643286314110618	1.4839468793856971	0.8426883198765153	43466.21979769249	8	8	5433.27747471156	577.5841012663708	False	7.491257840613866e-05	8.005355946183535e-05	834.9094462448113	12589.934212927827	5.217588498891686e-05	0				54.3327747471156	draw2164	0.92	0.9780265435950962
cycle	0.07563187955334831	0.001381424001825094	0.04809486331272464	1.255341305004242	1.2552931840439778	1.0000383344392176	0.00015257032042024287	1.7498661991905682	0.2673694161398754	39192.45138295603	3	8	13064.150460985344	54.14139303077856	True	1.4973571867786584	1.953365269682993	1.2967493940701782	1.0329855226629356	0.9879880950807152	47	130.67417315314196	0.011624721645739793	0.000530414554452483	130.64150460985343	draw2360	0.08	0.6288208742168566
cycle	0.07869916831605415	0.0030185479591922993	0.04889452244246091	1.773152381228965	1.7740833329829955	0.9994752491403742	0.0010304642642701087	1.7073716912422428	0.3246264767844189	38551.4674853833	3	8	12850.489161794434	116.36945350187203	True	1.2852764184055987	2.0360217274653754	1.9136998432569106	1.079264175778583	0.974987129128427	47	131.75045152127313	0.012285725723741594	0.0006753835706882161	128.50489161794434	draw2360	0.22000000000000003	0.6543230197754597
cycle	0.08176645707876	0.003867909138192474	0.049540984883531744	1.9516152667583833	1.9521304269091002	0.9997361036211435	0.0015740109632954582	1.6588733493178052	0.3866772716133784	38048.40772918236	3	8	12682.802576394122	147.16778394937762	True	1.1425718488648344	2.08165923124571	2.1705637075249435	1.112188321384794	0.9708105999316922	48	130.03123421659257	0.012310802519220268	0.0007367637591877449	126.82802576394121	draw2360	0.36000000000000004	0.6798251653340629
cycle	0.08483374584146584	0.0040505131927221945	0.050081052158294	1.9671554902864725	1.9671570185244727	0.9999992231235302	0.0008316030631651043	1.6058447089248722	0.4540862462013019	37638.09886014357	3	8	12546.03295338119	152.45361598199372	True	1.046326397613564	2.103274943941995	2.223717495890036	1.130422839918059	0.9734998460660677	47	125.49170245942696	0.012340628671401975	0.0008304842551684822	125.46032953381189	draw2360	0.5	0.705327310892666
cycle	0.08790103460417169	0.0036356217366561895	0.050518268241277885	1.8583094533969913	1.8577642883420487	1.0002934522201572	0.001784629856043265	1.5492874514865498	0.5275345837747053	37312.355664117975	3	8	12437.451888039324	135.653611298314	True	0.9928049565720884	2.0890750891953425	2.0988562140263864	1.1294438664075435	0.9807260769433838	48	127.51576079260121	0.012339642987889322	0.0007940453389200127	124.37451888039324	draw2360	0.64	0.7308294564512692
cycle	0.09096832336687753	0.0026594392989393364	0.05082723211787197	1.6037000174982174	1.604018498961798	0.9998014477614898	0.001960496751527867	1.4898757239211786	0.6078662863427211	37085.54476825592	3	8	12361.848256085306	98.62675517927389	True	0.991272148689819	2.008569734236969	1.7687030955320615	1.1028889918522604	0.9898225224837086	48	126.74062978231996	0.012259518830585283	0.0006341878350705273	123.61848256085305	draw2360	0.78	0.7563316020098723
cycle	0.09403561212958339	0.0011331482743892427	0.05095774041659413	1.0655510442092513	1.0655549615835584	0.9999963236299878	0.0014753885109206255	1.4280315897998006	0.6961539307236055	49320.752889062554	4	9	12330.188222265639	55.88772602781949	True	1.08543395414242	1.7931280085089714	1.1147244009712864	1.0461482882770077	0.9975346852479211	47	123.33271540150781	0.011956706144951023	0.00043829846148794654	123.30188222265639	draw2360	0.92	0.7818337475684756
cycle	0.7082345956418578	0.24701996165983559	3.16334840988957	1.407040929913832	1.4075082334360292	0.9996679923348964	0.00011663184526175164	0.7949863561101985	0.056476493448319544	595.873532697487	3	8	198.62451089916232	147.19265720104403	True	0.6921842355237601	0.8388168659456765	1.7063580130222418	1.212728056977518	0.9640094502171003	44	2.1357474290232403	0.005934155552602205	0.0003161886158039997	1.986245108991623	draw2563	0.08	0.7031142729415552
cycle	0.7478812650730585	0.5838597915010915	2.7685886542348697	1.9107765908453183	1.911742659831375	0.9994946657798901	0.001001482106206906	0.7798951202142708	0.06892642994381595	680.8362770939709	3	8	226.94542569799032	397.5129267904652	True	0.5400951475561823	0.8476805570453625	3.117674459339138	1.6316268863017072	0.8878960497226062	41	2.6105250267835913	0.008658008658009336	0.0003504423879968308	2.269454256979903	draw2563	0.22000000000000003	0.7424743089002749
cycle	0.7875279345042594	0.80199315836269	2.3697625118012753	2.0003969734158766	2.0014710721262556	0.9994633453736417	0.001078321192055997	0.7574666051839696	0.08500997849601027	748.1360579495848	3	8	249.37868598319494	600.0	True	0.44036588089095613	0.8541818069346034	3.843237001569742	1.9212371607456658	0.8343452604853441	40	2.9309322933758892	3.722110249889731e-15	0.00025140403905220347	2.6513987270410855	draw2563	0.36000000000000004	0.7818343448589948
cycle	0.8271746039354602	0.8949602947315463	2.006364337908373	1.9488027470636837	1.9477486848609273	1.0005411695107018	0.0007485964436821714	0.7261290802902954	0.10608269645795625	670.42080361786	3	8	223.47360120595332	600.0	True	0.3865970540417656	0.8604312046047801	3.932889595216586	2.0181055271716866	0.8096955286445913	33	3.1852951409700836	0.0075635406444048425	0.0002550751257516543	3.131627286462728	draw2563	0.5	0.8211943808177147
cycle	0.866821273366661	0.8552750768852663	1.7155830165778445	1.8500854596537442	1.8500846327265055	1.000000446967249	0.0030838911194507683	0.6843628329593477	0.13416057508971513	701.5286849993047	3	8	233.84289499976822	600.0000000000001	True	0.35318887917932157	0.8664156569028437	3.679166631214117	1.9886468552121357	0.8036713543664287	30	3.6254712403064673	0.008079666723727806	0.00018584962687059032	3.6624198575437967	draw2563	0.64	0.8605544167764345
cycle	0.9064679427978619	0.6717077576382109	1.5115153522918845	1.7337259757895573	1.7333160883402818	1.0002364758811348	0.0017637160133990946	0.6307307527308487	0.1726999368274145	893.2456014944025	3	8	297.7485338314675	600.0	True	0.32998726527965433	0.8710624131815319	3.2358357642569393	1.866405538962583	0.814503570971505	33	4.392889096288201	0.008470922020484507	0.00019703710552018	4.156878259722934	draw2563	0.78	0.8999144527351545
cycle	0.9461146122290627	0.3160807610952655	1.344829057484483	1.5647243843110072	1.5652855979318974	0.9996414624771149	0.0011190417910749296	0.5628666397777338	0.22937886727793877	1401.6321120244868	3	8	467.2107040081623	443.0289447442642	True	0.3211478504750336	0.8491925601469568	2.4896221748366933	1.591093102273692	0.8623578247775633	36	6.075257966597746	3.757143769364454e-15	0.00017938343723724855	4.672107040081623	draw2563	0.92	0.9392744886938743
cycle	0.007073521553698856	6.226059445407555e-05	0.020576369937015213	0.8158892091858633	0.8156394216595625	1.0003062474908244	0.000503276507338186	0.6717383829626237	0.13935024080032288	274823.3431733254	9	64	30535.92701925838	17.110664715827646	True	0.5942267768268563	0.7357754395044851	0.8280327207071366	1.0148837751309285	0.9955352815219238	47	305.4356290998585	0.011804365463473925	0.0003892058877507081	305.3592701925838	draw2863	0.08	0.7098130894673227
cycle	0.007249195829918004	0.00014774678157082003	0.021196664393411675	1.1289405822038139	1.1293133854721664	0.9996698850176148	0.00010811949154675593	0.6574909321696858	0.15289496323054574	148211.6523280078	5	28	29642.330465601557	21.89779462275649	True	0.5370186925446722	0.7495357727377953	1.1659811699576148	1.0328100418548987	0.9897864889181003	47	303.90986473859994	0.011058363682439308	0.0005397768865396558	296.42330465601555	draw2863	0.22000000000000003	0.7274416355594518
cycle	0.007424870106137152	0.00020344884685759073	0.0217489902467871	1.1980293684119447	1.1980433410489781	0.9999883371189049	0.00012870952831278156	0.6429456126878934	0.16684280455261555	144447.7475938861	5	21	28889.549518777218	29.387727679152455	True	0.5042786991845184	0.7466046233495676	1.2480960430675487	1.0417908575329589	0.9864065558415349	47	296.1919305501033	0.008793353721053547	0.0005672950486993032	288.89549518777216	draw2863	0.36000000000000004	0.745070181651581
cycle	0.0076005443823563	0.00022734450107048782	0.022234186330340404	1.1526007702291332	1.1525341188356901	1.0000578302996448	0.00028715608969917154	0.6280675636040004	0.18124226449801156	113036.47840003311	4	19	28259.11960000828	25.6982217846205	True	0.4862325873188604	0.7347230790749715	1.2025362826642303	1.043324205331886	0.9851981093745847	46	289.7284080020836	0.00887350730701728	0.0005342050042787551	282.5911960000828	draw2863	0.5	0.7626987277437102
cycle	0.007776218658575448	0.0002168601377036583	0.022651742358535024	1.0304594451374511	1.0307680690958367	0.9997005883596527	0.00016597956981072691	0.6128144244477466	0.19615088939391695	138690.99356085793	5	20	27738.198712171583	30.076547961864836	True	0.4800369801707453	0.7152468671319773	1.0702475315934337	1.0386119867635115	0.9860861403281758	47	284.3876337081856	0.010778553829629204	0.00048500191092939245	277.3819871217158	draw2863	0.64	0.7803272738358393
cycle	0.007951892934794596	0.0001687396077067983	0.022999690372000964	0.8369336022621929	0.8370219707106671	0.9998944251745279	0.0005135355976424178	0.597134705672272	0.21163776280873905	136592.82376315206	5	27	27318.564752630413	23.048619497358114	True	0.48592942994008664	0.6868882443588958	0.8602497640454061	1.0278590341219311	0.9893419562221744	48	280.08531004196993	0.012310802519222364	0.0004002263074984997	273.18564752630414	draw2863	0.78	0.7979558199279685
cycle	0.008127567211013743	7.88422058162464e-05	0.023274350415961494	0.5292799130947797	0.5292492396611473	1.0000579565001397	0.00019933155445774027	0.580965306056202	0.2277870452373253	215969.43226808493	8	57	26996.179033510612	17.02750642889824	True	0.5099037834050596	0.6428812986195245	0.5357102495688244	1.0121492169170856	0.9950458069777112	47	270.02929765952285	0.010256035654600294	0.00024150088384548263	269.9617903351061	draw2863	0.92	0.8155843660200975
cycle	0.207917579433526	0.061257223134389166	0.2735715246996103	1.9617569500071719	1.9617554454334023	1.0000007669527682	0.00010476184428160202	2.477771261892394	0.11858327114024089	6890.174678170959	3	8	2296.724892723653	422.07296769563646	True	2.1723117557877094	2.5747672619362127	2.566826256589086	1.3084323501847168	0.9664301704773961	46	24.121641784044414	0.010292219055781818	0.0005576890338023701	22.967248927236525	draw2913	0.08	0.4903397520061784
cycle	0.225950501498977	0.09681195340254564	0.23228400455508944	2.492040880715869	2.492038998832345	1.0000007551581356	0.0013426378463252213	2.3831903362710425	0.1978296555654177	6197.5817955577295	3	8	2065.860598519243	600.0000000000001	True	1.744335308786238	2.6113859971478384	3.741772968210675	1.5014894005815047	0.9307755734630818	39	25.31312061201379	0.010055584687435054	0.0005097443022527029	27.049582338716053	draw2913	0.22000000000000003	0.5328674620613397
cycle	0.24398342356442798	0.09418676441340586	0.2238392358872952	2.52799840972278	2.5279965075479276	1.0000007524436234	0.0009938973560764377	2.2636751742888572	0.29732397334475813	6370.321814713495	3	8	2123.4406049044983	600.0	True	1.522692224683088	2.6459826137466327	3.6450703595111444	1.4418800049446479	0.9327466711497623	40	24.95666627419655	0.010374973549621849	0.0005506260122335871	28.070080217496894	draw2913	0.36000000000000004	0.5753951721165012
cycle	0.26201634562987897	0.07900359589650469	0.22714619752934484	2.45711846115791	2.4571164747479113	1.000000808431354	0.0005195374852663486	2.1399519921051167	0.412138743496823	7594.591020717647	3	8	2531.5303402392155	600.0	True	1.3807286749097891	2.6790937073671377	3.3430169200236537	1.3605436501617698	0.9490019799828078	49	24.68859296557389	0.01179045864402984	0.0007380480491709469	27.661415315428584	draw2913	0.5	0.6179228821716625
cycle	0.2800492676953299	0.05920977157794248	0.23224641888510247	2.352969302137429	2.3543601955808526	0.9994092265720282	0.00067761424510574	2.0192873611967403	0.5412823089787742	8116.187974835496	3	8	2705.395991611832	480.55763607365327	True	1.2764392840053584	2.711012494532169	3.03869087913519	1.291428186663912	0.9708922641443447	52	25.031170715088138	0.009335068497225322	0.0007365850795512175	27.053959916118316	draw2913	0.64	0.6604505922268238
cycle	0.2980821897607809	0.03728815472231113	0.2355816083546161	2.241767788790045	2.2403404184914155	1.0006371220582588	0.000979872389015629	1.9030596865911864	0.6860712093053745	8001.285012523098	3	8	2667.095004174366	298.35315352427045	True	1.1936284182413035	2.7419807792708975	2.7620624731691943	1.2320912482465318	0.9953749929417798	50	25.343738474275142	0.009684903891055393	0.0006544722054494238	26.670950041743655	draw2913	0.78	0.7029783022819851
cycle	0.31611511182623186	0.013972242731486388	0.2356482915668909	2.1303831366783976	2.1301280464644656	1.0001197534647532	0.0006012984878082652	1.7904309324820007	0.8493887519547515	7999.0208272688205	3	8	2666.3402757562735	111.76426061281501	True	1.1245183112097101	2.7720590607224738	2.50826104352274	1.1773755623289028	1.0215459912665819	48	26.670070275131593	0.009789964006832106	0.0005543032670160138	26.663402757562736	draw2913	0.92	0.7455060123371465
cycle	0.35906254465092086	0.08743016457922079	0.6175324002159266	1.6735675469660252	1.6734815579823965	1.0000513832872664	0.0007492947722309947	1.0505996957134323	0.07353146241225661	3052.3995040499603	3	8	1017.4665013499867	266.87179100061996	True	0.858710977745483	1.1054901582048478	2.1464090395560786	1.282535051212757	0.9451233983388968	43	11.449360480307405	0.006509412885922845	0.0004095809922579851	10.174665013499867	draw2924	0.08	0.7581270663361515
cycle	0.37409081758536566	0.1893618542573362	0.5189650297215668	2.344743223925765	2.3430581006229474	1.0007191982573413	0.002685043741395311	1.0197507716392913	0.09702507835509172	3168.5367802990604	3	8	1056.1789267663535	600.0	True	0.5246713597072146	1.120416987583472	4.465762771041211	1.9045849991046175	0.8252940834970668	35	13.997870247216042	0.007599628018169249	0.00041032972637376986	12.107145852487628	draw2924	0.22000000000000003	0.789857862660135
cycle	0.38911909051981053	0.2375933685717417	0.4346333339461026	2.3191835134235106	2.3187815863344396	1.000173335466971	0.0016520214478880618	0.9716109327155257	0.12822370747084588	2525.3230071479416	3	8	841.7743357159806	600.0	True	0.3948002995505066	1.134583050600063	4.906263647940034	2.1155133345603825	0.7787808273615274	26	14.734734558669288	0.006440029925599993	0.00023244374899612655	14.456289512204654	draw2924	0.36000000000000004	0.8215886589841187
cycle	0.4041473634542553	0.24303539085731288	0.37843752613569825	2.1730632628322675	2.1740710196875033	0.9995364655312039	0.004497468258005356	0.9073235181062268	0.16875610575508318	2468.7762464696452	3	8	822.9254154898817	600.0	True	0.33436004032457184	1.1482116327481255	4.593500395966305	2.1138364789156454	0.7656063055343699	25	15.433709967927257	0.0057543216198296995	0.00016954201613686312	16.602965808751726	draw2924	0.5	0.8533194553081022
cycle	0.41917563638870015	0.2149388600806487	0.3501011097089941	2.0073108673269724	2.0073061142768043	1.000002367875101	0.0033943437706693115	0.8292140395761914	0.22079629708768736	2791.4914956507628	3	8	930.4971652169208	600.0	True	0.29852719239618736	1.161383243691165	4.066097978653471	2.0256443806673925	0.7683980255183267	25	17.2185021820585	0.006699977104303316	0.00015967230419468444	17.94677346896216	draw2924	0.64	0.8850502516320858
cycle	0.43420390932314495	0.1582794233558681	0.337339359661638	1.8386958001645137	1.8386998996939568	0.9999977704194993	0.0009238823262828021	0.7391063146867792	0.28847458213654703	3790.764379087912	3	8	1263.5881263626372	600.0	True	0.2741253286381042	1.1740607222212034	3.4883996869677776	1.89721414855881	0.7804015763890667	28	20.53844166380884	0.007387198192863587	0.00020132291607618445	18.62571065968056	draw2924	0.78	0.9167810479560694
cycle	0.44923218225758976	0.07070011717858572	0.3197840470720872	1.7492299292064837	1.7492275297372881	1.0000013717307525	0.0011302537302102158	0.6360972884260517	0.38167229501604666	5894.464121685722	3	8	1964.8213738952406	416.7393041081499	True	0.2604951741821097	1.1674927773455066	2.7913042980979945	1.6879702284297198	0.8151465516042591	31	29.47969053106135	0.007599628018170055	0.0002593767197461584	19.648213738952407	draw2924	0.92	0.948511844280053
cycle	0.34358752004406046	0.008314461450940488	0.48573282438018306	0.7303991134645879	0.7308162474923111	0.9994292217378109	7.426841849561232e-06	0.8502301214955638	0.06687934542941626	5174.190412350422	4	12	1293.5476030876055	43.020606723313456	True	0.8222755525394759	0.8711421576572266	0.759084501820055	1.0392735804667128	0.9966424058232253	48	12.93871070855323	0.0036095423007583434	0.0002473014553252566	12.935476030876055	draw3163	0.08	0.6390268992241436
cycle	0.3450870965694837	0.019276631435888696	0.4756123832321208	1.065528394737271	1.0652822544350458	1.0002310564183345	7.798155880171861e-05	0.8449564573607943	0.07314929037534046	3963.2180712879604	3	8	1321.0726904293201	76.39749406027167	True	0.7973869068914002	0.876790707873619	1.1575987183660401	1.0864081371116077	0.9925557955332908	49	13.214030411896147	0.0105679628087145	0.0004243914619645618	13.2107269042932	draw3163	0.22000000000000003	0.6418159112844992
cycle	0.34658667309490704	0.026287913289201083	0.46597836605626775	1.2053285768929112	1.2046810909031855	1.0005374750169276	0.00019866368825343663	0.8389803710104474	0.08012335508581302	4045.156877360835	3	8	1348.385625786945	106.33873323327705	True	0.7796876438300492	0.877984071181986	1.33703407073674	1.1092693696712463	0.9904964030826191	48	13.150047363263639	0.012454171268542005	0.00046453782045233677	13.483856257869448	draw3163	0.36000000000000004	0.6446049233448549
cycle	0.3480862496203303	0.02906061041603287	0.45736592328260167	1.24292389014466	1.2433592464955872	0.99964985473655	0.00011811520742872718	0.8322824292938078	0.08788316576159515	4121.329325598185	3	8	1373.7764418660618	119.76834592738034	True	0.7671223609039076	0.8765004015696044	1.3809185801549795	1.1110242478276438	0.9902856043054815	49	13.39766972562552	0.007071694648944501	0.000535226374250193	13.737764418660616	draw3163	0.5	0.6473939354052104
cycle	0.34958582614575356	0.027294788283313408	0.4503216437678741	1.198884987042892	1.1989019662106095	0.9999858377346972	0.00031202306208693475	0.8248603769322298	0.09650354159422858	4185.798347115441	3	8	1395.266115705147	114.25047968115918	True	0.7595177123193095	0.8720078292308779	1.3122006766476946	1.0945175649286436	0.9917623423046539	50	13.607246439735036	0.007035347595698789	0.0005235273755002639	13.952661157051471	draw3163	0.64	0.6501829474655659
cycle	0.3510854026711769	0.02071986255180844	0.4453537383841466	1.055541160136368	1.0555179674325585	1.0000219728176356	1.4381125128484942e-05	0.8167400972507414	0.10603932205481661	4232.490781357221	3	8	1410.830260452407	87.69662724151793	True	0.7580837267968935	0.8627294894350256	1.1238085549509493	1.0646752560608452	0.9945151054865204	50	13.75903479811052	0.006137586271928823	0.00048386302729774914	14.108302604524068	draw3163	0.78	0.6529719595259217
cycle	0.35258497919660015	0.009159485385413939	0.4428515862566593	0.72040210286955	0.720402532101376	0.9999994041777939	0.00028173614338776974	0.8079872443120031	0.11650794449985695	4256.404742923129	3	10	1418.8015809743763	38.98647703721097	True	0.7679969827649707	0.8428937670549831	0.7387387685546577	1.025453376124345	0.9980042890751712	49	14.191563700668894	0.012600907000105625	0.000329087061881884	14.188015809743764	draw3163	0.92	0.6557609715862772
cycle	0.15599041100599279	0.001225167922058526	0.09290266411207115	0.6997879813294936	0.6997802688880972	1.000011021233006	0.00021987768236507804	0.9519649823525218	0.1932709812818262	27052.766967371354	4	15	6763.191741842838	33.144182291347896	True	0.8712052685675099	1.0159332574557165	0.7258467146607438	1.0372380407016173	0.9905318400701333	47	69.34005036648068	0.01213149614665846	0.00026741994077083	67.63191741842839	draw3409	0.08	0.9443801649817303
cycle	0.1571718073971392	0.002836288125581123	0.09096222932448644	1.0201331566865603	1.0201342978338066	0.9999988813754731	4.9787969650799476e-05	0.940392441982401	0.20984971403807154	20722.398803900665	3	8	6907.466267966889	58.77469366105992	True	0.8030141018603906	1.037239532210907	1.1222637327417315	1.1001149461575153	0.9755378197960224	46	72.5465324467641	0.01187926818326769	0.0003460442808875966	69.07466267966889	draw3409	0.22000000000000003	0.9515324464045725
cycle	0.15835320378828566	0.003950111309928617	0.08850176171113638	1.145841477515079	1.1458414349478143	1.00000003714935	4.685916894524265e-06	0.9270130343373854	0.22807870881609976	21298.509269298393	3	8	7099.503089766131	84.13148234927506	True	0.7525021670121753	1.0431116476162525	1.3285533433527554	1.159456495006546	0.9617699385549021	45	76.33874290071071	0.010128952091046592	0.00031930001311295	70.99503089766131	draw3409	0.36000000000000004	0.9586847278274148
cycle	0.1595346001794321	0.004529920308630963	0.08541648107835945	1.1604713361484298	1.1604316614223158	1.0000341896273885	0.0011069586161148056	0.9115299203889139	0.2484271950033282	22067.82073385409	3	8	7355.940244618029	99.96546930951307	True	0.7161649562436518	1.038068088973748	1.3976942049031034	1.2044194124966578	0.9506207882826684	44	80.93557658494501	0.006587550631220371	0.0002860317833197176	73.55940244618029	draw3409	0.5	0.9658370092502572
cycle	0.16071599657057853	0.004502035440634812	0.08151199434538402	1.0880638832741432	1.088064465895062	0.9999994645345592	7.801988369739967e-05	0.8934446290168677	0.27162759011403326	23124.886187508917	3	8	7708.295395836306	104.10905717681159	True	0.6961661301009796	1.0208816060885393	1.327366014478554	1.219933898076201	0.9447875693691936	42	86.74000820520996	0.010848018193728801	0.00023914943663298164	77.08295395836306	draw3409	0.64	0.9729892906730994
cycle	0.16189739296172498	0.00372191219669834	0.07640672339678697	0.9279331898084574	0.927934211403143	0.9999988990656093	2.6905662455241898e-05	0.8718600463422622	0.2989463478727097	24670.022589047985	3	8	8223.340863015996	91.81965796700125	True	0.6976930653985288	0.9875857558003991	1.099668581975394	1.1850730139336711	0.9499520984521248	42	94.59206794166948	0.008210350516518986	0.00020244849658774877	82.23340863015996	draw3409	0.78	0.9801415720959417
cycle	0.1630787893528714	0.0018749754760166585	0.06922313623333201	0.6127834787094247	0.6128174147568421	0.9999446229062683	8.341348283117963e-06	0.844906623768891	0.332971372175305	27230.13857390415	3	8	9076.71285796805	51.05584203460551	True	0.7336211670009006	0.9269419969649717	0.6654391638330909	1.0859286957842982	0.9739588296895325	44	99.86880863980787	0.011488073361948022	0.00020315569037506726	90.76712857968049	draw3409	0.92	0.9872938535187838
cycle	0.3000205545541372	0.0026045252122134377	0.24504638962243705	1.1449072414226815	1.1447784964635255	1.0001124627686087	0.0008136794138509382	1.884422280415268	0.38758982786355334	12820.399673834416	5	18	2564.079934766883	33.39105418115467	True	1.5917709275000889	2.163202099477093	1.1016330770407663	0.9622029079594763	0.9886092158764576	46	26.92957170797945	0.010941526605041278	0.0005784280756719826	25.640799347668832	draw3572	0.08	0.39582163355250777
cycle	0.32168699319544475	0.005465790013884003	0.2665407515300281	1.7530441511239978	1.7530441129774625	1.0000000217601686	0.0010530779556986876	1.8690146618140575	0.4532133127426812	9429.230271336924	4	10	2357.307567834231	51.53819265568611	True	1.4010030414317067	2.324322643953074	1.6326986729401984	0.9313505720282986	0.9763700263807152	43	26.52634172356602	0.010103123514914226	0.0008256326329239351	23.57307567834231	draw3572	0.22000000000000003	0.4244064921766526
cycle	0.3433534318367523	0.0068405044040961635	0.2837550894883361	2.006495157619418	2.0064928559299613	1.0000011471206838	9.797005153179809e-05	1.8485989820292845	0.5189249284874763	8857.194869715788	4	8	2214.298717428947	60.58768051422879	True	1.2840177027755237	2.4216476971116863	1.8688487967262655	0.9313996047433967	0.9729237436234058	42	25.470802951170526	0.010982798248617408	0.0009134504088791081	22.142987174289466	draw3572	0.36000000000000004	0.45299135080079744
cycle	0.3650198704780599	0.0070312726051253716	0.29794175698854714	2.0406205996476907	2.0418155057788203	0.9994147825169573	0.0017128347456217218	1.8247205137129323	0.5857331395051322	8435.454460209969	4	9	2108.863615052492	59.31197985785698	True	1.2124737170237307	2.4748950805538	1.9401734183876336	0.9507761603125053	0.9767144986953978	43	23.73064833142348	0.007177556996692223	0.0008564626365340347	21.08863615052492	draw3572	0.5	0.4815762094249422
cycle	0.38668630911936747	0.006214055407382971	0.30977283588004506	1.9205637653919272	1.9204868849107224	1.0000400317658031	0.0017554861686656187	1.7981938358724903	0.6543039216373612	8113.281191140539	4	10	2028.3202977851347	50.416378857425414	True	1.1808354571315605	2.4796353106648077	1.8758109223711104	0.9766980696880512	0.9844630310280653	44	22.317102551274274	0.004781090358045124	0.0007907899528059042	20.283202977851346	draw3572	0.64	0.5101610680490871
cycle	0.40835274776067504	0.004492332864359017	0.3196415035451578	1.6571193692300785	1.6571172069198163	1.000001304862597	0.0009610070834430316	1.7694785853149637	0.7251595242218399	7862.790329156264	4	14	1965.697582289066	35.32227140123294	True	1.1987585720858265	2.413897696379853	1.6552119852742	0.9988489761261045	0.9926932265997256	45	21.136533142893086	0.010912620624026028	0.0006463157905034348	19.65697582289066	draw3572	0.78	0.5387459266732318
cycle	0.43001918640198267	0.0019231721903212179	0.3277860629298371	1.1326364530089466	1.1326327670887395	1.0000032542941668	0.001031323340180803	1.738837034342139	0.798767439231923	11501.133241027104	6	33	1916.8555401711842	22.118659606322264	True	1.3202574030231253	2.204383279897136	1.1404551949160748	1.0069031346168995	0.9986264183945178	47	19.652682457369053	0.006857926664979923	0.0004764019197794851	19.168555401711842	draw3572	0.92	0.5673307852973768
cycle	0.12852429201231852	0.0017152517585535057	0.27337487838583946	0.5765407792569114	0.5765414633501575	0.999998813453516	5.935634384709992e-05	1.473827959699889	0.25496999540142656	13790.261952990884	6	31	2298.3769921651474	23.653771065781115	True	1.4020701713188237	1.543522835924275	0.5797852366135502	1.0056274551139652	0.9989306165934022	48	22.989517300976786	0.006990872627187096	0.00022840792004704617	22.983769921651472	draw4187	0.08	0.2678634239514689
cycle	0.13303433255764988	0.003622978304369008	0.2728882162040123	0.8472338581440503	0.8472514211745311	0.9999792705800877	0.0003555602226775732	1.461413745046731	0.2766757115349583	9209.90344629942	4	15	2302.475861574855	33.36728037127616	True	1.349597039804112	1.5706995468242317	0.8568420965625663	1.011340715820262	0.9980654986672902	49	23.030516244809633	0.010206067376763266	0.00030031552989588406	23.024758615748553	draw4187	0.22000000000000003	0.27726300813681976
cycle	0.13754437310298123	0.004609650541602506	0.27262372338001134	0.9759815285177185	0.9756654195353571	1.0003239932214794	0.0004508127532944956	1.448410952255713	0.2992518492103087	9218.838667860799	4	12	2304.7096669651996	42.495624658250655	True	1.3135794984371996	1.582962350872241	0.9891396381684481	1.0134819248789613	0.9981067126523868	48	23.052859884623103	0.011260737033544865	0.00035450916021650665	23.047096669651996	draw4187	0.36000000000000004	0.2866625923221706
cycle	0.1420544136483126	0.004786475872035602	0.2725639470043223	1.025680504497052	1.0258869611078778	0.9997987530608609	0.00011297642775046913	1.4349357342411007	0.3226839299017933	9220.860464102318	4	11	2305.2151160255794	44.13542613083275	True	1.2876558181819555	1.5858661717837645	1.0396526742918961	1.013622341200387	0.99873542170083	48	23.057915639165458	0.011518855980817462	0.0003732054334644678	23.052151160255793	draw4187	0.5	0.29606217650752154
cycle	0.14656445419364394	0.0042501862783519175	0.2726839276202214	1.009406229129392	1.0093356560992857	1.0000699202784324	0.0004942778180253265	1.4210906477819671	0.34695865143914295	9216.803296057034	4	13	2304.2008240142586	39.17313089917033	True	1.2711863323565784	1.5788831415003741	1.020687426768425	1.011176072936228	0.9998061968519009	48	23.047770182688282	0.011518855980817446	0.00036702496114334165	23.042008240142586	draw4187	0.64	0.3054617606928724
cycle	0.1510744947389753	0.0030845730509467158	0.27295464566232125	0.9114103306615866	0.9114554240491276	0.9999505259540388	0.0005383303554313409	1.4069654495075892	0.37206423574586484	9207.66201569277	4	17	2301.9155039231923	28.401706115831633	True	1.2670435326056	1.5572898560321737	0.9182729339606565	1.007529652746078	1.0007884915110963	49	23.02491126704865	0.010206067376764298	0.00034431557056928484	23.019155039231922	draw4187	0.78	0.31486134487822326
cycle	0.15558453528430666	0.0013619848066046374	0.273345419466873	0.655375821767399	0.6553505649491358	1.0000385394010687	0.00014929406250249603	1.3926380688696192	0.39799065530392685	13791.748153894458	6	39	2298.624692315743	18.784151442121807	True	1.2878741318023532	1.505061487858716	0.6573830706459005	1.0030627447822051	1.0009634218923291	48	22.99199492188791	0.007728734264634073	0.00025336419520725293	22.986246923157427	draw4187	0.92	0.3242609290635741
cycle	0.23095135259191932	0.2624792438783378	2.8696150102005147	1.7898224723982026	1.788896418777843	1.0005176675466723	0.0001340731889163445	0.2148235160411865	0.01681344432735196	656.8670659490886	3	8	218.95568864969619	172.41397079889902	True	0.14588119599752253	0.23883705799511704	2.2146120519795884	1.2373361526812243	0.9122889187795277	43	2.4638674641751237	0.006537024393391656	0.0005827909521802714	2.1895568864969617	draw4217	0.08	0.6023174595175654
cycle	0.2529868123461387	0.6389828647068686	2.695608696232981	2.522753026189591	2.5204054301091303	1.0009314358921848	0.002273315627564829	0.20836877228768086	0.020463837304530844	699.2689980515479	3	8	233.08966601718262	446.82090757567977	True	0.0743749288728388	0.24548733034150463	4.619644012590415	1.8311915453602698	0.7813222285730629	39	2.7977754360651943	0.007621785731876406	0.0007143998815345434	2.330896660171826	draw4217	0.22000000000000003	0.6597855885824537
cycle	0.275022272100358	0.9084256601970639	2.47996166445806	2.4790938743763573	2.479096262956314	0.999999036511816	8.367410268643085e-05	0.19892358085078454	0.0249283449831467	660.4833243810424	3	8	220.16110812701413	600.0	True	0.05090836724995522	0.2511377692833001	5.640466760807179	2.2752130603469376	0.725713614342871	36	2.9178641487201276	0.005990063865335887	0.0005414486767700286	2.5335816263726945	draw4217	0.36000000000000004	0.7172537176473421
cycle	0.2970577318545773	1.0620907447614576	2.252371165154219	2.2595427548752727	2.2595429977210024	0.9999998925244042	0.006528420567846153	0.1863787196327941	0.030543315355861786	564.9234803705574	3	8	188.3078267901858	600.0	True	0.04139314881803612	0.2562623959085383	5.758551387511368	2.548547211636737	0.6914833287039662	27	3.2020335638241164	0.004690357912431694	0.00028560503520828114	2.789586993646928	draw4217	0.5	0.7747218467122302
cycle	0.3190931916087966	1.0837597538047157	2.0389022539553308	2.0053646536146785	2.005483256913353	0.9999408604892284	0.004136456559338639	0.17045383567187547	0.037905005606482335	553.6282353110106	3	8	184.5427451036702	600.0	True	0.03644582820726094	0.26032833125565935	5.394917514566612	2.7136579870489212	0.654967905610941	21	3.8763667388617833	0.004258454638367817	0.0001596536564446674	3.081651067377378	draw4217	0.64	0.8321899757771185
cycle	0.34112865136301596	0.9383473240241174	1.852962868883107	2.5548145943460665	2.5539832274674925	1.0003255177518915	0.006429104818581266	0.15045923181831725	0.048248943896278464	639.4220824618442	3	8	213.14069415394806	600.0	True	0.033788007625599394	0.2610821154763865	4.684857791048449	2.8339214308254435	0.5913028184725688	16	5.756237801607	0.0031436618456180563	8.946232240308263e-05	3.390885706720525	draw4217	0.78	0.8896581048420068
not_converged	0.3631641111172353	0.5240090135964897	1.6482904218813537	0.06572472024896547	0.07567763343494412	0.8684827638732306	0.06575815168680925	0.12428688076697221	0.0650486908940948	3049.5525418429493	8	8	381.19406773036866	1597.9930193617915	False	3.973221516340987e-06	4.243033024866603e-06	1063.2830685676106	16212.594137852047	3.302983735931348e-05	0				3.8119406773036864	draw4217	0.92	0.9471262339068952
cycle	0.5110425672215917	0.0148156100666708	0.4806174179729377	1.1412953216422705	1.1412955716279654	0.9999997809632307	1.2257310927103066e-05	3.0058906186727734	0.4432478246579504	3921.9460670066946	3	8	1307.3153556688983	58.10602363128434	True	2.5760454848161043	3.342257700380941	1.1952353146578345	1.0472620819455798	0.9853814416424876	47	13.076422662354616	0.01162472164574192	0.00042309514391736377	13.073153556688982	draw4265	0.08	0.47489877313339696
cycle	0.5580694939568636	0.03303064787902927	0.477859157531344	1.6307755907009633	1.6307770173852634	0.9999991251505971	0.000934324324483917	2.9418492906254547	0.5232028986246257	3944.5840106773235	3	8	1314.8613368924412	130.2921654859317	True	2.2225568061775522	3.4801531824468457	1.8195999205987754	1.1157880526140627	0.9679915612978826	47	13.480698877866871	0.012285725723741373	0.0005776152195561369	13.148613368924412	draw4265	0.22000000000000003	0.5185996920846964
cycle	0.6050964206921354	0.04300169960881763	0.4738425609835886	1.8115798956972902	1.8112100386275396	1.0002042044058186	0.0009343908784571678	2.865738178780704	0.6121494730094882	3978.0208604333475	3	8	1326.0069534777824	171.06165807796506	True	1.9876393667901142	3.557183987499716	2.112707262346271	1.1662236191537523	0.9597600833444686	47	13.594970015651143	0.01201817147786344	0.0006309317944067506	13.260069534777823	draw4265	0.36000000000000004	0.5623006110359958
cycle	0.6521233474274073	0.045582121013279395	0.46888537298002586	1.8466234983800307	1.8456369453528714	1.0005345325523762	0.0010032628129087126	2.779492167021643	0.711515502118669	4020.077615503211	3	8	1340.0258718344037	183.24366435264304	True	1.8286039901485993	3.5984655631854534	2.2102829076101616	1.1969320814714828	0.9590585427166933	47	13.738699861267833	0.011715990534868383	0.0006309214146352838	13.400258718344036	draw4265	0.5	0.6060015299872952
cycle	0.6991502741626792	0.04134832844640328	0.4628527947125327	1.7776582595910888	1.7776591112093236	0.9999995209327652	1.5774245161176788e-06	2.6844721489417678	0.8231814287348341	4072.473178701619	3	8	1357.4910595672063	168.38995858212255	True	1.7343025722707222	3.590063395901376	2.1370899365780587	1.2021939115956117	0.9644004971539305	47	13.917762801264189	0.009722049861958511	0.0005780011259480173	13.574910595672062	draw4265	0.64	0.6497024489385945
cycle	0.746177200897951	0.03060863344103744	0.45522929332450707	1.5874785899485695	1.5874779400862586	1.0000004093677741	0.0010683515746881418	2.581505261141162	0.9496941095899837	4140.672886817497	3	8	1380.2242956058324	126.74033859183906	True	1.7177378331145687	3.481526555290826	1.857104035667966	1.1698450910938785	0.9748354224471223	47	14.150836739144552	0.0035587288766575284	0.00047965373380204205	13.802242956058324	draw4265	0.78	0.693403367889894
cycle	0.7932041276332229	0.013377293295308117	0.44509531645745964	1.120954637300876	1.1212957029053578	0.9996958290274385	0.0002467719488520365	2.4708654983409453	1.0946283271503856	4234.948161567618	3	8	1411.649387189206	56.652143647715924	True	1.858994904251416	3.1330466738318727	1.2133365184879656	1.0824135768861567	0.989608419803875	47	14.473024474807971	0.01105836368243861	0.00039443752960150765	14.11649387189206	draw4265	0.92	0.7371042868411933
cycle	0.03171430598611455	0.011297625798289785	0.038531473500470224	3.0236702893766907	3.0205112651877966	1.0010458574431762	0.0007524967041760273	2.0962334519265644	0.08949793286998384	48919.8938143612	3	8	16306.631271453734	552.678654406724	True	1.4898081294255103	2.1709184785849818	4.9657695317005945	1.642298616071746	0.9020469740450281	33	232.42760251884647	0.008683371083562886	0.0006910863267858193	163.06631271453733	draw4320	0.08	0.6935134880456746
cycle	0.033713286629700266	0.02065849715072294	0.029880592950430166	3.561237341702402	3.565914896578098	0.998688259531885	0.0010325329924401319	2.017590798513729	0.1419118841217564	29043.73903011639	3	8	9681.24634337213	600.0000000000001	True	0.9079758670568211	2.20311100475663	8.110694242583333	2.2774933160467548	0.8065254589143331	18	249.35443194981963	0.0041277060966956715	0.00021951342476416195	210.27645996192095	draw4320	0.22000000000000003	0.7372262541164784
cycle	0.03571226727328598	0.022746714971201933	0.025197232097815908	3.118679309243345	3.1220571721472328	0.9989180650072578	0.0051521751836670114	1.903635137961294	0.21124952428683932	26377.43519271328	3	8	8792.478397571094	599.9999999999999	True	0.719123320046342	2.232530853596267	7.336495411470954	2.352436619477537	0.7890596974679165	17	239.65495007132995	0.003981725994412	0.00013930819714214133	249.36013935134613	draw4320	0.36000000000000004	0.7809390201872822
cycle	0.0377112479168717	0.021351696634991087	0.023940311193651097	2.6364482717732796	2.636695729492482	0.9999061485493246	0.009423039138028057	1.7681408386204673	0.2998477427927526	28100.811390169438	3	8	9366.93713005648	600.0	True	0.6090157255209137	2.259994522582743	6.207314455265855	2.35442300223505	0.7824279748587325	18	241.25894583541321	0.0037075175620185858	0.0001067938930818627	262.452115027054	draw4320	0.5	0.824651786258086
cycle	0.03971022856045742	0.018027863421663678	0.024183587463782834	2.174592696532698	2.173753772956107	1.0003859331204057	0.006280515459858832	1.6164254005962877	0.41394545278818357	33281.81415436027	3	8	11093.938051453424	599.9999999999999	True	0.531005019066521	2.2859570343574536	5.168038369097462	2.3765546427787125	0.7625683281055736	19	267.70818253694824	0.005181347150259756	6.297345216114317e-05	259.8119620006436	draw4320	0.64	0.8683645523288898
cycle	0.041709209204043134	0.013149091770578448	0.0244621661728246	1.917486913827631	1.917485563800042	1.0000007040614096	0.008355682725991628	1.4461648345254674	0.5670929757779147	45630.52798388106	3	8	15210.17599462702	600.0	True	0.4656979351612117	2.310710210825837	4.2736641448902954	2.6101424419258876	0.6653483044354741	16	410.77744621648344	0.0031514335683521153	3.2076464558497535e-05	256.8531855596531	draw4320	0.78	0.9120773183996936
not_converged	0.04370818984762885	0.006129721094018098	0.023288151273861503	0.0655236723626405	0.07541369939291452	0.8688563601853587	0.06555745867728104	1.2434857409683668	0.7934304359393674	215841.44600543886	8	8	26980.180750679854	1323.047864542907	False	4.92264296479774e-05	5.2558716235143684e-05	742.7178683479707	11348.447924095211	4.089811628286953e-05	0				269.8018075067985	draw4320	0.92	0.9557900844704974
cycle	0.11088220455670639	0.06688908788677524	0.17886269892085624	4.449044431949133	4.4490585806090825	0.9999968198530783	0.002213329302290833	3.4382476684602667	0.09814868839065362	8970.072981345395	3	8	2990.024327115131	600.0000000000001	True	1.5367943998155453	3.5793876877751227	10.850748488332002	2.438894161274598	0.8014127965929081	23	59.067747397373296	0.003634801908238538	0.0008037620800965549	35.12853906984704	draw4544	0.08	0.4439315940447925
cycle	0.12998924575621223	0.1273090185363051	0.1217281139871865	3.947933979346091	3.9479364248007416	0.9999993805739537	0.0011892460121549527	3.283776748028375	0.1529820876031339	4712.941839457321	3	8	1570.9806131524404	600.0	True	1.1868083669187526	3.65693138511444	12.025875752030444	3.0461187585569327	0.7618534621217542	13	52.641010793305156	0.0032254204982661073	0.00017651455647569746	51.616550206643105	draw4544	0.22000000000000003	0.5204291645168717
cycle	0.14909628695571808	0.14199001388856267	0.08852765808467528	3.283535593578862	3.2849938121982163	0.9995560969966094	0.005475836063584924	3.0558131610777135	0.22702060254541248	4225.649280314143	3	8	1408.5497601047143	600.0	True	1.0934859500740295	3.727927481277694	10.170453469041684	3.0974092344028725	0.7703823652841973	12	49.66379499243931	0.0031524964514581567	0.000116167523383936	70.9742632203127	draw4544	0.36000000000000004	0.596926734988951
cycle	0.16820332815522393	0.13215038020157882	0.0924433433425221	2.756160483262362	2.7561605416702886	0.9999999788082278	0.002595065613414425	2.796189850334816	0.32369002917014783	4540.2820565841375	3	8	1513.4273521947125	600.0	True	1.0462834769620801	3.794416775839366	8.329169140436827	3.0220189248841947	0.7887837980242361	13	50.33404297121706	0.003261865927626114	8.531044148767124e-05	67.96795831906532	draw4544	0.5	0.6734243054610303
cycle	0.1873103693547298	0.10906281067880409	0.11028292335424073	2.32064664720064	2.320633765572799	1.000005550909425	0.006616831429649899	2.528395897779006	0.4496933388134923	5501.41699325018	3	8	1833.8056644167266	600.0	True	1.0165292452867798	3.857480462282038	6.776777578085881	2.920210875817997	0.8013999784928852	15	55.48649297184892	0.0037423404262340466	7.745073918481934e-05	56.973329288681555	draw4544	0.64	0.7499218759331097
cycle	0.20641741055423565	0.07691754121458667	0.12431020710240977	1.9331662452781468	1.933165921991131	1.000000167231903	0.006143076719198891	2.258736542530081	0.6193467732634663	7800.56136123883	3	8	2600.1871204129434	600.0	True	0.9943004310743272	3.917884664155558	5.4691717831842475	2.8291264636670372	0.792783973338371	16	70.8728172355618	0.0045574389607477145	8.661380550241915e-05	50.544403823600305	draw4544	0.78	0.8264194464051889
cycle	0.2255244517537415	0.03414936077548522	0.12588199456395222	2.254652700071427	2.2546675744525593	0.9999934028495816	0.0009312131221658686	1.977552464781955	0.8686983581104176	14973.988922587781	3	8	4991.329640862594	511.35214996556937	True	0.9715742212950951	3.975734667059237	4.323945887834852	3.1650632288276443	0.6737758731364406	11	190.96610028806617	0.0019595035924233404	1.541655387511186e-05	49.91329640862594	draw4544	0.92	0.9029170168772682
not_converged	0.05088911420498871	0.16944868865720647	0.0	2.549284349821211	1.8100071228795755	1.4084388495474565	0.8373936264560362	5.058401611789216	0.05580673081356109	944.2386439689652	8	8	118.02983049612064	160.00000000000003	False	0.4638070100846764	1.1911452746418758	71.00435116894063	27.85266036482763	0.13648538466030646	0					draw4627	0.08	0.38659590164516217
not_converged	0.06302142949126804	0.21888101471028948	0.0	1.4483167729148718	2.42181886055682	0.5980285299214647	0.8352804613699837	4.437118912798602	0.12903540540914005	730.9907632316844	8	8	91.37384540396053	160.00000000000003	False	0.45898253001021	0.8258462362119968	33.26737730924	22.969683104812987	0.12385696356427885	0					draw4627	0.22000000000000003	0.4787630269806381
not_converged	0.07515374477754738	0.18014362932161113	0.0	4.476405479550505	14.227757151533178	0.31462481625701133	0.8160410898205689	3.8222569286393577	0.226626440109854	888.1801738009362	8	8	111.02252172511703	160.0	False	0.4640089358403301	4.403636497245639	16.262131954687927	19.95830376013791	0.2302533045483836	1					draw4627	0.36000000000000004	0.5709301523161141
not_converged	0.08728606006382669	0.1297492089003655	0.0	0.01819872252170008	15.181000472641076	0.001198782817673808	0.7095567361186521	3.30448234950468	0.35085496694349494	1233.1481737423471	8	8	154.14352171779336	160.00000000000003	False	0.4657343414741305	0.472895670822575	0.28910468863419425	15.885988057099448	0.14183797117713376	0					draw4627	0.5	0.6630972776515898
not_converged	0.09941837535010603	0.0658654874744847	0.02591548448797161	0.06675508473133436	0.07702473790238998	0.8666707157891288	0.06678501167098178	2.859688530060321	0.5126319802488429	24291.93286726703	8	8	3036.4916084083793	1599.9999999999998	False	0.0005047499573905307	0.0005395813561125082	293.7983173324641	4459.290501844493	0.00018246006691173677	0				242.44907750406358	draw4627	0.64	0.7552644029870658
not_converged	0.11155069063638537	0.04673167979333843	0.04768327189880473	0.06603550052292984	0.07608130745952806	0.8679595912314972	0.06606751385285005	2.450680262843836	0.7363738523804819	34238.01598991695	8	8	4279.751998739619	1600.0	False	0.00035404858166756414	0.00037820853357881464	323.7289654561337	4944.471855215882	0.00014929041952106177	0				131.76917306585008	draw4627	0.78	0.8474315283225418
not_converged	0.12368300592266468	0.023577482005640263	0.050169410969788185	0.06547746238294223	0.0753505457907208	0.8689713086458571	0.06551086814594798	2.0172789665838806	1.0994936718424486	67861.36024267749	8	8	8482.670030334686	1600.0	False	0.00017704446469642707	0.00018902041762541822	476.7806110975885	7312.851353925676	9.066763347408314e-05	0				125.23936768887509	draw4627	0.92	0.9395986536580174
cycle	0.6116406803043105	0.0018585210082342069	1.7458411673420802	0.2042595368287452	0.2035983647477309	1.0032474331600527	7.5390288269575524e-06	0.9422222772157481	0.1762887698125251	6478.099935139878	18	180	359.89444084110426	12.039684822898115	True	0.9244582945315717	0.9595024638405244	0.20470215393739996	1.0021669348492936	0.9996089160941695	48	3.5998443695034155	0.0036095423007582177	9.080584441286977e-05	3.5989444084110422	draw4676	0.08	0.7363981834571948
cycle	0.6137165094903702	0.002664214577240878	1.7361907047471643	0.24612750510221512	0.24512313101015623	1.0040974268234901	1.0491333940679757e-05	0.9398007228894948	0.17906742920445096	4704.633469698802	13	125	361.89488228452336	12.53415307054688	True	0.9180227345339147	0.9608873810398972	0.24690214798218937	1.0031473234966264	0.999429364470307	48	3.6198537862917988	0.003609542300759485	9.20153603571566e-05	3.6189488228452333	draw4676	0.22000000000000003	0.7388974234374741
cycle	0.6157923386764298	0.0031389204231332124	1.72663335020254	0.2689606252401565	0.2687781113489128	1.0006790504268661	4.060126055429106e-06	0.9373461185924478	0.1818834711936208	4366.776749523028	12	106	363.89806246025233	13.706964722341098	True	0.9131783611985347	0.9607033939644966	0.26995353046637793	1.0036916378571579	0.9993259226180985	48	3.639890597251849	0.005051561757457975	0.00011311119390643915	3.638980624602523	draw4676	0.36000000000000004	0.7413966634177533
cycle	0.6178681678624894	0.0032887755726974943	1.7171672022779387	0.27714608784659084	0.27672198553284433	1.001532593490647	1.0831512833575948e-05	0.934858579751913	0.1847372648849091	4024.945170586165	11	100	365.90410641692404	13.237141358470529	True	0.9095981389132117	0.959276485128411	0.2782512359130912	1.0039876011784516	0.9992694560754077	48	3.6599560531825546	0.0036095423007592936	0.00010495509451747581	3.6590410641692404	draw4676	0.5	0.7438959033980326
cycle	0.6199439970485491	0.0031197985701657688	1.7077901337632084	0.27202348922141045	0.2718750161921508	1.0005461076613038	4.491025866692875e-06	0.9323382211840723	0.18762918667420836	4414.9583836751035	12	105	367.913198639592	13.773780852730962	True	0.9072258978336427	0.9566566114959537	0.2730470547616626	1.0037627836595353	0.999306120189232	48	3.680051999395772	0.005051561757457625	0.00011175171768746941	3.6791319863959195	draw4676	0.64	0.7463951433783119
cycle	0.6220198262346087	0.00263788790658194	1.698499801091339	0.2520729311226159	0.2511257265140335	1.0037718342191815	1.0925955201537692e-05	0.9297851566130653	0.19055962078384572	4809.032591046038	13	123	369.92558392661834	12.685688914278755	True	0.9062429443839317	0.9526653488687917	0.25289904721189804	1.0032772899716085	0.9993932993218149	48	3.7001808844873096	0.0036095423007587533	0.00010355301198171854	3.699255839266183	draw4676	0.78	0.7488943833585912
cycle	0.6240956554206684	0.0018488205292290644	1.6892936534643324	0.21282913664475225	0.2124023998936309	1.0020090957133019	7.115858754453666e-06	0.9271994981861638	0.19352895981554252	6694.94822864558	18	175	371.9415682580879	12.377757727245708	True	0.9071114127844407	0.9468289842914849	0.21332426753823994	1.0023264243857462	0.9995674510928416	48	3.7203457690231403	0.0036095423007576847	8.313130594903714e-05	3.7194156825808786	draw4676	0.92	0.7513936233388704
cycle	0.2557819398969122	0.0968796576193447	0.43902473556404503	2.699295374392791	2.698321407782584	1.0003609527787898	0.00024439276703726515	2.423818601416719	0.10231367125444948	4293.506582794577	3	8	1431.1688609315258	415.9534477275413	True	1.5729249026026273	2.520587711741059	4.797624545343028	1.77736182222083	0.877303549625481	32	21.11501945360351	0.008201884231689622	0.000539227099731898	14.311688609315258	draw4714	0.08	0.6110695595967488
cycle	0.28053694437052357	0.20287471337230975	0.34309520772136654	3.111404583193209	3.114929424123075	0.9988684042397339	0.005296820039479812	2.3481253222601035	0.14576831247427907	2957.4903152119186	3	8	985.8301050706395	600.0	True	0.5751049079111287	2.5583780778974647	10.698051699777244	3.4383351357019345	0.6867381692707341	17	25.637992229894053	0.004671873758995717	0.00016166871946489165	18.313241239680234	draw4714	0.22000000000000003	0.670209894866713
cycle	0.3052919488441349	0.24700524830968415	0.260793711400424	2.5563689133164997	2.5563696677347343	0.9999997048868776	0.000864085653894201	2.224868004668057	0.2056481160982269	2429.0981835646944	3	8	809.6993945215647	600.0000000000001	True	0.38650427408860466	2.593732076028806	10.132295566133136	3.9635498277860157	0.6177966359326525	13	26.929237177136315	0.0036952403392253932	5.9906701601787374e-05	24.092549139470435	draw4714	0.36000000000000004	0.7293502301366772
cycle	0.33004695331774625	0.24940471869881878	0.2125559672346114	2.124259038469259	2.1249864988553018	0.9996576635256578	0.00924748719369819	2.0611479021929764	0.28617060199842864	2405.7283403870165	3	8	801.9094467956721	600.0	True	0.31023536041363536	2.6272328844573516	8.641055296561202	4.395296154430412	0.5291867215419326	10	33.68861892014826	0.0018718908833521262	1.5565315665309217e-05	29.56014544745497	draw4714	0.5	0.7884905654066415
not_converged	0.3548019577913576	0.22518599868897868	0.1956730754563309	0.06592083900002305	0.07592690216584319	0.8682145210670598	0.06595237276888939	1.8627552336591973	0.39424571698089766	7105.2374895202975	8	8	888.1546861900373	1599.9999999999998	False	0.0001740460625877258	0.00018590151393390374	398.9887676564147	6062.380246644767	9.654717575713421e-05	0				32.11062785478541	draw4714	0.64	0.8476309006766057
not_converged	0.37955696226496893	0.1813700439974673	0.1915499401744418	0.06563015610978562	0.07554661589594486	0.868737207238802	0.06566249362823436	1.626004788110942	0.5454453393882696	8821.743462897008	8	8	1102.717932862126	1600.0	False	0.00013952444968747243	0.00014898513258773202	383.1999703025138	5846.9129353067565	8.86537741016162e-05	0				32.801812944747354	draw4714	0.78	0.9067712359465699
not_converged	0.4043119667385803	0.11077586782268241	0.17450343966574672	0.06532221295620882	0.07514432767968739	0.8692900046248784	0.0653554076895487	1.3155138710562113	0.7921529720405237	14443.579016335045	8	8	1805.4473770418804	1600.0000000000002	False	8.479236755588645e-05	9.051400370956992e-05	460.38968891392267	7055.707298962394	6.65830854015132e-05	0				36.00608285552845	draw4714	0.92	0.9659115712165341
cycle	0.0887629315437814	0.0814770716612664	0.05963652457279726	7.040033804022063	7.036484982008676	1.0005043458520073	0.000598966635985561	1.6825900827014897	0.05170973932019205	7364.034909040987	3	8	2454.6783030136626	599.9999999999999	True	1.17191573589236	1.7246528038555875	8.026887091834082	1.1401773507462727	0.9386329795132058	7	137.49635905852983	7.825869426235727e-16	3.6823491477677535e-05	105.35800588965932	draw4854	0.08	0.5729663605466171
not_converged	0.09086037155779217	0.1442847264183194	0.0	4.120853871300493	7.641956399682942	0.5392406938452912	0.013349675490865208	1.6135916943208515	0.08206159100018612	1108.918483416726	8	8	138.61481042709076	160.0	False	1.117923103915668	1.7343997088394365	6.107032993838471	1.4819824202868817	0.9345767039122126	1					draw4854	0.22000000000000003	0.5865053745290456
cycle	0.09295781157180294	0.10574428688090924	0.04767901828664579	4.264906001126782	4.262867001230457	1.0004783165638846	0.0007469568081877737	1.5447560428100533	0.11401478779926803	5674.0654053086455	3	8	1891.3551351028818	600.0	True	1.087038212446312	1.7430192999610608	4.90581119670097	1.1502741667471361	0.9798594339188003	11	73.3083385698792	0.002577319587628894	0.0002146442246623427	131.78092865514006	draw4854	0.36000000000000004	0.600044388511474
cycle	0.09505525158581371	0.08593174059171432	0.08728031583711814	3.6185094565367977	3.6184954963698073	1.000003858003141	0.002047948511258423	1.4824228421562557	0.14750508546363378	6982.286124643599	3	8	2327.428708214533	600.0	True	1.0642940206191036	1.7509699917331447	4.114850905848725	1.1371673765879737	1.0015619747868216	16	64.02029454953708	0.004029920765923874	0.00033934472231082237	71.98857207282819	draw4854	0.5	0.6135834024939025
cycle	0.09715269159982447	0.062365056203624515	0.11290190471335075	3.1734120721083037	3.1739602829401603	0.9998272786100055	0.00017680886210182833	1.4274393070733793	0.1821889453315445	9620.772216431185	3	8	3206.924072143728	600.0000000000001	True	1.0459791057436791	1.7584484161327605	3.559151171352946	1.121553422776378	1.0198749692058882	25	58.54099956651453	0.003781784253541722	0.0006496838153011236	55.65172105051824	draw4854	0.64	0.6271224164763308
cycle	0.09925013161383524	0.037928071131062384	0.12991420422580913	2.8427941043265568	2.84011725250611	1.00094251454516	0.00040501862047776475	1.379098999736386	0.21779248244632823	14509.234023999088	3	8	4836.41134133303	550.307260119468	True	1.0305084008113945	1.7655650060167813	3.147089592445119	1.1070409874761746	1.034005887006798	41	55.63263858497612	0.010710306104484969	0.0014732311715677845	48.364113413330294	draw4854	0.78	0.6406614304587593
cycle	0.10134757162784601	0.013649845605070765	0.1407395957475847	2.585418565349069	2.5854473983447153	0.9999888479666365	0.001928661589338018	1.3363305013636255	0.254166240415403	13393.214483396187	3	8	4464.404827798729	182.81530985395554	True	1.0170535173353654	1.7723670038032677	2.821358556945625	1.0912579474591577	1.0439496829420376	38	56.935395403284474	0.009704007545184386	0.001273878507104998	44.64404827798729	draw4854	0.92	0.6542004444411877
cycle	0.20455052148719208	0.04652740276696195	0.06199376761544604	5.336088553814436	5.335560283988522	1.0000990092507247	0.006931382815450741	12.122738379592011	0.31165298198228225	12895.62632595616	3	8	4298.542108652054	600.0	True	2.372983789106555	12.631033594749443	21.94504889351808	4.112572096996205	0.7021637420680823	11	161.23563798394798	8.490497671023203e-16	0.0002688037191738082	101.35188663084418	draw4882	0.08	0.4818441032023751
not_converged	0.2362519537154232	0.08983920384625813	0.0	8.771306924303095	3.285383499684333	2.669796973517966	0.06961192298728841	11.17995323005982	0.5851196510082004	1780.9596829665602	8	8	222.61996037081997	160.00000000000006	False	2.201750624691446	12.909880652893055	15.250999930972844	1.7387374609724513	0.8004274210303733	0					draw4882	0.22000000000000003	0.5565207555579124
not_converged	0.26795338594365437	0.08620725971743642	0.0	3.192158906131611	2.811046472917621	1.1355767102699048	0.05824262476406406	9.958176770721877	0.9577810912059326	1855.992181220419	8	8	231.99902265255238	160.0	False	1.4812139909086115	13.16465755238027	11.74120252227218	3.67813848481016	0.7513904296169593	1					draw4882	0.36000000000000004	0.6311974079134497
cycle	0.29965481817188544	0.05875312937580365	0.02835300401592462	2.533430889405995	2.531821132704206	1.0006358098054382	0.01126315189891804	8.739675593635706	1.4259848545956761	10212.221993524969	3	8	3404.0739978416564	600.0	True	1.369680209533995	13.40423357402947	8.986955144442861	3.547345689208835	0.6890834838968569	10	139.60193439510658	0.0019149811271134516	4.730709788008655e-05	221.60562964159286	draw4882	0.5	0.7058740602689869
cycle	0.33135625040011657	0.046544376259278784	0.04334654828868497	2.576731611354494	2.576728093978381	1.0000013650552113	0.003980893670254533	7.583931126087711	2.0143097867512805	12890.923635062954	3	8	4296.974545020985	600.0	True	1.2998391532318694	13.632847122839827	7.108697088400024	3.6532808212765775	0.6311105591512193	10	178.36903587734014	0.002845500125499866	3.124964787151602e-05	144.95237926060486	draw4882	0.64	0.7805507126245241
not_converged	0.3630576826283477	0.03255837617794255	0.050566327657125446	0.06576406304922774	0.07572121028274542	0.8685025345429983	0.06579593325025088	6.463244614899512	2.787274372871641	49142.49995931795	8	8	6142.812494914743	1600.0000000000005	False	0.0010165546206932947	0.0010856289782550023	399.4803067790255	6080.068601469443	0.00016250907725148746	0				124.25631044009985	draw4882	0.78	0.8552273649800615
not_converged	0.39475911485657883	0.01501870059966175	0.050307986124023006	0.065399288423217	0.07524663222651506	0.8691324314202583	0.06543257612550271	5.281280644502715	3.9266477896790826	99915.51308279063	8	8	12489.439135348826	1500.601176252019	False	0.0004969454991988698	0.000530519330556991	627.3296525826386	9600.016609145421	9.720500687879456e-05	0				124.89439135348826	draw4882	0.92	0.9299040173355987
cycle	0.23907921990684317	0.21101372305321953	0.4843690213539171	5.195333495532982	5.1840920668799715	1.0021684469542564	0.005803077410247681	2.9500566140984597	0.08283166247936206	2843.4169651074053	3	8	947.8056550358018	600.0	True	0.8918692675765982	3.0983825168260375	13.842308239642403	2.664373374980491	0.737976198422704	19	22.99003464327899	0.0046308200736921885	0.0006298218951759814	12.971897520648023	draw4884	0.08	0.3518612990595555
cycle	0.29675381411375307	0.3866733276149801	0.3033399529788384	4.352774927964889	4.352752127261959	1.0000052382268192	0.0016640515793916381	2.7710296957615985	0.13748828412996666	1551.6974074752693	3	8	517.2324691584231	600.0	True	0.603126583755736	3.1824848428647776	13.555638350821846	3.114252074861976	0.7034771129679358	11	19.65974876521139	0.00300891378526324	0.00018757344979471516	20.713345688485397	draw4884	0.22000000000000003	0.4367430284222469
cycle	0.3544284083206629	0.4152327812811465	0.22416857143895025	3.5651946975727786	3.5601135684798626	1.0014272379223805	0.0035567389726355522	2.517849015716459	0.21164881121165743	1444.972620294521	3	8	481.6575400981737	600.0	True	0.5226071292261536	3.2581742378214544	10.947307018239586	3.0706056602442007	0.7227978618095177	11	18.066674422287065	0.002670226969291727	0.0001134766441721632	28.028841272652443	draw4884	0.36000000000000004	0.5216247577849381
cycle	0.4121030025275728	0.37322145353612	0.26730101344877555	2.9702612989197585	2.9701856934573665	1.0000254547931324	0.0014364797100816411	2.2430824325599494	0.3086944493454812	1607.624626921219	3	8	535.8748756404063	600.0	True	0.48432402563870647	3.328099509027047	8.72192337776461	2.9364161937323994	0.7542042466413613	13	17.688292969375766	0.0037467256384427993	0.00015014093771925188	23.50602875055567	draw4884	0.5	0.6065064871476294
cycle	0.4697775967344827	0.297635281363176	0.33031924346884683	2.5121636671359986	2.5101415488447314	1.0008055793874244	0.00012149059812032871	1.9706644916847555	0.4356752304042184	2015.8900425110457	3	8	671.9633475036819	600.0	True	0.4623768980331892	3.3939967870581493	6.955897757940019	2.768887174405367	0.7823918744268696	16	18.48361295959114	0.0042725485268073375	0.00012730093220064497	19.02155394035397	draw4884	0.64	0.6913882165103208
cycle	0.5274521909413925	0.2017143828798103	0.3711034633283476	2.220798708865863	2.2206418932828695	1.0000706172316518	0.004539346551811801	1.7048091506667702	0.6065726602859185	2974.502816477418	3	8	991.500938825806	600.0	True	0.4480068646770251	3.4564305873831453	5.52319175390323	2.5836551721666026	0.7946100260914761	21	21.818475272985893	0.005225285855136666	0.00015790873334085045	16.93108776411581	draw4884	0.78	0.776269945873012
cycle	0.5851267851483024	0.0841008926721846	0.375307708653295	2.7662109548431726	2.766172791917875	1.0000137962911821	0.000590467761663165	1.436924023537216	0.8521856652397842	5022.427061031077	3	8	1674.1423536770255	422.3905992136501	True	0.43669000101046174	3.515961140010267	4.30041207406485	2.3838696484520585	0.774691567882194	24	32.235299133066064	0.002649952406679179	0.00018822880129789262	16.741423536770256	draw4884	0.92	0.8611516752357034
