tr_max	tr_at_low_j	det_at_low_j	j_lo	j_hi	j_crit	n_points	n_cross	u_at_trmax	a_at_trmax	det_at_trmax	j_at_trmax	G_absmax	j_at_first_cross	det_at_first_cross	at_u_edge	at_a_edge	fold_is_j_max	lowj_at_edge	frac_of_path	n_proj_fail	path_count	name	traced
-0.38923831061037806	-1.508000013439515	0.0761332675978538	0.0015231546342581697	0.23891718323688765	0.23898191170949076	212.0	0.0	1.1165177813567637	0.3591947459605542	0.0627453643065003	0.10475176518669792	2.220446049250313e-16			0.0	1.0	1.0	1.0	0.7653429602888087	0.0	1.0	draw2	True
-0.42755070950119023	-0.42755070950119023	0.0356761670147389	1.1875494864324576e-05	0.05568100653399595	0.05573337392414028	260.0	0.0	0.00010287822880556113	9.995902406085365e-07	0.0356761670147389	1.1875494864324576e-05	8.391724815037804e-17			0.0	1.0	1.0	1.0	0.8996539792387543	0.0	1.0	draw5	True
-0.24078347829992594	-0.7881403844831187	0.04951313141330737	0.0022677943784246723	0.09257258602860036	0.09259858860660508	195.0	0.0	0.19694839334878328	0.027889405443378104	0.000445665416292509	0.09257258602860036	7.589415207398531e-19			0.0	1.0	1.0	1.0	0.8666666666666667	0.0	1.0	draw7	True
-0.11581812687042238	-1.8145974264570446	0.057277100521097746	0.005576695372763674	0.07614769258653924	0.07614783746717586	197.0	0.0	0.17843744750674478	0.03186758345309003	1.985298487924825e-05	0.07614769258653924	3.049318610115481e-19			0.0	1.0	1.0	1.0	0.8678414096916299	0.0	1.0	draw10	True
-0.0984982250269767	-1.7782638305578045	0.4232606898202543	0.006878651392785612	0.03785306143379889	0.037855417508982726	161.0	0.0	0.11601174844711488	0.013629729308075749	0.002695048532201736	0.037830791537536206	8.673617379884035e-18			0.0	1.0	1.0	1.0	0.805	0.0	1.0	draw11	True
-0.3975273876035195	-1.8735527584155311	0.5980932858689155	0.0367415704180704	0.2042937053080388	0.2042986538462546	166.0	0.0	0.27357530314303563	0.013183052161719694	0.0006403023946221754	0.2042937053080388	2.6190258729102966e-18			0.0	1.0	1.0	1.0	0.8645833333333334	0.0	1.0	draw13	True
-1.8188813150512404	-1.8188813150512404	0.4554208565299525	0.15386896069979092	0.2650160794578159	0.2650229883529441	48.0	0.0	0.0912897089218377	0.40285468687956744	0.4554208565299525	0.15386896069979092	1.6653345369377348e-16			0.0	0.0	1.0	1.0	0.2962962962962963	0.0	1.0	draw14	True
-0.02626035934049715	-0.07490958042046483	0.0013705448002916498	0.011636702643408053	0.02341248530890844	0.023414220421822264	143.0	0.0	0.5467396822172769	0.00013597161378719726	0.00011733962221770429	0.018947932565469516	5.285485590866834e-19			0.0	1.0	1.0	1.0	0.8614457831325302	0.0	1.0	draw17	True
-0.16712393350834914	-0.28041712070386504	0.018796244459687327	0.004539607839106931	0.06475029524446307	0.06475083315395744	175.0	0.0	0.6155752524010298	0.04409861659687759	0.0054682038572208295	0.052805099698472475	2.0816681711721685e-17			0.0	1.0	1.0	1.0	0.8883248730964467	0.0	1.0	draw19	True
-0.18045593849649275	-3.3218720206685783	0.5074478501961518	0.07780343462566029	0.5209451673408358	0.5209728495420378	170.0	0.0	0.4412932414561817	0.008787848090932403	0.0014382012065196485	0.5209451673408358	8.673617379884035e-19			0.0	1.0	1.0	1.0	0.845771144278607	0.0	1.0	draw21	True
-3.2195234823807786	-6.74804434821802	1.7949270511379933	0.0008564285651689328	0.2256992005481366	0.2257895540517043	211.0	0.0	0.9002539777121039	0.17624548535853976	0.021410505837987308	0.2256992005481366	3.5735303605122226e-16			0.0	1.0	1.0	1.0	0.9017094017094017	0.0	1.0	draw23	True
-0.025934041789576923	-0.025934041789576923	0.39171899541535193	0.2713169199770844	0.5821801166957996	0.582334907390931	47.0	0.0	0.6181691214144795	0.0835906271182348	0.39171899541535193	0.2713169199770844	1.6653345369377348e-16			0.0	0.0	1.0	1.0	0.22274881516587677	0.0	1.0	draw25	True
-0.05410357880562606	-1.2064359609519208	0.125409974393449	0.0092730229094066	0.25364702607133993	0.2537697030709441	183.0	0.0	0.36810783128725805	0.013530896318841822	0.057587925617796035	0.047293741159094654	1.1102230246251565e-16			0.0	1.0	1.0	1.0	0.7379032258064516	0.0	1.0	draw26	True
-0.0036941324891159866	-0.43501298321445475	0.007444718738970337	0.008713359686086306	0.026154694767306433	0.02615475464290324	150.0	0.0	1.0743613647277166	0.12475376300463067	0.0007541913223883524	0.022377191411811992	2.6020852139652106e-17			0.0	1.0	1.0	1.0	0.7425742574257426	0.0	1.0	draw28	True
-2.8392606988132894	-10.92757270781535	0.0013810913328926153	0.028273657557357862	0.15050198105753684	0.15050457187662686	141.0	0.0	9.791059580658986	0.01292167372758335	0.00024068126893762162	0.15050198105753684	2.5265722267174898e-17			0.0	0.0	1.0	0.0	0.7382198952879581	0.0	1.0	draw30	True
0.09661468224550063	-0.9104852861225495	0.012155252666845258	0.0007903185238526936	0.04443663784459928	0.044444397612491235	179.0	13.0	1.531345207918052	0.2714854132113165	0.0001688200890587548	0.04443663784459928	5.551115123125783e-17	0.040007291865441455	0.0064549867391943145	0.0	1.0	1.0	1.0	0.7816593886462883	0.0	1.0	draw34	True
-0.40044780741535035	-2.1439118960191994	0.026073813180217387	0.0026221970533309856	0.011591758666987435	0.011591999126656132	152.0	0.0	1.582765079419974	0.014276441587961968	1.5340283586109882e-05	0.011591758666987435	7.535205098774256e-18			0.0	1.0	1.0	1.0	0.8491620111731844	0.0	1.0	draw37	True
-0.0352769559953079	-0.21536904646187074	0.009973232635838037	0.007680908889673176	0.03911451507009766	0.03912421794740287	173.0	0.0	1.1426713136411597	0.0453894454961968	4.8807490415232765e-05	0.03911451507009766	3.0899761915836876e-18			0.0	1.0	1.0	1.0	0.8693467336683417	0.0	1.0	draw39	True
-0.27182553970308004	-4.828882163085178	0.34989081150971174	0.0029124812721730855	0.17068363273794532	0.17068388540087115	201.0	0.0	0.8427011052865063	0.16459514412189866	0.054683679738401936	0.07248383228599865	1.5265566588595902e-16			0.0	1.0	1.0	1.0	0.75	0.0	1.0	draw42	True
-0.03463041398674939	-0.08880883749600293	0.0012686620750876863	0.010572449815914126	0.014688253501294282	0.014688373168828532	121.0	0.0	0.9106935082236114	0.0001745252056372428	3.5277184256960984e-06	0.014688253501294282	1.5749518863009647e-21			0.0	1.0	1.0	1.0	0.7515527950310559	0.0	1.0	draw44	True
-10.116698664673946	-11.199924741855591	0.0029768421096977482	0.0024273499650629	0.02250391790241785	0.022504103379260634	198.0	0.0	0.002105684818128938	0.005420054348956282	2.0551085251249373e-06	0.02250391790241785	2.117582368135751e-22			0.0	1.0	1.0	1.0	0.88	0.0	1.0	draw45	True
-0.014402825383274403	-0.053351872312213305	4.823419680615078e-06	0.008779953187642754	0.015317392277729153	0.015318125174444138	70.0	0.0	1.5096118923578263	0.03978086828902911	0.0003504337693885203	0.009366020943742654	9.020562075079397e-17			0.0	0.0	1.0	0.0	0.3153153153153153	0.0	1.0	draw47	True
-7.249790123932535	-12.612313394276242	1.2218632656475552	0.014052600753843559	0.18181214413239913	0.18181395860892724	172.0	0.0	6.158713387979814	0.012169420711613699	0.0007351999621295215	0.18181214413239913	2.1711148504022226e-17			0.0	1.0	1.0	1.0	0.8514851485148515	0.0	1.0	draw48	True
-0.46836910461519177	-0.7806922337363302	0.1348145221382009	0.005092741612993002	0.147559626575644	0.1475716018037798	190.0	0.0	0.4299133570232182	0.3048599478290656	0.007191431756325838	0.14399303750842393	4.0766001685454967e-17			0.0	1.0	1.0	1.0	0.8962264150943396	0.0	1.0	draw49	True
-0.42690519660111753	-0.4344416025235808	0.001884386354706169	0.010451515295878478	0.014162195016770412	0.014162198100144355	125.0	0.0	0.03265817093393504	0.00022565686127949363	2.1071387966709013e-05	0.014140105805839211	4.235164736271502e-21			0.0	1.0	1.0	1.0	0.7961783439490446	0.0	1.0	draw50	True
-0.02290528633444064	-0.02290528633444064	0.05980853813748058	0.028948149639801052	0.1399369059714605	0.13995750752347538	59.0	0.0	0.3306727896923516	0.03122615127878573	0.05980853813748058	0.028948149639801052	1.1102230246251565e-16			0.0	0.0	1.0	1.0	0.36645962732919257	0.0	1.0	draw51	True
-0.6898537297610299	-1.240084036826353	0.14260467984495143	0.017521169117273513	0.15082384579713082	0.15085338366832396	146.0	0.0	1.2656921652352748	0.04273217430818414	0.002930524325723522	0.15082384579713082	2.1763664546751993e-17			0.0	1.0	1.0	1.0	0.8488372093023255	0.0	1.0	draw54	True
-0.039712258015539015	-0.23024832195599554	0.012532457096328707	0.0010883542668368008	0.07728896118226736	0.07731367410091439	205.0	0.0	0.7570965489663214	0.06533833383176377	0.0013226697529554608	0.056028428516251935	5.551115123125783e-17			0.0	1.0	1.0	1.0	0.8299595141700404	0.0	1.0	draw56	True
-5.608624865705	-5.608624865705	0.4492427065784636	0.20404783629450224	0.3662642708821639	0.3663061430538372	47.0	0.0	0.038653543251704246	1.992289177119107	0.4492427065784636	0.20404783629450224	2.7755575615628914e-16			0.0	0.0	1.0	1.0	0.21962616822429906	0.0	1.0	draw58	True
-2.3741949871914625	-2.498250313019066	0.013490542727260912	0.0014327514135754765	0.018666724205710732	0.01866810805355747	193.0	0.0	0.0075388129135206495	0.006711162408530065	0.0005403408332557343	0.018376042627798687	1.3552527156068805e-20			0.0	1.0	1.0	1.0	0.8812785388127854	0.0	1.0	draw59	True
-0.16943514988885303	-0.16943514988885303	8.61570494524572e-08	0.0034807401202381003	0.0039780802736492935	0.0034807396559569164	91.0	0.0	0.02212997118723236	0.2061549310501459	8.61570494524572e-08	0.0034807401202381003	3.0357660829594124e-18			0.0	0.0	0.0	0.0	0.38235294117647056	0.0	1.0	draw60	True
-0.029950925759483403	-0.03486423805636238	0.00016209939973706725	0.005060811559378947	0.021254977168181134	0.021255119673125968	148.0	0.0	0.7267133136046459	0.032540652031737144	4.020524165342444e-07	0.021254977168181134	9.147955830346444e-20			0.0	1.0	1.0	1.0	0.8705882352941177	0.0	1.0	draw64	True
-1.521878849459952	-1.521878849459952	0.32149145472773155	0.16887658070827813	0.3464046072709881	0.3464133190628198	40.0	0.0	0.1513616307392513	1.3047785318715064	0.32149145472773155	0.16887658070827813	2.7755575615628914e-16			0.0	0.0	1.0	1.0	0.13245033112582782	0.0	1.0	draw65	True
-0.7264548447062285	-1.2088261166941399	0.3257489239084862	0.009383968374052868	0.4266371074250999	0.42695236753165267	195.0	0.0	0.38994322754519417	0.05388344880922019	0.13177343548355858	0.198616096561148	1.6653345369377348e-16			0.0	1.0	1.0	1.0	0.7959183673469388	0.0	1.0	draw66	True
-0.047618449398316325	-0.1931509772527809	0.00858692791823751	0.014380633576181348	0.047552137451295474	0.04755617341531366	149.0	0.0	1.1697595721281373	0.009865304422475416	2.555776224586991e-05	0.047552137451295474	2.710505431213761e-19			0.0	1.0	1.0	1.0	0.8370786516853933	0.0	1.0	draw68	True
-0.6984567912186374	-1.8735109881766396	0.6877752281722566	0.0014108033126000938	0.11624998354944226	0.1162532209874119	214.0	0.0	0.16491486114715284	0.034335500436176995	0.0028467395717696018	0.11624998354944226	1.214306433183765e-17			0.0	1.0	1.0	1.0	0.8879668049792531	0.0	1.0	draw69	True
-2.2659650445140445	-6.204674082659274	0.5247874648720969	0.011397733091199826	0.06531662928076443	0.06533316730204185	153.0	0.0	1.08527063256661	0.04245279823769154	0.007458766847850567	0.06531662928076443	1.035402486811816e-16			0.0	1.0	1.0	1.0	0.864406779661017	0.0	1.0	draw71	True
-2.179415492080368	-8.164709220759448	8.724699714170006	0.00223619366594691	0.6569506151704548	0.6576187964148993	242.0	0.0	0.05017246573351828	0.012779208873278332	1.101616335165428	0.09181974185482522	3.3306690738754696e-16			0.0	1.0	1.0	1.0	0.7138643067846607	0.0	1.0	draw73	True
-0.7367390207791781	-1.0420347996669286	0.03333460477379846	0.00858064898478629	0.04497158764203777	0.04497214031473065	160.0	0.0	0.05092806117548122	0.008308528215695924	3.314017696931596e-05	0.04497158764203777	1.0503208545953324e-19			0.0	1.0	1.0	1.0	0.8648648648648649	0.0	1.0	draw75	True
-0.010790714133914331	-0.2542409270019627	0.0021646689062944486	0.10939788987920389	0.4228431683871561	0.4228438569691459	57.0	0.0	1.8403729199761505	0.22741700099391043	0.06251502789597231	0.16788825191786702	1.942890293094024e-16			0.0	0.0	1.0	0.0	0.22265625	0.0	1.0	draw77	True
-0.09248095362867169	-0.20163319185316658	0.0029954189240935093	0.0004752933525944688	0.13690794701165784	0.13691698001027142	216.0	0.0	1.149475204396794	0.23640435153199715	1.960321300563815e-05	0.13690794701165784	1.3010426069826053e-18			0.0	1.0	1.0	1.0	0.8503937007874016	0.0	1.0	draw79	True
-0.09816604637926818	-23.956442752513386	16.11918172222773	0.06982275793220437	0.7470074738313937	0.7471071293234754	172.0	0.0	1.6419172442561574	0.2857752785822658	0.025441525438327558	0.7470074738313937	5.551115123125783e-16			0.0	1.0	1.0	1.0	0.8349514563106796	0.0	1.0	draw80	True
-1.900399807328443	-2.5187248768685375	1.0802602568670756	0.025795925286847404	0.5216181029505146	0.5219798038232699	177.0	0.0	0.8333657925638394	0.6086504864353104	0.07964532806240313	0.5216181029505146	3.3306690738754696e-16			0.0	1.0	1.0	1.0	0.8592233009708737	0.0	1.0	draw82	True
-8.442384725465624	-11.09876254932943	0.37125730032667426	0.004252243404424485	0.3650209295237753	0.3650763538308586	220.0	0.0	0.03793026096515507	0.02554117903520787	0.0016547933375206942	0.3650209295237753	1.6263032587282567e-19			0.0	1.0	1.0	1.0	0.8979591836734694	0.0	1.0	draw85	True
-1.25487401927655	-1.25487401927655	0.023631542339820368	0.019893869743603618	0.028211007101664853	0.028212668534424088	48.0	0.0	0.016392311368458933	1.0092714196643109	0.023631542339820368	0.019893869743603618	1.734723475976807e-17			0.0	0.0	1.0	1.0	0.27906976744186046	0.0	1.0	draw89	True
-10.587241214676448	-24.73985654444739	0.016995489814770656	0.0025616069770922766	0.5311243365194845	0.5319137668588758	250.0	0.0	0.034308003041057966	0.1829016776990726	0.0007665750626819515	0.5311243365194845	3.3881317890172014e-20			0.0	1.0	1.0	1.0	0.8305647840531561	0.0	1.0	draw90	True
-0.590995926004825	-2.151846140048723	1.1372222292128875	0.001990791825952509	0.8435726989693942	0.8436359200855512	220.0	0.0	1.5143229927466013	0.24388647061096808	0.0065123987089590486	0.8435726989693942	1.3877787807814457e-16			0.0	1.0	1.0	1.0	0.8661417322834646	0.0	1.0	draw93	True
-0.6956088138936115	-2.6969615237353524	0.4033375734698229	0.002663610643245857	0.22594434804730945	0.22647428529284402	186.0	0.0	0.7940058555168982	0.1872355949642575	0.04266239681313304	0.22594434804730945	1.1102230246251565e-16			0.0	1.0	1.0	1.0	0.8651162790697674	0.0	1.0	draw94	True
-0.7629788744880217	-0.7629788744880217	0.12534137521784855	0.07118347056097396	0.10778879343783825	0.10779123098169485	46.0	0.0	0.08856757066757687	0.26897258081881614	0.12534137521784855	0.07118347056097396	6.938893903907228e-17			0.0	0.0	1.0	1.0	0.3458646616541353	0.0	1.0	draw95	True
-0.1558743012584018	-0.1568414995267731	0.006140155186848832	0.0003156388211349973	0.02220029730201794	0.02220030850606023	200.0	0.0	0.0164706409152712	9.183487382629427e-05	0.005977788446251702	0.0013270954395495469	2.710505431213761e-17			0.0	1.0	1.0	1.0	0.8583690987124464	0.0	1.0	draw96	True
-0.06548999936243508	-1.1661800403939733	0.0815813764741694	0.0013587220305678945	0.37043584759309045	0.3704392356615355	214.0	0.0	1.5995027141282194	0.45382002589217024	0.028282198434518756	0.1890015910299328	1.942890293094024e-16			0.0	1.0	1.0	1.0	0.7753623188405797	0.0	1.0	draw98	True
-1.2935824440827268	-7.654150309377024	1.0393121037083637	0.0007517707255326075	0.32767261287657795	0.327679257466211	243.0	0.0	0.14130687882362575	0.19613995111278543	0.0037251349640183167	0.32767261287657795	3.532466203229334e-17			1.0	0.0	1.0	1.0	0.8836363636363637	0.0	1.0	draw99	True
-0.22065817828689466	-0.2210442771153617	3.109948566706532e-05	0.0012562607737133399	0.0034102888823070955	0.0034106144337475363	210.0	0.0	0.005822834644275737	2.5798939687281816e-05	1.3707658833158735e-06	0.0013054807935565886	8.673617379884035e-19			0.0	1.0	1.0	1.0	0.7664233576642335	0.0	1.0	draw104	True
-0.19865786008184355	-0.21754577070989078	0.004106058501090824	0.0005052793774092231	0.06776182556391433	0.06776206932253678	209.0	0.0	0.3815841897691241	0.3226893755595766	0.001253136962942674	0.06669070030379111	1.3877787807814457e-17			0.0	1.0	1.0	1.0	0.8393574297188755	0.0	1.0	draw109	True
-0.7998111992989743	-1.4170367715293886	0.0011562988528676765	0.013193504289397875	0.040882771981236424	0.04088277950913743	154.0	0.0	0.03422544319462623	0.005187501625099598	6.618321042971607e-06	0.0408471302039677	1.4558378780933287e-21			0.0	1.0	1.0	1.0	0.850828729281768	0.0	1.0	draw110	True
-1.8681962457821384	-2.2495712090092335	0.03597837731730349	0.0034228850345084864	0.16536769413333333	0.16541643328173447	203.0	0.0	0.08434650849728859	0.13628096586845626	0.0007787297781527841	0.16536769413333333	8.673617379884035e-19			0.0	1.0	1.0	1.0	0.8319672131147541	0.0	1.0	draw111	True
-0.5474693599108371	-0.5474693599108371	0.023679546300044773	0.008127958968452986	0.046877020850796085	0.04687923739221617	146.0	0.0	0.19793640155654663	9.972384126390376e-07	0.023679546300044773	0.008127958968452986	6.939740936854483e-18			0.0	1.0	1.0	1.0	0.8295454545454546	0.0	1.0	draw112	True
-1.6630624886072027	-1.6630624886072027	1.793754227082795	0.5721511074395413	1.78590365339498	1.7862947598790775	44.0	0.0	0.31897816040957033	0.5940323515945578	1.793754227082795	0.5721511074395413	8.881784197001252e-16			0.0	0.0	1.0	1.0	0.2558139534883721	0.0	1.0	draw113	True
-3.067318924706088	-3.067318924706088	4.451188735270091e-05	0.002361575232548758	0.004263106616702392	0.004263146602149338	88.0	0.0	0.0009547647772156568	0.1291070533248246	4.451188735270091e-05	0.002361575232548758	2.6020852139652106e-18			0.0	0.0	1.0	0.0	0.3087719298245614	0.0	1.0	draw114	True
-0.017052806122022916	-0.017052890284593693	4.404452277165378e-09	0.00039607755462630256	0.00039630100494959575	0.0003961608219490706	150.0	0.0	0.023216794509050516	2.087997580132055e-06	1.942841300576206e-09	0.00039612275961546856	4.235164736271502e-22			0.0	1.0	0.0	1.0	1.0	0.0	1.0	draw115	True
-0.9675698914327351	-1.7151610241288762	0.3056188967759478	0.042087305360112535	0.6010871701076137	0.6012661712018057	173.0	0.0	0.49492059850914283	0.07967248951277221	0.0034630440417768096	0.6010871701076137	3.469446951953614e-18			0.0	1.0	1.0	1.0	0.8564356435643564	0.0	1.0	draw118	True
-0.1291863214069879	-0.1291863214069879	0.003383392168748794	2.1830355479276585e-05	0.0495388140063887	0.049612195909204404	246.0	0.0	0.0002362730385703707	9.998311532870933e-07	0.003383392168748794	2.1830355479276585e-05	5.204170427930421e-18			0.0	1.0	1.0	1.0	0.8601398601398601	0.0	1.0	draw119	True
-0.11056126201197972	-0.35758120830033224	0.020744870753353285	0.004861472923958168	0.026960983552348553	0.026975262099425065	160.0	0.0	0.13821434519911868	0.022373680065470126	0.032711175559916233	0.016000777771618072	1.734723475976807e-17			0.0	1.0	1.0	1.0	0.5797101449275363	0.0	1.0	draw120	True
0.9812060104130137	-9.007984045345953	3.686966608378019	0.021549290336508327	0.31676505337451044	0.3168357593157284	173.0	27.0	0.5000896157075407	0.03841746540372635	0.33257387960314844	0.3042580492727957	1.1102230246251565e-16	0.2653528191905006	0.6947181482436616	0.0	1.0	1.0	1.0	0.8238095238095238	0.0	1.0	draw122	True
-4.213859239744827	-4.213859239744827	0.1078185193637756	0.31641515296373374	0.7998614649895991	0.8000289724061793	53.0	0.0	0.05542463503790727	0.5421811401672002	0.1078185193637756	0.31641515296373374	3.3306690738754696e-16			0.0	0.0	1.0	1.0	0.20703125	0.0	1.0	draw125	True
-1.7052517115542702	-5.7646675900754065	0.03608334103421919	0.007535788405975215	0.5988395548280013	0.5989742575083494	214.0	0.0	0.21960864975372257	0.16924196287225998	0.0007239121607331595	0.5988395548280013	5.014435047745458e-19			0.0	1.0	1.0	1.0	0.8663967611336032	0.0	1.0	draw128	True
-0.229312180551769	-0.27645640053044485	0.00643509657782287	0.013740542379548085	0.1068331636674354	0.10683357398446292	157.0	0.0	0.3999962772462854	0.03249120633035564	7.1705231412275615e-06	0.1068331636674354	2.981555974335137e-19			0.0	1.0	1.0	1.0	0.8674033149171271	0.0	1.0	draw129	True
-1.321009592515765	-1.321009592515765	0.1945457943159966	0.11067696889551899	0.22170966925288638	0.22171760917653072	38.0	0.0	0.5019521227370495	0.9684199605521471	0.1945457943159966	0.11067696889551899	4.718447854656915e-16			0.0	0.0	1.0	1.0	0.17117117117117117	0.0	1.0	draw130	True
-1.0778186614089447	-2.8776887381127634	0.8991031406060057	0.0022873579299592245	0.6284264981006467	0.6285499790883387	226.0	0.0	0.4934676234198859	0.42133151186953743	0.011336345931942611	0.6284264981006467	5.551115123125783e-17			0.0	1.0	1.0	1.0	0.8932806324110671	0.0	1.0	draw132	True
-0.8251637566255269	-2.091666025050108	1.047293638731435	0.0843879175687603	0.5955941150536606	0.5956596804257345	158.0	0.0	0.7849902314905031	0.046120264069704965	0.009740759023501218	0.5955941150536606	2.200930410145574e-17			0.0	1.0	1.0	1.0	0.8777777777777778	0.0	1.0	draw133	True
-0.10428783178907042	-0.7829646841097406	0.14020069576145835	0.060651943040800176	0.14749112594926558	0.14749116342687665	146.0	0.0	1.021455632390814	0.003274964177282565	8.312701355176155e-06	0.14749112594926558	1.6263032587282567e-19			0.0	1.0	1.0	1.0	0.8248587570621468	0.0	1.0	draw135	True
-0.023277506983298057	-0.6856124103092645	0.004505365243360222	0.0263351899373521	0.2905307129345929	0.29058867100893293	161.0	0.0	0.6677730075226653	0.0010666242313572788	9.676000130082154e-05	0.2905307129345929	3.1763735522036263e-21			0.0	1.0	1.0	1.0	0.817258883248731	0.0	1.0	draw136	True
-2.4094419623378234	-8.34033041881453	12.575151836346386	0.003386117275277045	0.8356115564715446	0.8357876473831102	215.0	0.0	0.464759182941503	0.2726010564086819	0.08069316862351152	0.8356115564715446	2.7755575615628914e-16			0.0	1.0	1.0	1.0	0.8847736625514403	0.0	1.0	draw139	True
-0.18738005609465302	-0.18884300392719694	0.00044295953071820304	0.008022779910891797	0.010710016035291097	0.010710016073772272	126.0	0.0	0.057512447913457554	0.00012593563597096467	8.083184598928901e-06	0.010670904543309193	3.3881317890172014e-21			0.0	1.0	1.0	1.0	0.8076923076923077	0.0	1.0	draw141	True
-0.07770728951142687	-0.07770728951142687	0.0003114115812049471	0.07232858327606903	0.31497015638400394	0.3153873721997498	59.0	0.0	1.1799750139430436	0.1360039911354556	0.0003114115812049471	0.07232858327606903	2.7755575615628914e-16			0.0	0.0	1.0	0.0	0.22692307692307692	0.0	1.0	draw142	True
-1.9851915064655865	-3.872876966901166	0.17987520504919058	0.0065318748761187834	0.06696691496302243	0.06696693318541949	182.0	0.0	0.02373547627443159	0.00735375441256092	2.600595522306875e-05	0.06696691496302243	7.623296525288703e-20			0.0	1.0	1.0	1.0	0.8708133971291866	0.0	1.0	draw143	True
-0.42148166841618	-0.6015630670335965	0.0032294214036924893	0.003050191391113658	0.004362451630948215	0.004362454872155229	115.0	0.0	0.884313892700988	0.00011894521912087682	5.149574650201338e-06	0.004362451630948215	1.0560118572096973e-19			0.0	1.0	1.0	1.0	0.7142857142857143	0.0	1.0	draw144	True
-1.6566504990101905	-6.332880418271137	0.2019418276716186	0.017483742478764892	0.22190798119270047	0.22190823210687743	188.0	0.0	0.06535824813418363	0.02528742311334394	0.0014768520956533907	0.22158295106289033	3.2526065174565133e-19			0.0	1.0	1.0	1.0	0.8663594470046083	0.0	1.0	draw146	True
-14.46553135502431	-15.79796498013123	18.192528578131622	0.44082019919108045	0.5414912292473109	0.5414917921124086	80.0	0.0	0.39609490045203477	1.4032613201672179e-05	0.014925990699984617	0.5414912292473109	9.793983888750358e-20			0.0	1.0	1.0	1.0	0.47904191616766467	0.0	1.0	draw148	True
-0.7361325655487019	-1.0559763979143326	0.022116532445034864	0.0021170879414466365	0.08786796237988327	0.08787138317673866	197.0	0.0	0.09891648064348173	0.019163405665737224	0.0002483179200408386	0.08777694935995396	1.0842021724855044e-19			0.0	1.0	1.0	1.0	0.8794642857142857	0.0	1.0	draw149	True
-0.144827543301847	-0.3088037236838823	0.023837465453717482	0.006138525631308188	0.17383228782188437	0.1738436518427872	172.0	0.0	0.8474025528794379	0.06979095592096798	0.00013895687903346066	0.17383228782188437	3.686287386450715e-18			0.0	1.0	1.0	1.0	0.8730964467005076	0.0	1.0	draw150	True
-0.09541404559840744	-1.9881277327589713	0.952860610262047	0.026160764062107038	0.19749048870286304	0.1974936747976257	183.0	0.0	1.2887291583612173	0.12639629636918168	0.00011283982004749709	0.19749048870286304	1.0408340855860843e-17			0.0	1.0	1.0	1.0	0.8883495145631068	0.0	1.0	draw152	True
-0.042116034965883814	-0.6112146772345386	0.01918252190052501	0.04913423489332983	0.16618648553519166	0.16620004500340463	147.0	0.0	0.540698003397627	0.0006296601326697193	0.00016184104112742527	0.16618648553519166	6.776263578034403e-21			0.0	1.0	1.0	1.0	0.7945945945945946	0.0	1.0	draw158	True
-0.2936449771047385	-0.8053211564092935	0.07341631698659215	0.023602527486913098	0.11288435705948914	0.11289827298061211	156.0	0.0	0.23317541597708186	0.004125485109961135	0.00033544871508834164	0.11288435705948914	1.6263032587282567e-19			0.0	1.0	1.0	1.0	0.8478260869565217	0.0	1.0	draw159	True
-0.949996972684856	-0.949996972684856	0.01402735966781769	0.026689833596123876	0.7957237160496421	0.7959158568270426	174.0	0.0	0.029767759405955857	9.97659451055925e-07	0.01402735966781769	0.026689833596123876	1.870248747537495e-18			0.0	1.0	1.0	1.0	0.7909090909090909	0.0	1.0	draw161	True
-0.43994488825421063	-3.7782484028281527	0.009232662098322759	0.0017779432576895524	0.5503045896950465	0.5504779297881648	233.0	0.0	0.3188461039715255	0.18532752471735103	0.00010994726497733719	0.5503045896950465	3.2526065174565133e-19			0.0	1.0	1.0	1.0	0.8825757575757576	0.0	1.0	draw162	True
-14.863946615109409	-56.26605081183213	0.3664538610994814	0.017043843545979757	0.7659520349769227	0.7660837352145347	225.0	0.0	0.028035072507670112	0.0688920125501404	0.0035441401267546154	0.7659520349769227	1.6263032587282567e-19			0.0	1.0	1.0	1.0	0.8928571428571429	0.0	1.0	draw164	True
-0.34562229551554297	-0.3475388425296852	0.011051892735972789	0.0016481365960402295	0.14911263761462293	0.14939621672469192	179.0	0.0	0.24869574272233808	0.000452768428893112	0.010738759335759022	0.00867390614045314	2.7755575615628914e-16			0.0	1.0	1.0	1.0	0.817351598173516	0.0	1.0	draw165	True
-3.249414665669131	-3.249414665669131	9.878674279212372e-05	0.0019724815063075106	0.0051545733175319035	0.005189894035267463	100.0	0.0	0.0011508791189600376	0.23980558906564708	9.878674279212372e-05	0.0019724815063075106	3.469446951953614e-18			0.0	0.0	1.0	0.0	0.3663003663003663	0.0	1.0	draw166	True
-0.3611626884937408	-1.0082477034708592	0.15173511368373171	0.001160388360278709	0.1149116783162672	0.11496600758391416	236.0	0.0	0.8219824807091881	0.549397403783508	0.02592323583321419	0.062309184979011924	2.3946122862383845e-14			0.0	1.0	1.0	1.0	0.7444794952681388	0.0	1.0	draw168	True
-0.40276811769981535	-5.536963145819422	0.22675474499454498	0.0005228538649806504	0.04706091068126682	0.0470644697139404	191.0	0.0	0.8520637965980247	0.28719962601476134	0.00019556730174299515	0.04706091068126682	8.890457814381136e-17			0.0	1.0	1.0	1.0	0.8967136150234741	0.0	1.0	draw170	True
-5.261653276278042	-11.096281596913427	30.739039795399606	0.1267964617659831	2.37562723668857	2.3760883274724645	184.0	0.0	1.8197505572281225	0.010235150184916537	0.08232247357948802	2.37562723668857	1.3877787807814457e-17			0.0	1.0	1.0	1.0	0.8401826484018264	0.0	1.0	draw173	True
-13.490072964183963	-19.71537416191792	0.20169010543063495	0.0019729768064455605	0.23178244185722424	0.23181787693872483	237.0	0.0	0.014530049041898401	0.06974944390181949	0.0014102719995092493	0.23178244185722424	8.131516293641283e-20			1.0	0.0	1.0	1.0	0.8909774436090225	0.0	1.0	draw174	True
-0.8370444210511889	-0.8370444210511889	0.004181103288807479	0.018307493592318893	0.026413865968878136	0.02641387138293784	48.0	0.0	0.023011832980077244	2.368192782148711	0.004181103288807479	0.018307493592318893	1.0408340855860843e-17			0.0	0.0	1.0	1.0	0.2857142857142857	0.0	1.0	draw175	True
-0.4536837083849003	-1.6550361990181182	0.3446164141873784	0.017582691313795504	0.17229576016790818	0.17235832731101008	177.0	0.0	0.229435719452437	0.050253275933491395	0.0021544308021666093	0.17229576016790818	3.469446951953614e-18			0.0	1.0	1.0	1.0	0.84688995215311	0.0	1.0	draw178	True
-0.37467859183341695	-5.7369885893055885	0.8336006271625386	0.023890483124526907	0.2241688592559034	0.22421438371305982	206.0	0.0	0.6203037767529951	0.13838837639775423	0.0011610628609283055	0.2241688592559034	6.965998958219366e-18			0.0	1.0	1.0	1.0	0.8765957446808511	0.0	1.0	draw179	True
-0.07873490664281964	-0.38830595784588434	0.024910049220235028	0.0009043146432041029	0.25909815889650634	0.2591021354645543	212.0	0.0	1.1431858847302767	0.11450424889147506	3.886375574915414e-05	0.25909815889650634	4.7704895589362195e-18			0.0	1.0	1.0	1.0	0.8983050847457628	0.0	1.0	draw180	True
-0.0024116321666129994	-0.027257408986401555	9.036160155764255e-05	0.007999132690036938	0.015432335384638356	0.015432521992216971	126.0	0.0	0.7973925371701774	0.00019149802768992535	4.455715298709792e-07	0.015432335384638356	2.117582368135751e-22			0.0	1.0	1.0	1.0	0.7636363636363637	0.0	1.0	draw182	True
-5.268767441088078	-11.718998131544833	1.8374400364590986	0.02402879189508163	0.09611393707949706	0.0961171562642068	174.0	0.0	3.2522805536412527	0.021933619863445854	0.0010809618022765966	0.09611393707949706	6.340465126672065e-17			0.0	1.0	1.0	1.0	0.87	0.0	1.0	draw183	True
-0.09844399339278621	-1.2626688536798003	0.04895676029260812	0.0010862211972827549	0.017944194277700023	0.017944410483830383	170.0	0.0	0.3356165077788112	0.03595919028849182	0.003860910910958696	0.0176652840919981	1.9949319973733282e-17			0.0	1.0	1.0	1.0	0.85	0.0	1.0	draw187	True
-1.1646877076469326	-2.188390290356862	1.1902889313262786	0.12635020674917624	0.32473676726840656	0.3247636950238873	113.0	0.0	0.5014092252610824	6.187505959879422e-05	0.01289111774958328	0.32473676726840656	9.317362419797304e-21			0.0	1.0	1.0	1.0	0.6277777777777778	0.0	1.0	draw188	True
-0.06546179238237314	-0.06563027621122718	0.0005679534091706273	0.00011407008100847849	0.017337978342336642	0.017343989441187493	212.0	0.0	0.0756150209901313	0.0018839795320402264	0.0005563248531255268	0.0041868863235840605	2.6020852139652106e-18			0.0	1.0	1.0	1.0	0.828125	0.0	1.0	draw190	True
-0.5176359836154463	-2.0066483581588526	0.0668979606527039	0.008881109915236714	0.03275308826623689	0.03275599891671169	132.0	0.0	0.9638376310398258	0.000993749451256815	0.0006004806771916668	0.03275308826623689	1.060485249962384e-18			0.0	1.0	1.0	1.0	0.8	0.0	1.0	draw191	True
-0.49641611018745696	-0.49641611018745696	0.12830561751399447	0.07593649612888664	0.2464042648915552	0.24640785389232245	49.0	0.0	0.1536386657548821	0.24397928304304842	0.12830561751399447	0.07593649612888664	8.326672684688674e-17			0.0	0.0	1.0	1.0	0.21397379912663755	0.0	1.0	draw194	True
-0.17391312797757197	-0.26465901340521225	0.016860100946670016	5.524602433523133e-05	0.09256426179474674	0.09257649487269422	237.0	0.0	0.7466593462387214	0.5242482098880243	0.0004509434113865299	0.09256426179474674	4.163336342344337e-17			0.0	1.0	1.0	1.0	0.8374558303886925	0.0	1.0	draw196	True
-2.1724119454299946	-2.9956167194534022	1.2734156307942395	0.0020561525481071095	0.20012001929880022	0.20012224339714976	206.0	0.0	0.7730806777192932	0.15337928367081388	0.003386593510285722	0.20012001929880022	1.723881454251952e-16			0.0	1.0	1.0	1.0	0.865546218487395	0.0	1.0	draw197	True
-0.4548786930504084	-3.9954357367369147	2.3999075004922568	0.06159979833201167	0.4011602180213501	0.4011617381571222	170.0	0.0	1.8403225515956099	0.01944922240786534	0.0004326341199198404	0.4011602180213501	2.0383000842727483e-17			0.0	1.0	1.0	1.0	0.8762886597938144	0.0	1.0	draw198	True
-0.30776857918611855	-1.2893671193600498	0.15909759191198275	0.009451246595040536	0.08632833036147293	0.08632899463169388	172.0	0.0	2.221358265586574	0.020637666477464962	4.4295741849061776e-05	0.08632833036147293	7.37257477290143e-18			0.0	1.0	1.0	1.0	0.8730964467005076	0.0	1.0	draw199	True
-0.38831619242784443	-7.584432781559318	14.283202207540612	0.020172846970499436	0.7458319398542659	0.746042548976489	207.0	0.0	1.610556883634639	0.28091012114666364	0.017142887124117708	0.7458319398542659	1.6653345369377348e-16			0.0	1.0	1.0	1.0	0.7961538461538461	0.0	1.0	draw202	True
-0.09233044303831445	-0.46211386283462624	0.03492284799127013	0.04090932829451386	0.11352803494163041	0.11352891708015939	114.0	0.0	0.5053404150297487	5.895612344425892e-05	0.0001053716767112391	0.11352803494163041	1.6940658945086007e-21			0.0	1.0	1.0	1.0	0.6229508196721312	0.0	1.0	draw203	True
-0.1714118163422176	-1.5594662936847623	0.11014775281625641	0.0033365706710718783	0.26686087481634774	0.2669416607990381	205.0	0.0	0.3854786636359609	0.009011969313596746	0.002619830524270794	0.26686087481634774	7.589415207398531e-19			0.0	1.0	1.0	1.0	0.8577405857740585	0.0	1.0	draw206	True
-0.11891006704343227	-0.49339139377960556	0.03597343589304448	0.003982538667800659	0.0844393892418244	0.0844597172652818	211.0	0.0	0.32198603482385807	0.04260492249975255	0.0010999760149512107	0.03408176152496304	8.326672684688674e-17			0.0	1.0	1.0	1.0	0.7535714285714286	0.0	1.0	draw208	True
-0.30497814212073815	-0.30497814212073815	0.0029176896802993136	0.016568634673764862	0.02934980416765613	0.02935050683612341	38.0	0.0	0.737304064457931	0.7787601464350997	0.0029176896802993136	0.016568634673764862	1.249000902703301e-16			0.0	0.0	1.0	1.0	0.1735159817351598	0.0	1.0	draw210	True
-0.710927436045252	-0.710927436045252	0.793094252322523	0.18442585304372316	0.6300999251246214	0.6301123957063687	55.0	0.0	0.19936100158259715	0.09931637464775901	0.793094252322523	0.18442585304372316	2.220446049250313e-16			0.0	0.0	1.0	1.0	0.2879581151832461	0.0	1.0	draw214	True
-0.1785599653571218	-1.0353480567332145	0.07214877514195438	0.015007326508103517	0.3075596705756487	0.30760686220209854	181.0	0.0	0.547863255886753	0.040026871231863215	0.0010650027392473658	0.3075596705756487	4.336808689942018e-18			0.0	1.0	1.0	1.0	0.8829268292682927	0.0	1.0	draw215	True
-2.691907168894341	-3.3961894655277773	0.7615851632525662	0.04163001041993899	0.17806058287653417	0.17806450878817287	150.0	0.0	0.059530765696682635	0.0016872877077313037	0.004060538668192238	0.1779734667079356	1.0842021724855044e-19			0.0	1.0	1.0	1.0	0.8333333333333334	0.0	1.0	draw218	True
-0.22571043240350547	-0.3295426479983227	0.004170562284182394	0.0009503441354343041	0.04634946929670972	0.04634968019495878	201.0	0.0	0.17950484181130472	0.29402041286962727	0.0004288272565935847	0.04538318862550786	1.951563910473908e-18			0.0	1.0	1.0	1.0	0.881578947368421	0.0	1.0	draw219	True
-0.12892275532907974	-0.5083219510069108	0.0005120517852837273	0.05108424234701128	0.06447403007937864	0.0510766779013161	31.0	0.0	1.6779131572838437	0.014548182704460807	0.024465931845426198	0.06447403007937864	5.204170427930421e-18			0.0	0.0	0.0	0.0	0.15577889447236182	0.0	1.0	draw222	True
-0.20303098076186327	-0.2293915456871863	0.0013523150934300582	0.000704683338406986	0.03554041629458253	0.0355415325583885	198.0	0.0	0.16737600285011042	0.2143408414700726	4.645999337348483e-05	0.035490292811207434	4.336808689942018e-19			0.0	1.0	1.0	1.0	0.868421052631579	0.0	1.0	draw225	True
-3.4689875669999752	-3.5116731023801897	2.754276783414544	0.02419469790177869	0.5743503591498905	0.5743741750764841	175.0	0.0	0.6385663770064293	0.008700275515464276	0.02117371482779367	0.5743503591498905	9.484386729084011e-18			0.0	1.0	1.0	1.0	0.8536585365853658	0.0	1.0	draw226	True
-0.07616384537221468	-0.9007409233570912	0.06607611236403653	0.026208546626170916	0.15747541003267354	0.15747675886270687	173.0	0.0	0.7938628905073504	0.006169882497138745	4.193639897680636e-05	0.15747541003267354	1.0842021724855044e-19			0.0	1.0	1.0	1.0	0.8357487922705314	0.0	1.0	draw227	True
-0.04808148673114868	-0.8966960783767628	0.005612149347914494	1.772380375419664e-05	0.019423407690829154	0.01942409428553684	214.0	0.0	0.35248801876433106	0.1424493076919342	0.001695235516840577	0.018604858873610373	1.734723475976807e-17			0.0	1.0	1.0	1.0	0.8326848249027238	0.0	1.0	draw228	True
-1.3670849920477435	-3.4585951274820195	0.020248751687449714	0.0016784115718007462	0.14660144467371689	0.146601495260224	225.0	0.0	0.07221844958174593	0.21285607240220522	1.7105715425919535e-05	0.14660144467371689	4.336808689942018e-19			0.0	1.0	1.0	1.0	0.896414342629482	0.0	1.0	draw229	True
-0.23921364991130062	-0.23921364991130062	0.0019239839861344167	0.00138251686642713	0.02202386866067684	0.02202415448388208	148.0	0.0	0.010002526591446763	0.06762940743451508	0.0019239839861344167	0.00138251686642713	6.938893903907228e-18			0.0	0.0	1.0	1.0	0.4365781710914454	0.0	1.0	draw234	True
-0.41022400696901623	-0.41022400696901623	1.8981781284585638e-05	0.0019527256197522775	0.0023787379780020384	0.002378765939145712	57.0	0.0	0.005242317335261028	0.3366448408536295	1.8981781284585638e-05	0.0019527256197522775	4.336808689942018e-19			0.0	0.0	1.0	0.0	0.15447154471544716	0.0	1.0	draw235	True
-4.857657386942528	-4.862697142873708	0.0007436546400184827	0.0030771732118381723	0.004336255394535504	0.004336258071116226	128.0	0.0	0.0008916597077012499	0.0005887003504979003	1.389833284107974e-07	0.004336255394535504	5.293955920339377e-23			0.0	1.0	1.0	1.0	0.7950310559006211	0.0	1.0	draw236	True
-0.048212469449324724	-0.5846682236430772	0.03134707405372518	0.009307035229237455	0.1415697219689762	0.14157013258290918	183.0	0.0	0.7750482229181709	0.022181578455162613	1.4570323457672386e-05	0.1415697219689762	3.9302328752599536e-19			0.0	1.0	1.0	1.0	0.8714285714285714	0.0	1.0	draw237	True
-1.6625203018959889	-2.2815224082483123	0.004958566052783959	0.00022812001224128557	0.012834445526841879	0.012856149020673833	216.0	0.0	0.0073985747941343796	0.17356705244940598	0.0002751797380418278	0.012834445526841879	5.421010862427522e-20			1.0	0.0	1.0	1.0	0.717607973421927	0.0	1.0	draw238	True
-0.16640092182368027	-1.7239510447920847	0.5326476503307493	0.03479354103374399	0.330357626863652	0.3303598432439969	172.0	0.0	0.7195729498239084	0.0051837513090032495	0.00022265150707205457	0.330357626863652	1.6449379835678513e-18			0.0	1.0	1.0	1.0	0.8557213930348259	0.0	1.0	draw239	True
-0.19130633960287413	-0.74118737887792	0.125493681176606	0.08880251634009168	0.14526194166531536	0.1453705769671653	172.0	0.0	1.2658594750880958	0.41082217914848185	0.000964571528286775	0.14526194166531536	4.163336342344337e-17			0.0	1.0	1.0	1.0	0.8730964467005076	0.0	1.0	draw244	True
-0.24187837148278107	-0.6645901886692644	0.10216957723315097	0.01516875701749175	0.10510806148714077	0.10511392024816474	180.0	0.0	0.21363140123396604	0.003573359112739205	0.001683193904484795	0.07479972870789411	2.7755575615628914e-17			0.0	1.0	1.0	1.0	0.6976744186046512	0.0	1.0	draw245	True
-0.21379381224562333	-0.22896773703875692	0.0030615180009354484	0.00011450465518580151	0.001071088385118118	0.0010711203385156511	190.0	0.0	0.004489737589924926	0.0007221822335819218	0.00041254447223589653	0.0009525986422390565	5.251604272976662e-20			0.0	1.0	1.0	1.0	0.8796296296296297	0.0	1.0	draw248	True
-0.9747573714121646	-1.0110409353176317	0.02528229992809907	0.0050793974015926726	0.009429668862934216	0.009429806810851763	195.0	0.0	0.006590591584184161	6.380663861082894e-05	0.0006557589990208901	0.0065947147919297715	2.6020852139652106e-18			0.0	1.0	1.0	1.0	0.6964285714285714	0.0	1.0	draw249	True
-0.11314824826009823	-1.8796751296682206	0.015222878525054521	0.005482806406911736	0.05757792637570341	0.057588551341893966	196.0	0.0	0.11573828358098329	0.1581243204839592	5.039960211675004e-05	0.05757792637570341	6.505213034913027e-19			0.0	1.0	1.0	1.0	0.8448275862068966	0.0	1.0	draw250	True
-4.111781347446195	-76.84177045773484	18.813200639419737	0.013417490261690545	1.7474898946847455	1.7475097290564165	173.0	0.0	1.0784375912070132	0.2286787550918568	0.11686920065750266	1.7474898946847455	2.6645352591003757e-15			0.0	1.0	1.0	1.0	0.8781725888324873	0.0	1.0	draw252	True
-0.07197025752450434	-0.23269008861596727	0.010209850428990157	0.0038375220582263126	0.04495632157514863	0.04496807692193528	173.0	0.0	0.3714038367378147	0.08732823991396364	0.00010330461823527001	0.04495632157514863	1.5178830414797062e-18			0.0	1.0	1.0	1.0	0.8737373737373737	0.0	1.0	draw256	True
-0.7609733691816458	-1.0536367497902128	0.0782370913962019	0.00011772122269954031	0.19162078148905853	0.19170010651081146	254.0	0.0	0.2607050378631682	0.26831344675109703	0.0026667966046698996	0.19162078148905853	6.938893903907228e-18			0.0	1.0	1.0	1.0	0.9136690647482014	0.0	1.0	draw257	True
-0.5666834593806965	-0.5666834593806965	0.06284880880858312	0.17900807875551428	0.3635467282237229	0.36368588999614726	38.0	0.0	0.3623101451956293	0.805528848519736	0.06284880880858312	0.17900807875551428	3.885780586188048e-16			0.0	0.0	1.0	0.0	0.18357487922705315	0.0	1.0	draw261	True
-0.12237436423327891	-0.3806990579418627	0.02589369114712192	0.019808751989519317	0.0885235253623224	0.0885247418094006	164.0	0.0	0.45070594140766473	0.18884082874351635	5.906473849227647e-05	0.08851856193034428	1.0408340855860843e-17			0.0	1.0	1.0	1.0	0.7922705314009661	0.0	1.0	draw262	True
-0.43632605158298654	-1.4894428340628605	0.0301728746793906	0.00014693415838607806	0.14950335458262484	0.14958622735952934	256.0	0.0	0.1653949705784007	0.45296969814842486	0.007286798560745381	0.14480547629329757	8.673617379884035e-18			1.0	0.0	1.0	1.0	0.8421052631578947	0.0	1.0	draw263	True
-0.021891731978348608	-0.021891731978348608	0.00011932034021830041	0.00015978448530332487	0.014370218158351994	0.01438800211406334	187.0	0.0	0.014033445473705435	9.985439396388866e-07	0.00011932034021830041	0.00015978448530332487	1.734723475976807e-18			0.0	1.0	1.0	1.0	0.8697674418604651	0.0	1.0	draw264	True
-1.6494456513421432	-3.30414970364487	2.4220594309963963	0.045840051407100436	0.24307295654668462	0.2430910007000825	155.0	0.0	0.45257874055497666	0.000803800582494237	0.012636165267418582	0.24307295654668462	2.168404344971009e-19			0.0	1.0	1.0	1.0	0.8031088082901554	0.0	1.0	draw268	True
-0.1551392685623969	-0.22346458318950696	0.008053126567043494	0.0193666079085485	0.05837824226373586	0.05837872197106985	139.0	0.0	0.33899379411408187	0.0015976896855579915	6.910538555618667e-06	0.05837824226373586	3.7269449679189215e-20			0.0	1.0	1.0	1.0	0.8224852071005917	0.0	1.0	draw272	True
0.40373381949161324	-8.311820068903165	0.050394779574121126	0.0812737968337254	0.4687311819300326	0.4687575071778409	75.0	26.0	1.3745465169283662	0.16736579135505777	0.5240536489631198	0.2700452889019423	4.996003610813204e-16	0.19884804389272587	0.6320518539775236	0.0	0.0	1.0	0.0	0.3112033195020747	0.0	1.0	draw273	True
-0.20390505439511558	-0.3791778093059569	0.03540695360095244	0.01894698544586832	0.08372456463162078	0.08373047072961379	175.0	0.0	0.2816047442547367	0.0030176360516026035	0.0005344376741108389	0.05957532070508118	4.85722573273506e-17			0.0	1.0	1.0	1.0	0.6529850746268657	0.0	1.0	draw274	True
-0.2459048346418882	-1.7008277052863896	0.5773764179734769	0.0054181432583897534	0.08733547506319883	0.08733596944412303	203.0	0.0	0.13801588224984046	0.02341774504569597	0.07840469383164606	0.07068590501360465	5.551115123125783e-17			0.0	1.0	1.0	1.0	0.7689393939393939	0.0	1.0	draw276	True
-7.104534020682231	-70.970659460902	762.3498424410192	0.19465323785733496	1.1547408961172183	1.1547614640586839	204.0	0.0	0.5275433881833415	0.009971004924758145	0.026509276853092824	1.1547408961172183	1.779446815591834e-17			0.0	1.0	1.0	1.0	0.8717948717948718	0.0	1.0	draw278	True
-0.10895001551302821	-2.363468863318502	1.0263040191792325	0.014893509094500075	0.4200471422156181	0.4203819505677516	214.0	0.0	0.4748180295436979	0.20726931769150386	0.07634407732145315	0.31814846009349984	5.551115123125783e-17			0.0	1.0	1.0	1.0	0.7379310344827587	0.0	1.0	draw280	True
-0.25923000821773956	-0.298387514647622	0.0021395991779625326	0.020737804105683686	0.05648828538352122	0.05648831281794427	140.0	0.0	0.19875744353751862	0.0010724845124215855	1.4336418419256802e-05	0.05641691374713279	7.30565917006834e-21			0.0	1.0	1.0	1.0	0.8284023668639053	0.0	1.0	draw281	True
-1.7145557955436126	-1.7145557955436126	0.12181338216525481	0.030952593731151265	0.041322280872823636	0.04132480255554168	50.0	0.0	0.01832627543930716	0.2577341226646021	0.12181338216525481	0.030952593731151265	2.0816681711721685e-17			0.0	0.0	1.0	1.0	0.33112582781456956	0.0	1.0	draw283	True
-0.01747153925190885	-0.10904454107539045	0.0022744521515721005	0.003669938217640813	0.04228198927834082	0.04228387260588539	168.0	0.0	0.7044358879753848	0.03568435247838711	1.3965963386430959e-05	0.04228198927834082	5.421010862427522e-19			0.0	1.0	1.0	1.0	0.865979381443299	0.0	1.0	draw284	True
-0.867321028893703	-71.7952250646413	22.39757833473772	0.04663135501972296	2.109193146971954	2.1093533730442133	222.0	0.0	0.2369893200013018	0.01381910502841184	0.01790562021679631	2.109193146971954	2.0659133583532385e-18			0.0	1.0	1.0	1.0	0.844106463878327	0.0	1.0	draw285	True
-0.4844350758755397	-0.7570098263373537	0.1359204772604796	0.013359184598075838	0.09154527211070458	0.09154915732501724	165.0	0.0	0.8151835980218891	0.003049634853646168	0.0004545251591873742	0.09154527211070458	1.4365678785432934e-18			0.0	1.0	1.0	1.0	0.8333333333333334	0.0	1.0	draw286	True
-0.07033016979197554	-0.07095847213833714	4.760289526972331e-05	0.0018885023008653947	0.007174245118111929	0.007175638160645058	164.0	0.0	0.02727625573583637	2.5114414577916986e-05	2.876332797811783e-06	0.0019235654653852836	5.204170427930421e-18			0.0	1.0	1.0	1.0	0.6612903225806451	0.0	1.0	draw287	True
-0.7440337310446385	-2.0003452130655117	0.5056152281634537	0.0020182446549664324	0.5235171252443064	0.5270798656212975	198.0	0.0	0.5492773084031917	0.3798503787495107	0.33841366033750203	0.5235171252443064	1.6653345369377348e-16			0.0	1.0	1.0	1.0	0.6875	0.0	1.0	draw288	True
-0.37002428062031384	-2.833717461840828	1.2101717431925376	0.034803865386354396	0.5915695404413367	0.591570079436421	170.0	0.0	1.3688305526980327	0.05636255678647326	0.0001903032694332566	0.5915695404413367	6.884683795282953e-18			0.0	1.0	1.0	1.0	0.8808290155440415	0.0	1.0	draw292	True
0.40219411068009414	-9.783925306863027	19.503561302565075	0.040287017378880324	1.7691783282731386	1.7691860070176193	198.0	4.0	2.0195539672634837	0.22667496608985455	0.008912875153022765	1.7691783282731386	5.551115123125783e-16	1.7645855467004312	0.25172028365583415	0.0	1.0	1.0	1.0	0.853448275862069	0.0	1.0	draw294	True
-0.5923565046901644	-0.7852713171258201	0.13559283597521168	8.440195588945599e-05	0.06386628288196901	0.06386866726775432	246.0	0.0	0.10979956640020923	0.11454157092246328	0.0004501048503808361	0.06386628288196901	2.6020852139652106e-18			0.0	1.0	1.0	1.0	0.8661971830985915	0.0	1.0	draw295	True
-0.4596479772478874	-2.6670913273713497	0.34848909943699774	0.0031705092795157683	0.28474728855305526	0.28477554183241716	185.0	0.0	1.1037431573894092	0.24150762079802432	0.00926056160274742	0.28474728855305526	1.3877787807814457e-16			0.0	1.0	1.0	1.0	0.8685446009389671	0.0	1.0	draw296	True
-0.3331477405019968	-6.2671579071954655	3.739196360727015	0.014512545530027761	0.3803397895725004	0.38034101359536987	202.0	0.0	0.3040430301004491	0.01707816439219512	0.0006998159090303289	0.3803397895725004	3.469446951953614e-18			0.0	1.0	1.0	1.0	0.8782608695652174	0.0	1.0	draw299	True
-0.38566409307731286	-2.5458621851675005	1.226363086342163	0.056153253992842204	0.16316851753528658	0.1631685214975498	170.0	0.0	0.4685936347352036	0.002970114206713856	1.5283394455857432e-05	0.16316851753528658	2.574980159653073e-19			0.0	1.0	1.0	1.0	0.8374384236453202	0.0	1.0	draw300	True
-0.659122384137727	-4.607931057444879	0.19403859220351027	0.003382838930004618	0.3259948052282007	0.32619521546395275	168.0	0.0	0.9623520315937727	0.3076363076768344	0.057804309527107994	0.3259948052282007	6.661338147750939e-16			0.0	1.0	1.0	1.0	0.835820895522388	0.0	1.0	draw302	True
-2.1268301447636038	-74.63308946856398	1047.6367515879754	0.028620831748249507	2.260353247791886	2.2605563819994487	224.0	0.0	1.2768494218772217	0.2530766607716614	0.17738208993749446	2.260353247791886	6.661338147750939e-16			0.0	1.0	1.0	1.0	0.896	0.0	1.0	draw305	True
-0.3399305731372061	-11.007461489176276	0.07014906487120266	0.0010365090100857887	0.013676228559469832	0.013676417266892452	151.0	0.0	0.9367062379395872	0.06288972075109411	7.180568529958212e-05	0.013676228559469832	4.412702842016003e-17			0.0	1.0	1.0	1.0	0.8728323699421965	0.0	1.0	draw306	True
-6.408733996039482	-25.46520462297389	5.100103378985587	0.002528921388653349	0.9396222876118427	0.9400348281352966	252.0	0.0	0.0793285368697891	0.28637187082479304	0.07203658021090541	0.9396222876118427	1.0408340855860843e-17			1.0	0.0	1.0	1.0	0.75	0.0	1.0	draw307	True
-1.5409206412478649	-3.672598781780979	0.5235369947005613	0.001675668083574977	1.233916037832319	1.2339410405093696	235.0	0.0	0.47554273991648843	0.12969150673908916	0.002893723309057333	1.233916037832319	8.673617379884035e-18			0.0	1.0	1.0	1.0	0.9073359073359073	0.0	1.0	draw308	True
-2.19066779796215	-3.831792025134098	1.5176688556279057	0.001098341262588772	0.28957909949511434	0.28972803270027353	233.0	0.0	0.12548064032876985	0.0756528094087946	0.02030301130087503	0.28957909949511434	7.806255641895632e-18			0.0	1.0	1.0	1.0	0.879245283018868	0.0	1.0	draw310	True
-0.25806400250248523	-0.37055433864404863	0.00021221737510659225	0.04927123430128451	0.08526166905480563	0.08526728308924474	45.0	0.0	1.1638781054019949	1.3274983591114606	0.00013569853798526507	0.08526166905480563	1.1796119636642288e-16			0.0	0.0	1.0	0.0	0.24456521739130435	0.0	1.0	draw313	True
-0.46687594564205026	-1.773081760804235	0.2273897001994172	0.0018378889447343732	0.1120735338951901	0.1121272699009901	216.0	0.0	0.23321385394134136	0.0835214120771133	0.0020346105062970894	0.1120735338951901	4.4994390158148434e-18			0.0	1.0	1.0	1.0	0.8852459016393442	0.0	1.0	draw314	True
-0.0527074500047159	-0.6859727924761396	0.07023964148130107	0.03113530950870607	0.12998610126918975	0.12998612876136334	177.0	0.0	0.5578546115871865	0.05263569552040548	0.0009183394323528921	0.12653466140788386	1.734723475976807e-17			0.0	1.0	1.0	1.0	0.6704545454545454	0.0	1.0	draw317	True
-0.541469546487777	-0.6651500255867844	0.064762888660758	0.0017438200869477221	0.0203372689530344	0.020337430362305862	176.0	0.0	0.03620491531738812	0.0030399861645831238	0.0036202700921399286	0.019697598831985318	2.168404344971009e-19			0.0	1.0	1.0	1.0	0.8543689320388349	0.0	1.0	draw321	True
-5.379418845662757	-11.840445801799431	35.03761748213417	0.03152528171143929	0.6584730524571653	0.6584735503642286	188.0	0.0	0.4727310349844413	0.0016170503886703518	0.006090410955024883	0.6584730524571653	2.6020852139652106e-18			0.0	1.0	1.0	1.0	0.8138528138528138	0.0	1.0	draw322	True
-12.033343618739536	-18.475738222582528	73.83291830085119	0.13225432799452636	0.4939677876820744	0.49396810275418257	173.0	0.0	0.4434588740129577	0.007454875681240686	0.006754288424533144	0.4939677876820744	6.860289246402029e-17			0.0	1.0	1.0	1.0	0.8480392156862745	0.0	1.0	draw324	True
-0.48380032475385865	-2.485607479085705	0.13305116228706432	0.0688047083900284	0.3000932571355035	0.30012987251110174	170.0	0.0	0.28995042160193846	0.0020839167011204693	0.010287091259140362	0.2714522924429904	8.267041565201971e-19			0.0	1.0	1.0	1.0	0.8629441624365483	0.0	1.0	draw325	True
-0.8150539400683714	-0.8150539400683714	0.048915284126016444	0.0064491468234234494	0.024269308518703344	0.024271023847276165	133.0	0.0	0.09562945166441324	9.984808618837279e-07	0.048915284126016444	0.0064491468234234494	7.430067134196316e-20			0.0	1.0	1.0	1.0	0.7307692307692307	0.0	1.0	draw326	True
-0.0553766311979938	-0.055389204999436635	9.126989009022995e-07	0.00015453461608273155	0.0027285492178839234	0.002728774799583783	189.0	0.0	0.0028110691935935893	6.177722547406112e-06	1.5578582398347961e-07	0.00015590595054969754	8.673617379884035e-19			0.0	1.0	1.0	1.0	0.7620967741935484	0.0	1.0	draw327	True
-1.2954693950102631	-1.2954693950102631	0.4200966524014879	0.33694361975132214	0.3935539096854427	0.39356105168878674	36.0	0.0	0.26402568373716806	0.26963877277402004	0.4200966524014879	0.33694361975132214	2.7755575615628914e-16			0.0	0.0	1.0	1.0	0.1836734693877551	0.0	1.0	draw330	True
-3.1115221230822994	-8.479105696025893	17.92457907980334	0.20281848917317677	1.2233822167819766	1.2233823887405233	158.0	0.0	0.615397200900124	0.0009045956878138467	0.003317586573461832	1.2233822167819766	1.3010426069826053e-18			0.0	1.0	1.0	1.0	0.8061224489795918	0.0	1.0	draw331	True
-2.033762024596055	-3.9519801614783745	1.501960191665202	0.0265854370968111	0.2749982421727515	0.27499850665192554	168.0	0.0	1.3135724631334758	0.011659429095769858	0.0005929586953882715	0.2749982421727515	1.4690939437178585e-17			0.0	1.0	1.0	1.0	0.8615384615384616	0.0	1.0	draw333	True
-5.742505887965962	-8.424062769288856	1.519572483750842	0.0008244135342408454	0.13070671131906977	0.13071978394263903	240.0	0.0	0.019733081556666688	0.05124077679765051	0.07751962040155394	0.12953861377774362	8.673617379884035e-19			1.0	0.0	1.0	1.0	0.8823529411764706	0.0	1.0	draw334	True
-0.4313561776281696	-0.4313561776281696	1.237844758814369e-06	0.0004980297565551771	0.0005916982533765963	0.0005917169616822253	88.0	0.0	0.003851783695325784	0.432932038546637	1.237844758814369e-06	0.0004980297565551771	7.589415207398531e-19			0.0	0.0	1.0	0.0	0.21674876847290642	0.0	1.0	draw335	True
-1.279845123305151	-3.0509990557756232	2.2936201998020054	0.07173213317092025	0.21609079252481883	0.21609174324196967	125.0	0.0	0.3114672382158558	6.19193326885984e-05	0.0021626808079289197	0.21609079252481883	3.5998900258307764e-20			0.0	1.0	1.0	1.0	0.6218905472636815	0.0	1.0	draw337	True
-0.240537417117904	-0.4895741502384671	0.048900114491405584	0.04600874181969574	0.11588869568367773	0.11588950300962479	140.0	0.0	0.3592260720149143	0.00360367361845906	3.5084711878868006e-05	0.11588869568367773	1.7830043539703022e-19			0.0	1.0	1.0	1.0	0.8383233532934131	0.0	1.0	draw341	True
-0.44722069193770864	-3.1297754661915085	1.607579857377535	0.007994946577017248	1.377724822116501	1.3777857048991113	223.0	0.0	0.8527090970056193	0.30567942106559093	0.9846621303698849	0.5338288980154351	4.440892098500626e-16			0.0	1.0	1.0	1.0	0.7852112676056338	0.0	1.0	draw344	True
-1.7977281929659414	-5.10587722986346	0.7006545798210655	0.018618957617100702	0.34842038423413774	0.34845204793451157	189.0	0.0	0.11851376461828199	0.038966146851662616	0.002394473188072088	0.34842038423413774	1.1926223897340549e-18			0.0	1.0	1.0	1.0	0.883177570093458	0.0	1.0	draw346	True
-0.3893557720530913	-0.7456240793432759	0.03103780610336447	0.012211207088144755	0.045843802131308294	0.04585064364001465	143.0	0.0	1.0894694268847027	0.011985311235106023	0.0006688677416580837	0.045843802131308294	4.052205619664573e-18			0.0	1.0	1.0	1.0	0.8461538461538461	0.0	1.0	draw348	True
-0.1715018308702296	-18.13358183338686	2.8650347183451106	0.34957643789611337	2.5113504196729366	2.51148290266121	164.0	0.0	0.33830905415785223	0.0007936765803935904	0.006904978613581337	2.5113504196729366	2.710505431213761e-20			0.0	1.0	1.0	1.0	0.8118811881188119	0.0	1.0	draw349	True
-0.15108711431635138	-0.7413077464817388	0.013387664340477567	0.0010887647658366364	0.043168825651262836	0.043172976049297075	207.0	0.0	0.14351559793434457	0.04063171040625865	2.811737507526891e-05	0.043168825651262836	2.168404344971009e-19			0.0	1.0	1.0	1.0	0.8846153846153846	0.0	1.0	draw352	True
-4.792803664159451	-21.80124179735538	76.04157773079157	1.1595435209074514	2.0680165414235394	2.0680436604476156	147.0	0.0	0.5062428105434296	0.00012615236987675765	0.039101809014241574	2.0680165414235394	2.168404344971009e-19			0.0	1.0	1.0	1.0	0.7067307692307693	0.0	1.0	draw353	True
-0.12712832613563707	-0.12712832613563707	0.00018274572927304584	0.00498580091704933	0.07208913669042923	0.07211529434436768	167.0	0.0	0.04033296075438336	9.973646669926048e-07	0.00018274572927304584	0.00498580091704933	1.0842021724855044e-19			0.0	1.0	1.0	1.0	0.8697916666666666	0.0	1.0	draw355	True
-0.08286827393858892	-4.139080217997705	0.23523320351794044	0.006915652196506013	0.12470115145675462	0.12470182163627196	207.0	0.0	0.20497730262474398	0.023014051075917797	6.594957676223158e-05	0.12470115145675462	4.336808689942018e-19			0.0	1.0	1.0	1.0	0.8589211618257261	0.0	1.0	draw356	True
-4.775773751846085	-4.775773751846085	0.05093339684905836	0.02662171801944109	0.043572261601941324	0.04357266003347522	65.0	0.0	0.010017307923215323	1.5196399087706838	0.05093339684905836	0.02662171801944109	3.469446951953614e-17			0.0	0.0	1.0	1.0	0.3693181818181818	0.0	1.0	draw357	True
-1.6143447401642996	-3.262453403568805	2.1137957802765097	0.007252053141966396	0.3721887181583073	0.372206938480539	207.0	0.0	0.39588455024334085	0.07571214883913623	0.18427048496518494	0.3616601225194511	3.0682921481339775e-17			0.0	1.0	1.0	1.0	0.8846153846153846	0.0	1.0	draw358	True
-0.12165815873163205	-0.1822775195433304	0.00401271343326779	0.00661933947301568	0.06217597312944047	0.062180661344640696	138.0	0.0	1.0445216487852333	0.009617463788037076	0.0001361593239624014	0.06217597312944047	1.3010426069826053e-18			0.0	1.0	1.0	1.0	0.8363636363636363	0.0	1.0	draw360	True
-0.35066659937549777	-0.774914428628604	0.02316713228307571	0.0011014747923032307	0.060139821134209556	0.0601399905791076	209.0	0.0	0.13747099349219702	0.17787078274010323	3.2578208595689406e-05	0.060139821134209556	2.6969529040576923e-18			0.0	1.0	1.0	1.0	0.8969957081545065	0.0	1.0	draw362	True
-0.026619648459023423	-0.5827297840717917	0.02395469090953153	0.013225798550334022	0.07346389703523531	0.07346508529964649	182.0	0.0	0.7520807736879161	0.12272417050755513	7.966367312948344e-06	0.07346389703523531	1.3010426069826053e-18			0.0	1.0	1.0	1.0	0.8666666666666667	0.0	1.0	draw363	True
-0.040404781419059	-0.051596973163235055	0.0006010544713367615	0.04149039478361586	0.07982985433771088	0.07983648240742887	149.0	0.0	0.8796606161875606	0.03764583847272744	1.7543256211630763e-05	0.07982985433771088	2.846030702774449e-19			0.0	1.0	1.0	1.0	0.8662790697674418	0.0	1.0	draw364	True
-0.5731418597694968	-4.301048213521769	0.14906078543127824	0.03981793949437854	0.5030227288635328	0.5030858905619271	193.0	0.0	0.5346558195851816	0.3035563951688888	0.0003998626699039885	0.5030227288635328	4.336808689942018e-18			0.0	1.0	1.0	1.0	0.9018691588785047	0.0	1.0	draw365	True
-2.6157063025936966	-148.15270446027506	68.13769365266414	0.006986465900906691	1.2389248551691745	1.2389402838088959	191.0	0.0	1.0963898864672341	0.5425456488404594	0.009880375543259922	1.2389248551691745	1.3322676295501878e-15			0.0	1.0	1.0	1.0	0.9095238095238095	0.0	1.0	draw370	True
-0.5620596417877782	-0.5620596417877782	0.02613762072403323	0.028293223279757307	0.03938318872339007	0.039385643202084784	48.0	0.0	0.0457458128350005	0.12691793827746534	0.02613762072403323	0.028293223279757307	1.3877787807814457e-17			0.0	0.0	1.0	1.0	0.24742268041237114	0.0	1.0	draw372	True
-0.2858026148202595	-0.2858026148202595	0.00013619426286109378	0.035742643861236476	0.04653514569806727	0.03574218808830161	29.0	0.0	0.12154474321383002	0.02807665052721419	0.00013619426286109378	0.035742643861236476	1.0408340855860843e-17			0.0	0.0	0.0	0.0	0.15934065934065933	0.0	1.0	draw374	True
-0.05707912250030267	-0.7520880796607616	0.013057252335334885	0.0383664258090163	0.08650770420693865	0.08650770618962779	152.0	0.0	0.2071566415336076	0.0048259635939296485	1.5910925447341793e-07	0.08650770420693865	3.3881317890172014e-20			0.0	1.0	1.0	1.0	0.8539325842696629	0.0	1.0	draw375	True
-1.7086869396456374	-8.042378822784777	0.04467156326129979	0.0017761375354338712	0.39027103535709134	0.39032767197901946	149.0	0.0	1.1199980054762388	0.3156055308229174	0.013511385643490005	0.39027103535709134	6.661338147750939e-16			0.0	1.0	1.0	1.0	0.8713450292397661	0.0	1.0	draw376	True
-0.41448476495456227	-0.5073488189726867	0.040564580880146764	0.003966687329951036	0.033729427193736214	0.03372984793643294	173.0	0.0	0.9345534504612785	0.019532228134320394	7.161407275702967e-05	0.033729427193736214	9.659563730488041e-18			0.0	1.0	1.0	1.0	0.865	0.0	1.0	draw379	True
-0.09244569589905582	-0.5536426691378347	0.0641948035565692	0.03146595572384885	0.13759877451773483	0.13759892290396888	151.0	0.0	0.5666402169854097	0.0015604759979600405	4.3241764177378814e-05	0.13759877451773483	1.0842021724855044e-19			0.0	1.0	1.0	1.0	0.8206521739130435	0.0	1.0	draw380	True
-0.2528169354351975	-1.8519338826264777	0.24453385008279194	0.00034810921459960814	0.05616116291480091	0.05616692395477685	208.0	0.0	0.49427682227296965	0.03862522822491486	0.001333059949000109	0.05616116291480091	1.9081958235744878e-17			0.0	1.0	1.0	1.0	0.8776371308016878	0.0	1.0	draw383	True
-1.6340803250672291	-1.6340803250672291	0.5979175147620608	0.00011163571362033695	0.44459471029815345	0.4446151003899783	267.0	0.0	0.00020292985831605231	9.998124929359294e-07	0.5979175147620608	0.00011163571362033695	2.7755575615628914e-16			0.0	1.0	1.0	1.0	0.7196765498652291	0.0	1.0	draw384	True
-0.022656047521342766	-0.022656047521342766	0.00010936197221416175	0.00022461382554031373	0.01923990723886236	0.019242109002712268	186.0	0.0	0.014499507039926501	9.983768779386973e-07	0.00010936197221416175	0.00022461382554031373	1.5178830414797062e-18			0.0	1.0	1.0	1.0	0.7914893617021277	0.0	1.0	draw386	True
-2.788062669610812	-12.20700237003466	15.103935849595533	0.06285845017194512	1.0026745464306623	1.003074814809828	202.0	0.0	0.32839979064349056	0.08107392493745524	1.3231426496136116	0.7647316805412726	2.498001805406602e-16			0.0	1.0	1.0	1.0	0.8938053097345132	0.0	1.0	draw387	True
-0.6176687016646243	-0.6176687016646243	0.006245144173686434	0.27717214989915095	0.4541598818367752	0.45416008936501767	36.0	0.0	0.8965198992786011	0.24700683935362433	0.006245144173686434	0.27717214989915095	2.7755575615628914e-16			0.0	0.0	1.0	0.0	0.13636363636363635	0.0	1.0	draw388	True
-0.4496499915045069	-0.4496499915045069	3.6930910490777783e-06	0.030652574188770362	0.03146022287407602	0.031460253287552045	43.0	0.0	0.06568818440683592	0.06681997431187785	3.6930910490777783e-06	0.030652574188770362	1.0408340855860843e-17			0.0	0.0	1.0	0.0	0.1365079365079365	0.0	1.0	draw390	True
-10.274020417737859	-10.550211152507371	5.904819783497319	0.48934225608728943	0.522243889204607	0.5223535849455573	22.0	0.0	0.40323132106460935	2.0930850585736193e-06	0.31818384839626185	0.522243889204607	1.160865271656919e-20			0.0	1.0	1.0	1.0	0.12643678160919541	0.0	1.0	draw393	True
-0.4329945927355127	-5.482461327861871	0.04851787594963467	0.00019190151858792845	0.280096553546983	0.28013172714983353	198.0	0.0	1.0285123650905248	0.5786619550547673	0.05335036977426986	0.1092179908420145	2.220446049250313e-16			0.0	1.0	1.0	1.0	0.7795275590551181	0.0	1.0	draw396	True
-0.15464375831142327	-0.33101184645631304	0.005316784866218374	0.003977937623825038	0.17960989757943813	0.17984558001543308	189.0	0.0	0.2655796608784107	0.017148920091764032	0.0032604796275213553	0.054052110272274544	4.163336342344337e-17			0.0	1.0	1.0	1.0	0.8790697674418605	0.0	1.0	draw398	True
-0.023235612735941994	-0.028710297964823446	0.00012164026253203659	0.0020124008785439287	0.00695922133011045	0.006959420265131608	146.0	0.0	0.29530817631808903	0.006330377015381	2.1958456364239334e-06	0.0069460939611207745	4.0657581468206416e-20			0.0	1.0	1.0	1.0	0.8488372093023255	0.0	1.0	draw399	True
-0.014977972567554518	-0.051239987300754825	0.0005012304738827554	0.0009185801781351854	0.016307999399033747	0.01630811203847612	185.0	0.0	0.5981079199787345	0.035069232050951374	8.849890538900578e-06	0.01609518078695856	2.168404344971009e-18			0.0	1.0	1.0	1.0	0.7974137931034483	0.0	1.0	draw400	True
-0.11607422165109693	-1.092429716355547	0.08610278519497379	0.014231074493696538	0.05405164051956283	0.05405230119731086	157.0	0.0	1.6833208311619248	0.007884388809644451	5.6250106845920036e-05	0.05405164051956283	4.255493527005605e-18			0.0	1.0	1.0	1.0	0.8579234972677595	0.0	1.0	draw401	True
-0.04246973639617341	-0.06843089055929452	0.0011693472085311611	0.0018751080149482574	0.01612413929532577	0.01612452389237224	159.0	0.0	0.4641616107052479	0.03624493001542669	4.1017204894353226e-06	0.01612413929532577	5.692061405548898e-19			0.0	1.0	1.0	1.0	0.8688524590163934	0.0	1.0	draw404	True
-0.701016312395781	-11.480391122219952	6.326434501307358	0.07445771711552311	0.9386706884735936	0.9386706910866267	187.0	0.0	0.37030141501435215	0.004759405333802635	8.571958629774637e-05	0.9386706884735936	8.673617379884035e-19			0.0	1.0	1.0	1.0	0.8311111111111111	0.0	1.0	draw410	True
-0.2681253861814348	-5.747213286379097	1.0001935705425717	0.028129677449985596	1.4976781158158967	1.4977639363771265	193.0	0.0	0.5286877791664003	0.0036149203697956917	0.006642456609091852	1.4976781158158967	1.0842021724855044e-19			0.0	1.0	1.0	1.0	0.8539823008849557	0.0	1.0	draw412	True
-2.2466264301562813	-5.028549743684629	6.316319334993653	0.11724767009702021	0.5512855531619377	0.5513219476490537	149.0	0.0	0.3879080694125844	0.00046949917588826756	0.04978760811127029	0.5512855531619377	2.168404344971009e-19			0.0	1.0	1.0	1.0	0.7925531914893617	0.0	1.0	draw413	True
-0.16929571805977484	-0.3233421870729176	0.01197489405030192	0.00036014016086861195	0.0849592068524993	0.0849808009727827	218.0	0.0	0.4093786505234005	0.13573126458235446	0.00024842603750876714	0.0849592068524993	3.198396408832238e-18			0.0	1.0	1.0	1.0	0.8352490421455939	0.0	1.0	draw414	True
-0.07007301181523885	-0.09146894896189633	0.0019828992616251146	0.002695427588384305	0.013476506920583827	0.013477173620677615	149.0	0.0	0.22299530726481484	0.0060966279382627196	7.04123165794051e-06	0.013476506920583827	1.1011428314305904e-19			0.0	1.0	1.0	1.0	0.8465909090909091	0.0	1.0	draw417	True
-0.11711978263890742	-4.889965112710321	3.138773290765693	0.02782737160713882	0.5810142611097424	0.5810153762915787	196.0	0.0	0.7046552054905223	0.0328608500019116	0.00013369150963775956	0.5810142611097424	3.696451781817767e-18			0.0	1.0	1.0	1.0	0.8789237668161435	0.0	1.0	draw418	True
-0.1202215845429572	-0.1202215845429572	0.00350867815697069	0.0012737077479273407	0.12028465996580785	0.1203810287102679	180.0	0.0	0.02584615785849518	9.99499703687621e-07	0.00350867815697069	0.0012737077479273407	6.5052130349130266e-18			0.0	1.0	1.0	1.0	0.8866995073891626	0.0	1.0	draw421	True
-0.6093519884415023	-0.9873585694542447	0.04729177117464244	0.009594979748407964	0.03771712286136535	0.03771861594725593	151.0	0.0	1.05217285064716	0.018283225218069476	0.0003116875666163402	0.03771712286136535	7.874018277675976e-18			0.0	1.0	1.0	1.0	0.8628571428571429	0.0	1.0	draw422	True
-0.03219548713691858	-0.6174439908021332	0.09325989102325513	0.018731443501608068	0.16648372583983317	0.16648381376520077	172.0	0.0	1.6308109946528566	0.05290333292204469	5.148837856015366e-06	0.16648372583983317	2.168404344971009e-18			0.0	1.0	1.0	1.0	0.882051282051282	0.0	1.0	draw424	True
0.8813113552419496	-11.972515676816377	0.4864304012473217	0.0065894381180715295	0.1401483511204051	0.1402076834447081	177.0	21.0	1.34484742226645	0.6290382117089208	0.05188300260952897	0.1352065147648386	7.91033905045424e-16	0.11434496483171697	0.19625416868825005	0.0	1.0	1.0	1.0	0.69140625	0.0	1.0	draw426	True
-0.023578257972037688	-1.2807559091704401	0.025068500555656778	0.005323328588566464	0.17679767754074227	0.17679767754556522	192.0	0.0	0.36237953970319237	0.003230410624681132	7.619030093767613e-08	0.17679767754074227	2.0328790734103208e-20			0.0	1.0	1.0	1.0	0.8458149779735683	0.0	1.0	draw429	True
-0.006168439685887789	-2.090930850462862	0.07741318270033727	0.0018710418091082966	0.11963119321532302	0.11965436054485354	185.0	0.0	0.21491280419607336	0.023246621181188983	0.22772301037371173	0.0333966889526649	7.498342224909749e-16			0.0	1.0	1.0	1.0	0.6537102473498233	0.0	1.0	draw430	True
-0.02426010162936352	-12.723686572645097	0.21678139854909478	0.08048960370048039	0.3433378751165008	0.3433382426384135	189.0	0.0	0.3058054126606707	0.003761893583862351	1.0238196910498236e-05	0.3433378751165008	5.3998350387461647e-20			0.0	1.0	1.0	1.0	0.8289473684210527	0.0	1.0	draw431	True
-0.19790090266654398	-0.25288387779428984	0.010103638542494709	0.007400631233755079	0.07771179792899499	0.07772147771258582	168.0	0.0	0.36411082226285296	0.08012296214188361	0.001660849631844698	0.07314997885466724	3.469446951953614e-18			0.0	1.0	1.0	1.0	0.8275862068965517	0.0	1.0	draw433	True
-0.1840117758413348	-0.43738868333104214	0.021725257337515565	0.00047684559981011097	0.040322770481838244	0.040328045808355674	230.0	0.0	0.5815306537666758	0.40714351107373975	0.003275560657574408	0.021550299638588982	5.377642775528102e-17			0.0	1.0	1.0	1.0	0.7540983606557377	0.0	1.0	draw435	True
-8.860077789353566	-11.023511910663961	0.08939712802080443	0.001102622055156785	0.04545325252953616	0.04545838118670862	186.0	0.0	0.00461783385637982	0.4090011059145996	0.00785598558254049	0.0446849994039049	7.589415207398531e-19			1.0	0.0	1.0	1.0	0.8266666666666667	0.0	1.0	draw436	True
-0.926943401157317	-1.414157534036837	0.10922228796937491	0.0012868859103857746	0.33996366327982214	0.3399849809378298	189.0	0.0	0.7065555631222339	0.5030867026240503	0.009880510457174094	0.33996366327982214	3.885780586188048e-16			0.0	1.0	1.0	1.0	0.78099173553719	0.0	1.0	draw437	True
-0.01761218578542266	-0.09100480566749788	0.0020544103863719783	0.01187710756267256	0.037213004557643814	0.037219257394924064	160.0	0.0	0.9808114067518741	0.07284985271152061	9.834703498155624e-05	0.03526622457969634	1.3877787807814457e-17			0.0	1.0	1.0	1.0	0.7017543859649122	0.0	1.0	draw438	True
-0.32542197922819555	-0.3424919355503414	0.016185518627246806	0.053986037244839524	0.05739334238647305	0.057394470191225525	27.0	0.0	0.44217326651237165	2.6369364615781027e-06	0.00028836355237802817	0.05739334238647305	6.121136532892405e-22			0.0	1.0	1.0	1.0	0.15789473684210525	0.0	1.0	draw439	True
-0.22042502171156816	-1.5367387008362425	0.3999744569649469	0.009120112691085046	0.038091478179629795	0.03809153837662382	154.0	0.0	0.14709059911514533	0.0033856888356858356	0.00017347989651489312	0.038091478179629795	3.120681135921656e-18			0.0	1.0	1.0	1.0	0.8369565217391305	0.0	1.0	draw441	True
-0.18950634091196678	-6.742048727194769	0.24025969468152233	0.011462596987433078	0.0949006804124027	0.094913912184973	157.0	0.0	1.6836464598776455	0.6669107519202359	0.0002193478980319241	0.0949006804124027	9.71445146547012e-17			0.0	1.0	1.0	1.0	0.8770949720670391	0.0	1.0	draw443	True
-2.9091719786969894	-3.408566154786323	0.019108689173100792	0.0015603828804349055	0.9702815320013888	0.9711638097598846	232.0	0.0	0.28931091063573006	0.15573353533948628	0.001639382164522654	0.9702815320013888	5.421010862427522e-19			0.0	1.0	1.0	1.0	0.8656716417910447	0.0	1.0	draw446	True
-0.5416401401695444	-0.7924393479347669	0.08490954054891418	0.007315654250614648	0.17848826259678574	0.17849428228318717	178.0	0.0	0.2881100917019504	0.013203030454131364	0.0002490267178224521	0.17848826259678574	5.421010862427522e-19			0.0	1.0	1.0	1.0	0.8725490196078431	0.0	1.0	draw448	True
-1.822591767162127	-8.593483489047703	0.21019459879150035	0.003676741773788172	0.01835169375288945	0.018354326273919343	154.0	0.0	0.9185412329144756	0.041324319593295654	0.0013562254362569296	0.01835169375288945	6.656662525882096e-17			0.0	1.0	1.0	1.0	0.8700564971751412	0.0	1.0	draw450	True
-0.15815271326581698	-0.22148846981711567	0.005968623740120919	2.6418356072173164e-05	0.008313665810555858	0.00832013549656984	221.0	0.0	0.2476103648063589	0.09537456100500188	0.00021563974597957407	0.008313665810555858	5.204170427930421e-18			0.0	1.0	1.0	1.0	0.8599221789883269	0.0	1.0	draw451	True
-0.008064346396561152	-0.06242006277425583	0.0005435641293363648	0.005297162427353049	0.010285746477110932	0.010285930725749884	139.0	0.0	0.9433859667544175	0.042570086748253896	3.273830398542101e-05	0.010119795427286277	1.5178830414797062e-18			0.0	1.0	1.0	1.0	0.8580246913580247	0.0	1.0	draw452	True
-0.16271449019777368	-0.26536142682546293	0.01453971878532276	0.009656282933253548	0.1155871944639177	0.11559963902600653	158.0	0.0	1.1078089645355227	0.06612747590832933	0.00026796750817626396	0.1155871944639177	5.637851296924623e-18			0.0	1.0	1.0	1.0	0.8633879781420765	0.0	1.0	draw453	True
-1.1948284365014976	-2.2631085462283678	0.1462850688680927	0.023456834813802577	0.19531211988862446	0.19531275055581626	168.0	0.0	0.11512606706252278	0.007891445311741343	5.3892913823828835e-05	0.19531211988862446	1.0164395367051604e-19			0.0	1.0	1.0	1.0	0.865979381443299	0.0	1.0	draw454	True
0.0687306483259208	-0.0753249579402909	6.215290076065103e-05	0.2874488002177437	0.36404644965860933	0.2874486887815737	31.0	15.0	0.5829907288639053	0.6409923777785063	0.15725242596091393	0.33978344574323566	2.7755575615628914e-16	0.30401381107950937	0.06559063712524364	0.0	0.0	0.0	0.0	0.13025210084033614	0.0	1.0	draw455	True
-0.030365569555042698	-0.030365569555042698	0.00018387123482728604	0.000490832888003089	0.016319580382081665	0.016319659989088336	176.0	0.0	0.022884577327115182	9.99481873235012e-07	0.00018387123482728604	0.000490832888003089	8.131516293641283e-20			0.0	1.0	1.0	1.0	0.8844221105527639	0.0	1.0	draw457	True
-1.286347951398635	-1.6101832455974288	0.0038445319782008337	0.002042359897120401	0.06131661289181793	0.061317863663940854	197.0	0.0	0.04230245803523608	0.013280218448406217	5.390184219430146e-06	0.06131661289181793	1.0164395367051604e-20			0.0	1.0	1.0	1.0	0.8834080717488789	0.0	1.0	draw458	True
-0.5872224169970189	-1.6134841314866846	0.10755031773280703	0.009287809676351884	0.05398746619091628	0.053989280873638544	159.0	0.0	0.8204975268717817	0.052429747887740276	0.014702843622532448	0.05108913346048138	7.112366251504909e-17			0.0	1.0	1.0	1.0	0.888268156424581	0.0	1.0	draw460	True
-0.20771680874160758	-5.3660968499118935	0.6369727683044869	0.012487578861004716	1.4055225279821266	1.405528843988577	188.0	0.0	1.518479575790848	0.40181956694503856	0.9240769347900093	0.6055299825520118	1.1102230246251565e-15			0.0	1.0	1.0	1.0	0.7401574803149606	0.0	1.0	draw461	True
-4.098159118279331	-4.098159118279331	1.1107443310754503	0.35617628131980555	0.5284705193409276	0.5284837708582252	45.0	0.0	0.060729945061781886	0.45163939257153374	1.1107443310754503	0.35617628131980555	1.6653345369377348e-16			0.0	0.0	1.0	1.0	0.1956521739130435	0.0	1.0	draw462	True
-9.994493234030523	-11.342980542451057	1.349065358799686	0.16431736165668206	0.17181974008494488	0.17182011766887428	28.0	0.0	0.4915541202902698	2.769364918890596e-06	0.007121852711906867	0.17181974008494488	1.6940658945086007e-20			0.0	1.0	1.0	1.0	0.16279069767441862	0.0	1.0	draw464	True
-5.712670815941575	-7.230645538174695	0.025966162337861705	0.0034069789755548905	0.04826101617143538	0.04826407530016894	197.0	0.0	0.007490514126815605	0.009783758975155293	5.3453677670798476e-05	0.04826101617143538	3.3881317890172014e-21			0.0	1.0	1.0	1.0	0.8873873873873874	0.0	1.0	draw465	True
-1.3785432754209976	-1.3785432754209976	0.8344829788069675	0.4711866015872493	1.4913677631781814	1.4916572383721896	67.0	0.0	0.13568069157754	0.037781984591909824	0.8344829788069675	0.4711866015872493	4.440892098500626e-16			0.0	0.0	1.0	1.0	0.3004484304932735	0.0	1.0	draw467	True
-0.10879754054252809	-0.9182206476425935	0.009382929570667971	0.001966285331549267	0.23198473680802417	0.23208925090150864	211.0	0.0	0.6167584233636778	0.04628513493755923	0.00031054854216161536	0.23198473680802417	5.827586677109586e-19			0.0	1.0	1.0	1.0	0.890295358649789	0.0	1.0	draw468	True
-0.6741379354476751	-0.6741379354476751	0.051741321099048845	9.996835308533488e-05	0.03486934162003846	0.034878100398760686	243.0	0.0	0.00017075602622498636	9.995183006799604e-07	0.051741321099048845	9.996835308533488e-05	2.168404344971009e-18			0.0	1.0	1.0	1.0	0.9067164179104478	0.0	1.0	draw469	True
-12.815522674075178	-12.815522674075178	2.245946229119495	0.12813693161587555	0.28182323499778583	0.28182488998605953	61.0	0.0	0.010022207123263335	0.7728298053732947	2.245946229119495	0.12813693161587555	1.1102230246251565e-16			0.0	0.0	1.0	1.0	0.3505747126436782	0.0	1.0	draw470	True
-9.732633186440522	-9.732633186440522	0.3285358735791825	0.05763996767851751	0.06313921360166555	0.06314004735599213	52.0	0.0	0.010334946617096915	0.45858116869355214	0.3285358735791825	0.05763996767851751	4.163336342344337e-17			0.0	0.0	1.0	1.0	0.32098765432098764	0.0	1.0	draw473	True
-0.14582065242091213	-0.7212168921800681	0.09724297910895544	0.011194593033221359	0.13028705260282353	0.13029541762051	164.0	0.0	1.054166388566416	0.00883900833387943	0.00024692697229958705	0.13028705260282353	3.2526065174565133e-19			0.0	1.0	1.0	1.0	0.8497409326424871	0.0	1.0	draw474	True
-0.07123715351437275	-0.8121563678387125	0.007891327527582861	0.0012550037490200727	0.2840874459291645	0.28439943871058687	183.0	0.0	0.7257986894204644	0.1629524716813591	0.0038346590223195987	0.02038371289241908	3.3306690738754696e-16			0.0	1.0	1.0	1.0	0.7065637065637066	0.0	1.0	draw475	True
-18.469003642891167	-21.457672860392194	4.172747360907827	0.16312934115481514	0.17868712453257182	0.178688670072521	35.0	0.0	0.605594366742175	3.812662833193081e-06	0.029688365040049333	0.17868712453257182	6.437450399132683e-20			0.0	1.0	1.0	1.0	0.2046783625730994	0.0	1.0	draw476	True
-0.7272123167042601	-2.5793119727558906	1.2714284984048791	0.022158634243186186	0.3080687009022683	0.3080960552862741	168.0	0.0	0.31943573784152457	0.0003752273959005304	0.011899606161568588	0.3080687009022683	5.421010862427522e-20			0.0	1.0	1.0	1.0	0.8	0.0	1.0	draw478	True
-0.24671728357347666	-0.6926394351737493	0.11990564179485365	0.012089754921745589	0.08189990837171568	0.08190130782453883	153.0	0.0	0.49074668802429106	0.00019657514186134124	0.0002863812104379335	0.08189990837171568	6.776263578034403e-21			0.0	1.0	1.0	1.0	0.7806122448979592	0.0	1.0	draw484	True
-0.030339946306452335	-0.030339946306452335	1.1752312095167784e-05	0.006813588699456004	0.007355895293235295	0.007358899902287062	23.0	0.0	0.5201914940277199	0.2941300186540225	1.1752312095167784e-05	0.006813588699456004	3.0357660829594124e-17			0.0	0.0	1.0	0.0	0.07903780068728522	0.0	1.0	draw487	True
-0.06640555843913504	-0.2984541939816597	0.015799024183070946	0.007692696780360052	0.11944358234375929	0.11954280710449097	170.0	0.0	2.2072117196835372	0.7155912614422976	0.0004887206613120932	0.11944358234375929	5.551115123125783e-17			0.0	1.0	1.0	1.0	0.8018867924528302	0.0	1.0	draw488	True
-0.8737215977667464	-11.6623680885292	0.3804632207444302	0.036604498251720415	0.4786820816955338	0.4787697909614729	195.0	0.0	0.14890965417489033	0.04796914868266541	0.0012988554400831344	0.4786820816955338	4.336808689942018e-19			0.0	1.0	1.0	1.0	0.8783783783783784	0.0	1.0	draw490	True
-0.08262684796832745	-0.08302339514902515	0.00019442002420669202	0.0017980652383721323	0.025589067226998535	0.025590102762401055	171.0	0.0	0.3258892451867542	0.06194860514815524	1.912917199822004e-06	0.025589067226998535	1.0164395367051604e-19			0.0	1.0	1.0	1.0	0.8814432989690721	0.0	1.0	draw492	True
-0.056180495576713466	-0.37853686973784156	0.009681101293470907	0.010784616937815617	0.07992443959787852	0.07992577797306612	176.0	0.0	0.710982640139591	0.06112609595688809	2.0358584762499277e-05	0.07992443959787852	1.734723475976807e-18			0.0	1.0	1.0	1.0	0.8756218905472637	0.0	1.0	draw493	True
-0.2335435720813687	-1.1223182982579112	0.25695963277567624	0.003381369421830616	0.2423495115103395	0.2423919456093369	203.0	0.0	0.8487649076271927	0.026541015011350384	0.0010072341899651622	0.2423495115103395	2.4936649967166602e-18			0.0	1.0	1.0	1.0	0.8864628820960698	0.0	1.0	draw494	True
-0.16788205250275973	-0.16788205250275973	9.011550364382593e-07	0.00029272706232900036	0.0012990473987622864	0.001299094431387128	131.0	0.0	0.0024134024698074094	0.005110167563240732	9.011550364382593e-07	0.00029272706232900036	6.505213034913027e-19			0.0	0.0	1.0	0.0	0.5390946502057613	0.0	1.0	draw497	True
-0.20091819821986923	-0.31155178095171515	0.022966900351038787	0.0004039791015891725	0.021893706774465758	0.021896187414307638	200.0	0.0	0.13627648264816772	0.03655694903148377	0.00019163103824763804	0.021893706774465758	7.318364664277155e-19			0.0	1.0	1.0	1.0	0.8658008658008658	0.0	1.0	draw501	True
-0.41223317517854907	-2.512893694091757	0.25094797079356806	0.001653514404980215	0.17704140619331984	0.17711750259279227	185.0	0.0	0.4993775392596392	0.3135172640916293	0.004757854777225558	0.17704140619331984	5.551115123125783e-17			0.0	1.0	1.0	1.0	0.8078602620087336	0.0	1.0	draw502	True
-0.039418972312694936	-1.863600347777324	0.05518832657907698	0.0014873073585283051	0.009156119906047618	0.009156120024545817	152.0	0.0	0.3063811545755398	0.0033462796323729697	2.348674126801857e-06	0.009156119906047618	3.1035287187397564e-18			0.0	1.0	1.0	1.0	0.8397790055248618	0.0	1.0	draw503	True
-0.21451516667862952	-0.44700407154713	0.04847916056922401	0.003742225598351624	0.14556975370846356	0.14559034091911155	180.0	0.0	0.708853492574237	0.0741317315334869	0.0004720504752680185	0.14556975370846356	5.204170427930421e-18			0.0	1.0	1.0	1.0	0.8910891089108911	0.0	1.0	draw504	True
-0.6668547390436936	-5.851985207494271	0.3374387057751295	0.009873530304794549	0.066675388087882	0.066683589852789	162.0	0.0	1.3448699990660031	0.7540927938168612	0.00025021053722563475	0.066675388087882	2.3592239273284576e-16			0.0	1.0	1.0	1.0	0.8709677419354839	0.0	1.0	draw507	True
-0.18296534408497778	-0.9594953539678062	0.18851189663999476	0.012979629226662587	0.12335368770684113	0.12335831826235977	170.0	0.0	0.28693311953823686	0.009906940083046463	0.00023317037967559364	0.12335368770684113	1.3010426069826053e-18			0.0	1.0	1.0	1.0	0.8585858585858586	0.0	1.0	draw508	True
-0.20039785215550776	-0.4110318817678338	0.003480640276996554	0.002469269090021507	0.03744807686796821	0.03747695723256743	183.0	0.0	0.1283840216082938	0.14775910426217914	0.000338892245193985	0.03719919578248476	6.505213034913027e-19			0.0	1.0	1.0	1.0	0.7922077922077922	0.0	1.0	draw509	True
-0.16283996490422012	-0.4464171571923372	0.04980844644579196	0.025933514277885362	0.07659762509300355	0.07660033310999585	138.0	0.0	0.547468372808933	0.0002961264424349384	0.0002519391982996476	0.07659762509300355	1.6940658945086007e-20			0.0	1.0	1.0	1.0	0.770949720670391	0.0	1.0	draw511	True
-0.3647929749853587	-1.0055403366577396	0.1302402208721404	0.0013042536708498566	0.11701867653035875	0.1171177143612572	212.0	0.0	0.24312858477376575	0.17935900785357287	0.0028135031811381797	0.11701867653035875	1.3877787807814457e-17			0.0	1.0	1.0	1.0	0.7114093959731543	0.0	1.0	draw513	True
-0.038538015645389875	-0.1123725600736383	5.9739578270354695e-05	0.04283696392109797	0.04996855716880851	0.04997496188240157	30.0	0.0	1.868863629171572	1.325989359009337	6.619919109892422e-05	0.049856557075463104	3.469446951953614e-17			0.0	0.0	1.0	0.0	0.15544041450777202	0.0	1.0	draw515	True
0.8642565962539761	-18.184728859900666	63.50548723844422	0.0723625916478356	0.6288513667140356	0.6289835083193567	200.0	26.0	0.7504872529128949	0.13444269900818379	0.3496792586639148	0.603837945565308	1.6653345369377348e-16	0.5586208732056795	0.47329732964594917	0.0	1.0	1.0	1.0	0.7633587786259542	0.0	1.0	draw517	True
-1.7243843638051883	-2.894111741153901	0.0768375071852058	0.006769428373937833	0.06971089536572905	0.06971147512955599	151.0	0.0	3.1086756041365344	0.053413238278011484	0.00036032972310954	0.06971089536572905	7.882149793969617e-17			0.0	1.0	1.0	1.0	0.8728323699421965	0.0	1.0	draw518	True
-0.06443323557435822	-0.0809045313117253	0.00040522358861559135	9.965807592002981e-05	0.025500632766002715	0.02552531422474438	217.0	0.0	0.37104089205627666	0.09123125862903406	2.0361885535650322e-05	0.025500632766002715	2.73591641963139e-19			0.0	1.0	1.0	1.0	0.857707509881423	0.0	1.0	draw521	True
-1.3166312837124259	-7.4311495993497205	8.533888919931183	0.03582757531215322	1.4446469378272724	1.444694139692121	195.0	0.0	0.583076180332004	0.020510746502161736	0.025506573485551364	1.4446469378272724	1.021860547567588e-17			0.0	1.0	1.0	1.0	0.874439461883408	0.0	1.0	draw525	True
-0.13385727320891727	-0.13385727320891727	0.00428225898351248	0.002248968802849618	0.04772969497662312	0.04776164599548281	175.0	0.0	0.028480427328417136	9.970998816168198e-07	0.00428225898351248	0.002248968802849618	5.204170427930421e-18			0.0	1.0	1.0	1.0	0.8578431372549019	0.0	1.0	draw526	True
-0.522522127623035	-0.522522127623035	0.026111043220456993	0.00015368022932335537	0.05203992114031603	0.052052156288434306	208.0	0.0	0.0027550813983550156	9.99844157232927e-07	0.026111043220456993	0.00015368022932335537	7.045958868440172e-17			0.0	1.0	1.0	1.0	0.8813559322033898	0.0	1.0	draw528	True
-0.07203973149422595	-0.09275928231254718	0.0015546370576824465	0.008800628058882456	0.015159124821401401	0.015159171092156979	150.0	0.0	0.14940519929330404	0.00021154446893169472	1.8025783189743166e-05	0.010324629449604841	2.42861286636753e-17			0.0	1.0	1.0	1.0	0.6787330316742082	0.0	1.0	draw529	True
-6.200286975507217	-8.649097855692101	0.4556292870104918	0.0008594222774136057	0.4962093877314913	0.4964166851397689	236.0	0.0	0.06624361608618363	0.265881054212807	0.009360741626146628	0.4962093877314913	4.228388472693467e-18			1.0	0.0	1.0	1.0	0.7763157894736842	0.0	1.0	draw530	True
-18.50702310154526	-22.599899808477975	20.555608511841342	0.023121407186537088	0.2511364916670082	0.2511705755886008	168.0	0.0	0.5837697018894832	0.0014630040230008425	0.14440306398207423	0.2511364916670082	8.565197162635485e-18			0.0	1.0	1.0	1.0	0.8235294117647058	0.0	1.0	draw531	True
-0.11056719377053706	-0.19099368130735128	0.0018262208866952115	0.0017551999678550017	0.05354109425256292	0.05355866752918486	185.0	0.0	0.3814375610301254	0.046483506237713336	4.758008939978385e-05	0.05354109425256292	4.336808689942018e-19			0.0	1.0	1.0	1.0	0.8809523809523809	0.0	1.0	draw532	True
-0.3365987424666044	-0.3365987424666044	0.010429696999495091	3.013616954255914e-05	0.02807140688585382	0.028073105330108695	249.0	0.0	0.00010000000000011584	1.981206051754111e-06	0.010429696999495091	3.013616954255914e-05	3.469446951953614e-18			1.0	0.0	1.0	1.0	0.8355704697986577	0.0	1.0	draw533	True
-0.25419172819705294	-0.25419341541645185	6.119116323692033e-06	0.0003648907779687829	0.0017706518762895592	0.0017707157631323925	175.0	0.0	0.0014329894139300079	1.3893602383202879e-06	4.424059685606973e-06	0.0003650136647878149	1.0625181290357943e-17			0.0	1.0	1.0	1.0	0.7608695652173914	0.0	1.0	draw535	True
-1.205545180078878	-9.177736507557512	2.1042251054327044	0.00294331687621314	0.7246180938255727	0.7250955836815198	239.0	0.0	0.3556135268679785	0.17633358327936657	0.015319559719793822	0.7246180938255727	1.6588293239028218e-17			0.0	1.0	1.0	1.0	0.8754578754578755	0.0	1.0	draw537	True
-0.04319842337710739	-0.6159937688910632	0.008700617407025598	0.010337381783602516	0.05789508558611831	0.057897179847337825	183.0	0.0	0.4499532768245039	0.06572920381889447	1.2796350893362387e-05	0.05789508558611831	2.574980159653073e-19			0.0	1.0	1.0	1.0	0.8755980861244019	0.0	1.0	draw538	True
-0.5313054251515845	-0.5313054251515845	0.00046113588645622293	0.003921659920526001	0.01936788876504488	0.019368859383650378	155.0	0.0	0.007522390415928593	9.981589829050766e-07	0.00046113588645622293	0.003921659920526001	2.541098841762901e-21			0.0	1.0	1.0	1.0	0.8288770053475936	0.0	1.0	draw539	True
-0.33895585113234866	-0.6130160446691315	0.09291603552005605	0.029499893503287546	0.12020089953870941	0.12020127769485031	153.0	0.0	0.6144606115253379	0.0030570224888032595	0.00022289373211357747	0.12020089953870941	1.6263032587282567e-19			0.0	1.0	1.0	1.0	0.8315217391304348	0.0	1.0	draw543	True
-0.07748266588336696	-0.14051922770310304	0.004900885512903656	0.0018132372216047932	0.005149495090797863	0.005149499355292355	140.0	0.0	0.07700526723530286	0.0006002461745002629	8.035963168958929e-05	0.005123379035823994	7.803291026580242e-20			0.0	1.0	1.0	1.0	0.8284023668639053	0.0	1.0	draw544	True
-0.002291638506561843	-0.10098678263413603	0.0023627741223476114	0.006363484576342335	0.03329507225154339	0.033333517530559395	160.0	0.0	0.7924332980792054	0.057904356855981935	0.0014185141189293417	0.02687646917288214	3.122502256758253e-17			0.0	1.0	1.0	1.0	0.6274509803921569	0.0	1.0	draw547	True
-1.1623797322570777	-1.6642649020790257	0.11358379439588277	0.0004464257460506585	0.059662356010805384	0.05972541875145462	195.0	0.0	0.5704901586583446	0.015009712333962805	0.07202395803325753	0.055996436350628266	7.670730370334944e-18			0.0	1.0	1.0	1.0	0.8783783783783784	0.0	1.0	draw548	True
1.3560319384550952	-11.399596668820049	11.953922711477432	0.03476939991812707	0.7787771255968836	0.7790429844701616	193.0	4.0	2.285086880873134	0.1620305744701578	0.06487588491885539	0.7787771255968836	2.220446049250313e-16	0.7641781153990804	0.5336414639169637	0.0	1.0	1.0	1.0	0.75390625	0.0	1.0	draw549	True
-0.07106736502951908	-0.07106736502951908	0.0010417960366676075	0.0006987563781451948	0.03288909352836091	0.03289031280147584	185.0	0.0	0.013956642039648939	9.989753508963119e-07	0.0010417960366676075	0.0006987563781451948	7.589415207398531e-19			0.0	1.0	1.0	1.0	0.893719806763285	0.0	1.0	draw552	True
-0.027996034668501823	-0.07023285821840215	0.001174530766689582	0.0016312174506319308	0.015133511362335648	0.015136273819239373	163.0	0.0	0.6178793998148331	0.07400029079412684	9.421016153004082e-06	0.015133511362335648	5.014435047745458e-19			0.0	1.0	1.0	1.0	0.8716577540106952	0.0	1.0	draw555	True
-0.015007509052528761	-0.13519840541593736	0.0038777463030894724	0.0010396823332141612	0.028287808214027016	0.028288396895856202	186.0	0.0	0.6089330967301185	0.12099378297705954	0.0007961010535084617	0.027481606337298854	1.0408340855860843e-17			0.0	1.0	1.0	1.0	0.7018867924528301	0.0	1.0	draw557	True
-15.148169524240826	-17.004831807359338	39.325478847872525	0.26269213029829297	0.5751505958963576	0.575151067420783	118.0	0.0	0.5289115379443401	5.383927566205791e-05	0.013543088171964993	0.5751505958963576	2.879912020664621e-19			0.0	1.0	1.0	1.0	0.592964824120603	0.0	1.0	draw558	True
-0.5354618270042104	-5.419253894130509	2.9507962076391916	0.012117860919704793	1.026781485622619	1.0273668999277576	210.0	0.0	0.4571232132271173	0.09508713796804852	3.695446152710866	0.38486796800212064	8.881784197001252e-16			0.0	1.0	1.0	1.0	0.7291666666666666	0.0	1.0	draw567	True
-0.4040312648824381	-1.6756903594341526	0.5053870504238056	0.003839065397596426	0.15467929819043175	0.15468406992288858	195.0	0.0	0.7944446225996953	0.25559257287283244	0.00036845365344206476	0.15467929819043175	4.640385298237959e-17			0.0	1.0	1.0	1.0	0.9069767441860465	0.0	1.0	draw568	True
-0.3760950986181191	-16.774606621691763	5.127793808354844	0.2805663916700088	3.449007545409404	3.4492735039987656	176.0	0.0	0.5920761767612497	0.004326487692920151	0.014839581218392545	3.449007545409404	2.168404344971009e-19			0.0	1.0	1.0	1.0	0.8301886792452831	0.0	1.0	draw569	True
-2.70187789373771	-43.560041002164496	13.285325263353464	0.03854044458494311	3.4027703253596093	3.40300364319475	220.0	0.0	0.23638707503030523	0.06534103405458921	0.04707796191533695	3.4027703253596093	5.204170427930421e-18			0.0	1.0	1.0	1.0	0.8906882591093117	0.0	1.0	draw573	True
-0.03924133689892448	-0.06438195989620736	0.0010019012420563536	0.014328790392194613	0.015263940640489143	0.015263943662362972	109.0	0.0	0.48265012625755316	0.00010966695944761583	4.058513271958331e-07	0.015263940640489143	1.503483481376383e-20			0.0	1.0	1.0	1.0	0.7218543046357616	0.0	1.0	draw577	True
-0.0014089184286827225	-0.0014089184286827225	2.9768412648763156e-07	6.5736561500192105e-06	0.0008280097949234018	0.0008280268570552541	198.0	0.0	0.005716575581698201	9.999361977654097e-07	2.9768412648763156e-07	6.5736561500192105e-06	1.1858461261560205e-20			0.0	1.0	1.0	1.0	0.8839285714285714	0.0	1.0	draw579	True
-2.364150689887851	-24.46492752939935	5.629510378282759	0.1395354077546441	2.3181744413601577	2.318228293517521	185.0	0.0	0.20754802592395435	0.00992276414079992	0.0027525386546570206	2.3181744413601577	8.673617379884035e-19			0.0	1.0	1.0	1.0	0.8767772511848341	0.0	1.0	draw580	True
-0.16104927148498804	-1.10271228661233	0.19100088720546401	0.01904923710046914	0.1626879743379051	0.16268997319984208	174.0	0.0	0.47929319446480045	0.009472915188106678	0.0002651047840745269	0.1626879743379051	1.0299920638612292e-18			0.0	1.0	1.0	1.0	0.8571428571428571	0.0	1.0	draw582	True
-0.34557040425550084	-6.560954962062442	2.7812733475555107	0.16920889147222493	0.7404088853504618	0.7404092987873733	170.0	0.0	0.5336681044589452	0.0023262498252750634	0.00032137261096207797	0.7404088853504618	9.147955830346444e-20			0.0	1.0	1.0	1.0	0.8292682926829268	0.0	1.0	draw583	True
-0.18177516868133417	-0.19116312986926998	0.0033781052532032467	0.002825070144579205	0.06763608714724882	0.06763743435080768	173.0	0.0	0.2787991322327846	0.06250976753143303	5.424822510650433e-05	0.06763608714724882	5.332072402965821e-19			0.0	1.0	1.0	1.0	0.8693467336683417	0.0	1.0	draw584	True
1.9121679153109796	-14.718722920976115	0.3463121703802254	0.014531238314756912	0.5831248702353568	0.5836601708123301	168.0	33.0	5.3587859930151245	0.1806595270065128	0.14126066802593176	0.49827204936405123	2.220446049250313e-16	0.27139362838148784	0.26780349213685595	0.0	1.0	1.0	1.0	0.8195121951219512	0.0	1.0	draw585	True
-0.13945105749217693	-0.2555793821080615	0.015511846029479148	0.019871354996872388	0.05820577248970702	0.05820660843921723	140.0	0.0	0.38239515986676986	0.003525268895537858	7.955182083037029e-05	0.05818287891965812	2.337810934421869e-19			0.0	1.0	1.0	1.0	0.8383233532934131	0.0	1.0	draw588	True
-0.0061698008347206845	-1.0490967829746347	0.024821240237233075	0.0006298608833883752	0.033539634802893466	0.03354093411343209	179.0	0.0	0.2376125858145304	0.09341097749765179	0.008899273252511018	0.032560713001988505	1.734723475976807e-17			0.0	1.0	1.0	1.0	0.771551724137931	0.0	1.0	draw589	True
-0.21631597152335552	-9.616575074742457	1.7880474105256943	0.011328683443439574	0.9512357488747177	0.9512489128206273	217.0	0.0	0.3706043149050273	0.033624185559153634	0.0017021875799892877	0.9512357488747177	1.1926223897340549e-18			0.0	1.0	1.0	1.0	0.875	0.0	1.0	draw590	True
0.14799121058382297	-1.1431998000487087	0.03795544169130293	0.0016435722831994225	0.02460537749987693	0.024605923847507837	176.0	14.0	0.871668024465329	0.11546940801009109	0.0001388636416967198	0.02460537749987693	3.642919299551295e-17	0.022741588669867377	0.005987584891923526	0.0	1.0	1.0	1.0	0.8380952380952381	0.0	1.0	draw592	True
-0.26155177532093893	-0.727792054487064	0.08321587992435128	0.0024330428379223568	0.1119471561659154	0.1119582402037517	194.0	0.0	2.5756686758826572	0.07769067048540516	0.0002201547494660598	0.1119471561659154	2.42861286636753e-17			0.0	1.0	1.0	1.0	0.8699551569506726	0.0	1.0	draw594	True
-0.00922669751879894	-0.18605271021884803	0.0015362505730956366	0.0008574185140413511	0.006818501220672672	0.006818600716706994	155.0	0.0	0.8634469688345534	0.005909829044050347	4.271676732725698e-06	0.006818501220672672	1.7143946852427039e-18			0.0	1.0	1.0	1.0	0.8516483516483516	0.0	1.0	draw595	True
-1.5999962514073214	-2.3921873588762246	0.9894539485989404	0.12819845157149704	0.17946139077642234	0.17947973476424328	64.0	0.0	0.3712323595804969	9.233271114991877e-06	0.011361570416029747	0.17946139077642234	3.3881317890172014e-21			0.0	1.0	1.0	1.0	0.35359116022099446	0.0	1.0	draw596	True
-0.11434279541012708	-2.297737626865077	0.7011220370656553	0.008929530079544792	0.27328990859548613	0.27329555709388725	197.0	0.0	0.48426224046651095	0.014167289247343404	0.0002505844254457441	0.27328990859548613	1.463672932855431e-18			0.0	1.0	1.0	1.0	0.8914027149321267	0.0	1.0	draw597	True
-7.556752709413199	-7.556752709413199	0.5166449369946712	0.09448626054539118	0.11077345653555923	0.11078363443140032	44.0	0.0	0.02026580211538281	0.9077640994239125	0.5166449369946712	0.09448626054539118	4.163336342344337e-17			0.0	0.0	1.0	1.0	0.2716049382716049	0.0	1.0	draw598	True
-0.303998373563154	-1.6309023872464612	0.30435499984159586	0.0001381279912564746	0.04411189377068256	0.044141375364006356	222.0	0.0	0.15450581849727918	0.05067046733307664	0.0026507015201306257	0.04411189377068256	1.0408340855860843e-17			0.0	1.0	1.0	1.0	0.8705882352941177	0.0	1.0	draw602	True
-0.08679971515173357	-0.147143899315663	0.0022544975603347316	0.013786275996028115	0.10209882880505972	0.10210569836040868	159.0	0.0	0.8749606346501866	0.06330782296176417	1.8314259128748e-05	0.10209882880505972	1.4907779871675686e-19			0.0	1.0	1.0	1.0	0.8688524590163934	0.0	1.0	draw603	True
-0.09773768549962204	-0.20940408727581197	0.004051512763393772	0.0009334353655249088	0.03778915516731891	0.037795034575342466	178.0	0.0	1.3891490452731652	0.16997087666923627	6.807125821634177e-05	0.03778915516731891	1.997642502804542e-17			0.0	1.0	1.0	1.0	0.8855721393034826	0.0	1.0	draw605	True
-0.6462942628583516	-0.6837875546991441	0.003151586387053941	0.020988281496637735	0.04456967099985133	0.04456985633103847	134.0	0.0	0.06583939005528311	0.001034659396507944	1.4722878800193615e-05	0.04455248694364388	2.749548356126264e-21			0.0	1.0	1.0	1.0	0.8170731707317073	0.0	1.0	draw606	True
-3.4620454232711437	-14.158879765285324	10.259366464450128	0.14508134487966595	0.3745891852864691	0.3745959283735535	145.0	0.0	1.1967859826024443	0.0004883562460193919	0.004232100600758519	0.3745891852864691	5.658180087658726e-19			0.0	1.0	1.0	1.0	0.7880434782608695	0.0	1.0	draw607	True
-0.576205701225984	-0.6486255039666303	0.006098299721784108	0.010645962392857228	0.026307210056928005	0.026307473334485264	142.0	0.0	0.041695401067550916	0.0015215760711313302	8.142197074254255e-05	0.026205467564609897	1.0164395367051604e-20			0.0	1.0	1.0	1.0	0.8352941176470589	0.0	1.0	draw608	True
-0.11123091577479606	-7.067911618842837	1.15366823919766	0.2503884697668751	0.942541980325678	0.9425441989515233	148.0	0.0	0.309740395577689	0.00019146175676349917	0.0006802246994512269	0.942541980325678	5.082197683525802e-21			0.0	1.0	1.0	1.0	0.774869109947644	0.0	1.0	draw609	True
-0.017336434636772806	-0.12339875146135244	0.00039460485582332416	0.0049628085564314165	0.027023481557314957	0.027025466554809648	169.0	0.0	0.5169015723140281	0.07047355934620345	1.6104461758255253e-06	0.027023481557314957	9.486769009248164e-20			0.0	1.0	1.0	1.0	0.8802083333333334	0.0	1.0	draw610	True
-0.08889042448419715	-0.12407381866361485	0.0031432776029034705	0.00813657439987608	0.09396808739506018	0.09397151985242358	173.0	0.0	1.2866109994166268	0.9589386292728277	9.835137349526889e-05	0.09396808739506018	6.938893903907228e-17			0.0	1.0	1.0	1.0	0.7757847533632287	0.0	1.0	draw611	True
-0.02810347255120977	-0.02811191922069689	2.247712207417162e-06	0.004285198059962054	0.0043276587323489565	0.004327659134249065	92.0	0.0	0.1737996156044263	4.7938839721558686e-05	1.945852697252785e-09	0.0043276587323489565	9.843449289381029e-23			0.0	1.0	1.0	1.0	0.6133333333333333	0.0	1.0	draw612	True
-0.07789718389000325	-0.21183784426896396	0.004981406111519829	0.0003337016521846753	0.008857440938783503	0.008861857415148066	177.0	0.0	0.23274366781592137	0.08175175110374655	8.76133929186325e-05	0.008857440938783503	1.734723475976807e-18			0.0	1.0	1.0	1.0	0.8676470588235294	0.0	1.0	draw614	True
-0.27798384722071195	-0.470364080397813	0.04097146170527647	0.0028714480055739137	0.09263603184331876	0.09263958444158121	191.0	0.0	0.38541694476130106	0.15337956080876664	0.00338287442091226	0.0911893516806698	8.239936510889834e-18			0.0	1.0	1.0	1.0	0.8925233644859814	0.0	1.0	draw618	True
-0.0271361530811027	-0.21039155804055953	0.0026672470750076656	0.000742178942491344	0.00763077033556812	0.007630979409855723	163.0	0.0	0.6115434169171767	0.0208741938178288	6.756228840788861e-06	0.00763077033556812	1.6466320494623599e-18			0.0	1.0	1.0	1.0	0.8716577540106952	0.0	1.0	draw621	True
0.27053602777383323	-0.6803000643466502	0.001608201436385229	0.09878480073854341	0.10994003765438103	0.09878369208759033	29.0	9.0	1.016857646982022	0.008984424695510423	0.18451079166060783	0.10994003765438103	2.42861286636753e-17	0.10399199799382526	0.12451781767840035	0.0	0.0	0.0	0.0	0.17365269461077845	0.0	1.0	draw626	True
-0.3284351676120133	-0.7709708314219198	0.014725607451497844	5.571078573137807e-06	0.001957619954000585	0.0019578780943673257	233.0	0.0	0.08803348086999736	0.036753571606665404	0.00015521551128488254	0.001957619954000585	4.2487172634275705e-18			0.0	1.0	1.0	1.0	0.8694029850746269	0.0	1.0	draw627	True
-0.06497774862280709	-0.1492413660054082	0.0036692089324913803	0.00806095906363617	0.03318487099648223	0.03318782271243448	149.0	0.0	0.9460717320962562	0.2729854801697188	6.268769368695059e-05	0.03318487099648223	1.734723475976807e-17			0.0	1.0	1.0	1.0	0.8370786516853933	0.0	1.0	draw629	True
-0.06347083790918708	-0.06789662940237322	0.0011307473065272288	0.0009704217209550987	0.023945594721761054	0.023950969400495042	171.0	0.0	0.5808760989601021	0.07905643634979677	3.810108710352182e-05	0.023945594721761054	2.4979001614529317e-18			0.0	1.0	1.0	1.0	0.8592964824120602	0.0	1.0	draw630	True
-0.4797164143306458	-18.881671156082664	4.015897346425556	0.05364373809143995	0.4623605671695929	0.4623637970805108	202.0	0.0	0.20538864764663392	0.06402064612668028	0.0009664778419642264	0.4623605671695929	1.734723475976807e-18			0.0	1.0	1.0	1.0	0.8782608695652174	0.0	1.0	draw632	True
0.38651637243539594	-22.568794981848036	5.78271507201277	0.018251743377168346	0.3820699744872863	0.38210072320984667	178.0	25.0	0.8764710972430493	0.1208159974126224	0.11376316287214056	0.3711577256754126	1.6653345369377348e-16	0.34713156327622874	0.4170671986321965	0.0	1.0	1.0	1.0	0.8090909090909091	0.0	1.0	draw634	True
-0.9353384877645806	-23.778975618403297	2.155170435430243	0.010327329390008006	0.9957366272204615	0.9958370580441189	186.0	0.0	0.997785563290242	0.3607822076075214	0.606862966562082	0.3324385838733046	9.992007221626409e-16			0.0	1.0	1.0	1.0	0.7294117647058823	0.0	1.0	draw637	True
-0.03930954418612362	-0.03930954418612362	7.10640500247571e-05	0.0033488204484904403	0.003706062301188048	0.0037060739478510843	35.0	0.0	0.1547659757091535	0.6704441210823497	7.10640500247571e-05	0.0033488204484904403	6.071532165918825e-18			0.0	0.0	1.0	1.0	0.10057471264367816	0.0	1.0	draw638	True
0.310534847267386	-9.68826153452393	0.0051648974130843	0.23561860447487754	0.7367091252450803	0.7372603030383432	62.0	3.0	17.1981019848786	0.329404899785808	0.00446525403372487	0.7367091252450803	3.3306690738754696e-16	0.7285180940189955	0.02032959381469405	0.0	0.0	1.0	0.0	0.2831050228310502	0.0	1.0	draw640	True
-0.28926616405650446	-2.1191378611980385	0.9038860111842462	0.031102721894468704	0.20402530806291094	0.20407294601064266	182.0	0.0	0.5745970260479937	0.04348772211930461	0.0024498946555001322	0.20402530806291094	1.1275702593849246e-17			0.0	1.0	1.0	1.0	0.8504672897196262	0.0	1.0	draw641	True
-0.9316992096751274	-3.461244666897534	0.12336760917077191	0.012401834651464948	0.2890669065678509	0.2891482967926566	195.0	0.0	0.17197463100527688	0.14619880519824413	0.001905656097488461	0.2890669065678509	3.0357660829594124e-18			0.0	1.0	1.0	1.0	0.8783783783783784	0.0	1.0	draw645	True
-0.5453101433736948	-0.5492734766987307	0.0020689405435058766	0.0005067654871549987	0.013043710005753327	0.01304469961389446	239.0	0.0	0.002077966107954867	7.708004090076972e-05	0.00010403844420567534	0.001133672936976638	6.938893903907228e-18			0.0	1.0	1.0	1.0	0.9053030303030303	0.0	1.0	draw646	True
-0.011148442587741142	-0.5604979955737145	8.374672858255284e-05	0.03447488674328741	0.13969090414214538	0.1396909217008444	70.0	0.0	5.879874268813728	0.4752112904631381	8.364403483315064e-06	0.13969090414214538	4.163336342344337e-17			0.0	0.0	1.0	0.0	0.2892561983471074	0.0	1.0	draw648	True
-0.016000306568718536	-0.5820793028307238	0.007951592050388156	0.05033801340383476	0.20329697940975988	0.20330173126009668	142.0	0.0	0.5723811331772027	0.00023128787822082424	4.42680690306555e-05	0.20329697940975988	8.470329472543003e-22			0.0	1.0	1.0	1.0	0.7759562841530054	0.0	1.0	draw649	True
-0.6205053841990626	-0.9379629405311254	0.07094976476943121	0.0001761555282072201	0.026962277396116934	0.02697016323502592	203.0	0.0	0.15596920779876328	0.02433808103643113	0.040286892531679004	0.024207784133055327	1.7780915628762273e-17			0.0	1.0	1.0	1.0	0.871244635193133	0.0	1.0	draw655	True
-0.1433207639156998	-0.22652154533581897	0.010173574930491258	0.0016588912009996267	0.05296174806950219	0.05297814728237632	193.0	0.0	0.5270981248149337	0.008787129019361692	0.003657472436461996	0.04536968007699283	3.452506293008528e-18			0.0	1.0	1.0	1.0	0.8616071428571429	0.0	1.0	draw657	True
-0.5914151134436466	-12.609174308444372	3.2273902180030967	0.003319036519395301	0.6040007470524167	0.6040627757531187	241.0	0.0	0.34015630058511587	0.06947280875899349	0.005004336809734019	0.6040007470524167	5.739495250595139e-18			0.0	1.0	1.0	1.0	0.8860294117647058	0.0	1.0	draw658	True
-1.3471751537313745	-2.404154664890139	0.18369395658493648	0.0005740477280650508	0.08826199921991494	0.08829252610480237	235.0	0.0	0.05900633685876596	0.14699767760519292	0.0012830466685430514	0.08826199921991494	3.0357660829594124e-18			0.0	1.0	1.0	1.0	0.9108527131782945	0.0	1.0	draw659	True
-0.14542854483359863	-0.33610292938663683	0.0009710308882306516	0.0028866599919453624	0.0243966052528983	0.024405970622448866	176.0	0.0	0.11331944833775004	0.09218638348608464	8.155440075780812e-06	0.0243966052528983	1.0842021724855044e-19			0.0	1.0	1.0	1.0	0.8669950738916257	0.0	1.0	draw660	True
-0.09008493071244478	-0.2747209802915069	0.008669214738720774	0.018668906974712428	0.14408240446626636	0.14408612910284344	157.0	0.0	0.697151519305293	0.01103070206051736	3.789844203434835e-05	0.14408240446626636	1.7618285302889447e-19			0.0	1.0	1.0	1.0	0.8579234972677595	0.0	1.0	draw663	True
-0.013885298227233871	-0.027814664582845636	1.250607908583817e-07	0.0088254869236624	0.016659314325776317	0.016664439573396424	58.0	0.0	1.0896475828541998	0.02559947223172366	0.0006607015216140957	0.009051862433493197	1.222980050563649e-16			0.0	0.0	1.0	0.0	0.3005181347150259	0.0	1.0	draw668	True
-14.981272920683269	-169.74696849389295	6.288191407929621	0.05436650037856192	4.858880862626169	4.858895957712553	232.0	0.0	0.09109265772149495	0.1081661969269614	0.004411064421789284	4.858880862626169	1.3010426069826053e-18			0.0	1.0	1.0	1.0	0.8888888888888888	0.0	1.0	draw669	True
-0.698180381676455	-1.0126436101193848	0.2040572686024786	0.00024970214799882573	0.018217722623651653	0.018217782998157447	210.0	0.0	0.05742061889305117	0.015874154428625588	0.05237358317732107	0.015854301697177442	8.131516293641283e-18			0.0	1.0	1.0	1.0	0.8641975308641975	0.0	1.0	draw670	True
-0.09013586326632367	-0.3355582486981956	0.016674129012957367	0.013694235676822862	0.05964480577182117	0.05965085818278132	165.0	0.0	0.7079683711171664	0.01590146881385365	0.001039243257265385	0.030496461523888563	6.938893903907228e-17			0.0	1.0	1.0	1.0	0.7112068965517241	0.0	1.0	draw677	True
-31.13426533769033	-72.69435216486737	0.38527362795296505	0.007298366211915081	0.5456174134891839	0.545782922607363	242.0	0.0	0.011786964652631609	0.07603986706244718	0.003543232913099196	0.5456174134891839	1.0842021724855044e-19			1.0	0.0	1.0	1.0	0.88	0.0	1.0	draw678	True
-1.6371741718873176	-7.954392485841689	4.477276803939765	0.012285952683027087	0.17401658403582043	0.17402357456587117	176.0	0.0	0.43119765160572476	0.06532429494093644	0.007211923277590476	0.17401658403582043	1.0142711323601894e-16			0.0	1.0	1.0	1.0	0.88	0.0	1.0	draw679	True
-0.32880685273062804	-0.660924921276414	0.03942157357524807	0.016257706963230385	0.08587669358951276	0.08588200512928441	161.0	0.0	2.66359971641387	0.06314990128295657	0.0005525961824425434	0.08587669358951276	4.2717565595928875e-17			0.0	1.0	1.0	1.0	0.8563829787234043	0.0	1.0	draw680	True
-0.3594641749693447	-0.3594641749693447	0.04135149539416549	0.06692323310930505	0.14008805660824186	0.1400890229829075	47.0	0.0	0.20464866701765846	0.2730008208005925	0.04135149539416549	0.06692323310930505	1.1102230246251565e-16			0.0	0.0	1.0	1.0	0.27976190476190477	0.0	1.0	draw681	True
-0.7336763557193826	-2.5653977785815365	0.0815670586905504	0.0031202874961474736	0.641531545036005	0.6417119275363871	219.0	0.0	0.45416010893265196	0.13453147526733264	0.0013826215158534061	0.641531545036005	1.145188544687814e-18			0.0	1.0	1.0	1.0	0.8866396761133604	0.0	1.0	draw682	True
-0.08199894310236873	-0.2886499779452858	0.02044388619879139	0.002627601497976051	0.23108445431633698	0.2310866270224332	187.0	0.0	1.9331545300216633	0.03329933686224596	3.397475649658805e-05	0.23108445431633698	8.063753657860939e-19			0.0	1.0	1.0	1.0	0.8820754716981132	0.0	1.0	draw683	True
-0.10145647940414146	-3.3249853998809016	2.633178206470934	0.08750705519127312	0.5467127286912428	0.5467455482598153	157.0	0.0	1.1611994313651026	0.015049497970284369	0.0003108026510145854	0.5467127286912428	4.336808689942018e-19			0.0	1.0	1.0	1.0	0.8440860215053764	0.0	1.0	draw684	True
0.06438546181392657	-3.921076698575816	1.040750630244742	0.028539039345709904	0.10541564350878055	0.1054182985128677	179.0	7.0	2.2721584806162416	0.12325261263381652	8.598870678931789e-05	0.10541564350878055	2.42861286636753e-17	0.10456733250662917	0.002004484726111061	0.0	1.0	1.0	1.0	0.8647342995169082	0.0	1.0	draw686	True
-0.1422560378860753	-0.14245685557337653	1.5474869323224095e-05	0.0019265965442127307	0.0020161288803219007	0.00201612952147934	113.0	0.0	0.014053332410589222	5.160890194138413e-05	3.3341453840666424e-07	0.0020149335853459007	1.0587911840678754e-22			0.0	1.0	1.0	1.0	0.7483443708609272	0.0	1.0	draw697	True
-0.33373194195410316	-0.33373194195410316	0.003001890676156007	0.0013927975778262034	0.02358875538075319	0.023604104394115238	154.0	0.0	0.16312419057728378	9.990569010700887e-07	0.003001890676156007	0.0013927975778262034	3.039831841106233e-17			0.0	1.0	1.0	1.0	0.8700564971751412	0.0	1.0	draw698	True
-0.6212240675573838	-0.6467035995174489	0.09539887406485892	0.01611119060605781	0.12735574618108184	0.127360953683321	175.0	0.0	0.161398378285787	5.569836997351045e-05	0.0962519739535954	0.06076424183385512	1.647648488999065e-17			0.0	1.0	1.0	1.0	0.8578431372549019	0.0	1.0	draw699	True
-1.8083250984386927	-2.458828593169223	0.7443360751719756	0.00020936255421565042	0.2054403642235761	0.20554742609317286	249.0	0.0	0.16483733237356926	0.2790505067151734	0.013614522825949976	0.2054403642235761	2.2551405187698492e-17			1.0	0.0	1.0	1.0	0.8798586572438163	0.0	1.0	draw703	True
-0.5780216863972445	-1.9706015156004895	0.9291801422188887	0.0015185064244132773	0.15531807970367506	0.15531812161679737	215.0	0.0	0.3173354683018871	0.03113677648447203	0.0001957011210438557	0.15531807970367506	1.9366561306022323e-17			0.0	1.0	1.0	1.0	0.8847736625514403	0.0	1.0	draw705	True
-0.6862767180365156	-0.8391245919472511	0.08513297438825745	0.00255609069543778	0.022107285912817593	0.02210728608895818	170.0	0.0	0.031024360045772265	0.001965350161034855	0.0030642985628146833	0.02181722562628033	1.3552527156068805e-19			0.0	1.0	1.0	1.0	0.8542713567839196	0.0	1.0	draw707	True
-0.057132656390876335	-0.32344237111416546	0.0112883532014018	0.0026848357193655836	0.059941726126021604	0.0599518517841385	186.0	0.0	0.4185026779863673	0.04173525891222588	0.00010855371008291309	0.059941726126021604	1.3349239248727773e-18			0.0	1.0	1.0	1.0	0.8857142857142857	0.0	1.0	draw708	True
-0.7909648470568423	-2.610448644557464	0.001148365885258614	0.0009968532312460252	0.12609654681075175	0.1260971547365066	229.0	0.0	0.09774314694868205	0.0895179913857641	1.803200012016418e-06	0.12609654681075175	5.929230630780102e-21			0.0	1.0	1.0	1.0	0.9015748031496063	0.0	1.0	draw709	True
0.016623050634360703	-1.4502925858892721	0.04250142956924543	0.008159463961355617	0.28737075111909893	0.287394367867151	163.0	16.0	1.1023428649374047	0.07404143825973887	0.010567787643954203	0.03690362999656756	2.7755575615628914e-16	0.033505743647332116	0.002397751529374283	0.0	1.0	1.0	1.0	0.6936170212765957	0.0	1.0	draw713	True
-7.7860335646891885	-11.730153568638608	0.10334789707278097	0.0011724629134256712	0.19027783790151845	0.1903873844415373	227.0	0.0	0.022817401236405452	0.2785361207541849	0.0036231005519033574	0.19027783790151845	8.673617379884035e-19			1.0	0.0	1.0	1.0	0.7854671280276817	0.0	1.0	draw715	True
-0.05556019937864136	-1.3574115679904308	0.05055852478850898	0.024778344954295636	0.6092053379024023	0.6092375078993406	180.0	0.0	0.9532705584937134	0.005363113376702191	0.00027821177105709664	0.6092053379024023	5.421010862427522e-20			0.0	1.0	1.0	1.0	0.8490566037735849	0.0	1.0	draw716	True
-0.05921522851291395	-0.28483701639736164	0.013833957363454623	0.01651093710696438	0.06404055958132188	0.0640456737037185	156.0	0.0	0.6049592637950254	0.004109766780510182	7.87131003817135e-05	0.06404055958132188	3.0112021274890377e-19			0.0	1.0	1.0	1.0	0.8342245989304813	0.0	1.0	draw717	True
-0.3638977833506829	-0.6635975501458571	0.10873818846452746	0.007256111840444073	0.08235021560306793	0.0823780084730776	173.0	0.0	0.2334723040854532	0.1467711753621183	0.0013641293872799596	0.08235021560306793	6.938893903907228e-18			0.0	1.0	1.0	1.0	0.8009259259259259	0.0	1.0	draw719	True
-0.011032339739044909	-0.013390378818159918	2.9748409103731354e-05	0.00014332992558805825	0.0017190169539530883	0.0017192733030340494	168.0	0.0	0.16408077355027073	0.015611562397102072	1.9434705642075414e-07	0.0017190169539530883	1.3552527156068805e-20			0.0	1.0	1.0	1.0	0.8704663212435233	0.0	1.0	draw720	True
-0.07612853674751292	-0.2362816773731412	0.006889501077067665	0.0006817058437401308	0.014472351960161571	0.014472352320490925	176.0	0.0	0.4077007965121572	0.02497012881895929	0.0007220734259824957	0.013981820359845517	1.1546753136970622e-17			0.0	1.0	1.0	1.0	0.88	0.0	1.0	draw721	True
-0.043816767960965314	-0.13412618871010795	0.003596595840422967	0.0003024921994838762	0.012184097539956543	0.012186744315295173	187.0	0.0	0.3314558755331532	0.0769382365799283	1.8711159896377698e-05	0.012184097539956543	6.505213034913027e-19			0.0	1.0	1.0	1.0	0.8820754716981132	0.0	1.0	draw722	True
-0.05266660519452725	-1.6342896959884738	0.08957816123248537	0.015152865814696324	0.10137888174510883	0.10141435835160066	196.0	0.0	0.41784797242238336	0.006466313627831676	0.0006131034592273356	0.09081679628098112	4.336808689942018e-19			0.0	1.0	1.0	1.0	0.8868778280542986	0.0	1.0	draw723	True
-0.09385114729043814	-0.09385114729043814	2.9507554024763296e-05	0.0009524436288308935	0.0020182835165852677	0.0020182977135171976	118.0	0.0	0.010004234089807685	0.07610116259620842	2.9507554024763296e-05	0.0009524436288308935	1.3010426069826053e-18			0.0	0.0	1.0	1.0	0.5784313725490197	0.0	1.0	draw724	True
-0.1155742656768591	-0.24054926698579676	0.013493504847781933	0.0012368696911268875	0.024838523983525075	0.024841166168670468	182.0	0.0	0.5786637037616861	0.014342072308209103	8.432178867795993e-05	0.024838523983525075	8.538092108323347e-19			0.0	1.0	1.0	1.0	0.8708133971291866	0.0	1.0	draw731	True
1.3787772019612472	0.7699287407371198	0.3556077054718522	0.5230088822081191	1.73035474355334	1.7314724494706941	43.0	19.0	0.6973009183887764	0.474734988299939	2.8037422174677404	0.6862088539429421	1.1102230246251565e-15	0.5230088822081191	0.3556077054718522	0.0	0.0	1.0	1.0	0.17269076305220885	0.0	1.0	draw732	True
-0.09831958547930322	-0.4423439169202638	0.04338070519582992	0.06027838834111483	0.14750326111149	0.1475042433565628	140.0	0.0	1.2493665334313708	0.012403497918330834	6.701976448765713e-05	0.14750326111149	2.4487722505121823e-18			0.0	1.0	1.0	1.0	0.8383233532934131	0.0	1.0	draw736	True
-0.09758898906931528	-1.0292178834020624	0.0765051358805992	0.036631629413549985	0.25357903529292125	0.25359227995272443	162.0	0.0	0.4931083186898916	0.003887670982210953	0.0005969459312085659	0.25357903529292125	5.929230630780102e-20			0.0	1.0	1.0	1.0	0.8393782383419689	0.0	1.0	draw738	True
-0.9713530589266631	-1.0324305356196781	0.26632123090452886	0.0022732348278211765	0.09328430354164581	0.09329025853098619	196.0	0.0	0.05634828543152829	0.0021817536994335014	0.220971416402239	0.02715449924588857	2.42861286636753e-17			0.0	1.0	1.0	1.0	0.8990825688073395	0.0	1.0	draw739	True
-0.7240961626186609	-3.323428371008753	1.985118964629039	0.0011023937682751008	0.22934409731623284	0.22938475137731834	226.0	0.0	0.5898308100112021	0.3784907823314893	0.13663449094519547	0.1712675033588082	2.220446049250313e-16			0.0	1.0	1.0	1.0	0.849624060150376	0.0	1.0	draw743	True
-67.92743304482923	-114.93999800788428	8.85072900878785	0.05243842509222009	0.10820834932704129	0.10820844394012576	137.0	0.0	2.852170415304586	0.0002796014579614495	0.0025535040349132353	0.10820834932704129	3.74049749507499e-18			0.0	1.0	1.0	1.0	0.7611111111111111	0.0	1.0	draw744	True
-0.6601517650759003	-0.7773455297166574	0.07582053000975757	0.0221789879056588	0.07497921737692317	0.07497956136162438	147.0	0.0	1.0085396138937885	0.003147218296832126	0.00019313498175886675	0.07497921737692317	2.159934015498466e-18			0.0	1.0	1.0	1.0	0.8258426966292135	0.0	1.0	draw745	True
-0.06898919943070099	-0.08544170249565838	0.0003708021889684426	0.006040329932112051	0.1093991461844401	0.10941639606289291	163.0	0.0	0.8787861967841282	0.036756091576616336	1.933509073503141e-05	0.1093991461844401	1.7618285302889447e-19			0.0	1.0	1.0	1.0	0.8716577540106952	0.0	1.0	draw747	True
-0.36688142708560156	-0.36688142708560156	0.033175837060205625	0.0016028076769396059	0.25518895904764843	0.2553446012312276	191.0	0.0	0.007928465939769681	9.99484583849267e-07	0.033175837060205625	0.0016028076769396059	4.336808689942018e-18			0.0	1.0	1.0	1.0	0.8925233644859814	0.0	1.0	draw748	True
-0.5733180102227835	-1.172133968846901	0.3154830821312007	0.04046429530955491	0.40803562228892265	0.40803587894767507	165.0	0.0	0.9985277731716218	0.00468096437035314	0.0002918200390596876	0.40803562228892265	8.673617379884035e-19			0.0	1.0	1.0	1.0	0.8333333333333334	0.0	1.0	draw749	True
-0.12991365808319488	-1.4264667564255602	0.17239163758511133	0.0008878378871460817	0.14086501773350124	0.14087446288010205	229.0	0.0	0.5084002758078598	0.08806167762836306	0.0001690435682269826	0.14086501773350124	1.734723475976807e-18			0.0	1.0	1.0	1.0	0.8875968992248062	0.0	1.0	draw750	True
-0.04182195969918949	-0.04182195969918949	5.251008365417843e-07	0.0008762237113313376	0.0008824553457716107	0.0008824554020789259	113.0	0.0	0.022607817171867613	9.902054155161767e-07	5.251008365417843e-07	0.0008762237113313376	1.5881867761018131e-22			0.0	1.0	1.0	1.0	0.7533333333333333	0.0	1.0	draw753	True
-0.09424461739911141	-0.24056609151068575	0.0040806693818032785	4.95088988769133e-05	0.10993221334121966	0.10994925951881518	248.0	0.0	0.6149448419624182	0.14374170282101184	0.03456865636422361	0.040407388744503864	1.249000902703301e-16			0.0	1.0	1.0	1.0	0.6757493188010899	0.0	1.0	draw754	True
-0.2244881732095286	-0.31214976356124396	0.018246587890733048	0.00036059628386313355	0.04252915906119593	0.042531559046922074	243.0	0.0	0.13739404976788658	0.039499024762184705	0.0044816116723142415	0.03138733153448417	1.3877787807814457e-17			0.0	1.0	1.0	1.0	0.6361256544502618	0.0	1.0	draw755	True
-0.022038018256840243	-0.27003650131176554	0.009970203120315156	0.024463147822947225	0.09964748735259528	0.09964800496125295	158.0	0.0	0.9650612247923372	0.011811678605461975	5.854832231719625e-06	0.09964748735259528	9.147955830346444e-20			0.0	1.0	1.0	1.0	0.8494623655913979	0.0	1.0	draw756	True
-0.39834490771674835	-0.39834490771674835	0.0031948261072461577	0.0002804142563525828	0.0281814829734588	0.028181876816238235	215.0	0.0	0.000719422476301362	9.99879584319454e-07	0.0031948261072461577	0.0002804142563525828	6.301925127571995e-19			0.0	1.0	1.0	1.0	0.8884297520661157	0.0	1.0	draw757	True
-0.4593485250896835	-1.063631456803094	0.17790982084313947	0.0048088787678559715	0.0987030736759084	0.0987047579474057	188.0	0.0	0.17793215287037212	0.11688526188176712	0.00021596587079521554	0.0987030736759084	3.0357660829594124e-18			0.0	1.0	1.0	1.0	0.8995215311004785	0.0	1.0	draw759	True
-0.3308205273872019	-12.112431382508479	4.076257477062805	0.22636743443829915	0.8043987683764052	0.8044542831927715	169.0	0.0	0.3796819968321547	0.000846538125683496	0.00372282793160744	0.8043987683764052	5.421010862427522e-20			0.0	1.0	1.0	1.0	0.7897196261682243	0.0	1.0	draw763	True
-0.9799661924958181	-1.355405522240616	0.07471463212321745	0.0015023360665504207	0.1983309235528266	0.19849203879987157	216.0	0.0	0.18968778152858487	0.31480234155819586	0.0027062837639839563	0.1983309235528266	4.336808689942018e-18			0.0	1.0	1.0	1.0	0.833976833976834	0.0	1.0	draw765	True
-0.0016096289270505944	-0.1598569668867676	0.0050698287529355995	0.009577190794739964	0.04911823531361644	0.049121061553678014	165.0	0.0	2.2175350138540786	0.5730386938354114	1.0716684396550634e-05	0.04911823531361644	1.3877787807814457e-17			0.0	1.0	1.0	1.0	0.7894736842105263	0.0	1.0	draw766	True
-0.9444979193349077	-1.1153870715321963	0.2791327637990241	0.0060478565417729415	0.16705224217821954	0.16705285185847052	183.0	0.0	0.34497966184455886	0.014647979606247702	0.1624884811436599	0.1265489704289804	4.578382486498944e-17			0.0	1.0	1.0	1.0	0.8755980861244019	0.0	1.0	draw767	True
-0.5271952983549839	-24.89438659865808	11.133039812376229	0.19116096167854052	1.6208560300659636	1.6209494744429496	180.0	0.0	0.2680359330177935	0.0026916991394808285	0.020211666696364147	1.6208560300659636	2.168404344971009e-19			0.0	1.0	1.0	1.0	0.821917808219178	0.0	1.0	draw770	True
-0.5157608208232632	-0.8315667401193805	0.1476037942804512	0.006202093448919831	0.09397311564012058	0.09399400244419179	205.0	0.0	0.07693030271545576	0.002125238991940269	0.004364959955784739	0.04241144338839112	1.3877787807814457e-17			0.0	1.0	1.0	1.0	0.6327160493827161	0.0	1.0	draw772	True
-4.06120606278593	-13.015361395404474	41.96431972421034	0.0015372482256536283	0.2638179495041102	0.26382997610512066	245.0	0.0	0.30508671734063025	0.19001393171214082	0.022532681075656934	0.2638179495041102	2.220446049250313e-16			0.0	1.0	1.0	1.0	0.9107806691449815	0.0	1.0	draw775	True
-0.6177341300447466	-0.6177341300447466	0.020397958617255293	0.007318803793513191	0.2722289760446596	0.272237819758061	176.0	0.0	0.012920359877853234	9.992204415881744e-07	0.020397958617255293	0.007318803793513191	6.505213034913027e-19			0.0	1.0	1.0	1.0	0.8543689320388349	0.0	1.0	draw777	True
-3.4706713554270996	-3.5801665053929312	0.009885050950621761	0.025423062277822813	0.047873627920947175	0.04787406664072613	135.0	0.0	0.013379141183547629	0.001135244322523221	6.773109988449387e-06	0.047873627920947175	1.376428539288238e-21			0.0	1.0	1.0	1.0	0.8132530120481928	0.0	1.0	draw778	True
-0.06962357977497244	-0.23049215794706612	0.00833839297251886	0.0012691729441757368	0.03541997993871535	0.035420132584544656	188.0	0.0	0.2003578406971697	0.007102150096893022	0.0013890071916420619	0.010513182019040187	2.7755575615628914e-17			0.0	1.0	1.0	1.0	0.7258687258687259	0.0	1.0	draw781	True
-0.44849173526972924	-2.1920326187304053	0.9462751897266432	0.10286410559300085	0.5320289626547399	0.5320486549609548	155.0	0.0	0.6820594825229774	0.0013405505168620443	0.0036677292707642957	0.5320289626547399	6.776263578034403e-20			0.0	1.0	1.0	1.0	0.8157894736842105	0.0	1.0	draw782	True
-0.20225675486308636	-1.142027846255847	0.24728213258277437	0.0040832081056457106	0.13689629875897075	0.13690164365377244	190.0	0.0	1.1933173460040247	0.06432246134409128	0.0004905598084250276	0.13689629875897075	1.3877787807814457e-17			0.0	1.0	1.0	1.0	0.8597285067873304	0.0	1.0	draw783	True
-0.33760626412851547	-0.33760626412851547	0.08845431468907802	0.03003957747157596	0.04915286491904245	0.049152926195236285	55.0	0.0	0.07735552636690132	0.040626286318347	0.08845431468907802	0.03003957747157596	4.163336342344337e-17			0.0	0.0	1.0	1.0	0.20522388059701493	0.0	1.0	draw786	True
-0.6926138647081683	-2.9192928884925453	0.6188567907074092	0.048849993083261635	0.4421249612723263	0.44213220493382105	172.0	0.0	0.28146075808429344	0.03489790016643521	0.0010617953430155085	0.4421249612723263	4.336808689942018e-18			0.0	1.0	1.0	1.0	0.8730964467005076	0.0	1.0	draw787	True
-0.8519696103634403	-2.884990709778168	2.049165419499966	0.0009633423341536696	0.41724041201499595	0.4172445957209829	233.0	0.0	0.5646738924286623	0.22296093456502833	0.002162693565768695	0.41724041201499595	8.326672684688674e-17			0.0	1.0	1.0	1.0	0.91015625	0.0	1.0	draw788	True
-0.2760892641195917	-0.8986644571931026	0.1931063034881216	0.02130054925426676	0.1537230507668284	0.1537256693511027	160.0	0.0	0.5529991059072386	0.001285993222821199	0.0005348913287568163	0.1537230507668284	8.385626177817573e-20			0.0	1.0	1.0	1.0	0.8247422680412371	0.0	1.0	draw790	True
-0.3986187810247042	-0.45157377312148084	0.00870419201728655	0.0032857868261672507	0.01468073276326585	0.01468183194335157	156.0	0.0	0.03458389220256014	0.003038675274769598	0.00032224604022948277	0.014515169103086811	4.0657581468206416e-20			0.0	1.0	1.0	1.0	0.8478260869565217	0.0	1.0	draw791	True
-1.0870858257984775	-2.2132522801719428	0.3069311035493675	0.13246538511823058	0.23439946356211797	0.23439963043426615	135.0	0.0	0.11603204000746	0.0013168847304260297	3.931182377793954e-05	0.23439946356211797	1.2197274440461925e-19			0.0	1.0	1.0	1.0	0.8181818181818182	0.0	1.0	draw795	True
-0.363570619757458	-0.47585213122776354	0.039844155384956496	0.007169729189488595	0.018361650985304605	0.018361739612011044	144.0	0.0	0.04921811736517944	0.0011207976789604703	0.0007609939960739813	0.01819168702078547	4.336808689942018e-19			0.0	1.0	1.0	1.0	0.8044692737430168	0.0	1.0	draw796	True
-0.11926060346405619	-0.19126654996877848	0.002686823067369697	0.0005610920938804816	0.05019506541006008	0.05019515136869633	205.0	0.0	0.39443170998960736	0.21480671892752448	4.578070151424088e-06	0.05019506541006008	9.58841296291868e-19			0.0	1.0	1.0	1.0	0.8913043478260869	0.0	1.0	draw798	True
-0.13880496433647949	-4.417423044140684	0.2819984477210602	0.03644838105579747	0.920012207776273	0.9202195642177009	181.0	0.0	0.41919375552204485	0.0020142980485842363	0.003732532804046914	0.920012207776273	2.710505431213761e-20			0.0	1.0	1.0	1.0	0.8379629629629629	0.0	1.0	draw799	True
-2.0551043920058536	-7.012135248672501	5.486006824811271	0.0008556203531107558	0.4053061822266076	0.4059447744899747	251.0	0.0	0.16764687737227454	0.28036061082216773	0.2808354572811639	0.3950875868824333	5.551115123125783e-17			0.0	1.0	1.0	1.0	0.789308176100629	0.0	1.0	draw801	True
-0.807315095722639	-5.802112003152869	0.5446764362467034	0.024697812652218546	0.1598533149081802	0.159872880734661	150.0	0.0	1.039397704808533	0.1498542370443245	0.004813935569366316	0.1598533149081802	2.0816681711721685e-16			0.0	1.0	1.0	1.0	0.872093023255814	0.0	1.0	draw803	True
-0.8223953721625453	-2.052566126199483	1.038850020368852	0.24128685757179416	0.31258841137035254	0.3125903383132026	74.0	0.0	0.3454241629841504	1.466575481585238e-05	0.0020726919787557004	0.31258841137035254	6.134371422693253e-21			0.0	1.0	1.0	1.0	0.4228571428571429	0.0	1.0	draw806	True
-0.23466144641410353	-1.8500913498623563	0.7653568490978129	0.06333274308314643	0.1645275579255288	0.16453896340391877	139.0	0.0	0.32769031361946604	0.0010495418345074154	0.0018288862725705714	0.1645275579255288	3.5575383784680614e-19			0.0	1.0	1.0	1.0	0.8081395348837209	0.0	1.0	draw808	True
-0.3786180097439018	-1.018512763922584	0.25424182810234947	0.005185539726377013	0.3338648947168726	0.3339463117224088	199.0	0.0	1.5063534903605396	0.0797845566298202	0.0015622638182460967	0.3338648947168726	1.214306433183765e-17			0.0	1.0	1.0	1.0	0.8766519823788547	0.0	1.0	draw810	True
-0.11283562546745772	-0.28770536342209363	0.020165031685860712	0.010096048686705312	0.06578392346794586	0.06578837516454034	163.0	0.0	1.0070929290555695	0.02369390376883579	8.66327458392808e-05	0.06578392346794586	2.6020852139652106e-18			0.0	1.0	1.0	1.0	0.8624338624338624	0.0	1.0	draw811	True
-1.468281406974901	-3.6264946367396425	0.03430335590109371	0.0034969049181869383	0.02992478441259537	0.029925691942065194	186.0	0.0	0.012394762623185385	0.005658253122739479	7.346411783944067e-05	0.029920360327876726	1.3552527156068805e-20			0.0	1.0	1.0	1.0	0.8691588785046729	0.0	1.0	draw812	True
0.01820278379398675	-0.15006330821708652	2.2693115874953676e-05	0.044059885784291986	0.05314055268662791	0.0531421563494881	32.0	5.0	2.8326883044018767	0.5179757001838765	1.2113695191229921e-05	0.05314055268662791	1.3877787807814457e-17	0.05229698915644883	0.000300984138351357	0.0	0.0	1.0	0.0	0.14545454545454545	0.0	1.0	draw814	True
-0.173864633559236	-0.6896939595705235	0.09663382703272874	0.01908041040007856	0.12025910997135314	0.12026057695977047	160.0	0.0	0.5095494859603099	0.001290350448826171	0.00021565310090693255	0.12025910997135314	1.6263032587282567e-19			0.0	1.0	1.0	1.0	0.8163265306122449	0.0	1.0	draw815	True
-0.09052666039072743	-0.25585903216226324	0.006861341153860812	0.003511285109711494	0.08424444096175446	0.08424484020142996	188.0	0.0	0.8442101887148186	0.10784701767160208	1.4075861274911524e-05	0.08424444096175446	2.168404344971009e-18			0.0	1.0	1.0	1.0	0.8785046728971962	0.0	1.0	draw817	True
-2.1816753179930948	-3.0177228013810264	0.012850055432225912	0.0003390976261629337	0.18421043920887897	0.1844381437905324	252.0	0.0	0.08715318468676657	0.32552147837505996	0.0008721028762625151	0.18421043920887897	6.505213034913027e-19			0.0	1.0	1.0	1.0	0.8842105263157894	0.0	1.0	draw819	True
0.02721996215216417	-0.03937618828711687	8.986958244081128e-06	0.1383173777013172	0.18658650538267693	0.18659947415547273	37.0	18.0	7.941772559280992	2.395605697200824	0.0004887399237743112	0.1454716238388595	9.71445146547012e-17	0.13925771695349515	0.00018484694812617502	0.0	0.0	1.0	0.0	0.14453125	0.0	1.0	draw820	True
-3.7238982737637145	-5.941549550195207	0.007965455877609929	0.038467066323660586	0.7471952730884391	0.7475429121998267	185.0	0.0	0.16301635066023176	0.15398338611920034	0.0003329099271874897	0.7471952730884391	1.0842021724855044e-19			0.0	1.0	1.0	1.0	0.8851674641148325	0.0	1.0	draw821	True
0.008983719558354707	-0.0050158199988407995	7.459043865473319e-05	0.047252524654650366	0.09571835181575618	0.09588852443767515	38.0	15.0	1.7240777515215584	0.7033242396314041	0.0006733692294471384	0.053077881673954906	2.42861286636753e-17	0.04783448693560509	0.00026400942144927744	0.0	0.0	1.0	0.0	0.15833333333333333	0.0	1.0	draw824	True
-10.845074041523118	-10.845074041523118	1.3219624555698803	0.3892075634556972	0.5317719311308053	0.5317719727197381	45.0	0.0	0.03689630272027509	1.7806060977215932	1.3219624555698803	0.3892075634556972	2.220446049250313e-16			0.0	0.0	1.0	1.0	0.3082191780821918	0.0	1.0	draw825	True
-0.19443807798767784	-0.49191590660588425	0.05876848924469646	0.1015567554816285	0.10747651170018901	0.10747709192486535	42.0	0.0	0.13309919314556548	4.610314535364835e-06	0.00038134949540278646	0.10747651170018901	6.352747104407253e-22			0.0	1.0	1.0	1.0	0.23863636363636365	0.0	1.0	draw826	True
-0.49219788185640845	-0.676228232467791	0.011159852489759434	0.0028038770467090717	0.06972364635511887	0.06972623351312171	190.0	0.0	0.1347673678583039	0.11565618964580869	9.658570269409643e-05	0.06972364635511887	8.673617379884035e-19			0.0	1.0	1.0	1.0	0.867579908675799	0.0	1.0	draw828	True
-0.31837944978074434	-1.2426166573766284	0.06180059755164269	0.008262357714852855	0.10723796049200018	0.10725034117789571	150.0	0.0	1.2427873226863448	0.00416364842670037	0.0010310974967702074	0.10723796049200018	2.656295322589486e-18			0.0	1.0	1.0	1.0	0.8379888268156425	0.0	1.0	draw829	True
-0.2117663497480387	-0.2117663497480387	0.009838688924521555	0.004447248385245348	0.0620008622562633	0.06200106926804773	160.0	0.0	0.07992710836040882	9.973675640298806e-07	0.009838688924521555	0.004447248385245348	7.399679827213568e-18			0.0	1.0	1.0	1.0	0.8743169398907104	0.0	1.0	draw830	True
-1.0099489115063145	-1.8855070429430358	0.8570278985562767	0.06222197769596133	0.4583496548849024	0.45838421497084136	164.0	0.0	0.8325046818202677	0.005736249484693795	0.009504789622458511	0.4583496548849024	2.6020852139652106e-18			0.0	1.0	1.0	1.0	0.8497409326424871	0.0	1.0	draw831	True
-1.6636908601617368	-13.985050290379046	3.764097625243902	0.02187200802144456	0.12206826265872747	0.12207013993748893	153.0	0.0	0.8446750142475214	0.0008494202189418312	0.0014729471450785553	0.12206826265872747	2.464865876510014e-18			0.0	1.0	1.0	1.0	0.8225806451612904	0.0	1.0	draw833	True
0.0716868461307118	-2.1936163245452844	0.7347982506427744	0.005874176162659977	0.052334327486909415	0.05233602753441837	179.0	7.0	0.2370111476614985	0.02298083258675695	0.0005443294896182695	0.052334327486909415	6.071532165918825e-18	0.05212228802532109	0.007221234086730402	0.0	1.0	1.0	1.0	0.8287037037037037	0.0	1.0	draw834	True
-7.136856701252529	-9.003626188639798	8.630588789420644	0.16741914664831178	0.3792098435918956	0.37921217000502255	120.0	0.0	0.5795277997357324	8.517827182044559e-05	0.017986277863575467	0.3792098435918956	1.0842021724855044e-19			0.0	1.0	1.0	1.0	0.6629834254143646	0.0	1.0	draw835	True
-0.04639859099093241	-0.24568907382715693	0.011637492817555179	0.004821039528281345	0.058281067241893504	0.05828278490816556	170.0	0.0	0.6309472886418231	0.0035441100066727895	3.833519846328399e-05	0.058281067241893504	1.4907779871675686e-19			0.0	1.0	1.0	1.0	0.8415841584158416	0.0	1.0	draw837	True
-2.182298150614251	-3.02901715245753	0.0946554583841477	0.003946146859035396	0.014571964933239428	0.014573514906546854	141.0	0.0	0.7443159367970542	0.0003994395893610066	0.0008471869864071403	0.014571964933239428	1.963263553057858e-19			0.0	1.0	1.0	1.0	0.7790055248618785	0.0	1.0	draw838	True
-0.11280982542654323	-33.32188201585101	4.199281989873255	0.08944326361292247	0.8673748854635719	0.8673770819705795	199.0	0.0	0.26997777976037507	0.005041770357738348	0.0003093298759310204	0.8673748854635719	2.168404344971009e-19			0.0	1.0	1.0	1.0	0.8361344537815126	0.0	1.0	draw839	True
-0.06642134477801537	-0.15923966193530226	0.0020508923841812063	0.008527261566536264	0.053435719803181056	0.05344056632024263	162.0	0.0	0.5283778154890475	0.036800575499476525	2.661148639083152e-05	0.053435719803181056	2.0074680849926918e-19			0.0	1.0	1.0	1.0	0.8709677419354839	0.0	1.0	draw841	True
-0.4260901409684521	-0.5304628228848924	0.012024983656746605	0.00041639143266268455	0.061791406822755836	0.06182331895819791	217.0	0.0	0.13188043117861648	0.07764722420442745	0.00031219534483335136	0.061791406822755836	1.0842021724855044e-18			0.0	1.0	1.0	1.0	0.8157894736842105	0.0	1.0	draw844	True
-0.004018485621848391	-0.03132457066424241	0.00018702388743081183	0.0024422530184145335	0.032609489486874886	0.03261661319785923	172.0	0.0	1.3473585572365483	0.7489913435183341	0.0005719904808944457	0.02444091661978362	1.734723475976807e-17			0.0	1.0	1.0	1.0	0.7136929460580913	0.0	1.0	draw846	True
-0.41427710965196923	-18.992308477289107	0.17820891355124774	0.0144797030556992	0.2375591447197304	0.2375591815946266	215.0	0.0	0.08016911226831326	0.0312587923034958	1.1185802135104738e-05	0.2375591447197304	1.0842021724855044e-19			0.0	1.0	1.0	1.0	0.849802371541502	0.0	1.0	draw848	True
-0.2291763319006227	-2.5492446760933305	0.01229257858994498	0.00789660565339142	0.10255245780595236	0.10258410456543042	193.0	0.0	0.11950455638470169	0.046194140312724355	0.00011353790446226788	0.10255245780595236	8.131516293641283e-20			0.0	1.0	1.0	1.0	0.8654708520179372	0.0	1.0	draw849	True
-0.06444002934972945	-0.29279761720099484	0.003389215417844394	0.00040153894398289576	0.02923971038697219	0.029251464150496932	171.0	0.0	0.7256508773080595	0.025188310108052562	0.00012086623631172029	0.02923971038697219	1.1926223897340549e-18			0.0	1.0	1.0	1.0	0.868020304568528	0.0	1.0	draw852	True
-0.07253610223516371	-0.09356801187230475	0.00019637279875414225	0.002832615345909649	0.01736255067054973	0.017363334392690024	157.0	0.0	0.20726763766536271	0.009692205604047452	4.6337526378114054e-07	0.01736255067054973	7.199780051661553e-21			0.0	1.0	1.0	1.0	0.8579234972677595	0.0	1.0	draw855	True
-0.104584141729942	-0.47284517964254635	0.05064627786472914	0.021555123580375802	0.1392092757567754	0.13920968087624244	158.0	0.0	0.6631838137059365	0.006697302103315541	8.574615999202568e-05	0.1392092757567754	2.168404344971009e-18			0.0	1.0	1.0	1.0	0.8494623655913979	0.0	1.0	draw856	True
-0.1837334992668056	-0.25225883023718604	0.012390234137797032	0.0095109948516187	0.05477912228849372	0.05477914460079891	155.0	0.0	0.29966155702512565	0.018581907099203786	6.601559358597913e-06	0.05477912228849372	5.285485590866834e-19			0.0	1.0	1.0	1.0	0.8469945355191257	0.0	1.0	draw860	True
0.00011634834900957347	-0.48535334668606517	0.024418652272085384	0.0024143227039922473	0.1484054309292146	0.1484107639572541	184.0	1.0	2.465678866441576	0.25119728338124153	8.249567998442683e-05	0.1484054309292146	1.3877787807814457e-17	0.1484054309292146	8.249567998442683e-05	0.0	1.0	1.0	1.0	0.863849765258216	0.0	1.0	draw861	True
-0.2579177923595412	-0.9268042840071185	0.024869258374993552	0.0002341534221872603	0.10644480031983167	0.10644519726690248	241.0	0.0	0.25264375281515566	0.10699107062116799	4.545255409448544e-05	0.10644480031983167	8.673617379884035e-19			0.0	1.0	1.0	1.0	0.9026217228464419	0.0	1.0	draw863	True
-1.0298005797176817	-6.684885070809912	1.0051830800435253	0.014233403843643173	0.38612916592857155	0.3862536457832093	165.0	0.0	0.9905898696648008	0.28117812312273677	0.03661983054535043	0.38612916592857155	4.996003610813204e-16			0.0	1.0	1.0	1.0	0.859375	0.0	1.0	draw864	True
-1.690481088875275	-18.242945369759486	2.736590299975065	0.006869570147406645	0.512055730402279	0.5121373909107866	178.0	0.0	0.9524473911217777	1.7344247593370876	0.003887852866789858	0.512055730402279	6.661338147750939e-16			0.0	1.0	1.0	1.0	0.8682926829268293	0.0	1.0	draw865	True
-0.4684994113897213	-1.5493463453278986	0.5236103718328857	0.003782478192201808	0.1877093099690409	0.18783404751608257	204.0	0.0	0.4353453345791448	0.3588614937316428	0.002984977502047248	0.1877093099690409	3.469446951953614e-17			0.0	1.0	1.0	1.0	0.8869565217391304	0.0	1.0	draw867	True
-0.03820320741991724	-0.17103073485679537	0.004258143071619887	0.0032166489381978995	0.014407736350737447	0.0144078439871999	149.0	0.0	0.4699057967030975	0.012654502051650092	7.489965146831676e-06	0.014407736350737447	1.3572644188566095e-18			0.0	1.0	1.0	1.0	0.8514285714285714	0.0	1.0	draw869	True
-0.21156582296823184	-2.1282528790548554	0.048611448453552475	0.006141138090137374	0.02000388262435086	0.0200060310689838	136.0	0.0	1.2666563591802324	0.043073524626533924	0.00021732959091725994	0.02000388262435086	2.7430314963883262e-17			0.0	1.0	1.0	1.0	0.8553459119496856	0.0	1.0	draw873	True
-0.12417788364601133	-0.3977264643306837	0.03543704672292389	0.009354874334183498	0.0694872378053419	0.06948852923138266	159.0	0.0	0.5212487554647408	0.06307252571947165	6.963380792241529e-05	0.0694872378053419	2.3852447794681098e-18			0.0	1.0	1.0	1.0	0.8688524590163934	0.0	1.0	draw874	True
-0.06803071225606155	-0.41951730538464355	0.026604343138407364	0.03293305400384845	0.11166816079519346	0.11166956554727064	147.0	0.0	2.0068392215553224	0.018656651397150593	4.7623113142665085e-05	0.11166816079519346	9.317362419797304e-19			0.0	1.0	1.0	1.0	0.8497109826589595	0.0	1.0	draw875	True
-0.14057480147211687	-0.41615870514510056	0.04328454075327681	0.009118881949931129	0.07850364135689937	0.07851093601720743	165.0	0.0	0.5039500134369528	0.036115539835057574	0.000371159044014751	0.07850364135689937	3.469446951953614e-18			0.0	1.0	1.0	1.0	0.812807881773399	0.0	1.0	draw877	True
0.11191266812283167	-0.6792529463125322	0.0007651274420806293	0.18565020172699873	0.19538283309172938	0.185648479882848	31.0	5.0	1.0212774168104937	0.00803567986085659	0.09025761567964807	0.19538283309172938	8.673617379884035e-18	0.19229114846771136	0.07219768452565864	0.0	0.0	0.0	0.0	0.16847826086956522	0.0	1.0	draw878	True
-0.1622071537737447	-0.1624134464358316	3.948360186796085e-05	0.0030225299368909758	0.003032348961593126	0.0030323490789668636	68.0	0.0	0.01842587527408389	9.193807593977042e-06	3.6206885516586477e-06	0.003031932835781694	4.1028158382630173e-22			0.0	1.0	1.0	1.0	0.4533333333333333	0.0	1.0	draw879	True
-0.7162417965243983	-5.722596900560875	0.5221504275976342	0.0009461449653566356	0.11402025108936309	0.11402867415494539	186.0	0.0	0.42369337991135875	0.1291597320613167	0.0019114286270730928	0.11402025108936309	3.469446951953614e-17			0.0	1.0	1.0	1.0	0.8942307692307693	0.0	1.0	draw881	True
-0.46988930784941035	-1.4562983829796972	0.47948179742423863	0.009613765549768928	0.1786586536098157	0.17865885658785866	176.0	0.0	0.6103146573157773	0.00702571391447436	0.0002971452061236454	0.1786586536098157	3.957337929572091e-18			0.0	1.0	1.0	1.0	0.8585365853658536	0.0	1.0	draw882	True
-0.0600231130387152	-0.7293742940024658	0.02137689344844662	0.0460886904907467	0.28586690130698517	0.28587721307185787	157.0	0.0	0.664752033889837	0.003572052305481896	0.0002260967780629692	0.28586690130698517	2.24251972785576e-19			0.0	1.0	1.0	1.0	0.839572192513369	0.0	1.0	draw883	True
-0.042922667247211166	-1.1847759988240538	0.0634517119011653	0.037472426767459835	0.21927991235298305	0.2192906726622469	161.0	0.0	0.36879049658909113	0.0040335396748885245	0.00015976720771653723	0.21927991235298305	1.8973538018496328e-19			0.0	1.0	1.0	1.0	0.8473684210526315	0.0	1.0	draw886	True
-0.5247993606025199	-0.6373069298971165	0.0850343452284381	0.0006992177207237912	0.201466072575783	0.20146899367011706	219.0	0.0	0.4387386494417452	0.5670905428756675	0.08815144054734476	0.18103598962398115	1.1102230246251565e-16			0.0	1.0	1.0	1.0	0.7275747508305648	0.0	1.0	draw889	True
-9.829748278867994	-17.814788166949086	0.02084795399788001	0.005656309229725269	0.07576624301596711	0.07576689486320831	206.0	0.0	0.0056773223376371815	0.020186307043264927	1.7176203254839293e-05	0.07576624301596711	3.3881317890172014e-21			0.0	1.0	1.0	1.0	0.8917748917748918	0.0	1.0	draw890	True
-0.5742851950346693	-0.5742851950346693	0.03495880707731228	0.0001427122205617373	0.07452671080460556	0.07452845021213052	265.0	0.0	0.0002827775222823812	9.994081972373006e-07	0.03495880707731228	0.0001427122205617373	3.469446951953614e-17			0.0	1.0	1.0	1.0	0.7934131736526946	0.0	1.0	draw893	True
-0.9512895749374366	-3.839078571435624	3.5259054958642433	0.02389766642830741	0.4339309347715684	0.43396302071187387	188.0	0.0	0.7023035935978514	0.595885889973259	0.003516343603092145	0.4339309347715684	1.8041124150158794e-16			0.0	1.0	1.0	1.0	0.9038461538461539	0.0	1.0	draw896	True
-1.90517042466369	-1.90517042466369	0.03643910213627813	0.007292265486413098	0.01729571568086866	0.01729581138405124	87.0	0.0	0.010008508658062177	0.251592446871684	0.03643910213627813	0.007292265486413098	1.0408340855860843e-17			0.0	0.0	1.0	1.0	0.47802197802197804	0.0	1.0	draw897	True
-0.07019735685575892	-0.13082748874054387	0.0035883644601944443	0.0014188814892031488	0.021522082921450247	0.021523396243612315	172.0	0.0	0.27419163122432244	0.01322715382245939	1.7341356487575623e-05	0.021522082921450247	1.7999450129153882e-19			0.0	1.0	1.0	1.0	0.864321608040201	0.0	1.0	draw898	True
-0.10999374799336567	-0.11005770802411115	0.0027912116539449473	0.00493586880997899	0.0462235738534141	0.0462303998119446	154.0	0.0	0.1680132481334583	2.288182704200724e-06	0.002844704356938291	0.006162625527553999	1.1689054672109345e-18			0.0	1.0	1.0	1.0	0.8700564971751412	0.0	1.0	draw903	True
-1.2642210300274128	-44.25542282433297	29.92827993178965	0.013099219880210547	1.3350253415046105	1.335242681274484	191.0	0.0	1.2306919877061415	0.27475215145769377	0.10220076635854307	1.3350253415046105	9.992007221626409e-16			0.0	1.0	1.0	1.0	0.8414096916299559	0.0	1.0	draw905	True
-5.4314882031820755	-13.172632980794504	0.026350149651096836	0.0013216966030829632	0.13728357351710427	0.13728546362063132	225.0	0.0	0.016208181412557063	0.2240989783661911	6.969335840724934e-05	0.13728357351710427	1.0842021724855044e-19			1.0	0.0	1.0	1.0	0.7425742574257426	0.0	1.0	draw908	True
-0.5929228360892357	-0.5929228360892357	0.061715041595208193	0.0003726975053169149	0.17499121991399044	0.1749948903240205	227.0	0.0	0.0008143216249124998	9.991645669144467e-07	0.061715041595208193	0.0003726975053169149	3.8163916471489756e-17			0.0	1.0	1.0	1.0	0.9190283400809717	0.0	1.0	draw912	True
-7.903138795580984	-11.443095824277338	0.06598649135650436	0.020048951494885135	0.9455289641992916	0.9464285586641349	204.0	0.0	0.10775939590649655	0.19139425685072448	0.004111022066931743	0.9455289641992916	3.2526065174565133e-19			0.0	1.0	1.0	1.0	0.8869565217391304	0.0	1.0	draw915	True
-0.08576143882948073	-0.6000404692499565	0.0003604720818994293	0.03410376511701709	0.24448310185148592	0.24451410077967461	75.0	0.0	2.9283020884166118	2.2591175538836037	0.004243579041784703	0.1738923519269812	1.3877787807814457e-16			0.0	0.0	1.0	0.0	0.3393665158371041	0.0	1.0	draw919	True
-0.40236435024288797	-4.2289851980001965	0.030009479205601167	0.0010212683156914373	0.20899845192270292	0.20905419276108317	166.0	0.0	0.7902954747929094	0.6779384647122313	0.056818414851063356	0.2033768937724387	5.273559366969494e-16			0.0	1.0	1.0	1.0	0.694560669456067	0.0	1.0	draw920	True
-1.520322305176866	-1.520322305176866	0.21889442628224554	0.07225525236644324	0.10844444818909361	0.10845267771257983	51.0	0.0	0.044841639447291255	0.23594879486929535	0.21889442628224554	0.07225525236644324	6.938893903907228e-17			0.0	0.0	1.0	1.0	0.27419354838709675	0.0	1.0	draw923	True
-0.5527015623941773	-14.125210306910068	6.068011343271486	0.023103881098769628	1.2315608019036164	1.2315966401838194	189.0	0.0	0.6333115941655295	0.23532876515098688	5.509259257775775	0.8031639815979996	1.3322676295501878e-15			0.0	1.0	1.0	1.0	0.6897810218978102	0.0	1.0	draw925	True
-0.38576245101275414	-0.38576245101275414	0.0008192627077653183	0.0016658808081960828	0.004290452432650533	0.004290520661529041	102.0	0.0	0.010007614822955594	0.4924847445038366	0.0008192627077653183	0.0016658808081960828	3.0357660829594124e-18			0.0	0.0	1.0	1.0	0.5730337078651685	0.0	1.0	draw927	True
-1.8236639971907447	-1.8236639971907447	0.07662595442490458	0.012151923162314851	0.03035108493941949	0.030351889478619776	120.0	0.0	0.34451818573300896	9.939615344171745e-07	0.07662595442490458	0.012151923162314851	1.215492279309921e-19			0.0	1.0	1.0	1.0	0.7058823529411765	0.0	1.0	draw930	True
-0.18075273234518963	-1.161764992139585	0.17324655071905062	0.07018186907721669	0.3233160007532471	0.3233210898938847	168.0	0.0	0.8697631511302852	0.020050296614799526	0.0002706582186715357	0.3233160007532471	9.75781955236954e-19			0.0	1.0	1.0	1.0	0.8571428571428571	0.0	1.0	draw931	True
-0.8415141075028635	-14.22862011688228	0.175606197902881	0.0004107783208039156	0.16363050708291232	0.1636601716881306	177.0	0.0	0.884873103815423	0.32164009341049477	0.005230137948897843	0.16363050708291232	6.938893903907228e-16			0.0	1.0	1.0	1.0	0.8676470588235294	0.0	1.0	draw932	True
-0.6136066665046487	-0.6136066665046487	0.004401086969378853	0.0015964087010098597	0.0031521268783716787	0.0031523361770201897	78.0	0.0	0.010011928354696277	0.12464259883024881	0.004401086969378853	0.0015964087010098597	4.7704895589362195e-18			0.0	0.0	1.0	1.0	0.19746835443037974	0.0	1.0	draw933	True
-0.3953141134433652	-0.4704232175821001	0.0531083071706898	3.7979636184862627e-05	0.24231245403694526	0.2423758040248114	295.0	0.0	0.18642997952421916	0.10042872816474419	0.03909062014142719	0.04600237090064928	1.3877787807814457e-16			0.0	1.0	1.0	1.0	0.8060109289617486	0.0	1.0	draw934	True
-0.4676113577493853	-0.6471821889670639	0.01610337014609784	0.019286245757480187	0.269858838909478	0.26989910090658364	170.0	0.0	0.47023356390326826	0.04248622373212868	0.00021803503028981086	0.269858838909478	4.811147140404426e-19			0.0	1.0	1.0	1.0	0.8629441624365483	0.0	1.0	draw935	True
-0.1259623212695298	-0.2432935183061602	0.011843291666234263	0.006224163397182743	0.02677093658092885	0.026771386178790543	162.0	0.0	0.16529415783060145	0.006679026946803218	0.00023058467251988168	0.026122778048505706	1.734723475976807e-18			0.0	1.0	1.0	1.0	0.7980295566502463	0.0	1.0	draw937	True
-0.16706196191016734	-1.1790752189767129	0.33592232754801554	0.015429964730051995	0.16397819443895156	0.16401023626304745	182.0	0.0	0.5529860089368481	0.29156698547323584	0.009575322683955686	0.14480469711085195	5.551115123125783e-17			0.0	1.0	1.0	1.0	0.8125	0.0	1.0	draw939	True
-0.07579717662091597	-0.217101206693309	0.008941199275666433	0.0028947192831225758	0.17363920727879145	0.17370888491029493	190.0	0.0	1.4807837151439962	0.18527549594840426	0.00015724739728403836	0.17363920727879145	3.469446951953614e-18			0.0	1.0	1.0	1.0	0.8878504672897196	0.0	1.0	draw941	True
-2.1072987833259718	-2.1072987833259718	0.03298467486167525	0.019981931410658908	0.029520217375708122	0.029522370228379845	59.0	0.0	0.010008192523371831	0.7955158145818941	0.03298467486167525	0.019981931410658908	2.0816681711721685e-17			0.0	0.0	1.0	1.0	0.19093851132686085	0.0	1.0	draw942	True
-0.08039590938994959	-6.249884074220945	0.40389521460272304	0.02722831706737906	0.6429912564080401	0.6430012424778204	198.0	0.0	0.49330166154047045	0.01683794954887782	0.00019117961152095638	0.6429912564080401	3.2526065174565133e-19			0.0	1.0	1.0	1.0	0.853448275862069	0.0	1.0	draw943	True
-1.5364558659240934	-8.487092563679292	12.758360815303817	0.0701203111780262	0.5555167224309043	0.5555296105686771	178.0	0.0	0.3149079618275879	0.0043419669300249295	0.01332032256676239	0.5555167224309043	6.5052130349130266e-18			0.0	1.0	1.0	1.0	0.8356807511737089	0.0	1.0	draw946	True
-0.34633979509845464	-2.8068361120309415	1.2878981843910233	0.0066835830373815856	0.3903073122261994	0.39031463679447487	209.0	0.0	0.8274353859103332	0.03716414466575151	0.0005736637947744114	0.3903073122261994	6.938893903907228e-18			0.0	1.0	1.0	1.0	0.8931623931623932	0.0	1.0	draw949	True
-0.09606203423973388	-0.29731320692294394	0.02082368751644046	0.022723157734967955	0.041565016416066705	0.04156559204459782	133.0	0.0	0.350184891406376	0.00019686427281498864	5.6670145223428746e-05	0.041565016416066705	3.3881317890172014e-21			0.0	1.0	1.0	1.0	0.7556818181818182	0.0	1.0	draw950	True
-0.7206231217553669	-4.580227862164229	0.30593269899777115	0.006092698356120408	0.2748154331684092	0.27484789007888005	165.0	0.0	1.098370616158493	0.2524739306172734	0.009560234791516206	0.2748154331684092	8.326672684688674e-17			0.0	1.0	1.0	1.0	0.8549222797927462	0.0	1.0	draw951	True
-0.04310764906986883	-0.16891717904708703	0.0064082553573064195	0.0005294670188776864	0.05488190390351686	0.054901747284208206	226.0	0.0	0.7393203335885548	0.05793692075557458	0.00030891790275333847	0.03501445927557461	5.204170427930421e-17			0.0	1.0	1.0	1.0	0.7558528428093646	0.0	1.0	draw952	True
-0.037303390838048574	-0.05953875078279877	0.0007995251607340868	4.906815296869808e-06	0.002584975258802968	0.0025858623457161636	281.0	0.0	0.012254186721349189	0.0024728240868058843	0.0003920224408287454	0.00031274916217352084	2.3852447794681098e-18			0.0	1.0	1.0	1.0	0.7615176151761518	0.0	1.0	draw953	True
-5.0787951474193	-5.0787951474193	0.5440037430846326	0.15435553833633456	0.30192731285982555	0.30192807249588616	50.0	0.0	0.03077854317602925	1.280572650056986	0.5440037430846326	0.15435553833633456	1.6653345369377348e-16			0.0	0.0	1.0	1.0	0.17543859649122806	0.0	1.0	draw954	True
-0.35003584777339125	-0.35003584777339125	0.00267922845816731	0.005744536535044172	0.1862534029882251	0.18643054451139546	177.0	0.0	0.01702696834539283	9.973283840139648e-07	0.00267922845816731	0.005744536535044172	9.75781955236954e-19			0.0	1.0	1.0	1.0	0.8762376237623762	0.0	1.0	draw957	True
-2.810804447475831	-2.810804447475831	0.0972185034672088	0.02699766429444041	0.08076313925659614	0.08076342595137298	91.0	0.0	0.010000530051163902	0.6225967899014473	0.0972185034672088	0.02699766429444041	2.7755575615628914e-17			0.0	0.0	1.0	1.0	0.5027624309392266	0.0	1.0	draw958	True
-3.200259158778638	-6.596182695800897	4.319384031372882	0.004897844593390097	0.18026216262464625	0.18026679835785625	198.0	0.0	0.901306536441059	0.035588651230806324	0.0040755388170998575	0.18026216262464625	5.2692225582795515e-17			0.0	1.0	1.0	1.0	0.8839285714285714	0.0	1.0	draw959	True
-1.4320925382829612	-30.051678257141862	65.921921126035	0.0017112596350771089	1.896448159710253	1.8981746139033735	240.0	0.0	0.4310569635486343	0.2364456207774356	6.687988289734952	1.8281667184455401	6.661338147750939e-16			0.0	1.0	1.0	1.0	0.802675585284281	0.0	1.0	draw961	True
-1.8562076464254023	-3.2867273626200415	0.03585489225049128	0.001249822034117797	0.1630152918802696	0.16312041940899347	226.0	0.0	0.06640642565211692	0.08355389795324243	0.0006637051587355089	0.1630152918802696	3.2526065174565133e-19			0.0	1.0	1.0	1.0	0.8625954198473282	0.0	1.0	draw964	True
-0.6884533734914715	-2.364052545952103	1.3963665976947055	0.027034897191441788	0.13641218758164422	0.1364271471281696	148.0	0.0	0.17902534636770104	0.00025851381473606495	0.010695188934239803	0.13641218758164422	5.421010862427522e-20			0.0	1.0	1.0	1.0	0.774869109947644	0.0	1.0	draw966	True
-0.08883048885832188	-0.13608574690818676	0.0004814750322814149	0.0002570281260416964	0.051477944485239804	0.051501292715471485	212.0	0.0	0.44060183436953587	0.15131619155354248	1.8122989812213766e-05	0.051477944485239804	2.710505431213761e-19			0.0	1.0	1.0	1.0	0.8653061224489796	0.0	1.0	draw969	True
-0.05848550287998445	-0.059022604691470755	3.958386037607902e-05	0.0001464507200148908	0.00045961788253826073	0.0004596260790421248	244.0	0.0	0.004021860233019426	6.481940499599757e-05	1.8893614018634596e-06	0.00023457686440277067	5.692061405548898e-19			0.0	1.0	1.0	1.0	0.8937728937728938	0.0	1.0	draw970	True
-0.16771743509110015	-0.16771743509110015	0.003414441361839272	0.001963386558424756	0.06177534882172511	0.06177562108283122	165.0	0.0	0.08238209643890176	9.98004052753307e-07	0.003414441361839272	0.001963386558424756	5.551115123125783e-17			0.0	1.0	1.0	1.0	0.8048780487804879	0.0	1.0	draw971	True
-0.23338541305010327	-0.283159869537395	0.012140756287754977	0.0009289980975533684	0.0018022277687165349	0.0018022376431689083	138.0	0.0	0.0076985203471690205	0.00014646229650530133	0.00046636402399727876	0.0017743003096489735	5.929230630780102e-20			0.0	1.0	1.0	1.0	0.8165680473372781	0.0	1.0	draw972	True
-0.8413927412455718	-37.195997895699456	0.01438682767598846	0.03344330325872658	0.30050140951159493	0.30050585975493593	122.0	0.0	0.8403476578950049	5.57347388141204	0.009537561147855079	0.25979803171245475	6.38378239159465e-16			0.0	0.0	1.0	0.0	0.5062240663900415	0.0	1.0	draw977	True
-0.9533335337034667	-6.884368756269744	6.977774252916118	0.07974546718627373	0.4516240502369931	0.4516539160725335	175.0	0.0	0.3375401481698638	0.004246452926016666	0.009164189385062901	0.4516240502369931	1.734723475976807e-18			0.0	1.0	1.0	1.0	0.8373205741626795	0.0	1.0	draw979	True
-0.25106651158361176	-0.2893660041942092	0.000252076795190728	4.500102155872553e-05	0.005648588017311178	0.005648611418174877	241.0	0.0	0.024560245241731817	0.4039864580744025	6.74711907043112e-07	0.005648588017311178	5.421010862427522e-20			0.0	1.0	1.0	1.0	0.8860294117647058	0.0	1.0	draw982	True
-0.7552726067165071	-6.061134899108389	0.000747785872583613	0.030870789742363524	0.04145971607725955	0.030870768894722667	54.0	0.0	1.074933766913851	0.0008796782489243071	0.8534931400614334	0.04145971607725955	8.673617379884035e-18			0.0	0.0	0.0	0.0	0.33962264150943394	0.0	1.0	draw984	True
-0.7562183090124495	-1.4090913541696253	0.4895073942619536	0.00029944200967488077	0.2616557397901502	0.26192711743517383	233.0	0.0	0.3955556286480026	0.16749620413426755	0.018030976153807825	0.2616557397901502	3.469446951953614e-17			0.0	1.0	1.0	1.0	0.8597785977859779	0.0	1.0	draw985	True
-0.04768614228961337	-0.2917042640807973	0.017123669777715716	0.0008965935809573081	0.07767162211162412	0.07768869093807879	208.0	0.0	0.6751239551659804	0.25250350838750335	0.00018318360833517706	0.0771897097404228	6.938893903907228e-18			0.0	1.0	1.0	1.0	0.8489795918367347	0.0	1.0	draw986	True
-0.04388012039402136	-17.773902769681087	3.0340379017420007	0.036895441737795936	0.17045702860919404	0.17049977800497954	166.0	0.0	3.084638279547968	0.17833714071429857	0.0004647243789172883	0.17045702860919404	5.551115123125783e-17			0.0	1.0	1.0	1.0	0.8691099476439791	0.0	1.0	draw987	True
-0.38916251382173955	-3.2128315983206495	2.5239808224101368	0.033526855577166746	0.2313916795946503	0.231399857102418	169.0	0.0	0.2615338004238317	0.00861590862530311	0.0031818296182240537	0.2313916795946503	2.4801124695605914e-18			0.0	1.0	1.0	1.0	0.8535353535353535	0.0	1.0	draw989	True
-0.38097737655014835	-3.199366045425348	0.5826198681640032	0.02026211088739247	0.19615527762611976	0.19617270949112123	184.0	0.0	0.19506192903533756	0.023521091742243525	0.0012010266602992007	0.19615527762611976	7.707999820014133e-19			0.0	1.0	1.0	1.0	0.8761904761904762	0.0	1.0	draw992	True
-0.13218473520491902	-6.187563750235474	0.8604642068961172	0.1626391613853516	0.4914848367700995	0.49148597285985374	158.0	0.0	0.30485134037285805	0.0002848716126108982	0.00028144015983270804	0.4914848367700995	1.1858461261560205e-20			0.0	1.0	1.0	1.0	0.7707317073170732	0.0	1.0	draw994	True
-0.19019420223177166	-0.29249099334873235	0.02049639216117757	0.023644753030479256	0.05385185515723803	0.05385643474974639	156.0	0.0	0.27294419788710983	0.0019497072896549142	0.0002763744332333933	0.04747832086745717	1.3877787807814457e-17			0.0	1.0	1.0	1.0	0.6933333333333334	0.0	1.0	draw995	True
-0.5899009468856943	-0.6323164826908113	0.004758614747420872	0.0017313516061603768	0.020338715803618217	0.02034008481881492	177.0	0.0	0.03327775952463558	0.006208665919054762	0.00010967211541708908	0.020239638830975265	2.0328790734103208e-20			0.0	1.0	1.0	1.0	0.8676470588235294	0.0	1.0	draw996	True
-0.6131540234590287	-0.8324752676883355	0.015191450334071543	0.020036691458611994	0.08484007144736758	0.08484592783349099	150.0	0.0	0.11486743265612263	0.003053899892523689	4.2509058277835495e-05	0.08484007144736758	3.3881317890172014e-20			0.0	1.0	1.0	1.0	0.8379888268156425	0.0	1.0	draw998	True
-1.8002947612642752	-1.8002947612642752	0.6066574710977726	0.00019723583809390645	0.37553937986159647	0.3756453763922626	238.0	0.0	0.00043954765179137503	9.991992688263022e-07	0.6066574710977726	0.00019723583809390645	1.6653345369377348e-16			0.0	1.0	1.0	1.0	0.8947368421052632	0.0	1.0	draw1001	True
-0.19337590438981395	-0.426626417350507	0.04165063165064218	0.010066464098672973	0.11986590577594829	0.11986805241405324	168.0	0.0	0.5808997858826698	0.018025869367525576	0.0003188568331828226	0.11986590577594829	3.0357660829594124e-18			0.0	1.0	1.0	1.0	0.865979381443299	0.0	1.0	draw1004	True
-0.9511808196402382	-1.18091003373116	0.31298515720406817	0.00468733467651515	0.10275114159827006	0.10276016369002054	193.0	0.0	0.2591196398054415	0.007487604925055212	0.10764775880782203	0.06120041608135122	6.069499286845415e-17			0.0	1.0	1.0	1.0	0.8894009216589862	0.0	1.0	draw1005	True
-0.8282401327864881	-0.851571357649881	0.00037601500721986446	0.001962947783815337	0.009021453363303815	0.00902145732865913	161.0	0.0	0.010751474639721184	0.004948092682572045	6.643128399787128e-08	0.009021453363303815	3.1763735522036263e-22			0.0	1.0	1.0	1.0	0.8609625668449198	0.0	1.0	draw1006	True
-0.0410074005058366	-3.331732940889934	0.8520271361239488	0.022922199920221917	0.2179123852871922	0.21792369884583732	181.0	0.0	3.344372253864555	0.08304767304059595	4.9577969849033775e-05	0.2179123852871922	5.204170427930421e-18			0.0	1.0	1.0	1.0	0.8786407766990292	0.0	1.0	draw1007	True
-1.8599586435856557	-4.821234899251676	0.13597511921764052	0.028880820041569978	0.5737091697853389	0.5738714687270372	190.0	0.0	0.21606658573266305	0.14175252080809578	0.0021646931577020655	0.5737091697853389	2.168404344971009e-18			0.0	1.0	1.0	1.0	0.8333333333333334	0.0	1.0	draw1009	True
-0.4118892811099754	-0.9793468177056865	0.23844688900028593	0.05847292957789775	0.26309802702885526	0.2631203226460493	139.0	0.0	0.5434397886818744	0.006519712900804866	0.0010180958709440245	0.26309802702885526	6.368496623270262e-19			0.0	1.0	1.0	1.0	0.8373493975903614	0.0	1.0	draw1013	True
-0.10708854834847045	-0.1673116404759792	0.0012605495452978923	0.0018006870929867303	0.07352126637901635	0.0735214379689193	188.0	0.0	0.5091579419088624	0.1077167718151188	3.9681630389245555e-06	0.07352126637901635	7.589415207398531e-19			0.0	1.0	1.0	1.0	0.8623853211009175	0.0	1.0	draw1016	True
-0.5181646355802493	-0.5181646355802493	0.014099050191502618	0.0038014689048995543	0.025406727201311523	0.0254073307623744	158.0	0.0	0.1474182493558311	9.915393895279313e-07	0.014099050191502618	0.0038014689048995543	3.471818644205926e-17			0.0	1.0	1.0	1.0	0.8777777777777778	0.0	1.0	draw1017	True
-0.07916759888291094	-1.228366241222524	0.051345146621865276	0.004083786154722842	0.07107373980226546	0.07107867609850589	197.0	0.0	0.2198107144992714	0.03961269651394033	0.00011731388372057763	0.07107373980226546	4.336808689942018e-19			0.0	1.0	1.0	1.0	0.8834080717488789	0.0	1.0	draw1020	True
-2.547970510089952	-210.16572576200852	35.44924383171882	0.0020245997005038647	2.028276046764479	2.0284213052786093	195.0	0.0	1.406887373205272	0.2729562874689534	0.12416361556173473	2.028276046764479	1.1102230246251565e-15			0.0	1.0	1.0	1.0	0.8944954128440367	0.0	1.0	draw1022	True
-1.9574976494638137	-5.074562864926014	0.11934784916805495	0.013156323885581099	0.02201865099370451	0.022018990846801992	124.0	0.0	1.549897280617287	0.0002449407539005143	0.00016835118974428679	0.02201865099370451	1.12125986392788e-19			0.0	1.0	1.0	1.0	0.7515151515151515	0.0	1.0	draw1025	True
-0.7239451295509863	-0.7239451295509863	0.11148264821953749	0.00019719214972951273	0.06779616262699226	0.06786501885392004	231.0	0.0	0.0003935252481707128	9.992734017229819e-07	0.11148264821953749	0.00019719214972951273	1.0408340855860843e-17			0.0	1.0	1.0	1.0	0.7287066246056783	0.0	1.0	draw1026	True
-6.488366069552828	-12.145199348694177	0.03139615926758145	0.0012175226297210103	0.06782494390943831	0.06794033252782437	198.0	0.0	0.008474596206609763	0.34776765031556867	0.0022755489754281762	0.06782494390943831	2.168404344971009e-19			1.0	0.0	1.0	1.0	0.6578073089700996	0.0	1.0	draw1030	True
-1.101477870101387	-1.193929157392986	0.3262075682220019	0.011551524195469998	0.2117683423273667	0.21179644359986133	180.0	0.0	0.35575624601003814	0.010326330407642779	0.21355791252025255	0.12837941049323043	1.0495077029659683e-16			0.0	1.0	1.0	1.0	0.9	0.0	1.0	draw1031	True
-1.3036863990010619	-12.605053052055322	0.012587086588572445	0.23067759462925858	0.2839199438088048	0.28394703584320047	52.0	0.0	1.9754348060194291	0.07082013928182855	0.006648344317720956	0.2839199438088048	5.551115123125783e-17			0.0	0.0	1.0	0.0	0.26804123711340205	0.0	1.0	draw1032	True
-0.9271898009611358	-1.4847008061651958	0.007430033532103437	0.003502391237299888	0.01615170915273301	0.016151978343687007	164.0	0.0	0.013004377853825596	0.002732170488980278	3.32709460076003e-05	0.016133120578139322	6.776263578034403e-21			0.0	1.0	1.0	1.0	0.8541666666666666	0.0	1.0	draw1033	True
-0.2699232908449174	-5.3392389730596435	1.5696379655605235	0.04165759797369682	0.46949703073432636	0.4695111223872762	189.0	0.0	0.5164443431266875	0.013827360037463784	0.0011108927324957555	0.46949703073432636	1.2874900798265365e-18			0.0	1.0	1.0	1.0	0.8590909090909091	0.0	1.0	draw1035	True
-0.07316118625619394	-0.33370334123672485	0.0026467886700038356	0.009743597143037986	0.04815012372314944	0.04815042553700705	161.0	0.0	0.2277658035786436	0.018271807878479263	1.1393318598083956e-05	0.04815012372314944	9.147955830346444e-20			0.0	1.0	1.0	1.0	0.8655913978494624	0.0	1.0	draw1036	True
-0.9295150216635355	-8.960039614421682	1.6833391338645434	0.01724738302187172	0.47912214903962136	0.47923285893479683	168.0	0.0	1.1225335332075919	0.27513258274789454	0.04311235780230133	0.47912214903962136	3.3306690738754696e-16			0.0	1.0	1.0	1.0	0.8615384615384616	0.0	1.0	draw1038	True
-0.05314238570918879	-0.8727781857009282	0.05370294812266674	0.016719686552668696	0.217771477764258	0.2177780447700378	168.0	0.0	0.548453761540513	0.000977468907706174	0.00018795689616620076	0.217771477764258	1.8846483076408183e-20			0.0	1.0	1.0	1.0	0.8195121951219512	0.0	1.0	draw1039	True
-0.057167698141148915	-0.057167698141148915	0.000768580104647832	0.00662169991228667	0.007552622725320962	0.007553714112709816	31.0	0.0	0.19340878599157027	0.6567068453852747	0.000768580104647832	0.00662169991228667	3.642919299551295e-17			0.0	0.0	1.0	1.0	0.14220183486238533	0.0	1.0	draw1042	True
-2.2448398016225792	-6.1992218527587175	8.862839324262756	0.021722117849833085	0.1791248702093667	0.17913710043454192	187.0	0.0	0.29179107529302706	0.0028426375068231983	0.008519483203243422	0.1791248702093667	1.6364676540953083e-18			0.0	1.0	1.0	1.0	0.8237885462555066	0.0	1.0	draw1044	True
-21.590096975953838	-23.96283371519259	20.84338204672006	0.08114096270022157	0.17028037916347524	0.17029405763531727	112.0	0.0	0.32498726472080536	5.3876845255521416e-05	0.13926298905051557	0.17028037916347524	3.2526065174565133e-19			0.0	1.0	1.0	1.0	0.6021505376344086	0.0	1.0	draw1045	True
-0.5343961412235232	-15.90598952274177	0.19337271946585802	0.6246542077018966	1.4161561704456251	1.417184498374902	64.0	0.0	1.7415315131884512	0.9359834894660435	0.041672151265072184	1.4161561704456251	8.881784197001252e-16			0.0	0.0	1.0	0.0	0.27586206896551724	0.0	1.0	draw1048	True
-1.7970366495747474	-3.311264360148152	0.20980743702145735	0.0013827182353413267	0.2029823986552159	0.20298335803179146	228.0	0.0	0.09069083317767626	0.2192233205946777	0.00033662063950595485	0.2029823986552159	3.63207727782644e-18			0.0	1.0	1.0	1.0	0.8669201520912547	0.0	1.0	draw1049	True
-4.237187818816779	-4.237187818816779	1.2861128138979296	0.2901214589396789	0.375454861225744	0.37545505536840457	42.0	0.0	0.07794789364908701	0.5664157833133696	1.2861128138979296	0.2901214589396789	2.220446049250313e-16			0.0	0.0	1.0	1.0	0.328125	0.0	1.0	draw1051	True
-0.017882898253742993	-0.07748152826498629	0.0009116848468824489	0.00010116103726576182	0.025111027476871925	0.025122701967180007	216.0	0.0	0.7237338123792257	0.16789210540984112	0.0015514443966394773	0.016476825104059883	2.42861286636753e-17			0.0	1.0	1.0	1.0	0.7322033898305085	0.0	1.0	draw1054	True
-0.0488817135213572	-0.06407125557251594	0.0007714141599901731	3.574113286353629e-06	0.006325502224636284	0.006329339985607076	254.0	0.0	0.1168320925191681	0.051180242805259096	0.000803444933503911	0.003504273295438788	2.6020852139652106e-18			0.0	1.0	1.0	1.0	0.8438538205980066	0.0	1.0	draw1056	True
-0.7899008902561222	-2.3788884351841935	0.06773635660421179	0.0258512340786318	0.3086622471548344	0.3086852401345062	180.0	0.0	0.23383126692825756	0.06687869671651082	0.00044318144675208813	0.3086622471548344	7.589415207398531e-19			0.0	1.0	1.0	1.0	0.8780487804878049	0.0	1.0	draw1057	True
-3.996985948191032	-9.379162396348425	21.836451975304165	0.1464239285940543	0.5537832217455455	0.5538573057003152	172.0	0.0	0.41155996980173637	0.026257531708739783	0.0612221319833098	0.5537832217455455	6.567554659830943e-17			0.0	1.0	1.0	1.0	0.8557213930348259	0.0	1.0	draw1058	True
-0.47416834697482824	-1.684994970744725	0.18459397427767124	0.025451141717144323	0.40965456920975163	0.40965665499209136	184.0	0.0	0.565371119584455	0.22103336001478327	0.0003071355933690709	0.40965456920975163	1.734723475976807e-17			0.0	1.0	1.0	1.0	0.8888888888888888	0.0	1.0	draw1060	True
-1.619787096695385	-4.077650875910455	3.6699037741452587	0.0023184235784587557	0.24814421989504018	0.24814442801986558	222.0	0.0	0.4397781149096159	0.013022990743699878	0.026199219456316647	0.2478548000674963	5.095750210681871e-18			0.0	1.0	1.0	1.0	0.8473282442748091	0.0	1.0	draw1061	True
-0.1178053137567776	-0.1178053137567776	0.001294801840854815	0.0514432955270636	0.07038422141839419	0.07039374235251858	37.0	0.0	0.6328345988277901	1.5123424700408266	0.001294801840854815	0.0514432955270636	4.85722573273506e-17			0.0	0.0	1.0	1.0	0.2569444444444444	0.0	1.0	draw1062	True
-0.3449504049882815	-0.3451812013430338	0.00014507034510771212	0.0001551261987878351	0.01254786157879152	0.013345779689388689	181.0	0.0	0.0004614370094789282	3.979894701313417e-06	3.927281233117682e-05	0.00015911513088710818	6.938893903907228e-18			0.0	1.0	1.0	1.0	1.0	0.0	1.0	draw1063	True
-0.014322192016906096	-0.014331809453529038	0.000494013701888386	0.2762005453002421	0.3039612419492305	0.30400173653679596	25.0	0.0	0.9429489343895993	0.303532378722738	0.000523071330532116	0.2762111672630488	4.163336342344337e-17			0.0	0.0	1.0	0.0	0.09090909090909091	0.0	1.0	draw1064	True
-0.17481568621378707	-0.17481568621378707	0.00763998110682551	3.431339477374566e-05	0.07007061802391126	0.07009817665835467	241.0	0.0	0.0003919277513379357	9.99207380782919e-07	0.00763998110682551	3.431339477374566e-05	2.7755575615628914e-17			0.0	1.0	1.0	1.0	0.8368055555555556	0.0	1.0	draw1065	True
-10.448233376955711	-17.200884295888944	17.07112242341268	0.0721685423256546	0.21396243640743165	0.21396459421489503	152.0	0.0	0.6158072605232149	0.0004567715431941911	0.010518030532330918	0.21396243640743165	1.2434443665693129e-18			0.0	1.0	1.0	1.0	0.7875647668393783	0.0	1.0	draw1068	True
-0.16960443798617605	-2.0010025332545185	0.25275822648948537	0.017318275777541393	0.17672017871846565	0.17674222506577633	184.0	0.0	0.37381978398204413	0.015226049125143297	0.0007471121309846698	0.17672017871846565	1.1045309632196076e-18			0.0	1.0	1.0	1.0	0.847926267281106	0.0	1.0	draw1069	True
-0.035926322351324605	-0.05871164904305233	0.0008589235561718278	0.004108961643694533	0.019793619044667858	0.01979742512009259	155.0	0.0	0.7192519395198333	0.1871646188714914	1.3903453147480257e-05	0.019793619044667858	6.5052130349130266e-18			0.0	1.0	1.0	1.0	0.8378378378378378	0.0	1.0	draw1070	True
-0.5785844623775758	-10.831028337753493	1.3975266404143902	0.042393012108054615	0.4162991350697762	0.4163452864067523	193.0	0.0	0.1810700314100824	0.04159283042969344	0.0032353577579833223	0.4162991350697762	2.9815559743351372e-18			0.0	1.0	1.0	1.0	0.8693693693693694	0.0	1.0	draw1071	True
-1.1920261074753218	-6.775020992679344	10.262871765140817	0.015407407356685613	0.6634327236716595	0.6640537804261268	205.0	0.0	0.4857241240762613	0.16061735937675117	0.10365659903986493	0.6634327236716595	8.326672684688674e-17			0.0	1.0	1.0	1.0	0.8723404255319149	0.0	1.0	draw1072	True
-1.9539467338296683	-90.04184359001245	79.52826362511506	0.1651763402698525	1.4385378194725065	1.43857851084801	211.0	0.0	0.19080747292371902	0.08212084913878229	0.19339528434663325	1.4327406590357374	3.8163916471489756e-17			0.0	1.0	1.0	1.0	0.8791666666666667	0.0	1.0	draw1073	True
-0.5363153401559903	-0.9437693813867173	0.048505617664600154	0.0006188337937089026	0.09571454525968502	0.09585136600604875	223.0	0.0	0.1631503810565523	0.18292105412745788	0.0027340639642265776	0.09571454525968502	5.204170427930421e-18			0.0	1.0	1.0	1.0	0.8884462151394422	0.0	1.0	draw1074	True
-0.03176191601002591	-0.4526673096108686	0.005352609445661694	0.0268694017287833	0.139057076319688	0.13906287564017986	158.0	0.0	0.5274703619606919	0.007921351129213241	6.436332871934514e-05	0.139057076319688	1.8973538018496328e-19			0.0	1.0	1.0	1.0	0.8494623655913979	0.0	1.0	draw1075	True
-0.47132495993093526	-0.47132495993093526	0.43885383550233487	0.1011031931995527	0.45346916817758987	0.45348696943916844	52.0	0.0	0.2601838519200865	0.15180827148005246	0.43885383550233487	0.1011031931995527	3.3306690738754696e-16			0.0	0.0	1.0	1.0	0.30952380952380953	0.0	1.0	draw1077	True
-1.2128520976607258	-3.155107605647281	2.3699812013864046	0.12553806248169397	0.23634122452586617	0.23634123736112936	140.0	0.0	0.29986559930280515	0.00013883802291212054	0.00018605161597962948	0.23634122452586617	2.710505431213761e-20			0.0	1.0	1.0	1.0	0.7216494845360825	0.0	1.0	draw1080	True
-0.4419610755012127	-0.4419610755012127	0.035955458167275856	0.00025306972012017825	0.27268572483551584	0.27279203354029435	221.0	0.0	0.002355551037402517	9.99673368066321e-07	0.035955458167275856	0.00025306972012017825	1.6653345369377348e-16			0.0	1.0	1.0	1.0	0.7864768683274022	0.0	1.0	draw1081	True
-0.025833457404413826	-1.4592973293224838	0.0669382342163308	0.11736249753433063	0.4742012395314993	0.47420764455165854	150.0	0.0	0.48126760667458035	0.004069579313859357	6.518963057311984e-05	0.4742012395314993	4.743384504624082e-20			0.0	1.0	1.0	1.0	0.8426966292134831	0.0	1.0	draw1082	True
-1.0147610055180096	-6.113908352586682	3.6452203455767673	0.024921949618486837	0.29188648272205153	0.29188856807022623	155.0	0.0	0.3018057380012189	0.0035222048067640377	0.004024835160464209	0.29188648272205153	4.570589783384205e-18			0.0	1.0	1.0	1.0	0.842391304347826	0.0	1.0	draw1083	True
-0.2752771948789252	-20.248627474074464	0.5106356957112712	0.17253683586320637	3.093579874143205	3.0938663650963973	189.0	0.0	0.6083608564495963	0.009763698297723044	0.0009222281416594515	3.093579874143205	5.421010862427522e-20			0.0	1.0	1.0	1.0	0.8590909090909091	0.0	1.0	draw1085	True
-1.0382092208124547	-2.16734659564311	0.07355689798527473	0.004537693086560683	0.033782638649045994	0.03378263899019729	168.0	0.0	2.300768474758017	0.10230987609627663	3.5624661104846077e-06	0.033782638649045994	1.0668549377257364e-16			0.0	1.0	1.0	1.0	0.8795811518324608	0.0	1.0	draw1086	True
-0.40146052424071066	-0.49490714277368353	0.03165177669811621	0.000456592763562217	0.04150010819353819	0.04150253718057477	211.0	0.0	0.09989840271147804	0.06224316568290185	0.00020150715601253015	0.04150010819353819	8.673617379884035e-19			0.0	1.0	1.0	1.0	0.8406374501992032	0.0	1.0	draw1087	True
-2.3099850607500967	-3.6283199196610196	0.028978414088090175	0.0003620319487803197	0.11174129023784478	0.11188699468599285	231.0	0.0	0.044814586854000346	0.4145084139661844	0.0017664617070735943	0.11174129023784478	8.673617379884035e-19			1.0	0.0	1.0	1.0	0.8953488372093024	0.0	1.0	draw1088	True
-1.4604258235339402	-2.278228573379937	1.2915211113381282	0.15165274845294638	0.2929092265887344	0.29292574147967626	96.0	0.0	0.37119237810837663	3.074201348804083e-05	0.01299978615351339	0.2929092265887344	1.6093625997831706e-20			0.0	1.0	1.0	1.0	0.518918918918919	0.0	1.0	draw1089	True
-0.020518256891093285	-0.09782760132669235	0.0011110914236134803	0.007158847899262353	0.03362880233510944	0.03362995706908646	157.0	0.0	0.5660596519964922	0.03468519933437224	5.914046887493547e-06	0.03362880233510944	3.2526065174565133e-19			0.0	1.0	1.0	1.0	0.8626373626373627	0.0	1.0	draw1091	True
-0.1625599108138402	-0.3276381491639424	0.0253412998157561	0.03645130078179763	0.06653676050187089	0.06653746119408295	133.0	0.0	0.5991807117303252	0.0009152871033174687	5.964582957426987e-05	0.06653676050187089	1.0503208545953324e-19			0.0	1.0	1.0	1.0	0.8525641025641025	0.0	1.0	draw1092	True
-11.983850827884162	-22.074429497844566	0.04562632050292411	0.09094967180061356	0.11126645186805748	0.09094149519276072	37.0	0.0	1.313007214466413	0.00322594531158032	1.9289644784764208	0.11126645186805748	8.326672684688674e-17			0.0	0.0	0.0	0.0	0.21022727272727273	0.0	1.0	draw1093	True
0.28204880555772693	-1.14008485892081	0.323040019528545	0.04104874471612185	0.2736145568499654	0.2738404744691383	181.0	10.0	1.0126084874863142	0.41861807330167217	0.007028318290623299	0.2736145568499654	8.326672684688674e-17	0.24966397329688844	0.06864644503107152	0.0	1.0	1.0	1.0	0.6753731343283582	0.0	1.0	draw1095	True
-0.13455856748932934	-0.13455856748932934	0.0002449459471191047	0.0030322651451122127	0.01809382748402545	0.018094787380883784	156.0	0.0	0.022948751262578875	9.970384114387853e-07	0.0002449459471191047	0.0030322651451122127	1.2004045049369538e-20			0.0	1.0	1.0	1.0	0.8571428571428571	0.0	1.0	draw1099	True
-0.19033833192725408	-0.9340041728899651	0.05864039951956935	0.002186317532815765	0.6499021409438724	0.6502497958332117	200.0	0.0	1.1850519156257318	0.23570103780055746	0.09206216120285575	0.13952237704546852	2.220446049250313e-16			0.0	1.0	1.0	1.0	0.7751937984496124	0.0	1.0	draw1100	True
-0.517333359144727	-0.6655022152311563	0.05968819558030599	0.011553397514345188	0.05532203537780144	0.05532315492653103	153.0	0.0	0.1028516329448174	0.005296564766529507	0.00015752441965260342	0.05532203537780144	1.5500702934753696e-19			0.0	1.0	1.0	1.0	0.8360655737704918	0.0	1.0	draw1102	True
-0.2669178192069854	-0.34836513257696233	0.008855025839367963	0.057925785331271316	0.4604108257274482	0.460411878191047	146.0	0.0	0.9220479816161421	0.007944978412204953	0.0001155789620644434	0.4604108257274482	4.336808689942018e-19			0.0	1.0	1.0	1.0	0.8488372093023255	0.0	1.0	draw1103	True
-0.12285175968679807	-0.6980294498154603	0.11063225037888902	0.008962453519964298	0.05335125001297672	0.05335208302865846	178.0	0.0	0.5126691245940564	0.022565587760174154	4.364451256272832e-05	0.05335125001297672	1.3010426069826053e-18			0.0	1.0	1.0	1.0	0.8725490196078431	0.0	1.0	draw1104	True
-0.09253975486329998	-0.23872496985726815	0.013863428476248888	0.020134077421896445	0.06848308359647962	0.068514490489649	156.0	0.0	0.48594313896758556	0.00788611626035084	0.00020609679075173117	0.06125420668532119	1.0408340855860843e-17			0.0	1.0	1.0	1.0	0.7878787878787878	0.0	1.0	draw1106	True
-0.23396258528433372	-0.2874984346159296	0.011827798336865935	0.0005880317071193552	0.0292634340361344	0.029263875764010402	186.0	0.0	0.33322513859707853	0.013897341432649295	0.009546903690142222	0.020587122029933774	1.1695830935687379e-17			0.0	1.0	1.0	1.0	0.8899521531100478	0.0	1.0	draw1109	True
-1.2795758759806801	-1.2795758759806801	0.014334834763853619	0.02791182172121372	0.12196598499171016	0.12196984688454121	148.0	0.0	0.02440030766271457	9.99156406952508e-07	0.014334834763853619	0.02791182172121372	2.0328790734103208e-20			0.0	1.0	1.0	1.0	0.8554913294797688	0.0	1.0	draw1110	True
-0.0527589812129974	-0.05492273386690231	0.0002012405963751511	0.00884157893109199	0.009525118981342598	0.009525119171620732	112.0	0.0	0.23525746619083293	0.00013282264741620707	2.078408714975877e-08	0.009525118981342598	2.964615315390051e-21			0.0	1.0	1.0	1.0	0.7417218543046358	0.0	1.0	draw1111	True
-0.23267629474537016	-0.24012220205072682	0.011824908941531424	0.00041604598257500945	0.05019811809969791	0.050198226166737095	198.0	0.0	0.5229407009493545	0.21677302819391214	2.3416213159154557e-05	0.05019811809969791	9.974659986866641e-18			0.0	1.0	1.0	1.0	0.9	0.0	1.0	draw1115	True
-0.027773651712087156	-0.37871511355967946	0.033588948241378806	0.001518924098923944	0.03949926815060721	0.0395002147780846	184.0	0.0	0.5105116479842903	0.014134616874644734	2.5170175096742967e-05	0.03949926815060721	1.1858461261560205e-18			0.0	1.0	1.0	1.0	0.8720379146919431	0.0	1.0	draw1116	True
-0.03385927126180304	-0.03650221455677117	0.0002849394244775344	1.6963152431185458e-05	0.0014015606674690827	0.001401777030029403	235.0	0.0	0.02633112203820603	0.005163548029606015	0.00014578878584041774	0.0006802668411103666	1.4094628242311558e-18			0.0	1.0	1.0	1.0	0.685131195335277	0.0	1.0	draw1117	True
-0.0775804383912587	-0.0775804383912587	0.0014880316747206844	0.0018824129559334981	0.06222277000612506	0.0623135528943176	179.0	0.0	0.04411656026250576	9.965868338391453e-07	0.0014880316747206844	0.0018824129559334981	4.163336342344337e-17			0.0	1.0	1.0	1.0	0.7584745762711864	0.0	1.0	draw1118	True
-5.2858540047902975	-7.093432071074225	0.08815116472103997	0.06414928569867805	0.1803162227831623	0.18031928920379725	146.0	0.0	0.027471203937429734	0.002119653003992011	6.972387187524454e-05	0.1803162227831623	9.370301979000698e-21			0.0	1.0	1.0	1.0	0.8342857142857143	0.0	1.0	draw1120	True
-0.005003511770600285	-0.12273609305787174	0.0004650443565054465	0.0008197652222788613	0.09118614905447851	0.09119145044009605	161.0	0.0	0.33541606086542575	0.0009493030295094075	0.0002649789161006047	0.0012665245792192908	6.938893903907228e-17			0.0	1.0	1.0	1.0	0.6363636363636364	0.0	1.0	draw1121	True
-0.31501724135467246	-0.36532361780154066	0.026489085967504634	0.00012179698807965473	0.04300600115996897	0.04302730011168497	222.0	0.0	0.3953496356876391	0.06902255882816974	0.010827254917860359	0.0349114508362233	5.421010862427522e-17			0.0	1.0	1.0	1.0	0.9098360655737705	0.0	1.0	draw1122	True
-0.11757678981391768	-0.15599598976596502	0.00585755995772948	0.00019157845396236572	0.013524254663702457	0.01353813865490387	200.0	0.0	0.24344681296740622	0.08991662853832204	0.0001848002266595019	0.013524254663702457	2.5851445550201246e-18			0.0	1.0	1.0	1.0	0.8658008658008658	0.0	1.0	draw1123	True
-0.027979126051962552	-0.06323592445076243	0.00033609323681805685	0.0027543239900478613	0.02842663455850976	0.02843409590200754	167.0	0.0	0.6808717225978567	0.04242266701718204	1.2876933384118329e-05	0.02842663455850976	2.388632911257127e-19			0.0	1.0	1.0	1.0	0.8697916666666666	0.0	1.0	draw1125	True
-0.0527859256888045	-0.0527859256888045	0.057504539994132964	0.1485606789839754	0.31752359381823164	0.31752530816088775	48.0	0.0	0.5366447725518385	0.13809285493467796	0.057504539994132964	0.1485606789839754	1.6653345369377348e-16			0.0	0.0	1.0	1.0	0.16382252559726962	0.0	1.0	draw1126	True
-2.869976171839591	-109.81459469427062	3.297533541482856	0.0014988709195221394	1.3534602334553674	1.3536177805146257	177.0	0.0	1.492010624300885	0.7118184080303473	0.028804419039792317	1.3534602334553674	1.3322676295501878e-15			0.0	1.0	1.0	1.0	0.8984771573604061	0.0	1.0	draw1129	True
-0.17659878347571895	-1.2440817375292845	0.08024176269462331	0.022029418808216513	0.21964543882750767	0.21965754260684386	172.0	0.0	0.28673482826294205	0.07387380455001682	0.0004045040102777871	0.21964543882750767	4.445228907190568e-18			0.0	1.0	1.0	1.0	0.882051282051282	0.0	1.0	draw1130	True
-0.1075432930533083	-0.2747796321882744	0.01495527614308724	0.010943238140565411	0.11175923322995697	0.11176136171110024	168.0	0.0	0.8125433111246212	0.060683768380506556	0.0001039538749208	0.11175923322995697	4.336808689942018e-18			0.0	1.0	1.0	1.0	0.8842105263157894	0.0	1.0	draw1131	True
-0.04527729603895252	-0.07102786400441527	0.0005111818939213147	0.006485520135711034	0.03324355300284019	0.033245614633377	151.0	0.0	0.5733073347629369	0.009591972759808423	2.487828330459594e-06	0.03324355300284019	5.421010862427522e-20			0.0	1.0	1.0	1.0	0.8531073446327684	0.0	1.0	draw1132	True
-2.2790840747038867	-10.689949905206522	0.11477102450485299	0.05564655628951124	0.5410686973220203	0.541081870617467	183.0	0.0	0.10367126059494651	0.035962148020175895	0.00014863720183041538	0.5410686973220203	8.470329472543003e-20			0.0	1.0	1.0	1.0	0.8755980861244019	0.0	1.0	draw1133	True
-0.606181971845232	-6.86720259752342	0.8814905950267927	0.0013499396202011718	0.22212151923719245	0.22222748063150774	193.0	0.0	0.6334375022628328	0.31927864421529006	0.012321489260658791	0.22212151923719245	1.3877787807814457e-16			0.0	1.0	1.0	1.0	0.8502202643171806	0.0	1.0	draw1134	True
-0.12241818276714947	-0.5342520770558546	0.06163070753913145	0.01288568812628929	0.0950549559884687	0.09506294335459349	170.0	0.0	0.7324475271487758	0.010296416659702967	0.00015323209221438717	0.0950549559884687	2.0599841277224584e-18			0.0	1.0	1.0	1.0	0.8542713567839196	0.0	1.0	draw1135	True
-2.042747536236749	-6.069294001161472	8.546117301517805	0.22023592418525015	0.939982317710108	0.9400474110597686	146.0	0.0	0.45023165479476807	0.00030632532560960913	0.060339126619401495	0.939982317710108	1.8973538018496328e-19			0.0	1.0	1.0	1.0	0.776595744680851	0.0	1.0	draw1136	True
-0.07658672495585966	-0.37846592489134445	0.021696008620204706	0.014291528862632387	0.08987991004650428	0.08988022823790517	171.0	0.0	0.6539232490058731	0.22394755041885572	1.9508109235207726e-05	0.08987991004650428	1.3010426069826053e-17			0.0	1.0	1.0	1.0	0.8636363636363636	0.0	1.0	draw1138	True
-0.06587412971486731	-0.08049661424640207	0.001548008816971563	0.006096006869047484	0.043231658286377594	0.0432355465424842	141.0	0.0	0.6983446537303173	0.07252066923225838	1.223452443439967e-05	0.043231658286377594	5.421010862427522e-19			0.0	1.0	1.0	1.0	0.8545454545454545	0.0	1.0	draw1142	True
-0.051835096749043755	-0.051835096749043755	0.001494148521713858	0.00790655519115659	0.01578984625758023	0.015790610917921576	46.0	0.0	0.1466395094003556	0.15347054278861852	0.001494148521713858	0.00790655519115659	6.938893903907228e-18			0.0	0.0	1.0	1.0	0.2911392405063291	0.0	1.0	draw1144	True
-51.368682373368046	-52.27670596614304	0.07173159415080428	0.005253333439796606	0.013383920801075762	0.0133839347984787	144.0	0.0	0.00025729203289869137	0.0007378291614104921	1.6967085466865646e-05	0.013383920801075762	2.6469779601696886e-22			1.0	0.0	1.0	1.0	0.8181818181818182	0.0	1.0	draw1147	True
-0.40889464922590796	-1.229079282580324	6.520365439301268e-05	0.0052089322140563814	0.0065722198244325646	0.005208654448574126	37.0	0.0	2.230283510130753	0.0035526958786587163	0.0034945940863441707	0.0065722198244325646	8.673617379884035e-19			0.0	0.0	0.0	0.0	0.2138728323699422	0.0	1.0	draw1151	True
0.28770832372423016	-32.96596818922002	212.70019672440975	0.07421516099455801	1.0616194388101003	1.0623134705620938	197.0	3.0	0.6481462625742557	0.08977435296049327	0.33559679719033914	1.0616194388101003	2.220446049250313e-16	1.0591433950731388	0.7627653243606808	0.0	1.0	1.0	1.0	0.8277310924369747	0.0	1.0	draw1157	True
-1.083467586963189	-3.8530844363690093	3.629408568050122	0.027282983305704642	0.31047509038582083	0.3105083219634669	178.0	0.0	0.2405587180647081	0.08071072314779314	0.0043491912563321114	0.31047509038582083	2.667137344314341e-17			0.0	1.0	1.0	1.0	0.8944723618090452	0.0	1.0	draw1158	True
-0.5652353212625865	-1.261763515868167	0.3960435183617387	0.021830392622626826	0.4884749797840574	0.48855773407429653	174.0	0.0	1.0051935031001524	0.0749810070540453	0.003561942377495051	0.4884749797840574	1.1058862159352145e-17			0.0	1.0	1.0	1.0	0.8613861386138614	0.0	1.0	draw1160	True
0.440947298159455	-1.2512713528389485	0.0023013281804285996	0.13614381538701495	0.205612007419888	0.2056397261770275	39.0	14.0	1.1948510829472245	0.3658085060646375	0.002327205425013254	0.205612007419888	1.942890293094024e-16	0.18372047214043474	0.0662274245018385	0.0	0.0	1.0	0.0	0.1541501976284585	0.0	1.0	draw1161	True
-0.49137003242932376	-9.743630730256582	2.9532739745623555	0.05127985672006011	1.9283269937200733	1.9287480379879742	191.0	0.0	0.4539635167841571	0.0060553771965787435	0.030920227726881442	1.9283269937200733	2.168404344971009e-19			0.0	1.0	1.0	1.0	0.8526785714285714	0.0	1.0	draw1162	True
-118.49482626682851	-195.20329624578363	2855.337624036959	0.19824958507109514	0.7442060974343616	0.7442381555186763	189.0	0.0	0.957935427980067	0.004061296628529515	0.3792491635699247	0.7442060974343616	1.5355013267825957e-16			0.0	1.0	1.0	1.0	0.84375	0.0	1.0	draw1163	True
-0.6281516258938575	-0.7640351385117409	0.07387352449862647	0.0002195968161964549	0.04102111552717945	0.04103736800273175	212.0	0.0	0.3303402397238047	0.20675814077287943	0.009930622168767987	0.04000148949504412	2.42861286636753e-17			0.0	1.0	1.0	1.0	0.8983050847457628	0.0	1.0	draw1164	True
-0.24997832222570265	-11.299748799625387	2.9818502593221945	0.1129512336353973	0.852135413109973	0.8521617341344152	175.0	0.0	0.2268855057711764	0.0037954600870229475	0.004645333649917914	0.852135413109973	4.87890977618477e-19			0.0	1.0	1.0	1.0	0.8413461538461539	0.0	1.0	draw1171	True
-0.03325883688028347	-1.067200243222328	0.051810593268673724	0.0235344694401118	0.9229611630109519	0.9230450612464908	161.0	0.0	0.8746091748604988	0.008169848262710186	0.00840090557184089	0.04271840327522706	7.771561172376096e-16			0.0	1.0	1.0	1.0	0.6909871244635193	0.0	1.0	draw1173	True
-1.0587418949146303	-2.8776112709672357	1.8779426978158782	0.0007809330208327936	0.21715298521223383	0.2171891634849866	235.0	0.0	0.1972024242356307	0.28305737467532216	0.007540839389160288	0.21715298521223383	6.938893903907228e-17			0.0	1.0	1.0	1.0	0.8545454545454545	0.0	1.0	draw1175	True
-1.2924072449598716	-1.2924072449598716	0.036281864559884976	0.048587503467356866	0.06707544848363685	0.06707585652780046	38.0	0.0	0.09872805603990038	1.2374592869269048	0.036281864559884976	0.048587503467356866	1.1102230246251565e-16			0.0	0.0	1.0	1.0	0.11377245508982035	0.0	1.0	draw1179	True
-4.1886522409585485	-4.557911070315244	0.0015238144242605267	0.0182070955815455	0.05640326074692398	0.05640351257443454	151.0	0.0	0.0126917259116454	0.0036199120843120837	9.087315631932953e-07	0.05640326074692398	3.1763735522036263e-22			0.0	1.0	1.0	1.0	0.848314606741573	0.0	1.0	draw1182	True
-1.005816862005348	-3.9371188261507246	1.1796036740510984	0.005327400450131839	0.42276374118215704	0.42285145186014206	181.0	0.0	0.7087645548502735	0.027023650159244256	0.0266512235938707	0.42276374118215704	2.3093506273941244e-17			0.0	1.0	1.0	1.0	0.8786407766990292	0.0	1.0	draw1183	True
-53.96025604168086	-82.31179405153391	88.35551852922697	0.261499939395617	0.46423560596562097	0.46423589711565666	103.0	0.0	0.6794399312913038	4.075631550295427e-05	0.03291918164140104	0.46423560596562097	6.505213034913027e-19			0.0	1.0	1.0	1.0	0.5508021390374331	0.0	1.0	draw1184	True
-0.7774952330947451	-4.255371690961728	1.5026015288639067	0.01959681764569104	0.3590924968912968	0.35911127843327395	182.0	0.0	2.9530349056664518	0.07154889592332418	0.0011095091854333968	0.3590924968912968	2.360850230587186e-17			0.0	1.0	1.0	1.0	0.8921568627450981	0.0	1.0	draw1185	True
-2.684229602583657	-7.515253869682427	8.479487086375379	0.005714261602754775	2.4633137332987474	2.4648929114255207	210.0	0.0	0.8438628276243644	0.7013538847901089	0.2690478515728564	2.4633137332987474	4.440892098500626e-16			0.0	1.0	1.0	1.0	0.8108108108108109	0.0	1.0	draw1186	True
-0.05589020236036079	-0.097533913448741	0.0012811563384477233	0.00011412619612090601	0.01205478012669817	0.012055043463700305	196.0	0.0	0.648355316139954	0.0864133913309507	0.00012094558123958717	0.011983012916723894	3.469446951953614e-18			0.0	1.0	1.0	1.0	0.8990825688073395	0.0	1.0	draw1189	True
-0.18289977115998413	-1.6130770949299253	0.5750619208779126	0.0013595355571947574	0.3168307916505594	0.3168640286626168	247.0	0.0	0.30971586855871974	0.051892666035904124	0.04556754626050846	0.11178840530418635	1.1102230246251565e-16			0.0	1.0	1.0	1.0	0.7891373801916933	0.0	1.0	draw1191	True
-0.10752390119468676	-0.23835838586034394	0.0013494214920099156	0.0026520445371733033	0.04232819013965148	0.04235927394640456	182.0	0.0	0.2879078133575505	0.1906946631614881	4.309672751837422e-05	0.04232819013965148	7.589415207398531e-19			0.0	1.0	1.0	1.0	0.883495145631068	0.0	1.0	draw1192	True
-0.004685903935597849	-0.004685903935597849	3.0700755078431428e-06	0.030622990966824873	0.056732429898021144	0.056746568467256064	44.0	0.0	1.1492797178733094	0.2340929074744784	3.0700755078431428e-06	0.030622990966824873	1.3877787807814457e-17			0.0	0.0	1.0	0.0	0.18487394957983194	0.0	1.0	draw1197	True
-0.4847228277971267	-0.6064950947313739	0.026581853467018128	0.027933877193275468	0.03578745897296175	0.03578816702712112	73.0	0.0	0.749620876851115	2.0213639697372802e-05	0.0002285771447546484	0.03578745897296175	1.6940658945086007e-21			0.0	1.0	1.0	1.0	0.4451219512195122	0.0	1.0	draw1198	True
-0.08818666557919427	-0.08818666557919427	0.0017080687952195505	0.0010839561588091619	0.06265654132434459	0.0627235264307984	175.0	0.0	0.019050983115924455	9.984772839543593e-07	0.0017080687952195505	0.0010839561588091619	2.0515137982499154e-18			0.0	1.0	1.0	1.0	0.8838383838383839	0.0	1.0	draw1199	True
-10.446974875298576	-10.446974875298576	1.9595174870925514	0.21514693573242732	0.3778389632011553	0.3778454767306683	53.0	0.0	0.020857505332494197	0.6718641171939723	1.9595174870925514	0.21514693573242732	1.6653345369377348e-16			0.0	0.0	1.0	1.0	0.2849462365591398	0.0	1.0	draw1200	True
-0.08163676258417688	-0.42974245255221727	0.043566930434996515	0.000578907644644806	0.06825606328749262	0.06829897544914362	210.0	0.0	0.6383767571102554	0.6682689371932716	0.00048396850579210057	0.06757845295860349	2.7755575615628914e-17			0.0	1.0	1.0	1.0	0.8502024291497976	0.0	1.0	draw1202	True
-0.13008778976220114	-2.4990680172761377	0.02014671548328062	0.0029592543876578517	0.14720979943560494	0.14720985555216537	215.0	0.0	0.193510366550069	0.10607658818287331	3.932973735584117e-06	0.14720979943560494	1.7279472123987727e-19			0.0	1.0	1.0	1.0	0.8811475409836066	0.0	1.0	draw1205	True
-0.24393998755099708	-1.969338983766874	0.43224904673038517	0.010160330305025	0.29095863972315	0.2909619087905097	186.0	0.0	0.4072762001223201	0.0017136370680829788	0.0009137511705819734	0.29095863972315	5.421010862427522e-20			0.0	1.0	1.0	1.0	0.8303571428571429	0.0	1.0	draw1206	True
-0.16710695822946997	-0.16710695822946997	0.006100527675057526	0.0017802310049860248	0.21487141356632092	0.2150527680494866	184.0	0.0	0.016253078448203475	9.994068199122642e-07	0.006100527675057526	0.0017802310049860248	5.551115123125783e-17			0.0	1.0	1.0	1.0	0.8761904761904762	0.0	1.0	draw1208	True
-1.9210875920081407	-4.449223967755659	0.533931757973506	0.0013835813045592167	0.1602147811287851	0.16029329060858655	228.0	0.0	0.0637969654097813	0.042162202046918014	0.008245004706922776	0.1602147811287851	1.8431436932253575e-18			0.0	1.0	1.0	1.0	0.890625	0.0	1.0	draw1213	True
-0.4493129751416909	-0.4493129751416909	0.14057301615570594	0.16071370726850426	0.3381396832537827	0.33817171940770463	38.0	0.0	0.34061987931165894	0.6995898839293473	0.14057301615570594	0.16071370726850426	2.7755575615628914e-16			0.0	0.0	1.0	1.0	0.13620071684587814	0.0	1.0	draw1214	True
-1.4556745352061713	-1.4556745352061713	0.3344793670244859	0.002395941617295895	0.13080774407900927	0.13082565270929775	189.0	0.0	0.008365521723461269	9.99837824980808e-07	0.3344793670244859	0.002395941617295895	7.209944447028604e-18			0.0	1.0	1.0	1.0	0.863013698630137	0.0	1.0	draw1215	True
-0.40166363657568793	-4.942657187801286	1.1835152606479789	0.023282579782755324	0.22832418355412024	0.22835730819711753	163.0	0.0	1.0560370962153076	0.0836359557593719	0.002607048605988081	0.22832418355412024	4.163336342344337e-17			0.0	1.0	1.0	1.0	0.8716577540106952	0.0	1.0	draw1216	True
-0.07404567547924	-0.08021325112681513	0.0005243132210493947	3.653630515866324e-05	0.001987379432092417	0.001987389796002534	212.0	0.0	0.025233640748847024	0.0035361463914049345	6.123898149133414e-05	0.0018358601216584346	6.098637220230962e-20			0.0	1.0	1.0	1.0	0.8907563025210085	0.0	1.0	draw1217	True
-2.185393220548794	-2.5763321932204275	0.03584078150604794	0.00270093046734277	0.21601819752771315	0.2161187420101569	210.0	0.0	0.09137398897758875	0.07844408989904922	0.0007887594964036624	0.21601819752771315	4.336808689942018e-19			0.0	1.0	1.0	1.0	0.84	0.0	1.0	draw1218	True
-0.055088776390312844	-1.3098199138486284	0.2924384232495002	0.010796352635746834	0.3228261409534712	0.3232501316564124	196.0	0.0	0.8248880960576572	0.559144012507036	0.18549711536389102	0.27508681076779024	4.440892098500626e-16			0.0	1.0	1.0	1.0	0.6950354609929078	0.0	1.0	draw1219	True
-0.1331039653512027	-0.13518691143413744	0.0003323353571841904	6.27365100576934e-05	0.0016166958188125623	0.0016166968017108955	202.0	0.0	0.0008840453372116967	4.011625006336592e-05	3.4416672634466826e-05	0.00011746888913329873	8.673617379884035e-19			0.0	1.0	1.0	1.0	0.8595744680851064	0.0	1.0	draw1220	True
-0.7579863441776705	-9.394348889548205	1.3610774981380476	0.008306777921794361	0.12369744664542308	0.12371561250538202	199.0	0.0	0.5611109538484508	6.057342366221677	0.0032495288653456317	0.11941633128918586	6.574601973952099e-16			0.0	1.0	1.0	1.0	0.7453183520599251	0.0	1.0	draw1221	True
-0.1977610423334593	-0.3004764216213103	0.0033740764952351824	0.0008837128539546249	0.012164690529942464	0.012171717585147422	169.0	0.0	0.513926521956765	0.017333104973961434	0.0015934402582349118	0.0055687652638691364	8.066464163292153e-17			0.0	1.0	1.0	1.0	0.757847533632287	0.0	1.0	draw1222	True
-1.184052052446679	-5.642698202294602	1.5012979161234083	0.01407644695955381	0.7908931317492153	0.7908933003558724	203.0	0.0	0.32690560834817106	0.018499756682049784	0.00013732235262961471	0.7908931317492153	8.673617379884035e-19			0.0	1.0	1.0	1.0	0.8826086956521739	0.0	1.0	draw1223	True
-0.05193480643052125	-0.14712526759219507	0.0054087842775065245	0.019460949270935304	0.043040559571609155	0.0430426701381484	125.0	0.0	0.7194353869325186	0.00015372312506641147	6.078388600795713e-05	0.043040559571609155	3.580037691129504e-21			0.0	1.0	1.0	1.0	0.7440476190476191	0.0	1.0	draw1225	True
-0.07113690570171496	-0.6668173979965777	0.07479862000066542	0.019207530899467657	0.22052747526750235	0.22052871170277571	166.0	0.0	0.8266106780658591	0.0017271294807051241	7.399635603628699e-05	0.22052747526750235	2.710505431213761e-20			0.0	1.0	1.0	1.0	0.8341708542713567	0.0	1.0	draw1227	True
0.18342672602117366	-18.441046353875045	51.039373340018784	0.10771055335324435	1.0760411449219067	1.0762197725244853	192.0	21.0	1.421293806781986	0.32557759805026604	0.062164023599049094	1.0521258347134592	2.220446049250313e-16	1.0205394409920043	0.08866782920027264	0.0	1.0	1.0	1.0	0.8205128205128205	0.0	1.0	draw1228	True
-1.1328328841680118	-19.295585276831005	0.31164268685301355	0.07276966548643418	1.0026927879403544	1.0027582884542077	191.0	0.0	0.16387242515067382	0.015346095988422882	0.00030051415565663796	1.0026927879403544	8.131516293641283e-20			0.0	1.0	1.0	1.0	0.8761467889908257	0.0	1.0	draw1229	True
-0.04589263080518624	-0.6985240308788424	0.03854365713913246	0.00349872095152703	0.28375219966356935	0.2840393679524607	194.0	0.0	1.6725361798502532	0.9346238249556842	0.03235005646063977	0.20655668511968175	1.3877787807814457e-16			0.0	1.0	1.0	1.0	0.749034749034749	0.0	1.0	draw1230	True
-0.01992557585041296	-0.3675800101199656	0.007525214056364025	0.017612442064631164	0.16986474122776715	0.16986948061657173	168.0	0.0	1.0146743553225765	0.012738055312479976	1.831768778490863e-05	0.16986474122776715	9.656175598699024e-20			0.0	1.0	1.0	1.0	0.8615384615384616	0.0	1.0	draw1232	True
-0.05358795349225817	-0.14235343562461045	0.004333148219259494	0.0037902179045034776	0.03809124750441661	0.03809485707947215	172.0	0.0	0.4838632633281666	0.12770514478412556	0.0023115036139460844	0.03310887339820273	2.42861286636753e-17			0.0	1.0	1.0	1.0	0.549520766773163	0.0	1.0	draw1235	True
-2.6309549598343485	-2.948738014818606	0.3407300406698811	0.03704237475581209	0.06413905370744705	0.0641396804480633	75.0	0.0	0.6559057182761542	1.673821460712234e-05	0.001939006578824245	0.06413905370744705	1.7475017620795263e-20			0.0	1.0	1.0	1.0	0.4411764705882353	0.0	1.0	draw1236	True
-0.15096205317308564	-4.321838683315396	0.8155285564785298	0.03497904503261745	0.06431059948228005	0.06431092336348339	142.0	0.0	0.529810180323151	0.001023696005980947	0.00016990973993239285	0.06431059948228005	8.077517943253822e-19			0.0	1.0	1.0	1.0	0.8160919540229885	0.0	1.0	draw1237	True
0.25327547489216595	-8.147932086594317	0.6847041141466591	0.005090675889521254	1.0611508689435858	1.0611551837158308	195.0	19.0	3.1986271595610996	1.2416311322623197	0.07838563324761348	1.0174440789888712	4.440892098500626e-16	0.8702985385825678	0.22423406076892274	0.0	1.0	1.0	1.0	0.7831325301204819	0.0	1.0	draw1239	True
0.05281593688375491	-6.0517008123728475	0.8631555622126913	0.006826352212964094	0.1398947897865581	0.1398955798495004	188.0	13.0	0.48739689806717795	0.06035951331142937	0.022867888138071477	0.13428545922437835	8.326672684688674e-17	0.1319410218904945	0.041048802550536424	0.0	1.0	1.0	1.0	0.704119850187266	0.0	1.0	draw1240	True
-0.2780572010585816	-0.27806530396123436	0.004674267259756339	0.0008891300558930937	0.11635603722925413	0.11649430271259897	205.0	0.0	0.004989041909066441	2.5310632455291323e-06	0.004677865867871662	0.0012977537909852422	1.962405932198763e-17			0.0	1.0	1.0	1.0	0.8760683760683761	0.0	1.0	draw1241	True
-3.1220855534402614	-3.1220855534402614	0.05577019985970027	0.030738911860100786	0.05879912965856103	0.05880127273561632	70.0	0.0	0.010018667799825638	1.3485695124154344	0.05577019985970027	0.030738911860100786	1.3877787807814457e-17			0.0	0.0	1.0	1.0	0.3977272727272727	0.0	1.0	draw1242	True
-1.4838446903232971	-2.416321661951193	0.5894889781343767	0.03156849461085155	0.3803168225519052	0.38033346140864893	168.0	0.0	0.20919258791497242	0.006351839400304068	0.0009036398168975328	0.3803168225519052	6.505213034913027e-19			0.0	1.0	1.0	1.0	0.8615384615384616	0.0	1.0	draw1243	True
-0.025313629077043043	-0.892487481445427	0.04719046191924814	0.0005137747850182477	0.45835256120924966	0.4583645885932666	226.0	0.0	0.440804889797719	0.528664591670931	1.4665587263784672	0.2599182459852975	3.3306690738754696e-16			0.0	1.0	1.0	1.0	0.6953846153846154	0.0	1.0	draw1245	True
																						draw1246	False
-0.4444606821159678	-0.7621105814503721	0.11673964709245625	0.011399501606698618	0.4700847690516702	0.4700858488596827	191.0	0.0	0.7123026948862783	0.2874524924960737	0.09679405434694258	0.2574931690920337	2.220446049250313e-16			0.0	1.0	1.0	1.0	0.7925311203319502	0.0	1.0	draw1248	True
-1.14961452838519	-1.14961452838519	0.095413557820711	0.0001054610872199483	0.04141047032540566	0.04144255630526179	238.0	0.0	0.00010000000000111923	3.7497529205401258e-06	0.095413557820711	0.0001054610872199483	6.071532165918825e-18			1.0	0.0	1.0	1.0	0.780327868852459	0.0	1.0	draw1249	True
-0.1747568199290985	-0.4567181979103452	0.04756179402394077	0.014592219449328822	0.057986969473618886	0.05798709445603771	148.0	0.0	0.23202884218151706	0.002719848189691927	1.4811825504123854e-05	0.057986969473618886	3.2526065174565133e-19			0.0	1.0	1.0	1.0	0.8314606741573034	0.0	1.0	draw1256	True
-0.47096109376027157	-0.4712396259896137	0.029959879922770067	0.0005164833294949624	0.10818350536351228	0.10894561215951085	192.0	0.0	0.014860115149836753	1.0826238643411699e-05	0.02985903325049812	0.0011262837233819718	4.163336342344337e-17			0.0	1.0	1.0	1.0	0.8275862068965517	0.0	1.0	draw1257	True
-2.967731214434736	-54.224089701469666	2.0795826401454756	0.00012013712092022359	0.9553559600284783	0.9553578399906549	210.0	0.0	0.8260189657488314	1.1704619712776103	0.0018153737914497258	0.9553559600284783	8.881784197001252e-16			0.0	1.0	1.0	1.0	0.9130434782608695	0.0	1.0	draw1258	True
-0.0943636210789337	-2.816588865548229	1.066031317153155	0.008922364902636341	0.09123996998548793	0.09124926766535102	179.0	0.0	0.5067156738234463	0.09282159716848568	0.0001504732731692734	0.09123996998548793	6.071532165918825e-18			0.0	1.0	1.0	1.0	0.8905472636815921	0.0	1.0	draw1259	True
-0.823467326253577	-1.8691037805814192	0.5955760237784955	0.0006900001345633359	0.23253765774817375	0.2325376616231915	235.0	0.0	0.33407440555790513	0.46126298582154485	3.505415682996538e-05	0.23253765774817375	6.938893903907228e-17			0.0	1.0	1.0	1.0	0.8969465648854962	0.0	1.0	draw1260	True
-0.14055874999423404	-0.14055874999423404	0.004718259993570179	0.0068319597154587455	0.15571167309333558	0.1558305671580287	155.0	0.0	0.1434453438121034	9.930203719995996e-07	0.004718259993570179	0.0068319597154587455	1.214306433183765e-17			0.0	1.0	1.0	1.0	0.8378378378378378	0.0	1.0	draw1262	True
-0.061060314641007696	-0.14436668796896648	0.0049364326058368765	0.0049828204618824114	0.021623670956445976	0.021627660557371427	144.0	0.0	0.14373517232745311	0.00019445217851893088	0.00030162876072735873	0.005727685070802269	4.85722573273506e-17			0.0	1.0	1.0	1.0	0.7741935483870968	0.0	1.0	draw1263	True
1.2110888731609557	-14.573104018716968	51.313193543812226	0.1939642344681509	1.8035754913397262	1.8036258866823485	187.0	10.0	1.2607015876785956	0.08893385840516443	0.022943214699623272	1.8035754913397262	2.220446049250313e-16	1.7613813373222162	0.5789309609925044	0.0	1.0	1.0	1.0	0.8201754385964912	0.0	1.0	draw1265	True
-0.13324676571531685	-0.4673454627893476	0.0017604633419388508	0.0008598483353728274	0.018081445805026013	0.018083395792880652	145.0	0.0	1.586207211088215	0.14037074773909167	0.00033233705906969015	0.018081445805026013	9.085614205428527e-17			0.0	1.0	1.0	1.0	0.838150289017341	0.0	1.0	draw1267	True
-0.08635819814339062	-0.09777957922635498	0.002179961674622522	0.006019832509316301	0.04548365550497853	0.04548864558331363	153.0	0.0	0.5920235825561362	0.025315971270391164	4.0101670731419645e-05	0.04548365550497853	4.2436350657440447e-19			0.0	1.0	1.0	1.0	0.8453038674033149	0.0	1.0	draw1268	True
-0.7648964302921741	-6.50307369645961	2.995212525501788	0.0037369785202204455	0.3533434770694344	0.3533438822735921	225.0	0.0	0.20027538185456065	0.06099231068742762	0.0007430933523317594	0.3533434770694344	7.806255641895632e-18			0.0	1.0	1.0	1.0	0.896414342629482	0.0	1.0	draw1269	True
-0.3046317139118191	-17.478643356976374	6.3119670831221715	0.03972659130945667	0.37366022921747	0.37366748036090064	201.0	0.0	0.14622911998088295	0.041072615856074	0.000961258500285427	0.37366022921747	5.2922618544448685e-18			0.0	1.0	1.0	1.0	0.8739130434782608	0.0	1.0	draw1270	True
-5.04165057526515	-6.3563693538098285	3.9196412777880516	0.015933623956070495	0.2253288273488741	0.2253452610636227	180.0	0.0	2.0557196530876274	0.0014115572629624829	0.003791848410449483	0.2253288273488741	1.3010426069826053e-18			0.0	1.0	1.0	1.0	0.8071748878923767	0.0	1.0	draw1271	True
-0.4221906668113185	-0.480922388383413	0.005536032865996171	0.009545796072231221	0.1003449762223047	0.1003992617240291	164.0	0.0	0.1835057186320371	0.09288226264236354	6.872882914171317e-05	0.1003449762223047	2.168404344971009e-19			0.0	1.0	1.0	1.0	0.8677248677248677	0.0	1.0	draw1272	True
-0.02386653487747081	-0.6247439188792269	0.04063119761502084	0.028573834348030354	0.11021979243625006	0.11022028771861979	155.0	0.0	0.37409610193175646	0.004429578115066199	7.542742743917666e-06	0.11021979243625006	1.0842021724855044e-19			0.0	1.0	1.0	1.0	0.842391304347826	0.0	1.0	draw1274	True
-0.049559821306398875	-0.1831647151876984	0.006650738707663999	0.006963635029044734	0.010773996275498894	0.010773997343583891	129.0	0.0	0.21318930362747596	0.0007975801934748984	4.702896743777128e-05	0.010764625152711293	1.478072492958754e-19			0.0	1.0	1.0	1.0	0.8164556962025317	0.0	1.0	draw1275	True
-0.08674655603930337	-0.10566628746819165	0.0021879665202252196	0.0031957331509295055	0.047166006043227064	0.047167834982356015	170.0	0.0	0.811806708291349	0.02034572798602777	7.239547777698971e-05	0.047166006043227064	2.0159384144652348e-18			0.0	1.0	1.0	1.0	0.8717948717948718	0.0	1.0	draw1276	True
-0.25648324931299626	-2.9332725616628768	0.6917976344784683	0.10689563253538847	0.3205073692601468	0.32050738046002963	141.0	0.0	0.36520957961569983	0.00011294299802635873	4.306430432349494e-05	0.3205073692601468	6.776263578034403e-21			0.0	1.0	1.0	1.0	0.705	0.0	1.0	draw1277	True
-0.13096460113579095	-0.7000847944701944	0.07531537113017345	0.004299430263191079	0.04747603299080169	0.04747783851089157	165.0	0.0	0.6229485098344008	0.0018627089983754455	0.00011825720598958527	0.04747603299080169	5.421010862427522e-20			0.0	1.0	1.0	1.0	0.8333333333333334	0.0	1.0	draw1278	True
-1.2519843970925106	-1.908955262537236	0.326402155516727	0.042929884613850965	0.11922768635793642	0.11922771202164634	144.0	0.0	0.07501427043951944	0.0017184190066986918	0.0016708864058780518	0.11915715697627349	2.439454888092385e-19			0.0	1.0	1.0	1.0	0.8323699421965318	0.0	1.0	draw1279	True
-1.0411032617225007	-1.041288713961452	0.0002840402611235501	0.00020457518246547396	0.0008748209653030504	0.0009253404966331108	154.0	0.0	0.00020459690322362887	3.922473736676505e-06	7.839324652726402e-05	0.00021312776253488516	8.673617379884035e-19			0.0	1.0	1.0	1.0	1.0	0.0	1.0	draw1282	True
-0.2512753723356496	-0.2512753723356496	0.0001584387495909061	0.0012218371048176655	0.007207567309401199	0.007208018925864123	129.0	0.0	0.010000855582202239	0.16970121783336448	0.0001584387495909061	0.0012218371048176655	3.903127820947816e-18			0.0	0.0	1.0	1.0	0.6789473684210526	0.0	1.0	draw1283	True
-0.055376305034661885	-0.08979782123375284	0.0019485819664609029	0.0001726596256482055	0.003692610203661793	0.0036930438337004576	184.0	0.0	0.06979897453695177	0.005511600381558613	8.571349521181403e-05	0.0036485678385312806	2.913793338554793e-19			0.0	1.0	1.0	1.0	0.8679245283018868	0.0	1.0	draw1284	True
-0.2409192839934232	-0.2409192839934232	0.010153455360188036	0.0002148477974988772	0.08754227338729303	0.08759727723028285	219.0	0.0	0.0011538590898383142	9.994692183062493e-07	0.010153455360188036	0.0002148477974988772	3.2526065174565133e-18			0.0	1.0	1.0	1.0	0.8866396761133604	0.0	1.0	draw1286	True
-11.794990121525444	-22.70955958321101	128.02837398777558	0.11206091311163754	0.680639604965025	0.6806623214544422	187.0	0.0	0.23769967686490276	0.0006789031751030099	4.212124124376084	0.6399583378528241	8.673617379884035e-18			0.0	1.0	1.0	1.0	0.8237885462555066	0.0	1.0	draw1288	True
-0.018039249959657687	-0.7952723073218497	0.0098652784293874	0.0024596007836521607	0.0810884790822037	0.08108877104490027	197.0	0.0	0.3066124505317185	0.005082571706247324	4.025663627470906e-06	0.0810884790822037	3.049318610115481e-20			0.0	1.0	1.0	1.0	0.8755555555555555	0.0	1.0	draw1290	True
-0.5626610324978805	-6.369384882666035	3.869310263641078	0.0525047826061692	0.9789094996315298	0.9789101481361421	194.0	0.0	0.9972524842705048	0.031475077054946086	0.0003643330069349782	0.9789094996315298	6.938893903907228e-18			0.0	1.0	1.0	1.0	0.8778280542986425	0.0	1.0	draw1292	True
-0.03744386097547662	-0.16164959694175413	0.004897289487595989	0.000588891212638116	0.07921639550058945	0.07921787597412198	208.0	0.0	1.3358004620787467	0.3510050826056663	5.539808444345541e-06	0.07921639550058945	2.3852447794681098e-18			0.0	1.0	1.0	1.0	0.896551724137931	0.0	1.0	draw1294	True
-0.08127182136314234	-10.004876361427693	0.26299079278694965	0.0609078509140279	1.1148825407433582	1.1150713764943505	184.0	0.0	0.3570725479604603	0.0014686038890067761	0.0012725251596097619	1.1148825407433582	7.411538288475128e-21			0.0	1.0	1.0	1.0	0.8177777777777778	0.0	1.0	draw1295	True
-1.6530384749201965	-2.783703342964362	0.03146108252461245	0.0030587780195708895	0.05460952193949207	0.054610042826794616	197.0	0.0	0.026304904908205053	0.0591954437352809	5.9005931857418854e-05	0.05460952193949207	9.486769009248164e-20			0.0	1.0	1.0	1.0	0.8954545454545455	0.0	1.0	draw1296	True
-0.3423759791396517	-0.5518117510291557	0.038648910975003434	0.0001967688479315695	0.06031511563608488	0.060329996436701824	210.0	0.0	0.5442312354230922	0.06678923896034493	0.0014473195333863165	0.06031511563608488	5.204170427930421e-18			0.0	1.0	1.0	1.0	0.8823529411764706	0.0	1.0	draw1299	True
-4.420198704903098	-35.574035101734715	144.26887951221906	2.8214093170047856	4.387241585333908	4.387657555361118	83.0	0.0	0.22245756864602798	1.4104459004236369e-05	0.7683990014466745	4.387241585333908	3.3881317890172014e-20			0.0	1.0	1.0	1.0	0.4213197969543147	0.0	1.0	draw1300	True
-0.3618712551119781	-1.099996094868679	0.18179158784734079	0.0012823195875062492	0.25056992553532664	0.25064860838327974	216.0	0.0	0.41913653393362094	0.07814452772455797	0.002135250074010821	0.25056992553532664	8.673617379884035e-18			0.0	1.0	1.0	1.0	0.8674698795180723	0.0	1.0	draw1301	True
-0.4218795522199328	-0.4218795522199328	0.001450664870199639	0.0007558247234515684	0.017310482860258568	0.017312477872990093	188.0	0.0	0.001815331169430382	9.993679201703705e-07	0.001450664870199639	0.0007558247234515684	1.0164395367051604e-20			0.0	1.0	1.0	1.0	0.8623853211009175	0.0	1.0	draw1303	True
-0.27699518016377345	-0.3942938438338469	0.020980809740079574	0.0017601388700974965	0.08063484748691975	0.08063727060175807	202.0	0.0	0.2175497202356502	0.11171941464621435	0.004279637473991242	0.06376733752550513	1.0408340855860843e-17			0.0	1.0	1.0	1.0	0.8178137651821862	0.0	1.0	draw1304	True
-0.06662888389127683	-0.4536192336782347	0.016656722241001086	0.00673958644302355	0.0859549985970205	0.08597366499793246	178.0	0.0	0.44202224750951996	0.04607574189241558	6.598430742414987e-05	0.0859549985970205	7.047314121155779e-19			0.0	1.0	1.0	1.0	0.839622641509434	0.0	1.0	draw1305	True
-0.023222335150987934	-0.13141980552470356	0.003776940434103988	0.008876753049393447	0.04921546656823759	0.049221011870858734	164.0	0.0	1.1485425266794327	0.09071468439921164	1.159325883349991e-05	0.04921546656823759	2.6020852139652106e-18			0.0	1.0	1.0	1.0	0.8723404255319149	0.0	1.0	draw1307	True
-1.5634877238654818	-1.5634877238654818	0.18295377694451145	0.30080070623594646	0.39167467986658855	0.39168788825584155	44.0	0.0	0.25847107321971363	0.3001477173870959	0.18295377694451145	0.30080070623594646	3.0531133177191805e-16			0.0	0.0	1.0	1.0	0.1476510067114094	0.0	1.0	draw1309	True
-1.5473802386377056	-4.696213362346259	2.096794777166869	0.011917350960975005	0.8945808191504869	0.8949592175961136	212.0	0.0	0.19843903740816557	0.07289808004352605	0.5185289627147472	0.3681581235333121	3.885780586188048e-16			0.0	1.0	1.0	1.0	0.8122605363984674	0.0	1.0	draw1312	True
-1.0500436628480176	-7.028880065901654	3.036974481051555	0.0011358355656416964	0.17915689202311208	0.17916339982944707	248.0	0.0	0.20702096357859587	0.15909856856782634	0.002360769491445825	0.17915689202311208	1.6046192152785466e-17			0.0	1.0	1.0	1.0	0.8920863309352518	0.0	1.0	draw1313	True
-0.17904569541642057	-5.281806097440749	0.04848358206486861	0.0009827007276717436	0.1225055063859566	0.12251664102044925	159.0	0.0	0.7985545725887117	0.12124577104817912	0.006558814959606498	0.1225055063859566	1.6653345369377348e-16			0.0	1.0	1.0	1.0	0.8071065989847716	0.0	1.0	draw1315	True
-4.982330310724273	-9.392432309532579	8.808516842577543	0.049096356388261424	0.23563699940331406	0.235642785040772	160.0	0.0	0.48700251797209165	0.004184015043303263	0.016823053076340792	0.23563699940331406	5.969888212248309e-18			0.0	1.0	1.0	1.0	0.8333333333333334	0.0	1.0	draw1318	True
-0.38595397778001866	-0.38595397778001866	0.007881115611288634	0.00631170096651575	0.04506779914912018	0.04507416334520929	145.0	0.0	0.6037595329831974	9.482300284500835e-07	0.007881115611288634	0.00631170096651575	6.636503141737443e-18			0.0	1.0	1.0	1.0	0.838150289017341	0.0	1.0	draw1320	True
-0.17076137399713548	-0.17076137399713548	0.0072445188032710895	0.00011026397003431164	0.04028664987211012	0.040292474109538144	219.0	0.0	0.0012088828851074883	9.995353565433408e-07	0.0072445188032710895	0.00011026397003431164	2.9002408113987244e-18			0.0	1.0	1.0	1.0	0.8902439024390244	0.0	1.0	draw1321	True
-0.1668719676011882	-0.23337159218852363	0.010965699902886077	0.03807202433290842	0.041312667534944905	0.041312762648449144	109.0	0.0	0.23590005868702393	0.000151017486779292	1.0816735154278754e-05	0.041312667534944905	3.3881317890172014e-20			0.0	1.0	1.0	1.0	0.7218543046357616	0.0	1.0	draw1322	True
-0.13529674078702364	-1.1494717543334805	0.06577951962347632	0.028812607954369605	0.16628995412875985	0.1663034196266385	169.0	0.0	0.32089845225577474	0.042792594926192556	0.00016898118153213512	0.16628995412875985	1.5720931501039814e-18			0.0	1.0	1.0	1.0	0.8756476683937824	0.0	1.0	draw1323	True
-0.06657778503103694	-0.07871898161992494	0.0008352876042438358	8.928426275990309e-05	0.020312290414776234	0.020315114431952584	218.0	0.0	0.4007937560961729	0.24609136362620024	2.0768068760234545e-05	0.020312290414776234	2.2497195079074217e-18			0.0	1.0	1.0	1.0	0.7649122807017544	0.0	1.0	draw1325	True
-0.061436949943314445	-0.06492038109726223	5.569265337819513e-05	0.000521648235410206	0.02226611275155176	0.022273060474525045	188.0	0.0	0.35347519848974596	0.0780271682114399	1.7136660023621662e-06	0.02226611275155176	2.371692252312041e-20			0.0	1.0	1.0	1.0	0.8545454545454545	0.0	1.0	draw1326	True
-0.626197946024204	-0.9750988425392985	0.0038489326132390474	0.17528922837048297	0.20434186459320997	0.2046195046960715	26.0	0.0	0.7264837188894041	0.15966486748359246	0.027408998131452852	0.20434186459320997	8.326672684688674e-17			0.0	0.0	1.0	0.0	0.11063829787234042	0.0	1.0	draw1327	True
-3.522611112849238	-14.347564256408006	1.3664301540879613	0.0064644620730549	0.15167020288112348	0.15171347164599902	170.0	0.0	1.075395003908525	0.3370441731647669	0.011274884157306927	0.15167020288112348	2.42861286636753e-16			0.0	1.0	1.0	1.0	0.8994708994708994	0.0	1.0	draw1329	True
-0.010863399489559247	-0.019534902198101695	9.075795369062441e-05	0.0013830993619345013	0.006375396356823371	0.006375509920908928	151.0	0.0	0.849726039359401	0.05182245612085541	7.398093488859082e-07	0.006375396356823371	6.776263578034403e-19			0.0	1.0	1.0	1.0	0.8728323699421965	0.0	1.0	draw1336	True
-2.281775935355667	-2.281775935355667	0.3389932492177378	0.14910554588739275	0.27965251383240214	0.279695108761533	38.0	0.0	0.24120262223420955	1.5138289683407844	0.3389932492177378	0.14910554588739275	2.7755575615628914e-16			0.0	0.0	1.0	1.0	0.19487179487179487	0.0	1.0	draw1338	True
-0.21131101060616653	-0.21131101060616653	0.009077646820614266	0.0023724724130407514	0.12211453921247142	0.12214131283400516	170.0	0.0	0.04235270324399219	9.98367230346416e-07	0.009077646820614266	0.0023724724130407514	8.782037597132586e-18			0.0	1.0	1.0	1.0	0.8900523560209425	0.0	1.0	draw1339	True
-0.044097122397428565	-1.127868929713602	0.03364593529225367	0.014377041267807988	0.218513947712636	0.2185156184244398	191.0	0.0	1.0000045830671085	0.0595524953646388	1.2318267272798172e-05	0.218513947712636	8.673617379884035e-19			0.0	1.0	1.0	1.0	0.8842592592592593	0.0	1.0	draw1340	True
0.014419798317172466	-3.7166380686760343	2.145464541125387	0.03305375526732248	0.33426821536361323	0.33427839026414435	168.0	9.0	0.6216733391445766	0.03138918246928252	0.010618856940254755	0.3338342601278962	1.734723475976807e-17	0.3326295545392822	0.01856898964849884	0.0	1.0	1.0	1.0	0.8571428571428571	0.0	1.0	draw1341	True
-0.010415328483807015	-0.042055460218571414	4.794383261247535e-05	0.0019759355242446345	0.023797334109014055	0.023797570365214803	168.0	0.0	0.7126905027810344	0.05540926299755436	3.544815516808527e-07	0.023797334109014055	5.421010862427522e-20			0.0	1.0	1.0	1.0	0.875	0.0	1.0	draw1345	True
-0.7347690050721016	-2.6172174741341636	0.700248441477402	0.02084597707585477	0.170356245291109	0.17035638571331463	167.0	0.0	0.96642180466528	0.052060442305258185	0.00032442794980337437	0.170356245291109	2.7755575615628914e-17			0.0	1.0	1.0	1.0	0.8697916666666666	0.0	1.0	draw1347	True
-0.05241766451772206	-0.2146496099018841	0.01139414013423788	0.004497767865032906	0.027435641459533526	0.027435969275916773	158.0	0.0	0.337164384124484	0.020896937124417956	2.3374136405798532e-05	0.027435641459533526	9.75781955236954e-19			0.0	1.0	1.0	1.0	0.8449197860962567	0.0	1.0	draw1348	True
-0.028869964895200304	-0.035204291398428095	4.7096232144340674e-05	1.003085735300564e-05	0.005221048156036511	0.005225306615299298	238.0	0.0	0.18919241842116247	0.29891251988549644	2.37579874872062e-06	0.005221048156036511	2.168404344971009e-19			0.0	1.0	1.0	1.0	0.8178694158075601	0.0	1.0	draw1353	True
-0.21994300769732364	-0.5480374943454912	0.057241925194735664	0.0002601397419901037	0.19021105407755365	0.1902111118140542	232.0	0.0	0.4851160735284033	0.4252945811209201	0.05432449451789782	0.16805534538532352	8.326672684688674e-17			0.0	1.0	1.0	1.0	0.7459807073954984	0.0	1.0	draw1356	True
0.0025273414462687327	-0.0852329447345106	0.000611749758870897	0.06413721482184463	0.0692185194918686	0.06413045242282528	25.0	6.0	0.7352610576381828	0.10984324380160193	0.009790649211798633	0.06649336378801898	5.0306980803327406e-17	0.06589828577125288	0.008980530158529662	0.0	0.0	0.0	0.0	0.13089005235602094	0.0	1.0	draw1357	True
-0.14047541701066027	-0.4935979853685592	0.012448261569934263	0.00484553336422548	0.05087361577500264	0.050874559150494714	185.0	0.0	0.28353341744383304	0.11483405025221952	2.2648769184097882e-05	0.05087361577500264	2.032879073410321e-18			0.0	1.0	1.0	1.0	0.8604651162790697	0.0	1.0	draw1362	True
-0.18421461258574517	-1.3545993404345564	0.20565273529476658	0.02612785472722974	0.6669982870168851	0.667004524003943	185.0	0.0	1.3293660008228905	0.03378474693681235	0.00017531532223909863	0.6669982870168851	1.734723475976807e-18			0.0	1.0	1.0	1.0	0.8767772511848341	0.0	1.0	draw1363	True
-1.0315592585297166	-13.003518040461547	0.1762765357332776	0.0065431685184664115	0.8546395476071168	0.8546497910711733	230.0	0.0	0.23973148852277823	0.11172988899037913	0.00016065725365263154	0.8546395476071168	3.8285889215894375e-19			0.0	1.0	1.0	1.0	0.8812260536398467	0.0	1.0	draw1365	True
-0.01698599296070818	-0.39668875476351556	0.004488569362660914	0.23953061190410171	0.2789454729568309	0.278952978024791	74.0	0.0	0.552734956627579	2.0650673014132546e-05	6.192333377826021e-05	0.2789454729568309	1.5881867761018131e-22			0.0	1.0	1.0	1.0	0.4567901234567901	0.0	1.0	draw1367	True
-3.0857653267103786	-6.11757624599389	1.0530514892570477	0.01799802483654434	0.09860970195984695	0.09861159001124789	161.0	0.0	1.8901009614471989	0.008626403228022638	0.0005531378808995217	0.09860970195984695	6.524483034463062e-18			0.0	1.0	1.0	1.0	0.8429319371727748	0.0	1.0	draw1368	True
0.08620626061079331	-10.01117692400132	8.094846649239659e-05	0.027146864025721133	0.11608470252140557	0.11610809793771482	80.0	5.0	9.224711614765928	0.14586192216125976	0.00022311756824333804	0.11608470252140557	2.7755575615628914e-17	0.11507141263600826	0.0019210854864531053	0.0	0.0	1.0	0.0	0.43243243243243246	0.0	1.0	draw1372	True
-0.055880762571524106	-0.3157962250826509	0.01614696068550816	0.011055742178053878	0.1269085392361587	0.12693381614590504	183.0	0.0	1.6028362565289567	0.1584708657993182	5.845204251179858e-05	0.1269085392361587	2.6020852139652106e-18			0.0	1.0	1.0	1.0	0.8883495145631068	0.0	1.0	draw1374	True
-0.23246190942816658	-1.1777541462847236	0.09897943365514457	0.007997975763602665	0.5068970524648428	0.5069067141982008	200.0	0.0	0.9967552499754668	0.23350751391447183	0.00018574266503058057	0.5068970524648428	1.0299920638612292e-17			0.0	1.0	1.0	1.0	0.8968609865470852	0.0	1.0	draw1377	True
-0.9404670238934209	-4.398133382099821	0.05316693228844709	5.557111939319722e-05	0.010620071211816963	0.010620474763528212	204.0	0.0	0.8449322597116884	0.06499928508805876	0.0002825807257461816	0.010620071211816963	1.1745975286164834e-16			0.0	1.0	1.0	1.0	0.8947368421052632	0.0	1.0	draw1378	True
0.016439042507258722	-1.5662448771961657	0.27239894058493014	0.022487731051484137	0.14856656942983543	0.14866659006940636	183.0	11.0	1.1554411895072152	0.24937092687401932	0.010649119610752322	0.10723553725288837	5.551115123125783e-17	0.09858747915283715	0.011083267422723623	0.0	1.0	1.0	1.0	0.7754237288135594	0.0	1.0	draw1379	True
-0.8590666831673496	-2.428429773815515	1.4614523688173786	0.03994955664561683	0.11203386463130484	0.11203387385496028	141.0	0.0	0.09404563879887141	0.00093443088922829	8.112202210508319e-05	0.11203386463130484	3.2526065174565133e-19			0.0	1.0	1.0	1.0	0.815028901734104	0.0	1.0	draw1381	True
-3.9047964010778085	-44.36631258926517	4.455104135694823	0.12261835422405923	2.7415786497229186	2.742421291051954	199.0	0.0	0.1949358687579744	0.04658715053795841	0.0207452044947864	2.7415786497229186	8.673617379884035e-19			0.0	1.0	1.0	1.0	0.8728070175438597	0.0	1.0	draw1382	True
-20.950330963367925	-24.463966357381146	7.216798717883724	0.06886261492903348	0.26870327548729167	0.2687036043909577	125.0	0.0	1.9872981612083682	0.00010791201134110735	0.003614313635075229	0.26870327548729167	4.336808689942018e-19			0.0	1.0	1.0	1.0	0.6756756756756757	0.0	1.0	draw1384	True
-0.1774719137388363	-0.1774719137388363	0.000823827265226087	0.0001243352908407073	0.015908790333809607	0.015909205768792442	218.0	0.0	0.0007206821129942199	9.996973681843456e-07	0.000823827265226087	0.0001243352908407073	5.421010862427522e-19			0.0	1.0	1.0	1.0	0.889795918367347	0.0	1.0	draw1386	True
-0.08474036296694003	-0.7302162985685587	0.013687337854217514	0.007783913256272686	0.012881416267641378	0.012881896945117476	139.0	0.0	0.8233645856732605	0.02729461104335545	5.0375164431886264e-05	0.012881416267641378	2.211772431870429e-17			0.0	1.0	1.0	1.0	0.8475609756097561	0.0	1.0	draw1387	True
-0.12368841954933037	-1.149203287770998	0.0025512132628955045	0.001766661706735517	0.04887460803352007	0.048900462154350954	205.0	0.0	0.12148492576186869	0.05039000426813995	2.5610511259885614e-05	0.04887460803352007	4.0657581468206416e-20			0.0	1.0	1.0	1.0	0.8798283261802575	0.0	1.0	draw1389	True
-0.0736311017935139	-0.5015401029665182	0.007476818475650085	0.006449662700950491	0.13032456011802365	0.1303300967350892	185.0	0.0	0.5396621885972357	0.06343155255586021	3.85914144652417e-05	0.13032456011802365	5.421010862427522e-19			0.0	1.0	1.0	1.0	0.8851674641148325	0.0	1.0	draw1391	True
-0.06825015293428865	-3.7005012688838774	0.09402201596635082	0.004322914458024888	0.6299434818169131	0.630101856738499	217.0	0.0	0.4082436025713014	0.02736766758775062	0.0005368425279889711	0.6299434818169131	1.0842021724855044e-19			0.0	1.0	1.0	1.0	0.889344262295082	0.0	1.0	draw1393	True
0.16040591121310804	-4.491172412691497	0.6835677795933249	0.014192990784017444	0.3390044872742773	0.3391186302837249	193.0	30.0	2.9063756661820936	0.4649253992550478	0.020677793256274533	0.28179171939488634	1.1102230246251565e-16	0.2233126813128741	0.03036450509440297	0.0	1.0	1.0	1.0	0.7942386831275721	0.0	1.0	draw1394	True
-0.015738989786246143	-0.1821439767876874	0.00825193455568123	0.018175342364090262	0.03900399187327322	0.03900400207680179	144.0	0.0	0.6163313565579769	0.0027142917620764763	1.086544254676179e-06	0.03900399187327322	1.8973538018496328e-19			0.0	1.0	1.0	1.0	0.8520710059171598	0.0	1.0	draw1395	True
-1.6826357144494277	-6.8441656481130035	0.08763855877124287	0.17497660328145923	0.25780956933956856	0.1749465423442823	29.0	0.0	1.0542081964123722	0.019406045484011477	4.369043607226892	0.25780956933956856	1.3877787807814457e-16			0.0	0.0	0.0	0.0	0.15934065934065933	0.0	1.0	draw1396	True
-6.502281133616783	-6.502281133616783	13.848880406392263	0.697752244966546	1.588350524224475	1.588351082617888	41.0	0.0	0.09856236362402541	0.5482412438936591	13.848880406392263	0.697752244966546	6.661338147750939e-16			0.0	0.0	1.0	1.0	0.21025641025641026	0.0	1.0	draw1397	True
-2.048228335642986	-6.113126631894676	0.018760736057794828	0.0735729234633437	0.17273932280826848	0.17274082196371193	149.0	0.0	0.03719536310998539	0.002035211429313874	6.938352200980029e-06	0.17273932280826848	2.541098841762901e-21			0.0	1.0	1.0	1.0	0.8370786516853933	0.0	1.0	draw1399	True
-7.392815595703539	-12.011538974207822	0.0618988133598277	0.001202728801967862	0.08447337090337119	0.08448477188379709	209.0	0.0	0.009844891353482663	0.24336839861981213	0.0008083576169636221	0.08447337090337119	1.8973538018496328e-19			1.0	0.0	1.0	1.0	0.6807817589576547	0.0	1.0	draw1401	True
-0.2893056840136496	-0.2893056840136496	0.0020094047275113734	2.816972179125612e-05	0.0038687302028615877	0.0038687673980041678	332.0	0.0	0.00010000000000408292	7.231786811120307e-06	0.0020094047275113734	2.816972179125612e-05	4.336808689942018e-18			1.0	0.0	1.0	1.0	0.827930174563591	0.0	1.0	draw1403	True
-0.22036484925909444	-0.5473761386364757	0.062052848239068606	0.05389974391636064	0.09081534275771322	0.09081932823256465	107.0	0.0	0.6825596665428233	7.98690826696634e-05	0.0005216022011091823	0.09081534275771322	6.776263578034403e-21			0.0	1.0	1.0	1.0	0.6524390243902439	0.0	1.0	draw1405	True
-0.036938838865389685	-0.046927784276211984	0.0005194709021451973	0.000568898376426442	0.06700557432969792	0.06700566303500775	207.0	0.0	0.29806546280528695	0.023971772909698087	0.0002540233687574683	0.008269359781504811	5.551115123125783e-17			0.0	1.0	1.0	1.0	0.7314487632508834	0.0	1.0	draw1407	True
-0.19004547886043996	-0.438370505241927	0.04659802028372933	0.007982626447891994	0.014464223342258433	0.014464230073162073	130.0	0.0	0.07992598152373363	0.000476480462096172	0.00042664735525297715	0.014444603994785301	1.4939543607197722e-19			0.0	1.0	1.0	1.0	0.8074534161490683	0.0	1.0	draw1410	True
-0.11418271049053696	-0.11418271049053696	0.0497345785168948	0.05185580127572025	0.09427655330421	0.09427937589057023	40.0	0.0	0.2627144209885733	0.24075799194171907	0.0497345785168948	0.05185580127572025	5.551115123125783e-17			0.0	0.0	1.0	1.0	0.18433179723502305	0.0	1.0	draw1411	True
-0.6703201513783472	-1.3060226693814667	0.12172389060038881	0.0008425188416641409	0.06594029987398473	0.06600393137399184	185.0	0.0	0.24941966559563303	0.16816270528934263	0.006013690190876059	0.06594029987398473	2.7755575615628914e-17			0.0	1.0	1.0	1.0	0.8726415094339622	0.0	1.0	draw1412	True
-0.35880115362088977	-0.5084413365247282	0.016981020006846495	9.025703691654716e-05	0.017351010784049388	0.01735123944653885	212.0	0.0	0.4440003284809395	0.05556084499726393	0.005509543973602764	0.015396180092303207	4.336808689942018e-17			0.0	1.0	1.0	1.0	0.905982905982906	0.0	1.0	draw1416	True
-0.06792422986518507	-1.0509880612764066	0.11236194545515066	0.01681193905801855	0.08233376801644128	0.08234583169532822	163.0	0.0	1.4187897709244561	0.14501858015758373	0.00028997077203831177	0.08233376801644128	2.0816681711721685e-17			0.0	1.0	1.0	1.0	0.8670212765957447	0.0	1.0	draw1417	True
0.0018340911123442445	-0.346850496292555	0.018479600480715553	0.002665235883800367	0.051463688690799134	0.05146953304206825	177.0	1.0	1.3721128060344394	0.04787133674915654	3.605666196674816e-05	0.051463688690799134	3.0357660829594124e-18	0.051463688690799134	3.605666196674816e-05	0.0	1.0	1.0	1.0	0.8676470588235294	0.0	1.0	draw1418	True
-0.08064052488555166	-0.21224486768923245	0.011039411780896234	0.0004383574208614507	0.10555255345601142	0.1055614257600357	233.0	0.0	0.7607152380169557	0.3363531839755501	0.0018147929549957049	0.048706573107880125	4.163336342344337e-17			0.0	1.0	1.0	1.0	0.7792642140468228	0.0	1.0	draw1419	True
-0.21557926798874974	-0.6392556963864006	0.07969732013763663	0.00567212305177334	0.08378533102511274	0.08380433476300628	208.0	0.0	0.2206970439366877	0.03502380072836213	0.0031064407654997355	0.07007523617990119	3.469446951953614e-17			0.0	1.0	1.0	1.0	0.7509025270758123	0.0	1.0	draw1420	True
-0.04906827593149389	-0.320025471585051	0.024508238163580724	0.013641700587611714	0.08676073577400507	0.08676503927024994	167.0	0.0	0.659205836053415	0.09765710562283964	0.0017861463903891255	0.08463187368088677	3.209238430557093e-17			0.0	1.0	1.0	1.0	0.8067632850241546	0.0	1.0	draw1421	True
-0.7346369569936614	-8.288615797591723	0.5049487754870612	0.027525323000649287	0.47608359041761317	0.4761632078147055	196.0	0.0	0.18293502612738521	0.07597080252528592	0.0027922862401635255	0.47608359041761317	2.927345865710862e-18			0.0	1.0	1.0	1.0	0.8789237668161435	0.0	1.0	draw1423	True
-0.76280674494891	-2.67198276870764	1.7847017380771828	0.15449510599258245	0.4028333255352383	0.4028401123118724	154.0	0.0	0.9690135665406855	0.0010325747173365399	0.001195028447661503	0.4028333255352383	3.2526065174565133e-19			0.0	1.0	1.0	1.0	0.8105263157894737	0.0	1.0	draw1425	True
-0.1302842043826115	-0.17245378952121995	0.00337418192034572	0.0004088850363595033	0.03026070368191074	0.030262884145007066	201.0	0.0	0.21247264001383892	0.04157716198583393	0.00026445620223969894	0.029823593462799933	4.336808689942018e-19			0.0	1.0	1.0	1.0	0.8739130434782608	0.0	1.0	draw1428	True
-0.17514167060574956	-0.17514167060574956	0.007171847517916156	0.002168095785935376	0.07911212702524781	0.0791122432114288	179.0	0.0	0.02003478254729069	9.987880188479037e-07	0.007171847517916156	0.002168095785935376	7.15573433840433e-18			0.0	1.0	1.0	1.0	0.8647342995169082	0.0	1.0	draw1429	True
-0.5021844628980616	-1.02387824978242	0.10666613235249209	0.0034394105248856505	0.1375758669558491	0.13772381053214466	175.0	0.0	0.4055502291757553	0.3130973429052709	0.013715313987221077	0.1375758669558491	1.3877787807814457e-16			0.0	1.0	1.0	1.0	0.7231404958677686	0.0	1.0	draw1430	True
-0.15562856753364016	-0.2132308386355677	0.006372440587890212	0.0005714746941135495	0.026384826017623434	0.026386188687385178	181.0	0.0	0.4119979718493842	0.24508314618571272	7.08101938748615e-05	0.026384826017623434	1.474514954580286e-17			0.0	1.0	1.0	1.0	0.8660287081339713	0.0	1.0	draw1431	True
0.012042201486912374	-0.5420158962164273	0.06973208475610294	0.0013912965772576932	0.13617114673645397	0.13617311155806938	207.0	4.0	0.8701814505018616	0.23012362419589338	0.00016513607930508398	0.13617114673645397	2.7755575615628914e-17	0.13564700386837675	0.0025617643923840205	0.0	1.0	1.0	1.0	0.7840909090909091	0.0	1.0	draw1432	True
-0.4495639021742852	-1.2765324756765968	0.39889898616955605	0.010976335805944364	0.15714367191836673	0.15716645670329793	177.0	0.0	0.31353121699613473	0.03957503847975625	0.0017916413733169206	0.15714367191836673	4.191119023014278e-18			0.0	1.0	1.0	1.0	0.855072463768116	0.0	1.0	draw1435	True
2.9435016413936337	-11.278126385889712	3.7096214984600215	0.021859106169153437	0.9671353910187112	0.967159424853468	180.0	14.0	1.260421500666846	0.22508580021189384	0.02401003197075847	0.9671353910187112	7.771561172376096e-16	0.832796139709876	2.1331253928914915	0.0	1.0	1.0	1.0	0.6870229007633588	0.0	1.0	draw1438	True
-0.18798082003665742	-2.512632922988215	0.07809239302054101	0.003834025929666801	0.04769372284496185	0.047694552244746	158.0	0.0	0.9457282447388048	0.06319348161169976	0.00044199302173377137	0.04769372284496185	3.9898639947466563e-17			0.0	1.0	1.0	1.0	0.8777777777777778	0.0	1.0	draw1439	True
-3.8090690363721844	-114.58620605960195	197.4673861404719	0.023325715424387793	2.0417374297535242	2.0417605307843543	241.0	0.0	0.14230683233527044	0.04130069384370749	0.062472285799875356	2.0417374297535242	1.3877787807814457e-17			0.0	1.0	1.0	1.0	0.8763636363636363	0.0	1.0	draw1443	True
-0.10977505908846714	-0.10977505908846714	0.000232104140639396	0.05987079136331113	0.08875474806103822	0.08876143148006005	31.0	0.0	1.0539239689214486	0.24804424101471084	0.000232104140639396	0.05987079136331113	2.4244495300251856e-14			0.0	0.0	1.0	0.0	0.13478260869565217	0.0	1.0	draw1445	True
-1.922001943039643	-2.0535535496374218	0.006757264310413205	0.021046411955828587	0.033471496515694726	0.03347153145466121	131.0	0.0	0.01592504831354528	0.0010078228000225259	1.4784423971372654e-06	0.033471496515694726	2.541098841762901e-21			0.0	1.0	1.0	1.0	0.803680981595092	0.0	1.0	draw1446	True
-0.38867427883191413	-0.6605140441889221	0.034882905671485935	0.00826096031598995	0.029296711661901304	0.029296811201460122	138.0	0.0	0.6652797530445353	0.0003259870293354816	8.421030681768253e-05	0.029296711661901304	2.710505431213761e-20			0.0	1.0	1.0	1.0	0.7796610169491526	0.0	1.0	draw1447	True
-4.4202296137216965	-8.42118756555131	17.29946214838388	0.03533717513697627	0.39687376453288437	0.39690741094730303	191.0	0.0	0.23620056713224535	0.01788783881461934	1.2190532129139977	0.37169681124740744	1.2752928053860746e-16			0.0	1.0	1.0	1.0	0.8721461187214612	0.0	1.0	draw1448	True
-0.21050766067875942	-2.533110786366566	0.28001752970129096	0.0077087438012862506	0.23810389388977282	0.23810905067778654	204.0	0.0	0.3862318514082067	0.11824411984981546	0.00032371045797819107	0.23810389388977282	6.071532165918825e-18			0.0	1.0	1.0	1.0	0.8680851063829788	0.0	1.0	draw1450	True
-0.03680349236892708	-0.03680349236892708	0.00019153050826813036	0.04144402259659533	0.0570279356072429	0.05704130730943973	28.0	0.0	0.36718259843560175	0.5256255526958435	0.00019153050826813036	0.04144402259659533	2.42861286636753e-17			0.0	0.0	1.0	0.0	0.0945945945945946	0.0	1.0	draw1451	True
0.01724940686597974	-1.6048770788311446	0.13502737691032216	0.01477218156876507	0.12720779495750265	0.12721057969110572	181.0	14.0	0.6484057312116093	0.06467590776425612	0.02130971670814148	0.05677515318276061	1.1102230246251565e-16	0.05017702291322313	0.015412458547441797	0.0	1.0	1.0	1.0	0.7327935222672065	0.0	1.0	draw1453	True
-0.3037984642821623	-0.3037984642821623	0.0016479697132216783	2.9804114808915394e-05	0.020263952969473826	0.020266077266524237	245.0	0.0	9.999999999346597e-05	5.359669285700568e-06	0.0016479697132216783	2.9804114808915394e-05	5.204170427930421e-18			1.0	0.0	1.0	1.0	0.8718861209964412	0.0	1.0	draw1454	True
-0.5430483972973733	-0.5430483972973733	0.027179880928546427	4.822013067017267e-05	0.01482130782156108	0.014821616323191787	236.0	0.0	9.999999999924559e-05	4.9215619345271186e-06	0.027179880928546427	4.822013067017267e-05	3.1848438816761693e-18			1.0	0.0	1.0	1.0	0.8838951310861424	0.0	1.0	draw1456	True
-1.050902799128431	-1.0509044052762075	1.0809213578720845e-08	0.0007655179928476748	0.0007656001428606975	0.0007656001481695003	55.0	0.0	0.0007274889305175634	1.2224984630351997e-05	4.544686123901219e-11	0.0007656001428606975	2.0679515313825692e-25			0.0	1.0	0.0	1.0	0.36666666666666664	0.0	1.0	draw1457	True
-0.07233879550633524	-0.07322252467772317	3.163304823289987e-05	0.0027617688235441486	0.003031209384117857	0.0030314953916909465	139.0	0.0	0.03839635036610675	8.094236302897358e-05	5.003750773072541e-07	0.0029296111345408983	2.168404344971009e-19			0.0	1.0	1.0	1.0	0.7513513513513513	0.0	1.0	draw1459	True
-0.906661204108588	-1.1212871589083089	0.09027930487325178	0.0020209983068437245	0.04417679249020701	0.04417837512758176	177.0	0.0	1.0626624398478524	0.0035968224226457716	0.00036904882651610086	0.04417679249020701	1.4094628242311558e-18			0.0	1.0	1.0	1.0	0.8388625592417062	0.0	1.0	draw1461	True
-1.2739567184962493	-3.111852810702344	0.15630453374923348	0.005088643905430757	0.4311760065201455	0.43124839919186314	167.0	0.0	0.7436009327925094	0.04592376803461579	0.3731553283050352	0.0783143863663526	5.551115123125783e-16			0.0	1.0	1.0	1.0	0.8477157360406091	0.0	1.0	draw1463	True
-0.006409995484944023	-0.03761147994503073	2.512981024078754e-07	0.009306620215169557	0.010406018235464803	0.00930661971657258	28.0	0.0	1.142283110708855	0.025143297741833607	0.0005817805713263273	0.010406018235464803	2.168404344971009e-18			0.0	0.0	0.0	0.0	0.14583333333333334	0.0	1.0	draw1466	True
-0.1038080730051487	-0.6606643978494581	0.06055782474008878	0.0008690290218663731	0.05140732180373317	0.051408450563948445	209.0	0.0	0.3281037917162941	0.007885206603482934	8.437177369763182e-05	0.05140732180373317	2.439454888092385e-19			0.0	1.0	1.0	1.0	0.8600823045267489	0.0	1.0	draw1467	True
-0.6382678645269367	-6.6409793848055845	0.27324181357557104	0.005347625961706445	0.05270167311023559	0.05271576140008348	167.0	0.0	2.100303098332136	0.16980444416718013	0.0012727992939400167	0.05270167311023559	2.992397996059992e-16			0.0	1.0	1.0	1.0	0.8608247422680413	0.0	1.0	draw1469	True
-0.10149562871905343	-0.9670150013508623	0.011076403585914633	0.013101520848018827	0.06871915415140291	0.0687225705028032	177.0	0.0	0.20614405640786954	0.06885565559987582	2.231313105613827e-05	0.06871915415140291	4.2012834183813297e-19			0.0	1.0	1.0	1.0	0.8676470588235294	0.0	1.0	draw1471	True
-2.5361198374555713	-3.5863351901024316	2.419832720577914	0.22955903794762178	0.29932022854800244	0.29932084825551386	67.0	0.0	0.33443632813348395	1.0139089105917649e-05	0.003726345552499876	0.29932022854800244	1.6728900708272432e-20			0.0	1.0	1.0	1.0	0.366120218579235	0.0	1.0	draw1474	True
-0.0689039358921892	-0.06893874011118935	9.848902241916955e-06	0.0004663208586221901	0.0010240951966367967	0.0010240981211487876	215.0	0.0	0.007121507742289443	7.354565649150739e-06	1.4441014338268978e-06	0.00047562371219545425	1.3010426069826053e-18			0.0	1.0	1.0	1.0	0.7624113475177305	0.0	1.0	draw1476	True
-0.09619811072062485	-0.09805236410079404	0.00023170804282841793	0.0005268597704024149	0.001078429600731916	0.001078429786751502	142.0	0.0	0.011027809254943644	0.0002094878745130296	1.0893507654494141e-05	0.0010549363135468812	5.082197683525802e-21			0.0	1.0	1.0	1.0	0.8352941176470589	0.0	1.0	draw1478	True
-0.030798131110439397	-0.2914122796774796	0.008782105131504217	0.009468180686270632	0.012340085580578204	0.012341158635448825	117.0	0.0	0.3334139035021156	0.00017834185582209352	3.6371299498562664e-05	0.012340085580578204	2.1387581918171084e-20			0.0	1.0	1.0	1.0	0.7548387096774194	0.0	1.0	draw1480	True
-1.6453643517031593	-2.044760058944675	0.0253176300745242	0.002936272031484823	0.1068143787154044	0.10683449248027571	200.0	0.0	0.05974671629658037	0.07047540717292532	0.0002844460388079285	0.1068143787154044	3.2526065174565133e-19			0.0	1.0	1.0	1.0	0.8620689655172413	0.0	1.0	draw1481	True
-1.1760784483579836	-2.3982767837651076	0.17051998390862902	0.0009177605013859296	0.1674647331434644	0.1674918925326155	196.0	0.0	1.3329163874746721	0.6223741454917078	0.002300167684496802	0.1674647331434644	1.8388068845354155e-16			0.0	1.0	1.0	1.0	0.875	0.0	1.0	draw1482	True
-0.0656310976987241	-1.2415154281976326	0.03842761282284704	0.008620132515938657	0.27458631090213675	0.2746003733887824	164.0	0.0	0.6173727873720988	0.020674624590413006	0.16532080929047224	0.04035641460144722	3.885780586188048e-16			0.0	1.0	1.0	1.0	0.5597269624573379	0.0	1.0	draw1483	True
-0.04847535845059554	-0.04847535845059554	0.000584956158395859	0.00010560975206486325	0.0072586338137618205	0.007264684379133671	197.0	0.0	0.004646119357992586	9.988243374189583e-07	0.000584956158395859	0.00010560975206486325	8.178950138687524e-18			0.0	1.0	1.0	1.0	0.8565217391304348	0.0	1.0	draw1485	True
-0.0029765234020801556	-0.508146014320776	0.04636661927438425	0.001192825642871153	0.06292434076743542	0.06292473140470847	212.0	0.0	0.4860751893681194	0.1757593815005499	0.01609178194522957	0.05453085383650989	7.632783294297951e-17			0.0	1.0	1.0	1.0	0.6217008797653959	0.0	1.0	draw1487	True
-0.5947507432346418	-0.6321077626159999	0.011339530084061238	0.0031557717006746237	0.0055350998875398905	0.005535124275011994	130.0	0.0	0.008943426211289435	0.00020287083979952217	0.00021237973607276495	0.0055161390096093365	4.135903062765138e-21			0.0	1.0	1.0	1.0	0.7926829268292683	0.0	1.0	draw1488	True
-14.027841447132182	-14.227541422357486	0.026418896914155204	0.0204280957824238	0.022473009685103157	0.02247301215222984	115.0	0.0	0.0014885967491284435	0.00019523868321120148	4.5277697456271465e-06	0.022473009685103157	8.470329472543003e-22			0.0	1.0	1.0	1.0	0.7516339869281046	0.0	1.0	draw1492	True
-0.013363415203545111	-0.0648051609424422	0.0007201779300385771	0.010675545333354495	0.02497870573236748	0.02497870859023265	136.0	0.0	0.6904247203925946	0.0006401496731626661	3.716112985953633e-07	0.02497870573236748	3.3881317890172014e-21			0.0	1.0	1.0	1.0	0.7953216374269005	0.0	1.0	draw1493	True
-1.008453581979854	-1.953498460898157	0.02682549286230019	0.013630506709621756	0.20453758304035244	0.2045382126219281	180.0	0.0	0.14031820557395397	0.032852991906530904	1.811876234966851e-05	0.20453758304035244	2.168404344971009e-19			0.0	1.0	1.0	1.0	0.8780487804878049	0.0	1.0	draw1496	True
-0.005995960336084891	-0.005995960336084891	6.322623073557059e-07	0.0004466124666388115	0.0006070632095420723	0.0006070632136436268	124.0	0.0	0.0833312805214611	9.936499655313687e-07	6.322623073557059e-07	0.0004466124666388115	1.3234889800848443e-22			0.0	1.0	1.0	1.0	0.8	0.0	1.0	draw1500	True
-0.20871183542851818	-2.498641165683926	0.05196601605806799	0.002362087039074623	0.11869314383234907	0.11898345893655093	171.0	0.0	1.5993213532673325	0.2984661376301834	0.11004366367509605	0.07134425949979505	1.5265566588595902e-16			0.0	1.0	1.0	1.0	0.8423645320197044	0.0	1.0	draw1502	True
-1.2489210158768318	-10.135140985592233	0.6454266136996822	0.017487755099628164	0.3955321143939667	0.3957101531864241	204.0	0.0	0.1150079356280626	0.08882532397062211	0.005937668404071153	0.3955321143939667	2.668153783851046e-18			0.0	1.0	1.0	1.0	0.8831168831168831	0.0	1.0	draw1503	True
-0.8571579540098183	-3.922534876383155	0.08215423144938946	0.004312332261434312	0.27064394337424563	0.2706893449933883	213.0	0.0	0.14544949952229577	0.07314984150623977	0.00047174239323554535	0.27064394337424563	4.336808689942018e-19			0.0	1.0	1.0	1.0	0.8875	0.0	1.0	draw1504	True
0.013083936301496638	-0.7264134855137738	0.003818740555922544	0.0004005468218007825	0.013722509252400383	0.01372304506682342	167.0	12.0	0.507517760041426	0.14333392649784452	0.0022892548410711807	0.013041181064354234	1.734723475976807e-17	0.01191209023370468	0.004107462035817899	0.0	1.0	1.0	1.0	0.7990430622009569	0.0	1.0	draw1505	True
-0.2477007116702643	-0.2477007116702643	0.023690296673303603	0.04339881060320228	0.05189063509185307	0.05189075659718204	32.0	0.0	0.21388991134675364	0.6914746477414817	0.023690296673303603	0.04339881060320228	8.326672684688674e-17			0.0	0.0	1.0	1.0	0.20125786163522014	0.0	1.0	draw1506	True
-1.8775419021398325	-1.8775419021398325	0.8731680965026302	0.08152021750537475	0.8963569896975528	0.8964308022874676	161.0	0.0	0.0807084183134062	9.997224933865946e-07	0.8731680965026302	0.08152021750537475	1.734723475976807e-18			0.0	1.0	1.0	1.0	0.805	0.0	1.0	draw1509	True
-0.7930953316306303	-0.8710322065768853	0.18883398928769934	7.769111544881153e-05	0.1916631947343743	0.1916633700256618	251.0	0.0	0.4173987147809523	0.46459088200369536	0.0003212772997482857	0.1916631947343743	8.326672684688674e-17			0.0	1.0	1.0	1.0	0.856655290102389	0.0	1.0	draw1510	True
-0.1262623049256267	-2.8460697763760017	0.022469952089659486	0.000995977015060315	0.0731134034788879	0.07311908355114972	234.0	0.0	0.14066055497531033	0.16463499919650634	2.9537406917008188e-05	0.0731134034788879	2.710505431213761e-19			0.0	1.0	1.0	1.0	0.8125	0.0	1.0	draw1511	True
-0.4519206092662328	-0.45228182113141524	0.00028156379153246644	4.516589984022613e-05	0.00041461962213607884	0.0004146280899531553	180.0	0.0	0.0006451848381177483	0.0002671423362905099	9.817220927509393e-05	0.0002914552551845305	4.235164736271502e-21			1.0	0.0	1.0	1.0	0.861244019138756	0.0	1.0	draw1512	True
-0.6100913680878435	-1.2380157485555512	0.0004011799490951345	0.28272247398505085	0.28357809043773086	0.28358926789463695	19.0	0.0	0.6704791097949295	0.04360022305680517	0.001263186697798533	0.28357809043773086	6.938893903907228e-18			0.0	0.0	1.0	0.0	0.08296943231441048	0.0	1.0	draw1513	True
-7.103517238480246	-13.783471787844082	47.40514865194542	0.14502873655593027	0.7390269688639601	0.7390384171209371	164.0	0.0	0.3231703052442868	0.0013183220727825537	0.07358738553058872	0.7390269688639601	3.814824636196555e-18			0.0	1.0	1.0	1.0	0.8118811881188119	0.0	1.0	draw1514	True
-0.3354553730777481	-0.7905404401797369	0.14927343015371153	0.04789641407711175	0.10881318801966644	0.10881368744387855	135.0	0.0	0.5541229632504303	0.00018780250314402594	0.0002426715610845494	0.10881318801966644	8.470329472543003e-21			0.0	1.0	1.0	1.0	0.7584269662921348	0.0	1.0	draw1515	True
-1.3187186921240928	-2.483139705543319	1.532287247815183	0.08792530528471823	0.5239078005007867	0.5239248432337841	159.0	0.0	0.8211318963576458	0.006302179398499492	0.004808398674012728	0.5239078005007867	1.734723475976807e-18			0.0	1.0	1.0	1.0	0.8324607329842932	0.0	1.0	draw1517	True
-0.15235743629791043	-0.3469237319283911	0.007215889510310383	0.00019827533537579973	0.09535661156926532	0.09535672930782152	232.0	0.0	0.46955634969917653	0.21527826916494122	1.0128413066486674e-05	0.09535661156926532	5.0635629586862074e-18			0.0	1.0	1.0	1.0	0.8957528957528957	0.0	1.0	draw1523	True
-2.4141005152846353	-3.6917338877457504	0.06181166502912245	0.0003832406661276969	0.17376068802851533	0.17376235324199837	253.0	0.0	0.06141214258635976	0.22025219602717427	0.00018574910853012792	0.17376068802851533	1.0842021724855044e-18			0.0	1.0	1.0	1.0	0.8908450704225352	0.0	1.0	draw1524	True
-0.04512945880207298	-0.07623759346097186	0.0012132792056220275	0.0026289669925438383	0.0172290954654311	0.017229599433674917	158.0	0.0	0.9371797122446761	0.05551916313733219	1.1274960561489727e-05	0.0172290954654311	2.008315117939946e-18			0.0	1.0	1.0	1.0	0.8729281767955801	0.0	1.0	draw1525	True
-0.07850733550218039	-0.1415727252978763	0.000924992464979661	0.0002295450919993982	0.027902648740819016	0.02792132240467764	210.0	0.0	0.2596589947825028	0.09203768968810735	2.5300280669559085e-05	0.027902648740819016	2.710505431213761e-19			0.0	1.0	1.0	1.0	0.8641975308641975	0.0	1.0	draw1527	True
-3.6509769412530297	-3.7106045052209478	2.529501683305301	0.012809047159695577	0.1791378677230889	0.17914434858407563	186.0	0.0	0.07384456664229704	7.022615011680336e-05	1.8946571128273115	0.058189296724221025	5.082197683525802e-17			0.0	1.0	1.0	1.0	0.8651162790697674	0.0	1.0	draw1528	True
-4.034574105715324	-8.105742849479704	16.42267512767357	0.2950928714624639	0.5747302849899547	0.5747343562247004	116.0	0.0	0.30880944161976914	5.007869874299171e-05	0.018794844578606355	0.5747302849899547	7.623296525288703e-20			0.0	1.0	1.0	1.0	0.5829145728643216	0.0	1.0	draw1529	True
-0.4249571478680128	-1.232593432525964	0.10000145124442446	0.008989478881481423	0.09168983607843738	0.09169743743148115	163.0	0.0	0.9983323605553505	0.2802082152972593	0.00040356856158911363	0.09168983607843738	4.0332320816460765e-17			0.0	1.0	1.0	1.0	0.8858695652173914	0.0	1.0	draw1530	True
-0.2944594675048358	-3.4982676134405133	1.4055879764702	0.015101780759652463	0.912051969483995	0.9120552035311968	203.0	0.0	0.9286118417077974	0.0581175237310873	0.0003387462284302459	0.912051969483995	5.204170427930421e-18			0.0	1.0	1.0	1.0	0.871244635193133	0.0	1.0	draw1531	True
0.03442120992215036	-1.1633763009487703	0.013800016572956082	0.0025684666177782536	0.06491828460377524	0.06492587971503347	169.0	21.0	1.7695746417983247	0.2678133079627713	0.0030666662383360913	0.05594638536869594	4.85722573273506e-17	0.04763334396576381	0.0057275805500418405	0.0	1.0	1.0	1.0	0.8047619047619048	0.0	1.0	draw1532	True
-0.04087927245131238	-0.48033762540271324	0.0025344658511362284	0.0012481856763230535	0.011072744825756669	0.011073569561086186	149.0	0.0	0.9425500743174023	0.6549415686330213	2.773330809728014e-06	0.011072744825756669	1.6479873021779667e-17			0.0	1.0	1.0	1.0	0.8324022346368715	0.0	1.0	draw1533	True
-1.0759860039924647	-7.749001258414218	0.7421492977886551	0.009322397277852697	0.42614494051560137	0.4262286442945435	212.0	0.0	0.1449592218107537	0.0767781960356632	0.003978031571217736	0.42614494051560137	2.7376104855258987e-18			0.0	1.0	1.0	1.0	0.8870292887029289	0.0	1.0	draw1535	True
-0.7749920857521093	-1.552017154122895	0.30236517506540006	0.002468120304007289	0.44551448265807975	0.4455664456043932	216.0	0.0	0.5449558820420323	0.2479320308782251	0.003107552231535573	0.44551448265807975	6.938893903907228e-18			0.0	1.0	1.0	1.0	0.8888888888888888	0.0	1.0	draw1538	True
-0.11458213569518999	-0.44422354155556304	0.007312854135051395	0.018332421718687847	0.18238253695511206	0.18239103277394744	171.0	0.0	0.7576051927156046	0.06409242545747958	4.955893310304923e-05	0.18238253695511206	2.507217523872729e-19			0.0	1.0	1.0	1.0	0.8769230769230769	0.0	1.0	draw1539	True
-0.8340019999155934	-13.164843686072496	9.054565320444516	0.010838684727921788	0.9956687392334349	0.9956789840385253	224.0	0.0	0.3899106702588186	0.1132263353876312	0.0028863127178360057	0.9956687392334349	2.7755575615628914e-17			0.0	1.0	1.0	1.0	0.8995983935742972	0.0	1.0	draw1541	True
-0.5459494935056309	-1.0325900975452846	0.007214202352023788	0.0007940134987156923	0.10195933988642368	0.10196411184943524	222.0	0.0	0.16705380948609358	0.232483010332817	5.9972369394058826e-05	0.10195933988642368	7.589415207398531e-19			0.0	1.0	1.0	1.0	0.8671875	0.0	1.0	draw1542	True
-0.02734946064103628	-0.02734946064103628	0.00015221229550731573	0.0005641124028784537	0.08222274296438867	0.08227442419346365	177.0	0.0	0.030308966848380525	9.978243264106491e-07	0.00015221229550731573	0.0005641124028784537	4.336808689942018e-18			0.0	1.0	1.0	1.0	0.8509615384615384	0.0	1.0	draw1544	True
-0.1047297584607669	-1.2480544846206152	0.28543169988902384	0.0018969528184684655	0.08394133576109306	0.08394283960643646	207.0	0.0	0.28705818398455407	0.035486066509551856	8.090767732228466e-05	0.08394133576109306	9.181837148236616e-19			0.0	1.0	1.0	1.0	0.8884120171673819	0.0	1.0	draw1545	True
-0.7097923700485627	-6.156461051789076	7.395390018505751	0.016197736154858665	0.32835807751487567	0.32836206173397015	202.0	0.0	0.3576613262209737	0.11573118752382189	0.001921462543057255	0.32835807751487567	2.0816681711721685e-17			0.0	1.0	1.0	1.0	0.8977777777777778	0.0	1.0	draw1546	True
-0.10715220351342596	-1.0402403752107803	0.22697689723797262	0.034054945456482404	0.11161628951268941	0.11161628965262284	151.0	0.0	0.24860963816408643	0.002024853969381254	1.1366304698975235e-06	0.11161628951268941	3.5236570605778894e-19			0.0	1.0	1.0	1.0	0.8435754189944135	0.0	1.0	draw1547	True
-0.07313303718843743	-0.22832129243953003	0.011258043576451198	0.00612982835347884	0.01514717704930231	0.015148606547655555	159.0	0.0	0.1202303128912053	0.0004221814243032757	0.00016291379749622682	0.00879860840261605	3.8163916471489756e-17			0.0	1.0	1.0	1.0	0.6943231441048034	0.0	1.0	draw1549	True
2.608949014468866	-1.198019306879568	0.003981725887983837	0.09127035456517389	0.3342531746918229	0.33425675570301183	65.0	36.0	1.0283614162359216	0.032001248555820754	0.4850687671381815	0.10588489582927363	4.996003610813204e-16	0.09200112611061378	0.1173828404141034	0.0	0.0	1.0	0.0	0.2838427947598253	0.0	1.0	draw1552	True
-1.1594783518749796	-2.054953507662557	0.17782319501325075	0.0005901228292412592	0.12715955800255432	0.12722223225578147	236.0	0.0	0.10642334997153773	0.28601617246839844	0.003967589049045305	0.12715955800255432	6.938893903907228e-18			0.0	1.0	1.0	1.0	0.8676470588235294	0.0	1.0	draw1554	True
-0.05183632212103149	-0.28662685266070664	0.020527017264127524	0.011048834695462962	0.06079943857532234	0.06080011317864764	168.0	0.0	0.4257693632311464	0.014868370280471808	0.0007137149752112118	0.0458859517169684	2.7755575615628914e-17			0.0	1.0	1.0	1.0	0.7533632286995515	0.0	1.0	draw1555	True
-5.997582566256853	-5.997582566256853	2.043395343873322	0.030730805267458517	0.5050308209990423	0.5050381711266478	172.0	0.0	0.005577801129656538	9.993789548179757e-07	2.043395343873322	0.030730805267458517	6.505213034913027e-19			0.0	1.0	1.0	1.0	0.864321608040201	0.0	1.0	draw1556	True
-19.054787295163962	-30.347450501552878	11.890256947361275	0.03821845153350677	0.2579510767851581	0.257960301135593	167.0	0.0	3.7560112954586917	0.0013773199693844715	0.00670484891733827	0.2579510767851581	5.590417451878382e-18			0.0	1.0	1.0	1.0	0.8146341463414634	0.0	1.0	draw1557	True
-1.0444361804450502	-1.2885288748508588	0.16471163424917318	0.04622643625838059	0.1290736886061381	0.12907479520153095	141.0	0.0	0.11502650191915223	0.002060064642510774	0.0007574891670116708	0.1290103790257597	3.7947076036992655e-19			0.0	1.0	1.0	1.0	0.834319526627219	0.0	1.0	draw1560	True
-0.019770135486382335	-0.04341240797525235	5.61063550790068e-05	0.0015163375663729758	0.027163851975200114	0.027163906351446644	172.0	0.0	0.7485287179516836	0.05551828564087451	2.3989543627449933e-07	0.027163851975200114	1.0164395367051604e-19			0.0	1.0	1.0	1.0	0.8775510204081632	0.0	1.0	draw1562	True
-2.5752571034198315	-2.5752571034198315	1.3914304752645694	0.07713282495394096	0.26994784616690704	0.269961606996868	135.0	0.0	0.09470918114091692	9.983239475183642e-07	1.3914304752645694	0.07713282495394096	8.809142651444724e-20			0.0	1.0	1.0	1.0	0.7417582417582418	0.0	1.0	draw1563	True
-0.32447964370166293	-0.554783342528112	0.007352486805936071	0.0007655834916184296	0.1923201651859225	0.1923501599519033	217.0	0.0	0.45593674580369165	0.12497687762662482	0.0001709131183702534	0.1923201651859225	7.589415207398531e-19			0.0	1.0	1.0	1.0	0.889344262295082	0.0	1.0	draw1565	True
-0.01201184916567305	-0.39519542012455994	0.008401674114625267	0.004845276242898542	0.06876455593223475	0.06876488711778038	163.0	0.0	0.6506814633849661	0.43069162619789486	0.023347735192601908	0.06194363893992062	1.249000902703301e-16			0.0	1.0	1.0	1.0	0.6174242424242424	0.0	1.0	draw1569	True
0.531259602733024	-3.842858383622704	2.7080219811942285	0.02297375533089055	0.23673496977364503	0.23677068431275863	182.0	11.0	0.6374793540057838	0.03987285909484671	0.005965371118626987	0.23673496977364503	1.3877787807814457e-17	0.23027553544280235	0.06831738446817058	0.0	1.0	1.0	1.0	0.7777777777777778	0.0	1.0	draw1570	True
0.004937599772448377	-0.003194722934557332	5.208496264059543e-07	0.014403425907903195	0.01736681943963031	0.01737230688447198	42.0	27.0	1.205503211108081	0.1961084394396281	3.9466796587645494e-05	0.015040302625841202	3.2526065174565133e-18	0.014423679832073467	1.8246712025763854e-05	0.0	0.0	1.0	0.0	0.23728813559322035	0.0	1.0	draw1571	True
-0.3753630397067337	-0.5933382837507756	0.067836957603512	0.00045676925858304456	0.02648298787716589	0.026483230909012626	209.0	0.0	0.08463015990409328	0.032149071303121876	0.0002158314801823494	0.02648298787716589	1.3010426069826053e-18			0.0	1.0	1.0	1.0	0.8672199170124482	0.0	1.0	draw1572	True
-0.125474857622	-1.1884183848303134	0.03639066410892053	0.01987122866116619	0.12529551204830414	0.1253052732557701	179.0	0.0	0.3926006751470149	0.0700681288522851	0.00011693403875132645	0.12529551204830414	1.0842021724855044e-18			0.0	1.0	1.0	1.0	0.8647342995169082	0.0	1.0	draw1573	True
-0.04173304809524975	-0.19413614682738176	0.004518018211176698	0.004961813358396595	0.09466886736865535	0.09466904554237364	178.0	0.0	0.8861151592572011	0.05380458769513432	8.845853305447222e-06	0.09466886736865535	1.3145951341386741e-18			0.0	1.0	1.0	1.0	0.8811881188118812	0.0	1.0	draw1574	True
-1.712997895469913	-2.8636308816574023	0.14712039314793504	0.04658444456009452	0.05501961128636703	0.055019638794872476	92.0	0.0	0.8548624547122633	4.8018327912093387e-05	0.00013942029162345107	0.05501961128636703	2.0937595664942237e-20			0.0	1.0	1.0	1.0	0.5714285714285714	0.0	1.0	draw1575	True
-0.025696776112454692	-0.32926326006281237	0.016718382883296832	0.00811705808026692	0.034078058518742974	0.034081538702934594	149.0	0.0	0.6989052053384935	0.006156708165417479	6.56981993317055e-05	0.034078058518742974	4.87890977618477e-19			0.0	1.0	1.0	1.0	0.8465909090909091	0.0	1.0	draw1577	True
-1.8627970233732913	-9.390158181298414	18.32345735560268	0.017053469498640453	0.6600370169119903	0.660379886282612	199.0	0.0	0.5408821502683089	0.38106549227673164	0.05285106519736667	0.6600370169119903	2.7755575615628914e-16			0.0	1.0	1.0	1.0	0.8883928571428571	0.0	1.0	draw1580	True
-0.8062327424100261	-8.405161396857624	15.095154139922814	0.16882460180708553	0.4013431956549971	0.401366957245961	150.0	0.0	0.23958004529897087	0.003917945280542737	0.03082305047372417	0.4013431956549971	1.2547946080625205e-17			0.0	1.0	1.0	1.0	0.8287292817679558	0.0	1.0	draw1581	True
-0.17386355406275866	-0.17386355406275866	0.0005805512997921852	0.00205721914219862	0.003424135836986665	0.0034241370997909713	64.0	0.0	0.013713286431848368	0.07062926929323239	0.0005805512997921852	0.00205721914219862	2.6020852139652106e-18			0.0	0.0	1.0	1.0	0.37209302325581395	0.0	1.0	draw1582	True
-0.02459841545898753	-0.14399424349542375	0.003518620511055601	0.009249796359625978	0.0826106178169946	0.08269114912380114	159.0	0.0	0.5450508659621682	0.0028791502420826855	0.000187318900104061	0.016863225357973445	4.163336342344337e-17			0.0	1.0	1.0	1.0	0.7464788732394366	0.0	1.0	draw1583	True
-0.025743985699622836	-0.9057781848385187	0.016220255492903474	0.033128816273815254	0.20960366143383183	0.2096079658059533	152.0	0.0	0.44126983667415354	0.00028696518267021427	8.842744729103197e-05	0.20960366143383183	1.6940658945086007e-21			0.0	1.0	1.0	1.0	0.7835051546391752	0.0	1.0	draw1587	True
-0.9733654975257523	-2.0689820420588387	1.0644136261707957	0.007677768086175297	0.1562670145315916	0.15626992465183698	189.0	0.0	0.8173064652506252	0.0028064810987794737	0.000662605448046232	0.1562670145315916	7.589415207398531e-19			0.0	1.0	1.0	1.0	0.8253275109170306	0.0	1.0	draw1589	True
-0.3164065509615124	-0.9974201965758398	0.08195660668520016	0.022274305261140628	0.13214046740712707	0.1321414661398931	152.0	0.0	1.6243556768747733	0.055856532563312855	0.00015702822622669943	0.13214046740712707	5.854691731421724e-18			0.0	1.0	1.0	1.0	0.8587570621468926	0.0	1.0	draw1590	True
-1.3872384940362243	-1.3872384940362243	0.12511808367717692	0.08311664733288375	0.14063932002178883	0.1406397328204407	45.0	0.0	0.0817087889660019	0.6912371606870145	0.12511808367717692	0.08311664733288375	8.326672684688674e-17			0.0	0.0	1.0	1.0	0.2922077922077922	0.0	1.0	draw1591	True
-11.66816846792597	-15.80335157309076	18.641264747772762	0.08616609076033625	0.3430757895902083	0.34308266176980023	153.0	0.0	0.5362763121677093	0.0013187427984365611	0.04983717438627018	0.3430757895902083	2.9929909191230702e-18			0.0	1.0	1.0	1.0	0.8138297872340425	0.0	1.0	draw1595	True
-0.25108460387292586	-0.25108460387292586	0.0012339610557407248	0.009338081032615832	0.013938637690733042	0.013939087568045013	47.0	0.0	0.059069178709111915	0.537951823035433	0.0012339610557407248	0.009338081032615832	6.938893903907228e-18			0.0	0.0	1.0	1.0	0.14461538461538462	0.0	1.0	draw1597	True
-4.3965932274952335	-15.4395604290788	0.12116135459421062	0.034977660114004355	0.6795465094211297	0.6797085773466772	193.0	0.0	0.08029590840391604	0.027847280886736502	0.0004920040496568791	0.6795465094211297	8.131516293641283e-20			0.0	1.0	1.0	1.0	0.8812785388127854	0.0	1.0	draw1599	True
-0.41556440460212113	-5.851402929795913	2.1568579959601215	0.05590599643482067	0.5077131002409818	0.5077545509085208	187.0	0.0	0.6889330791161743	0.006462475787745795	0.0017323635333470425	0.5077131002409818	5.757706458961107e-19			0.0	1.0	1.0	1.0	0.8348214285714286	0.0	1.0	draw1600	True
-9.926734002580309	-18.52524225865307	45.8242062003089	0.13256080134342058	0.37653704248333053	0.37653806874025736	145.0	0.0	0.2634693805171047	0.00028121488008207553	0.030865650909332337	0.37653704248333053	6.505213034913027e-19			0.0	1.0	1.0	1.0	0.7754010695187166	0.0	1.0	draw1601	True
-0.052602192177923675	-0.19995565563712714	0.00992057566594303	0.015116871313110215	0.06854139696740945	0.06854233230694257	157.0	0.0	1.1368843282055792	0.06585507126881297	1.0873268621424862e-05	0.06854139696740945	8.521151449378261e-19			0.0	1.0	1.0	1.0	0.8722222222222222	0.0	1.0	draw1603	True
-1.0584366961638472	-1.9013283557438179	0.7914295412712621	0.05037160021236411	0.14561412195377427	0.1456263694040064	139.0	0.0	0.4394001160062429	0.00017460980512639548	0.005089921218032026	0.14561412195377427	5.251604272976662e-20			0.0	1.0	1.0	1.0	0.7554347826086957	0.0	1.0	draw1605	True
-0.2381958006277906	-0.42656126922957394	0.045238575568493256	0.0020226591197381326	0.05760111861927307	0.05760477510140188	189.0	0.0	0.22123275396219114	0.13203300109408628	0.005755252324658063	0.055720389978537926	1.734723475976807e-17			0.0	1.0	1.0	1.0	0.73828125	0.0	1.0	draw1609	True
-0.2927333573759762	-0.5812688517873343	0.08166152711737432	0.009080266626090797	0.16009547536564186	0.16013307789459563	179.0	0.0	0.3410333351019291	0.37091830417989746	0.05002028181147292	0.15049949337676974	5.551115123125783e-17			0.0	1.0	1.0	1.0	0.7019607843137254	0.0	1.0	draw1610	True
-0.036065700849925775	-0.036065700849925775	0.0001125885206945456	0.0037657957163365293	0.042166097241576175	0.04216861170826553	148.0	0.0	0.15888190936473054	9.988496960945601e-07	0.0001125885206945456	0.0037657957163365293	6.505213034913027e-19			0.0	1.0	1.0	1.0	0.8654970760233918	0.0	1.0	draw1611	True
-0.0952476722485181	-9.699088534315038	0.05389966186385161	0.08248330598024847	0.9961462859526309	0.9961738977790653	183.0	0.0	0.32734824200463297	0.008757319695681876	3.917890901041263e-05	0.9961462859526309	1.0164395367051604e-20			0.0	1.0	1.0	1.0	0.8672985781990521	0.0	1.0	draw1615	True
-0.12989840343884893	-0.21676395847188842	0.011629562355420254	0.0003802332776117956	0.03383432113549992	0.0338352632969132	205.0	0.0	0.5388365775291346	0.18643147510069583	0.00046835001204443557	0.033679214239519445	7.752045533271357e-18			0.0	1.0	1.0	1.0	0.9070796460176991	0.0	1.0	draw1617	True
-0.04041162974826262	-1.1224753052622414	0.2907109104099154	0.030301263226363992	0.49346531699355267	0.49346788880923576	200.0	0.0	1.6478801783226988	0.5090453377927054	0.04252302021936662	0.30743831940801114	2.220446049250313e-16			0.0	1.0	1.0	1.0	0.796812749003984	0.0	1.0	draw1618	True
-0.4801854169789085	-0.4801854169789085	0.005000549449568402	4.679216321255203e-05	0.012467853985053297	0.012479458933679497	223.0	0.0	0.00010000000021245435	1.8516794033055897e-05	0.005000549449568402	4.679216321255203e-05	2.168404344971009e-18			1.0	0.0	1.0	1.0	0.8814229249011858	0.0	1.0	draw1619	True
-0.6107771947042921	-0.6107771947042921	0.0015864711323778688	0.2557099090961371	0.529975924369627	0.5300942311341548	41.0	0.0	1.0037229814444	1.0396551128580735	0.0015864711323778688	0.2557099090961371	8.881784197001252e-16			0.0	0.0	1.0	0.0	0.1680327868852459	0.0	1.0	draw1620	True
-0.15082825322591745	-3.557387238389914	0.42445426092465127	0.1426683381497743	1.4245097974836711	1.424631508912998	158.0	0.0	0.6711773558307093	0.0006065505311537187	0.003940915701141772	1.4245097974836711	2.710505431213761e-20			0.0	1.0	1.0	1.0	0.8061224489795918	0.0	1.0	draw1621	True
-0.0741631398889485	-0.1344749411539875	0.00445565317489261	0.0011924117181021953	0.01097802651234463	0.010978259844880232	168.0	0.0	0.14276279238167894	0.00897567167235964	0.00016335906456593636	0.010760139422183049	8.673617379884035e-19			0.0	1.0	1.0	1.0	0.8442211055276382	0.0	1.0	draw1622	True
-0.03262200561431518	-0.40367907476178766	0.019258763457139966	0.0710306036607721	0.15866034214627442	0.1586673429003447	115.0	0.0	0.6338796209572269	8.42317343541602e-05	0.00010601139824334714	0.15866034214627442	8.470329472543003e-22			0.0	1.0	1.0	1.0	0.672514619883041	0.0	1.0	draw1623	True
-0.5905788789889592	-5.035669268568016	3.731555029647969	0.0882458628130034	0.9219371151436179	0.9220872066975936	183.0	0.0	0.9581166758349813	0.016036397099691124	0.0037510665593732512	0.9219371151436179	3.288181901241194e-18			0.0	1.0	1.0	1.0	0.8798076923076923	0.0	1.0	draw1624	True
-12.167207314589634	-20.89262192124294	0.5568862711077694	0.04603512391508812	1.227501064664775	1.2281274128955886	195.0	0.0	0.07644386169444288	0.09361395332645531	0.004788401534217632	1.227501064664775	6.505213034913027e-19			0.0	1.0	1.0	1.0	0.8863636363636364	0.0	1.0	draw1626	True
-0.3297867799091973	-0.8871070466337581	0.19225102829535276	0.012683247676505867	0.04920100131201675	0.0492026703032223	152.0	0.0	0.2798003124764312	0.00016964893383146251	0.00032358359748153816	0.04920100131201675	1.164670302474663e-20			0.0	1.0	1.0	1.0	0.7562189054726368	0.0	1.0	draw1631	True
-0.017469467707748272	-0.15321609124035981	0.0019939557243782474	0.0025100996796664915	0.02937130516270224	0.029377075056309716	173.0	0.0	0.4361769553405673	0.006359734324863653	2.2327809363156487e-05	0.02937130516270224	2.710505431213761e-20			0.0	1.0	1.0	1.0	0.8480392156862745	0.0	1.0	draw1632	True
-0.4354428760679809	-0.8340033532323469	0.1289902132592488	0.00864605302400563	0.17160031067633458	0.17160175073448136	188.0	0.0	0.3123364463146573	0.37969239051843434	0.012280472538088012	0.16989474515784447	4.163336342344337e-17			0.0	1.0	1.0	1.0	0.714828897338403	0.0	1.0	draw1633	True
-0.03618187947766869	-0.06634099206703453	6.041468594594061e-06	0.006774911993535148	0.007685879318464689	0.0076860577348099555	32.0	0.0	2.0613671111498566	0.321430271891762	5.786945991993155e-05	0.007189595959550296	5.074066167232161e-17			0.0	0.0	1.0	0.0	0.15920398009950248	0.0	1.0	draw1635	True
-0.3017088317515341	-0.3017088317515341	0.001224452076748442	0.0003424007386026317	0.10687841705277801	0.10693419335569895	218.0	0.0	0.0011518287522912186	9.991479935759233e-07	0.001224452076748442	0.0003424007386026317	4.336808689942018e-19			0.0	1.0	1.0	1.0	0.8164794007490637	0.0	1.0	draw1638	True
-1.4918791411954446	-10.425703411695425	2.457658311737151	0.04902786205996648	1.6033080013981156	1.6033598518701533	198.0	0.0	0.34823197363484126	0.2522971020142515	0.005204620511114809	1.6033080013981156	3.642919299551295e-17			0.0	1.0	1.0	1.0	0.8959276018099548	0.0	1.0	draw1639	True
-0.08896945591787606	-0.08900791433068353	0.001855744717455253	0.006888861229991557	0.0426870287420718	0.04269314078257039	141.0	0.0	0.2960286345920674	1.2493090529800955e-06	0.001881057258899936	0.007358391948378345	1.3552527156068805e-19			0.0	1.0	1.0	1.0	0.8493975903614458	0.0	1.0	draw1640	True
-0.04578543282613253	-0.1725623186682916	0.004315837293068003	0.00510427596598933	0.038842408340596435	0.03884886103535175	171.0	0.0	0.5510024429893953	0.0802681963789857	2.248931053178015e-05	0.038842408340596435	1.3010426069826053e-18			0.0	1.0	1.0	1.0	0.8724489795918368	0.0	1.0	draw1641	True
-2.2362893726366724	-42.58966414714596	0.1502947706055768	0.008217267453491392	0.6155449827734731	0.6158440334082084	239.0	0.0	0.06427551348760169	0.08784942641768377	0.0008529255858612346	0.6155449827734731	7.115076756936123e-20			0.0	1.0	1.0	1.0	0.8659420289855072	0.0	1.0	draw1642	True
-0.7894444259345879	-1.5878032026755853	0.48263582651402437	0.021313285236146028	0.4158618532475903	0.4158854918177862	188.0	0.0	0.9073435598814952	0.06464194770083408	0.037835478959252745	0.4087820044231037	1.9705374484924043e-17			0.0	1.0	1.0	1.0	0.8785046728971962	0.0	1.0	draw1645	True
-0.1050326341785062	-2.6267221061900807	0.2244709966002006	0.047699795851739515	0.17766199071436198	0.17766306439445187	170.0	0.0	0.30903342452223376	0.003002838352941899	0.00010268820357370705	0.17766199071436198	4.0657581468206416e-20			0.0	1.0	1.0	1.0	0.821256038647343	0.0	1.0	draw1646	True
-0.21982866017546776	-4.228499818024349	3.6611864355239274	0.03891149744798203	0.623869770463108	0.6239528435728532	186.0	0.0	0.44594523083545584	0.3965448677182983	0.5107573478065945	0.6076210675441382	2.220446049250313e-16			0.0	1.0	1.0	1.0	0.5923566878980892	0.0	1.0	draw1647	True
-4.554033968961439	-4.554033968961439	0.38603018313864995	0.276378355644957	0.4117966915926955	0.41179670333154844	43.0	0.0	0.0639094356366304	2.0089057653935245	0.38603018313864995	0.276378355644957	1.1102230246251565e-16			0.0	0.0	1.0	1.0	0.344	0.0	1.0	draw1648	True
-0.023003583332517563	-0.7344462563812004	0.022624276465804977	0.002116544423281803	0.02023369886887681	0.020233973779879958	153.0	0.0	0.5019600804587369	0.003823334596930184	4.0648218601122936e-05	0.02023369886887681	3.7947076036992655e-19			0.0	1.0	1.0	1.0	0.8360655737704918	0.0	1.0	draw1649	True
-0.22987884185406318	-0.6199360219521577	0.08938842609413566	0.03183487838529657	0.11441151245805659	0.11442968437239753	156.0	0.0	0.41284958152008544	0.008856099324723326	0.003554927083847408	0.09733859043162636	4.163336342344337e-17			0.0	1.0	1.0	1.0	0.7188940092165899	0.0	1.0	draw1650	True
-0.4877408375867567	-1.5332806644976906	0.5685714162976693	0.0031115154430351034	0.21859497570488634	0.21860432028851107	207.0	0.0	0.3015406362509635	0.14490690249292584	0.0789585942459082	0.21100018641798365	6.938893903907228e-17			0.0	1.0	1.0	1.0	0.7288732394366197	0.0	1.0	draw1651	True
-0.1434604362587381	-0.1434604362587381	0.005112163986326143	9.920802582499264e-06	0.015918791944662294	0.0159191640385906	293.0	0.0	0.0001511250000294913	9.997498230956575e-07	0.005112163986326143	9.920802582499264e-06	5.204170427930421e-18			0.0	1.0	1.0	1.0	0.8005464480874317	0.0	1.0	draw1652	True
-1.4013819064067625	-6.620370134078898	7.760255525578641	0.1994559492405325	1.3152068548776423	1.3152138854920328	166.0	0.0	0.8839127186793322	0.0012678748107414748	0.0048284446878601285	1.3152068548776423	1.0842021724855044e-18			0.0	1.0	1.0	1.0	0.8097560975609757	0.0	1.0	draw1653	True
-5.999305923616432	-31.5491691538111	2.377626744516524	0.00807232221224245	0.6796733983779093	0.6796861454196399	234.0	0.0	0.05596475574244548	0.11244949725213904	0.00666188205380037	0.6796733983779093	3.0357660829594124e-18			0.0	1.0	1.0	1.0	0.8830188679245283	0.0	1.0	draw1654	True
-0.7937918423095256	-5.852017278855023	0.1916887669765288	0.003241637848577355	0.23174824396808344	0.2318282326663808	159.0	0.0	0.8738990030838356	0.14761181842753962	0.02115431248884038	0.23174824396808344	2.498001805406602e-16			0.0	1.0	1.0	1.0	0.8548387096774194	0.0	1.0	draw1655	True
-0.5135759929913517	-0.6438617221553161	0.06142402518302722	0.0016280695688014784	0.0668201293865705	0.06689053816093965	197.0	0.0	0.17832300665036788	0.08607478298578165	0.0032191374005067436	0.0668201293865705	4.336808689942018e-18			0.0	1.0	1.0	1.0	0.8834080717488789	0.0	1.0	draw1656	True
-0.026773120357042844	-0.026773120357042844	0.0006817002528089267	0.017000886174477935	0.025033959343091414	0.02503535007168761	43.0	0.0	0.4866125317613994	0.11866295376108664	0.0006817002528089267	0.017000886174477935	2.42861286636753e-17			0.0	0.0	1.0	1.0	0.23497267759562843	0.0	1.0	draw1658	True
-0.20982622483695992	-0.3954050344208348	0.0178010454719973	0.0003899762491240965	0.06816335849311025	0.06817893221141746	218.0	0.0	0.28415013209350515	0.1317320477855074	0.00019432188962038207	0.06816335849311025	1.463672932855431e-18			0.0	1.0	1.0	1.0	0.8755020080321285	0.0	1.0	draw1660	True
-0.814524486547068	-1.5829759032540667	0.10716148409459904	0.008376596525565884	0.08246008171467524	0.08246678414186077	151.0	0.0	0.810748743698179	0.12719361943591026	0.0018154202878516328	0.08246008171467524	5.762534546760456e-17			0.0	1.0	1.0	1.0	0.8579545454545454	0.0	1.0	draw1661	True
-0.05920209747607442	-0.4489844638793366	0.02234172357554897	0.008815604161632466	0.10017135523359273	0.10017548534594758	176.0	0.0	0.5042555357750949	0.0804723118430353	4.1572297155455124e-05	0.10017135523359273	3.469446951953614e-18			0.0	1.0	1.0	1.0	0.8669950738916257	0.0	1.0	draw1664	True
-0.7231067472698728	-0.7231067472698728	0.0008636196122166196	0.0070940149024108345	0.01341903254061755	0.013419532305479133	85.0	0.0	0.010005708590951843	0.27354096341238615	0.0008636196122166196	0.0070940149024108345	3.469446951953614e-18			0.0	0.0	1.0	1.0	0.29411764705882354	0.0	1.0	draw1665	True
-0.15439073990024713	-0.3007519598320784	0.007537169230973416	0.004401653479109302	0.03068602646665911	0.03073438738971622	136.0	0.0	0.5979199794593426	0.0020952007950371244	0.0012671188777249724	0.03068602646665911	3.1001405869507392e-19			0.0	1.0	1.0	1.0	0.8192771084337349	0.0	1.0	draw1668	True
-0.06826644411186888	-0.3566262070643734	0.020292011566038406	0.0037673231714594494	0.11791407364065278	0.11791417886551542	185.0	0.0	0.6385728989708073	0.02864553423016339	1.2343418737667208e-05	0.11791407364065278	4.336808689942018e-19			0.0	1.0	1.0	1.0	0.8767772511848341	0.0	1.0	draw1670	True
-0.189521568014305	-0.5964080387094168	0.004432505953807931	0.0028884571986738956	0.06471151880371949	0.0647354214980916	192.0	0.0	0.22070194119705913	0.08166976229882564	7.307353442680217e-05	0.06471151880371949	5.421010862427522e-19			0.0	1.0	1.0	1.0	0.8807339449541285	0.0	1.0	draw1671	True
-0.04793794458554068	-1.0850471733717264	0.05400867903111485	0.01651372960650333	0.20524316687842245	0.20524373669834303	181.0	0.0	0.4352712146583449	0.11332093536353245	1.843964217601859e-05	0.20524316687842245	2.168404344971009e-18			0.0	1.0	1.0	1.0	0.8916256157635468	0.0	1.0	draw1672	True
-0.8530978202839712	-1.0392579742701804	0.00467861094847983	0.00947997320027457	0.14873616913654195	0.14874131818948205	178.0	0.0	0.15531411402474077	0.06445323453100534	2.0732414118118185e-05	0.14873616913654195	2.168404344971009e-19			0.0	1.0	1.0	1.0	0.8640776699029126	0.0	1.0	draw1673	True
-14.540056932324763	-18.846912218249688	35.08344337202612	1.0316394288682682	1.2512426541272705	1.2512457772378938	52.0	0.0	0.4749038132673043	5.843114698991824e-06	0.07324540323562846	1.2512426541272705	4.0657581468206416e-20			0.0	1.0	1.0	1.0	0.30952380952380953	0.0	1.0	draw1674	True
-0.31696208314043756	-0.7117431186331902	0.08175262964903286	0.0023055282440502907	0.02926384701354342	0.029270395249893798	181.0	0.0	0.07444863080600123	0.014963228287771503	0.0009029117359957384	0.02926384701354342	7.724940478959219e-19			0.0	1.0	1.0	1.0	0.8457943925233645	0.0	1.0	draw1675	True
-0.5577655372090866	-0.5577655372090866	0.008940922574524876	0.00523475292860904	0.02993110955278807	0.029931417378432884	110.0	0.0	0.010059636098121454	0.5178578147348729	0.008940922574524876	0.00523475292860904	8.673617379884035e-18			0.0	0.0	1.0	1.0	0.44176706827309237	0.0	1.0	draw1676	True
-0.6755279554627693	-0.6755279554627693	0.09925152211246024	0.00041599970910924687	0.47332334402754966	0.47333468151027464	221.0	0.0	0.001922581642406651	9.996649791025825e-07	0.09925152211246024	0.00041599970910924687	4.996003610813204e-16			0.0	1.0	1.0	1.0	0.8185185185185185	0.0	1.0	draw1679	True
-0.4595856718480944	-0.4595856718480944	0.06653580442800781	0.05204681894247121	0.10563768130839252	0.10564851166546939	40.0	0.0	0.14165909285743106	0.5041780778502957	0.06653580442800781	0.05204681894247121	8.326672684688674e-17			0.0	0.0	1.0	1.0	0.18691588785046728	0.0	1.0	draw1680	True
-0.3744269864006509	-0.5037627143265145	0.016969559526121128	0.004397737616084654	0.05538350012470738	0.055400047061848944	174.0	0.0	0.13275431171693938	0.04588945929561087	0.00017968350091385565	0.05538350012470738	4.336808689942018e-19			0.0	1.0	1.0	1.0	0.8656716417910447	0.0	1.0	draw1681	True
-0.06796294929158116	-0.06796294929158116	0.000351460829281351	0.00010787239209434622	0.0074010860266126716	0.007401101781300607	176.0	0.0	0.019869910467118435	9.988367898277223e-07	0.000351460829281351	0.00010787239209434622	1.431146867680866e-17			0.0	1.0	1.0	1.0	0.8301886792452831	0.0	1.0	draw1682	True
-0.6261511047118548	-1.0930094036280649	0.28267649004950823	0.11377617046070485	0.1708170568472298	0.17081754602510735	73.0	0.0	0.4719964263822131	1.630440499359113e-05	0.0008082095741260692	0.1708170568472298	4.7645603283054394e-21			0.0	1.0	1.0	1.0	0.42441860465116277	0.0	1.0	draw1683	True
-0.20350295601552784	-15.406985045167318	0.6484757857455016	0.05895538343410246	2.1546534871207226	2.1553870193133293	193.0	0.0	0.39560311642602325	0.002115159801464506	0.005526753463872248	2.1546534871207226	1.3552527156068805e-20			0.0	1.0	1.0	1.0	0.8318965517241379	0.0	1.0	draw1685	True
-0.6105263278826337	-9.228167324184339	0.08911282233005072	0.15688355157897232	0.34641969508670234	0.34641999690877234	59.0	0.0	1.1270558720553503	0.21619287457249095	0.0010865983568730223	0.34641969508670234	3.885780586188048e-16			0.0	0.0	1.0	0.0	0.3105263157894737	0.0	1.0	draw1686	True
-0.36189120342492226	-8.510359502352216	2.7677430978910222	0.05634925052650361	1.7540060679134972	1.7542409011805848	192.0	0.0	0.7427291488212643	0.005896224457050435	0.00909975120293265	1.7540060679134972	6.166399856011306e-19			0.0	1.0	1.0	1.0	0.8384279475982532	0.0	1.0	draw1688	True
0.8308564628347289	-12.859293190238215	0.6485478159554656	0.003928979523717972	0.22827117311381756	0.22827540132220248	185.0	30.0	0.6667875921406702	0.09098687474208156	0.5744670959516393	0.15852647991824761	2.220446049250313e-16	0.11445038068142613	0.8855324477290822	0.0	1.0	1.0	1.0	0.7429718875502008	0.0	1.0	draw1691	True
-0.09589399491788866	-2.5349594603962506	0.7117235593506052	0.005413370474999848	0.42337701684087203	0.42338538512736035	193.0	0.0	2.2492192341313206	0.060795063758937236	0.0014221842000007334	0.42337701684087203	1.3877787807814457e-17			0.0	1.0	1.0	1.0	0.8247863247863247	0.0	1.0	draw1693	True
-7.632736703520675	-17.222329028843085	1.0379520278396879	0.37370431220334954	0.7665701913965979	0.7665734381444448	144.0	0.0	0.05085723904315887	0.004077866739916242	0.0002445928992101865	0.7665701913965979	5.421010862427522e-20			0.0	1.0	1.0	1.0	0.8421052631578947	0.0	1.0	draw1695	True
-0.018711529175312505	-0.030143897808814896	8.035785195025079e-05	0.001286231949248931	0.0067777548214563495	0.006777854046872821	156.0	0.0	0.29302691269428993	0.020312676084098927	1.8964341294342496e-07	0.0067777548214563495	3.8963515573697816e-20			0.0	1.0	1.0	1.0	0.861878453038674	0.0	1.0	draw1697	True
-0.3902767082217891	-0.4014230372775132	0.004069346012939724	0.011951270830787349	0.013956424366348806	0.013956443070206413	117.0	0.0	0.03543394071664835	0.00011423977453457038	5.124815374162123e-05	0.013944078675970237	6.1409888675936775e-21			0.0	1.0	1.0	1.0	0.7647058823529411	0.0	1.0	draw1698	True
-0.10095931895416836	-1.0309966104845856	0.03466909372716096	0.007108884057982609	0.10984458719758447	0.10984946725134768	188.0	0.0	0.2914829864769319	0.06704891625329051	0.00011016381923180053	0.10984458719758447	9.75781955236954e-19			0.0	1.0	1.0	1.0	0.8744186046511628	0.0	1.0	draw1699	True
-0.25680630687464595	-0.25680630687464595	1.3543707447447432e-07	0.0006199539225669872	0.000620083251465754	0.0006201077890162075	55.0	0.0	0.002409883669314816	9.999071522465673e-07	1.3543707447447432e-07	0.0006199539225669872	3.7223127564886245e-24			0.0	1.0	0.0	1.0	0.36666666666666664	0.0	1.0	draw1700	True
-0.02176251290342759	-0.1921136008301374	0.00026480949923701953	1.5012119428192294e-05	0.001010356804343407	0.0010107000363122533	197.0	0.0	0.6163131542934798	0.29830798569648614	4.299707880574405e-06	0.001005201603420505	8.51098705401121e-18			0.0	1.0	1.0	1.0	0.7975708502024291	0.0	1.0	draw1701	True
-1.8833144036358236	-12.832732783204019	0.1137943706619823	0.010252194265475382	0.3725607979100854	0.37257848912622776	213.0	0.0	0.07614200031580416	0.03669584860742124	0.00016442584655232038	0.3725607979100854	1.0842021724855044e-19			0.0	1.0	1.0	1.0	0.8838174273858921	0.0	1.0	draw1702	True
-0.8585652860984891	-0.930437621484834	0.0023563095063120812	9.27712633714806e-05	0.007432297108800232	0.007445631712706773	219.0	0.0	0.008760777010672056	0.09359796825008339	0.00011449840986151232	0.007432297108800232	8.131516293641283e-20			1.0	0.0	1.0	1.0	0.7711267605633803	0.0	1.0	draw1704	True
-0.3885403196835532	-0.7934197610759358	0.004911022517938553	0.003310631270569373	0.2077427194647482	0.20790506941441592	200.0	0.0	0.38880349672921405	0.16099519134484702	0.00019003876659859627	0.2077427194647482	3.2526065174565133e-19			0.0	1.0	1.0	1.0	0.8658008658008658	0.0	1.0	draw1706	True
-0.08310932826532433	-0.2499819124093659	0.015605044894039114	0.0003595447279149043	0.020717460090038012	0.020734856376354194	204.0	0.0	0.19002551310152366	0.09184736880616085	0.0014938181696539995	0.01979307143807875	5.204170427930421e-18			0.0	1.0	1.0	1.0	0.7259786476868327	0.0	1.0	draw1707	True
-0.03291171977845665	-4.113428886409854	0.005030788481848605	0.09214450888645238	0.15268050031212343	0.15269062890615495	87.0	0.0	1.2382714240015376	0.38515446551669397	0.0028627987872275554	0.1450357549409897	6.938893903907228e-17			0.0	0.0	1.0	0.0	0.3702127659574468	0.0	1.0	draw1710	True
-0.29238560763405247	-0.802435317352667	0.133863863943726	0.010258428421073905	0.0985023691653995	0.09850632589670112	163.0	0.0	0.4046230151451373	0.076011145935003	0.00025535004334836293	0.0985023691653995	1.1655173354219173e-17			0.0	1.0	1.0	1.0	0.8810810810810811	0.0	1.0	draw1711	True
-0.11782519684065942	-0.37250792929849696	0.029232092721681334	0.008636469562229541	0.0807370223393426	0.08075613754934258	174.0	0.0	0.41795311380388533	0.2806352436360789	0.000512557326927319	0.0807370223393426	1.5612511283791264e-17			0.0	1.0	1.0	1.0	0.75	0.0	1.0	draw1712	True
-0.05712008644917879	-0.058978119221890786	1.282722913455896e-05	0.00011671822588351845	0.004127870131543788	0.0041284146527298445	199.0	0.0	0.07894118701077246	0.2570347938445417	3.226424316072248e-07	0.004127870131543788	2.371692252312041e-20			0.0	1.0	1.0	1.0	0.8963963963963963	0.0	1.0	draw1714	True
-0.19857470145377637	-0.9179180296634339	0.07249910211362279	0.010756406753917848	0.04720024917001196	0.047201101709734135	153.0	0.0	0.7456996387300144	0.036389371186865575	8.579968888816896e-05	0.04720024917001196	6.071532165918825e-18			0.0	1.0	1.0	1.0	0.864406779661017	0.0	1.0	draw1716	True
-0.0536324964921042	-5.322004890153939	0.3698837094439615	0.19236989886503958	0.7654054782695827	0.7654237291722233	151.0	0.0	0.34020933369837053	0.00029908394024151855	0.0005780722387371564	0.7654054782695827	3.3881317890172014e-21			0.0	1.0	1.0	1.0	0.7864583333333334	0.0	1.0	draw1717	True
-0.33881886765130004	-1.2391809680031796	0.2228290008107232	0.0007175249927438156	0.07331320830775584	0.07331323338385046	206.0	0.0	0.46648424090919177	0.2152868621431976	2.3509368312093465e-05	0.07331320830775584	1.9081958235744878e-17			0.0	1.0	1.0	1.0	0.8995633187772926	0.0	1.0	draw1718	True
-1.9827983963438325	-73.32404520079953	82.70776794232948	0.09190127596244267	0.39667613257278406	0.39672647194179067	165.0	0.0	0.5290959471662131	0.3522427050039376	0.010629156230032124	0.39667613257278406	4.440892098500626e-16			0.0	1.0	1.0	1.0	0.8918918918918919	0.0	1.0	draw1719	True
-1.0114532546483157	-1.2866321830472034	0.004387540151721799	0.01210815391693945	0.26298188659996524	0.2630089847049699	181.0	0.0	0.23315538989997045	0.06695467647123625	3.809817729764328e-05	0.26298188659996524	8.131516293641283e-20			0.0	1.0	1.0	1.0	0.8660287081339713	0.0	1.0	draw1720	True
-0.7542288530213704	-2.106801649252878	1.0553190066338336	0.02822156206368549	0.11694136663558088	0.11694775602056459	160.0	0.0	0.38609144677061596	0.00025151652207677945	0.0014014196638061074	0.11694136663558088	8.131516293641283e-20			0.0	1.0	1.0	1.0	0.7619047619047619	0.0	1.0	draw1721	True
-0.29386046096417	-0.5052795700376819	0.04637157602830706	0.009779208013321255	0.08011363234565971	0.08011742380734403	164.0	0.0	0.2307190264265326	0.03790376496814808	0.0001667433822255759	0.08011363234565971	1.0842021724855044e-18			0.0	1.0	1.0	1.0	0.8631578947368421	0.0	1.0	draw1724	True
-4.676898396107238	-12.11712521496387	0.2106754438569455	0.029508304886893766	0.20580197255049945	0.20580431552046544	177.0	0.0	0.025726788402805754	0.008008661301177085	0.000180774279677604	0.20580197255049945	4.0657581468206416e-20			0.0	1.0	1.0	1.0	0.8592233009708737	0.0	1.0	draw1725	True
-0.05309840089386004	-0.09476320486422392	0.002037221477640874	0.005460900810602114	0.02979291544439263	0.02979710811934032	176.0	0.0	0.4190274119593656	0.04267676958841181	0.000254957288281391	0.025571663029314098	1.734723475976807e-17			0.0	1.0	1.0	1.0	0.6795366795366795	0.0	1.0	draw1728	True
-0.030748077711755546	-0.3956220623155138	0.03620604019743175	0.008778046274351744	0.03679875535821021	0.03679957166218942	153.0	0.0	0.4003741810786381	0.002814361814725471	3.9517976593135056e-05	0.03679875535821021	3.2526065174565133e-19			0.0	1.0	1.0	1.0	0.827027027027027	0.0	1.0	draw1729	True
-0.6430662962558426	-1.0628310189058336	0.02420769947337103	0.00010397177944632383	0.06889422607841733	0.06897124412852866	249.0	0.0	0.08324520453789293	0.14984928540840245	0.0015801527194439114	0.0685716979035082	8.673617379884035e-19			1.0	0.0	1.0	1.0	0.7757009345794392	0.0	1.0	draw1730	True
-0.6837846547589599	-2.459496289370426	0.043571373263670984	0.0024116640044485505	0.05054442427281881	0.05056668065895227	152.0	0.0	0.7722802869438017	0.16972084099438897	0.008703750068874336	0.05030735141952325	5.204170427930421e-17			0.0	1.0	1.0	1.0	0.8837209302325582	0.0	1.0	draw1731	True
-0.6813862623932883	-1.5136851056592338	0.1828296953552196	0.009725862221801395	0.11373774456535045	0.11378149388869506	165.0	0.0	0.8973407913322319	0.08505183674191284	0.003884558034261686	0.11373774456535045	4.2500725161431774e-17			0.0	1.0	1.0	1.0	0.8776595744680851	0.0	1.0	draw1734	True
-0.5110790570165543	-1.561595997949633	0.29722361008290754	0.02634307834768259	0.12344255012502062	0.12344774476119333	157.0	0.0	0.13339276622265847	0.004042877588135155	0.0004956908618352944	0.12344255012502062	2.0328790734103208e-19			0.0	1.0	1.0	1.0	0.8440860215053764	0.0	1.0	draw1736	True
-0.25089943701422285	-1.4776647529077964	0.40828435435484806	0.015872328000062032	0.06213287446175803	0.062133577262297374	168.0	0.0	0.11808637303604885	0.011546762831795999	0.003563720130989159	0.0618320122588916	1.9109063290057016e-18			0.0	1.0	1.0	1.0	0.8704663212435233	0.0	1.0	draw1738	True
-0.514463177326934	-0.514463177326934	0.002739657926210952	0.005006886415884796	0.006297403847248193	0.006297448537771993	70.0	0.0	0.010093523852725795	0.6903681654916723	0.002739657926210952	0.005006886415884796	1.1275702593849246e-17			0.0	0.0	1.0	1.0	0.4093567251461988	0.0	1.0	draw1739	True
-0.08890488277419431	-0.11482349412226125	0.003218598883326375	0.0006491203977418469	0.10548706330541989	0.10556380202293619	211.0	0.0	0.6852339698994417	0.067212017509024	0.0011781168666799137	0.03315424135539521	8.326672684688674e-17			0.0	1.0	1.0	1.0	0.7455830388692579	0.0	1.0	draw1740	True
-0.33362513885954215	-0.33362513885954215	0.007351354844215769	0.0020074321521078003	0.051238572457949626	0.051238689548790406	165.0	0.0	0.10056112231637368	9.970828223516708e-07	0.007351354844215769	0.0020074321521078003	1.3449527949682683e-16			0.0	1.0	1.0	1.0	0.8870967741935484	0.0	1.0	draw1741	True
2.3306990297918526	-7.647633966991358	8.582029967926276	0.07187468918215675	1.312701485873469	1.3127041755719202	193.0	37.0	0.8497299017763871	0.1575543064834181	4.432377277184756	1.1156465344884194	8.881784197001252e-16	0.8188970091265493	7.11976957514433	0.0	1.0	1.0	1.0	0.6724738675958188	0.0	1.0	draw1743	True
-6.87175784578463	-233.0236706696671	20.79425233993928	0.00474953446832789	1.983845278964399	1.9839384130217317	172.0	0.0	0.9955333258216081	0.6356631931691155	0.05697942876435148	1.983845278964399	2.220446049250313e-15			0.0	1.0	1.0	1.0	0.900523560209424	0.0	1.0	draw1744	True
-0.6958835762808708	-2.7848267780091795	0.9989367840029012	0.07972290911945469	0.4784575097178636	0.4784858551690906	137.0	0.0	1.147010382755414	0.00037356730467578774	0.004936907138463367	0.4784575097178636	1.0672615135404184e-19			0.0	1.0	1.0	1.0	0.7653631284916201	0.0	1.0	draw1746	True
-11.666660623028188	-18.41898282934662	0.15904265712765076	0.0019494134668969687	0.08736626378073652	0.08738103287943734	237.0	0.0	0.005923561905956396	0.026183117721379285	0.0007151873917864609	0.08736626378073652	5.421010862427522e-20			0.0	1.0	1.0	1.0	0.8843283582089553	0.0	1.0	draw1747	True
-0.07867065432260376	-0.07867065432260376	0.001536211043563466	9.078524544060266e-05	0.03307439819669091	0.033113512805691296	226.0	0.0	0.00252182368709753	9.98818769307258e-07	0.001536211043563466	9.078524544060266e-05	5.551115123125783e-17			0.0	1.0	1.0	1.0	0.7985865724381626	0.0	1.0	draw1748	True
-0.12413353922558616	-0.12552913781259745	0.003231478302588413	0.00033915823865751654	0.015318508631993345	0.015319419614237832	195.0	0.0	0.023334809129395846	0.00034100369848772126	0.0030704924866732453	0.002076455085397602	5.637851296924623e-18			0.0	1.0	1.0	1.0	0.8441558441558441	0.0	1.0	draw1752	True
-0.09517091696001301	-0.09924768116763458	0.0007210861193144322	0.00789835528536511	0.013016807261380341	0.013016810887867472	166.0	0.0	0.13874866576877054	0.000378090502528681	1.1873095103128885e-05	0.012487649169019406	4.336808689942018e-18			0.0	1.0	1.0	1.0	0.6125461254612546	0.0	1.0	draw1753	True
-0.3241486971626601	-1.5558457151783052	0.35126880345998623	0.009284259820952713	0.16774364207497766	0.16776136703700856	168.0	0.0	0.5193414344926089	0.025617868021136334	0.0021684990701796797	0.16774364207497766	8.673617379884035e-18			0.0	1.0	1.0	1.0	0.8615384615384616	0.0	1.0	draw1755	True
-0.4667808688127922	-1.466771985094769	0.3258792089785646	0.003913539982477443	0.10948824985363184	0.10949609283697578	207.0	0.0	0.0800670248117	0.006978126689196952	0.05341920313436699	0.030078083386554735	4.163336342344337e-17			0.0	1.0	1.0	1.0	0.7366548042704626	0.0	1.0	draw1756	True
-1.0127133693137582	-3.4672340744244132	0.34246025369740385	0.0036386248987406865	0.09697343050940925	0.09698442005123502	179.0	0.0	2.135153187531917	0.04452190327798847	0.00038161214086164714	0.09697343050940925	9.974659986866641e-18			0.0	1.0	1.0	1.0	0.8564593301435407	0.0	1.0	draw1757	True
-7.734763805598255	-15.834276908938289	26.89978681103232	0.0831262926070523	0.5183477945256109	0.5183482424152102	166.0	0.0	0.8034942342904363	0.0023500935840407304	0.005296971826523188	0.5183477945256109	3.643088706140746e-18			0.0	1.0	1.0	1.0	0.83	0.0	1.0	draw1758	True
-3.124711535463108	-11.285650211725727	0.1326499841746554	0.0035974591429655074	0.20568321298126266	0.20574564102842355	226.0	0.0	0.03420935666406283	0.09176217331039246	0.0006340986931815274	0.20568321298126266	1.6263032587282567e-19			0.0	1.0	1.0	1.0	0.8793774319066148	0.0	1.0	draw1760	True
0.03581809203601714	-0.4443492163399991	0.015292846270788092	0.009162745826028829	0.03245547460276599	0.03245740971439752	165.0	28.0	0.5776689343306132	0.031300796451420095	0.0026757007228474963	0.023010773475364184	6.591949208711867e-17	0.0225413452413393	0.0004922240594993649	0.0	1.0	1.0	1.0	0.6653225806451613	0.0	1.0	draw1762	True
-1.3585299381962177	-15.700127123062634	4.435427111557276	0.005942782206860261	0.4668581784623467	0.4670377838070431	186.0	0.0	1.0379573150374883	0.3703378791551181	0.01889115911616873	0.4668581784623467	4.440892098500626e-16			0.0	1.0	1.0	1.0	0.8942307692307693	0.0	1.0	draw1764	True
-0.0771043066116255	-0.0788880480240277	0.00011355696296076768	0.002428407846608335	0.003042001652159864	0.003042138557306208	140.0	0.0	0.03676552433449792	0.00011903359137533784	1.8684043621787791e-06	0.0028766594178682705	9.75781955236954e-19			0.0	1.0	1.0	1.0	0.7070707070707071	0.0	1.0	draw1768	True
-0.2044169823688022	-0.5187744915487094	0.03983625030604683	0.0034402448236484275	0.17910586241096133	0.17917929763708584	194.0	0.0	0.6478088249470966	0.16278396881249496	0.000559724323309823	0.17910586241096133	4.7704895589362195e-18			0.0	1.0	1.0	1.0	0.8778280542986425	0.0	1.0	draw1769	True
-0.17777484178365513	-0.5723738229600095	0.0025849906503432832	0.011475218534195327	0.026398991085521045	0.026399157502891575	149.0	0.0	0.06276011772904667	0.0026813771466957983	9.408142372372523e-07	0.026398991085521045	5.082197683525802e-21			0.0	1.0	1.0	1.0	0.8418079096045198	0.0	1.0	draw1771	True
-0.39472539488659886	-5.498491638490209	2.1281823494287875	0.0416235742238327	0.3269168112799051	0.3269451814167358	191.0	0.0	0.3331154082393027	0.2728847598439822	0.0024194035929293598	0.3269168112799051	2.7755575615628914e-17			0.0	1.0	1.0	1.0	0.7958333333333333	0.0	1.0	draw1772	True
-0.19490697996063194	-0.22590411013855244	0.010081611856437729	0.0017274397816662342	0.053396011576208074	0.05342282109578795	186.0	0.0	0.33739089762740354	0.055620780613957775	0.004577215155755794	0.04794356016848408	2.9815559743351372e-18			0.0	1.0	1.0	1.0	0.8732394366197183	0.0	1.0	draw1776	True
-0.2471786951580923	-3.510228389482652	1.2448574588359937	0.1484939252296637	0.8833615932254234	0.8834328200960251	151.0	0.0	0.5237329996923601	0.00030997820060851453	0.005714193171588664	0.8833615932254234	2.710505431213761e-20			0.0	1.0	1.0	1.0	0.7783505154639175	0.0	1.0	draw1777	True
-0.2621881081180413	-0.8817271745936031	0.13914402148144392	0.04012704886676239	0.07032715309714287	0.07033075060715564	113.0	0.0	0.4529892398225121	8.938537715326418e-05	0.0005125662904426128	0.07032715309714287	1.3552527156068805e-20			0.0	1.0	1.0	1.0	0.6608187134502924	0.0	1.0	draw1779	True
-0.3737675067365205	-3.257394408927353	0.9919906709451279	0.005993095133981191	0.4678669281543961	0.46786713868496327	199.0	0.0	1.07861786972299	0.7340778926562712	0.061447256726611235	0.4590910271895704	3.885780586188048e-16			0.0	1.0	1.0	1.0	0.7834645669291339	0.0	1.0	draw1781	True
-0.18688480940024574	-0.6112864997790507	0.05388810794195138	0.0552532828170928	0.0733181343328033	0.07331826229553202	77.0	0.0	0.6975845424521233	2.3032191118725337e-05	6.166039336674719e-05	0.0733181343328033	3.3881317890172014e-21			0.0	1.0	1.0	1.0	0.48125	0.0	1.0	draw1789	True
0.001111400848268937	0.0003531112088917815	1.491992710857288e-06	0.027507838294195504	0.03396765879070028	0.03399419612477345	50.0	11.0	1.0585594631772486	0.09460871274442965	8.765943169969913e-06	0.027571157260018617	1.9081958235744878e-17	0.027507838294195504	1.491992710857288e-06	0.0	0.0	1.0	0.0	0.2304147465437788	0.0	1.0	draw1790	True
-0.48097001118721505	-0.48097001118721505	0.0577890469528363	2.3254668843617828e-05	0.06724009675706706	0.06727923351213318	254.0	0.0	0.00010000000000010574	1.3880400654596251e-06	0.0577890469528363	2.3254668843617828e-05	1.3877787807814457e-17			1.0	0.0	1.0	1.0	0.8466666666666667	0.0	1.0	draw1793	True
-0.15096055316709608	-0.24011710378137832	0.0024263336677296213	0.013513760860007011	0.057137334660529664	0.057137547920521406	151.0	0.0	0.28419209983266364	0.012136533281821137	2.394116350965711e-06	0.057137334660529664	7.453889935837843e-20			0.0	1.0	1.0	1.0	0.8579545454545454	0.0	1.0	draw1796	True
-0.5309534425652616	-3.1987395199093016	1.192493110648317	0.05517589297927622	0.48469571139675394	0.484702946419729	187.0	0.0	0.9740693030395985	0.11106237841005376	0.0009658418788317868	0.48469571139675394	1.1275702593849246e-17			0.0	1.0	1.0	1.0	0.8904761904761904	0.0	1.0	draw1797	True
-2.119194201719318	-2.1568174085123855	0.001426178256268159	0.016025713931301123	0.022894068141124442	0.022894115104618	126.0	0.0	0.010504645574234021	0.0006316297564084776	4.540130860933104e-07	0.022894068141124442	1.5881867761018131e-22			0.0	1.0	1.0	1.0	0.7924528301886793	0.0	1.0	draw1798	True
-0.28293534963083866	-1.6840000892969358	0.07963505184472452	0.022564461561359727	0.2228868758791772	0.22290222380053673	178.0	0.0	0.19997027231257478	0.08785266879970972	0.008398466638576541	0.21589264197731417	1.3877787807814457e-17			0.0	1.0	1.0	1.0	0.8090909090909091	0.0	1.0	draw1799	True
-2.6024751743526298	-2.880624067424563	1.0438825662959703	0.0002452196816925465	0.21007622109094992	0.21032010859469696	249.0	0.0	0.08138208213222295	0.16159204577227276	0.07419105396560967	0.20919960814781202	6.938893903907228e-18			1.0	0.0	1.0	1.0	0.7591463414634146	0.0	1.0	draw1801	True
-0.40060361450556126	-0.40060361450556126	0.0015499943663136297	0.009162986818534925	0.009450626472355271	0.009450630134290202	40.0	0.0	0.026666997747157858	0.925648178677955	0.0015499943663136297	0.009162986818534925	2.7755575615628914e-17			0.0	0.0	1.0	1.0	0.24096385542168675	0.0	1.0	draw1802	True
-0.5051229538147319	-19.895567415052213	98.8978144087824	0.02951317712229756	0.8796567202644656	0.8802636878637146	217.0	0.0	1.9063390890146872	0.38121588829640507	0.026065561584659284	0.8796567202644656	3.3306690738754696e-16			0.0	1.0	1.0	1.0	0.9004149377593361	0.0	1.0	draw1803	True
-4.869801969288677	-86.12480509400697	6.980752990917143	0.013150840739570372	0.10489297381617003	0.10489786579988426	153.0	0.0	1.7893870149271665	0.06296487991419628	0.010238655594199498	0.10489297381617003	1.218453506493522e-15			0.0	1.0	1.0	1.0	0.8693181818181818	0.0	1.0	draw1804	True
-0.12831640832994912	-0.4248233519479153	0.045045903516561556	0.0004897027131165632	0.06508031694875958	0.06508525046384728	208.0	0.0	0.339161652805876	0.13199859647394516	3.848459116539302e-05	0.06508031694875958	5.149960319306146e-19			0.0	1.0	1.0	1.0	0.8927038626609443	0.0	1.0	draw1809	True
-0.039066964266046375	-0.6712955858429313	0.01999372363765337	0.042813571998427474	0.14362420338879567	0.14363468000350524	142.0	0.0	0.33347406959669407	0.0004798155962057242	0.0002473276890586481	0.14362420338879567	2.3690452743518713e-21			0.0	1.0	1.0	1.0	0.7888888888888889	0.0	1.0	draw1811	True
1.12922588547832	-33.745774179789315	273.9577546627433	0.0907669398370019	1.7573216430858103	1.7576100873284286	223.0	23.0	0.8672469018106401	0.2351957808937098	3.222545547255187	1.5794075429776906	6.661338147750939e-16	1.358511976289591	5.732147177227792	0.0	1.0	1.0	1.0	0.7879858657243817	0.0	1.0	draw1812	True
-0.15633700233746725	-0.6389648189432109	0.048485956314261565	0.007056684481712128	0.1394782812627038	0.13949239784808987	178.0	0.0	0.5254969919468275	0.002691229481178015	0.0006864109220609429	0.1394782812627038	1.6263032587282567e-19			0.0	1.0	1.0	1.0	0.839622641509434	0.0	1.0	draw1813	True
-0.3299422514118809	-0.5556591692672919	0.07717131800083132	0.011814661142193346	0.14468861626590726	0.14470980224460692	177.0	0.0	1.0223666147413457	0.5467201749478192	0.0010383108877865194	0.14468861626590726	2.7755575615628914e-17			0.0	1.0	1.0	1.0	0.8509615384615384	0.0	1.0	draw1814	True
-0.1173947186954812	-1.0498174659248631	0.18896136472632172	0.019091628433370044	0.07960488935428213	0.07960488989599383	175.0	0.0	0.49302036782059927	0.011229031081931953	1.1450819274413127e-06	0.07960488935428213	6.505213034913027e-19			0.0	1.0	1.0	1.0	0.8620689655172413	0.0	1.0	draw1816	True
-0.5754858022249976	-4.589104012046155	4.139130252364483	0.07239646629638605	0.16913653196268336	0.1691394441668922	154.0	0.0	0.09032075844770053	0.001507211267217669	0.001787555565846085	0.16913653196268336	7.589415207398531e-19			0.0	1.0	1.0	1.0	0.8279569892473119	0.0	1.0	draw1820	True
-0.3454279321934435	-0.3454279321934435	0.010959389282977875	0.0013792479832060982	0.028547268436098942	0.028547552523528662	175.0	0.0	0.004571362330118727	9.99732126192877e-07	0.010959389282977875	0.0013792479832060982	1.4907779871675686e-19			0.0	1.0	1.0	1.0	0.8620689655172413	0.0	1.0	draw1821	True
0.01770039815365064	-0.667744507944358	0.0052058650244002	0.0006659699021253327	0.01728371965143393	0.017286330750665414	159.0	13.0	0.45176148524035936	0.0995688970692346	0.0009606675367468337	0.017079616467331932	1.3877787807814457e-17	0.01599844706781014	0.0031887041081634366	0.0	1.0	1.0	1.0	0.803030303030303	0.0	1.0	draw1822	True
-0.015648227354565263	-0.0389469691669358	0.00033755049814246233	0.002383991320090101	0.005843382558560017	0.005843412475595536	134.0	0.0	0.43765536177030373	0.002494487914841928	2.2560145667528142e-07	0.005843382558560017	2.0328790734103208e-20			0.0	1.0	1.0	1.0	0.8271604938271605	0.0	1.0	draw1824	True
-0.0796740978854639	-0.43747050437555696	0.017037202063352307	0.005836572055787946	0.1330526792944287	0.13309081675160445	184.0	0.0	0.7536605150342328	0.02645191421121085	0.00014633668937846905	0.1330526792944287	3.2526065174565133e-19			0.0	1.0	1.0	1.0	0.8679245283018868	0.0	1.0	draw1826	True
-0.5917226787603915	-1.3482943530777736	0.3096403300855578	0.00017324134791064808	0.0610067211130882	0.06105723731493601	226.0	0.0	0.21063633443884505	0.08773817413788178	0.005302300694225864	0.0610067211130882	1.5612511283791264e-17			0.0	1.0	1.0	1.0	0.8659003831417624	0.0	1.0	draw1829	True
-0.6450962904769114	-1.6892351391306997	0.6772467138953244	0.015922028689224335	0.18218717111319574	0.1822004578997996	167.0	0.0	0.41086684370207016	0.00046666981036469414	0.0037448642827503605	0.18218717111319574	8.131516293641283e-20			0.0	1.0	1.0	1.0	0.7952380952380952	0.0	1.0	draw1831	True
-0.5473258785806616	-2.7653262895841353	0.04753245219012263	0.011230870093713163	0.16349890530176975	0.16351080265802617	189.0	0.0	0.13602008600639745	0.03775293208297798	0.00018403971936548273	0.16349890530176975	4.0996394647108136e-19			0.0	1.0	1.0	1.0	0.875	0.0	1.0	draw1832	True
-0.22146909817997346	-0.22146909817997346	0.011539758483622728	0.004878124220606659	0.028557537013193666	0.028559777687003584	135.0	0.0	0.056391910957153624	9.991883285886736e-07	0.011539758483622728	0.004878124220606659	4.235164736271502e-21			0.0	1.0	1.0	1.0	0.7068062827225131	0.0	1.0	draw1834	True
-0.36950102400642715	-1.4996636433770816	0.02252677456384042	0.01422838441134998	0.1208412846090079	0.12084381003976478	176.0	0.0	0.1524849176845407	0.03488769620398381	3.7878757449319675e-05	0.1208412846090079	8.131516293641283e-20			0.0	1.0	1.0	1.0	0.8756218905472637	0.0	1.0	draw1835	True
-3.046053051785518	-4.316950119337319	0.543812793807375	0.0030482223940379123	0.06446531595264658	0.06446599485240459	181.0	0.0	1.3761987783253027	0.009097341535834857	0.00045345721376299693	0.06446531595264658	1.0720048980450425e-17			0.0	1.0	1.0	1.0	0.8537735849056604	0.0	1.0	draw1836	True
-0.028857248863372698	-0.04300220692384968	0.00018699127235990152	0.0005038828223904515	0.010479341854834784	0.01048123271507329	180.0	0.0	0.31818116221307186	0.07310491500891281	2.609617387355869e-06	0.010479341854834784	2.846030702774449e-19			0.0	1.0	1.0	1.0	0.8530805687203792	0.0	1.0	draw1837	True
-0.09231488310436987	-0.9286724909724493	0.024874142710195994	0.01102195529749964	0.22598794670508435	0.22599211689348545	188.0	0.0	0.6968973771202992	0.06876571774227938	1.1821184850343685e-05	0.22598794670508435	2.981555974335137e-19			0.0	1.0	1.0	1.0	0.8952380952380953	0.0	1.0	draw1840	True
-0.8401182941888028	-1.692552803926686	0.005656487815748364	0.029124851466342312	0.2024294907473051	0.2024322379484444	166.0	0.0	0.16414649172944173	0.02024055428951824	8.691621634670035e-06	0.2024294907473051	3.049318610115481e-20			0.0	1.0	1.0	1.0	0.8691099476439791	0.0	1.0	draw1846	True
-4.071054110952498	-8.497023716732208	0.47001636275706193	0.11382140432215469	0.8365530459573843	0.8366035949934527	168.0	0.0	0.14324679148827713	0.0158613996260614	0.0008372821912062397	0.8365530459573843	2.981555974335137e-19			0.0	1.0	1.0	1.0	0.865979381443299	0.0	1.0	draw1849	True
-7.085759644758834	-51.53091687962064	313.7632100716261	0.05300581636890555	4.037778891257315	4.0378866039377606	194.0	0.0	0.592332884957463	0.06244753972532859	0.5683179540781607	4.037778891257315	4.440892098500626e-16			0.0	1.0	1.0	1.0	0.9023255813953488	0.0	1.0	draw1850	True
-0.001694782702183282	-0.011609511916995045	1.6614985815185303e-05	0.0007439931709816304	0.0012913038101694508	0.0012921214475723716	143.0	0.0	0.5544764518966696	0.0013107815470531665	3.614569931869262e-07	0.0009335437398635258	6.396792817664476e-18			0.0	1.0	1.0	1.0	0.7258883248730964	0.0	1.0	draw1852	True
-0.1280435578673623	-0.46902704761619174	0.05404422206481058	0.0034011848197887766	0.08352132036221292	0.08354524977603246	184.0	0.0	0.7204724311382126	0.1799985798340454	0.00021029858118049442	0.08352132036221292	1.1275702593849246e-17			0.0	1.0	1.0	1.0	0.8932038834951457	0.0	1.0	draw1853	True
-3.566630434054736	-3.566630434054736	1.8440516846353883	0.0022982509203857467	0.5609166365992583	0.5616012581451841	202.0	0.0	0.0036668031868691436	9.98153214403433e-07	1.8440516846353883	0.0022982509203857467	2.7755575615628914e-16			0.0	1.0	1.0	1.0	0.8669527896995708	0.0	1.0	draw1855	True
-0.04447971855079606	-0.04447971855079606	0.0004825288379205826	6.566015974781825e-06	0.014174245171855938	0.01417776815731375	258.0	0.0	0.0003475446069536014	9.999889208989156e-07	0.0004825288379205826	6.566015974781825e-06	2.949029909160572e-17			0.0	1.0	1.0	1.0	0.7478260869565218	0.0	1.0	draw1858	True
-2.61963908191695	-124.00841999971966	18.20590616254468	0.01781831869982335	2.241231168884826	2.2414976938589772	247.0	0.0	0.12178005972400235	0.07239361137482765	0.02130831185480247	2.241231168884826	1.734723475976807e-18			0.0	1.0	1.0	1.0	0.8790035587188612	0.0	1.0	draw1860	True
-0.3138448710097327	-0.3172663307266564	0.000504915143447429	0.0002925644666287785	0.0024010124072914533	0.002401199084246687	240.0	0.0	0.0030575554148778833	0.00022085281577499628	2.382795478538075e-05	0.0009636653942255627	8.673617379884035e-19			0.0	1.0	1.0	1.0	0.821917808219178	0.0	1.0	draw1861	True
-0.03146491172465353	-0.06711287664321838	0.001125986421683025	0.00858844334322967	0.020496332359933124	0.020496414249943348	143.0	0.0	0.967880141593113	0.0031243703517744048	2.07357864367044e-06	0.020496332359933124	2.3928680759933985e-19			0.0	1.0	1.0	1.0	0.8362573099415205	0.0	1.0	draw1862	True
-0.20849599479488404	-0.3652136683261845	0.02328357411839113	0.004024186091492535	0.0395321165149338	0.039533138019113026	179.0	0.0	0.21837633824881877	0.0188794289293417	0.0066407499872914045	0.036265745814403706	3.521962994683381e-18			0.0	1.0	1.0	1.0	0.8689320388349514	0.0	1.0	draw1863	True
-4.162756999611615	-7.431951272111038	1.7125148485386743	0.12111859212792576	1.073716018194509	1.0737581845871538	161.0	0.0	0.18769427596854169	0.0019399063633919373	0.0031961617625037636	1.073716018194509	1.2197274440461925e-19			0.0	1.0	1.0	1.0	0.8385416666666666	0.0	1.0	draw1864	True
-0.2664057173685208	-0.5504097037015266	0.011299967379028792	0.0005483497260040142	0.011270441645185194	0.011271039451215084	175.0	0.0	0.5264812170902151	0.12347774964242338	7.918507530133291e-05	0.011270441645185194	2.1629833341085813e-17			0.0	1.0	1.0	1.0	0.8793969849246231	0.0	1.0	draw1865	True
-5.068492275788295	-5.068492275788295	3.9501901396310055	0.0014727450839288868	1.2967403705599119	1.298378072391012	236.0	0.0	0.00035883021136268704	9.996390181290114e-07	3.9501901396310055	0.0014727450839288868	1.1102230246251565e-16			0.0	1.0	1.0	1.0	0.9076923076923077	0.0	1.0	draw1866	True
-0.040126597931583484	-0.732078299624092	0.02779111518152325	0.043812551596438584	0.07675886796967274	0.07676079719798809	132.0	0.0	0.21074174526321277	0.00011994388108959812	6.549695599837923e-05	0.07675886796967274	6.352747104407253e-22			0.0	1.0	1.0	1.0	0.7021276595744681	0.0	1.0	draw1868	True
-0.2371719671953373	-2.4713290628112006	0.1912036622019477	0.0031963039015280676	0.06078986117250803	0.06079261672790227	166.0	0.0	0.6282481398874468	0.013334176793371995	0.0014368708007363837	0.06078986117250803	1.784359606685909e-17			0.0	1.0	1.0	1.0	0.8645833333333334	0.0	1.0	draw1871	True
-0.03613309209254811	-0.03613309209254811	9.728759365932028e-05	0.0002943948790007949	0.008216496045721616	0.008216821118923176	182.0	0.0	0.008875066310458854	9.999508372935992e-07	9.728759365932028e-05	0.0002943948790007949	1.0164395367051604e-19			0.0	1.0	1.0	1.0	0.875	0.0	1.0	draw1872	True
-0.014576087164929336	-0.9340985074262428	0.1680297250444411	0.009509506863543373	0.18472937170540477	0.18474750829880138	189.0	0.0	1.1708468861694026	0.23471579018867106	0.008145442507367134	0.17531937809230447	6.245004513516506e-17			0.0	1.0	1.0	1.0	0.7842323651452282	0.0	1.0	draw1873	True
0.21713013858579933	-2.688648832539093	0.35698628904505914	0.02849734137682171	0.170789105310723	0.17095922571424654	172.0	19.0	2.6298303088242245	0.35043679992927795	0.0020099835811774316	0.17027879023442866	5.551115123125783e-17	0.1484107476201948	0.011232377323558302	0.0	1.0	1.0	1.0	0.7577092511013216	0.0	1.0	draw1874	True
-0.7174815783871742	-0.8157487496649827	0.012883814955250912	0.00013044388696528518	0.06461645423391833	0.06464074111879738	245.0	0.0	0.08859216559207972	0.1398935182362962	0.00022536036413839497	0.06461645423391833	6.505213034913027e-19			0.0	1.0	1.0	1.0	0.8812949640287769	0.0	1.0	draw1875	True
-0.010600107742761888	-0.29924001091581703	0.0035334605166249273	0.004982344670393881	0.03302069949443575	0.033020743116204246	170.0	0.0	0.30199824588532886	0.0042102084366778805	1.6298751487772621e-06	0.03302069949443575	1.0164395367051604e-20			0.0	1.0	1.0	1.0	0.8415841584158416	0.0	1.0	draw1877	True
-0.043509633001899965	-0.2512893246620779	0.014061556657704508	0.011681958952621072	0.03177658774673137	0.031776590034437745	151.0	0.0	0.633921267241269	0.01544541583669855	7.151186662797028e-07	0.03177658774673137	1.951563910473908e-18			0.0	1.0	1.0	1.0	0.8579545454545454	0.0	1.0	draw1878	True
-0.38829825117625977	-1.2133838709811307	0.0057836254044959755	0.004103508002253342	0.0657508766903727	0.06575462718461456	192.0	0.0	0.10490055669595919	0.12106042450463397	5.647231999458107e-05	0.0657508766903727	4.87890977618477e-19			0.0	1.0	1.0	1.0	0.8648648648648649	0.0	1.0	draw1880	True
-3.140452646408919	-5.751950814998448	0.8904638900047714	0.008856952628472026	0.2848410141017117	0.285288019420618	169.0	0.0	0.7711675851658748	0.18444029238767304	0.1652747699239749	0.2848410141017117	3.885780586188048e-16			0.0	1.0	1.0	1.0	0.8666666666666667	0.0	1.0	draw1882	True
-0.133236514297362	-0.133236514297362	0.0014765527457486689	0.0011984757563757496	0.0370987228205407	0.037100141003998006	185.0	0.0	0.009924141667512305	9.973202440059848e-07	0.0014765527457486689	0.0011984757563757496	8.944667923005412e-19			0.0	1.0	1.0	1.0	0.8644859813084113	0.0	1.0	draw1887	True
-4.751561520644403	-16.38333516852743	52.593892187529455	0.003505161003199294	0.5212189679875808	0.521313935645616	228.0	0.0	0.5899905102381082	0.1775222879556707	0.039553670421709076	0.5212189679875808	4.3021142204224816e-16			0.0	1.0	1.0	1.0	0.9083665338645418	0.0	1.0	draw1888	True
-0.2846609317278298	-0.6008942459855731	0.08597816596899084	0.00028627317837859545	0.04560620840407048	0.045612167718672395	223.0	0.0	0.32717600010625003	0.042997758735227695	0.0004853314377769542	0.04560620840407048	3.604972223514302e-18			0.0	1.0	1.0	1.0	0.8849206349206349	0.0	1.0	draw1889	True
-4.740944479934644	-5.83746748056656	0.024817104132395903	0.02606395555867822	0.08178792470362771	0.08178893050145535	151.0	0.0	0.014914735332837778	0.002734667962479423	2.1066222099126977e-05	0.08178792470362771	3.8116482626443515e-21			0.0	1.0	1.0	1.0	0.8435754189944135	0.0	1.0	draw1890	True
-0.39202241487381884	-7.010713123606218	0.00908321333598164	0.01048669452472749	0.4937084795485843	0.4938299981204236	211.0	0.0	0.23338938571690238	0.0471331341035725	3.4726183373017785e-05	0.4937084795485843	2.0328790734103208e-20			0.0	1.0	1.0	1.0	0.890295358649789	0.0	1.0	draw1891	True
-2.6917369263242317	-35.420233881266164	29.89863889973551	0.003174907463379799	0.851055702044116	0.851057158794799	208.0	0.0	0.6678899847813557	0.4752504821681044	0.006269671004318191	0.851055702044116	1.2212453270876722e-15			0.0	1.0	1.0	1.0	0.8888888888888888	0.0	1.0	draw1895	True
-0.2332611866266246	-0.8431053343364928	0.04576562036982971	0.0004555920203866482	0.08428931769440187	0.08429787212639457	230.0	0.0	0.2258555360106558	0.4501327857439844	0.0010557612100952146	0.08367128731236603	5.204170427930421e-18			0.0	1.0	1.0	1.0	0.8812260536398467	0.0	1.0	draw1899	True
-0.4323553820144114	-1.7849618133974483	0.6116410399095923	0.021928706726732708	0.06408407201196292	0.06408749721844556	158.0	0.0	0.06592116077807979	0.0044895758857607425	0.00808075631475475	0.06363455493564557	8.673617379884035e-19			0.0	1.0	1.0	1.0	0.8144329896907216	0.0	1.0	draw1900	True
-5.81178593535549	-5.838340293710427	0.21767159170982955	0.0005786274228220456	0.02815001576337118	0.028172190291029853	198.0	0.0	0.0026616521889262527	0.009598766414704479	0.13752748512262636	0.015244943923756393	5.963111948670274e-19			1.0	0.0	1.0	1.0	0.8114754098360656	0.0	1.0	draw1902	True
-0.06840935788758068	-0.2089109187648937	0.0001102386420608243	0.0018330073864215749	0.014086610367734453	0.014088328275244043	174.0	0.0	0.10844617776466269	0.044325048115791674	3.5099964334997144e-07	0.014086610367734453	1.1011428314305904e-20			0.0	1.0	1.0	1.0	0.8787878787878788	0.0	1.0	draw1903	True
-0.008067014526405458	-1.9983946342783776	0.8751486519838826	0.020440367897851714	0.2831485114179878	0.2831549584111323	194.0	0.0	1.4620597155032693	0.12022787125094403	0.0001987374611183422	0.2831485114179878	6.938893903907228e-18			0.0	1.0	1.0	1.0	0.8471615720524017	0.0	1.0	draw1904	True
-0.08554053184752843	-1.7288017943458176	0.005433653101368153	0.004276095243688902	0.06390565323347014	0.063928897717355	201.0	0.0	0.15819339576793123	0.0939247945306396	2.4188286182774435e-05	0.06390565323347014	1.1604351377383915e-19			0.0	1.0	1.0	1.0	0.8777292576419214	0.0	1.0	draw1905	True
-0.6271199919382511	-1.9420970496181897	0.13501319616661836	0.009163013999110242	0.15448930416423245	0.15452002278147675	158.0	0.0	0.9152427289915043	0.12590014981847172	0.019072108424303034	0.15448930416423245	1.249000902703301e-16			0.0	1.0	1.0	1.0	0.8494623655913979	0.0	1.0	draw1907	True
-15.702228077908405	-44.45548969895554	493.67992742472757	0.3536658560339856	3.9268084017517744	3.9268093925849947	177.0	0.0	0.5891676957887096	0.002305206522162252	0.05693004509768348	3.9268084017517744	6.938893903907228e-18			0.0	1.0	1.0	1.0	0.8309859154929577	0.0	1.0	draw1908	True
-2.9631058229767366	-4.299144665641121	3.1969052367870567	0.05237190700704786	0.2142107041957449	0.21421081163772765	180.0	0.0	3.985335398883895	0.0033071475294131243	0.00011364605111880186	0.2142107041957449	2.056562908708939e-18			0.0	1.0	1.0	1.0	0.8294930875576036	0.0	1.0	draw1910	True
-0.05990468181761136	-0.07466726792877429	0.001142248681822329	0.000643017579772248	0.01537095775757411	0.015373465117775098	177.0	0.0	0.27670061959679376	0.025692229534595223	1.0481510992587216e-05	0.01537095775757411	1.8973538018496328e-19			0.0	1.0	1.0	1.0	0.8719211822660099	0.0	1.0	draw1911	True
-0.019878952340821418	-0.48816928436651336	0.006374562791511979	0.07158643061633226	0.20276112983231817	0.20276598922199798	145.0	0.0	0.6225273909444783	0.0032255600515093347	2.3722816601262637e-05	0.20276112983231817	3.3457801416544863e-20			0.0	1.0	1.0	1.0	0.838150289017341	0.0	1.0	draw1914	True
-2.745615919388263	-3.0695747797555395	0.01328878424972379	0.0054031156652292155	0.033389344701390586	0.033390596275112705	170.0	0.0	0.011434982818381368	0.006317568074386592	1.9660379860307863e-05	0.033389344701390586	6.776263578034403e-21			0.0	1.0	1.0	1.0	0.8629441624365483	0.0	1.0	draw1915	True
-0.31394313020312875	-0.42984597623227294	0.006034820103900582	0.0005068913457955037	0.010042235078153373	0.010042521330109445	172.0	0.0	0.1602506033466975	0.003483070146987497	0.006366532527892566	0.0028942580745537697	4.2500725161431774e-17			0.0	1.0	1.0	1.0	0.8	0.0	1.0	draw1919	True
-0.16043870216322348	-0.17326656205822855	0.007149522232936869	0.0002672749065893623	0.10820235242592931	0.1082273649631648	229.0	0.0	0.1371224739038135	0.00740918066845121	0.006360040871159649	0.009729862060556746	8.326672684688674e-17			0.0	1.0	1.0	1.0	0.7684563758389261	0.0	1.0	draw1920	True
-1.167928466039719	-4.6124953233251125	1.190722085837407	0.0011148498601760857	0.2525239647949477	0.2525240783192625	244.0	0.0	0.11686244491335288	0.14652307625593625	0.1654872582671521	0.19487870951421987	6.938893903907228e-17			0.0	1.0	1.0	1.0	0.7973856209150327	0.0	1.0	draw1923	True
-0.35020257154585016	-0.35020257154585016	0.025274193168510355	0.05769250953634547	0.06819733142910919	0.06819766963021316	41.0	0.0	0.140453234339337	0.3342986047859272	0.025274193168510355	0.05769250953634547	4.85722573273506e-17			0.0	0.0	1.0	1.0	0.20398009950248755	0.0	1.0	draw1924	True
-0.07985053832238381	-0.07985053832238381	0.00226890187294132	0.3206329476054826	0.46027835391446026	0.46049324635744115	31.0	0.0	1.0016908814682188	0.19995157360545548	0.00226890187294132	0.3206329476054826	4.996003610813204e-16			0.0	0.0	1.0	0.0	0.1497584541062802	0.0	1.0	draw1925	True
-0.4705456453242479	-1.903112118987662	0.1653403832002387	0.005170893220500735	0.05078146598251565	0.05078191185103452	168.0	0.0	1.0943803738986075	0.018211298641126774	0.0002135904664431195	0.05078146598251565	9.703609443745265e-18			0.0	1.0	1.0	1.0	0.8704663212435233	0.0	1.0	draw1926	True
-1.3721844596138628	-1.4911890174456388	0.021259418342413662	0.011600420753372776	0.06592515111011356	0.06592755395576438	160.0	0.0	0.04604971580229543	0.009159658463563546	4.392005995575296e-05	0.06592515111011356	3.8195891965248606e-20			0.0	1.0	1.0	1.0	0.8602150537634409	0.0	1.0	draw1927	True
1.5848903935727099	-6.819250824047068	0.0535025553129313	0.22017567169471017	0.44465366706208	0.44466491786128803	47.0	18.0	1.2133720250166922	0.18964731673521967	0.2332422979698665	0.44127319058722475	3.3306690738754696e-16	0.3510806135543776	1.3067557691373053	0.0	0.0	1.0	0.0	0.2052401746724891	0.0	1.0	draw1929	True
-0.7937152429459328	-1.144059780287968	0.021626039757404673	0.008854706642439158	0.06646588317915174	0.06646607382943027	167.0	0.0	0.06812259366297922	0.00977812995323232	0.00013209139721562373	0.06642098752933895	7.792703114739563e-20			0.0	1.0	1.0	1.0	0.8697916666666666	0.0	1.0	draw1932	True
-0.2515709349936187	-0.5548982025636097	0.07640327324027006	0.020435718457985037	0.07926881331102238	0.079272895779276	126.0	0.0	0.5543543998375255	8.146853101126751e-05	0.00046676173533135884	0.07926881331102238	1.0164395367051604e-20			0.0	1.0	1.0	1.0	0.6737967914438503	0.0	1.0	draw1933	True
-0.98793852055702	-7.252359924650706	0.027283477943111305	0.03368235986349382	0.43140205298997436	0.4315180863831859	186.0	0.0	0.12788164688199166	0.047231765700310416	0.00022733094769305154	0.43140205298997436	1.0842021724855044e-19			0.0	1.0	1.0	1.0	0.8815165876777251	0.0	1.0	draw1934	True
-0.4474760735586658	-1.3075349629909145	0.4170336129392992	0.03189131725678032	0.16298067906954777	0.16298372726914256	170.0	0.0	1.1445258965676222	0.021528998894876014	0.00026764000526643294	0.16298067906954777	4.824699667560495e-18			0.0	1.0	1.0	1.0	0.8673469387755102	0.0	1.0	draw1935	True
-0.06468980112661753	-0.11895141178342061	0.0011477327861157535	0.0032914278838077	0.06326847477298875	0.06326848082412624	177.0	0.0	0.7651418439633053	0.10646418957379421	6.400885564540685e-07	0.06326847477298875	6.979551485375435e-19			0.0	1.0	1.0	1.0	0.885	0.0	1.0	draw1936	True
-0.24281284315866047	-0.6481441247437846	0.0007381066235716281	0.00733187975581797	0.130216209701905	0.1302163461730238	183.0	0.0	0.2996319260236239	0.11166066189864747	7.935928065985835e-07	0.130216209701905	9.317362419797304e-20			0.0	1.0	1.0	1.0	0.8714285714285714	0.0	1.0	draw1938	True
-0.9651124008810985	-13.24497664512774	6.0200031211592835	0.02866140213828418	0.912995666421574	0.9134764107054367	198.0	0.0	0.9894447448295738	0.6931316057253157	0.23995545976851296	0.664333688346716	6.661338147750939e-16			0.0	1.0	1.0	1.0	0.7615384615384615	0.0	1.0	draw1940	True
-0.07177247952512575	-0.10721425337851018	0.002582740937678146	0.0012807210380403318	0.09651646042206113	0.09651646245415542	209.0	0.0	0.5591519977058194	0.13117560102579326	0.0017938663615274372	0.035459509935533984	4.163336342344337e-17			0.0	1.0	1.0	1.0	0.7655677655677655	0.0	1.0	draw1941	True
-1.1818517768631518	-1.4324270393315892	0.0017338272375122758	0.010353107577802017	0.24989183998551967	0.24990016112975735	186.0	0.0	0.2022274051632901	0.1242215728044642	2.0397482504625194e-05	0.24989183998551967	1.6263032587282567e-19			0.0	1.0	1.0	1.0	0.8815165876777251	0.0	1.0	draw1945	True
-0.0759294118584801	-0.07637271693881606	6.340204950526373e-05	0.0025295670154518945	0.00740221035813528	0.007406028603522282	40.0	0.0	0.2725705111910941	0.9424022039959528	0.0001697814748646606	0.002632714862607536	1.214306433183765e-17			0.0	0.0	1.0	0.0	0.11049723756906077	0.0	1.0	draw1946	True
-2.392602611504924	-4.343254059070496	2.286165119968678	0.005412024752840468	0.3556296377307902	0.35573650506566834	195.0	0.0	0.7795163380155604	0.19194070347267272	0.038379324364492935	0.3556296377307902	2.5153490401663703e-16			0.0	1.0	1.0	1.0	0.851528384279476	0.0	1.0	draw1948	True
-1.0466628816048722	-1.6843365303785516	0.28297206943744513	0.002948210399877044	1.5046290362549555	1.5046650632899021	211.0	0.0	0.4635566579357556	0.08984875702360297	0.606686411135551	0.1597002029210201	1.1102230246251565e-15			0.0	1.0	1.0	1.0	0.7672727272727272	0.0	1.0	draw1949	True
-0.13879663984400165	-0.21781972442579026	0.0017643362817328112	0.00010343932940570766	0.06453967567906321	0.06455003993194948	234.0	0.0	0.39386839915165933	0.2584619258589636	2.4277801498323607e-05	0.06453967567906321	8.673617379884035e-19			0.0	1.0	1.0	1.0	0.8931297709923665	0.0	1.0	draw1951	True
-0.2528563242662508	-2.3617331084854505	0.02688293470542935	0.0015528422261271938	0.10428033033518326	0.10428058541537717	222.0	0.0	0.13811885467335022	0.08071898304480837	1.8980586462132862e-05	0.10428033033518326	3.2526065174565133e-19			0.0	1.0	1.0	1.0	0.8774703557312253	0.0	1.0	draw1953	True
-0.4271198354239659	-1.0071201939924346	0.23432878742739635	0.004620939871968089	0.08895008767588752	0.0889530585177915	199.0	0.0	0.30286720975889586	0.41237851935312253	0.009143505237222743	0.08820733042447912	3.8163916471489756e-17			0.0	1.0	1.0	1.0	0.7031802120141343	0.0	1.0	draw1955	True
-0.6098680355015106	-0.6098680355015106	0.06428835333710396	0.12835499974954603	0.4224764848270241	0.42276198824813926	48.0	0.0	0.5816385974409064	0.83649037551671	0.06428835333710396	0.12835499974954603	3.3306690738754696e-16			0.0	0.0	1.0	1.0	0.21052631578947367	0.0	1.0	draw1956	True
0.1223038065150785	-0.352840822352301	0.006887266787734913	0.00034711985667923786	0.1037655404258654	0.10377318369861628	197.0	5.0	1.2592108795314119	0.5221389168798224	0.0005199869822771719	0.1037655404258654	5.551115123125783e-17	0.10070263741833702	0.009882205465956369	0.0	1.0	1.0	1.0	0.6677966101694915	0.0	1.0	draw1959	True
-13.463539302664469	-34.64394657256856	292.09344266239464	0.2776917376943413	2.097890300919416	2.09790008108417	168.0	0.0	0.47900977471152273	0.0007508540962465042	0.1365430449597435	2.097890300919416	2.6020852139652106e-18			0.0	1.0	1.0	1.0	0.8038277511961722	0.0	1.0	draw1962	True
-0.1821516889351042	-0.1821516889351042	0.006215473344007279	0.0004433782136398087	0.053603888582732635	0.05361359445934579	195.0	0.0	0.00977303511873545	9.990076411981995e-07	0.006215473344007279	0.0004433782136398087	8.304988641238964e-17			0.0	1.0	1.0	1.0	0.8628318584070797	0.0	1.0	draw1963	True
-0.11348141709674385	-0.4567952657443146	0.04366048579911005	0.002498831178312357	0.021233048205475592	0.02123412597110639	188.0	0.0	0.10990201969996759	0.039141025382313156	0.004047085392375131	0.017180169256010375	3.469446951953614e-18			0.0	1.0	1.0	1.0	0.7833333333333333	0.0	1.0	draw1964	True
-0.1350055795225493	-0.21051453002037906	0.008986423603400021	0.0015651478473592169	0.03347101599985656	0.033481338030366764	179.0	0.0	0.23574371763220073	0.05002625515531494	9.136071053905859e-05	0.03347101599985656	1.3010426069826053e-18			0.0	1.0	1.0	1.0	0.8689320388349514	0.0	1.0	draw1965	True
-0.6081720274158335	-1.0106537115440577	0.24282980617231817	0.0003424477231402555	0.19996026621544033	0.19996714923403458	235.0	0.0	0.6076030060001595	0.49610427388245515	0.0011933372476326776	0.19996026621544033	8.326672684688674e-17			0.0	1.0	1.0	1.0	0.91796875	0.0	1.0	draw1966	True
-1.2975951582865282	-1.2975951582865282	0.03454565873265273	0.0029569994356178787	0.5177896369103181	0.5185575439365311	205.0	0.0	0.0023482729228569187	9.999688128462311e-07	0.03454565873265273	0.0029569994356178787	2.6020852139652106e-18			0.0	1.0	1.0	1.0	0.82	0.0	1.0	draw1967	True
-1.049956513182344	-2.164322782289309	0.001414479508898027	0.143042887259826	0.19404706342909617	0.1430214108630997	34.0	0.0	5.206029899125958	0.031669651327314884	0.06852951051836338	0.19404706342909617	5.551115123125783e-17			0.0	0.0	0.0	0.0	0.15315315315315314	0.0	1.0	draw1968	True
-0.018816860368846056	-0.31110772266179415	0.024139118397550823	0.00508955276389752	0.05337461556991548	0.05337524160170948	174.0	0.0	0.7721978454831367	0.026269022877591253	7.73231268895766e-06	0.05337461556991548	6.505213034913027e-19			0.0	1.0	1.0	1.0	0.8743718592964824	0.0	1.0	draw1970	True
-0.2041021976704841	-0.42975894488840927	0.04532293408631469	0.039247844151527524	0.07570534836041481	0.07570768277796398	118.0	0.0	0.5193138236195081	7.789602338708846e-05	0.0002162088346670172	0.07570534836041481	2.541098841762901e-21			0.0	1.0	1.0	1.0	0.6483516483516484	0.0	1.0	draw1974	True
-0.3888039126824178	-0.3888039126824178	0.007885506216691719	0.031247325569269076	0.06909508084806618	0.06909807998914104	41.0	0.0	0.1355131849784231	2.404653578575463	0.007885506216691719	0.031247325569269076	4.163336342344337e-17			0.0	0.0	1.0	1.0	0.19617224880382775	0.0	1.0	draw1975	True
-0.0034275445417876645	-0.057176257893379955	0.00023298299490388374	0.0008782260660412911	0.004397271517074824	0.004397456950138998	154.0	0.0	0.49062135544269775	0.0707137429693914	6.803342710637582e-05	0.004089081295890501	4.336808689942018e-18			0.0	1.0	1.0	1.0	0.6784140969162996	0.0	1.0	draw1977	True
-0.21209657917051883	-0.8211969721044964	0.00887829391872356	0.01576236158461807	0.22644189874274448	0.2264646131075576	176.0	0.0	0.4395650782123556	0.06851688918858777	0.0001292914618586457	0.22644189874274448	5.963111948670274e-19			0.0	1.0	1.0	1.0	0.8756218905472637	0.0	1.0	draw1978	True
-0.15585212309051355	-0.49170933702613645	0.02462939379639709	0.00014330754174563345	0.07255012742938384	0.07258076487571179	239.0	0.0	0.3300859740766763	0.1639081937938733	0.0002645634813350248	0.07255012742938384	2.6020852139652106e-18			0.0	1.0	1.0	1.0	0.9122137404580153	0.0	1.0	draw1979	True
-0.4771468350992827	-2.426927406525127	1.1954357522158117	0.018172540404959484	0.2661053666045962	0.2661097889326436	179.0	0.0	0.4844674959139142	0.001482557536877852	0.001426323357622518	0.2661053666045962	2.779326858178173e-19			0.0	1.0	1.0	1.0	0.8325581395348837	0.0	1.0	draw1980	True
-0.6810322233457486	-0.6810322233457486	5.24179490939807e-05	6.804131063034268e-05	0.0015752403095310142	0.0015780394367656588	158.0	0.0	9.999996221596464e-05	0.001058832534612533	5.24179490939807e-05	6.804131063034268e-05	3.3881317890172014e-21			1.0	0.0	1.0	1.0	0.5766423357664233	0.0	1.0	draw1981	True
-0.06913392528100111	-0.08757080034330042	0.0006661610710948501	0.0002441967960717008	0.030946836638242502	0.030946970553572817	203.0	0.0	0.40672535567523005	0.033038951918920284	1.5044246121956816e-06	0.030946836638242502	1.6940658945086007e-19			0.0	1.0	1.0	1.0	0.8942731277533039	0.0	1.0	draw1983	True
-0.04730694869148607	-0.23408339598843841	0.013400141218642884	0.011165798400486884	0.05795407609393619	0.05796520133532915	159.0	0.0	0.7279651865250635	0.024877808534255384	7.961677724182787e-05	0.05795407609393619	3.5236570605778894e-19			0.0	1.0	1.0	1.0	0.8412698412698413	0.0	1.0	draw1984	True
-0.0019636844434922085	-0.14071051904906154	0.000908341887583058	0.05560957653043098	0.1089841726954477	0.1089842886571386	54.0	0.0	0.9474197119572256	0.3212369058595217	0.0058353702040017065	0.06931016054940728	4.163336342344337e-17			0.0	0.0	1.0	0.0	0.22040816326530613	0.0	1.0	draw1985	True
-0.512718344652507	-1.5701638800985969	0.4065853957891779	0.08343136301882642	0.2162843971963192	0.2162868498101039	143.0	0.0	0.21661729718565081	0.002196253421129077	0.00020910698407500426	0.2162843971963192	4.0657581468206416e-19			0.0	1.0	1.0	1.0	0.8265895953757225	0.0	1.0	draw1986	True
-0.5145205511880467	-0.5879610990891069	0.010787068748987813	0.003297567705382645	0.03674221073466765	0.0367429873621086	170.0	0.0	0.06738526028447081	0.0036905256310962764	0.00011982542777660167	0.03664660604926169	3.2610768469290563e-20			0.0	1.0	1.0	1.0	0.8673469387755102	0.0	1.0	draw1987	True
-0.3487034617476382	-0.4400141734991357	0.02771707734594927	0.020697314151048102	0.0444197455739451	0.04442105647722718	129.0	0.0	0.8263879281016218	0.00020246071912304967	0.00018974125540686113	0.0444197455739451	1.3552527156068805e-20			0.0	1.0	1.0	1.0	0.7543859649122807	0.0	1.0	draw1988	True
-0.3555549720144294	-0.5378003309719644	0.036882713076959804	0.005128285429381269	0.06427663711814037	0.06428214132674197	163.0	0.0	0.5858201462623635	0.11531639438006551	0.0021950687794821608	0.06411062203257825	2.6020852139652106e-17			0.0	1.0	1.0	1.0	0.8810810810810811	0.0	1.0	draw1989	True
1.3032190113595417	0.7536979145135058	0.05692981969885102	0.971155675063325	2.1644810590213774	2.1658419616183475	54.0	40.0	0.7614613151435823	0.09435952291865014	3.6916332911194094	1.2187194627758915	8.881784197001252e-16	0.971155675063325	0.05692981969885102	0.0	0.0	1.0	0.0	0.2134387351778656	0.0	1.0	draw1993	True
-0.4249136379732153	-0.7305648693925447	0.06765135198739189	0.005259151268925232	0.07605385606707565	0.07605592838888375	184.0	0.0	0.2063050467866989	0.11639880625935706	0.0003626899282686978	0.07605385606707565	3.0357660829594124e-18			0.0	1.0	1.0	1.0	0.8846153846153846	0.0	1.0	draw1994	True
-0.3097474549301105	-0.8298132178262339	0.07065038732237218	0.011996365047429219	0.2203652185325749	0.22038653507795014	182.0	0.0	0.4782627368623739	0.12875976567164815	0.00038048131834650937	0.2203652185325749	2.6020852139652106e-18			0.0	1.0	1.0	1.0	0.8584905660377359	0.0	1.0	draw1995	True
-0.5281789491799838	-2.240578279918748	1.2141040060945565	0.001631501996079725	0.7981136739793107	0.7981224776542226	229.0	0.0	1.2581402928749574	1.274434434587544	0.07230398594332066	0.7213501198489043	2.220446049250313e-16			0.0	1.0	1.0	1.0	0.8267148014440433	0.0	1.0	draw1997	True
-2.7841077352411516	-3.125487431351988	0.06144460030050455	0.0017260377468293225	0.02933446435667068	0.02933509312779831	199.0	0.0	0.009944743736373728	0.014361638862149894	0.0015145821010805103	0.029190941217853518	6.776263578034403e-20			0.0	1.0	1.0	1.0	0.8844444444444445	0.0	1.0	draw2001	True
-0.4136078162626754	-1.3785438316356358	0.13956615137274675	0.015779973482595504	0.46065433256393307	0.46078380543133185	184.0	0.0	0.5053801810981952	0.046136531211852495	0.0031124048395876984	0.46065433256393307	4.336808689942018e-18			0.0	1.0	1.0	1.0	0.8803827751196173	0.0	1.0	draw2002	True
-0.01863626582848378	-0.01863626582848378	0.003710662529883962	0.08634479691300068	0.11194067239824362	0.11199133474583656	40.0	0.0	0.8163118712648347	0.40886407025308424	0.003710662529883962	0.08634479691300068	8.326672684688674e-17			0.0	0.0	1.0	1.0	0.1606425702811245	0.0	1.0	draw2004	True
-0.10223819267139675	-0.10223819267139675	0.0024754308809273357	8.702036685934288e-05	0.01361306154830565	0.013622954527208034	213.0	0.0	0.0013894607260462662	9.990847003994329e-07	0.0024754308809273357	8.702036685934288e-05	4.177566495858209e-18			0.0	1.0	1.0	1.0	0.8588709677419355	0.0	1.0	draw2005	True
-0.08474921528634358	-0.08474921528634358	0.00034627413321456285	0.059901350362845426	0.15968125800977745	0.1598886773579595	31.0	0.0	0.749004807140514	0.38381414383017814	0.00034627413321456285	0.059901350362845426	5.551115123125783e-17			0.0	0.0	1.0	0.0	0.12916666666666668	0.0	1.0	draw2008	True
-1.267201846747183	-1.267201846747183	0.08817043051298953	0.035417180062837485	0.056021121160907676	0.056022217787543765	44.0	0.0	0.02804187696228514	0.5548236468242465	0.08817043051298953	0.035417180062837485	4.85722573273506e-17			0.0	0.0	1.0	1.0	0.25882352941176473	0.0	1.0	draw2010	True
-1.0708363366449511	-1.1372334381434848	0.0013902699186965188	0.014488865912252654	0.27920562226335965	0.2793377373266557	178.0	0.0	0.25807824074005203	0.15185127317065242	8.49018544796036e-05	0.27920562226335965	8.131516293641283e-20			0.0	1.0	1.0	1.0	0.8599033816425121	0.0	1.0	draw2014	True
-0.21192464454647764	-0.9813510038471542	0.09791958605781843	0.024378923869740485	0.25989846093465885	0.2599639428500775	174.0	0.0	0.6389692940298891	0.04578095474697395	0.0012303152006082495	0.25989846093465885	2.846030702774449e-18			0.0	1.0	1.0	1.0	0.8743718592964824	0.0	1.0	draw2016	True
-1.4808535740604511	-8.376842187327483	13.611821505390841	0.021918926525478524	0.267340992766075	0.26735165904511266	180.0	0.0	0.2355964870440712	0.036356045365432216	0.018319697506752625	0.267340992766075	4.4181238528784306e-17			0.0	1.0	1.0	1.0	0.8530805687203792	0.0	1.0	draw2017	True
-4.13261874305172	-4.99255923723063	0.6827818450870164	0.01168340928161862	0.02684677937404348	0.026846785074793086	140.0	0.0	0.005650227776709121	0.0002560426534992487	0.005208763645804168	0.026827065688431836	1.0164395367051604e-20			0.0	1.0	1.0	1.0	0.7954545454545454	0.0	1.0	draw2018	True
-35.37957043299916	-63.55499947052173	5.885843175482568	0.022331765554758475	0.7062165453984114	0.7063407517583358	213.0	0.0	0.014823981319430267	0.016745172534831092	0.021231023060865176	0.7062165453984114	3.2526065174565133e-19			0.0	1.0	1.0	1.0	0.8875	0.0	1.0	draw2021	True
-0.6173456142323872	-17.71903326869879	1.3068026305900966	0.0008514009434634491	0.34238556737931364	0.34245560663238017	207.0	0.0	0.6953118688365244	0.3361454732165783	0.12319891983035458	0.29520170881210284	3.885780586188048e-16			0.0	1.0	1.0	1.0	0.7811320754716982	0.0	1.0	draw2023	True
-0.7484572064942734	-1.3545583221299102	0.12311106643465126	0.0016026852472881413	0.13828030602417707	0.1382898569902626	184.0	0.0	0.4990762132482776	0.07112683244443746	0.08681631681882396	0.11216514635375997	1.1449174941446927e-16			0.0	1.0	1.0	1.0	0.9019607843137255	0.0	1.0	draw2025	True
-0.3435463143267966	-0.5063408423775388	0.053208685826748134	0.0005243257686662319	0.0631057820960597	0.06311834733137277	214.0	0.0	0.2258859546931332	0.095894372862526	0.011676729404412459	0.05709469196209291	1.474514954580286e-17			0.0	1.0	1.0	1.0	0.856	0.0	1.0	draw2026	True
-0.3746778114499061	-11.051130710998248	0.061770239859401964	0.00929425504326668	0.22072236629166392	0.2207248160698642	217.0	0.0	0.11708511411863962	0.060840967162454414	2.2051358908801512e-05	0.22072236629166392	1.0164395367051604e-19			0.0	1.0	1.0	1.0	0.889344262295082	0.0	1.0	draw2031	True
-0.09445449700204016	-0.4991530842877115	0.034705421137898165	0.00826920769331505	0.21555507909962637	0.21556814238623292	186.0	0.0	1.5050152584881866	0.02183458740455169	0.00011779326242113963	0.21555507909962637	1.0842021724855044e-18			0.0	1.0	1.0	1.0	0.8571428571428571	0.0	1.0	draw2033	True
-0.10889378238290268	-0.10889378238290268	0.00010693551891909296	1.0785488179087977e-05	0.008346542186929953	0.008372462687202977	243.0	0.0	0.00010000000000015381	3.087941841761525e-06	0.00010693551891909296	1.0785488179087977e-05	5.421010862427522e-20			1.0	0.0	1.0	1.0	0.8321917808219178	0.0	1.0	draw2038	True
-2.04278294033289	-2.359456492936673	0.015363308984444048	0.0011569256950014974	0.010940862950513374	0.010940944519078363	189.0	0.0	0.004931907119228262	0.0030678217280289896	0.000271584110763348	0.010890122311533953	8.470329472543003e-21			0.0	1.0	1.0	1.0	0.8709677419354839	0.0	1.0	draw2039	True
-0.9583758724493562	-0.9583758724493562	0.04391215031520097	0.07792293590187993	0.09625496037004348	0.09625722247808645	37.0	0.0	0.09298237077406746	0.9478727541733477	0.04391215031520097	0.07792293590187993	5.551115123125783e-17			0.0	0.0	1.0	1.0	0.16517857142857142	0.0	1.0	draw2040	True
-2.7297687137866826	-2.8155518862589353	0.00541112815407519	0.0048284339577352895	0.0076429792511231885	0.0076429953992595955	132.0	0.0	0.002692717107860198	0.0006140185327163293	1.7629471479334328e-06	0.0076429792511231885	4.235164736271502e-22			0.0	1.0	1.0	1.0	0.8	0.0	1.0	draw2041	True
-1.238220949510202	-3.2112168587188017	0.6179027011444874	0.043982200164702494	0.2967573672976721	0.29678071093440395	152.0	0.0	2.109010485913297	0.023473929558853197	0.0025787471628286873	0.2967573672976721	1.0842021724855044e-17			0.0	1.0	1.0	1.0	0.8539325842696629	0.0	1.0	draw2042	True
-4.895111399394849	-12.801155155469399	27.50004378995095	0.0069000236436325205	1.9628500926712245	1.9633098975461736	246.0	0.0	0.21745802657820487	0.09721879278703782	1.6588353109685774	1.4446289058991868	6.661338147750939e-16			0.0	1.0	1.0	1.0	0.822742474916388	0.0	1.0	draw2045	True
-0.2504660070310509	-0.308447971831538	0.022766812195629607	0.0005424208430899062	0.0517778273384025	0.05179899735342518	205.0	0.0	0.35074282606589635	0.14565636533096984	0.0006270335622742891	0.0517778273384025	9.432558900623889e-18			0.0	1.0	1.0	1.0	0.8436213991769548	0.0	1.0	draw2048	True
-0.2025373592919239	-5.043437389058431	0.005086341369842931	0.18639985330124295	0.23868422857355587	0.23869536797606433	40.0	0.0	4.448184421237771	0.12052934629794632	0.0007426577111613029	0.23868422857355587	6.938893903907228e-17			0.0	0.0	1.0	0.0	0.18867924528301888	0.0	1.0	draw2051	True
0.15996591757176648	-3.658942619020324	0.9204537757830328	0.015837764292588864	0.14226612803657007	0.14226866512247752	174.0	17.0	0.5590581742586602	0.11947474415839629	0.048742779838717464	0.13876560000771154	1.1102230246251565e-16	0.1299310012297788	0.09511449129012617	0.0	1.0	1.0	1.0	0.8093023255813954	0.0	1.0	draw2052	True
-0.13879714491621992	-0.25607154217713085	0.01607953140105817	0.013780921250181849	0.032996450131923226	0.03299648347702353	137.0	0.0	0.22588518267619045	0.0035426228240040634	3.993900767504144e-06	0.032996450131923226	2.168404344971009e-19			0.0	1.0	1.0	1.0	0.8253012048192772	0.0	1.0	draw2053	True
-0.8104339667429812	-2.0093113704716443	0.12088955305103204	0.0035398820630421933	0.352709816798708	0.3536537884571136	175.0	0.0	1.2810938432212857	0.35873947250721666	0.07079720432912541	0.352709816798708	3.3306690738754696e-16			0.0	1.0	1.0	1.0	0.6730769230769231	0.0	1.0	draw2054	True
-0.1795130852332925	-0.9261074902592543	0.1218722078485452	0.010206268441828231	0.06545473540620933	0.06545892996406197	185.0	0.0	0.45332829408034797	0.06733422809776181	0.00022344866433383087	0.06545473540620933	5.680202944287338e-18			0.0	1.0	1.0	1.0	0.8767772511848341	0.0	1.0	draw2055	True
-0.7792417795492539	-3.448744375626771	2.551102702196877	0.024627006617653543	0.18621647360304025	0.18635202040871246	184.0	0.0	0.5345072082291988	0.3397420893163677	0.00962194326029253	0.18621647360304025	8.326672684688674e-17			0.0	1.0	1.0	1.0	0.8888888888888888	0.0	1.0	draw2056	True
-0.30302266448250703	-0.6223778400985996	0.07709200142464234	0.025029180266698745	0.0807873346358499	0.0807948251579347	140.0	0.0	0.700640948605193	0.0006257106736677344	0.0007210920059962211	0.0807873346358499	3.1170812458958252e-19			0.0	1.0	1.0	1.0	0.7909604519774012	0.0	1.0	draw2058	True
-0.12190732191269266	-4.100381288923345	0.09636215105273999	0.0018234203101962748	0.14936238432804577	0.14937037446585927	232.0	0.0	0.29096446532100884	0.0654278134788501	6.237469049279799e-05	0.14936238432804577	5.285485590866834e-19			0.0	1.0	1.0	1.0	0.8957528957528957	0.0	1.0	draw2060	True
-0.08467365129446523	-0.14346589666930248	0.000434453444160583	0.00039842299168098446	0.04377497590938464	0.043787978237189974	207.0	0.0	0.42462451435754955	0.2727503272577763	1.1404972762633648e-05	0.04377497590938464	4.336808689942018e-19			0.0	1.0	1.0	1.0	0.8380566801619433	0.0	1.0	draw2061	True
-0.10851889422340931	-0.16257532884393314	0.0034462024355014892	0.006723508707981269	0.02155422954044859	0.02155542383122929	145.0	0.0	0.17001121926639357	0.004282497753032016	7.883264460512965e-06	0.02155422954044859	2.8693241088239424e-20			0.0	1.0	1.0	1.0	0.838150289017341	0.0	1.0	draw2062	True
-1.0424339245516507	-1.0424339245516507	0.1681412030483229	0.11787936329147697	0.1930120643600596	0.19303550241272882	44.0	0.0	0.17828051166499848	0.44195002709488057	0.1681412030483229	0.11787936329147697	1.1102230246251565e-16			0.0	0.0	1.0	1.0	0.16793893129770993	0.0	1.0	draw2064	True
-0.26966728478840307	-0.35235798740862256	0.029444456082996895	0.0002335799617739179	0.03599935950287664	0.036002185058184644	221.0	0.0	0.10841979380576981	0.061204752337721186	0.006227262153723622	0.021787917094327362	1.0191500421363742e-17			0.0	1.0	1.0	1.0	0.9020408163265307	0.0	1.0	draw2065	True
-3.3242247122305852	-14.142251647844637	49.97018604982588	0.049188604416606344	1.0581116248980755	1.0581960107522115	199.0	0.0	0.1762837458024921	0.011376135764153139	1.3782940757785158	0.9509715979313615	2.7755575615628914e-16			0.0	1.0	1.0	1.0	0.8024193548387096	0.0	1.0	draw2066	True
-5.78409306046762	-41.92220077852439	222.73388215562835	0.6929841562177912	1.7997754714289886	1.7997761627831381	165.0	0.0	0.35753644018735176	0.00022920890352010837	0.008914918487776702	1.7997754714289886	4.336808689942018e-19			0.0	1.0	1.0	1.0	0.7568807339449541	0.0	1.0	draw2069	True
-0.46555523434901513	-0.46555523434901513	1.582793931706501	0.2242530056563726	0.6141450091591295	0.6141450913140959	48.0	0.0	0.3874747040464192	0.12562959888074218	1.582793931706501	0.2242530056563726	3.3306690738754696e-16			0.0	0.0	1.0	1.0	0.16551724137931034	0.0	1.0	draw2070	True
-0.35634853577742837	-1.0042918495863142	0.25063985590072874	0.0026340295885768222	0.19720622825696077	0.1972177364426619	199.0	0.0	0.8585999094409703	0.02234510125033029	0.0009476796019033958	0.19720622825696077	8.239936510889834e-18			0.0	1.0	1.0	1.0	0.8844444444444445	0.0	1.0	draw2072	True
-0.62909194137968	-2.911105536735981	1.9592513221138832	0.00963980001930742	0.1798315899634176	0.17986148935384683	187.0	0.0	0.3623982842565249	0.0015256539951863518	0.004224099051852877	0.1798315899634176	2.981555974335137e-19			0.0	1.0	1.0	1.0	0.8237885462555066	0.0	1.0	draw2074	True
-0.10794432179785751	-0.4527580275087521	0.021428112819643703	0.0011808386168030468	0.02552033425880433	0.02552080101819555	193.0	0.0	0.11510730858738381	0.030558340685580415	0.0001786391566742729	0.025495887746613852	2.846030702774449e-19			0.0	1.0	1.0	1.0	0.8772727272727273	0.0	1.0	draw2076	True
-0.06248464939414163	-0.14496240064839463	0.0010259422965328035	0.0008795717143727565	0.028530479074478202	0.028551170888867078	193.0	0.0	0.3538461803264691	0.1664413416361657	3.524415055175898e-05	0.028530479074478202	3.7947076036992655e-19			0.0	1.0	1.0	1.0	0.8616071428571429	0.0	1.0	draw2078	True
-1.2306494515980029	-4.2217207610323095	0.39042285531079657	0.030073989852457978	0.06423618955973577	0.06423661808015259	126.0	0.0	0.8278357985811403	0.00026920186346881186	0.0008293824584828755	0.06423618955973577	1.0842021724855044e-19			0.0	1.0	1.0	1.0	0.7682926829268293	0.0	1.0	draw2079	True
-0.49797765909266534	-2.747087264606247	0.3589168675598401	0.015260991250192618	0.3277653536891638	0.3278020412316451	195.0	0.0	0.3722364318413273	0.13807416075117498	0.001606363402966315	0.3277653536891638	6.342582709040201e-18			0.0	1.0	1.0	1.0	0.8863636363636364	0.0	1.0	draw2084	True
-6.287765155962278	-6.287765155962278	0.266982019991809	0.013703629403939828	0.030507018705819428	0.030507264749089387	134.0	0.0	0.2847821199435259	9.966313564585535e-07	0.266982019991809	0.013703629403939828	4.078463641029456e-19			0.0	1.0	1.0	1.0	0.7486033519553073	0.0	1.0	draw2087	True
-0.16488144661051432	-0.1856539483951782	0.003792727025436568	0.0004796043593852367	0.019540321209984664	0.019540485852096046	243.0	0.0	0.008875139076283399	0.0002528184280244021	0.00016722380009990867	0.0014463834774821722	1.214306433183765e-17			0.0	1.0	1.0	1.0	0.745398773006135	0.0	1.0	draw2088	True
-0.00930589574045762	-0.00930589574045762	0.005317815691399026	0.03530644256417996	0.20198598020921832	0.20199695580554944	47.0	0.0	1.094978014801828	1.20436214332299	0.005317815691399026	0.03530644256417996	3.0531133177191805e-16			0.0	0.0	1.0	1.0	0.20614035087719298	0.0	1.0	draw2089	True
-0.38934773731130057	-1.468484377132487	0.04015066412594457	0.0028687173945466243	0.1814028109493664	0.18140924266677957	208.0	0.0	0.23243620479935445	0.11638317122549938	0.00024141368381528494	0.1814028109493664	1.4907779871675686e-18			0.0	1.0	1.0	1.0	0.8851063829787233	0.0	1.0	draw2090	True
-0.958768906198239	-0.958768906198239	0.19174739557206325	0.00042302406876200806	0.3035760715254642	0.3041691584698166	227.0	0.0	0.0006281538398170089	9.995105772555427e-07	0.19174739557206325	0.00042302406876200806	1.3877787807814457e-17			0.0	1.0	1.0	1.0	0.8664122137404581	0.0	1.0	draw2092	True
-2.68608744309287	-74.95035496082059	6.53332631774397	0.012074256564858955	0.9597459930763939	0.959788964215316	245.0	0.0	0.07443031985575177	0.15956500788454134	0.010059249788425682	0.9597459930763939	6.938893903907228e-18			0.0	1.0	1.0	1.0	0.8876811594202898	0.0	1.0	draw2095	True
-0.47678222703528217	-0.47678222703528217	0.0405790144684259	0.0048003396472143835	0.24952385696997587	0.24984279043021887	185.0	0.0	0.013169848317347741	9.969637305847114e-07	0.0405790144684259	0.0048003396472143835	2.0816681711721685e-17			0.0	1.0	1.0	1.0	0.8114035087719298	0.0	1.0	draw2096	True
-2.5720574176568376	-6.830954687187656	11.069276788192077	0.022998798778188306	0.5050199673509768	0.5051142541428603	195.0	0.0	0.5705747937560063	0.010114508775163391	0.02729603767917612	0.5050199673509768	1.0201664816730793e-17			0.0	1.0	1.0	1.0	0.8441558441558441	0.0	1.0	draw2098	True
-0.39832667327878196	-0.4254130883621589	0.0003524619560214052	0.00032607528612365493	0.02905981239928067	0.029068156596570447	213.0	0.0	0.07034078276078876	0.07516766403043172	5.347107306974601e-06	0.02905981239928067	1.5246593050577406e-20			0.0	1.0	1.0	1.0	0.8623481781376519	0.0	1.0	draw2099	True
-0.06765413531648268	-3.529893524426262	0.023009008257678508	0.00023442723143596032	0.0055940568506295165	0.005594106125548209	163.0	0.0	0.4562456457278388	0.008083830467017786	0.00011234405717078812	0.0055940568506295165	1.4541861638461828e-17			0.0	1.0	1.0	1.0	0.8624338624338624	0.0	1.0	draw2102	True
-0.07276991939902294	-0.3863551919909647	0.011379179145646942	0.044664648162265154	0.16418961557187395	0.1641921785041612	146.0	0.0	0.681952185160928	0.0025424594054387338	8.478839582144724e-05	0.16418961557187395	1.0842021724855044e-19			0.0	1.0	1.0	1.0	0.8156424581005587	0.0	1.0	draw2104	True
-2.163865894889019	-130.1498491841424	3.6646819992432573	0.0007496738514293194	1.2978503880615255	1.2978763738933574	186.0	0.0	1.5475898727429913	1.4608887741062775	0.0032568133028488154	1.2978503880615255	1.7763568394002505e-15			0.0	1.0	1.0	1.0	0.9029126213592233	0.0	1.0	draw2105	True
-2.2376806710735213	-5.901972565552849	7.013803620223355	0.07552712780890163	0.1896770933896134	0.18968334646704965	131.0	0.0	0.2394648358584362	0.00010299763221311577	0.010921424581802426	0.1896770933896134	5.421010862427522e-20			0.0	1.0	1.0	1.0	0.6858638743455497	0.0	1.0	draw2106	True
-0.0967316158378841	-2.5838017488255693	0.09694569996546756	0.009307723549328527	0.0644948625974922	0.06449487558250194	151.0	0.0	1.3368893686287004	0.10725152628021284	3.907619562950663e-06	0.0644948625974922	1.6896613231828783e-17			0.0	1.0	1.0	1.0	0.8728323699421965	0.0	1.0	draw2111	True
-0.014871427411727964	-0.6044499906721661	0.08724363501484252	0.002048666873790946	0.05885435402300025	0.05885485478035875	210.0	0.0	0.3120430290352111	0.08764303844151745	0.007708489295256229	0.053361688127609115	1.734723475976807e-17			0.0	1.0	1.0	1.0	0.6422018348623854	0.0	1.0	draw2113	True
-0.23605780809852828	-0.2676326348900616	0.017466204003190985	0.0034191504978877915	0.19677906616747173	0.1968031072800145	184.0	0.0	0.37628383563394774	0.011542136992312794	0.013188910399683267	0.03875443727098326	8.326672684688674e-17			0.0	1.0	1.0	1.0	0.8932038834951457	0.0	1.0	draw2116	True
-4.506738800905888	-10.55290665777878	7.10325076941562	0.02005523389956341	0.3400318393621996	0.34003462278631064	177.0	0.0	0.7152573157567319	0.11082731835711832	0.011372910760700461	0.3400318393621996	2.804288919133757e-16			0.0	1.0	1.0	1.0	0.8894472361809045	0.0	1.0	draw2117	True
-0.8359220597402736	-2.869125928734412	0.8253991407896731	0.00565873588877426	0.22174326787129484	0.22177119157161798	183.0	0.0	0.9014488457618657	0.025223133656499492	0.0042477194907032225	0.22174326787129484	6.938893903907228e-18			0.0	1.0	1.0	1.0	0.8714285714285714	0.0	1.0	draw2118	True
-0.4573196096570191	-1.3093937497410324	0.4212397479306138	0.005069950941547809	0.03353863655913024	0.033538640809442605	162.0	0.0	0.06710111440205453	0.0021325404237388513	0.007158528658094393	0.03332855584423123	1.387439967602544e-18			0.0	1.0	1.0	1.0	0.8571428571428571	0.0	1.0	draw2122	True
-3.0042514742637914	-8.106566483125741	0.007073913258734969	0.001834277070736833	0.2662207325629793	0.26633746737109754	238.0	0.0	0.0619742954194884	0.2845079394725541	0.00022583828848277262	0.2662207325629793	1.2197274440461925e-19			0.0	1.0	1.0	1.0	0.8717948717948718	0.0	1.0	draw2123	True
-0.39144412809761975	-1.1186755395721772	0.2535276091355793	0.0038188490252448236	0.19756256114852244	0.1975659195448051	198.0	0.0	3.4623320045634265	0.02039337387668528	9.075745378399643e-05	0.19756256114852244	2.6020852139652106e-18			0.0	1.0	1.0	1.0	0.8722466960352423	0.0	1.0	draw2126	True
-0.15555652423894606	-0.9515200651475021	0.1586365861815279	0.020294163841946614	0.17047689881418188	0.17053729359149833	163.0	0.0	1.075079375822851	0.14938243141678406	0.0025963916040157675	0.17047689881418188	1.3877787807814457e-17			0.0	1.0	1.0	1.0	0.8316326530612245	0.0	1.0	draw2127	True
-0.02532591591461369	-1.7544977152442889	0.014748188097187259	0.0021468390334495237	0.8476511197327244	0.8481905552405016	164.0	0.0	0.5274796296214711	0.0033790557462769185	0.053942449500542944	0.010352597086235761	6.661338147750939e-16			0.0	1.0	1.0	1.0	0.6721311475409836	0.0	1.0	draw2128	True
-0.15649571940028822	-2.1985638164721597	0.08141507617828034	0.0038950767727379543	0.10571107065149275	0.10574039540644267	201.0	0.0	0.13243995390731858	0.015294830838017286	0.0007699669469567512	0.10571107065149275	2.439454888092385e-19			0.0	1.0	1.0	1.0	0.8589743589743589	0.0	1.0	draw2130	True
-0.2800427623929786	-2.105094002393231	0.8808023330369822	0.03242472301780473	0.2914810360740378	0.2915102188596509	165.0	0.0	0.3958196810574215	0.0011150798503458197	0.00328926032663814	0.2914810360740378	2.168404344971009e-19			0.0	1.0	1.0	1.0	0.825	0.0	1.0	draw2134	True
-0.3691465828241922	-0.4065281733931033	0.039211803292113746	0.0009107679016516582	0.09460409660467857	0.09460759803926543	208.0	0.0	0.5152208189602236	0.0022627567870261815	0.019854284103460042	0.054316086873855175	3.6337713437209485e-18			0.0	1.0	1.0	1.0	0.8455284552845529	0.0	1.0	draw2135	True
-0.06197754997694829	-0.5498966904539581	0.01622972899498377	0.009714399113103553	0.16890565919546335	0.16890572006803972	181.0	0.0	0.7680615497258707	0.02685726355944312	5.509833789510826e-06	0.16890565919546335	2.168404344971009e-19			0.0	1.0	1.0	1.0	0.861904761904762	0.0	1.0	draw2136	True
-1.8305418239443343	-3.389046824833204	0.01981112744285751	0.04388753082162575	0.34152978371593684	0.3415307438588367	166.0	0.0	0.13074568208563786	0.012070961224576945	8.925974514566264e-06	0.34152978371593684	3.3881317890172014e-20			0.0	1.0	1.0	1.0	0.8691099476439791	0.0	1.0	draw2138	True
-0.0167782994866121	-0.01753410514793742	4.123304816590002e-05	0.0008493399515328969	0.0040081835414961554	0.004008232664324782	147.0	0.0	0.25843995300116407	0.008349441350289278	5.047221918282236e-08	0.0040081835414961554	8.893845946170154e-21			0.0	1.0	1.0	1.0	0.8497109826589595	0.0	1.0	draw2139	True
-0.2030407308527916	-4.0231695147585596	2.975216274562862	0.008885666124085555	0.550748982336704	0.5507510127999132	207.0	0.0	0.6731456640666571	0.03392044500332529	0.00032194147181152064	0.550748982336704	2.6020852139652106e-18			0.0	1.0	1.0	1.0	0.8961038961038961	0.0	1.0	draw2140	True
-0.10027674606823872	-0.3305228178454037	0.02319757258210799	0.0005009580042117989	0.03752189623470299	0.037522427072036096	209.0	0.0	0.28970175174372875	0.051104221618413215	0.0031362782210156855	0.034494747828092795	1.0408340855860843e-17			0.0	1.0	1.0	1.0	0.7627737226277372	0.0	1.0	draw2141	True
-1.6947019411477293	-42.78692454302012	105.70067807367676	0.12528361075257255	3.387388379879049	3.387458569519727	210.0	0.0	0.3536020163809397	0.08557501320503755	0.8956295441607207	3.3217397147615175	1.6653345369377348e-16			0.0	1.0	1.0	1.0	0.7664233576642335	0.0	1.0	draw2142	True
-0.06508009305823637	-0.36223168526083493	0.007875428026670928	0.001300640903008151	0.03184888894235499	0.03184935134287866	192.0	0.0	0.16957789614314955	0.033497283083633284	2.512168967777397e-05	0.03184888894235499	7.589415207398531e-19			0.0	1.0	1.0	1.0	0.8847926267281107	0.0	1.0	draw2144	True
-2.1227155873971055	-3.937743651917402	3.875607180906268	0.004037670776934661	0.5130515700116388	0.5130964068161863	208.0	0.0	0.2686149962907802	0.13154377934307152	0.021942734594508517	0.5130515700116388	6.938893903907228e-17			0.0	1.0	1.0	1.0	0.9004329004329005	0.0	1.0	draw2145	True
-0.526592225612918	-0.5676452903355035	0.0018090908553426374	0.0005474213791103761	0.00305563264677355	0.003055641782128304	171.0	0.0	0.005519617031181239	0.0014058037394331267	3.435843145241201e-05	0.0030341046879216447	4.235164736271502e-21			0.0	1.0	1.0	1.0	0.8592964824120602	0.0	1.0	draw2147	True
-1.1793230172200335	-7.937859309914391	10.493873043590943	0.03440831990779943	1.2719917988192708	1.271994654831185	195.0	0.0	0.4591992168656164	0.032215365261699755	0.006056603875098444	1.2719917988192708	2.0816681711721685e-17			0.0	1.0	1.0	1.0	0.8783783783783784	0.0	1.0	draw2149	True
-0.014287499163810911	-0.5921900732370816	0.006849723986665719	0.0035301564045346367	0.01650209840745283	0.016502841304823816	164.0	0.0	0.07549041189508841	0.00037706497906328767	2.0592407396130454e-05	0.01650209840745283	6.931773533194372e-22			0.0	1.0	1.0	1.0	0.7772511848341233	0.0	1.0	draw2150	True
-0.4170731104301464	-0.4421738512693915	0.008610243749532202	0.0008709259965657096	0.019835073036250365	0.019852363537027854	173.0	0.0	0.7995639870758036	0.4074638957792274	0.0004632975407979483	0.019835073036250365	8.673617379884035e-17			0.0	1.0	1.0	1.0	0.8357487922705314	0.0	1.0	draw2151	True
-0.22259476742112128	-0.6358811752046555	0.06459044348622674	0.00015868516041284505	0.11333316292291176	0.1133977118605605	241.0	0.0	0.4021358859453414	0.39730775910275706	0.0002675478455325872	0.11333316292291176	7.94178091345632e-18			0.0	1.0	1.0	1.0	0.909433962264151	0.0	1.0	draw2152	True
-0.7268257552452906	-1.4271288217948106	0.3627094505367801	0.005630052556962428	0.6032484403387239	0.6034661791792703	199.0	0.0	0.6794300679349847	0.04212851897336803	0.007932401563321055	0.6032484403387239	3.0357660829594124e-18			0.0	1.0	1.0	1.0	0.8923766816143498	0.0	1.0	draw2155	True
-0.27938062493011573	-0.28417338145954407	0.00021382200363724286	0.006120731631237347	0.01267953591314354	0.012679594093360742	136.0	0.0	0.04476674859998306	0.0019735732636927523	9.275716428201828e-08	0.01267953591314354	8.470329472543003e-22			0.0	1.0	1.0	1.0	0.8242424242424242	0.0	1.0	draw2156	True
-0.44620961177590807	-0.44620961177590807	0.0496047772680322	0.0001660263911077977	0.03935090820457539	0.03935424077093874	220.0	0.0	0.0007240095162355862	9.993758616000031e-07	0.0496047772680322	0.0001660263911077977	7.887570804832045e-18			0.0	1.0	1.0	1.0	0.8764940239043825	0.0	1.0	draw2157	True
-0.418294595136001	-0.4381818036799922	0.003502071437328082	0.004630841966413711	0.018400004891746008	0.018400125209982403	150.0	0.0	0.04301539056576978	0.0011648314469997812	4.266634136397625e-05	0.018333433644932458	1.0164395367051604e-20			0.0	1.0	1.0	1.0	0.8379888268156425	0.0	1.0	draw2158	True
-0.10683427493638346	-0.492879654299699	0.014733122603118763	0.0027106598591989427	0.07399988645340234	0.07400508216561322	195.0	0.0	0.3589061351232777	0.27143339013789697	4.298790755828471e-05	0.07399988645340234	3.0357660829594124e-18			0.0	1.0	1.0	1.0	0.8863636363636364	0.0	1.0	draw2159	True
-0.48433521197378476	-3.1697581030769597	2.221133821798393	0.025035824163182393	0.3418274746538989	0.3418348431042442	177.0	0.0	0.8051383329945657	0.016774991339965947	0.001020224363130805	0.3418274746538989	1.734723475976807e-18			0.0	1.0	1.0	1.0	0.8509615384615384	0.0	1.0	draw2160	True
-0.18550792035914676	-0.39563723665207606	0.016916841118150665	0.017366168548639198	0.029932438046961704	0.029933166787762637	123.0	0.0	0.7935029770179465	0.00014939027137131776	6.379372729486221e-05	0.029932438046961704	2.202285662861181e-20			0.0	1.0	1.0	1.0	0.7321428571428571	0.0	1.0	draw2162	True
-0.16211029782721764	-0.16211029782721764	0.010482162924587859	0.032792670395310045	0.07856948005616816	0.07860069163832385	42.0	0.0	0.5497843477055792	0.5293873623432305	0.010482162924587859	0.032792670395310045	8.326672684688674e-17			0.0	0.0	1.0	1.0	0.14893617021276595	0.0	1.0	draw2163	True
0.05057628100678804	-3.2017671734895097	0.22144881126348312	0.0011208129140150734	0.26493418532067353	0.26493772958347644	207.0	15.0	1.7360608789843937	0.5579371323840744	0.0290777026716658	0.2409102543755193	1.942890293094024e-16	0.21553193045253918	0.04440849684630867	0.0	1.0	1.0	1.0	0.7931034482758621	0.0	1.0	draw2164	True
-1.2494024265106713	-5.826754137995436	0.13567924836017659	0.010536837929524794	1.039183908276174	1.0391847780084387	211.0	0.0	0.3459904184513512	0.056689232181225784	5.733832355979614e-05	1.039183908276174	4.336808689942018e-19			0.0	1.0	1.0	1.0	0.8755186721991701	0.0	1.0	draw2165	True
-0.014661934117135362	-0.018529229275122558	5.330850805242442e-05	4.675160957418498e-05	0.004905589623791099	0.004906624477786	205.0	0.0	0.3174569152730353	0.0920173480666059	9.484757247308452e-06	0.004503268384021117	2.710505431213761e-19			0.0	1.0	1.0	1.0	0.8798283261802575	0.0	1.0	draw2167	True
-0.09034450066991868	-0.09034450066991868	3.181144601760892e-05	0.005936377734199222	0.021476950341997696	0.0059318993188962384	80.0	0.0	0.0930686807098043	0.301305105141135	3.181144601760892e-05	0.005936377734199222	1.214306433183765e-17			0.0	0.0	0.0	0.0	0.34934497816593885	0.0	1.0	draw2168	True
-0.4967505479151524	-2.002303221841667	0.4566432222115371	0.0026190359470359475	0.27278580502952354	0.2729611001439394	201.0	0.0	0.2338242990059054	0.20058421230525783	0.46409071876026947	0.24848349793953484	2.498001805406602e-16			0.0	1.0	1.0	1.0	0.6677740863787376	0.0	1.0	draw2170	True
-0.17146619085847717	-1.9130118263432034	0.48076035492754604	0.11313224213841334	0.4966181492515329	0.49666240490402613	149.0	0.0	0.5502565354896739	0.000637925134300033	0.00235435064659475	0.4966181492515329	2.710505431213761e-20			0.0	1.0	1.0	1.0	0.8010752688172043	0.0	1.0	draw2173	True
-0.47423985890659276	-0.4773744872726229	0.0008643853708583785	0.011263047757506112	0.011465780313769252	0.0114657807841517	100.0	0.0	0.022176505942534386	3.079662015727795e-05	2.6689055301365234e-05	0.011462398670445947	4.235164736271502e-21			0.0	1.0	1.0	1.0	0.6666666666666666	0.0	1.0	draw2175	True
-0.3807237355626773	-0.39819479253511847	0.005353673818988654	0.011597390071174421	0.025418020615429162	0.025418181697379454	162.0	0.0	0.032982258029873035	0.00010487702212889552	9.884114853107092e-05	0.013121680193889007	5.204170427930421e-18			0.0	1.0	1.0	1.0	0.6159695817490495	0.0	1.0	draw2178	True
-0.09432185557555992	-0.10204098660759317	0.0022693593482688403	0.0028149760184760573	0.02917046119238831	0.029170885963261686	164.0	0.0	0.38295003408736755	0.00015308686993152369	0.002169594623178489	0.02198198842713826	2.854501032246992e-19			0.0	1.0	1.0	1.0	0.8324873096446701	0.0	1.0	draw2181	True
-1.6187592014001417	-1.6187592014001417	0.44392996218997643	0.25993228227866244	0.37740186120576436	0.3774507133632476	37.0	0.0	0.17625078666353047	0.8136157953008841	0.44392996218997643	0.25993228227866244	3.3306690738754696e-16			0.0	0.0	1.0	1.0	0.24183006535947713	0.0	1.0	draw2185	True
-0.8024675085231268	-2.5095577221579517	0.7401654897439861	0.005660102986747402	0.29820848801733535	0.29821072452569497	203.0	0.0	0.2611560589283713	0.057769516351350296	0.0014399763488558675	0.29820848801733535	8.673617379884035e-18			0.0	1.0	1.0	1.0	0.8826086956521739	0.0	1.0	draw2186	True
-1.4449110431280023	-2.1443450453490795	1.0146355102165872	0.011693911139268707	0.6369098207907518	0.6369185547708646	189.0	0.0	0.9384814624971493	0.47977936794201875	0.010610902455627763	0.6369098207907518	3.885780586188048e-16			0.0	1.0	1.0	1.0	0.8513513513513513	0.0	1.0	draw2187	True
-1.5302938548702343	-5.257763025615883	6.290172418811646	0.09107396721134461	0.5425899575899337	0.542634997717122	161.0	0.0	0.44903993196094233	0.0006460047417855448	0.018001104056784473	0.5425899575899337	7.521652571618187e-19			0.0	1.0	1.0	1.0	0.7970297029702971	0.0	1.0	draw2188	True
-0.3402213885045008	-0.45637068017281474	0.04723734855705669	0.0024793603931278	0.12170779907139914	0.12176390645260403	186.0	0.0	0.8748816696940498	0.04671722559130537	0.0018264032078419146	0.12170779907139914	8.215160797182645e-18			0.0	1.0	1.0	1.0	0.8815165876777251	0.0	1.0	draw2190	True
-0.7635116909373478	-0.7635116909373478	0.055458494774118565	0.0008198332748577682	0.21578601134326655	0.2158320094784415	217.0	0.0	0.001205854281745984	9.990920446160643e-07	0.055458494774118565	0.0008198332748577682	6.071532165918825e-18			0.0	1.0	1.0	1.0	0.889344262295082	0.0	1.0	draw2191	True
-0.5950975021563935	-2.3067998629491626	1.0603411175567243	0.0014764190168122253	0.17788636733725968	0.1778878246017745	210.0	0.0	0.4422637847455586	0.11310185647623594	0.0009942839765626848	0.17788636733725968	6.071532165918825e-17			0.0	1.0	1.0	1.0	0.8823529411764706	0.0	1.0	draw2193	True
-0.6601529823370585	-30.27108720032173	15.635725503202568	0.49315607373163123	3.0769117965824275	3.0770046573048395	174.0	0.0	0.3669662779496593	0.005750854788674707	0.021670227300946778	3.0769117965824275	1.3010426069826053e-18			0.0	1.0	1.0	1.0	0.8325358851674641	0.0	1.0	draw2196	True
-0.18202760565911835	-7.94795782299717	1.2915892044336628	0.010944869765128271	0.4026184516030076	0.40262201927828045	165.0	0.0	0.6273321109232742	0.0938837954987799	0.13553410453084444	0.4013361289459439	1.3877787807814457e-16			0.0	1.0	1.0	1.0	0.8333333333333334	0.0	1.0	draw2197	True
-0.08815335748334112	-0.13936106442417864	0.001540953874883651	0.001077817652285216	0.010203965628252588	0.010204145898457249	171.0	0.0	0.09955903581280687	0.012471163126584955	3.2473138468208667e-06	0.010203965628252588	7.453889935837843e-20			0.0	1.0	1.0	1.0	0.8769230769230769	0.0	1.0	draw2199	True
-0.243031352041448	-5.480118557764999	3.8408467991597384	0.003463658955668265	0.39797386968405357	0.39798575453794793	227.0	0.0	0.4206494328221295	0.13298929785742777	0.0009193988757053105	0.39797386968405357	3.122502256758253e-17			0.0	1.0	1.0	1.0	0.8798449612403101	0.0	1.0	draw2200	True
-0.878768041111657	-1.318686338455131	0.14835771237423853	0.0025974223771567597	0.04903462187303895	0.049041595326433325	173.0	0.0	0.6810882279077706	0.002815657076904578	0.0014735331878312813	0.04903462187303895	2.0210206121487606e-18			0.0	1.0	1.0	1.0	0.8398058252427184	0.0	1.0	draw2203	True
-0.31315686908902246	-0.31315686908902246	0.00028032133926370934	0.0014748682396479758	0.002070584197816621	0.0020706184578920153	57.0	0.0	0.013219046619803533	0.4006303390531895	0.00028032133926370934	0.0014748682396479758	2.8189256484623115e-18			0.0	0.0	1.0	1.0	0.31843575418994413	0.0	1.0	draw2204	True
-0.24069108939900585	-0.2458724802302255	0.0008824091624143987	0.0008879110408455788	0.03071552384117537	0.030716862526587844	239.0	0.0	0.00650111315842989	0.00013547583291881581	2.5343512853860092e-05	0.0015769889773275426	1.3877787807814457e-17			0.0	1.0	1.0	1.0	0.802013422818792	0.0	1.0	draw2205	True
-0.01661160177966075	-0.2011055652479722	0.002549775258147279	0.0021322774999042197	0.015073420848002566	0.015073551733561582	159.0	0.0	1.1853364708784888	0.11936336783257692	4.90071712154433e-06	0.015073420848002566	1.0191500421363742e-17			0.0	1.0	1.0	1.0	0.8594594594594595	0.0	1.0	draw2207	True
-1.1517324102685929	-3.7745024239029035	2.9810187632405047	0.0005813395933946285	0.6110214661364988	0.6136773770894755	235.0	0.0	0.5427946751347459	0.3888576786378112	0.2687162093038997	0.6110214661364988	1.1102230246251565e-16			0.0	1.0	1.0	1.0	0.6638418079096046	0.0	1.0	draw2208	True
0.2381740585401141	-4.011450703279663	2.104313734529539	0.0417964864494511	0.40450705145396726	0.4045249627301957	168.0	16.0	0.5555119262570627	0.0715677566923674	0.27415441731838686	0.39548908919629844	1.3877787807814457e-16	0.3738772146851792	0.6116990409758379	0.0	1.0	1.0	1.0	0.8	0.0	1.0	draw2211	True
-0.05758636671808663	-0.057729916021831446	1.3244580998095617e-05	0.0028767722801096482	0.003193905270124292	0.003193905291728	117.0	0.0	0.055789221444385896	4.3623994079219595e-05	4.52656997658982e-07	0.003185571653347975	1.5881867761018131e-22			0.0	1.0	1.0	1.0	0.7697368421052632	0.0	1.0	draw2212	True
-0.3366007605392032	-2.5418311435088605	0.12961463379187327	0.006506634333523037	0.8862656664661898	0.8863026701026607	178.0	0.0	0.5889237582368348	0.022009014053903993	0.2176017709694606	0.06558736523692689	7.771561172376096e-16			0.0	1.0	1.0	1.0	0.664179104477612	0.0	1.0	draw2213	True
-0.1495564815625694	-0.3293398894151993	0.011548844646453834	0.00022417757292755703	0.028511752006078205	0.02851639551672084	225.0	0.0	0.11803669334164943	0.0889092069165499	0.003691420810037961	0.019170431953169517	5.204170427930421e-18			0.0	1.0	1.0	1.0	0.7142857142857143	0.0	1.0	draw2214	True
-0.32261738587230854	-5.1188142453591015	0.5217529975347481	0.001202705817513729	0.05902259575512739	0.05902260059239485	191.0	0.0	0.6682748015894223	0.4635618910728548	7.753080973865154e-06	0.05902259575512739	6.245004513516506e-17			0.0	1.0	1.0	1.0	0.9009433962264151	0.0	1.0	draw2215	True
-0.17869518036852977	-0.5070825749371508	0.03527204093611474	0.013226092171553797	0.18114184674856587	0.18115909970497757	171.0	0.0	0.5311397967526641	0.007644535074210521	0.0021832631649845017	0.05569995756862003	1.942890293094024e-16			0.0	1.0	1.0	1.0	0.6428571428571429	0.0	1.0	draw2216	True
-0.9690422098682326	-0.9690422098682326	0.001430415412923456	0.007031090227340997	0.008064365573562726	0.008064390597651277	42.0	0.0	0.03551620762098879	1.93715700280248	0.001430415412923456	0.007031090227340997	2.3418766925686896e-17			0.0	0.0	1.0	1.0	0.1590909090909091	0.0	1.0	draw2217	True
-0.010303713054234954	-0.10167431813573712	0.0017169122381884608	0.006810849210191044	0.018156762786319582	0.018156765073011637	147.0	0.0	1.175988367897525	0.10696023742110575	2.7540682995418075e-07	0.018156762786319582	3.2526065174565133e-18			0.0	1.0	1.0	1.0	0.8647058823529412	0.0	1.0	draw2218	True
-0.09875993165463959	-4.058981778346686	0.06463701143903153	0.002598938237644596	0.13613969091630296	0.136309845553734	159.0	0.0	1.1638878417529845	0.1935054172666822	0.012057901299176667	0.13613969091630296	1.942890293094024e-16			0.0	1.0	1.0	1.0	0.8324607329842932	0.0	1.0	draw2219	True
-0.17332494459071984	-4.339871490240184	0.25715631339444306	0.08942265715430753	0.7450779263248759	0.745138258848489	167.0	0.0	0.3210102511644462	0.0039587470270350655	0.002322568884904812	0.7450779263248759	2.981555974335137e-19			0.0	1.0	1.0	1.0	0.8391959798994975	0.0	1.0	draw2221	True
-0.640579070412801	-1.3465825560764617	0.45305238842465895	0.03931009592241399	0.29030933415334736	0.2903104673914367	159.0	0.0	0.43873730519995674	0.020212864972314656	0.00048319759515848547	0.29030933415334736	5.204170427930421e-18			0.0	1.0	1.0	1.0	0.8548387096774194	0.0	1.0	draw2222	True
-0.18787735591166327	-1.0052138708373897	0.09386342811290872	0.01253721280316543	0.15213322528996676	0.15214462968554582	169.0	0.0	0.5451822154401975	0.020817263931037198	0.021526297864496544	0.08495837224620062	1.1102230246251565e-16			0.0	1.0	1.0	1.0	0.5950704225352113	0.0	1.0	draw2224	True
-0.5099620055915014	-6.046586610743299	1.5944513249722514	0.019167178500308493	0.2121566339784537	0.21263546380117598	203.0	0.0	0.146981506814131	0.037546951196603284	0.0650505356423104	0.15951449379356888	3.469446951953614e-17			0.0	1.0	1.0	1.0	0.7837837837837838	0.0	1.0	draw2225	True
-3.909529624463359	-3.909529624463359	0.0002572334200384813	0.002252172611568731	0.006417507667136775	0.0064175132586077824	118.0	0.0	0.004485074218075938	0.36150497712555824	0.0002572334200384813	0.002252172611568731	2.5153490401663703e-17			0.0	0.0	1.0	0.0	0.4041095890410959	0.0	1.0	draw2226	True
-3.42368789842814	-3.42368789842814	0.24348280743397113	0.03127372466033209	0.07280001801640291	0.0728079057234407	66.0	0.0	0.010006590529900217	0.2851167271861263	0.24348280743397113	0.03127372466033209	2.7755575615628914e-17			0.0	0.0	1.0	1.0	0.3127962085308057	0.0	1.0	draw2227	True
-0.11473134211851335	-0.11473134211851335	0.001110030486547389	0.009655482040535441	0.013272260649125492	0.013273148665630298	40.0	0.0	0.08759430304919301	0.7258380447437266	0.001110030486547389	0.009655482040535441	1.3877787807814457e-17			0.0	0.0	1.0	1.0	0.2684563758389262	0.0	1.0	draw2228	True
-2.874174323318344	-2.874174323318344	0.7691398210880268	0.11060991260599133	0.25231732664216333	0.2523693957591269	47.0	0.0	0.03770559197740453	0.6454373446207076	0.7691398210880268	0.11060991260599133	1.3877787807814457e-16			0.0	0.0	1.0	1.0	0.3092105263157895	0.0	1.0	draw2229	True
0.47962656085035776	-4.90012192727038	1.6181648909209427	0.008181922968484393	0.17824086028582836	0.17826492377159575	182.0	18.0	0.4328778044997832	0.044583014858658634	0.018042744755656252	0.1779811830786227	2.7755575615628914e-17	0.16572023902082095	0.14798079269988787	0.0	1.0	1.0	1.0	0.8125	0.0	1.0	draw2231	True
-0.15122979931233932	-0.40734654031784107	0.016984990768949385	0.0034319775553939224	0.036676315702439996	0.03668980097328975	162.0	0.0	0.6342087460265269	0.14614481821901135	0.0006022023849118497	0.036676315702439996	1.3877787807814457e-17			0.0	1.0	1.0	1.0	0.8617021276595744	0.0	1.0	draw2232	True
-0.043401615341077254	-0.25694438938353426	0.01627752798133916	0.009634284052170627	0.10652726397893261	0.10657250524078689	184.0	0.0	0.6231169839683421	0.327510789366803	0.01153574775422378	0.09742470543520447	9.020562075079397e-17			0.0	1.0	1.0	1.0	0.6258503401360545	0.0	1.0	draw2233	True
-0.908276016760718	-1.2719546097708767	0.047556490503960436	0.013404173389620045	0.2334927261605381	0.23363705797911125	181.0	0.0	0.24890324913129983	0.1639993706080459	0.002062494280530467	0.2334927261605381	2.168404344971009e-18			0.0	1.0	1.0	1.0	0.8829268292682927	0.0	1.0	draw2234	True
-0.08114964993291175	-0.17753605356599578	0.006254133203175467	0.0024666720964626227	0.14841358455293102	0.14842312389761053	185.0	0.0	1.2518075504093626	0.03550237032274664	5.6373143422701155e-05	0.14841358455293102	4.336808689942018e-19			0.0	1.0	1.0	1.0	0.8809523809523809	0.0	1.0	draw2235	True
-0.5831848436269125	-0.5833684720957546	0.07921487666729711	0.0008764001265394965	0.08488789021375596	0.08489462841928966	196.0	0.0	0.011648307181064035	1.4320502761006728e-05	0.07931036792947171	0.0025080928191821192	2.7755575615628914e-17			0.0	1.0	1.0	1.0	0.8065843621399177	0.0	1.0	draw2236	True
-0.8549203628287675	-1.5807316768693576	0.3014551931450827	3.967864825917079e-05	0.377613319608142	0.3779650666798966	258.0	0.0	0.11439316313043957	0.08638973924660973	0.09054661732132895	0.03697208021952339	1.1102230246251565e-16			0.0	1.0	1.0	1.0	0.8376623376623377	0.0	1.0	draw2240	True
-0.5207769874914645	-1.2842544171751793	0.2448326832438488	0.02897961735786769	0.25860357496521225	0.25860429361834175	164.0	0.0	0.8627008661721124	0.21596457710852088	0.0008956959508262912	0.25860357496521225	6.938893903907228e-17			0.0	1.0	1.0	1.0	0.7454545454545455	0.0	1.0	draw2241	True
-0.6514143439975963	-12.005024735118468	32.708916998800134	0.11742429782083653	1.399462166909472	1.3996194356308007	185.0	0.0	1.3600591459091542	0.3178432616138812	0.02054902703978534	1.399462166909472	1.6653345369377348e-16			0.0	1.0	1.0	1.0	0.8644859813084113	0.0	1.0	draw2242	True
-1.0392524659591533	-3.597164296057032	2.355280521757899	0.09268220703813013	0.7745645188418854	0.7746734343913964	162.0	0.0	0.5806411575536443	0.0011068989358249564	0.025391119927298884	0.7745645188418854	2.168404344971009e-19			0.0	1.0	1.0	1.0	0.8140703517587939	0.0	1.0	draw2243	True
-0.08857590402314622	-0.08857590402314622	0.0008107790830116558	6.379605474100544e-05	0.02980750222112548	0.029808674521069427	225.0	0.0	0.0008164444378363071	9.997069158630742e-07	0.0008107790830116558	6.379605474100544e-05	7.589415207398531e-19			0.0	1.0	1.0	1.0	0.8653846153846154	0.0	1.0	draw2244	True
-1.0574152472216325	-1.0574152472216325	0.008899940654486157	0.00567570129021267	0.017402433801072478	0.01740244538306029	111.0	0.0	0.010070177421433806	0.7809777242948166	0.008899940654486157	0.00567570129021267	1.3877787807814457e-17			0.0	0.0	1.0	1.0	0.3490566037735849	0.0	1.0	draw2246	True
-0.19836820671453978	-0.3580770810708559	0.0042028510778228815	4.9174620135218656e-05	0.011524355372381874	0.011524367039785283	245.0	0.0	0.052710431211971956	0.09479103718831214	3.628883272688957e-06	0.011524355372381874	2.168404344971009e-19			0.0	1.0	1.0	1.0	0.8657243816254417	0.0	1.0	draw2247	True
-0.4566711149788939	-0.4566711149788939	0.0014268436070630653	0.014646891300480965	0.017915127306809157	0.01791513417450114	120.0	0.0	0.034171255399813895	9.97173591102016e-07	0.0014268436070630653	0.014646891300480965	2.2234614865425384e-21			0.0	1.0	1.0	1.0	0.7792207792207793	0.0	1.0	draw2248	True
-0.10472014951147676	-0.10472014951147676	0.0006377276293780273	0.000462814575227555	0.004223058151555158	0.004223351132307944	128.0	0.0	0.010003421207996686	0.05907690928631982	0.0006377276293780273	0.000462814575227555	2.6020852139652106e-18			0.0	0.0	1.0	1.0	0.6994535519125683	0.0	1.0	draw2252	True
0.0987747963727546	-0.46665171294878105	0.03086120696236041	0.010044097053223271	0.06878119839091629	0.06879648146747855	167.0	18.0	0.6646099059261522	0.15442769259526873	0.00043403902014993955	0.06878119839091629	2.7755575615628914e-17	0.06147305414668913	0.005531491343637475	0.0	1.0	1.0	1.0	0.6706827309236948	0.0	1.0	draw2253	True
-0.2900021576472154	-0.9904604423794023	0.14108100078009433	0.00950115743393823	0.39765228513719636	0.39765329719104225	192.0	0.0	0.46761977131522925	0.06139870798985978	0.11432948402638066	0.11416048785149811	2.220446049250313e-16			0.0	1.0	1.0	1.0	0.7084870848708487	0.0	1.0	draw2259	True
-1.1805275619597568	-1.7655417224137133	0.7159897739818081	0.0002556118237573181	1.0805253653068856	1.0805798272542697	269.0	0.0	0.3805667857325853	0.22394907522620044	0.35327136574443385	0.3472602914128867	7.771561172376096e-16			0.0	1.0	1.0	1.0	0.8029850746268656	0.0	1.0	draw2260	True
-0.20410008099848084	-0.2250849584699712	0.0020340625450048725	6.789363850009803e-05	0.014792750571516262	0.014793252825079557	233.0	0.0	0.06591019792178153	0.04450957229202959	0.0003271127761988909	0.01380733623429549	4.336808689942018e-19			0.0	1.0	1.0	1.0	0.8893129770992366	0.0	1.0	draw2262	True
-0.05322109812122493	-0.21938247108905387	0.0011734816706815818	0.008906159860419195	0.07304413720177963	0.07304413849208481	167.0	0.0	0.512026314041651	0.052090057734330626	2.2031967586212667e-07	0.07304413720177963	3.015437292225309e-19			0.0	1.0	1.0	1.0	0.8743455497382199	0.0	1.0	draw2263	True
-0.053703694275381214	-0.09745164263943279	0.0018836065600750568	0.000617388245184566	0.024450174928075535	0.02445217888984266	188.0	0.0	0.4320536199902112	0.06357729132195424	1.336272881743201e-05	0.024450174928075535	3.9302328752599536e-19			0.0	1.0	1.0	1.0	0.8506787330316742	0.0	1.0	draw2265	True
-0.5992417674709687	-0.7440595536855633	0.04550284779530066	0.005841170174456058	0.06842980004790614	0.06843029897027532	171.0	0.0	0.1069881981027992	0.012372834567469012	4.629883186738666e-05	0.06842980004790614	2.168404344971009e-19			0.0	1.0	1.0	1.0	0.868020304568528	0.0	1.0	draw2266	True
-0.032734075748897855	-0.09497775736406447	0.0022175605667669363	0.018355852761980627	0.037930767824504254	0.037933276437465635	139.0	0.0	0.7694366661747093	0.016509859668805006	7.4828573418874315e-06	0.037930767824504254	3.2526065174565133e-19			0.0	1.0	1.0	1.0	0.8424242424242424	0.0	1.0	draw2267	True
-0.019388602094455743	-0.3223972802455152	0.008881721752143336	0.012105696735268191	0.029929484153564924	0.02992949984717235	149.0	0.0	0.20020461154663113	0.0013544429558025994	2.083283797460747e-06	0.029929484153564924	5.082197683525802e-21			0.0	1.0	1.0	1.0	0.8097826086956522	0.0	1.0	draw2268	True
-0.15347414491570344	-0.3215741558091309	0.013743654387473688	0.005935930355614556	0.06518827292545393	0.06520517365390044	172.0	0.0	0.3155823094512322	0.07916421356500251	0.00011503045118821444	0.06518827292545393	8.673617379884035e-19			0.0	1.0	1.0	1.0	0.8514851485148515	0.0	1.0	draw2269	True
-0.11539210823808387	-0.2691494354733319	0.00020919371846541207	0.012003887218371262	0.02208802394286114	0.022113431424017803	46.0	0.0	0.5623498867855145	0.38120761113745616	0.0003407930067959044	0.02208802394286114	4.163336342344337e-17			0.0	0.0	1.0	0.0	0.22330097087378642	0.0	1.0	draw2271	True
-0.03726115605206921	-0.1667766842012031	0.0006010123445606602	0.00043578669952880307	0.04208792151291739	0.04208793911308462	208.0	0.0	0.4453801982175616	0.10463913088790937	7.403601349103908e-07	0.04208792151291739	1.7618285302889447e-19			0.0	1.0	1.0	1.0	0.8927038626609443	0.0	1.0	draw2273	True
-0.26484535436743634	-0.5833131960546061	0.001717721085900184	7.149822123347558e-05	0.034295965262621346	0.03429855079834202	250.0	0.0	0.10027245884876122	0.07478190262234333	1.9174527044171096e-05	0.034295965262621346	8.131516293641283e-20			0.0	1.0	1.0	1.0	0.8802816901408451	0.0	1.0	draw2277	True
-0.15001025131759319	-0.26336319294756994	0.017328048322310996	0.009151544579663285	0.073052557429948	0.07306221758540682	160.0	0.0	0.6796023105537123	0.02112737674813769	0.0003388286180013172	0.073052557429948	1.6127507315721878e-18			0.0	1.0	1.0	1.0	0.8648648648648649	0.0	1.0	draw2278	True
-0.10165380908215514	-3.7162450384912296	3.4520032395557	0.009557106691353455	0.6784605007704655	0.6784768064501894	202.0	0.0	0.7748368225771904	0.0842360028617977	0.00038178608424562345	0.6784605007704655	1.214306433183765e-17			0.0	1.0	1.0	1.0	0.8898678414096917	0.0	1.0	draw2279	True
-0.23275095072787377	-13.79914304815929	3.5107533160604527	0.0034833215831871966	0.1511004415493067	0.15119470068495217	203.0	0.0	0.6795277691351557	0.11924061186155367	0.09348158747427314	0.09516573628207249	1.3877787807814457e-16			0.0	1.0	1.0	1.0	0.7718631178707225	0.0	1.0	draw2283	True
-0.16693136230451305	-0.16693136230451305	0.015318731923536177	0.024774869613928753	0.04337708412603431	0.04339184349191143	37.0	0.0	0.17152986138602838	0.3445416938398709	0.015318731923536177	0.024774869613928753	5.551115123125783e-17			0.0	0.0	1.0	1.0	0.137546468401487	0.0	1.0	draw2285	True
-0.4346559374681535	-0.8834959166081824	0.03434258862163339	0.0002704867389113378	0.0781547816162029	0.07836641862451563	196.0	0.0	0.4425287809318742	0.4157585127928603	0.005311149221166782	0.0781547816162029	4.163336342344337e-17			0.0	1.0	1.0	1.0	0.8558951965065502	0.0	1.0	draw2286	True
-0.09912240445103793	-0.4009834537022015	0.0353815840926325	0.01078076149016051	0.057254816376162955	0.05725607198889451	156.0	0.0	0.5398410761836027	0.020583457641133306	8.721044492564812e-05	0.057254816376162955	2.1531577519204315e-18			0.0	1.0	1.0	1.0	0.8571428571428571	0.0	1.0	draw2288	True
-0.3099280448306109	-1.2036793478041927	0.01865098167736581	0.0035981279000312874	0.16972175704071255	0.16981369382088718	154.0	0.0	1.6770932300295125	0.16316533327564273	0.008349574747487067	0.16972175704071255	1.942890293094024e-16			0.0	1.0	1.0	1.0	0.8651685393258427	0.0	1.0	draw2290	True
-0.1609060537354196	-6.091229398018898	9.27049674720258	0.5074238180967221	1.1969771366801485	1.1969793581718116	138.0	0.0	0.5744848867526465	0.0009466794811755829	0.0009833835707257926	1.1969771366801485	4.87890977618477e-19			0.0	1.0	1.0	1.0	0.8023255813953488	0.0	1.0	draw2294	True
-0.056894137819793925	-0.9076493906436781	0.1725940260254091	0.04264933226326763	0.10895240809944323	0.10895402923983255	154.0	0.0	0.43757550532161243	0.00395893306795981	3.445442042867573e-05	0.10895240809944323	4.0657581468206416e-20			0.0	1.0	1.0	1.0	0.8148148148148148	0.0	1.0	draw2295	True
-0.16514801919964367	-8.902094049069095	1.0340035454513516	0.7219142652281878	1.250342719947602	1.2503437679190572	158.0	0.0	0.3774088117967737	0.004865593903991115	0.0002453213089285447	1.250342719947602	1.7914746834428452e-19			0.0	1.0	1.0	1.0	0.8272251308900523	0.0	1.0	draw2297	True
-1.3020723536969492	-1.9027607647808757	0.6927930218685695	0.09969216520085582	0.19096081332074977	0.19096086703658408	123.0	0.0	0.5842993060958651	0.0001173045492353015	0.00035954367543374716	0.19096081332074977	2.8269724614612274e-20			0.0	1.0	1.0	1.0	0.7068965517241379	0.0	1.0	draw2298	True
-0.037604480922578065	-0.512478844470322	0.03478174938216257	0.045938713610397114	0.1506717928258219	0.15067349363900992	151.0	0.0	0.6323884735765495	0.003583129661912872	2.0820395523808947e-05	0.1506717928258219	2.303929616531697e-19			0.0	1.0	1.0	1.0	0.848314606741573	0.0	1.0	draw2299	True
-0.4297699693038364	-6.390041991373042	1.2994660635578492	0.030914217927886012	0.37326782595935976	0.3732758856099011	192.0	0.0	0.22364015659712838	0.06432379052426763	0.0012119409118856055	0.37326782595935976	8.673617379884035e-18			0.0	1.0	1.0	1.0	0.8767123287671232	0.0	1.0	draw2300	True
-0.29069767681320996	-0.29069767681320996	0.1431942682390676	0.030540393801089995	0.05913979944827898	0.05914697573974516	57.0	0.0	0.0646972477052217	0.023752038067028802	0.1431942682390676	0.030540393801089995	1.734723475976807e-17			0.0	0.0	1.0	1.0	0.21509433962264152	0.0	1.0	draw2301	True
-2.3650208820304806	-16.706778755097307	32.92964095382273	0.09010523032309149	0.8631452672253791	0.8631452711728687	192.0	0.0	0.4360182111806248	0.011262513075265015	0.0002311515690962002	0.8631452672253791	6.827085554869661e-18			0.0	1.0	1.0	1.0	0.8421052631578947	0.0	1.0	draw2307	True
-0.19555186886840625	-9.75465567378762	2.1182718721978215	0.15565999666496796	0.9488608514035973	0.9488726232979667	183.0	0.0	0.7500044880730855	0.012861132293566564	0.0005191200065763806	0.9488608514035973	6.505213034913027e-19			0.0	1.0	1.0	1.0	0.8511627906976744	0.0	1.0	draw2308	True
-1.31452478560997	-2.5355850725434275	1.4996241598344162	0.0028229870805826156	0.4725049399630662	0.47292410591271794	213.0	0.0	0.406668977772674	0.8178513385092668	0.05980233701902331	0.4725049399630662	2.220446049250313e-16			0.0	1.0	1.0	1.0	0.7220338983050848	0.0	1.0	draw2309	True
-0.012635583118876532	-0.4504940313077923	0.005968205418620784	0.07702170271838134	0.16436271881101144	0.16436276160668062	127.0	0.0	0.5665709854850239	0.00013463301294357882	3.2392427614716176e-06	0.16436271881101144	9.872400610820385e-22			0.0	1.0	1.0	1.0	0.7257142857142858	0.0	1.0	draw2311	True
-0.2919566591596969	-0.38087775097365817	0.0006111954699204396	0.0010508127624947845	0.05439404365981011	0.05439437159548846	200.0	0.0	0.1683865939167036	0.21930946078869332	3.605660772531838e-06	0.05439404365981011	2.168404344971009e-19			0.0	1.0	1.0	1.0	0.8968609865470852	0.0	1.0	draw2313	True
-3.989598194415014	-9.221130737885064	10.813723649951253	0.04602566348996993	0.4730357126963694	0.47303790056573075	167.0	0.0	0.8079073756059671	0.0012678978576962344	0.0068204354418237	0.4730357126963694	1.734723475976807e-18			0.0	1.0	1.0	1.0	0.8186274509803921	0.0	1.0	draw2316	True
-0.1883456715507985	-0.460580888852361	0.037723991706733795	0.010721596931058484	0.23410605477797988	0.23411053957821432	178.0	0.0	0.8271448925528028	0.11792361875450817	0.00020582239566907008	0.23410605477797988	1.3010426069826053e-17			0.0	1.0	1.0	1.0	0.89	0.0	1.0	draw2317	True
-0.1477916405654199	-0.514379675352844	0.06558638843748629	0.0198160670761918	0.16400918970462544	0.1640162386148258	166.0	0.0	0.8020187251402023	0.2638565731961266	0.00011843188657424612	0.16400918970462544	1.3877787807814457e-17			0.0	1.0	1.0	1.0	0.8736842105263158	0.0	1.0	draw2318	True
-0.024597620300921146	-0.3012707262423814	0.0018120592794155879	0.0003940786436431814	0.0077349608320499905	0.007734980694423143	173.0	0.0	0.5980886559166488	0.1331721820028544	0.00022711648284956523	0.007286008556567319	1.214306433183765e-17			0.0	1.0	1.0	1.0	0.7899543378995434	0.0	1.0	draw2321	True
-0.2836473249688029	-0.3217829578011383	0.0038920515477023424	0.00011018694625017668	0.036160741225648184	0.03622062411679599	232.0	0.0	0.10289241689741392	0.07705711602417874	0.0016752586832930556	0.031205946297282693	1.3010426069826053e-18			0.0	1.0	1.0	1.0	0.7435897435897436	0.0	1.0	draw2322	True
-1.980589762828924	-5.87789132657114	4.616718703076771	0.00501430598046547	0.5858629183016737	0.5871538854525986	196.0	0.0	0.3626830534733132	0.17016512154731617	0.48315376728842635	0.5858629183016737	4.440892098500626e-16			0.0	1.0	1.0	1.0	0.6877192982456141	0.0	1.0	draw2324	True
-0.8784446306201822	-1.0739918160005848	0.040976049497604916	0.00023868946098705307	0.014522830798599035	0.014522835373920854	294.0	0.0	0.010551543982280783	0.0071666821765669474	0.005146812271082392	0.01009396736301703	6.938893903907228e-18			0.0	1.0	1.0	1.0	0.7050359712230215	0.0	1.0	draw2325	True
-0.17351310555316413	-0.22279428314885388	0.009591433099834746	0.0034318808286947005	0.11733876575878793	0.1173729072239492	169.0	0.0	1.0153978282782645	0.13490852661570432	0.0001821769116538054	0.11733876575878793	2.4936649967166602e-18			0.0	1.0	1.0	1.0	0.8756476683937824	0.0	1.0	draw2327	True
-6.373830192041735	-15.483925952107702	27.155595190552255	0.013974472452001858	0.32985491122517335	0.32985573403432766	192.0	0.0	0.48486960320633266	0.019275250451042378	0.008952769136179664	0.32985491122517335	6.505213034913027e-17			0.0	1.0	1.0	1.0	0.8847926267281107	0.0	1.0	draw2330	True
-0.32149342407790216	-5.139338538414723	0.02422868654426159	0.027753427340120578	0.41665832976976375	0.4167718588141326	190.0	0.0	0.237110317746732	0.04669724956807172	0.0001904549353811228	0.41665832976976375	1.4907779871675686e-19			0.0	1.0	1.0	1.0	0.8755760368663594	0.0	1.0	draw2331	True
-1.090489530917651	-1.090489530917651	0.2235939989225286	0.0004779503749909697	0.0890225071289677	0.08903673726782058	223.0	0.0	0.0005861788115745293	9.996923107545577e-07	0.2235939989225286	0.0004779503749909697	1.5612511283791264e-17			0.0	1.0	1.0	1.0	0.8544061302681992	0.0	1.0	draw2333	True
-0.3871310184444353	-0.47925161640634506	0.05512037029893632	0.0011683430929122812	0.1914917640983702	0.19149316508377368	209.0	0.0	0.5429975766259476	0.08183710567262123	0.03126380270878129	0.13659520574908976	9.71445146547012e-17			0.0	1.0	1.0	1.0	0.8393574297188755	0.0	1.0	draw2335	True
-0.9603134071910275	-2.478731119729634	1.523193072796219	0.020193944760565036	0.2904349829407561	0.29053419543387204	182.0	0.0	0.4394895106147242	0.13159229088106256	0.029743421081346845	0.2904349829407561	1.1102230246251565e-16			0.0	1.0	1.0	1.0	0.8708133971291866	0.0	1.0	draw2336	True
-0.4137177525760779	-0.4225746621552404	0.03522391953994979	0.0001717663301317852	0.024549004415678862	0.024561082190950656	222.0	0.0	0.03576617001255866	0.006942419277652366	0.02641319107327333	0.010575335236885208	1.431146867680866e-17			0.0	1.0	1.0	1.0	0.7816901408450704	0.0	1.0	draw2337	True
-0.8971307843772967	-2.147259073808846	0.11575703306525174	0.007953824382568394	0.6068067456998836	0.6072278764329028	203.0	0.0	0.42973135856181816	0.37575714371529495	0.0016197151734417207	0.6068067456998836	2.6020852139652106e-18			0.0	1.0	1.0	1.0	0.8826086956521739	0.0	1.0	draw2339	True
-4.959779534027886	-4.959779534027886	0.7143851411345988	0.3034458107279873	0.5151483967169891	0.5151558604591664	44.0	0.0	0.06144232091516169	1.6167860274651862	0.7143851411345988	0.3034458107279873	2.7755575615628914e-16			0.0	0.0	1.0	1.0	0.32592592592592595	0.0	1.0	draw2340	True
-0.09733137105553803	-0.09733137105553803	0.00016360608862026234	0.0009756250958890003	0.004494425971976398	0.004494756810012798	112.0	0.0	0.010000114510510996	0.000835384560994495	0.00016360608862026234	0.0009756250958890003	1.3010426069826053e-18			0.0	0.0	1.0	1.0	0.4534412955465587	0.0	1.0	draw2343	True
-0.6467874985980119	-5.431564259778132	0.3684720699332683	0.0005232013765593993	1.1489135125979482	1.1495516627838775	221.0	0.0	1.1865036046398256	0.5054307139123009	1.1637242117263416	0.7142119125416921	7.771561172376096e-16			0.0	1.0	1.0	1.0	0.7673611111111112	0.0	1.0	draw2344	True
-5.527531211837433	-12.162191526322497	0.17821933282784594	0.02038491278256723	0.09065333570823896	0.09065361128881844	171.0	0.0	0.01011196450183937	0.004984772159222085	0.00016936339412000894	0.09064904691523704	1.6940658945086007e-20			0.0	1.0	1.0	1.0	0.8636363636363636	0.0	1.0	draw2346	True
-0.038202063757834394	-0.49285344942017345	0.015228213873784967	0.03559750773522293	0.1764088330897614	0.17640928815146534	158.0	0.0	0.7748329298109438	0.006367723479565554	1.7277969481667757e-05	0.1764088330897614	9.486769009248164e-20			0.0	1.0	1.0	1.0	0.8359788359788359	0.0	1.0	draw2349	True
-0.1030191852916032	-0.5971960505876737	0.08901520368263416	0.005962690839268117	0.0877690352767815	0.08778342361097383	192.0	0.0	2.031579696755712	0.2652496476495978	0.00014893581446402438	0.0877690352767815	2.42861286636753e-17			0.0	1.0	1.0	1.0	0.8888888888888888	0.0	1.0	draw2351	True
-0.08147495220011729	-0.09000724686421875	0.000293109143903819	0.00036926029958632157	0.019716980395543027	0.019721046595957952	193.0	0.0	0.22553902754280716	0.021977660095017754	3.176447019535071e-05	0.019192437639346156	4.743384504624082e-20			0.0	1.0	1.0	1.0	0.8693693693693694	0.0	1.0	draw2353	True
-0.031682404925877455	-0.21499629925604127	0.005723593073612958	0.022229135898387816	0.1435716962275272	0.14357330249333816	153.0	0.0	0.8685446594977144	0.0064661912108339705	3.814467347527276e-05	0.1435716962275272	1.9236912325533212e-19			0.0	1.0	1.0	1.0	0.8547486033519553	0.0	1.0	draw2359	True
0.008118915239329234	-1.3001169026333188	0.34673200747939703	0.025400449544327904	0.12025212864049495	0.12027571388679083	206.0	13.0	1.6233671650967345	0.43172956573985316	0.0025082536109138818	0.08384485433468636	4.163336342344337e-17	0.07446907979072656	0.002278359966060462	0.0	1.0	1.0	1.0	0.7803030303030303	0.0	1.0	draw2360	True
-0.45428041494063875	-2.360368189144674	0.01267901943097877	0.0006560204798405238	0.009655614872942076	0.009656688754478632	158.0	0.0	0.9154898932426083	0.04866777964556865	0.0013096819927166366	0.009610743637939173	3.9898639947466563e-17			0.0	1.0	1.0	1.0	0.8777777777777778	0.0	1.0	draw2362	True
-14.687227542683388	-17.32781919971544	12.559008116193212	0.01748533525579558	0.19182161038793616	0.1918274661917105	165.0	0.0	0.5048247437869395	0.000749200832862604	0.05658915788649955	0.19182161038793616	4.0115480381963664e-18			0.0	1.0	1.0	1.0	0.812807881773399	0.0	1.0	draw2367	True
-0.04385412213850452	-1.0838059820472026	0.25469099086150127	0.015861400007044352	0.303924467011448	0.3039553893510945	175.0	0.0	1.6711345491772591	0.028427876767464402	0.000734395602506682	0.303924467011448	6.938893903907228e-18			0.0	1.0	1.0	1.0	0.8578431372549019	0.0	1.0	draw2369	True
-0.03765077053116717	-1.3450469773692677	0.025302947470857384	0.010773214748319765	0.4323930474262759	0.4323956688095672	191.0	0.0	0.6810275644721788	0.018737199274728483	3.768787301396468e-05	0.4323930474262759	1.8973538018496328e-19			0.0	1.0	1.0	1.0	0.8761467889908257	0.0	1.0	draw2372	True
-0.9743916680309099	-5.424932612004148	0.17415369886201007	0.02987076379806588	1.6495561399228205	1.649736751595546	196.0	0.0	0.4184603837165324	0.1403727396560349	0.0017283843622911096	1.6495561399228205	2.7172816947917955e-18			0.0	1.0	1.0	1.0	0.8711111111111111	0.0	1.0	draw2377	True
-0.6608645947566643	-2.1645710851710462	0.13010444795047688	0.0005432102612685986	0.3733655084545521	0.37340407841952017	244.0	0.0	0.39759889811066385	0.242046210019541	0.0008649920564503517	0.3733655084545521	3.686287386450715e-18			0.0	1.0	1.0	1.0	0.8531468531468531	0.0	1.0	draw2378	True
-1.432610299460813	-1.432610299460813	0.051415311775935967	0.021312587726240013	0.1251295804446289	0.1251319167779224	154.0	0.0	0.0162629277518424	9.978598508956925e-07	0.051415311775935967	0.021312587726240013	1.0842021724855044e-19			0.0	1.0	1.0	1.0	0.8555555555555555	0.0	1.0	draw2379	True
-1.385803998297291	-1.5329975679233008	0.015184492960854203	0.00015050555911160637	0.015231114241520896	0.015250713897979084	201.0	0.0	0.014573770796997156	0.8508266258651501	0.00026819061732928206	0.015231114241520896	9.75781955236954e-19			1.0	0.0	1.0	1.0	0.881578947368421	0.0	1.0	draw2380	True
-0.5167612447209412	-5.123988888003897	1.5427274751288478	0.013581811216128694	0.4510057683760529	0.4510975178669654	180.0	0.0	1.2552417262901714	0.7717381283278206	0.006111074617021492	0.4510057683760529	3.3306690738754696e-16			0.0	1.0	1.0	1.0	0.8411214953271028	0.0	1.0	draw2382	True
-0.13194760629598637	-0.13194760629598637	0.0038893294137748143	0.004292145418230135	0.026070412318715066	0.026075663333285048	145.0	0.0	0.07583073125198475	9.869573483357462e-07	0.0038893294137748143	0.004292145418230135	3.7947076036992655e-19			0.0	1.0	1.0	1.0	0.8579881656804734	0.0	1.0	draw2384	True
-0.250088019173915	-9.285950903630589	1.9089639546546016	0.02777208303438463	1.004789803629557	1.0048014663675244	182.0	0.0	0.7016520874420515	0.2602706372996242	0.4769340919173657	0.3247259675307028	1.1102230246251565e-15			0.0	1.0	1.0	1.0	0.6920152091254753	0.0	1.0	draw2386	True
-0.6903970839419344	-13.14882921279271	25.530017754021983	0.031083050685218706	2.1532236803983946	2.1532542107582193	222.0	0.0	0.6980424406664955	0.11219676655935792	0.5721811540243967	0.8837076787947787	8.881784197001252e-16			0.0	1.0	1.0	1.0	0.7762237762237763	0.0	1.0	draw2387	True
-0.03935200383515801	-0.03935200383515801	0.0002820499302306494	0.07707787809201586	0.19870933462753254	0.19873931197834901	40.0	0.0	1.2521499070249078	0.8904028262595459	0.0002820499302306494	0.07707787809201586	1.1102230246251565e-16			0.0	0.0	1.0	0.0	0.136986301369863	0.0	1.0	draw2388	True
-0.25642399552341955	-1.428879077808667	0.01416433473008845	0.00028932629635211035	0.8075920593983469	0.807592366762742	204.0	0.0	0.47388853308797857	0.038743179840925755	0.14326248648949216	0.03438322475314938	6.661338147750939e-16			0.0	1.0	1.0	1.0	0.7132867132867133	0.0	1.0	draw2390	True
-0.5057181926508483	-0.5057181926508483	0.0049345879352427745	0.019712257314715653	0.09657258306135985	0.09657791448809526	151.0	0.0	0.0409782896885675	9.9431944489939e-07	0.0049345879352427745	0.019712257314715653	4.404571325722362e-20			0.0	1.0	1.0	1.0	0.8579545454545454	0.0	1.0	draw2391	True
-0.07045297800859945	-3.9909534183669853	0.10253345970030497	0.16141185053959098	1.1753640387103632	1.1754106743485893	157.0	0.0	0.5188265843400783	0.0007465327408317046	0.001031913486356604	1.1753640387103632	5.929230630780102e-21			0.0	1.0	1.0	1.0	0.8134715025906736	0.0	1.0	draw2393	True
-0.23968181495647917	-2.8092291728193235	0.004080586087685959	0.030186775864408252	0.3778077175892586	0.37781366169028846	182.0	0.0	0.3044022963539806	0.05339336510222544	8.474495909250116e-06	0.3778077175892586	6.437450399132683e-20			0.0	1.0	1.0	1.0	0.883495145631068	0.0	1.0	draw2394	True
0.017036271247295006	0.004915288943466151	3.97850084087733e-05	0.02760292865670724	0.10235336812211551	0.1023603668755976	62.0	31.0	1.2739308908814784	0.050860057949293484	0.0006608511336081618	0.029906485467770607	4.163336342344337e-17	0.02760292865670724	3.97850084087733e-05	0.0	0.0	1.0	0.0	0.2672413793103448	0.0	1.0	draw2396	True
-0.29322106419929794	-0.3111939005941521	0.0030420281122210658	0.0032270305692856925	0.022064345095394094	0.022066965132948098	162.0	0.0	0.07427528293715095	0.01589785710131472	1.409181084066825e-05	0.022064345095394094	2.710505431213761e-20			0.0	1.0	1.0	1.0	0.8617021276595744	0.0	1.0	draw2400	True
-2.805631493918617	-92.04435648095964	52.46394217706412	0.02322344899946118	2.543356626865626	2.543718214044153	184.0	0.0	1.7113459610515305	0.32250204279490285	0.12228871613996248	2.543356626865626	1.7763568394002505e-15			0.0	1.0	1.0	1.0	0.8975609756097561	0.0	1.0	draw2401	True
-0.01588444069131015	-0.3500451247972	0.002696942432371188	0.00996428618546111	0.08494174793582347	0.084941776451494	168.0	0.0	0.45539289383182474	0.011284518363456623	1.2252247585497773e-06	0.08494174793582347	5.421010862427522e-20			0.0	1.0	1.0	1.0	0.8571428571428571	0.0	1.0	draw2404	True
-3.1899742158004685	-13.600270099821456	0.1477323080657391	0.6465152981109975	1.6640334299280704	1.6640879074378947	149.0	0.0	0.17889770312572884	0.00429791316452096	0.00020761533939573	1.6640334299280704	1.1858461261560205e-20			0.0	1.0	1.0	1.0	0.8370786516853933	0.0	1.0	draw2406	True
-0.3623360270764679	-0.4470197753836275	0.010765638689732817	0.02628049348662139	0.02798690988349587	0.027987782556354927	34.0	0.0	0.5261604467725715	3.639259451994485e-06	0.00019987923019825187	0.02798690988349587	8.470329472543003e-22			0.0	1.0	1.0	1.0	0.20606060606060606	0.0	1.0	draw2409	True
-0.4658368463167036	-0.7635100943429162	0.027174948561587278	0.0027390313641086493	0.04562337309725175	0.04562629986459062	187.0	0.0	0.08391713992483846	0.1047400412349708	0.0009044970434819954	0.04547522801891138	1.1926223897340549e-18			0.0	1.0	1.0	1.0	0.8779342723004695	0.0	1.0	draw2412	True
-1.2101110964252828	-1.3592936883856026	0.09645220677225949	0.06413514416247995	0.07141998607864446	0.07142041637015263	39.0	0.0	0.6653360859470837	4.766273458633172e-06	0.0007701525358498465	0.07141998607864446	3.8116482626443515e-21			0.0	1.0	1.0	1.0	0.2392638036809816	0.0	1.0	draw2413	True
-0.2826229937739924	-0.2927562943317866	0.012988108625176414	0.000227800947464855	0.05080811580060682	0.050824022004031015	221.0	0.0	0.13581782747471044	0.07347304964332015	0.007462085367000594	0.0316481525494308	6.938893903907228e-18			0.0	1.0	1.0	1.0	0.884	0.0	1.0	draw2420	True
-0.01964699614424334	-0.9165780373910105	0.020548122695079364	0.007019066290066884	0.06545736141758704	0.06547847771943044	152.0	0.0	2.875070266449353	0.09664463515278626	9.949552466718342e-05	0.06545736141758704	1.0408340855860843e-17			0.0	1.0	1.0	1.0	0.8491620111731844	0.0	1.0	draw2423	True
-1.4014421770697916	-16.050400870908923	1.570995416383749	0.006976175223461522	0.052416513800761524	0.052416520031449525	164.0	0.0	0.8821461708303668	0.01624186868146762	6.954717632382321e-05	0.052416513800761524	1.7352316957451597e-17			0.0	1.0	1.0	1.0	0.8723404255319149	0.0	1.0	draw2424	True
-0.2267860225018274	-0.6859693658630257	0.09534313050965232	0.010568276303402919	0.052681012735502644	0.052682840344528276	148.0	0.0	0.26362559337004626	0.0033219490179923743	0.0007689245082351195	0.05263585140356178	4.675621868843738e-19			0.0	1.0	1.0	1.0	0.8457142857142858	0.0	1.0	draw2426	True
-2.8887606554737175	-3.062859277008982	0.010697392090516622	0.016368233414276425	0.11810224531464637	0.11811175991097594	165.0	0.0	0.03959567498949352	0.010367282368772799	3.071225592045199e-05	0.11810224531464637	6.776263578034403e-21			0.0	1.0	1.0	1.0	0.868421052631579	0.0	1.0	draw2428	True
-0.7425406085733073	-0.9558734294104639	0.10291367575228755	0.016652510718134308	0.040712419297759185	0.040713345799417267	98.0	0.0	0.5335061965548135	3.0781667506767995e-05	0.00047915799516624826	0.040712419297759185	8.470329472543003e-21			0.0	1.0	1.0	1.0	0.5414364640883977	0.0	1.0	draw2429	True
0.3182626671795662	-9.77561560613458	0.7966759987856372	0.00955703796154159	0.333187452511882	0.3331917821608429	173.0	3.0	3.5680050569061765	0.12016519892217874	0.001401919285134288	0.333187452511882	1.942890293094024e-16	0.3316300865872156	0.03034722973795581	0.0	1.0	1.0	1.0	0.8277511961722488	0.0	1.0	draw2431	True
-0.10828017806390271	-0.10828017806390271	0.002105590367248858	6.530352754087436e-05	0.013152185982811676	0.013153272557883667	205.0	0.0	0.002591422428202686	9.992140940953393e-07	0.002105590367248858	6.530352754087436e-05	7.87486531062323e-18			0.0	1.0	1.0	1.0	0.8167330677290837	0.0	1.0	draw2436	True
-0.9986701551387318	-2.2578748235610098	0.019534602603034662	0.011870169509651217	0.44027958856081345	0.44027975417833165	194.0	0.0	0.3007936017892743	0.05598393205721354	6.947368564507407e-06	0.44027958856081345	1.0842021724855044e-19			0.0	1.0	1.0	1.0	0.8899082568807339	0.0	1.0	draw2438	True
-5.855440671629137	-5.855440671629137	4.550794747742669	0.2693990458914065	0.7043601611745708	0.7043601759377395	52.0	0.0	0.04380093655910213	0.2871217956344694	4.550794747742669	0.2693990458914065	2.220446049250313e-16			0.0	0.0	1.0	1.0	0.18772563176895307	0.0	1.0	draw2439	True
-0.042112140694248915	-0.17066666167510283	1.9679023075494953e-08	0.0025036676136857	0.004587455196049059	0.004589745297237879	54.0	0.0	1.8075889611554523	0.3454821122632113	3.763673626955035e-05	0.002733867618066091	3.426078865054194e-17			0.0	0.0	1.0	0.0	0.2983425414364641	0.0	1.0	draw2440	True
-0.6424611658627548	-1.0644676407248184	0.01419192022875798	0.0003605581173130785	0.06302818095035588	0.0630545613612042	232.0	0.0	0.08524213631874168	0.2792842014508493	0.00040699165787029296	0.06302818095035588	1.328147661294743e-18			0.0	1.0	1.0	1.0	0.8197879858657244	0.0	1.0	draw2442	True
-0.023946163127993567	-0.023946163127993567	2.7684807746329985e-05	4.056638401485775e-06	0.0012437252519848397	0.0012437651126304436	241.0	0.0	0.00017859905479515495	9.996504884165104e-07	2.7684807746329985e-05	4.056638401485775e-06	2.202285662861181e-20			0.0	1.0	1.0	1.0	0.8546099290780141	0.0	1.0	draw2443	True
-0.10976711617016298	-0.2213587831553308	0.012141600546405689	0.004203261347299789	0.04039191464552226	0.04039521242956144	163.0	0.0	0.32938273217989833	0.027776433129375083	4.707491961993532e-05	0.04039191464552226	1.3010426069826053e-18			0.0	1.0	1.0	1.0	0.8489583333333334	0.0	1.0	draw2444	True
-58.13445509845315	-58.13445509845315	65.78552792431232	0.3620446097075063	0.4630441519496377	0.4630659639036179	57.0	0.0	0.21627646926147348	9.959449416476625e-07	65.78552792431232	0.3620446097075063	2.5379224682106974e-19			0.0	1.0	1.0	1.0	0.31666666666666665	0.0	1.0	draw2445	True
-0.054095763939692044	-0.054920821557902885	3.9268205951338446e-05	4.9059741052945556e-05	0.0009877227352265655	0.0009877376766041967	195.0	0.0	0.016723656017333777	0.00395765647491062	5.412250667098961e-06	0.0009053586609426979	3.3881317890172014e-21			0.0	1.0	1.0	1.0	0.8783783783783784	0.0	1.0	draw2447	True
-0.03265620917282507	-0.04756363452814298	0.0005596740072800073	0.0008004127321306223	0.018676139824369407	0.018678196902591697	170.0	0.0	0.7014086692074618	0.035641874417543074	1.8582255607473822e-05	0.018676139824369407	6.776263578034403e-19			0.0	1.0	1.0	1.0	0.8717948717948718	0.0	1.0	draw2448	True
-0.6117981901680701	-1.416173537052103	0.15474793650495647	0.03187505276385984	0.1493796262006404	0.14937980050414465	155.0	0.0	0.15430663244604179	0.0023833681375112553	3.0353819897352423e-05	0.1493796262006404	1.3383120566617945e-19			0.0	1.0	1.0	1.0	0.8469945355191257	0.0	1.0	draw2449	True
-4.85173964769324	-4.85173964769324	5.4682166882897985	0.4912560031976001	1.3360287620079438	1.3365014763790954	48.0	0.0	0.09968065491670493	0.3512980476357927	5.4682166882897985	0.4912560031976001	8.881784197001252e-16			0.0	0.0	1.0	1.0	0.23300970873786409	0.0	1.0	draw2451	True
-0.1428795262288635	-0.15465238648903473	0.005574018887499782	0.0006629357754799089	0.03902239076482826	0.0390607896228913	192.0	0.0	0.3734096707224459	0.17941339592506206	0.0003523022750842624	0.03902239076482826	6.071532165918825e-18			0.0	1.0	1.0	1.0	0.7470817120622568	0.0	1.0	draw2454	True
-0.23435697541231268	-0.3977159614912553	0.038721188624079646	0.0022377718542378015	0.13148941076009255	0.13149655810325947	191.0	0.0	0.5966411742586656	0.3780126220286373	0.0024132207152421613	0.13036963339330768	3.2959746043559335e-17			0.0	1.0	1.0	1.0	0.799163179916318	0.0	1.0	draw2455	True
-0.2610889940625904	-1.9924908279240818	0.8455330833639447	0.07446244675496089	0.2537902135032532	0.25379126767632015	158.0	0.0	0.3585637711245732	0.007642658536937689	0.00029465362632477733	0.2537902135032532	7.10660642746358e-19			0.0	1.0	1.0	1.0	0.8540540540540541	0.0	1.0	draw2456	True
-0.10295294189046622	-2.5711965212323613	0.3124675200851134	0.029691484050075052	0.318228479364095	0.3182335771652178	176.0	0.0	0.40707381194643083	0.0017714903743185069	0.00037061998518632476	0.318228479364095	2.710505431213761e-20			0.0	1.0	1.0	1.0	0.822429906542056	0.0	1.0	draw2457	True
-1.7491861918935692	-1.996488085042268	0.3309687045972602	0.011554391546143686	0.0512422442301116	0.05124308479481701	152.0	0.0	0.028520281147516903	0.0007012788764798089	0.005806652756192623	0.050987796434094186	5.262192184817341e-20			0.0	1.0	1.0	1.0	0.8306010928961749	0.0	1.0	draw2460	True
-0.1326098820560099	-0.19927388647497624	0.00847068768034718	0.016718841340349927	0.037253061440803134	0.03725328609725953	135.0	0.0	0.270936896431537	0.0027498784819780277	1.6986891048004248e-05	0.037250589986525764	9.486769009248164e-20			0.0	1.0	1.0	1.0	0.8282208588957055	0.0	1.0	draw2461	True
-0.3679735921345729	-0.3679735921345729	0.6390384899309474	0.13705368603919338	1.0370225547959782	1.0375703820634852	46.0	0.0	0.5850066376973599	0.45582369174145654	0.6390384899309474	0.13705368603919338	6.661338147750939e-16			0.0	0.0	1.0	1.0	0.323943661971831	0.0	1.0	draw2464	True
-0.0754879449872302	-0.07815490300178031	8.673364665249923e-06	0.0007053299093560494	0.018158075494483318	0.018159046627977366	182.0	0.0	0.23620154150036185	0.06430457205728811	8.25619552404486e-08	0.018158075494483318	4.235164736271502e-21			0.0	1.0	1.0	1.0	0.8584905660377359	0.0	1.0	draw2466	True
-0.13013429445868818	-0.13013429445868818	0.00422940951010209	0.0010355822460854436	0.15526637603243154	0.15532880568758134	185.0	0.0	0.015599445193505198	9.991013538452303e-07	0.00422940951010209	0.0010355822460854436	3.469446951953614e-18			0.0	1.0	1.0	1.0	0.8685446009389671	0.0	1.0	draw2467	True
-0.20807302585317086	-0.20807302585317086	0.002439532200277343	0.0026366343327081914	0.05520996266389427	0.055212808908709235	150.0	0.0	0.26822722304803537	9.866005412364814e-07	0.002439532200277343	0.0026366343327081914	1.1102230246251565e-16			0.0	1.0	1.0	1.0	0.8771929824561403	0.0	1.0	draw2468	True
-1.3254718111208477	-2.119409715860696	0.18874353896060586	0.026880901268748206	0.12117659288326031	0.12117702326188433	153.0	0.0	0.07041423324817346	0.0017753429547444988	9.456462896642386e-05	0.12117659288326031	8.131516293641283e-20			0.0	1.0	1.0	1.0	0.8360655737704918	0.0	1.0	draw2469	True
-0.7414982876038942	-1.0913392943205293	0.0006789804938792741	0.004982550526190148	0.23898611189249577	0.23914246842364245	195.0	0.0	0.25946370562360205	0.159910753819777	3.686896737870531e-05	0.23898611189249577	9.486769009248164e-20			0.0	1.0	1.0	1.0	0.826271186440678	0.0	1.0	draw2470	True
-0.43923374248132563	-0.43923374248132563	2.8183654559992056e-07	0.00038812062550782104	0.0021114100907989237	0.002111418935981882	181.0	0.0	0.000880448030134702	9.999835384133006e-07	2.8183654559992056e-07	0.00038812062550782104	8.673617379884035e-19			0.0	1.0	1.0	1.0	0.8743961352657005	0.0	1.0	draw2471	True
-10.208603576425501	-23.20925533983004	3.6710137011878787	0.07591758348731718	0.44760118975673524	0.4476033048793065	172.0	0.0	0.028299088010625816	0.0077601165187697035	0.0019829648118910993	0.44760118975673524	4.607859233063394e-19			0.0	1.0	1.0	1.0	0.86	0.0	1.0	draw2473	True
-0.16185173366566696	-5.092762856730334	0.9762554609824712	0.03478574617840247	0.23267459255182263	0.23267830631785952	186.0	0.0	0.3240331042170488	0.0056776398000753245	0.00027344311843438665	0.23267459255182263	1.4738373282224826e-19			0.0	1.0	1.0	1.0	0.8454545454545455	0.0	1.0	draw2475	True
-0.09843174550403702	-0.8902293872416592	0.0003184490458010286	0.04834033796690934	0.06256353547323047	0.048340184428963394	29.0	0.0	1.2761382211011867	0.026828484907019338	0.08191681394564111	0.06256353547323047	2.7755575615628914e-17			0.0	0.0	0.0	0.0	0.15343915343915343	0.0	1.0	draw2476	True
-0.07589119681094808	-2.310911945244413	0.1347175257656739	0.29797282156742555	0.541589558941756	0.5416320086362643	86.0	0.0	0.3382721246892652	2.1259769965536683e-05	0.001242487898140741	0.541589558941756	7.411538288475128e-22			0.0	1.0	1.0	1.0	0.49142857142857144	0.0	1.0	draw2481	True
-7.124980841832971	-10.403376510195336	2.15387763012991	0.005899692701709503	1.06871978825408	1.0692482941817394	225.0	0.0	0.1335963039193381	0.32838180844879616	0.023157853126924952	1.06871978825408	1.3877787807814457e-17			0.0	1.0	1.0	1.0	0.9109311740890689	0.0	1.0	draw2482	True
-0.02643214365246503	-0.04715786093074174	0.00028494554677176593	0.00620714058867455	0.014865997921420676	0.014866025007952309	141.0	0.0	0.40067363637380704	0.007744859141275331	6.789238624948934e-07	0.014865372573367314	4.2351647362715017e-20			0.0	1.0	1.0	1.0	0.844311377245509	0.0	1.0	draw2485	True
-0.1615386923777111	-0.1615386923777111	0.0014576997921008639	7.843409723223354e-05	0.035802028768793626	0.03580209200304104	229.0	0.0	0.0005165782694911365	9.994288710644333e-07	0.0014576997921008639	7.843409723223354e-05	5.421010862427522e-19			0.0	1.0	1.0	1.0	0.7133956386292835	0.0	1.0	draw2487	True
-0.1382155026370461	-0.3322401432807277	0.027525968865217104	0.0003301639924556335	0.016350480279257135	0.016351648009537256	236.0	0.0	0.07247709367429106	0.008322416318245752	0.0029773833548666978	0.011368901500654083	3.469446951953614e-18			0.0	1.0	1.0	1.0	0.7946127946127947	0.0	1.0	draw2488	True
-0.03302674331408769	-0.09367857437172336	0.0019802433467853756	0.015075248871324314	0.027284066866993223	0.027284668341229407	134.0	0.0	1.1050081456155527	0.0017308371962008319	6.895948681067731e-06	0.027284066866993223	5.082197683525802e-20			0.0	1.0	1.0	1.0	0.8121212121212121	0.0	1.0	draw2491	True
-0.03737308648475367	-1.9147955243512071	0.31091246336082684	0.015295901449409252	0.1689676811695217	0.16897172155298795	180.0	0.0	1.0291943037539188	0.45245322406466076	0.01465163406499099	0.14806638577085035	8.326672684688674e-17			0.0	1.0	1.0	1.0	0.7468879668049793	0.0	1.0	draw2492	True
-0.20112081696923642	-1.4835134910710015	0.5452602673576568	0.02571318649293048	0.49601335971459437	0.49606914921338996	179.0	0.0	1.1527717319070978	0.07841065631320898	0.0018154156852154472	0.49601335971459437	2.42861286636753e-17			0.0	1.0	1.0	1.0	0.8731707317073171	0.0	1.0	draw2493	True
-0.452234315750634	-34.91680953467741	20.397395810412778	0.19683101203903303	4.6402046279771305	4.640225315437993	197.0	0.0	0.4772967316080823	0.08309113029981209	0.004511123303628779	4.6402046279771305	1.5612511283791264e-17			0.0	1.0	1.0	1.0	0.8954545454545455	0.0	1.0	draw2495	True
-0.17703890066861092	-0.36300677199192355	0.007191848252557049	0.00019166918222149868	0.12891655708949618	0.1289282448678485	232.0	0.0	0.48438822113036906	0.16543425402410664	9.284088329171128e-05	0.12891655708949618	1.3010426069826053e-18			0.0	1.0	1.0	1.0	0.8529411764705882	0.0	1.0	draw2496	True
-1.2203951278069378	-3.6186613335326108	0.033224940687531956	0.0008482276963622433	0.3427035621803076	0.343089616278271	241.0	0.0	0.1268852240568954	0.35090883362609243	0.0029292273148787255	0.3427035621803076	2.0599841277224584e-18			0.0	1.0	1.0	1.0	0.9128787878787878	0.0	1.0	draw2499	True
-0.02703758679567913	-0.027047242778728914	7.459399043296753e-05	3.3518963170240986e-05	0.004879975313778262	0.004886277327043468	212.0	0.0	0.007538497204645236	5.132770936050358e-05	7.448965586777553e-05	0.00018036811105180366	6.505213034913027e-19			0.0	1.0	1.0	1.0	0.8548387096774194	0.0	1.0	draw2501	True
-0.05691756205090018	-0.05710698641259813	1.098921458628192e-05	0.003623680008785338	0.003642838143310799	0.003642838380293693	85.0	0.0	0.062587471607868	2.1261228388719468e-05	4.207335724243939e-07	0.0036425338893032893	9.26442286059391e-22			0.0	1.0	1.0	1.0	0.5666666666666667	0.0	1.0	draw2503	True
-6.124781207987578	-13.15006428469913	38.407768821597585	0.0639647799292533	0.5906827788043006	0.5906980326426632	173.0	0.0	0.35244849234148223	0.0037281214926404853	0.04940944695992564	0.5906827788043006	8.239936510889834e-18			0.0	1.0	1.0	1.0	0.8238095238095238	0.0	1.0	draw2506	True
-0.2120557930902004	-0.723491889863917	0.004034798386790776	0.004898698325585957	0.060010860679115784	0.06001096839071216	185.0	0.0	0.14553463962473623	0.2188928255048305	4.027274998856989e-06	0.060010860679115784	4.607859233063394e-19			0.0	1.0	1.0	1.0	0.8644859813084113	0.0	1.0	draw2507	True
-1.7602485209272372	-6.356195153651026	3.6805155016130957	0.005535092812868568	0.5377566395704855	0.5378409763923059	223.0	0.0	0.3409658148536388	0.26030035228510917	0.03906953701187168	0.5370178281902499	4.640385298237959e-17			0.0	1.0	1.0	1.0	0.8955823293172691	0.0	1.0	draw2508	True
-0.11811925776256739	-0.9685430935053163	0.2285108750284677	0.04354172702862368	0.13886011856774955	0.13886027100816095	148.0	0.0	0.4743383976760167	0.005075989344051776	4.8490772634229265e-05	0.13886011856774955	1.5178830414797062e-18			0.0	1.0	1.0	1.0	0.8457142857142858	0.0	1.0	draw2509	True
-0.27741164430854426	-2.4666342091835998	0.6167413407852504	0.04643760036743391	0.3530264136978406	0.35303372115516296	171.0	0.0	0.3654659694849315	0.009108009464639955	0.0003051345861873148	0.3530264136978406	4.87890977618477e-19			0.0	1.0	1.0	1.0	0.868020304568528	0.0	1.0	draw2511	True
-0.38249837022457195	-0.38249837022457195	0.008065811277562817	0.00951095351553716	0.015278115336751025	0.015279187004694448	50.0	0.0	0.032700202162328586	0.308205528649049	0.008065811277562817	0.00951095351553716	1.0408340855860843e-17			0.0	0.0	1.0	1.0	0.2994011976047904	0.0	1.0	draw2512	True
-0.18428040300171994	-4.593129691826679	1.523410829389988	0.03311490790201545	0.48814374417785944	0.4881451531899646	190.0	0.0	0.4773871411228804	0.024850979629857658	0.00024755362101432446	0.48814374417785944	2.168404344971009e-18			0.0	1.0	1.0	1.0	0.8755760368663594	0.0	1.0	draw2513	True
-0.3734481609076835	-0.6124641153957003	0.09041284661711954	0.013806764868135573	0.12557771866014641	0.12574155059464584	172.0	0.0	0.47619836220178624	0.01116378493783876	0.022181251954787012	0.07234153383950419	9.71445146547012e-17			0.0	1.0	1.0	1.0	0.8911917098445595	0.0	1.0	draw2514	True
-0.22608040854819372	-0.7384175248207769	0.12195865338758946	0.006124988349652948	0.3342838222042265	0.3343717742543455	185.0	0.0	0.5533101968968254	0.0873390371495638	0.0017006083472649036	0.3342838222042265	7.806255641895632e-18			0.0	1.0	1.0	1.0	0.8726415094339622	0.0	1.0	draw2515	True
-0.4619642207588634	-0.9491758558609384	0.22513449750060474	0.0020004712500312593	0.1522752552560717	0.15227660991759584	202.0	0.0	0.6779434499234269	0.03229422189181495	0.0005274657031895142	0.1522752552560717	6.884683795282953e-18			0.0	1.0	1.0	1.0	0.8898678414096917	0.0	1.0	draw2521	True
-8.653491262949185	-12.628180152646655	30.4115992526242	0.015181737860462936	0.38170043514177604	0.3817137368460703	189.0	0.0	0.33064695798402066	0.0025626374187418008	0.06849085065840835	0.38170043514177604	5.64420404402903e-18			0.0	1.0	1.0	1.0	0.8362831858407079	0.0	1.0	draw2523	True
-0.06952364674243179	-0.12536722159592553	0.0037857324933807095	0.002359306667323011	0.0329628974678444	0.03296379440521482	164.0	0.0	0.5392654318776339	0.035937397714841855	1.8348083685542455e-05	0.0329628974678444	1.5178830414797062e-18			0.0	1.0	1.0	1.0	0.8631578947368421	0.0	1.0	draw2524	True
-0.4577543655813251	-18.25422195144527	1.305470927534151	0.0063386727167520475	0.22600996258067357	0.2261183395684745	161.0	0.0	0.7088971698372465	0.18943796278927244	0.018196008583216933	0.22600996258067357	1.942890293094024e-16			0.0	1.0	1.0	1.0	0.8256410256410256	0.0	1.0	draw2527	True
-0.27680020900349145	-0.48978444720990066	0.05507755155807107	9.928112763783196e-05	0.03169896551003645	0.031702251841548915	226.0	0.0	0.15869081248150563	0.06412998817824382	0.0061111800845212285	0.03039862694773608	8.673617379884035e-18			0.0	1.0	1.0	1.0	0.889763779527559	0.0	1.0	draw2528	True
-0.07918046891078939	-0.5889421734962588	0.06329753172620856	0.05909556969274208	0.18777211066086635	0.18778402954231588	143.0	0.0	0.6837277403760686	0.0008117912816896695	0.00029295180768940967	0.18777211066086635	1.1858461261560205e-20			0.0	1.0	1.0	1.0	0.7988826815642458	0.0	1.0	draw2534	True
-2.78169891773965	-8.463158533722233	9.638412640042247	0.040209744565649505	0.3716253698447102	0.3716345679489077	163.0	0.0	0.5134446075903429	0.0013339194375663393	0.015088687113689854	0.3716253698447102	2.168404344971009e-18			0.0	1.0	1.0	1.0	0.815	0.0	1.0	draw2536	True
-0.3258859030481044	-6.818249451129144	3.7015686993784302	0.0060482229066267995	0.14748023964927903	0.1475202449013233	185.0	0.0	0.44921981314373755	0.05060269846116311	0.006862153357175895	0.14748023964927903	2.0816681711721685e-17			0.0	1.0	1.0	1.0	0.8809523809523809	0.0	1.0	draw2537	True
-0.2551451271066823	-0.26950271655938074	0.015291632423624866	0.02047460576196336	0.0912258636183314	0.09122622807695226	146.0	0.0	0.41316704532827175	0.014325773906872246	0.000214116802696537	0.09095739557787472	8.673617379884035e-19			0.0	1.0	1.0	1.0	0.8588235294117647	0.0	1.0	draw2538	True
-1.3758279134157803	-2.0207695311820726	0.07060765703534821	0.0032510230387113766	0.131009531954617	0.1310245665388428	199.0	0.0	0.08076523128741533	0.024666492394260525	0.0002644812964569907	0.131009531954617	1.3552527156068805e-19			0.0	1.0	1.0	1.0	0.8883928571428571	0.0	1.0	draw2540	True
-0.32377174338298065	-3.2266524411432287	0.3094249963212567	0.0013588381831372933	0.15329608350327356	0.1532972915526726	185.0	0.0	0.484139661705174	0.5066417067869049	4.254915551800515e-05	0.15329608350327356	1.214306433183765e-17			0.0	1.0	1.0	1.0	0.893719806763285	0.0	1.0	draw2543	True
-0.010679977340706482	-0.010679977340706482	7.379408614709791e-05	0.002964452338469802	0.00658181092173811	0.006581955592907455	63.0	0.0	0.26602025117447203	0.011473304604137806	7.379408614709791e-05	0.002964452338469802	7.806255641895632e-18			0.0	0.0	1.0	1.0	0.31343283582089554	0.0	1.0	draw2544	True
-0.598324345335603	-0.8550583197997965	0.05937270542171897	0.00033599155892617173	0.20975329645943697	0.20975402652720646	235.0	0.0	0.29931822697379634	0.21756246084009456	0.00011357067889908125	0.20975329645943697	4.336808689942018e-18			0.0	1.0	1.0	1.0	0.8608058608058609	0.0	1.0	draw2548	True
-0.6942632818846382	-15.544676270839684	1.8798350648552433	0.01831344702332729	1.0483209008967638	1.0486229233366349	227.0	0.0	0.47719774851007113	0.3621731038650075	0.015037113624376364	0.9472340597750577	1.1102230246251565e-16			0.0	1.0	1.0	1.0	0.8254545454545454	0.0	1.0	draw2549	True
-0.2204144314910322	-2.4150049734992685	1.2708265489190977	0.011010326500769689	0.06637691287932435	0.06638518165234218	165.0	0.0	0.16500977969269973	0.00300488472579696	0.0028234995054104064	0.06637691287932435	1.0130514049161432e-18			0.0	1.0	1.0	1.0	0.8333333333333334	0.0	1.0	draw2550	True
-0.28898227147981326	-0.28898227147981326	0.0010337029661704402	0.001868792226961955	0.031448282995076876	0.031453008567812406	127.0	0.0	0.010008053208427247	0.11525891531598867	0.0010337029661704402	0.001868792226961955	2.0816681711721685e-17			0.0	0.0	1.0	1.0	0.6580310880829016	0.0	1.0	draw2551	True
-0.006764310659714663	-0.01163692760542115	3.325902308232661e-05	0.00047847408816608056	0.0005786912510611475	0.0005786913920176337	118.0	0.0	0.08997727303113917	0.00017286015361538294	2.3583878212602982e-07	0.0005784399514935527	2.991085094991748e-21			0.0	1.0	1.0	1.0	0.7712418300653595	0.0	1.0	draw2552	True
-8.203085642252018	-12.919598549160103	26.902526288070305	0.26500576758144817	0.7503891939282543	0.7503995285000479	130.0	0.0	0.5984081422464058	0.00010286644635268158	0.04950327880269841	0.7503891939282543	2.0328790734103208e-19			0.0	1.0	1.0	1.0	0.6878306878306878	0.0	1.0	draw2553	True
-0.6380433552244984	-0.6380433552244984	0.0023683791671048693	0.004743598553945798	0.005935670784217743	0.005935999034455704	42.0	0.0	0.044780098003990104	0.5301324308479154	0.0023683791671048693	0.004743598553945798	3.5561831257524545e-17			0.0	0.0	1.0	1.0	0.2625	0.0	1.0	draw2554	True
-0.38787037775606076	-1.3508256872051734	0.29827767209494777	0.0024202626890239432	0.24618018208995557	0.24621013557578292	212.0	0.0	0.40094416231085506	0.20292594345128023	0.012217775142522348	0.24408537271891756	1.3877787807814457e-17			0.0	1.0	1.0	1.0	0.7653429602888087	0.0	1.0	draw2556	True
-0.3398306831989246	-1.935725962914474	0.6179379320486255	0.010961730239199425	0.21910159680437485	0.21911934750771436	187.0	0.0	0.3808637902706121	0.008829095507201977	0.002310596540891074	0.21910159680437485	2.8189256484623115e-18			0.0	1.0	1.0	1.0	0.8617511520737328	0.0	1.0	draw2557	True
-1.7949477042971769	-4.607063161921937	2.6803615851522853	0.023559866764766554	0.16536699065033306	0.16536942492431245	161.0	0.0	0.5032915760753565	0.0013241990056264026	0.0036948270071830644	0.16536699065033306	6.505213034913027e-19			0.0	1.0	1.0	1.0	0.8298969072164949	0.0	1.0	draw2559	True
-0.09636060696499184	-1.9187408093778051	0.2635493593957158	0.034363349087816124	0.30807561698176505	0.3080984544123709	168.0	0.0	0.4005415965729962	0.001983905778648851	0.0008903999644528539	0.30807561698176505	5.421010862427522e-20			0.0	1.0	1.0	1.0	0.835820895522388	0.0	1.0	draw2560	True
1.7907156695738244	-50.58859248771157	1.2288110902628482	0.0024575899868209384	1.0072456955763225	1.0072823478307178	173.0	24.0	0.7255943677183923	0.10643846642396665	4.807620925960222	0.8277571866733202	8.881784197001252e-16	0.6932271702778493	10.925437734123369	0.0	1.0	1.0	1.0	0.7863636363636364	0.0	1.0	draw2563	True
-2.022108685295567	-2.022108685295567	0.9278216198581586	0.00013012036085353952	0.684826960802362	0.6848560007490921	280.0	0.0	0.00010000000000082724	2.8189185210115167e-06	0.9278216198581586	0.00013012036085353952	2.220446049250313e-16			1.0	0.0	1.0	1.0	0.8022922636103151	0.0	1.0	draw2565	True
-0.6430474621125942	-0.8254655348188804	0.0006419909176818839	0.0009817617528563307	0.0384212509385741	0.038475558602791525	205.0	0.0	0.05869241941828562	0.1830219158154746	4.6336530389076285e-05	0.0384212509385741	8.131516293641283e-20			0.0	1.0	1.0	1.0	0.803921568627451	0.0	1.0	draw2568	True
-0.07584907531826916	-1.8683004038617603	0.042120890379284376	0.00495648169693728	0.18999815263525224	0.1900146950437617	203.0	0.0	0.41081451115879564	0.014399004872641546	5.615811767517711e-05	0.18999815263525224	5.421010862427522e-20			0.0	1.0	1.0	1.0	0.8787878787878788	0.0	1.0	draw2570	True
-0.2316453901883108	-0.5860318179037556	0.08317921816173536	0.0003206683407159394	0.03240189283761916	0.032409993365252576	209.0	0.0	0.11283559481545821	0.0407055030217535	0.0008011002632756481	0.03240189283761916	2.168404344971009e-18			0.0	1.0	1.0	1.0	0.8326693227091634	0.0	1.0	draw2572	True
-0.7847775861696893	-1.3432943346717217	0.0896563630479797	0.001430356404787185	0.7978312584970225	0.7987948734927649	223.0	0.0	0.6334499788666026	0.17035642342367932	0.005719486328600417	0.7978312584970225	3.469446951953614e-18			0.0	1.0	1.0	1.0	0.8884462151394422	0.0	1.0	draw2576	True
-0.07196589931829897	-0.23045701070297198	0.001263786165806281	0.0001267749617975168	0.004498894945519124	0.0044989867517535335	180.0	0.0	0.698182446205528	0.04608124788197466	0.00012914960319900307	0.004482965695476647	2.5153490401663703e-17			0.0	1.0	1.0	1.0	0.8737864077669902	0.0	1.0	draw2577	True
-0.17764745945802307	-0.33418256603843055	0.009374363218920425	0.004513968021136381	0.09200606151387508	0.0920100055398144	181.0	0.0	0.4345749023729251	0.11948953312067066	0.000154804382819688	0.09200606151387508	2.1243586317137853e-18			0.0	1.0	1.0	1.0	0.8660287081339713	0.0	1.0	draw2587	True
-0.8986690240643054	-4.289459017873731	2.7401194810964764	0.002525097476604444	0.2082444946053627	0.20829975053198727	233.0	0.0	0.09992005646666659	0.04668578138764066	0.23754526748782315	0.12776596155248335	6.938893903907228e-17			0.0	1.0	1.0	1.0	0.8321428571428572	0.0	1.0	draw2589	True
-3.264342094349563	-76.87390249662607	188.175377937512	0.03313494333040135	3.539399075498798	3.5397677075288607	232.0	0.0	0.28538795267959904	0.07581974628464881	0.15146383739841454	3.539399075498798	4.85722573273506e-17			0.0	1.0	1.0	1.0	0.8957528957528957	0.0	1.0	draw2590	True
-0.04256661763812249	-0.04256661763812249	0.00026874748005428523	8.390186016725784e-05	0.005786597351426099	0.005792851851865147	191.0	0.0	0.010911173674806218	9.975980325649266e-07	0.00026874748005428523	8.390186016725784e-05	3.003240017784847e-17			0.0	1.0	1.0	1.0	0.7490196078431373	0.0	1.0	draw2592	True
-2.600747866229029	-6.239883873577139	3.1912848598791395	0.002214243817359885	0.2727693386418857	0.2727879778064784	207.0	0.0	0.9318286489315651	0.0710526209451471	0.008328608495054578	0.2727693386418857	8.413408858487514e-17			0.0	1.0	1.0	1.0	0.8961038961038961	0.0	1.0	draw2596	True
-2.138401482297701	-3.3566104943955417	0.01520824458495603	0.014231553879964677	0.06022551878968987	0.06022563976940211	161.0	0.0	0.021100286563991676	0.005099359455737963	5.5401469871389685e-06	0.06022551878968987	1.4399560103323106e-20			0.0	1.0	1.0	1.0	0.8563829787234043	0.0	1.0	draw2597	True
-0.4002339220180805	-0.9410005225671412	0.12255584991292703	0.005915345048662805	1.0485868935486686	1.0490057744348804	196.0	0.0	1.690871941257958	0.6656615615981769	0.12020930016581183	0.6324585584792775	2.220446049250313e-16			0.0	1.0	1.0	1.0	0.7935222672064778	0.0	1.0	draw2599	True
-0.037165735035933276	-1.2256579920381243	0.021604499879989168	0.0045593458022459695	0.14264581588715042	0.14264608456646527	200.0	0.0	0.41166534440304836	0.0316641391569453	9.881330058346298e-06	0.14264581588715042	1.6263032587282567e-19			0.0	1.0	1.0	1.0	0.8733624454148472	0.0	1.0	draw2600	True
-0.018052205670627288	-0.08653722688201376	0.0017156864100375529	0.0011207109733693149	0.006398227654741707	0.00639823924193693	164.0	0.0	0.2756203929689008	0.009174385425451355	2.131702808169533e-05	0.006319306025517028	1.6263032587282567e-18			0.0	1.0	1.0	1.0	0.8677248677248677	0.0	1.0	draw2601	True
-0.7548586737555092	-10.267681664537987	0.34564881166331823	0.0023489824021888893	0.2367510024268913	0.23679229150685957	238.0	0.0	0.08565378808264079	0.1379023522149875	0.0014886049715411884	0.2367510024268913	1.734723475976807e-18			0.0	1.0	1.0	1.0	0.8947368421052632	0.0	1.0	draw2602	True
-1.2979343825979994	-36.46625738041037	6.451635121228303	0.008298455336394315	1.0609273702699025	1.060930769764891	242.0	0.0	0.17440228147730855	0.10881664267316457	0.0017311888977814326	1.0609273702699025	5.204170427930421e-18			0.0	1.0	1.0	1.0	0.8929889298892989	0.0	1.0	draw2603	True
-0.26987728398871685	-0.7306477774135627	0.12491782781683529	0.019974583389824753	0.23784980166998995	0.23785100630874056	177.0	0.0	1.3639666463809876	0.059599047881189415	0.00011659646183665809	0.23784980166998995	5.204170427930421e-18			0.0	1.0	1.0	1.0	0.8719211822660099	0.0	1.0	draw2607	True
-0.1795281624539638	-1.210359357859249	0.17562362320468708	0.011756560259116406	0.23883592627142283	0.2388436675969062	187.0	0.0	0.6168185068275942	0.03515870028513754	0.0003785100542943582	0.23883592627142283	2.6020852139652106e-18			0.0	1.0	1.0	1.0	0.8779342723004695	0.0	1.0	draw2608	True
-73.18345382777422	-77.86463894801702	421.2061674035011	0.2499176489823106	0.3484804031759304	0.34848308079675194	60.0	0.0	0.06841810600926927	6.384992953607776e-06	1.2916743629625442	0.3484804031759304	1.2120512079617004e-19			0.0	1.0	1.0	1.0	0.39215686274509803	0.0	1.0	draw2611	True
-0.49456303846518557	-0.6964647970766656	0.040795487897332415	0.00019423752677848942	0.06262152109364096	0.06262161831345002	235.0	0.0	0.11787262889572928	0.10665107900932391	4.963765192043935e-05	0.06262152109364096	2.6020852139652106e-18			0.0	1.0	1.0	1.0	0.8703703703703703	0.0	1.0	draw2613	True
-0.5528709040898349	-2.596391126829509	0.7537491091223923	0.00357010930500075	0.15448162524522496	0.15451724533017389	208.0	0.0	0.1663722895794253	0.0790915994078454	0.0025659136073080736	0.15448162524522496	5.204170427930421e-18			0.0	1.0	1.0	1.0	0.8739495798319328	0.0	1.0	draw2614	True
-0.35252815583242064	-0.36529949944072876	2.8299012073476528e-05	0.0006528316500396282	0.011202470789485157	0.011202513760164073	187.0	0.0	0.03128514927610062	0.01906198451377983	3.946018607504503e-08	0.011202470789485157	6.352747104407253e-22			0.0	1.0	1.0	1.0	0.8577981651376146	0.0	1.0	draw2615	True
-0.510564497833123	-8.541166231091848	2.6023477658476017	0.04509780409783976	0.3868438600911869	0.38687812552890816	220.0	0.0	0.16286308377506942	0.06508534231402671	0.020203868112205956	0.3166184657327733	1.6653345369377348e-16			0.0	1.0	1.0	1.0	0.7638888888888888	0.0	1.0	draw2616	True
-0.13120297966508204	-4.953629336701561	0.49714695294274724	0.026975265792945843	1.4775696696969975	1.477790600514984	196.0	0.0	0.5299040866054741	0.02671914368949589	0.0022649801798466113	1.4775696696969975	4.87890977618477e-19			0.0	1.0	1.0	1.0	0.8828828828828829	0.0	1.0	draw2617	True
-4.007954258282007	-4.0931209759402325	0.42503183670565	0.03261067267194927	0.06500361781991726	0.06500621363678895	100.0	0.0	0.8700509418298089	4.458040987485933e-05	0.003281736979067257	0.06500361781991726	1.3552527156068805e-19			0.0	1.0	1.0	1.0	0.5617977528089888	0.0	1.0	draw2618	True
-0.7617858857492156	-0.7617858857492156	0.9572413955683997	0.34456176021046114	1.4724396741110966	1.4725208444001514	51.0	0.0	0.3535037060991916	0.2472544522794827	0.9572413955683997	0.34456176021046114	4.440892098500626e-16			0.0	0.0	1.0	1.0	0.1946564885496183	0.0	1.0	draw2623	True
-0.4557155816099867	-3.9591065734347	0.8336552844622409	0.01912825629967377	0.31129941983847614	0.3113391052378672	199.0	0.0	0.4124953524057381	0.14044984596553636	0.002040993819697886	0.31129941983847614	1.734723475976807e-17			0.0	1.0	1.0	1.0	0.8540772532188842	0.0	1.0	draw2628	True
-0.45675852325860755	-9.77351445691695	0.2324195501190131	0.00700258466943303	0.2220811615744244	0.22214744017477012	153.0	0.0	1.3504018605273573	0.6878879587999855	0.002698453969698354	0.2220811615744244	1.942890293094024e-16			0.0	1.0	1.0	1.0	0.8360655737704918	0.0	1.0	draw2629	True
-5.377593866117286	-23.387941705155935	2.987663684407004	0.0060669543728865795	0.07533235839291251	0.07533282406576962	174.0	0.0	1.312149973652144	0.06217599099071784	0.001163679182931585	0.07533235839291251	2.1124324078164447e-16			0.0	1.0	1.0	1.0	0.8787878787878788	0.0	1.0	draw2631	True
-0.055674939584850924	-3.41066538461828	0.41456624446462864	0.0004176057493189371	0.3207820935512295	0.32078356924365364	237.0	0.0	0.6528759376326749	0.28882111635173274	0.15988727004110315	0.2394126772006758	2.7755575615628914e-16			0.0	1.0	1.0	1.0	0.7821782178217822	0.0	1.0	draw2632	True
-0.602332490773771	-2.025163048286063	0.08136242277177252	0.005148071700902573	0.09525862308335109	0.09526039126457214	175.0	0.0	0.8327359484761351	0.5082733207206883	0.05870538802643972	0.08443677728534443	2.914335439641036e-16			0.0	1.0	1.0	1.0	0.7478632478632479	0.0	1.0	draw2635	True
-0.6799331406434774	-0.6808630728081556	0.04732598800661103	6.0117632217314484e-05	0.04268867442299673	0.0426891123116705	253.0	0.0	0.04714545639869526	0.04037326890600015	0.026854558174170946	0.028505519627889494	6.938893903907228e-18			1.0	0.0	1.0	1.0	0.8241042345276873	0.0	1.0	draw2636	True
-0.6970639586708953	-1.1367879515792787	0.32279773587772076	0.019716486565152905	0.3160094006329449	0.31610403944823057	168.0	0.0	0.5944046307913131	0.04701237358685854	0.0079250510698425	0.3160094006329449	1.6047886218679974e-17			0.0	1.0	1.0	1.0	0.865979381443299	0.0	1.0	draw2637	True
-0.4019927525811066	-0.7305059778260645	0.011973057014325534	0.00727626345297407	0.11880381453600879	0.11883755666424158	183.0	0.0	0.25289359868931577	0.3025668118845288	0.0002858701358449614	0.11880381453600879	2.168404344971009e-18			0.0	1.0	1.0	1.0	0.8883495145631068	0.0	1.0	draw2638	True
-2.7431351641925725	-61.95718771080193	311.31494032086056	0.07476931429768921	0.924808103280075	0.9248674745050107	210.0	0.0	0.18377696507563931	0.016133883754822283	0.057991087771558106	0.924808103280075	2.233456475320139e-17			0.0	1.0	1.0	1.0	0.875	0.0	1.0	draw2639	True
-0.0016409339710367933	-0.27309938442495757	0.007251758136924999	0.0009523634751838215	0.06535358899084073	0.06538016023249185	208.0	0.0	1.0875355175292116	0.16060560860943632	0.0009959118016521925	0.029161518917788284	6.245004513516506e-17			0.0	1.0	1.0	1.0	0.7619047619047619	0.0	1.0	draw2640	True
-0.11937835805119153	-0.20627862999420246	0.0057639232597863806	0.006597941594145798	0.01385942914037498	0.013859489774013467	134.0	0.0	0.08453952257650663	0.0007821038279379214	4.183630245442839e-06	0.01385942914037498	2.371692252312041e-20			0.0	1.0	1.0	1.0	0.8072289156626506	0.0	1.0	draw2641	True
-1.7319137613540116	-6.168901131049444	0.2207699100426373	0.0179851777243641	0.5116217859322661	0.5116543132109816	199.0	0.0	0.16874039492076068	0.12186644191881753	0.0010740214351779177	0.5116217859322661	1.145188544687814e-18			0.0	1.0	1.0	1.0	0.8396624472573839	0.0	1.0	draw2642	True
-0.9683705353671991	-7.3629176237861484	0.9156482521699458	0.00017083240179019483	0.04315517661658415	0.04316266312138534	212.0	0.0	0.20608610901265065	0.0695941077592223	0.004572521354563931	0.04315517661658415	3.8163916471489756e-17			0.0	1.0	1.0	1.0	0.902127659574468	0.0	1.0	draw2644	True
-0.6306440291465814	-1.08055061734997	0.10785950157224511	0.002578713409058041	0.10966635188964313	0.10966847633075555	199.0	0.0	0.13490368719852378	0.030470966966706283	0.004715745866815965	0.10806761709395307	2.6020852139652106e-18			0.0	1.0	1.0	1.0	0.868995633187773	0.0	1.0	draw2645	True
-0.05117378346172622	-0.7224216662372493	0.029875997387578124	0.02727572581657099	0.14407749029586073	0.14407882424518176	167.0	0.0	0.5187566724973088	0.019865371606265784	3.871602165011333e-05	0.14407749029586073	6.505213034913027e-19			0.0	1.0	1.0	1.0	0.8652849740932642	0.0	1.0	draw2647	True
-3.0502467716573642	-8.204623329268275	1.6786187823466834	0.022245362798904877	0.11495524129910067	0.11495653460309148	152.0	0.0	0.902545931514161	0.0017425523485503488	0.002406596038420061	0.11495524129910067	6.579751934271405e-18			0.0	1.0	1.0	1.0	0.8260869565217391	0.0	1.0	draw2650	True
-0.6513218470571226	-4.061619167267848	1.917511860941057	0.0065291128572512866	0.37553662345918326	0.37557689407858286	209.0	0.0	0.3560911117379808	0.02355887609362626	0.007516992757416728	0.37553662345918326	6.938893903907228e-18			0.0	1.0	1.0	1.0	0.8744769874476988	0.0	1.0	draw2651	True
-0.7405030004077611	-0.7405030004077611	0.00013236178106612034	0.0037337932947508513	0.04178300021980034	0.04178524094307391	102.0	0.0	0.005631388134507742	0.08263932857702518	0.00013236178106612034	0.0037337932947508513	1.3877787807814457e-17			0.0	0.0	1.0	0.0	0.28895184135977336	0.0	1.0	draw2652	True
-1.0890042098095292	-1.366691652653615	0.06056489203574271	0.0822647999426967	0.08872031243372809	0.08872178527041448	82.0	0.0	0.7522158056990552	2.6741070489163538e-05	0.0004566936388093223	0.08872031243372809	1.504806970356468e-20			0.0	1.0	1.0	1.0	0.48520710059171596	0.0	1.0	draw2654	True
-0.21619978311354324	-0.2171714893572047	6.639854715427699e-05	0.00010443129868992815	0.0014718239879927485	0.0014718661355649278	196.0	0.0	0.005855120578753511	0.0004927812861609842	1.119073584072663e-05	0.0012683918395014749	4.235164736271502e-22			0.0	1.0	1.0	1.0	0.8711111111111111	0.0	1.0	draw2658	True
-0.065165196603848	-0.37918168657278456	0.02254013435417922	0.007045385508440978	0.09245563870977705	0.09245564558514997	174.0	0.0	0.549236024549604	0.010458048406473183	5.736496976016846e-06	0.09245563870977705	7.589415207398531e-19			0.0	1.0	1.0	1.0	0.8656716417910447	0.0	1.0	draw2666	True
-0.03331800547805984	-0.102291793763862	0.001357687095558049	0.005401522807234505	0.03725103733192064	0.037269297679160956	171.0	0.0	1.1045956326079918	0.17777583815700027	2.1569681487570344e-05	0.03725103733192064	2.168404344971009e-18			0.0	1.0	1.0	1.0	0.8724489795918368	0.0	1.0	draw2667	True
-0.21161593826813918	-0.22293372118786062	0.00466001916321573	0.00014689077139874314	0.10872694530039748	0.10878838442778554	229.0	0.0	0.3714973166750848	0.021899032666690393	0.005912103952760637	0.07020096505923601	3.0357660829594124e-18			0.0	1.0	1.0	1.0	0.8327272727272728	0.0	1.0	draw2668	True
-1.0957832078899226	-1.0957832078899226	0.03388733428001821	0.022754462952657924	0.028793015276551072	0.028795351457183198	37.0	0.0	0.06948039073477941	0.5547202090336323	0.03388733428001821	0.022754462952657924	1.0408340855860843e-16			0.0	0.0	1.0	1.0	0.21893491124260356	0.0	1.0	draw2670	True
-0.8102435580658814	-0.8102435580658814	0.003666251799676829	0.007959531163748037	0.013447757443048245	0.01344776775247477	67.0	0.0	0.010015852467342672	1.067746941308962	0.003666251799676829	0.007959531163748037	6.938893903907228e-18			0.0	0.0	1.0	1.0	0.3145539906103286	0.0	1.0	draw2674	True
-0.6644950198469634	-0.8375466225844753	0.008389369261350478	0.0001090121111449873	0.007576772404861117	0.0075770683227669765	193.0	0.0	0.7535555995094207	0.1888268438087392	6.707125662418524e-05	0.007576772404861117	1.0541155621990317e-16			0.0	1.0	1.0	1.0	0.8894009216589862	0.0	1.0	draw2677	True
-0.5568487789631733	-0.5568487789631733	0.07524854144855277	0.0001695571102186498	0.1090417273879721	0.10905427719534021	224.0	0.0	0.0007359416479614887	9.99140577491305e-07	0.07524854144855277	0.0001695571102186498	6.938893903907228e-17			0.0	1.0	1.0	1.0	0.8648648648648649	0.0	1.0	draw2678	True
-0.4061334843248617	-4.366874473351139	0.21980154735214527	0.005610423454580083	0.23142850508017235	0.23145886253868528	180.0	0.0	0.9307230794104839	0.5816342826602708	0.04073210696409311	0.13298529992210814	2.7755575615628914e-16			0.0	1.0	1.0	1.0	0.7258064516129032	0.0	1.0	draw2680	True
-0.4878881721360848	-1.9503197084135264	0.249441309511711	0.017151692993024794	0.07595315446414931	0.07595327477545084	147.0	0.0	0.7708430775157208	0.0022175679534006633	0.00011545042104197371	0.07595315446414931	5.421010862427522e-19			0.0	1.0	1.0	1.0	0.8212290502793296	0.0	1.0	draw2681	True
-1.4554742899915813	-6.461368022793466	0.3546338655252395	0.008957768001239126	0.26120595485753545	0.26123111184701847	207.0	0.0	0.08657310259646984	0.2877836016098505	0.0004478416016524747	0.26120595485753545	2.168404344971009e-18			0.0	1.0	1.0	1.0	0.8922413793103449	0.0	1.0	draw2682	True
-0.39934192658804285	-1.020680123472155	0.15626989674487618	0.0427361775632584	0.10330243149179053	0.10330453333254479	144.0	0.0	0.14815964929839398	0.0030341003421968473	0.00012737628249630872	0.10330243149179053	1.4907779871675686e-19			0.0	1.0	1.0	1.0	0.8372093023255814	0.0	1.0	draw2683	True
-0.6830266894998069	-9.208434314008024	8.593162975703073	0.0402752419932128	0.3705165418616414	0.3705176554552282	175.0	0.0	0.9521213731803451	0.056485191329761965	0.0008190047660745523	0.3705165418616414	3.469446951953614e-17			0.0	1.0	1.0	1.0	0.8793969849246231	0.0	1.0	draw2686	True
-0.7692249061352392	-0.7930160623959864	0.0010375728202734412	0.0003514913432359913	0.006099496137680582	0.0061000390165429534	201.0	0.0	0.007712990897759069	0.007835968076075546	3.9992137071109115e-05	0.006021907144068363	3.3881317890172014e-21			0.0	1.0	1.0	1.0	0.881578947368421	0.0	1.0	draw2687	True
0.13902639133257105	-6.34949148220252	1.8736287919850256	0.023801550254539994	0.6176841206530543	0.6176911673003956	180.0	8.0	2.3142581989781177	0.5010228353163728	0.001202958038054469	0.6176841206530543	2.220446049250313e-16	0.6046262785328985	0.07479373645473136	0.0	1.0	1.0	1.0	0.8490566037735849	0.0	1.0	draw2688	True
-0.06802882438379004	-1.7954088312357204	0.7944877569885521	0.0018204245574597053	0.04215731836968679	0.04216921857214591	220.0	0.0	1.2017454622081984	0.2750643833753352	0.0002898059534303207	0.04215731836968679	3.469446951953614e-17			0.0	1.0	1.0	1.0	0.8494208494208494	0.0	1.0	draw2689	True
-0.20779237356047967	-0.26842284874454353	0.006608258298081187	0.0029483524716671255	0.031281314253017146	0.031287136841825644	172.0	0.0	0.14775123427804523	0.07127712046297228	8.700638334429328e-05	0.031281314253017146	4.336808689942018e-19			0.0	1.0	1.0	1.0	0.8349514563106796	0.0	1.0	draw2690	True
-0.7213183417840473	-0.8034215097446027	0.01013799425063217	0.01363486212631961	0.08372722135366237	0.08373204235649633	157.0	0.0	0.10982864315166688	0.006465475292662231	2.496908173164202e-05	0.08372722135366237	2.0328790734103208e-20			0.0	1.0	1.0	1.0	0.8532608695652174	0.0	1.0	draw2691	True
-0.5372904867320573	-5.636829786758923	2.628723767355644	0.04760045135769867	0.5029157002008783	0.5029534948811051	183.0	0.0	0.3887586756903209	0.005881999659235257	0.005854679343573187	0.5029157002008783	8.673617379884035e-19			0.0	1.0	1.0	1.0	0.8394495412844036	0.0	1.0	draw2692	True
-0.4810659271981658	-0.6546998357115832	0.004375091937762302	0.0073446081123036385	0.08537410436798025	0.08537411015805041	175.0	0.0	0.1589732017116577	0.10484232671197702	1.3119071665397976e-06	0.08537410436798025	2.168404344971009e-19			0.0	1.0	1.0	1.0	0.8495145631067961	0.0	1.0	draw2693	True
-0.328052389243283	-0.32959471873237306	0.00027961416830619783	0.0037595376186586793	0.0041243652240299765	0.00412436530275295	118.0	0.0	0.012393154226252576	5.889001025394776e-05	6.629425550925141e-06	0.004117709219386525	7.940933880509066e-22			0.0	1.0	1.0	1.0	0.7763157894736842	0.0	1.0	draw2696	True
-4.050813827739793	-12.131274116834442	0.029326591795173624	0.06281593745859704	0.48023882225554254	0.4802565529630658	175.0	0.0	0.0656719731689665	0.014130463693565591	3.5102542467429446e-05	0.48023882225554254	1.3552527156068805e-20			0.0	1.0	1.0	1.0	0.875	0.0	1.0	draw2697	True
-2.1305200742711508	-2.4925966972513423	0.0901391000383373	0.04838823079448632	0.07722381347071963	0.07722383323440096	130.0	0.0	0.03035748985328489	0.0006051953132670825	0.0003232162097775492	0.07719833350333673	2.4352197233561135e-20			0.0	1.0	1.0	1.0	0.8074534161490683	0.0	1.0	draw2699	True
-0.042212442367762115	-0.27139654233149924	0.009970671094274469	0.0005285867962687729	0.056782955443989556	0.056783056685437046	207.0	0.0	0.34730058115994455	0.05953563103914956	4.949827332974443e-06	0.056782955443989556	1.0706496453294356e-18			0.0	1.0	1.0	1.0	0.8961038961038961	0.0	1.0	draw2701	True
-0.32440600770090366	-1.7157881711409968	0.7335720883166599	0.0022248692581515878	0.24899265519462865	0.24900403957174508	209.0	0.0	0.7225212594643835	0.03980103422574109	0.0009112243983476539	0.24899265519462865	8.890457814381136e-18			0.0	1.0	1.0	1.0	0.8931623931623932	0.0	1.0	draw2702	True
-0.08663501049429692	-0.10260329591113428	0.001731796585264656	8.995121666601619e-05	0.014015909066841952	0.014020296435319147	204.0	0.0	0.432786388315576	0.03721297566777442	0.0012626080352932667	0.009882378182335875	1.3010426069826053e-17			0.0	1.0	1.0	1.0	0.9066666666666666	0.0	1.0	draw2707	True
-0.17465048908614444	-6.117389296836537	1.9871375502602304	0.0627525154455045	0.6362064604091099	0.6362065091287673	178.0	0.0	0.2608307459868877	0.011672603385044576	2.2900143801088788e-05	0.6362064604091099	1.4755313941169912e-18			0.0	1.0	1.0	1.0	0.8811881188118812	0.0	1.0	draw2708	True
-0.11175986273282082	-4.817109588005944	1.4130769627718338	0.04558514452659908	0.09556637032009534	0.09556874180592868	138.0	0.0	0.5236310197987768	0.0005073219912783696	0.0019345546417269535	0.09556637032009534	2.161575141833771e-18			0.0	1.0	1.0	1.0	0.7976878612716763	0.0	1.0	draw2709	True
-0.6650641046541397	-1.5032913242860508	0.5221988948278175	0.015452726043330313	0.1943332126317643	0.19433323513509693	175.0	0.0	0.2814860108250452	0.05556601558824796	0.00010710089701644759	0.1943332126317643	5.5294310796760726e-18			0.0	1.0	1.0	1.0	0.8536585365853658	0.0	1.0	draw2710	True
-0.09783013868286976	-0.3672741341025462	0.00880916574295719	0.009369778696081136	0.07812963543393378	0.07813322162319554	174.0	0.0	0.4680543667197903	0.03218447496669284	0.0010672403522342363	0.07681306642761808	2.168404344971009e-18			0.0	1.0	1.0	1.0	0.8787878787878788	0.0	1.0	draw2712	True
-0.1509719670360669	-0.2932969399485915	0.009286130954673826	0.005505111987440469	0.048736146447285626	0.04873954605041007	167.0	0.0	0.24097374032626195	0.02678071172691498	1.679717463588815e-05	0.048736146447285626	2.168404344971009e-19			0.0	1.0	1.0	1.0	0.8697916666666666	0.0	1.0	draw2716	True
-2.457473190494891	-3.2791298284986508	0.2387735688890497	0.002704000368394811	0.11171208392930956	0.11172170030289304	182.0	0.0	1.5370379722498788	0.26669839501317805	0.002532671909715294	0.11171208392930956	3.200564813177209e-16			0.0	1.0	1.0	1.0	0.896551724137931	0.0	1.0	draw2717	True
-0.859064798064507	-3.5379136874356263	1.5184615648843935	0.003161896673805169	0.23073281940937923	0.23082989725153497	218.0	0.0	0.24091806082607825	0.08682845985052516	0.010210282016711975	0.23073281940937923	1.7564075194265172e-17			0.0	1.0	1.0	1.0	0.8825910931174089	0.0	1.0	draw2721	True
-0.6264842709869597	-3.250233992177051	1.8166296700250806	0.03308418307621765	0.25082845023733846	0.2509131787236183	193.0	0.0	0.4202827745518354	0.028545812502649193	0.010835210240466351	0.19346782449663413	8.326672684688674e-17			0.0	1.0	1.0	1.0	0.8654708520179372	0.0	1.0	draw2722	True
-0.38704412852461834	-0.39167341849119547	0.000749305465746355	3.895221069110529e-05	0.005349970386213023	0.005353181578100115	223.0	0.0	0.014470940670054205	0.14425852681411064	2.275168964192355e-05	0.005349970386213023	8.131516293641283e-20			1.0	0.0	1.0	1.0	0.7964285714285714	0.0	1.0	draw2723	True
-0.6330250651578612	-0.6330250651578612	0.01162910530775849	0.038468833631146594	0.04066794915766952	0.04066889393509636	39.0	0.0	0.05740579914117213	0.40775209964211895	0.01162910530775849	0.038468833631146594	3.469446951953614e-17			0.0	0.0	1.0	1.0	0.14772727272727273	0.0	1.0	draw2724	True
-0.25082900247113915	-0.25082900247113915	0.09273766174526685	0.06291052140506409	0.21688738374020197	0.21689956354963508	47.0	0.0	0.3507177119947866	0.23466256159616883	0.09273766174526685	0.06291052140506409	1.3877787807814457e-16			0.0	0.0	1.0	1.0	0.34306569343065696	0.0	1.0	draw2725	True
-3.7520583010838164	-11.766764411711813	2.4718394975375606	6.830073157550099e-05	0.733117320693824	0.7331678315374358	248.0	0.0	0.24730073194887317	0.2919835934956143	1.6310341009719647	0.6672317617751191	3.3306690738754696e-16			0.0	1.0	1.0	1.0	0.8435374149659864	0.0	1.0	draw2726	True
-0.019077622750602527	-0.31343678048323775	0.018662015302933925	0.012140780424360766	0.05196941295328834	0.05197261426285581	152.0	0.0	0.7012267386940644	0.062415341514520974	0.0008077746826449717	0.05189136726439402	1.8431436932253575e-17			0.0	1.0	1.0	1.0	0.8306010928961749	0.0	1.0	draw2727	True
-0.056950204171967056	-0.06191930453314873	0.00014293813078892305	0.0002941334893875556	0.006687162504064303	0.006687170159082673	184.0	0.0	0.11473139071468332	0.03173611647656682	1.221754251016865e-07	0.006687162504064303	1.3552527156068805e-20			0.0	1.0	1.0	1.0	0.8558139534883721	0.0	1.0	draw2728	True
-0.13632812155326152	-0.49424421030339716	0.016467974772450523	0.002749964963415442	0.02099684451320269	0.02099716063339077	183.0	0.0	0.09265013197857777	0.01235310394365875	0.0019166385671854217	0.01997312136130065	7.182839392716467e-19			0.0	1.0	1.0	1.0	0.8840579710144928	0.0	1.0	draw2732	True
0.21541528467427584	-12.41956497730359	18.652557778437025	0.021985965979550236	0.553218827763037	0.5534287421072003	221.0	3.0	1.7022117820885863	0.1558330908620945	0.00809370194212014	0.553218827763037	4.163336342344337e-17	0.5503985902431932	0.027222709818697084	0.0	1.0	1.0	1.0	0.7647058823529411	0.0	1.0	draw2734	True
-0.07664736181793498	-0.09768605466703019	0.0016561851112757795	1.0916505443297598e-05	0.022254921753990423	0.022263720657912534	252.0	0.0	0.29315005253776083	0.2660569606443769	4.446073182930661e-05	0.022254921753990423	1.734723475976807e-18			0.0	1.0	1.0	1.0	0.8208469055374593	0.0	1.0	draw2735	True
-0.26476445132001203	-0.5754463714396384	0.048989615750757776	0.0013750663089912804	0.16702029012102979	0.16710916688168395	215.0	0.0	0.09664605348104748	0.013220631245967594	0.010231621064175326	0.02330345317622907	8.326672684688674e-17			0.0	1.0	1.0	1.0	0.7706093189964157	0.0	1.0	draw2736	True
-0.17114187317267066	-0.17114187317267066	0.0029582916620080617	0.008170701577997926	0.009547435101819749	0.009548048587013793	39.0	0.0	0.04785819385433354	0.3536351757310281	0.0029582916620080617	0.008170701577997926	1.734723475976807e-17			0.0	0.0	1.0	1.0	0.20634920634920634	0.0	1.0	draw2737	True
-0.331218358300107	-1.998204638967043	0.8827417787575245	0.0004792542289566845	0.3350424003137636	0.33535325488478723	233.0	0.0	1.041828662252623	0.37821539338447846	0.006958230930115536	0.3350424003137636	8.326672684688674e-17			0.0	1.0	1.0	1.0	0.8825757575757576	0.0	1.0	draw2738	True
-0.9903766509323066	-1.4615260832642423	0.0033230862610731686	0.007111851732481463	0.08717181021095387	0.0871799940404913	181.0	0.0	0.07573789779334904	0.06513087423404175	3.75862378468443e-05	0.08717181021095387	4.743384504624082e-20			0.0	1.0	1.0	1.0	0.8227272727272728	0.0	1.0	draw2739	True
-3.5160016229285147	-8.38428889357034	0.7792931041982261	0.5170324721985213	1.49522943053418	1.495240555972062	144.0	0.0	0.22604466389875552	0.001954010989293234	0.0003160580263932134	1.49522943053418	8.131516293641283e-20			0.0	1.0	1.0	1.0	0.8323699421965318	0.0	1.0	draw2742	True
-8.72036214732254	-15.465376510700338	16.849860708788896	0.0029573159742682267	0.19176220926680235	0.19176273895666154	206.0	0.0	0.5255899181873169	0.011798654906509096	0.005612438091848495	0.19176220926680235	6.123031769111886e-17			0.0	1.0	1.0	1.0	0.8841201716738197	0.0	1.0	draw2743	True
-0.17240973657925168	-0.17240973657925168	0.000290992140072896	0.3166378733812583	0.6689597894114352	0.6690319725797536	39.0	0.0	0.6596727519742324	0.29254528722781226	0.000290992140072896	0.3166378733812583	3.3306690738754696e-16			0.0	0.0	1.0	0.0	0.13131313131313133	0.0	1.0	draw2745	True
-0.09697310169033818	-0.17102535965827953	0.007165224995317427	6.62031731282565e-05	0.033634416635060234	0.033634751154858505	245.0	0.0	0.32187926472999623	0.1411306496112459	0.00041337467593030374	0.032593488362837465	1.0408340855860843e-17			0.0	1.0	1.0	1.0	0.7903225806451613	0.0	1.0	draw2747	True
-12.959704493351444	-12.960469607763807	2.882343763141645e-06	0.002190436098017427	0.002198477849253533	0.002198477853966666	82.0	0.0	0.00016871946650753584	4.274373643173516e-05	6.616782525639639e-10	0.002198477849253533	6.203854594147708e-25			0.0	1.0	1.0	1.0	0.5466666666666666	0.0	1.0	draw2749	True
-0.5578604640925003	-0.7914640314439744	0.05379337349763336	0.0019069025418302632	0.11020433850405408	0.11020611917145945	191.0	0.0	3.1000335484167802	0.11068724946092995	0.00013924466899209006	0.11020433850405408	2.688821387764051e-17			0.0	1.0	1.0	1.0	0.8842592592592593	0.0	1.0	draw2750	True
-0.2403222738540777	-0.2846680121489886	0.007744686405248522	0.0002950269789219713	0.05662270711048531	0.05665862253586656	218.0	0.0	0.255488379976772	0.3116010758440756	0.00017519743585464617	0.05662270711048531	2.168404344971009e-18			0.0	1.0	1.0	1.0	0.8685258964143426	0.0	1.0	draw2751	True
-23.248385504157717	-41.2946354723024	0.0010071493854511046	0.03838071740849234	0.05085668191641733	0.03838071193641715	47.0	0.0	1.8046530018654259	0.0009982734065827146	1.1487743905151995	0.05085668191641733	6.938893903907228e-18			0.0	0.0	0.0	0.0	0.26704545454545453	0.0	1.0	draw2752	True
-0.07122657147830269	-0.24692710421443892	0.014999430162629687	0.010647031376863821	0.06355791499514164	0.06355817175187871	155.0	0.0	0.6563789284116734	0.020728373431529196	1.0549943848693586e-05	0.06355791499514164	6.505213034913027e-19			0.0	1.0	1.0	1.0	0.8611111111111112	0.0	1.0	draw2754	True
-1.409870546428222	-7.41380177196399	6.111582422127565	0.01648813280658445	0.6249181063771683	0.6252404604475458	194.0	0.0	0.9557232418496171	2.1554745587370117	0.007148355318795537	0.6249181063771683	4.996003610813204e-16			0.0	1.0	1.0	1.0	0.8508771929824561	0.0	1.0	draw2755	True
-7.465103645388302	-9.045771696356049	0.44070684532761184	0.0029753749433357123	0.01121531513923678	0.011215540353602652	142.0	0.0	0.42209616553349855	0.00016340666708646062	0.001423496635845984	0.01121531513923678	3.2859584397546514e-19			0.0	1.0	1.0	1.0	0.7553191489361702	0.0	1.0	draw2756	True
-0.4500226720889824	-2.2329486755958863	0.9333419393992919	0.0024336400376634548	0.6109748236068373	0.6110212608214167	237.0	0.0	0.3510744647191233	0.05789159327521557	0.4613552910279973	0.17986991872087107	4.440892098500626e-16			0.0	1.0	1.0	1.0	0.7095808383233533	0.0	1.0	draw2757	True
-0.13143978619538738	-0.634111192648309	0.07507971670045058	0.029622642249352512	0.22720452860269896	0.22722382450587306	160.0	0.0	0.6638294711949363	0.012987148496143705	0.0006931793292229757	0.22720452860269896	5.421010862427522e-19			0.0	1.0	1.0	1.0	0.8556149732620321	0.0	1.0	draw2759	True
-0.2167582145797935	-0.8368095661862458	0.16303041602417415	0.0007395915536718227	0.043833734394471684	0.04384697890083577	197.0	0.0	0.1837687742249694	0.009455364392223012	0.0013248561062437051	0.043833734394471684	1.895659735955124e-18			0.0	1.0	1.0	1.0	0.8565217391304348	0.0	1.0	draw2760	True
-0.5300477041720665	-1.4121504252936308	0.0003194951808101235	0.0604090454569688	0.0653142169635427	0.06040859247948768	30.0	0.0	1.7249041940043885	0.01665482312637321	0.027969076326815792	0.0653142169635427	1.5612511283791264e-17			0.0	0.0	0.0	0.0	0.18404907975460122	0.0	1.0	draw2761	True
-0.08749167673403521	-0.08749167673403521	4.946336936096336e-05	8.660764349025769e-06	0.00041391539466510273	0.00041403367439128745	206.0	0.0	9.999999997794233e-05	2.956613466377337e-05	4.946336936096336e-05	8.660764349025769e-06	4.404571325722362e-20			1.0	0.0	1.0	1.0	0.6477987421383647	0.0	1.0	draw2762	True
-0.1825218000583237	-0.3905857526497277	0.009919598952266823	0.0006470163979604122	0.04265875243373056	0.04265876016875313	206.0	0.0	0.15976708541098056	0.047208572904964004	0.00015385200313222395	0.042598243907939294	7.589415207398531e-19			0.0	1.0	1.0	1.0	0.8879310344827587	0.0	1.0	draw2763	True
-0.058886727538466625	-0.05929480075923789	0.0003000862382066183	0.0003718561345706038	0.022069488553289284	0.022090418052368884	194.0	0.0	0.09025842583632977	0.0025500592606652775	0.00030274560955574154	0.004810742039046758	4.119968255444917e-18			0.0	1.0	1.0	1.0	0.825531914893617	0.0	1.0	draw2764	True
-0.8702342280439159	-1.0505373151724786	0.25114366945064803	0.0008593335766913309	0.09348281862534223	0.09348296314460687	212.0	0.0	0.06843118167470756	0.0009682149692414217	0.09894889384584087	0.015933027486092214	1.1102230246251565e-16			0.0	1.0	1.0	1.0	0.902127659574468	0.0	1.0	draw2766	True
-0.09299822984220299	-0.7396423720080701	0.12247060352943724	0.012101725567341076	0.14333577938751893	0.1433561577532374	189.0	0.0	0.6140592216676051	0.27677549956935676	0.005310385459767336	0.13286060876394348	2.0816681711721685e-17			0.0	1.0	1.0	1.0	0.7745901639344263	0.0	1.0	draw2767	True
-0.49298297048813366	-1.3841120214307272	0.25089167799386	0.01575665500960535	0.23250751824212437	0.232576240871985	181.0	0.0	0.33077658069078697	0.12149051185566814	0.009316131660806899	0.23062607052483017	1.0408340855860843e-17			0.0	1.0	1.0	1.0	0.8264840182648402	0.0	1.0	draw2768	True
-0.18641151873163303	-0.3663192685718195	0.011985401051820749	0.000497879527281455	0.023834814615254232	0.023835699772456864	191.0	0.0	0.9216773304568705	0.24832668080020848	3.5657463400490514e-05	0.023834814615254232	2.6237692574149207e-17			0.0	1.0	1.0	1.0	0.9052132701421801	0.0	1.0	draw2771	True
-4.83695203047353	-4.83695203047353	0.05618300899517774	0.04290573728714575	0.047395711167237876	0.04739715963273949	42.0	0.0	0.03313409672328388	1.1127977613806819	0.05618300899517774	0.04290573728714575	8.326672684688674e-17			0.0	0.0	1.0	1.0	0.24277456647398843	0.0	1.0	draw2772	True
-0.10731022538783848	-1.2747600731663977	0.024661750310033374	0.04903692705980922	0.40670303873211533	0.406703940184443	166.0	0.0	0.5519532374967775	0.010695826942704887	6.150597585373475e-05	0.40670303873211533	1.1519648082658485e-19			0.0	1.0	1.0	1.0	0.8601036269430051	0.0	1.0	draw2774	True
-0.40306512863051636	-1.401149510172286	0.28813070150078635	0.028002705924087254	0.14518061431330953	0.1451807554914204	160.0	0.0	0.1970225448076885	0.005047277598341831	3.891238156015658e-05	0.14518061431330953	2.168404344971009e-19			0.0	1.0	1.0	1.0	0.8556149732620321	0.0	1.0	draw2776	True
-1.735417360065791	-1.8022427446284541	0.03674071456582009	0.0036691781543858383	0.00802070708599831	0.008021311089836067	166.0	0.0	0.003225543083646205	0.00010032561133016649	0.0009343007772592358	0.0058023888920282025	1.1275702593849246e-17			0.0	1.0	1.0	1.0	0.6974789915966386	0.0	1.0	draw2777	True
-0.11819015208353094	-0.1464557018131216	0.0013705884409753873	0.003352364655348452	0.03768338021435906	0.03768437927152141	167.0	0.0	0.2919148056265514	0.036079456667701924	4.531805541394914e-06	0.03768338021435906	1.0842021724855044e-19			0.0	1.0	1.0	1.0	0.8697916666666666	0.0	1.0	draw2778	True
-0.379674776934227	-0.379674776934227	0.05167826301111426	0.024128057333919026	0.0385759645360811	0.03857771433050786	33.0	0.0	0.19325901623744093	0.8822362921355018	0.05167826301111426	0.024128057333919026	1.3183898417423734e-16			0.0	0.0	1.0	1.0	0.10927152317880795	0.0	1.0	draw2780	True
-0.32403506119398706	-1.1357794776829502	0.054111300013221404	0.0028445254450612523	0.06482146100531552	0.06486015783301304	169.0	0.0	0.6739473661325879	0.07493392081236858	0.009030780703509498	0.05393357279464635	3.8163916471489756e-17			0.0	1.0	1.0	1.0	0.8848167539267016	0.0	1.0	draw2781	True
-0.17352118340632183	-0.3853739441215224	0.03439035729531525	0.006958528833896407	0.0728545229102733	0.07287433416163024	172.0	0.0	0.4468519967685538	0.1785792739455186	0.00019890706870104814	0.0728545229102733	6.071532165918825e-18			0.0	1.0	1.0	1.0	0.8865979381443299	0.0	1.0	draw2785	True
-0.37970633626287886	-0.639386815910849	0.04312036300843064	0.009095645050986085	0.13351916778412168	0.13353978096201763	173.0	0.0	0.28561485169006257	0.02623090805269373	0.0002511580505473929	0.13351916778412168	5.421010862427522e-19			0.0	1.0	1.0	1.0	0.8693467336683417	0.0	1.0	draw2786	True
-0.8910645677864165	-1.2789554866961308	0.019203193298317833	0.00012632471524476007	0.027545916332405537	0.027566607969642554	227.0	0.0	0.027227168771080675	0.15385679440083683	0.0004713990782562045	0.027545916332405537	5.421010862427522e-19			1.0	0.0	1.0	1.0	0.7773972602739726	0.0	1.0	draw2787	True
-0.03718725703752583	-0.19922147932330928	0.0060997449552269946	0.022701131637780658	0.039259153446346964	0.039260568287425655	131.0	0.0	0.37973102109613466	0.00014837450126014038	2.808080438915975e-05	0.039259153446346964	8.470329472543003e-22			0.0	1.0	1.0	1.0	0.7359550561797753	0.0	1.0	draw2791	True
-8.949879901116734	-71.31219644217659	0.7727269363210153	0.026754780639128593	0.81191898881004	0.8120966648789308	223.0	0.0	0.033389470683743865	0.09194921382155397	0.006062594034948616	0.81191898881004	4.336808689942018e-19			0.0	1.0	1.0	1.0	0.87109375	0.0	1.0	draw2792	True
-1.1768329729382783	-2.4890628541458537	0.29532926792713754	0.02053459052318464	0.45688292523892654	0.45796616306354404	160.0	0.0	1.08981748154609	0.32725765233735216	0.1600290362385747	0.45688292523892654	2.7755575615628914e-16			0.0	1.0	1.0	1.0	0.8163265306122449	0.0	1.0	draw2793	True
-0.23357010241076231	-0.8451481182878128	0.00027629976087307335	0.022733315736731048	0.026116462672411366	0.02273224987767048	35.0	0.0	1.3826407248672836	0.003241770354732549	0.022553237806933794	0.026116462672411366	1.734723475976807e-18			0.0	0.0	0.0	0.0	0.20833333333333334	0.0	1.0	draw2795	True
-0.1683393318462746	-0.495113166288433	0.06100696501900121	0.021594876066452537	0.10482541352100826	0.10483261387202142	159.0	0.0	0.7930619921630239	0.027523820112450532	0.00034560909464741006	0.10482541352100826	3.0357660829594124e-18			0.0	1.0	1.0	1.0	0.8641304347826086	0.0	1.0	draw2797	True
-5.459270885068956	-5.459270885068956	0.9107674544930843	0.1373618177592272	0.21546530119975427	0.21547686341193148	47.0	0.0	0.02495914388696857	0.6800913645290473	0.9107674544930843	0.1373618177592272	1.3877787807814457e-16			0.0	0.0	1.0	1.0	0.27647058823529413	0.0	1.0	draw2798	True
-1.4132961764168144	-1.4132961764168144	0.5316331472148381	0.17267065740753312	0.28807302365064036	0.2880750665607821	37.0	0.0	0.1224545728720138	0.7918828849333507	0.5316331472148381	0.17267065740753312	2.220446049250313e-16			0.0	0.0	1.0	1.0	0.1510204081632653	0.0	1.0	draw2800	True
-0.37848090715128135	-0.37848090715128135	0.03567375124430292	0.01823427602237886	0.21250786546567485	0.21260441502301783	154.0	0.0	0.11007170845536636	9.970366794719078e-07	0.03567375124430292	0.01823427602237886	1.3200161450011016e-17			0.0	1.0	1.0	1.0	0.8700564971751412	0.0	1.0	draw2802	True
-0.21883373516182755	-0.23319266390288618	0.0007431093204496033	5.7130082022673194e-06	0.018530286387115843	0.01853944073196545	222.0	0.0	0.7008181966624426	0.24784657787223505	0.004625781182823759	0.01567368035141792	6.591949208711867e-17			0.0	1.0	1.0	1.0	0.8571428571428571	0.0	1.0	draw2803	True
-1.071879055356477	-1.177161626258305	0.3194481349266532	0.0038990042956465916	0.19036575352509727	0.190542823844231	196.0	0.0	0.26330913529074423	0.06728129587369605	0.11547215178631459	0.16949286784374396	1.929879867024198e-17			0.0	1.0	1.0	1.0	0.8909090909090909	0.0	1.0	draw2804	True
-0.6664324243628207	-1.4700985445697454	0.5374586676998658	0.07912336843544125	0.12037157699794847	0.12037159176104995	96.0	0.0	0.22717773369362468	3.532291384477865e-05	0.00016799257862645973	0.12037157699794847	4.235164736271502e-21			0.0	1.0	1.0	1.0	0.5363128491620112	0.0	1.0	draw2805	True
-0.2321595960239194	-1.26491145022232	0.14507767710293973	0.009374214792569693	0.21905423431425255	0.21908287485615574	187.0	0.0	0.4238894657904601	0.023008555776402324	0.0018404006302770123	0.21905423431425255	3.469446951953614e-18			0.0	1.0	1.0	1.0	0.8657407407407407	0.0	1.0	draw2806	True
-0.28789742523795286	-1.0229541810213605	0.08736928975170127	0.021727301153525617	0.1998707770902157	0.1998737567304659	171.0	0.0	0.3670141081153921	0.021146721773122414	7.829789029220594e-05	0.1998707770902157	5.421010862427522e-19			0.0	1.0	1.0	1.0	0.8769230769230769	0.0	1.0	draw2812	True
-7.333059859975675	-8.916718203653616	11.731396764603046	0.3099244257826035	0.35587926606286197	0.35588451017041434	38.0	0.0	0.16196821739065154	3.819117280840161e-06	0.11170784650624384	0.35587926606286197	7.56787542424765e-21			0.0	1.0	1.0	1.0	0.2289156626506024	0.0	1.0	draw2813	True
-1.1787560214321307	-7.5592447971896535	7.387841201548709	0.13258285239304438	0.39876830704354965	0.39878934395605226	158.0	0.0	0.21866142513045972	0.00040301597338141584	0.012859887919747546	0.39876830704354965	1.0842021724855044e-19			0.0	1.0	1.0	1.0	0.7745098039215687	0.0	1.0	draw2815	True
-0.2422178735391196	-8.23777793714121	3.1115514784747598	0.019263781425823936	0.5784465520906524	0.5784841550679606	182.0	0.0	2.5571565906165095	0.1254118505038076	0.005112027924425919	0.5784465520906524	8.326672684688674e-17			0.0	1.0	1.0	1.0	0.8708133971291866	0.0	1.0	draw2817	True
-1.8285787522797268	-2.0518198400146486	0.09430152242463048	0.004147473779980748	0.02810825009235978	0.028108288938329645	215.0	0.0	0.012412165907992448	0.0015998380143716993	0.003550971948732869	0.024028454089442236	6.938893903907228e-18			0.0	1.0	1.0	1.0	0.7095709570957096	0.0	1.0	draw2822	True
-0.3931155717099115	-0.3931155717099115	0.029072711211528303	0.0010227596904344865	0.06669514912538797	0.06669571816669327	198.0	0.0	0.010332228998372427	9.992560412542223e-07	0.029072711211528303	0.0010227596904344865	1.8650394949118812e-17			0.0	1.0	1.0	1.0	0.8839285714285714	0.0	1.0	draw2824	True
-2.096435627380264	-2.096435627380264	3.822570516242171	0.6012985268398343	1.5001742791534616	1.500192496134219	44.0	0.0	0.27149986502832135	0.34650651296392015	3.822570516242171	0.6012985268398343	1.1102230246251565e-15			0.0	0.0	1.0	1.0	0.21052631578947367	0.0	1.0	draw2825	True
-0.4158252405895454	-0.7499513634358226	0.07311245469568259	0.01212282950200881	0.051266619200053036	0.051266620035138225	161.0	0.0	0.09155455733370024	0.0025781323433058958	0.0009313050072857662	0.050323957555978426	2.6020852139652106e-18			0.0	1.0	1.0	1.0	0.817258883248731	0.0	1.0	draw2829	True
-0.45749131999767256	-0.46505291103418056	0.05052957944253761	0.002686553124752378	0.17501686294365604	0.175561662622309	184.0	0.0	0.07679435555710333	0.00043337427722590227	0.04846960668810777	0.013053923915274886	1.1102230246251565e-16			0.0	1.0	1.0	1.0	0.7131782945736435	0.0	1.0	draw2830	True
-0.8268819568691904	-4.819706691370279	0.9010934191455378	0.003897488887534343	0.25883442935073386	0.25904065568324997	222.0	0.0	0.2493827845026795	0.18055572034881073	0.008406786497551033	0.25883442935073386	6.938893903907228e-18			0.0	1.0	1.0	1.0	0.8809523809523809	0.0	1.0	draw2831	True
-0.13165698345855753	-0.13165698345855753	0.0026184008379030003	0.00244331636687702	0.06134130412832459	0.061385552144292366	156.0	0.0	0.18043255686079154	9.744329746840967e-07	0.0026184008379030003	0.00244331636687702	1.734723475976807e-17			0.0	1.0	1.0	1.0	0.8253968253968254	0.0	1.0	draw2833	True
-0.15871802758213985	-0.15871802758213985	0.0003240399949697324	0.018807391509285357	0.03777638044442917	0.037782993052539036	36.0	0.0	0.8489410903400458	0.7434370477467492	0.0003240399949697324	0.018807391509285357	1.0061396160665481e-16			0.0	0.0	1.0	0.0	0.23376623376623376	0.0	1.0	draw2835	True
-0.5174838969338957	-2.4564246660990827	0.26664553958136367	0.005829907087327888	0.16756819432777567	0.16756991084246026	201.0	0.0	0.1547406861065647	0.113412056300263	0.0003392906518285059	0.16756819432777567	3.469446951953614e-18			0.0	1.0	1.0	1.0	0.8516949152542372	0.0	1.0	draw2838	True
-0.32333720699854557	-1.5264240029128062	0.31477307288480905	0.002851120456703041	0.09601712236319206	0.09601957652307241	201.0	0.0	0.1481748917566598	0.03650400509108009	0.00016161799247145636	0.09601712236319206	1.5178830414797062e-18			0.0	1.0	1.0	1.0	0.881578947368421	0.0	1.0	draw2839	True
-2.5096685164726327	-3.74465248575126	0.5185618770688569	0.0028132542675164507	0.7304156151962973	0.7304503475475579	222.0	0.0	0.23617048049765754	0.06222611887904578	0.002760935099208413	0.7304156151962973	3.469446951953614e-18			0.0	1.0	1.0	1.0	0.8705882352941177	0.0	1.0	draw2840	True
-0.08235921400039978	-0.13248343991698744	0.0016280675769844986	0.0006577022538871073	0.02335929980128165	0.02336475643264573	164.0	0.0	0.5678560288542273	0.04940543185751655	2.6824346210404837e-05	0.02335929980128165	1.5178830414797062e-18			0.0	1.0	1.0	1.0	0.8770053475935828	0.0	1.0	draw2841	True
-0.3552606257505976	-0.47159675982417315	0.009616079264780569	0.0007572952520543881	0.005398937366370551	0.005398947167315245	175.0	0.0	0.013122768989518677	0.0017234688398749553	0.00026790982316650755	0.005306368556320678	3.8963515573697816e-20			0.0	1.0	1.0	1.0	0.8663366336633663	0.0	1.0	draw2843	True
-0.5451608831379896	-0.5451608831379896	0.07429870260542785	0.022856959812986476	0.5389674075073324	0.539258234134821	159.0	0.0	0.13853307490155245	9.921986419340817e-07	0.07429870260542785	0.022856959812986476	1.734723475976807e-17			0.0	1.0	1.0	1.0	0.8688524590163934	0.0	1.0	draw2845	True
-0.1112610394084882	-0.1112610394084882	0.0010806908482351042	0.06184563230994778	0.09505103164620292	0.09506413864788368	37.0	0.0	0.683209008918417	1.700787028437266	0.0010806908482351042	0.06184563230994778	4.163336342344337e-17			0.0	0.0	1.0	1.0	0.1778846153846154	0.0	1.0	draw2846	True
-0.02293282356412087	-0.36503853623222443	0.018273344479114	0.01570092887075713	0.06476510447043823	0.06476629282062911	160.0	0.0	0.803815795167945	0.039116440512979904	0.0018885458887502329	0.046257244452151	3.469446951953614e-17			0.0	1.0	1.0	1.0	0.7174887892376681	0.0	1.0	draw2847	True
-0.19105658954461038	-1.3547020676588493	0.4582609349208281	0.03370887843322798	0.20460471021369864	0.20460879038242916	162.0	0.0	0.5634107668384689	0.006083527300497873	0.0007069200037234226	0.20460471021369864	1.5178830414797062e-18			0.0	1.0	1.0	1.0	0.8393782383419689	0.0	1.0	draw2848	True
-0.2917641995487045	-7.668395572899688	2.145781732903879	0.02398864283683041	0.12524742275797252	0.1252651874074438	156.0	0.0	0.605933078655768	0.009285622993388752	0.009652913213247438	0.12524742275797252	1.940721888749053e-17			0.0	1.0	1.0	1.0	0.8387096774193549	0.0	1.0	draw2849	True
-0.02834487738604469	-7.375182303645059	0.21752034084153427	0.18426024210002243	0.7048721048330884	0.7048722073071786	159.0	0.0	0.3001861913991662	0.0005063865023830328	2.210185246397485e-05	0.7048721048330884	2.541098841762901e-21			0.0	1.0	1.0	1.0	0.7910447761194029	0.0	1.0	draw2851	True
-0.010949494093042264	-0.010949494093042264	1.6124043152745934e-05	0.002179711795011922	0.0024673807406245234	0.002467387947321272	34.0	0.0	0.28900199354261163	0.4568641651512823	1.6124043152745934e-05	0.002179711795011922	3.903127820947816e-18			0.0	0.0	1.0	1.0	0.10461538461538461	0.0	1.0	draw2853	True
-0.580679837147758	-0.9014838127832795	0.0003743880366474103	0.01001562794156245	0.0262131002449755	0.026213114451764552	148.0	0.0	0.03228038266842404	0.003448152423395958	5.048281348547768e-08	0.0262131002449755	9.529120656610879e-22			0.0	1.0	1.0	1.0	0.8409090909090909	0.0	1.0	draw2854	True
-0.3123198179872137	-4.463380334630034	0.11986090722653096	0.0008898644378552428	0.1114882237097249	0.11167628775397774	181.0	0.0	1.1291555824838455	0.1890225514437244	0.018478139837381936	0.1114882237097249	2.636779683484747e-16			0.0	1.0	1.0	1.0	0.861904761904762	0.0	1.0	draw2856	True
-0.036288910568058025	-1.7163241047837399	0.08428113540989676	0.04256387545696476	0.13689778068083125	0.1369005017961738	167.0	0.0	0.31777185967597993	0.003947646364458254	5.145718585730873e-05	0.13689778068083125	1.3552527156068805e-19			0.0	1.0	1.0	1.0	0.8308457711442786	0.0	1.0	draw2860	True
-0.012374240958610712	-0.35625717265071505	0.004620485087770906	0.006710437254587707	0.009310460668467961	0.009311506357348655	127.0	0.0	0.9760821345485934	0.0008597414050155713	2.425684190226715e-05	0.009310460668467961	2.6893296075324036e-19			0.0	1.0	1.0	1.0	0.8246753246753247	0.0	1.0	draw2862	True
0.00045618064732791397	-0.061224720813420674	0.0003527604771455702	0.0011978259442411408	0.009965034055227476	0.009965329829303642	172.0	8.0	0.6250974807371061	0.18413345129099104	0.000498311649567024	0.007635110013683381	2.6020852139652106e-17	0.007028599387153981	0.0004164308732167806	0.0	1.0	1.0	1.0	0.5733333333333334	0.0	1.0	draw2863	True
-1.6540776357369784	-28.739466045155776	0.27424774333023144	0.013348448879824787	0.8502566313711499	0.8502774410409701	229.0	0.0	0.14190729394144103	0.13809593862185232	0.0003603042735924434	0.8502566313711499	4.87890977618477e-19			0.0	1.0	1.0	1.0	0.8674242424242424	0.0	1.0	draw2864	True
-0.9242767779499497	-10.836960243377067	2.8430840454995305	0.016469402466479745	1.4723875935072859	1.4727038251800133	191.0	0.0	1.0993551503411803	0.8141091260109188	1.0858519032641765	1.261875136406697	8.881784197001252e-16			0.0	1.0	1.0	1.0	0.7609561752988048	0.0	1.0	draw2865	True
-1.0304528681952	-1.2688703402633221	0.12348568625332883	0.024716527934725403	0.06706593213660345	0.06706637247336462	141.0	0.0	0.8437258497075832	0.0020935702521022457	0.0005327195818476089	0.06706593213660345	3.2490066274306825e-18			0.0	1.0	1.0	1.0	0.8245614035087719	0.0	1.0	draw2867	True
-0.009869275662233723	-0.03737454189792714	0.00015418775469457053	0.0007860444910738602	0.004360669617208091	0.004362573058036505	151.0	0.0	0.8399504831142321	0.09307188131080558	1.9263017994919978e-06	0.004360669617208091	2.710505431213761e-19			0.0	1.0	1.0	1.0	0.8531073446327684	0.0	1.0	draw2872	True
-0.39308264573757634	-38.57248828503334	11.76190247996386	0.08137844726202431	0.7258587070472946	0.7258831605457146	205.0	0.0	0.21965303622985272	0.025515473226219193	0.0027116661047054073	0.7258587070472946	8.673617379884035e-19			0.0	1.0	1.0	1.0	0.8613445378151261	0.0	1.0	draw2874	True
-0.194230470078567	-0.8192889174488485	0.12800219260169526	0.0008079203530814113	0.3125573927194557	0.31262618387278573	225.0	0.0	1.4610364041767276	0.15348815325287932	0.0006842508617994209	0.3125573927194557	6.938893903907228e-18			0.0	1.0	1.0	1.0	0.800711743772242	0.0	1.0	draw2877	True
0.09307208769357439	-0.7491879943216654	0.06773937264450933	0.0005666263789645578	0.08208470487037255	0.08215899266077609	213.0	12.0	1.0227218549922417	0.41860542602297435	0.0008467996685754221	0.08208470487037255	4.163336342344337e-17	0.07308909549038507	0.009228972990877354	0.0	1.0	1.0	1.0	0.7370242214532872	0.0	1.0	draw2878	True
-3.9020062361690124	-29.994495572025148	22.47188102338611	0.019053915295908757	0.9367146739972081	0.9372490931159708	185.0	0.0	0.6768265161914191	0.3959982628749105	0.11911632915576016	0.9367146739972081	5.551115123125783e-16			0.0	1.0	1.0	1.0	0.8980582524271845	0.0	1.0	draw2880	True
-3.423627900019147	-13.325246867868353	0.28020128186038745	0.002043121939377035	0.7183565312371281	0.7193970866949159	250.0	0.0	0.06173574302638869	0.9719356471118723	0.00481919621891858	0.7183565312371281	2.6020852139652106e-18			0.0	1.0	1.0	1.0	0.8896797153024911	0.0	1.0	draw2881	True
-5.398716192924841	-36.88640395347483	3.6283482284648034	0.06606468386037273	2.3936448178199834	2.3955387480998955	206.0	0.0	0.1668409314743522	0.09438242130427972	0.06978790696989287	2.3936448178199834	2.8189256484623115e-18			0.0	1.0	1.0	1.0	0.869198312236287	0.0	1.0	draw2884	True
-0.13461448883984203	-0.5198082907143788	0.00639111465474722	0.0032216484139990383	0.009841650111777778	0.009841742636032033	148.0	0.0	1.0531716969384182	0.025462656319280283	8.581648823722305e-06	0.009841650111777778	8.795590124288655e-18			0.0	1.0	1.0	1.0	0.8705882352941177	0.0	1.0	draw2891	True
-0.49050065704924495	-1.3588771532374981	0.05738223587624506	0.008973108843102198	0.08856279677938163	0.0885860962668988	177.0	0.0	0.10873119583766776	0.025859142646328413	0.0004157888005226543	0.08856279677938163	4.0657581468206416e-19			0.0	1.0	1.0	1.0	0.8509615384615384	0.0	1.0	draw2892	True
-0.30026555085139184	-1.351510309492192	0.3116006846518182	0.04311407041462225	0.25096003132903794	0.25100720955115635	162.0	0.0	0.47546570391386117	0.009083914448546795	0.02863412221775405	0.14896964372453123	1.3877787807814457e-16			0.0	1.0	1.0	1.0	0.7074235807860262	0.0	1.0	draw2893	True
-0.17002422028820724	-0.17002422028820724	0.006310958259428051	1.9747281606852907e-05	0.016432402479561112	0.016441787715490645	236.0	0.0	0.0003593786844598971	9.998945479276973e-07	0.006310958259428051	1.9747281606852907e-05	8.239936510889834e-18			0.0	1.0	1.0	1.0	0.8939393939393939	0.0	1.0	draw2895	True
-0.19855853001896562	-0.30546430229552907	0.012414924656326376	0.0004141214348049293	0.075207325361582	0.07522771551512275	201.0	0.0	0.7241372112074063	0.40375735254177175	0.008396018325347617	0.05806131537076904	4.163336342344337e-17			0.0	1.0	1.0	1.0	0.8445378151260504	0.0	1.0	draw2896	True
-0.09039778172348087	-1.33821854565369	0.020981089124628195	0.017793568325422966	0.08762728170783303	0.0876280648394464	174.0	0.0	0.18867731869342236	0.033940384918901924	2.0651429502635083e-05	0.08762728170783303	4.743384504624082e-19			0.0	1.0	1.0	1.0	0.87	0.0	1.0	draw2897	True
-0.19774380472257608	-0.2510905601449686	0.003937283609024343	0.00037233446647493544	0.06158456881648724	0.06161880760896144	212.0	0.0	0.281487241135865	0.1520769926994846	0.0001510565922533756	0.06158456881648724	1.0842021724855044e-18			0.0	1.0	1.0	1.0	0.8153846153846154	0.0	1.0	draw2898	True
-0.16105717662962554	-1.0795690236365294	0.1313128577793654	0.02405163322183158	0.3302915692687925	0.3302932400470432	170.0	0.0	0.5105857934109739	0.007461578903989982	0.0003374212238854977	0.3302915692687925	5.89534931288993e-19			0.0	1.0	1.0	1.0	0.8542713567839196	0.0	1.0	draw2900	True
-0.47819485494273506	-31.91520044964178	0.26388041051484495	0.1337373419188786	1.103419718683072	1.1034884161066632	196.0	0.0	0.2273461523063368	0.0828107097686492	9.98520325958961e-05	1.103419718683072	1.8973538018496328e-19			0.0	1.0	1.0	1.0	0.875	0.0	1.0	draw2902	True
-0.21307426783381447	-0.22932882130867102	0.0036966237304328032	5.600078068144172e-05	0.03990300911798903	0.039908695951392965	242.0	0.0	0.15897367848554075	0.09620211451197586	0.00227022835414096	0.03167422028696853	2.0599841277224584e-18			0.0	1.0	1.0	1.0	0.852112676056338	0.0	1.0	draw2903	True
-0.46586449934427016	-4.67900348395574	0.1529691477594141	0.01569533375205123	0.14016868736443758	0.14017671775557206	191.0	0.0	0.09748418449634284	0.04738893442732147	0.00013445785986471555	0.14016868736443758	5.55653613398821e-19			0.0	1.0	1.0	1.0	0.8721461187214612	0.0	1.0	draw2904	True
-0.5419865208097976	-1.2404800777404636	0.0029202188156131916	0.0013596643875333292	0.21026031887438124	0.21026454286885102	219.0	0.0	0.2416603087786143	0.2270850957962183	2.5094811424871434e-05	0.21026031887438124	4.0657581468206416e-19			0.0	1.0	1.0	1.0	0.8830645161290323	0.0	1.0	draw2905	True
-1.0937456404145094	-5.8937808746446025	0.15303976271867314	0.0005893899329792631	0.07474726098861513	0.07483699095396368	224.0	0.0	0.029933841481773724	0.18283294364930414	0.0020074246786982034	0.07474726098861513	8.673617379884035e-19			1.0	0.0	1.0	1.0	0.896	0.0	1.0	draw2909	True
-1.363539412584378	-6.898980663969463	7.474468732987209	0.05644487636487275	0.62495727798258	0.6249581398858469	184.0	0.0	0.4057468288182193	0.018584556633996063	0.0023636008417901393	0.62495727798258	1.3227266504323154e-17			0.0	1.0	1.0	1.0	0.8679245283018868	0.0	1.0	draw2911	True
0.19663183592048902	-105.74337097732476	3.0178842839025184	0.01361195238841286	0.42398008430246975	0.4240275820649887	172.0	26.0	2.3442168698243777	0.22950163635742965	0.061201445488372926	0.2320389691877638	3.885780586188048e-16	0.20023603657056746	0.09270193523249746	0.0	1.0	1.0	1.0	0.7288135593220338	0.0	1.0	draw2913	True
-0.08539757379613329	-0.08539757379613329	0.0010280412252647322	0.003600938871574206	0.07431811206443271	0.0743230226187399	170.0	0.0	0.05350548509071215	9.94818000091418e-07	0.0010280412252647322	0.003600938871574206	6.505213034913027e-19			0.0	1.0	1.0	1.0	0.8585858585858586	0.0	1.0	draw2916	True
-0.5944548471557275	-0.5944548471557275	0.08579480823964532	0.0005399139057362344	0.13499591809697203	0.13518930441026333	210.0	0.0	0.0021978729160564824	9.988091230278767e-07	0.08579480823964532	0.0005399139057362344	2.7755575615628914e-17			0.0	1.0	1.0	1.0	0.860655737704918	0.0	1.0	draw2918	True
-0.6317921210398417	-0.6317921210398417	0.32142551555201093	0.10133918974198922	0.290513585833358	0.2905155060746848	45.0	0.0	0.15652641178076468	0.16731571464423978	0.32142551555201093	0.10133918974198922	2.220446049250313e-16			0.0	0.0	1.0	1.0	0.23316062176165803	0.0	1.0	draw2919	True
-0.11803468177480353	-0.5226154061642521	0.03747062241550275	0.002171154101202137	0.033692418163961214	0.03369260366209335	179.0	0.0	0.5947090260291009	0.5234215141858257	4.28619535970447e-06	0.033692418163961214	1.22514845490862e-17			0.0	1.0	1.0	1.0	0.8905472636815921	0.0	1.0	draw2921	True
-0.12820023706374978	-0.42818903478503434	0.014525564016022218	0.012393809553430368	0.23877011966986078	0.23877508587296478	176.0	0.0	0.8852370049695097	0.032823560038544974	8.88498365122085e-05	0.23877011966986078	8.673617379884035e-19			0.0	1.0	1.0	1.0	0.8669950738916257	0.0	1.0	draw2922	True
-4.3272118207340595	-17.32725109847057	0.38626704372696574	0.0017347328486144098	0.2885714511129692	0.2885766000459614	215.0	0.0	0.03429519744820618	0.49216388599766614	0.0007598519925145532	0.2885714511129692	2.6020852139652106e-18			1.0	0.0	1.0	1.0	0.8958333333333334	0.0	1.0	draw2923	True
0.49061776158652487	-15.682918726143233	22.268895984496588	0.016971741788236714	0.4735125492850548	0.4736178941429767	222.0	28.0	0.935711330646769	0.15075638406033604	0.21853676439981892	0.397936148705503	3.0531133177191805e-16	0.353027040586297	0.4306598455114764	0.0	1.0	1.0	1.0	0.8072727272727273	0.0	1.0	draw2924	True
-0.8650289623447418	-1.6803205135984345	0.14759053368981695	0.015977572742317418	1.3090519962130587	1.3091313408896499	194.0	0.0	0.8731402659903466	0.1184972423800634	0.0027024084671873295	1.3090519962130587	6.938893903907228e-18			0.0	1.0	1.0	1.0	0.8899082568807339	0.0	1.0	draw2925	True
-1.4631391198683965	-1.726305949070098	0.03818096036622471	0.0024173860555898627	1.057885774786893	1.0582972913270083	166.0	0.0	0.6490205647421211	0.02059614421756737	0.4332407449560073	0.06161019790850347	7.771561172376096e-16			0.0	1.0	1.0	1.0	0.8019323671497585	0.0	1.0	draw2927	True
-0.17361892147250574	-5.423836293823083	0.032144387065932596	0.05521178533031579	0.274644847011028	0.27465794892824824	181.0	0.0	0.23108443491470157	0.02335132484260473	2.4533201601832258e-05	0.274644847011028	6.013933925505532e-20			0.0	1.0	1.0	1.0	0.8701923076923077	0.0	1.0	draw2929	True
-1.9928235044952074	-13.406473613332766	39.09038083451603	0.05950554745711088	2.5878032898385532	2.587974018965332	189.0	0.0	0.7442989946177739	0.19570602933428768	0.08376256706915908	2.5878032898385532	2.220446049250313e-16			0.0	1.0	1.0	1.0	0.863013698630137	0.0	1.0	draw2930	True
-0.19517216395937487	-0.83814356067401	0.16988815069647287	0.09119925642119316	0.25116610634886344	0.2511661225716406	142.0	0.0	1.017092721574961	0.002989717569267149	2.289638800715667e-05	0.25116610634886344	7.589415207398531e-19			0.0	1.0	1.0	1.0	0.8255813953488372	0.0	1.0	draw2933	True
-1.8791581791841527	-4.712367975464088	2.474725723950804	0.003570685371920466	0.27552352469076835	0.2757821291332251	200.0	0.0	0.3622150219304431	0.22081222811467965	0.33993404402820104	0.16373141485817938	2.498001805406602e-16			0.0	1.0	1.0	1.0	0.8771929824561403	0.0	1.0	draw2934	True
-0.7577279609320462	-1.0367357138068574	0.008443827089893214	0.00423793643624398	0.022720870675102485	0.022721091530621042	166.0	0.0	0.024967397618763567	0.012210225210820777	2.217683092978885e-05	0.022718282416725934	3.7269449679189215e-20			0.0	1.0	1.0	1.0	0.8691099476439791	0.0	1.0	draw2935	True
-0.45897274597871623	-2.278871062247248	0.3599349226121188	0.005493818781335737	0.22872672380845416	0.22874658113415305	202.0	0.0	0.2276895238225042	0.06627410565996748	0.001925213749749206	0.22857056054451955	8.673617379884035e-19			0.0	1.0	1.0	1.0	0.8706896551724138	0.0	1.0	draw2937	True
-0.4084266226855505	-1.5475582154042413	0.5706014206304364	0.08128367253251552	0.9478262732663748	0.947880608683599	165.0	0.0	1.2817038294264316	0.013971328698559136	0.0022320679639474925	0.9478262732663748	3.469446951953614e-18			0.0	1.0	1.0	1.0	0.8549222797927462	0.0	1.0	draw2938	True
-0.5847236853299719	-0.5847236853299719	0.041846233492698955	0.011221934444642416	0.025434590599182596	0.025436199392179278	105.0	0.0	0.11154096423945849	9.999769853371994e-07	0.041846233492698955	0.011221934444642416	1.879354351720479e-20			0.0	1.0	1.0	1.0	0.5675675675675675	0.0	1.0	draw2939	True
-0.11926244024083275	-0.9321111504854225	0.004604125048878982	0.00023286816839229144	0.007450342747442653	0.007450681039226191	194.0	0.0	1.4084044172745849	0.35736643540947216	0.00043244556185263435	0.00579604994445128	1.2836953722228372e-16			0.0	1.0	1.0	1.0	0.7320754716981132	0.0	1.0	draw2940	True
-0.18216268179207606	-0.5577891524086264	0.05818154571343172	0.0063445884218310674	0.21086145071719398	0.21086461601793935	192.0	0.0	0.6416232965352437	0.6739395018057405	0.0875842249126259	0.18299030684035622	2.498001805406602e-16			0.0	1.0	1.0	1.0	0.6857142857142857	0.0	1.0	draw2943	True
-0.2792354244226646	-1.3462116610588923	0.32721134213571	0.005243676975008302	0.5602053867083776	0.5602054256085863	211.0	0.0	0.7459472668063976	0.2212219081280797	0.2804452097333546	0.32379233668726914	3.885780586188048e-16			0.0	1.0	1.0	1.0	0.7617328519855595	0.0	1.0	draw2946	True
-0.020015299609643246	-0.4010981077267576	0.03952057547886576	0.011796622841786517	0.10941757416493147	0.10945524396779742	196.0	0.0	0.7018383621331221	0.09249582973456702	0.003688449562295953	0.07671333183286849	4.85722573273506e-17			0.0	1.0	1.0	1.0	0.7596899224806202	0.0	1.0	draw2948	True
4.642712950345232	-42.85669364794078	9.895007187820726	0.01651450382491113	1.079435588151827	1.080354224602749	203.0	46.0	1.2602316534524243	0.08485318897578153	4.394075924610952	0.7250845883400349	8.881784197001252e-16	0.4309594791094157	6.130976154767391	0.0	1.0	1.0	1.0	0.725	0.0	1.0	draw2949	True
-1.0439502404335752	-6.341369440476623	0.03886052380718725	0.011487105255598155	0.3930950425720549	0.39321416116157293	205.0	0.0	0.1465843158976231	0.0826038778435091	0.0003373228496651021	0.3930950425720549	1.4738373282224826e-19			0.0	1.0	1.0	1.0	0.8577405857740585	0.0	1.0	draw2951	True
-0.7366719551942914	-1.1895193188259792	0.2515421912168554	0.01432724414133987	0.40097872839722215	0.4011152185369166	184.0	0.0	0.5870623249681751	1.1172617193879382	0.08009023674597024	0.3923962780768028	2.7755575615628914e-16			0.0	1.0	1.0	1.0	0.7244094488188977	0.0	1.0	draw2953	True
-0.026839490917787354	-0.27334876811929365	0.00516109118241714	0.022879148965603106	0.1432782422320963	0.1432801895283484	159.0	0.0	0.8579273341374267	0.011592782828419752	1.93043885807243e-05	0.1432782422320963	1.6263032587282567e-19			0.0	1.0	1.0	1.0	0.8594594594594595	0.0	1.0	draw2955	True
-0.46677156857372226	-0.46677156857372226	0.05361582711692045	0.008662865810829463	0.12155503724445185	0.12158618669811475	167.0	0.0	0.044045960303670174	9.955838293549446e-07	0.05361582711692045	0.008662865810829463	3.313592889658823e-17			0.0	1.0	1.0	1.0	0.8743455497382199	0.0	1.0	draw2958	True
-0.9842728480046747	-0.9842728480046747	0.9244805187594088	0.29746546286243586	1.0762341797037014	1.0766498304337533	43.0	0.0	0.4141744779949618	0.5740273383009608	0.9244805187594088	0.29746546286243586	6.661338147750939e-16			0.0	0.0	1.0	1.0	0.20093457943925233	0.0	1.0	draw2959	True
-0.15744802192676036	-0.40747624674987415	0.03823319892617345	0.007531026618140664	0.05448179226683511	0.05448468349795678	154.0	0.0	0.3636716580638587	0.005426094766717506	0.0001774596122100806	0.05448179226683511	6.691560283308973e-19			0.0	1.0	1.0	1.0	0.8415300546448088	0.0	1.0	draw2961	True
-1.4709645159563394	-1.6067909305240136	0.38107510417636803	0.026810945977878534	0.20331766787788072	0.20333028912514864	154.0	0.0	0.6505515927204965	0.03642261618087443	0.005952221074934096	0.20331766787788072	2.17653586126465e-17			0.0	1.0	1.0	1.0	0.8555555555555555	0.0	1.0	draw2963	True
-0.320286649779922	-0.8012127297580488	0.005232899301511489	0.005932068634796779	0.006984553504242039	0.006984657721394963	86.0	0.0	0.890925320436473	3.759550947718465e-05	2.316504307051749e-05	0.006984553504242039	1.1514354126738145e-20			0.0	1.0	1.0	1.0	0.5443037974683544	0.0	1.0	draw2964	True
-0.482872067108395	-2.3394638198395104	1.3397162221789454	0.0873615526544848	0.24552747647867346	0.24552885434839822	145.0	0.0	0.3644389715686713	0.0004470914194617727	0.0010099839105848377	0.24552747647867346	1.6263032587282567e-19			0.0	1.0	1.0	1.0	0.7967032967032966	0.0	1.0	draw2966	True
-0.31235531170668546	-2.515375447429303	0.12699366260070602	0.0003756647379014416	0.1027020524215656	0.10274664499826006	249.0	0.0	0.1656617037054253	0.31086153353325163	0.0008488889347482227	0.1027020524215656	3.469446951953614e-18			0.0	1.0	1.0	1.0	0.867595818815331	0.0	1.0	draw2967	True
-0.2797769441917972	-0.2797769441917972	0.023599158479224617	0.005882132803963184	0.019671013747363058	0.01967352624003476	63.0	0.0	0.020821924921739836	0.05475783930071899	0.023599158479224617	0.005882132803963184	6.938893903907228e-18			0.0	0.0	1.0	1.0	0.3727810650887574	0.0	1.0	draw2968	True
-3.2655676974633203	-6.739371872387218	8.065035330312872	0.03592773575514341	1.487873305901607	1.4900263565952796	199.0	0.0	0.4062875164708716	0.05148840867159927	2.4544438432501927	0.872692763086654	6.661338147750939e-16			0.0	1.0	1.0	1.0	0.8728070175438597	0.0	1.0	draw2970	True
-0.048079511562259064	-2.0366655842634853	0.06331196846500527	0.008853077925001498	1.6493239752770483	1.65002029951412	159.0	0.0	0.5723040345935841	0.002211973410214959	0.06442296085774066	0.01821284054744606	2.220446049250313e-15			0.0	1.0	1.0	1.0	0.6437246963562753	0.0	1.0	draw2971	True
-0.6204549430069118	-4.976051380082246	1.4114085664005598	0.019979863483399987	0.7190684590711196	0.7191278631253504	214.0	0.0	0.3481021771832859	0.2962015179067041	0.0572248063234418	0.5672918879728414	1.1102230246251565e-16			0.0	1.0	1.0	1.0	0.8075471698113208	0.0	1.0	draw2972	True
-0.043845837219262024	-0.1752037666090482	0.0006700895147722898	0.009483583290017023	0.06493620191367194	0.06493624362005816	162.0	0.0	0.5529333839666157	0.029953496528673604	3.179909499520907e-07	0.06493620191367194	4.0657581468206416e-20			0.0	1.0	1.0	1.0	0.8756756756756757	0.0	1.0	draw2974	True
-0.14463048859826333	-1.391817044647573	0.13924445830389356	0.008023226986730787	0.059413626810014455	0.05941362798199178	188.0	0.0	0.25589683942681446	0.018116597185984473	3.345443959923801e-06	0.059413626810014455	3.6591823321385775e-19			0.0	1.0	1.0	1.0	0.8506787330316742	0.0	1.0	draw2975	True
-0.32678597131129783	-0.38331739478801696	0.02730329273866253	0.008891638710751168	0.017469789994765245	0.017469814437834463	168.0	0.0	0.053980921094547336	0.0002808081849951501	0.0006181026702119521	0.014473111071061492	6.938893903907228e-18			0.0	1.0	1.0	1.0	0.6942148760330579	0.0	1.0	draw2976	True
-0.0661291811775404	-0.10540168413109312	0.0021725236960067657	7.431928747795261e-05	0.014715597082710169	0.014724533658264873	209.0	0.0	0.48689897535868787	0.15502502113959835	0.00012659942787078676	0.014715597082710169	5.637851296924623e-18			0.0	1.0	1.0	1.0	0.8893617021276595	0.0	1.0	draw2979	True
-0.03299165491599761	-0.03299165491599761	2.4937784360811065e-05	0.0005896373284280933	0.004748451752742513	0.004749111753512709	164.0	0.0	0.018424870785866715	9.966657951367488e-07	2.4937784360811065e-05	0.0005896373284280933	1.0164395367051604e-20			0.0	1.0	1.0	1.0	0.8631578947368421	0.0	1.0	draw2982	True
-0.192622751076522	-0.3342113254020113	0.016388700760061214	0.0009733100913381966	0.19894961833368435	0.19895570490176767	233.0	0.0	0.624551631644127	0.530106542417043	0.008390107037774368	0.11098705539435304	8.326672684688674e-17			0.0	1.0	1.0	1.0	0.7925170068027211	0.0	1.0	draw2984	True
0.324039326750409	-7.133148728931202	0.6398459047197901	0.007259619490146082	0.227876544525607	0.2280345077900786	178.0	22.0	1.2739072273199035	0.2726650838200757	0.03948652835335599	0.2185636934652645	1.6653345369377348e-16	0.1770770883814939	0.1084391133012483	0.0	1.0	1.0	1.0	0.7639484978540773	0.0	1.0	draw2985	True
-15.94152020301937	-19.952790972394542	8.894301850371946	0.1975892786496274	0.2762024663225406	0.27622246703458425	70.0	0.0	0.7098740165845214	1.6792326058093022e-05	0.11159793737314198	0.2762024663225406	1.0503208545953324e-19			0.0	1.0	1.0	1.0	0.4093567251461988	0.0	1.0	draw2987	True
-1.139469383688673	-1.139469383688673	0.2121321760888124	0.0022645830519148007	0.19422608850347134	0.1943059676378151	191.0	0.0	0.009706457819695258	9.98855372108154e-07	0.2121321760888124	0.0022645830519148007	3.529078071440317e-17			0.0	1.0	1.0	1.0	0.8925233644859814	0.0	1.0	draw2988	True
-0.0492358330680938	-0.14241037630870176	0.003338446732274667	0.014768821627904105	0.06217789866810411	0.0621801746034759	152.0	0.0	0.6985733397706013	0.033971791157225456	2.535394217561747e-05	0.06217789866810411	6.505213034913027e-19			0.0	1.0	1.0	1.0	0.8636363636363636	0.0	1.0	draw2991	True
-0.2465968600154599	-0.2735264293260393	0.0011496071893676305	0.0008204066849546357	0.05147493235594161	0.051796487691236674	203.0	0.0	0.18316392552057295	0.27115050165279087	0.0007323477824345125	0.044578500010840044	5.204170427930421e-18			0.0	1.0	1.0	1.0	0.8023715415019763	0.0	1.0	draw2993	True
-3.7381652331830404	-5.00863022790039	4.1749136887938825	0.032962012784569415	1.3052979067867578	1.3076430438920257	178.0	0.0	0.8921173936571364	0.3296595516183257	0.7232462933242739	1.3052979067867578	6.661338147750939e-16			0.0	1.0	1.0	1.0	0.8317757009345794	0.0	1.0	draw3005	True
-0.6026380864928966	-1.0056013552446244	0.25149292909693005	0.08045811636424643	0.18437970551596516	0.18437991283035732	119.0	0.0	0.5681066570560155	9.261755173040677e-05	0.0004421284726972057	0.18437970551596516	1.1236421440920328e-20			0.0	1.0	1.0	1.0	0.68	0.0	1.0	draw3006	True
-1.2361881067663703	-1.2361881067663703	0.6720152286577056	0.308545046030816	0.48364835558364827	0.48368567750217817	38.0	0.0	0.2479630204747009	0.5292596302079886	0.6720152286577056	0.308545046030816	3.3306690738754696e-16			0.0	0.0	1.0	1.0	0.1735159817351598	0.0	1.0	draw3007	True
-0.30143374397264916	-0.3919567835659109	0.02907009411702256	0.0015831660116089707	0.10514399868186243	0.1053086407110565	186.0	0.0	0.3597751425703001	0.023693168307601802	0.020443535520222204	0.03153717650463983	1.5265566588595902e-16			0.0	1.0	1.0	1.0	0.8416289592760181	0.0	1.0	draw3010	True
-0.47885034327189013	-0.9519010901897651	0.22538093932743122	0.0005959356524217487	0.27185833822160443	0.27193566802268654	222.0	0.0	0.6813109851294393	0.263904217564783	0.005716108645070876	0.27185833822160443	5.551115123125783e-17			0.0	1.0	1.0	1.0	0.757679180887372	0.0	1.0	draw3012	True
-0.5309887516233972	-1.5052315150626685	0.3930492307218849	0.04364094714992739	0.1533438454941415	0.15334467585546588	150.0	0.0	0.830842522516723	0.0024090914674714694	0.00038426573298651085	0.1533438454941415	1.1587410718438829e-18			0.0	1.0	1.0	1.0	0.8379888268156425	0.0	1.0	draw3013	True
-0.012961504247916422	-0.15550246178965715	0.001788568115497085	0.0013987230789556685	0.03144919299346385	0.03145218287829852	182.0	0.0	0.505114110006449	0.002724406673335402	1.115967947983832e-05	0.03144919299346385	6.776263578034403e-21			0.0	1.0	1.0	1.0	0.8425925925925926	0.0	1.0	draw3016	True
-0.14221915891189596	-0.14221915891189596	0.005056509599359709	3.883621643606725e-05	0.021655490622279255	0.02167148728583259	232.0	0.0	0.0005481712141649136	9.996391508687285e-07	0.005056509599359709	3.883621643606725e-05	1.0408340855860843e-17			0.0	1.0	1.0	1.0	0.6803519061583577	0.0	1.0	draw3017	True
-0.23243124204471546	-0.586414495289945	0.05374395321436484	0.0010200256287616072	0.15623316287046077	0.1562541631798243	213.0	0.0	0.5236224441140169	0.13093850048206093	0.0004504016313815176	0.15623316287046077	6.491660507756958e-18			0.0	1.0	1.0	1.0	0.8801652892561983	0.0	1.0	draw3018	True
-4.392886777044904	-46.136215317524375	448.7497497578227	0.14779245203101424	2.383280005876805	2.383749799976859	195.0	0.0	0.8246615003785088	0.2921608967311934	0.30454905908641694	2.383280005876805	1.1102230246251565e-15			0.0	1.0	1.0	1.0	0.8986175115207373	0.0	1.0	draw3021	True
-0.012015221248732312	-0.9119188631482849	0.007424828461902515	0.0018606362843320216	0.00730244471670632	0.007302509874245884	148.0	0.0	1.1395332273980505	0.013453337487493592	5.354520904586594e-06	0.00730244471670632	2.5682038960750386e-18			0.0	1.0	1.0	1.0	0.8505747126436781	0.0	1.0	draw3022	True
-0.8356253160300167	-13.717177798618392	3.8482091069347106	0.029543402446237044	0.369091090845096	0.3690966271463153	154.0	0.0	0.6039292510511627	0.06224479918038564	0.017011159195017143	0.369091090845096	1.1102230246251565e-16			0.0	1.0	1.0	1.0	0.8555555555555555	0.0	1.0	draw3024	True
-0.516037521399739	-5.758062895516351	2.9577580791067084	0.01698311954923221	0.3456091955561854	0.3456116884948467	200.0	0.0	0.25101370189351846	0.06154238744897477	0.0007853187297793672	0.3456091955561854	7.806255641895632e-18			0.0	1.0	1.0	1.0	0.8928571428571429	0.0	1.0	draw3027	True
-1.9788320969360882	-2.6030694542204698	1.1074747018670856	0.06292704147562622	0.20966349468495843	0.20967585506186145	114.0	0.0	0.6837966116814121	5.3716784879159745e-05	0.008062935901215927	0.20966349468495843	4.0657581468206416e-20			0.0	1.0	1.0	1.0	0.6	0.0	1.0	draw3028	True
-0.2954494283831953	-1.7615425617273535	0.44678487594008875	0.007013155292639293	0.305902175798486	0.30600275735056476	198.0	0.0	1.0047599176618183	0.004456470288784148	0.0014419378620119728	0.305902175798486	2.168404344971009e-19			0.0	1.0	1.0	1.0	0.8284518828451883	0.0	1.0	draw3029	True
-1.2719513474670952	-30.37794327964162	8.61626240138419	0.016869013866997132	1.5963431247157156	1.5963563276540425	228.0	0.0	0.28248367571245625	0.05875075395137815	0.004528606866698244	1.5963431247157156	4.553649124439119e-18			0.0	1.0	1.0	1.0	0.8669201520912547	0.0	1.0	draw3031	True
-0.4215265596519475	-2.5489993051542825	0.8187240968593188	0.0048072830051821705	0.20997756409584542	0.20998236551167163	214.0	0.0	0.8038061819503428	0.04307147752180399	0.0005310168490362666	0.20997756409584542	6.451002926288751e-18			0.0	1.0	1.0	1.0	0.8842975206611571	0.0	1.0	draw3032	True
-2.6729558383210303	-11.204179596068784	0.1373102294582277	0.002596086296451682	0.7692745555650746	0.7692755905314104	241.0	0.0	0.13747499856016462	0.1343559299130771	0.0001321437456675797	0.7692745555650746	5.488773498207866e-19			0.0	1.0	1.0	1.0	0.9026217228464419	0.0	1.0	draw3034	True
-0.8118800231550475	-9.326781043727562	0.35729685752594453	0.01631992306600948	0.2611258045266952	0.26115866327348203	203.0	0.0	0.10496723505662402	0.08717576728631637	0.0015922751164258052	0.2611258045266952	1.4365678785432934e-18			0.0	1.0	1.0	1.0	0.8601694915254238	0.0	1.0	draw3037	True
-1.6362994992345692	-1.6995307232937393	0.02713376974189694	0.0019474598638727371	0.009487658993280874	0.009488792924155802	202.0	0.0	0.004065740569261219	0.0004121644793691938	0.0008962341510277648	0.006789261309945109	3.469446951953614e-18			0.0	1.0	1.0	1.0	0.6666666666666666	0.0	1.0	draw3038	True
-1.4740404437786077	-1.4740404437786077	0.42323320569581413	0.04402129648212876	0.6115179936922813	0.6115931812940607	140.0	0.0	0.1739533336673225	9.944329642261846e-07	0.42323320569581413	0.04402129648212876	1.3877787807814457e-17			0.0	1.0	1.0	1.0	0.8284023668639053	0.0	1.0	draw3042	True
-0.24037455445617217	-0.3675115244787365	0.01697418979361729	0.0086470165048284	0.04161447714185704	0.041614516557528375	144.0	0.0	0.9809647863988009	0.000829829718630427	2.35560021974683e-05	0.04161447714185704	3.015437292225309e-19			0.0	1.0	1.0	1.0	0.8181818181818182	0.0	1.0	draw3050	True
-0.04093990433442164	-0.13265462305680042	0.004397721280023657	0.007224104247149179	0.025851332802288057	0.025851434521751187	145.0	0.0	0.6770945160230365	0.0007037848490059362	5.662327197134067e-06	0.025851332802288057	6.776263578034403e-21			0.0	1.0	1.0	1.0	0.8011049723756906	0.0	1.0	draw3053	True
-0.02419863659434167	-0.02419863659434167	0.00014353371138025337	0.0013492884447001067	0.010027580786677249	0.010027581544901298	157.0	0.0	0.13216028332674717	9.963457319049824e-07	0.00014353371138025337	0.0013492884447001067	1.2027867851011065e-18			0.0	1.0	1.0	1.0	0.8820224719101124	0.0	1.0	draw3056	True
-2.3228727326586798	-2.6286991124226655	1.479801525461811	0.0049487874188455724	0.23200838830914938	0.23219451563022522	195.0	0.0	0.43294088063296154	0.17749903219194468	0.04032067967580583	0.23200838830914938	1.3877787807814457e-16			0.0	1.0	1.0	1.0	0.8783783783783784	0.0	1.0	draw3057	True
-1.348562851641666	-4.263294174613012	0.2164638119231989	0.006298090503894082	0.04275188242423711	0.04275818801517701	160.0	0.0	1.1476435490752934	0.06911715599980944	0.0025564989314453943	0.04275188242423711	7.155734338404329e-17			0.0	1.0	1.0	1.0	0.8648648648648649	0.0	1.0	draw3059	True
-0.05027867465817444	-0.05974185407621321	0.0005381403289734217	0.0016020345817017235	0.010771397778036724	0.010771890879424758	154.0	0.0	0.8466568210134678	0.058711290204298064	1.3009850504477858e-05	0.010771397778036724	5.510796354836478e-18			0.0	1.0	1.0	1.0	0.8700564971751412	0.0	1.0	draw3060	True
-0.964645856748338	-1.6215212965887786	0.10956109993923678	0.011208820554918305	0.5675742065791103	0.567719221252336	195.0	0.0	0.5108339730794599	0.26854304408747826	0.0034678521004929265	0.5675742065791103	1.0408340855860843e-17			0.0	1.0	1.0	1.0	0.7926829268292683	0.0	1.0	draw3064	True
-0.08804821353831067	-0.0882060003837323	0.0010835674247357291	1.7206428963702447e-05	0.00264556074124366	0.0026455712281408727	216.0	0.0	0.1993316147897961	0.1147547618676427	2.601902926149981e-06	0.00264556074124366	2.800290923622717e-18			0.0	1.0	1.0	1.0	0.864	0.0	1.0	draw3068	True
-0.4161562569897458	-1.2285572621390919	0.0006115902136282575	0.005973516763952041	0.19919526331385348	0.1992038560708814	194.0	0.0	0.25184818596661745	0.11858446369633452	5.307530309181931e-06	0.19919526331385348	1.8634724839594607e-20			0.0	1.0	1.0	1.0	0.8778280542986425	0.0	1.0	draw3069	True
-0.07929440422054032	-0.2345259183972392	0.005470479714086814	0.003337968323466131	0.018012010237064256	0.01801203990719712	155.0	0.0	0.8113411577904049	0.05493674689113708	7.487342932635892e-06	0.018012010237064256	8.06205959196643e-18			0.0	1.0	1.0	1.0	0.8659217877094972	0.0	1.0	draw3071	True
-1.0359388612473936	-5.18578069027051	0.4561758121207056	0.000390074264394982	0.03900808242092345	0.03902133476924701	199.0	0.0	0.3780629312362009	0.18504801998876175	0.0014589528868492179	0.03900808242092345	7.45931094670027e-17			0.0	1.0	1.0	1.0	0.9004524886877828	0.0	1.0	draw3074	True
-0.19139965395778505	-0.38115189976192754	0.009820242862054856	0.0009133776035632718	0.023960897191874272	0.02396361448276392	185.0	0.0	1.72058148668258	0.7629935529358192	1.8165618705562047e-05	0.023960897191874272	7.526734769301713e-17			0.0	1.0	1.0	1.0	0.9024390243902439	0.0	1.0	draw3077	True
-0.05701587007150813	-1.7404235965007007	0.010821980807934884	0.0005648239003618496	0.008873756787542195	0.008874581111740082	163.0	0.0	1.0761288959477435	0.07919081802702944	0.00012005155772038288	0.008873756787542195	4.401860820291148e-17			0.0	1.0	1.0	1.0	0.8578947368421053	0.0	1.0	draw3079	True
-1.7946630217818849	-2.2766933648571377	0.0012497670603484957	0.0007109963847980724	0.017884363437421558	0.017890649104957995	213.0	0.0	0.009035261595981833	0.04732576312570492	1.2481708537845513e-05	0.017884363437421558	6.776263578034403e-21			0.0	1.0	1.0	1.0	0.8949579831932774	0.0	1.0	draw3081	True
-0.46880410851248494	-2.805386685619152	0.3485539799091148	0.0035407699726211187	0.1402464607775725	0.14030296403919676	209.0	0.0	0.13158021703417366	0.08728287208987573	0.0019684203971561537	0.1402464607775725	1.734723475976807e-18			0.0	1.0	1.0	1.0	0.842741935483871	0.0	1.0	draw3084	True
-53.74218569095352	-57.863503828211094	39.50515737052881	0.06381481015048243	0.2285300990041503	0.22853010944339427	156.0	0.0	1.5016031970595825	0.0009182875484174551	0.0009560887886690337	0.2285300990041503	1.2165087188466261e-17			0.0	1.0	1.0	1.0	0.7918781725888325	0.0	1.0	draw3085	True
-2.349616956997142	-3.181186870249896	0.3299288045002591	0.0012295541377352207	1.329365798909241	1.3317395220531483	202.0	0.0	0.5039009911373242	0.04783834323580602	1.3249588813516524	0.13574884429020748	6.661338147750939e-16			0.0	1.0	1.0	1.0	0.7622641509433963	0.0	1.0	draw3086	True
-0.025638414465212592	-0.025638414465212592	3.680088258707451e-05	0.0005427469047660628	0.001863598023674378	0.0018636020531453015	144.0	0.0	0.02300241529706321	9.994093372368459e-07	3.680088258707451e-05	0.0005427469047660628	1.6940658945086007e-21			0.0	1.0	1.0	1.0	0.8323699421965318	0.0	1.0	draw3087	True
0.04335576573165423	-3.063472194956056	0.10401346337573354	0.011634165272084501	0.11065091643263507	0.1107757118763238	160.0	2.0	3.121188519339291	0.19832058592685506	0.0012710043258939135	0.11065091643263507	8.326672684688674e-17	0.11027521727049794	0.002746997270876742	0.0	1.0	1.0	1.0	0.8290155440414507	0.0	1.0	draw3088	True
-0.20312515106036722	-0.5483182822648325	0.07379278703291868	0.00028428798914879476	0.2812310265468438	0.2813106311466038	231.0	0.0	2.6253252017158792	0.349289195822275	0.0006317685817685825	0.2812310265468438	3.469446951953614e-17			0.0	1.0	1.0	1.0	0.8587360594795539	0.0	1.0	draw3089	True
-0.2652609945584457	-0.7671497985657606	0.022805137879754803	0.0030668954365800547	0.023059985991073405	0.023067599889789576	181.0	0.0	0.06506043639614152	0.025886209937533877	0.0001923590633019563	0.023059985991073405	2.1006417091906648e-19			0.0	1.0	1.0	1.0	0.8537735849056604	0.0	1.0	draw3090	True
-0.04226971391269689	-0.07641262430713748	0.0012166167251238538	0.006192783039768844	0.03711204250247319	0.037112628291202064	156.0	0.0	0.7568067054425798	0.06132876981125608	7.56966068806205e-06	0.03711204250247319	6.505213034913027e-19			0.0	1.0	1.0	1.0	0.8478260869565217	0.0	1.0	draw3091	True
-1.6222525139234256	-10.34013717732715	26.024615448888653	0.009571296200624512	0.6614955829803253	0.661496552038203	210.0	0.0	0.27539678715291416	0.031703644723287794	0.004130771709244833	0.6614955829803253	2.860938482646125e-17			0.0	1.0	1.0	1.0	0.8898305084745762	0.0	1.0	draw3093	True
-0.8241736543313913	-3.87432748902804	0.019486885586227746	0.0029156461468351734	0.7255672763914071	0.7263860799928561	225.0	0.0	0.3542606576785333	0.09279178072929903	0.0006759363018225335	0.7255672763914071	2.507217523872729e-19			0.0	1.0	1.0	1.0	0.8928571428571429	0.0	1.0	draw3095	True
-0.17294431182699732	-0.8608385286637867	0.15399407411769608	0.043380960549130376	0.13328557289561338	0.1332869510315777	151.0	0.0	0.43018637246637964	0.0025362463681717884	0.00018747998684593323	0.13328557289561338	1.4907779871675686e-19			0.0	1.0	1.0	1.0	0.825136612021858	0.0	1.0	draw3096	True
0.4277600981577125	-2.8572107423760382	0.34417230615129935	0.007468460016807795	0.06537557124744774	0.0653924295568246	163.0	20.0	0.35934442516658616	0.025118324031211527	0.004386413738720691	0.0653416369173162	1.3877787807814457e-17	0.05999151540430262	0.057422367916515595	0.0	1.0	1.0	1.0	0.7951219512195122	0.0	1.0	draw3098	True
-0.23761496534327198	-0.23761496534327198	0.0011327003304620277	0.0019943495138895736	0.009623054166921855	0.009623102237780144	79.0	0.0	0.010022816150985247	0.7762504345357596	0.0011327003304620277	0.0019943495138895736	3.469446951953614e-18			0.0	0.0	1.0	1.0	0.4438202247191011	0.0	1.0	draw3100	True
-0.19110833610696598	-0.27076623895594537	0.014215658049514412	0.0005016344444319059	0.005934517836774655	0.0059349362845163706	176.0	0.0	0.03066999321914189	0.005555680073147851	6.864833089161715e-05	0.005934517836774655	4.0657581468206416e-20			0.0	1.0	1.0	1.0	0.8421052631578947	0.0	1.0	draw3101	True
-13.566639984310012	-21.17849801849092	100.10277308449912	0.25605145447849237	0.6537000720412125	0.6537324479725996	144.0	0.0	0.3885834311858032	0.00010307604364677081	0.10812165042887267	0.6537000720412125	2.168404344971009e-19			0.0	1.0	1.0	1.0	0.6792452830188679	0.0	1.0	draw3102	True
-0.49107889200570237	-0.5278243363224109	0.06648021197505281	0.00015524642415456176	0.11962462543405158	0.11971759640575794	227.0	0.0	0.34817420525267484	0.29380460923184915	0.006059484713893224	0.11962462543405158	4.163336342344337e-17			0.0	1.0	1.0	1.0	0.7773972602739726	0.0	1.0	draw3103	True
-0.06747154673508311	-0.2690259244490652	0.0028589983143911413	0.0014527524674112966	0.04579983831017	0.045804804924279886	159.0	0.0	1.1109567812662418	0.5948683564269647	4.7821770362829715e-05	0.04579983831017	3.8163916471489756e-17			0.0	1.0	1.0	1.0	0.8502673796791443	0.0	1.0	draw3105	True
-30.971399366405905	-30.971399366405905	52.609892349506126	0.3820373701254533	0.7709665164318519	0.7710363909954087	98.0	0.0	0.1705470287932189	9.994186998241835e-07	52.609892349506126	0.3820373701254533	3.9207037546033427e-19			0.0	1.0	1.0	1.0	0.5355191256830601	0.0	1.0	draw3106	True
-0.060064437702093985	-0.060064437702093985	0.0008893568230003043	3.363341064454709e-05	0.015600610243929725	0.015616336871492716	221.0	0.0	0.001266750476875565	9.99410972508933e-07	0.0008893568230003043	3.363341064454709e-05	4.336808689942018e-18			0.0	1.0	1.0	1.0	0.884	0.0	1.0	draw3107	True
-0.08105810308594302	-0.09877819918074333	0.0008465097181881441	5.281459218819567e-05	0.01919732247630386	0.0192080320842346	233.0	0.0	0.16904683293598485	0.13369322608302805	0.0005371461705644224	0.013347870442380587	2.6020852139652106e-18			0.0	1.0	1.0	1.0	0.7898305084745763	0.0	1.0	draw3108	True
-0.03491947651212935	-0.05006064636269396	0.0004809414681327156	0.0034050628006963585	0.020671248426827014	0.020676373032085704	156.0	0.0	0.56788196294267	0.08589452637787932	1.125201118003329e-05	0.020671248426827014	1.8431436932253575e-18			0.0	1.0	1.0	1.0	0.8387096774193549	0.0	1.0	draw3111	True
-0.10592154528046799	-3.141051821254363	0.593390607275981	0.01886088517889324	0.4063256260562562	0.4063264037902103	196.0	0.0	0.8131114793474904	0.011724317458497443	5.5224625586812616e-05	0.4063256260562562	6.505213034913027e-19			0.0	1.0	1.0	1.0	0.8789237668161435	0.0	1.0	draw3113	True
-3.003492760018397	-10.008619686057237	21.992046431731854	0.18157296614494217	0.4229131832311516	0.4229218222541187	150.0	0.0	0.21237560900669952	0.00014978290123773575	0.020074068157539916	0.4229131832311516	1.0842021724855044e-19			0.0	1.0	1.0	1.0	0.7352941176470589	0.0	1.0	draw3116	True
-1.0628449865905876	-1.4570637797699666	0.5217080140772407	0.000396918214923561	0.22007968410092027	0.22036485128755517	230.0	0.0	0.34756296034636247	0.3220185364014239	0.022366859371325182	0.22007968410092027	4.163336342344337e-17			0.0	1.0	1.0	1.0	0.8582089552238806	0.0	1.0	draw3117	True
-0.773035953111307	-4.621633568340708	0.2049051078733746	0.009030276334169269	0.17096023187978573	0.17099049112898362	203.0	0.0	0.12789594692814565	0.14794419877856868	0.0005789346671931264	0.17096023187978573	1.734723475976807e-18			0.0	1.0	1.0	1.0	0.8903508771929824	0.0	1.0	draw3120	True
-0.16504429373680268	-0.19420611809266553	0.0011917283599588836	0.017527903565717363	0.02100583518436329	0.021005854141109316	119.0	0.0	0.09446282423538743	0.0003801373388511818	4.0044122715090803e-07	0.02100583518436329	3.3881317890172014e-21			0.0	1.0	1.0	1.0	0.7727272727272727	0.0	1.0	draw3121	True
-1.8014616336523117	-103.55474802556864	1649.478611710965	0.1578946335207894	4.003869628003781	4.003954436366002	211.0	0.0	3.108551640770279	0.5221918670988138	0.04807996695684118	4.003869628003781	2.220446049250313e-15			0.0	1.0	1.0	1.0	0.9094827586206896	0.0	1.0	draw3122	True
-19.375846388287115	-21.21017341559687	1.2674013664533623	0.026581345484143756	0.03610686092916973	0.03610738094410702	78.0	0.0	0.6184453988224209	2.1878624242558062e-05	0.008824636218592741	0.03610686092916973	2.753915869760544e-19			0.0	1.0	1.0	1.0	0.46987951807228917	0.0	1.0	draw3125	True
-0.5807310091673967	-3.6912799046063576	1.6304021661597052	0.05852666959668246	1.492675437227838	1.4927140598705397	192.0	0.0	2.369392388941282	0.0652646578927215	0.0014768214130586616	1.492675437227838	8.673617379884035e-18			0.0	1.0	1.0	1.0	0.8609865470852018	0.0	1.0	draw3127	True
-15.574312668082213	-15.574312668082213	2.34789996702882	0.0919922130030779	0.4621695923128643	0.4621698709966415	103.0	0.0	0.010038239121452542	0.9785892936030947	2.34789996702882	0.0919922130030779	2.220446049250313e-16			0.0	0.0	1.0	1.0	0.5722222222222222	0.0	1.0	draw3128	True
-0.05498587883038136	-0.2942877068745634	0.012856255604413993	0.0016018774107158886	0.03039514595724021	0.030395149257678816	181.0	0.0	0.2858275916506237	0.0016580660719147156	2.8181458174226748e-06	0.03039514595724021	1.4928955695357043e-20			0.0	1.0	1.0	1.0	0.8264840182648402	0.0	1.0	draw3130	True
-0.10147322046139956	-0.2974490295635894	0.009985474412074584	0.013444602474128157	0.06461942503758294	0.06461945531715488	160.0	0.0	0.3685891800527857	0.031542791362270596	2.569962786065746e-06	0.06461942503758294	2.710505431213761e-19			0.0	1.0	1.0	1.0	0.8648648648648649	0.0	1.0	draw3131	True
-0.07358756667656442	-0.07780565573517473	7.453073006356916e-05	0.00032681870630220096	0.008993133916885953	0.008996189419340302	190.0	0.0	0.11233544206302103	0.1340356376217552	2.8338065359388415e-05	0.008342965798247132	9.486769009248164e-20			0.0	1.0	1.0	1.0	0.8296943231441049	0.0	1.0	draw3132	True
0.18038342605635935	0.18038342605635935	2.0832230004597653e-05	0.09027797221927573	0.13151624470723916	0.1315165125087069	47.0	16.0	0.9983660579736499	0.09809576202250482	2.0832230004597653e-05	0.09027797221927573	1.249000902703301e-16	0.09027797221927573	2.0832230004597653e-05	0.0	0.0	1.0	0.0	0.17407407407407408	0.0	1.0	draw3133	True
-0.6636828183360195	-6.2973741104119165	2.9626365133928596	0.03127384653748537	0.5680897963776391	0.5681138131078601	191.0	0.0	0.27810445780648363	0.03768613863696616	0.004063837015486932	0.5680897963776391	3.469446951953614e-18			0.0	1.0	1.0	1.0	0.880184331797235	0.0	1.0	draw3134	True
-0.2677599800352925	-0.9040371550982842	0.16605077402383542	0.02925728177232293	0.11211088811731351	0.11211114534150562	149.0	0.0	0.23366891249888533	0.0016761500625626894	6.313714468081043e-05	0.11211088811731351	1.3552527156068805e-19			0.0	1.0	1.0	1.0	0.8277777777777777	0.0	1.0	draw3136	True
-2.145849747273921	-6.486175987002492	0.9608648665329304	0.0006335594883770701	0.3625425894947908	0.3629621851634355	250.0	0.0	0.1087419809952696	0.1747671682625963	0.017793528127026354	0.3625425894947908	4.336808689942018e-18			1.0	0.0	1.0	1.0	0.8591065292096219	0.0	1.0	draw3137	True
-0.9744448354425522	-1.0518541975889837	0.06036057459666665	0.0006656811058513305	0.09069476279074253	0.09069540034133486	220.0	0.0	0.0975921010494039	0.1091441367645239	0.00012703506473424903	0.09069476279074253	1.9786689647860456e-18			0.0	1.0	1.0	1.0	0.873015873015873	0.0	1.0	draw3138	True
-1.658699972000785	-3.0859532350003382	2.343526282777122	0.0196808220149633	0.2783559445976275	0.27838733701385343	172.0	0.0	0.5115832128295196	0.0008529081828403814	0.01357341102283897	0.2783559445976275	1.62339158297207e-19			0.0	1.0	1.0	1.0	0.8075117370892019	0.0	1.0	draw3141	True
-0.08032400471887335	-0.08032400471887335	0.001383376304323871	0.004067607011772435	0.14232533840059566	0.14233599174296527	163.0	0.0	0.08310880715548706	9.983769058966606e-07	0.001383376304323871	0.004067607011772435	2.6723889485873176e-18			0.0	1.0	1.0	1.0	0.8716577540106952	0.0	1.0	draw3142	True
-0.25681470510219884	-0.6302590904370468	0.0030930853127331447	0.02151393314461849	0.21495164496506283	0.21498078842840299	170.0	0.0	0.4982574652698067	0.07161245659360452	4.605905843295951e-05	0.21495164496506283	2.439454888092385e-19			0.0	1.0	1.0	1.0	0.8762886597938144	0.0	1.0	draw3143	True
-0.02875179512658	-0.4169111929994397	0.000729963179983796	0.013967573175858906	0.22815718899842508	0.22816114186314024	171.0	0.0	0.7779262210776987	0.009652859187243195	7.095513371748924e-06	0.22815718899842508	1.7522994096323338e-20			0.0	1.0	1.0	1.0	0.868020304568528	0.0	1.0	draw3144	True
-1.1608818778328809	-1.6490424044378775	0.3634251383913181	0.0022103483979435544	0.16010612554486758	0.160147874859725	209.0	0.0	0.18447627400572114	0.13366354678810033	0.00660996677078278	0.16010612554486758	1.5829351718288365e-17			0.0	1.0	1.0	1.0	0.806949806949807	0.0	1.0	draw3148	True
-4.863625114797793	-6.056052806131982	0.3748986936425668	0.005723847647515109	0.08768812579365935	0.08770189099285167	192.0	0.0	0.016152691173607094	0.013659089119340814	0.005850198382663726	0.08754935430538244	1.6263032587282567e-19			0.0	1.0	1.0	1.0	0.8727272727272727	0.0	1.0	draw3149	True
-0.21480550275171767	-0.9584861547492722	0.14018530281768998	0.02445378905759108	0.08613475164547112	0.08613556968954254	160.0	0.0	0.31965751991698044	0.0013056747911148457	0.00019448333666057798	0.08613475164547112	4.404571325722362e-20			0.0	1.0	1.0	1.0	0.8121827411167513	0.0	1.0	draw3150	True
-0.1386893116802258	-0.3610589315094942	0.01840216230134275	0.0001498965080494398	0.03698812123885807	0.03700736347230507	214.0	0.0	0.8533616356903321	0.1623720245525194	0.00029100638482103876	0.03698812123885807	1.5612511283791264e-17			0.0	1.0	1.0	1.0	0.8629032258064516	0.0	1.0	draw3151	True
-0.05587515049109004	-4.0914736719355735	0.4550370024938218	0.023197035966753817	0.07025408633069509	0.07025432342965525	133.0	0.0	0.8239108229871867	0.0028215029935874376	0.00015672745987842848	0.07025408633069509	1.8566962203814263e-18			0.0	1.0	1.0	1.0	0.8209876543209876	0.0	1.0	draw3152	True
-0.024778488130452376	-0.02479079648616742	1.090068478710159e-06	0.000808888448304988	0.0008648327802724683	0.0008648327876165306	114.0	0.0	0.035143185395062	2.662373675172913e-05	4.909080269996879e-08	0.0008628291241502628	3.970466940254533e-23			0.0	1.0	1.0	1.0	0.7549668874172185	0.0	1.0	draw3154	True
-0.6173666370084218	-3.5275876998456583	0.07908333919199366	0.0036103941625170157	0.2199677671209153	0.22002175651655384	220.0	0.0	0.2734980583968324	0.3085759361197304	0.0007443648269087873	0.2199677671209153	4.621411760219463e-18			0.0	1.0	1.0	1.0	0.873015873015873	0.0	1.0	draw3157	True
-0.13424365580281256	-0.6206346534047231	0.04640928407713015	0.0001168051999088064	0.065109250387829	0.06510928692088844	245.0	0.0	0.279334850597353	0.2142394357632265	1.633588352471119e-05	0.065109250387829	6.938893903907228e-18			0.0	1.0	1.0	1.0	0.7928802588996764	0.0	1.0	draw3160	True
-0.8617933092414191	-3.919231078226223	3.307120992541228	0.005530378148297403	0.6972165012863676	0.697356306487666	212.0	0.0	1.9885101684829836	0.6215052991726073	0.007472039695720724	0.6972165012863676	3.608224830031759e-16			0.0	1.0	1.0	1.0	0.8945147679324894	0.0	1.0	draw3161	True
-0.3789512019684424	-2.41417445038179	0.07412500359333049	0.1128686262280515	0.6780179124429868	0.6780198518753889	158.0	0.0	0.4417416245500883	0.004568916795643307	3.3817626200067086e-05	0.6780179124429868	8.131516293641283e-20			0.0	1.0	1.0	1.0	0.8586956521739131	0.0	1.0	draw3162	True
0.058142630142883345	-30.76803061620551	14.289260590609784	0.10615763108448341	0.5376305784453654	0.5376730157388014	172.0	7.0	0.8307035545274355	0.08971248331295509	0.20846635758504042	0.3484177696012431	9.992007221626409e-16	0.34304127613181334	0.2395637709347183	0.0	1.0	1.0	1.0	0.669260700389105	0.0	1.0	draw3163	True
-0.0283565320665088	-0.6193119828125976	0.02153532522750008	0.001532001870649343	0.07055440356050412	0.07055941230786535	204.0	0.0	0.33933936542680926	0.023761196601885737	4.55199792277834e-05	0.07055440356050412	2.0328790734103208e-19			0.0	1.0	1.0	1.0	0.8869565217391304	0.0	1.0	draw3169	True
-0.3224605808524895	-17.81010779713097	0.4778074511349608	0.004273007533690698	0.5871661597459569	0.5878739701488948	167.0	0.0	2.7719688641750064	0.19392026119829825	0.06160934875627556	0.5871661597459569	2.7755575615628914e-16			0.0	1.0	1.0	1.0	0.8564102564102564	0.0	1.0	draw3172	True
-0.28524993694672557	-0.4633033285684799	0.048705498241181616	0.00022952065183767616	0.10423708055497158	0.10426942305481021	253.0	0.0	0.12021514999246065	0.026014685591723465	0.0290844571121689	0.025259375069064643	9.71445146547012e-17			0.0	1.0	1.0	1.0	0.6912568306010929	0.0	1.0	draw3173	True
-0.1172893411198636	-0.4358706681526609	0.004144666584371307	0.0002515861194704831	0.01973562353441001	0.01973562421365061	178.0	0.0	0.46717222969795924	0.2795379895285551	7.663896010747562e-07	0.01973562353441001	1.9081958235744878e-17			0.0	1.0	1.0	1.0	0.8682926829268293	0.0	1.0	draw3175	True
-1.1187402024758366	-1.2996564874706937	0.007539895271530171	0.04793909294010967	0.08888865142455414	0.088889147137219	132.0	0.0	0.06849245748846448	0.0011423366827763568	3.062493731068948e-06	0.08888865142455414	4.963083675318166e-21			0.0	1.0	1.0	1.0	0.8098159509202454	0.0	1.0	draw3179	True
-0.21841311745339465	-0.32719154691662106	0.02129281462605112	0.00762104164700981	0.11807905364427226	0.11808218275862901	171.0	0.0	0.870387329641674	0.006010191975228647	0.00010902599593267062	0.11807905364427226	7.386127300057499e-19			0.0	1.0	1.0	1.0	0.8465346534653465	0.0	1.0	draw3181	True
-0.036796748475080715	-0.036796748475080715	7.621737546213159e-05	0.002515728923678717	0.0033546232898879294	0.003355026011867555	43.0	0.0	0.08374161235604145	0.30119488937229466	7.621737546213159e-05	0.002515728923678717	2.168404344971009e-18			0.0	0.0	1.0	1.0	0.14144736842105263	0.0	1.0	draw3183	True
-0.12762251376337988	-0.12762251376337988	0.0037793238572898596	0.00010465250060323512	0.0409354065758193	0.04096025165070779	218.0	0.0	0.001296459699443724	9.999861293042988e-07	0.0037793238572898596	0.00010465250060323512	3.469446951953614e-18			0.0	1.0	1.0	1.0	0.8449612403100775	0.0	1.0	draw3184	True
-0.26548181934733056	-3.0288601991047956	1.9279730462553928	0.1079242761993143	0.5719249862833139	0.571928399557354	155.0	0.0	0.5964609255900694	0.0007407804025853631	0.0007656940280671184	0.5719249862833139	1.0842021724855044e-19			0.0	1.0	1.0	1.0	0.8072916666666666	0.0	1.0	draw3185	True
-1.2520470024958386	-1.433766398758398	0.07628232044895311	0.001306041082039182	0.005669646793612293	0.0056696699620825235	168.0	0.0	0.0041447247704873135	0.00043870996364759506	0.002896607637552277	0.005530571955284416	2.710505431213761e-20			0.0	1.0	1.0	1.0	0.84	0.0	1.0	draw3186	True
-2.0433278317293806	-2.2668348370528957	0.06745603664653345	0.0029805232516481052	0.04141416715643061	0.04141442696111245	187.0	0.0	0.01937894549480311	0.014424132643977497	0.0016027673458869404	0.041268190249271135	2.168404344971009e-19			0.0	1.0	1.0	1.0	0.8820754716981132	0.0	1.0	draw3187	True
-0.22329501409776964	-0.22329501409776964	0.00933818624978538	0.0030670209084229464	0.0775470603331779	0.07755092802754468	176.0	0.0	0.01848475186807201	9.994506039430155e-07	0.00933818624978538	0.0030670209084229464	1.4094628242311558e-18			0.0	1.0	1.0	1.0	0.88	0.0	1.0	draw3190	True
-11.160558070430596	-15.087174008847562	0.11060136852575547	0.0015081502112650057	0.4121299944045202	0.41252020372744314	230.0	0.0	0.03520033862305012	0.3002689278338637	0.005557548793431061	0.4121299944045202	8.673617379884035e-19			1.0	0.0	1.0	1.0	0.7876712328767124	0.0	1.0	draw3191	True
-0.3607262245681646	-0.3607262245681646	0.008610346159623451	0.007934207221012728	0.630351529507626	0.6305878734127847	176.0	0.0	0.024463201144522023	9.993216752195214e-07	0.008610346159623451	0.007934207221012728	2.168404344971009e-19			0.0	1.0	1.0	1.0	0.88	0.0	1.0	draw3195	True
-0.045484227938638065	-0.08552117271924645	0.0017453547263198228	0.00014407852416414634	0.00938095727870673	0.009382359693968032	205.0	0.0	0.2451842317330535	0.06699544447269969	0.0003070789512555925	0.008189406513280458	5.204170427930421e-18			0.0	1.0	1.0	1.0	0.7649253731343284	0.0	1.0	draw3196	True
-0.1677316908029633	-0.1677316908029633	0.800231708334613	0.18590715064006674	0.4879173800717768	0.48795716199438516	45.0	0.0	0.34604104027905835	0.10684885880122369	0.800231708334613	0.18590715064006674	3.885780586188048e-16			0.0	0.0	1.0	1.0	0.18	0.0	1.0	draw3198	True
-0.1058371865050734	-0.1058371865050734	0.007922509621009198	0.02302181826185488	0.050736259056217585	0.0507366110910519	39.0	0.0	0.23161455979770645	0.2596855019726063	0.007922509621009198	0.02302181826185488	6.245004513516506e-17			0.0	0.0	1.0	1.0	0.15057915057915058	0.0	1.0	draw3199	True
-0.46178245373604	-0.49695340402493204	0.009334959962550262	0.0016520980984126921	0.01673227173045267	0.016734358237120325	172.0	0.0	0.035691163084698045	0.006726458545888275	3.701156959178963e-05	0.01673227173045267	4.0657581468206416e-20			0.0	1.0	1.0	1.0	0.86	0.0	1.0	draw3202	True
-0.0954680105394902	-0.16165852061497082	0.003929804699844797	0.00033809197538028874	0.029819463904411043	0.02982070122363744	192.0	0.0	0.9291159613464566	0.11938791507280654	3.015532944241227e-05	0.029819463904411043	4.7704895589362195e-18			0.0	1.0	1.0	1.0	0.897196261682243	0.0	1.0	draw3204	True
0.08368438757506907	-4.281790447686763	4.267673009665786	0.025771167195102543	0.41464155952417014	0.41476010643508543	187.0	1.0	0.7773638688084403	0.07390907870919718	0.017708697850018284	0.41464155952417014	5.551115123125783e-17	0.41464155952417014	0.017708697850018284	0.0	1.0	1.0	1.0	0.7923728813559322	0.0	1.0	draw3205	True
-1.43730678329206	-14.425132051751735	4.464438301894486	0.008330584901391203	0.16667184637729215	0.16667299669783087	216.0	0.0	0.03908220079402555	0.023030304882928225	0.03321207381832273	0.16478677055249882	3.550762114890027e-18			0.0	1.0	1.0	1.0	0.9037656903765691	0.0	1.0	draw3206	True
-0.15820250629902954	-0.20709183863611688	0.0025106298200947004	0.01046123322958786	0.08607873873781534	0.08611456242580204	162.0	0.0	0.4809134335498606	0.04986646892524926	7.002465247348413e-05	0.08607873873781534	4.336808689942018e-19			0.0	1.0	1.0	1.0	0.8617021276595744	0.0	1.0	draw3207	True
-0.07296151978986685	-0.10471880705686253	0.00030819661277190706	0.0070543740406382414	0.042901001921445366	0.04290105880522911	159.0	0.0	0.4784839218485497	0.05649202210700605	1.1525448111919245e-06	0.042901001921445366	1.4230153513872246e-19			0.0	1.0	1.0	1.0	0.8688524590163934	0.0	1.0	draw3209	True
-0.7246079755540823	-2.6348038649553054	1.6681654413921505	0.02049406954188959	0.28545218840093894	0.28545516966017387	184.0	0.0	0.8002715016160585	0.005890243478107911	0.0007434851886108611	0.28545218840093894	1.8431436932253575e-18			0.0	1.0	1.0	1.0	0.8440366972477065	0.0	1.0	draw3210	True
-4.715422263618964	-20.50974175822107	0.0429639114561401	0.002062450567784539	0.11799541125609649	0.11800566419998906	205.0	0.0	0.013958257323331362	0.5476118078477759	0.00020934680868021552	0.11799541125609649	3.5236570605778894e-19			1.0	0.0	1.0	1.0	0.8874458874458875	0.0	1.0	draw3211	True
-0.3537785586793113	-25.03974276660134	10.762957693939443	0.10367856669082968	1.0803331983848221	1.0803669447413096	194.0	0.0	0.32102608767066965	0.006157861368805548	0.002023179450958282	1.0803331983848221	8.673617379884035e-19			0.0	1.0	1.0	1.0	0.8778280542986425	0.0	1.0	draw3215	True
-1.2735482079407872	-1.2892581240734309	0.010574777478514989	0.0028860036257256946	0.0068989243144733274	0.006899063466781655	175.0	0.0	0.002686023229732748	4.053244070616968e-05	0.00047380488524684483	0.0034861228905311245	1.734723475976807e-18			0.0	1.0	1.0	1.0	0.6756756756756757	0.0	1.0	draw3216	True
-0.24091640527217922	-13.947267904237385	0.6313402316702857	0.013780180769770568	0.3354152046781003	0.335442965412018	160.0	0.0	2.2594478480656615	0.7256703227649879	0.0005469693926827727	0.3354152046781003	4.440892098500626e-16			0.0	1.0	1.0	1.0	0.8602150537634409	0.0	1.0	draw3217	True
-2.4825811307530414	-6.514645850979805	8.562920110904695	0.0069771851379426255	0.6108253004944976	0.61082766519372	214.0	0.0	0.2360007649468613	0.22058366423315737	0.0028871940870908762	0.6108253004944976	4.163336342344337e-17			0.0	1.0	1.0	1.0	0.8991596638655462	0.0	1.0	draw3220	True
-3.1880023715661063	-15.323862410361688	8.196561753554692	0.014513790288138265	0.33888678735977246	0.33888682428110145	209.0	0.0	0.04991935983261762	0.0330597278554744	0.18753955281717868	0.3303950240808845	1.0408340855860843e-17			0.0	1.0	1.0	1.0	0.8461538461538461	0.0	1.0	draw3223	True
-0.1438110734119652	-3.699427642466962	0.3390685003453849	0.0936519080058627	0.8083326849728066	0.8084997148224945	160.0	0.0	0.45593436284550004	0.0005025617824359321	0.004298567890491032	0.8083326849728066	1.3552527156068805e-20			0.0	1.0	1.0	1.0	0.7960199004975125	0.0	1.0	draw3226	True
-1.9435098788647862	-5.0169499678654255	0.08853221583751154	0.0005003428851046644	0.16252467547111077	0.1625934952121003	239.0	0.0	0.055971214140869106	0.14257526583448893	0.0010376778872241352	0.16252467547111077	6.505213034913027e-19			1.0	0.0	1.0	1.0	0.8819188191881919	0.0	1.0	draw3227	True
-2.363478956770617	-4.051283946315464	1.6300474524698674	0.022143635926248198	0.10553928644021084	0.1055460132993939	142.0	0.0	0.422429684765433	0.00014214761943765554	0.00854698050914382	0.10553928644021084	2.270048298641525e-19			0.0	1.0	1.0	1.0	0.743455497382199	0.0	1.0	draw3228	True
-0.1320845964105281	-0.4293167847530872	0.003321544548476366	0.002142258100890631	0.11192435396177682	0.11198459177772863	197.0	0.0	0.4231666560136014	0.08509834305384968	7.80572071796793e-05	0.11192435396177682	2.625802136488331e-19			0.0	1.0	1.0	1.0	0.8716814159292036	0.0	1.0	draw3229	True
-0.0682213875050779	-0.07638636980759446	3.065757627778156e-05	0.0028053040163820747	0.0055180815355858346	0.0055180833057435295	136.0	0.0	0.07277139878187269	0.0013680423481191248	1.3978148487211376e-07	0.005514600498773149	5.293955920339377e-22			0.0	1.0	1.0	1.0	0.8242424242424242	0.0	1.0	draw3230	True
-1.0314716887923001	-1.9017887008314756	0.4513934450414474	0.01978708377292942	0.989408627779156	0.9897228729745488	196.0	0.0	0.5991107446954895	0.28142274663124617	0.15109057717275662	0.6816953861031707	2.220446049250313e-16			0.0	1.0	1.0	1.0	0.8166666666666667	0.0	1.0	draw3234	True
-0.622710757876368	-0.8242068249405028	0.07933283707464354	0.004936345026931382	0.03438751977770139	0.034387882318307625	165.0	0.0	0.790889014510476	0.0025075273202315243	0.00010938670647459586	0.03438751977770139	5.149960319306146e-19			0.0	1.0	1.0	1.0	0.8291457286432161	0.0	1.0	draw3235	True
-0.13700230418761852	-0.16674754649682977	0.0032019038677380987	0.006961716463921372	0.014693214627622775	0.014693311715593868	135.0	0.0	0.10186716566442652	0.0009552420321744229	2.8348587702783212e-05	0.014667736524555318	3.006966962752766e-20			0.0	1.0	1.0	1.0	0.823170731707317	0.0	1.0	draw3236	True
-0.4996825878065243	-0.6208931207061595	0.057706112794588295	0.0022633808673891004	0.011577528732920924	0.011577787692372594	156.0	0.0	0.02266982922321829	0.0010417476441473522	0.0014506038365437854	0.011503383827572348	5.421010862427522e-20			0.0	1.0	1.0	1.0	0.8297872340425532	0.0	1.0	draw3240	True
-0.14621408254236817	-0.6569472104258274	0.017375192741999754	0.008162878367747062	0.05763069613024735	0.05763390676580732	166.0	0.0	0.9168972956763322	0.027238654586659524	0.0022581984997520625	0.02369303526006672	3.5388358909926865e-16			0.0	1.0	1.0	1.0	0.70042194092827	0.0	1.0	draw3242	True
-0.027644912826685453	-0.44537975890673864	0.008766101375909559	0.022590313517838873	0.1790531829321342	0.17906119770057116	158.0	0.0	0.6625282444034777	0.001734304546909189	8.905324655101145e-05	0.1790531829321342	8.046812998915853e-21			0.0	1.0	1.0	1.0	0.8272251308900523	0.0	1.0	draw3244	True
-0.2445924891910356	-1.066131597673123	0.18004954996252262	0.0096316920693925	0.146059219050784	0.1460595165266278	186.0	0.0	0.5380688927262023	0.03165306087804644	9.946794517024153e-05	0.146059219050784	3.469446951953614e-18			0.0	1.0	1.0	1.0	0.8691588785046729	0.0	1.0	draw3245	True
-0.22881683361901384	-3.5728835876686977	1.5453388795690202	0.008175962204714133	0.1592892295170678	0.1592913451646097	205.0	0.0	0.2862822358582576	0.11571216573455004	0.00032853369848403195	0.1592892295170678	6.938893903907228e-18			0.0	1.0	1.0	1.0	0.8613445378151261	0.0	1.0	draw3247	True
-0.554651231278137	-5.920895929971579	0.808085848967887	0.0072933544574738055	0.06341275937679407	0.06341729781618755	165.0	0.0	0.7178552743642097	0.023387491627022174	0.001775489889069734	0.06341275937679407	1.7753810574450135e-17			0.0	1.0	1.0	1.0	0.8638743455497382	0.0	1.0	draw3248	True
-0.07137204118828627	-0.10793859095274817	0.0011734122497372487	0.00011587213681465211	0.05967163582545868	0.059742638178068415	222.0	0.0	0.6773200898253937	0.17507692152611853	8.487128677959558e-05	0.05967163582545868	8.673617379884035e-19			0.0	1.0	1.0	1.0	0.8951612903225806	0.0	1.0	draw3249	True
-0.2189242857346385	-1.852952292412823	0.5735401221089242	0.010345693191789464	0.3998653503466867	0.39991433550302674	232.0	0.0	0.43985179903130045	0.05566733377272897	0.0018402317447033078	0.2918977772772197	1.6653345369377348e-16			0.0	1.0	1.0	1.0	0.7918088737201365	0.0	1.0	draw3250	True
-0.7060968159454907	-0.7060968159454907	0.07706134275414378	0.0033693928317756893	0.23104785970820885	0.2310530256698847	188.0	0.0	0.005993279170209542	9.998738071885647e-07	0.07706134275414378	0.0033693928317756893	6.938893903907228e-18			0.0	1.0	1.0	1.0	0.8034188034188035	0.0	1.0	draw3251	True
-0.6818361897091864	-1.1686916681121606	0.11856102691717349	0.0003950117757803329	0.3966116167355568	0.3966834043664209	214.0	0.0	0.9904312060465422	1.487278578803096	0.0021696198997102185	0.3966116167355568	2.7755575615628914e-16			0.0	1.0	1.0	1.0	0.8734693877551021	0.0	1.0	draw3253	True
-0.19612839795872378	-0.7407296562170584	0.12747929977275405	0.03345569680127587	0.21292879315154373	0.2129520277473516	160.0	0.0	0.6734083371285791	0.02033739287684638	0.0012735050173932703	0.21292879315154373	4.7704895589362195e-18			0.0	1.0	1.0	1.0	0.8695652173913043	0.0	1.0	draw3254	True
-0.5686579315896975	-1.9376346604833372	0.30554893275745526	0.04329879380820177	0.46444480023111556	0.46448324787110584	168.0	0.0	0.3470101309117834	0.014349036842707226	0.002015334278782469	0.46444480023111556	2.3852447794681098e-18			0.0	1.0	1.0	1.0	0.865979381443299	0.0	1.0	draw3255	True
-0.35470539051841493	-0.7380573604748508	0.112728449260477	0.013452793223270707	0.17410429856267712	0.17412972732731963	179.0	0.0	3.129222859921293	0.045594467538913434	0.00027329215003181744	0.17410429856267712	1.5178830414797062e-17			0.0	1.0	1.0	1.0	0.8731707317073171	0.0	1.0	draw3256	True
-0.0469450092948514	-0.24295223535683963	0.011465884168402671	0.010827060238332645	0.06440644738980458	0.06440652345191351	157.0	0.0	1.2524815404334406	0.22235138932846646	1.9298300623993122e-06	0.06440644738980458	4.7704895589362195e-18			0.0	1.0	1.0	1.0	0.8820224719101124	0.0	1.0	draw3257	True
-8.214286696914701	-15.833248118708253	0.7229391830687527	0.12003318333988391	1.3835946745627339	1.3836350326038132	175.0	0.0	0.11877616900840886	0.0134629068763384	0.0011703580056802024	1.3835946745627339	2.778268066994105e-19			0.0	1.0	1.0	1.0	0.8793969849246231	0.0	1.0	draw3258	True
-1.3994132735922813	-2.598204311594677	0.960775726725799	0.057619769480480774	0.12682648078437186	0.12682894378305512	141.0	0.0	0.642559909804312	0.00024722524215445936	0.0011241824537690911	0.12682648078437186	9.613823951336309e-20			0.0	1.0	1.0	1.0	0.7621621621621621	0.0	1.0	draw3259	True
-0.1718804085678261	-5.117022751777306	0.33491558632540175	0.0023150429362372715	0.2894790312768919	0.28948670048686376	236.0	0.0	0.48256313909285614	0.17996785945009433	0.0010463911305589372	0.2893704032483936	6.071532165918825e-18			0.0	1.0	1.0	1.0	0.8905660377358491	0.0	1.0	draw3260	True
-0.17810537981348865	-0.6567348607781072	0.1050178243672726	0.029725475278832278	0.15345811463337378	0.15349544569467416	171.0	0.0	0.8219190367115233	0.6431004240441063	0.0005918483160664792	0.15345811463337378	3.469446951953614e-17			0.0	1.0	1.0	1.0	0.7844036697247706	0.0	1.0	draw3263	True
-0.7588356596400353	-0.9747281647486442	0.06139275073942384	0.027385532729871664	0.07086361653208847	0.07086409519377145	140.0	0.0	0.08112858109988881	0.001719510474813074	0.00013945553959759534	0.07085565440609667	1.0820845901173687e-19			0.0	1.0	1.0	1.0	0.8284023668639053	0.0	1.0	draw3264	True
-0.35636396970423284	-0.5627735034120644	0.06647487298727185	0.00722016405808149	0.14519765565935408	0.14519958757054663	181.0	0.0	0.5485072423679045	0.11066231730884635	0.0003377796389844241	0.14519765565935408	1.3335686721571705e-17			0.0	1.0	1.0	1.0	0.8916256157635468	0.0	1.0	draw3265	True
-0.10108268306030917	-1.907291641743293	0.7535321714182369	0.016767906911437265	0.5434387123208206	0.5434509343432722	204.0	0.0	1.0959725354267458	0.3850782857227737	0.015929414965332168	0.4533193591725244	1.1102230246251565e-16			0.0	1.0	1.0	1.0	0.816	0.0	1.0	draw3266	True
-0.1831328023166272	-0.4348397272497966	0.009765955524095744	0.0007985948741422689	0.11312388477721354	0.11313527557119624	209.0	0.0	0.36756727192529737	0.03921053427379549	7.781867791653602e-05	0.11312388477721354	3.551185631363654e-19			0.0	1.0	1.0	1.0	0.8893617021276595	0.0	1.0	draw3267	True
-7.605414842170009	-7.60568209708624	0.0001911196617065792	0.004465551820886205	0.0044782010832166395	0.004478201236741617	100.0	0.0	0.0005838144436763601	6.098663992615279e-06	3.143988139768717e-05	0.0044763186769186895	2.117582368135751e-22			0.0	1.0	1.0	1.0	0.6666666666666666	0.0	1.0	draw3269	True
-0.07163292859390392	-0.07163292859390392	4.834974951904268e-05	0.00045499038366918974	0.0010079096560339357	0.001007927689683162	107.0	0.0	0.010032201149084253	0.6210563442029157	4.834974951904268e-05	0.00045499038366918974	6.505213034913027e-19			0.0	0.0	1.0	1.0	0.6257309941520468	0.0	1.0	draw3270	True
-0.058164785349568614	-0.13109875816766328	0.0004912316787159034	0.0004129725941034582	0.010496011850828619	0.01049827153467075	195.0	0.0	0.13471872476337166	0.27789007247333364	6.650224309888769e-06	0.010496011850828619	2.168404344971009e-19			0.0	1.0	1.0	1.0	0.724907063197026	0.0	1.0	draw3274	True
-0.12309538944991456	-0.12309538944991456	0.0017251784565410493	0.00012499941632688146	0.02358896710833395	0.023595977967645888	194.0	0.0	0.007807373125458979	9.996177238742635e-07	0.0017251784565410493	0.00012499941632688146	1.0462550964485118e-17			0.0	1.0	1.0	1.0	0.8899082568807339	0.0	1.0	draw3276	True
-0.07794388025968994	-0.5548130880815413	0.020715174461469876	0.002039023165320935	0.17117246926940374	0.17117296454682482	204.0	0.0	0.6722945874067551	0.05591514879591575	2.662369957039246e-05	0.17117246926940374	6.505213034913027e-19			0.0	1.0	1.0	1.0	0.8869565217391304	0.0	1.0	draw3277	True
-0.04289923857666405	-3.7800947873023434	0.7777239048755599	0.2685148786427087	0.49759392871145913	0.49759425241018	148.0	0.0	0.259014323601029	0.0019144089169714175	1.595069924153964e-05	0.49759392871145913	8.809142651444724e-20			0.0	1.0	1.0	1.0	0.8361581920903954	0.0	1.0	draw3279	True
-0.44121251121899696	-0.949636783490327	0.13996881016585913	0.07800973714903238	0.10784863464363859	0.1078538323916406	79.0	0.0	0.6301001361799311	2.3116195729644115e-05	0.001060284587856612	0.10784863464363859	4.127631256639608e-21			0.0	1.0	1.0	1.0	0.47305389221556887	0.0	1.0	draw3282	True
-0.12973928938963503	-2.309724616481318	0.2627683903094237	0.02453024771725098	0.3618361263163315	0.3618727262809943	174.0	0.0	0.35297561567916813	0.0014070265507908374	0.001894128054263603	0.3618361263163315	4.573977915173222e-20			0.0	1.0	1.0	1.0	0.8285714285714286	0.0	1.0	draw3285	True
-0.034129033894437104	-0.26746445681433934	0.010964667858256649	0.017756745896514423	0.10898704158761843	0.10899209146316917	156.0	0.0	0.69008664296298	0.008003981202166935	5.1028540239346903e-05	0.10898704158761843	1.8211208365967457e-19			0.0	1.0	1.0	1.0	0.8571428571428571	0.0	1.0	draw3286	True
-0.014675135707767182	-0.06465289126085785	0.0010406504788114958	0.00210890620359289	0.014388293777492695	0.014388604819366631	168.0	0.0	0.5032702934365746	0.020150012095164496	6.841443330612011e-05	0.013001069281666526	3.469446951953614e-18			0.0	1.0	1.0	1.0	0.610909090909091	0.0	1.0	draw3287	True
-0.5336843868079013	-2.0559484723475574	0.4337199272743287	0.007161696249334574	0.18738172621075522	0.18739593185770226	194.0	0.0	0.20795051523068545	0.0358210951326389	0.0028310979300416447	0.18715812542313526	1.8431436932253575e-18			0.0	1.0	1.0	1.0	0.8858447488584474	0.0	1.0	draw3289	True
-0.19186170487025553	-0.2928377339929268	0.0070666188977106656	0.017806507549797842	0.13058477264676877	0.13059423167965967	162.0	0.0	0.6052444988224339	0.06399910405480762	0.0003281227091774349	0.13058477264676877	4.009853972301858e-18			0.0	1.0	1.0	1.0	0.8663101604278075	0.0	1.0	draw3290	True
-0.018672259933431384	-1.1308857312253042	0.03178313060049532	0.02116455694865485	0.26944353597406473	0.2694542915368518	178.0	0.0	0.684240181647238	0.008416564879664057	4.6415241575509314e-05	0.26944353597406473	2.710505431213761e-20			0.0	1.0	1.0	1.0	0.8557692307692307	0.0	1.0	draw3291	True
-0.31530636012948926	-0.31530636012948926	0.00792781324238763	0.00036367023956072566	0.1044615143310349	0.10452699987407595	218.0	0.0	0.0012649205437001555	9.997059448988954e-07	0.00792781324238763	0.00036367023956072566	1.734723475976807e-18			0.0	1.0	1.0	1.0	0.8790322580645161	0.0	1.0	draw3296	True
-0.7690792141773094	-2.430451574154329	1.4037403213733048	0.04527597765331216	0.2525037752733399	0.2525185290271087	171.0	0.0	0.5686533067224707	0.0087921078438479	0.0036755358657287068	0.2525037752733399	3.957337929572091e-18			0.0	1.0	1.0	1.0	0.8507462686567164	0.0	1.0	draw3297	True
-0.10042618497616417	-0.10042618497616417	0.001836425262858787	1.1360544161874497e-05	0.002672534304567927	0.002674600747129888	227.0	0.0	0.0004697273590349438	9.99125918068093e-07	0.001836425262858787	1.1360544161874497e-05	1.2468324983583301e-18			0.0	1.0	1.0	1.0	0.8631178707224335	0.0	1.0	draw3298	True
-0.4633817085071576	-0.4633817085071576	0.02351265649778866	0.0003023735779388001	0.13672478041934452	0.1367757706221966	198.0	0.0	0.005274540530702331	9.992413145970867e-07	0.02351265649778866	0.0003023735779388001	3.187554387107383e-17			0.0	1.0	1.0	1.0	0.8761061946902655	0.0	1.0	draw3300	True
-0.10553934074547618	-0.10553934074547618	0.0024972223576878853	0.005031188561116888	0.021999142253662077	0.02199957176283611	148.0	0.0	0.07857036194391252	9.926698960540923e-07	0.0024972223576878853	0.005031188561116888	5.421010862427522e-19			0.0	1.0	1.0	1.0	0.8361581920903954	0.0	1.0	draw3301	True
-0.3936547938547045	-6.152464765915428	2.395670230807235	0.11447379317150524	0.6024632701590261	0.6024711354361988	181.0	0.0	0.8122410206498066	0.009103351111080862	0.0007713979292089185	0.6024632701590261	8.673617379884035e-19			0.0	1.0	1.0	1.0	0.8457943925233645	0.0	1.0	draw3303	True
-1.02350128333965	-1.02350128333965	0.004782795307055301	0.0075931625141974456	0.015882010388797062	0.015882100451787336	104.0	0.0	0.010004252219378756	0.10185927956539984	0.004782795307055301	0.0075931625141974456	6.938893903907228e-18			0.0	0.0	1.0	1.0	0.5561497326203209	0.0	1.0	draw3304	True
-0.09326906098552182	-0.8808367486585396	0.021219641155216337	0.01435273455919292	0.15185465078342425	0.15186435166440512	177.0	0.0	0.4257573560987793	0.0237061775185986	3.407064541678303e-05	0.15185465078342425	2.710505431213761e-19			0.0	1.0	1.0	1.0	0.8719211822660099	0.0	1.0	draw3305	True
-0.0471084523847384	-0.06557157349494476	0.0008960346562324855	0.00033596778511477333	0.023399670178990747	0.02340085842645292	241.0	0.0	0.009668121656244661	6.864674733420576e-05	3.569903621600652e-05	0.00044864226036957146	1.0408340855860843e-17			0.0	1.0	1.0	1.0	0.7980132450331126	0.0	1.0	draw3306	True
-1.945142750094297	-13.358584688063857	23.08545714021714	0.044413618452310726	1.9079954521392635	1.9080013907011266	208.0	0.0	1.0440746461669113	0.057146213170634653	0.005785878725645529	1.9079954521392635	5.898059818321144e-17			0.0	1.0	1.0	1.0	0.8776371308016878	0.0	1.0	draw3308	True
-0.7451058302927912	-3.5367232494708114	0.11185472191096783	0.004868126376719812	0.17143101359685672	0.1714330633481024	164.0	0.0	1.0156236318707141	0.45275478033859456	0.11202821169242301	0.14578366703367326	3.608224830031759e-16			0.0	1.0	1.0	1.0	0.8497409326424871	0.0	1.0	draw3310	True
-1.1345095039914987	-2.0665321112896997	0.0031521964008373727	0.006558128488617136	0.07703283128692308	0.0770328422380842	182.0	0.0	0.05017677324491629	0.03131194772961239	6.064215656566362e-07	0.07703283128692308	1.3552527156068805e-20			0.0	1.0	1.0	1.0	0.8666666666666667	0.0	1.0	draw3311	True
-0.6475753434144815	-2.2328813706275272	0.6538577756514458	0.018989270923694505	0.15822267948650087	0.15822467480915997	158.0	0.0	0.6693043055759866	0.0017172274962721438	0.0012329742140893862	0.15822267948650087	2.168404344971009e-19			0.0	1.0	1.0	1.0	0.8272251308900523	0.0	1.0	draw3316	True
-1.6598614304328596	-7.886945166921038	4.096744612883743	0.009278890073776769	0.3482088807437359	0.3482849298535964	191.0	0.0	1.4374427452999292	0.1656976047464097	0.009551264716847089	0.3482088807437359	2.3744027577432547e-16			0.0	1.0	1.0	1.0	0.8967136150234741	0.0	1.0	draw3317	True
-0.4172796639282307	-1.9724898776062412	0.30098931216990177	0.006131368606370807	0.49141154917635843	0.49149402464472897	207.0	0.0	0.5006889258965017	0.3149793377005494	0.0014738339212105574	0.49141154917635843	1.734723475976807e-17			0.0	1.0	1.0	1.0	0.9118942731277533	0.0	1.0	draw3318	True
-1.3341877911168927	-5.27782740225167	0.09201720805608854	0.0005365876004184525	0.13369567056402842	0.13378404202498895	252.0	0.0	0.06608444171577484	0.16482985806314424	0.0020955391037409707	0.13369567056402842	3.342392009865469e-18			0.0	1.0	1.0	1.0	0.8873239436619719	0.0	1.0	draw3319	True
-0.3689255417957572	-0.39426126394386607	0.03117550474878672	0.017137463684338005	0.1526670786038861	0.15266918566814236	143.0	0.0	0.7122208413216953	0.0335742139134618	0.00012856433199330032	0.1526670786038861	1.734723475976807e-18			0.0	1.0	1.0	1.0	0.8614457831325302	0.0	1.0	draw3321	True
-0.20012874917496512	-0.32763894339720534	0.012595438797987057	0.00654229693555883	0.031222013783921525	0.03122332399901284	153.0	0.0	0.8718774609521018	0.01641514470746748	0.00014174484817069784	0.031222013783921525	3.876022766635678e-18			0.0	1.0	1.0	1.0	0.8693181818181818	0.0	1.0	draw3327	True
-0.040747051452464614	-0.24701640844248884	0.014616474955150165	0.01844145567684602	0.05782695863671656	0.05783161278381222	149.0	0.0	0.8378655044153467	0.0053694277960026765	3.8802772616568656e-05	0.05782695863671656	2.515687853345272e-19			0.0	1.0	1.0	1.0	0.8370786516853933	0.0	1.0	draw3328	True
-0.9271070600639271	-0.9271070600639271	0.17682281497869037	6.476969250200339e-05	0.03887486650711628	0.03893863652769174	250.0	0.0	0.00010000000000012301	1.4278217631226933e-06	0.17682281497869037	6.476969250200339e-05	9.161508357502512e-18			1.0	0.0	1.0	1.0	0.9057971014492754	0.0	1.0	draw3332	True
-0.03497174786390981	-0.29535493438963234	0.005990257589987793	0.00017622582234153803	0.06222434020625439	0.062302456256562014	207.0	0.0	2.0111054448453753	0.7648134989841673	0.00022065430221921556	0.06222434020625439	2.0816681711721685e-17			0.0	1.0	1.0	1.0	0.8771186440677966	0.0	1.0	draw3335	True
-1.4033717737995817	-1.42159097880226	0.0017555494362719668	0.014178795663884546	0.016747497328905722	0.016747497445749906	122.0	0.0	0.01148258203824389	0.00023144507407675514	1.1734977595398421e-05	0.016738702514593244	2.541098841762901e-21			0.0	1.0	1.0	1.0	0.7922077922077922	0.0	1.0	draw3336	True
-0.10867201312961416	-1.1957665647270599	0.13284579552384154	0.039001535421275296	0.21497102057874684	0.21498759828970643	160.0	0.0	0.4068409049667919	0.002752581102127969	0.0007077813752896251	0.21497102057874684	6.522153693858113e-20			0.0	1.0	1.0	1.0	0.8290155440414507	0.0	1.0	draw3338	True
-0.914732987510002	-0.9908652396177281	0.009061817209402452	0.0681423695409748	0.3013528671716294	0.30164430686410537	35.0	0.0	0.47919998189062196	1.1670061127196931	0.04767602843134446	0.08151932872137248	2.220446049250313e-16			0.0	0.0	1.0	0.0	0.14	0.0	1.0	draw3340	True
-0.030603376664300515	-0.030603376664300515	4.2271164796035975e-09	0.0001556143272651793	0.004204967959395726	0.004205004136824187	221.0	0.0	0.005078783953092338	9.995711962845582e-07	4.2271164796035975e-09	0.0001556143272651793	1.734723475976807e-18			0.0	1.0	1.0	1.0	0.8308270676691729	0.0	1.0	draw3341	True
-0.5153801912359397	-8.81391127525435	1.5669677260895678	0.00900431602908678	0.5750777515628224	0.5756654583107773	181.0	0.0	2.375942112148845	0.37182443364049383	0.023643348090781245	0.5750777515628224	2.220446049250313e-16			0.0	1.0	1.0	1.0	0.8872549019607843	0.0	1.0	draw3343	True
0.9661001362304924	-11.821624093706891	0.665135982961671	0.0026700549605147405	0.17685331289629005	0.17685343308314805	170.0	9.0	0.7851477577834575	0.05762792039123253	0.002564199017538214	0.17685331289629005	2.498001805406602e-16	0.16309710080743994	1.2721886383733914	0.0	1.0	1.0	1.0	0.845771144278607	0.0	1.0	draw3349	True
-0.5124530342275921	-2.277122674275206	1.14237658796343	0.011554522531090053	0.23029052686557802	0.23034176506717136	194.0	0.0	1.0716459232192073	0.006582142821150585	0.0016327661419961018	0.23029052686557802	4.336808689942018e-19			0.0	1.0	1.0	1.0	0.8434782608695652	0.0	1.0	draw3350	True
-0.840276438863348	-12.237505048879385	0.17736403890508234	0.004264567408176812	0.6054655962872462	0.6055657076712305	161.0	0.0	2.3299858560615276	0.5797855136975479	0.014772206106133967	0.6054655962872462	4.440892098500626e-16			0.0	1.0	1.0	1.0	0.875	0.0	1.0	draw3352	True
-0.07650824333483225	-0.48595063888579537	0.030831952326995135	0.009473562179003914	0.01903063270262398	0.01903075114379855	133.0	0.0	0.2547406008522401	0.001961972075739953	1.8996454054283764e-05	0.01903063270262398	3.7269449679189215e-19			0.0	1.0	1.0	1.0	0.8209876543209876	0.0	1.0	draw3354	True
-0.021324500304388563	-0.022168614498458965	1.4386260242454196e-05	0.0014062346939592932	0.001530552902788008	0.0015305539390092508	113.0	0.0	0.06821788274190828	0.00011655502399776681	1.1010820362548436e-07	0.0015302660448750138	2.3822801641527197e-22			0.0	1.0	1.0	1.0	0.7483443708609272	0.0	1.0	draw3356	True
-0.07759541774876536	-0.25143301470807805	0.011316943526512187	0.023580937706947604	0.14344598972556494	0.14345788159015646	163.0	0.0	1.5758173419086956	0.04502090391764612	6.885588523019931e-05	0.14344598972556494	1.0842021724855044e-18			0.0	1.0	1.0	1.0	0.8578947368421053	0.0	1.0	draw3357	True
-9.097643753103183	-9.130767620873813	8.87190500251139	0.005289077238893863	0.3337870740985399	0.3338014767014183	200.0	0.0	0.4830913825322652	0.11819514701692826	0.053160982142215214	0.3337870740985399	3.7639433670549893e-16			0.0	1.0	1.0	1.0	0.8928571428571429	0.0	1.0	draw3358	True
-0.06172934869409095	-0.45705398630911964	0.0013084083305554214	5.490961892057135e-05	0.003914499531908484	0.003914624476534508	177.0	0.0	0.5527888099775232	0.021063306141606876	2.2684813480904747e-05	0.003914499531908484	3.713392440762853e-18			0.0	1.0	1.0	1.0	0.8762376237623762	0.0	1.0	draw3363	True
-0.7278407009642419	-0.7316220203414434	0.0020627540676043175	0.014701242937356793	0.2992847149423038	0.2996046478986783	175.0	0.0	0.38029893369012957	0.18603045045827263	0.0003812557777796995	0.2992847149423038	4.336808689942018e-19			0.0	1.0	1.0	1.0	0.8536585365853658	0.0	1.0	draw3366	True
-0.09349851174738419	-0.5004362519199086	0.05340724310010995	0.0014832628722751958	0.2544798904325791	0.2545256383349493	209.0	0.0	1.7582885641649963	0.07464311650485775	0.00022816302718055154	0.2544798904325791	7.806255641895632e-18			0.0	1.0	1.0	1.0	0.8893617021276595	0.0	1.0	draw3368	True
-0.3754126921124218	-0.3754126921124218	0.017265660617689697	0.069043514793015	0.07878539700124229	0.07878561147521178	35.0	0.0	0.20747703008625665	0.6764721644284917	0.017265660617689697	0.069043514793015	8.326672684688674e-17			0.0	0.0	1.0	1.0	0.25925925925925924	0.0	1.0	draw3369	True
-0.9349247546513898	-5.197916561990863	3.8161580679730793	0.009234359153082617	1.0626660596484125	1.0626672636290138	214.0	0.0	0.3971586251857116	0.09435287298229293	3.2533418031196666	0.4580184652300232	9.992007221626409e-16			0.0	1.0	1.0	1.0	0.7016393442622951	0.0	1.0	draw3374	True
-0.10064895687349328	-0.4292268342653218	0.03055085659439256	0.012029051339850216	0.04022922311296837	0.040230150046025925	147.0	0.0	0.17912390720103671	0.0009871728566883686	0.00017498146136070327	0.04022922311296837	1.5120861597469346e-20			0.0	1.0	1.0	1.0	0.7989130434782609	0.0	1.0	draw3375	True
-0.06963650590520504	-1.8017223674433467	0.14508442536547195	0.017658888955311106	0.4860538703539126	0.48608991621355174	172.0	0.0	0.6211419216574933	0.006979367267104084	0.05814291957215592	0.05749557368668941	3.885780586188048e-16			0.0	1.0	1.0	1.0	0.6515151515151515	0.0	1.0	draw3376	True
-0.35071779859214125	-1.279265023575915	0.056207663473025984	0.004232087850072202	0.06058993035323275	0.06061205992954327	163.0	0.0	0.8999178124655779	0.16153588108380268	0.001496972453776546	0.06058993035323275	8.673617379884035e-17			0.0	1.0	1.0	1.0	0.8858695652173914	0.0	1.0	draw3377	True
-1.4720731757220191	-9.260780925450192	1.2293764056846002	0.016317002995227394	0.2614667242105665	0.2615106081640754	175.0	0.0	5.056059925212733	0.08589737076189316	0.002702485200307049	0.2614667242105665	7.768308565858639e-17			0.0	1.0	1.0	1.0	0.875	0.0	1.0	draw3378	True
-0.7131179357903952	-1.2207904175864757	0.283781300119643	0.010237696627646632	0.07786158589031586	0.07786413597423895	166.0	0.0	0.5360027573854532	0.0037388712979019773	0.000850372272072196	0.07786158589031586	3.5236570605778894e-18			0.0	1.0	1.0	1.0	0.8383838383838383	0.0	1.0	draw3379	True
-0.03971458957217643	-1.2930850996472074	0.07215935918680472	0.08594467091735605	0.3715105973424115	0.3715262977577761	150.0	0.0	0.5034408915117172	0.0010403432078753432	0.0002836017177503012	0.3715105973424115	6.776263578034403e-21			0.0	1.0	1.0	1.0	0.8108108108108109	0.0	1.0	draw3380	True
-0.08704169837466418	-0.08704169837466418	0.001532539281977717	0.005852472084248883	0.17407829930532992	0.17418849607332854	158.0	0.0	0.1362392866447464	9.975149036099437e-07	0.001532539281977717	0.005852472084248883	4.0149361699853836e-19			0.0	1.0	1.0	1.0	0.8494623655913979	0.0	1.0	draw3383	True
-0.4552290690564543	-1.4717550183261792	0.5266947239726962	0.10724010407116413	0.3706099083037154	0.3706107645553587	141.0	0.0	0.4664581470784967	0.0035863183500298573	0.00030625316252880713	0.3706099083037154	8.944667923005412e-19			0.0	1.0	1.0	1.0	0.8294117647058824	0.0	1.0	draw3386	True
-0.5229812233874692	-14.934043437595705	0.8495268154082113	0.06884311498247467	1.2783155694347452	1.2783586852820403	197.0	0.0	0.39396795194463485	0.035508033169561304	0.0011693263400960007	1.2783155694347452	1.734723475976807e-18			0.0	1.0	1.0	1.0	0.8602620087336245	0.0	1.0	draw3388	True
-0.7951040443571386	-2.1410221255901956	0.9862076493975651	0.03545514176575321	0.1339320404455881	0.13393773324446048	143.0	0.0	0.18469987245685393	0.007872940898206605	0.012668360026187778	0.13381623452894462	3.0357660829594124e-18			0.0	1.0	1.0	1.0	0.8461538461538461	0.0	1.0	draw3390	True
-0.029670765520295794	-1.4483855719889618	0.021484774097327346	0.002213834340501339	0.16034594936098923	0.16036649412917808	181.0	0.0	1.8787090566297342	0.9129661250902564	0.005590173012164018	0.14438805850108433	1.1102230246251565e-16			0.0	1.0	1.0	1.0	0.7541666666666667	0.0	1.0	draw3391	True
-2.1211985998683005	-3.19763361729522	2.549438463321884	0.0008002066789325539	1.0830276759926747	1.0833387265679457	267.0	0.0	0.22681921692380808	0.07063666539003906	1.1093084414413197	0.44340580032118354	5.551115123125783e-16			0.0	1.0	1.0	1.0	0.7458100558659218	0.0	1.0	draw3392	True
-0.051896428956451954	-10.281526456286446	0.38455719825415297	0.1916538246073796	1.1702312522714104	1.1702476372176467	161.0	0.0	0.31463312083384204	0.0003609674989238136	0.0005351111220992487	1.1702312522714104	3.3881317890172014e-21			0.0	1.0	1.0	1.0	0.7931034482758621	0.0	1.0	draw3394	True
-0.07648688059570344	-0.07648688059570344	0.0010933241125666035	0.0010255621560176802	0.04760172683500996	0.04762828750290173	170.0	0.0	0.05472920350343194	9.994727723637325e-07	0.0010933241125666035	0.0010255621560176802	8.673617379884035e-18			0.0	1.0	1.0	1.0	0.8252427184466019	0.0	1.0	draw3395	True
-1.5734764926034426	-2.0306963526323405	0.7871531257093833	0.0004391191179562327	0.05852288087356532	0.058545880665208376	227.0	0.0	0.038154742204058414	0.00976320677767836	0.12409091365619639	0.05393600943686716	2.3140940118987485e-18			0.0	1.0	1.0	1.0	0.88671875	0.0	1.0	draw3396	True
-0.12492214684325773	-0.12492214684325773	0.0009604217892834193	5.54590793014765e-05	0.060613315285281515	0.060614561289037916	237.0	0.0	0.00047566320848361197	9.998444252884794e-07	0.0009604217892834193	5.54590793014765e-05	6.6034688567945254e-18			0.0	1.0	1.0	1.0	0.8088737201365188	0.0	1.0	draw3397	True
-0.07585269912736745	-0.3736769409079801	0.015658462298228204	0.001765766981200918	0.06695495352982185	0.0669744425809642	191.0	0.0	0.44530167741810817	0.03174760373589564	0.007287642640749549	0.028025175863464667	4.163336342344337e-17			0.0	1.0	1.0	1.0	0.6797153024911032	0.0	1.0	draw3399	True
-0.08800632304803706	-0.08800632304803706	0.0015550889209927563	0.009690274699791298	0.17271190604226155	0.17276456025651823	151.0	0.0	0.18615594802403132	9.927869135862555e-07	0.0015550889209927563	0.009690274699791298	2.6020852139652106e-18			0.0	1.0	1.0	1.0	0.8579545454545454	0.0	1.0	draw3400	True
-0.303038400092218	-0.788544391884435	0.02978551264288238	0.00048720413654360214	0.09579191262313076	0.09579200466371394	202.0	0.0	0.6719700344417754	3.005219978107796	1.1775126125747924e-05	0.09579191262313076	1.5959455978986625e-16			0.0	1.0	1.0	1.0	0.7890625	0.0	1.0	draw3401	True
-0.05494020633659036	-2.441335266217317	0.10714812747927537	0.045926247120301446	0.30978798758525183	0.3097959216817825	174.0	0.0	0.4950155813847213	0.003976628123379685	0.00014529038063884687	0.30978798758525183	5.421010862427522e-20			0.0	1.0	1.0	1.0	0.8365384615384616	0.0	1.0	draw3405	True
-0.047949468637894996	-1.9498483272039873	0.10899786064714431	0.16391866447850148	0.5160608448472714	0.5160616113004899	146.0	0.0	0.459738954613868	0.0013050557474184553	2.1228015196715445e-05	0.5160608448472714	1.6940658945086007e-20			0.0	1.0	1.0	1.0	0.8202247191011236	0.0	1.0	draw3407	True
0.009193220439745534	-0.8622681832019883	0.17622696022398832	0.00259237317631583	0.16517697336684936	0.1651775596208234	207.0	9.0	0.9050072529420152	0.25684646611849565	0.007084792764311512	0.1599830925046658	4.163336342344337e-17	0.15615478281592785	0.008588324611948769	0.0	1.0	1.0	1.0	0.8054474708171206	0.0	1.0	draw3409	True
-0.24991202214923003	-0.3797481337994342	0.0059237208853350634	0.015847511857790552	0.14276456988675437	0.14276470356779128	163.0	0.0	0.4310624973775718	0.03236463633509317	2.524376662047891e-06	0.14276456988675437	2.168404344971009e-19			0.0	1.0	1.0	1.0	0.8763440860215054	0.0	1.0	draw3410	True
-0.0575626350927687	-2.262957736405836	0.0001772352301150221	0.07733959355874419	0.10470732670591765	0.07733958294906508	28.0	0.0	1.6226705543096236	0.04290008982589831	0.11875886918441313	0.10470732670591765	5.551115123125783e-17			0.0	0.0	0.0	0.0	0.13526570048309178	0.0	1.0	draw3413	True
-1.037251453534393	-3.5794087603529166	2.780011948750085	0.027254302651227448	0.30397467735911	0.30398084822036825	180.0	0.0	0.497098607124731	0.002555908179420899	0.002633961418647895	0.30397467735911	1.0977546996415732e-18			0.0	1.0	1.0	1.0	0.8294930875576036	0.0	1.0	draw3414	True
-1.7440147849825987	-1.7440147849825987	0.39313574442267907	0.12460042632552193	0.1739024405228266	0.17390469682240683	39.0	0.0	0.07485008748404805	0.5198413916589862	0.39313574442267907	0.12460042632552193	2.220446049250313e-16			0.0	0.0	1.0	1.0	0.22674418604651161	0.0	1.0	draw3417	True
-2.4772113282741466	-7.9833077384305495	14.684457223504296	0.049162165370469295	0.19535912371864372	0.19536413859268428	189.0	0.0	0.38871284797138755	0.040886619096357144	0.0033605789269922884	0.19535912371864372	3.122502256758253e-17			0.0	1.0	1.0	1.0	0.8790697674418605	0.0	1.0	draw3419	True
-1.6378536831354877	-3.097765463145806	0.025181063245272285	0.006776414153443219	0.04707212108640252	0.04707225213461364	175.0	0.0	0.01991718466259476	0.003906790585163673	0.00015872057037513848	0.04702383832764664	1.3552527156068805e-20			0.0	1.0	1.0	1.0	0.8578431372549019	0.0	1.0	draw3420	True
-0.25802334372304214	-0.2978796906724558	0.0023814705649068137	0.0022365492695098237	0.06767737971422562	0.06768605173812438	184.0	0.0	0.23621569877488383	0.040588672949059726	2.5991725979802823e-05	0.06767737971422562	1.6263032587282567e-19			0.0	1.0	1.0	1.0	0.8761904761904762	0.0	1.0	draw3421	True
-0.9263698791164509	-0.9263698791164509	0.0946878471514794	0.030003362627180764	0.06214483421539411	0.0621465665778303	52.0	0.0	0.04123512006508517	0.21061564926404303	0.0946878471514794	0.030003362627180764	4.163336342344337e-17			0.0	0.0	1.0	1.0	0.2708333333333333	0.0	1.0	draw3422	True
-0.5071349915326085	-0.5071349915326085	0.01527803634004039	0.04146918004626577	0.11373540408191347	0.11373710667346083	58.0	0.0	0.07587754045469053	0.0994598189353947	0.01527803634004039	0.04146918004626577	4.163336342344337e-17			0.0	0.0	1.0	1.0	0.21481481481481482	0.0	1.0	draw3423	True
-0.843670647282988	-1.2473812743206474	0.10498873575705166	0.0024405224475631663	0.02658913637042708	0.02658915743986426	179.0	0.0	0.026896405922210775	0.0020452548856637817	0.0015633125238340318	0.026409123531096874	5.759824041329242e-20			0.0	1.0	1.0	1.0	0.8689320388349514	0.0	1.0	draw3424	True
-0.09125256211888844	-0.12283315932657748	0.0029800446096173946	0.0018483463069620823	0.004461776171593831	0.004461780316875843	138.0	0.0	0.049519004242418646	0.0004551773469020995	4.539792337581611e-05	0.0044391283857716565	1.7470054537119944e-20			0.0	1.0	1.0	1.0	0.8263473053892215	0.0	1.0	draw3425	True
-0.3242208160620438	-0.3242208160620438	0.015802366888818555	0.021385217858469457	0.04386388600971754	0.04387204544957991	55.0	0.0	0.06661067379176816	0.07370218636233275	0.015802366888818555	0.021385217858469457	2.0816681711721685e-17			0.0	0.0	1.0	1.0	0.1896551724137931	0.0	1.0	draw3426	True
-0.3875988266942728	-0.3875988266942728	0.016633092058005672	0.0008712614222348754	0.18407499685783824	0.18408580395740967	208.0	0.0	0.0025793907572010427	9.992661395971146e-07	0.016633092058005672	0.0008712614222348754	3.0357660829594124e-18			0.0	1.0	1.0	1.0	0.896551724137931	0.0	1.0	draw3428	True
-1.1643831124564243	-2.659780590498623	1.7577968248984042	0.0020263766892736003	0.1869011926705709	0.18692101196543798	212.0	0.0	0.4160996935695444	0.022514541968245334	0.006385708798914606	0.1869011926705709	9.75781955236954e-18			0.0	1.0	1.0	1.0	0.8688524590163934	0.0	1.0	draw3431	True
-1.1231530877575575	-3.4965241993340035	2.854778361926218	0.01687010465790851	0.17159026718780904	0.1715924132681147	178.0	0.0	0.22350853071412347	0.0024563890451196977	0.003767556574797276	0.17159026718780904	4.336808689942018e-19			0.0	1.0	1.0	1.0	0.8317757009345794	0.0	1.0	draw3432	True
-0.25925502450207893	-2.0481759076497847	0.048964125894616545	0.0026768463589501323	0.07174944319529203	0.07175603835313848	168.0	0.0	1.97874901608248	0.1208636538254722	0.00027727047387868893	0.07174944319529203	2.0816681711721685e-17			0.0	1.0	1.0	1.0	0.865979381443299	0.0	1.0	draw3435	True
-3.536699054913127	-3.808195926670267	1.140205527690113	0.009213254868061772	0.2227848144548677	0.22291007455665524	174.0	0.0	0.4999998423507288	0.13869704941101596	0.09259348747163768	0.2227848144548677	6.938893903907228e-17			0.0	1.0	1.0	1.0	0.8787878787878788	0.0	1.0	draw3436	True
-0.2942886402575847	-0.379614615103846	0.035771794753493	0.006179945153242608	0.0709965072127185	0.07099650721809424	173.0	0.0	0.47236122831330263	0.21095312353678758	2.2342003615551276e-07	0.0709965072127185	1.7889335846010823e-17			0.0	1.0	1.0	1.0	0.8781725888324873	0.0	1.0	draw3437	True
-0.6322269266523725	-3.490699888449307	2.0594242956670494	0.003943698646882284	0.4791606417245065	0.47929275991807174	216.0	0.0	0.415136324221915	0.08127343739711895	0.011004180436394341	0.4791606417245065	2.0816681711721685e-17			0.0	1.0	1.0	1.0	0.8503937007874016	0.0	1.0	draw3440	True
-0.5490796334430346	-0.6069525812248093	0.07724191701761972	0.002037712011476558	0.09199293712983501	0.09199309703170679	190.0	0.0	0.19001403049537685	0.048212576272915614	0.002358105832759166	0.09182328167674045	3.0357660829594124e-18			0.0	1.0	1.0	1.0	0.8796296296296297	0.0	1.0	draw3442	True
-0.014165537357299657	-0.06618650772811482	0.0010951417222322527	0.010037684686799261	0.021411607053194483	0.021411941369569407	139.0	0.0	0.7434073095238123	0.007776922449257863	2.981905186672748e-06	0.021411607053194483	1.6666696726208444e-19			0.0	1.0	1.0	1.0	0.8475609756097561	0.0	1.0	draw3444	True
-0.4676372171848497	-6.47421549112713	2.3129146738338924	0.0021144974049712903	0.0796673779418628	0.07968311460876415	197.0	0.0	0.4189223617272222	0.35554592000508356	0.00042552907945096513	0.0796673779418628	3.642919299551295e-17			0.0	1.0	1.0	1.0	0.9078341013824884	0.0	1.0	draw3445	True
-0.09042252809167182	-0.8046289733514036	0.04866634477322175	0.101425674343084	0.201531348793892	0.201531981085627	142.0	0.0	0.38205379118746474	0.0015548439371311986	9.470963924331238e-06	0.201531348793892	5.421010862427522e-20			0.0	1.0	1.0	1.0	0.8352941176470589	0.0	1.0	draw3447	True
-1.3865647625844162	-3.56983970817787	0.6714140338587509	0.008339792213105891	0.38445702042634183	0.3844571739992233	202.0	0.0	0.17932547297827772	0.1061118928439712	0.00027752564588190686	0.38445702042634183	8.673617379884035e-18			0.0	1.0	1.0	1.0	0.8859649122807017	0.0	1.0	draw3449	True
-0.328750881410317	-0.328750881410317	0.030509697776700782	0.04211800608044635	0.07744560813812017	0.07746770852557763	36.0	0.0	0.22458218285841242	0.6475065933024944	0.030509697776700782	0.04211800608044635	6.938893903907228e-17			0.0	0.0	1.0	1.0	0.13284132841328414	0.0	1.0	draw3451	True
-0.2376725749153626	-0.24738193580575538	0.000717551370488726	0.00015052034981068234	0.026980872451183423	0.02698124045977111	224.0	0.0	0.0887483469638032	0.01126013888607964	0.00022341745836774402	0.021488118395251308	1.3552527156068805e-19			0.0	1.0	1.0	1.0	0.8296296296296296	0.0	1.0	draw3452	True
-0.1448537454897898	-19.78177723783306	1.588656557852482	0.12942342214242977	0.9618921445906435	0.9619414953950844	188.0	0.0	0.33502074351700906	0.006638231917012513	0.0011576755817694507	0.9618921445906435	1.0842021724855044e-19			0.0	1.0	1.0	1.0	0.8355555555555556	0.0	1.0	draw3453	True
0.19909795144387482	-0.4368779046805635	0.02396263744337888	0.0056083609089003705	0.13170463117170003	0.1317050868970965	188.0	26.0	2.2465444862140904	0.3190138537210485	0.0034408629675750798	0.12823989188223672	8.326672684688674e-17	0.10054407456330455	0.008861473129805956	0.0	1.0	1.0	1.0	0.7550200803212851	0.0	1.0	draw3456	True
-0.8662901815094971	-4.175841753764656	0.14859749406661124	0.010876928221693047	0.3105452531331264	0.3107278564577865	201.0	0.0	0.1746075748475378	0.1683029095865522	0.002328271564780618	0.3105452531331264	2.8189256484623115e-18			0.0	1.0	1.0	1.0	0.881578947368421	0.0	1.0	draw3457	True
-0.18584928904089607	-0.23343979334459924	0.01092268585485867	0.005241501248037515	0.1019709143713658	0.1019771515724407	175.0	0.0	0.24459868808615012	0.004347044594542663	0.0021534169572518533	0.020594791526821653	1.3877787807814457e-16			0.0	1.0	1.0	1.0	0.6227758007117438	0.0	1.0	draw3458	True
-0.5158341991113056	-0.5158341991113056	0.012274979921637754	0.001402568648182246	0.04270421371585018	0.042711287271883655	175.0	0.0	0.05758016563143603	9.98075346576284e-07	0.012274979921637754	0.001402568648182246	9.239435388649908e-18			0.0	1.0	1.0	1.0	0.8578431372549019	0.0	1.0	draw3459	True
-13.839564522969317	-13.839564522969317	0.01671519868217805	0.0035627404240162384	0.005374020948534219	0.005374231592358192	89.0	0.0	0.010041040612438323	1.7614325854661301	0.01671519868217805	0.0035627404240162384	4.2500725161431774e-17			0.0	0.0	1.0	1.0	0.5266272189349113	0.0	1.0	draw3460	True
-0.13373797806771745	-1.5211407186234245	0.015504555586911255	0.0018359318502771866	0.18319030713110435	0.18321573777112027	216.0	0.0	0.27518235524745865	0.07692841493230725	0.00010687175590023103	0.18319030713110435	3.7947076036992655e-19			0.0	1.0	1.0	1.0	0.8925619834710744	0.0	1.0	draw3461	True
-0.06723934483140775	-0.22087573643866842	0.004600043423951608	0.015597404520043203	0.20893052390827085	0.20893158980417084	167.0	0.0	1.3658727639890142	0.05797520398151337	1.4826912477761127e-05	0.20893052390827085	8.673617379884035e-19			0.0	1.0	1.0	1.0	0.8789473684210526	0.0	1.0	draw3462	True
-0.015601017995538848	-0.015601017995538848	5.289777908996868e-05	7.284625065722603e-06	0.0049994782447348365	0.005005356138331083	223.0	0.0	0.0014652756578671924	9.989795535359444e-07	5.289777908996868e-05	7.284625065722603e-06	4.336808689942018e-18			0.0	1.0	1.0	1.0	0.8050541516245487	0.0	1.0	draw3463	True
-0.08174528683905347	-2.307168276043823	0.27921908461201295	0.011327860121204718	0.18175296829817558	0.18175975765806615	186.0	0.0	0.29309861937790077	0.002654785425330364	0.00030151056924909643	0.18175296829817558	4.383395502041004e-20			0.0	1.0	1.0	1.0	0.8378378378378378	0.0	1.0	draw3464	True
-1.8659840613056304	-1.8659840613056304	0.03241791437768882	0.018403997444223014	0.07681417700973647	0.07682545815804742	75.0	0.0	0.010019815280001646	0.8726307164564981	0.03241791437768882	0.018403997444223014	1.3877787807814457e-17			0.0	0.0	1.0	1.0	0.2777777777777778	0.0	1.0	draw3466	True
-0.1440892682935478	-3.6640580047296614	2.457183603125049	0.014446177278630581	0.10606033627445519	0.10606564274200647	169.0	0.0	0.1501590707924899	0.013340650773941	0.00958637367587488	0.10602862607420155	1.5612511283791264e-17			0.0	1.0	1.0	1.0	0.8366336633663366	0.0	1.0	draw3467	True
-0.5352037683375616	-4.20386984623909	3.362070218645703	0.048683516609314505	0.2567776095688376	0.2567966805577336	174.0	0.0	0.17002052341749668	0.023479621809546197	0.03884618183949033	0.25455833263236183	6.938893903907228e-18			0.0	1.0	1.0	1.0	0.8207547169811321	0.0	1.0	draw3468	True
-1.640872761782877	-30.21935184826754	4.284994504151468	0.01579409916268505	1.1443195553291503	1.1444380901100424	227.0	0.0	0.16590567322715946	0.06952773511012135	0.007503082592954102	1.1443195553291503	1.734723475976807e-18			0.0	1.0	1.0	1.0	0.88671875	0.0	1.0	draw3471	True
-0.619823515652048	-2.0272855748669603	1.0118580054874093	0.036807843501022036	0.2782473462180924	0.2782600073168714	159.0	0.0	0.5051588669161118	0.0006012861233459446	0.003980603828352231	0.2782473462180924	1.8719428134320037e-19			0.0	1.0	1.0	1.0	0.8071065989847716	0.0	1.0	draw3472	True
-0.958268379978783	-4.069368353418821	3.867064031693678	0.1508944535243125	0.5819915941627227	0.5820729813426233	175.0	0.0	3.8917993700528837	0.015120424008803939	0.0019295496759956041	0.5819915941627227	6.938893903907228e-18			0.0	1.0	1.0	1.0	0.8578431372549019	0.0	1.0	draw3475	True
-0.12476820966516151	-0.8704327414703965	0.049724210294957695	0.0027699070623273935	0.10352570043336133	0.10352941325754089	201.0	0.0	0.38241819348744704	0.037061342233375774	5.6196517904825046e-05	0.10352570043336133	8.673617379884035e-19			0.0	1.0	1.0	1.0	0.8777292576419214	0.0	1.0	draw3476	True
-2.555304204061804	-53.13442144856202	2.464476960068146	0.03308859452701632	1.5491441907274552	1.549296618726469	220.0	0.0	0.10438993452340045	0.03838070356543823	0.007934037986040234	1.5491441907274552	8.673617379884035e-19			0.0	1.0	1.0	1.0	0.8764940239043825	0.0	1.0	draw3477	True
-0.9808993114058258	-0.9808993114058258	0.007421393190186478	0.010393691441090612	0.12744222385011073	0.12744222759471652	169.0	0.0	0.010790844300614364	9.997099869535399e-07	0.007421393190186478	0.010393691441090612	4.018112543537587e-20			0.0	1.0	1.0	1.0	0.8711340206185567	0.0	1.0	draw3479	True
-1.0816370048158275	-1.248135182604885	0.13702040519344613	0.07703126830883006	0.08032033728592985	0.08032230827280429	27.0	0.0	0.21796240852758605	2.642283562450984e-06	0.0026903705508352373	0.08032033728592985	2.541098841762901e-21			0.0	1.0	1.0	1.0	0.15789473684210525	0.0	1.0	draw3480	True
0.26303321079932906	-0.9069892073130302	0.18598065825819116	0.007142363447114873	0.19301215294550553	0.1930283487913541	186.0	13.0	0.7282384726508523	0.1643186132123438	0.005030007535605291	0.19301215294550553	6.938893903907228e-17	0.17734388732332884	0.15307631848251727	0.0	1.0	1.0	1.0	0.7530364372469636	0.0	1.0	draw3481	True
-0.392013564993932	-0.4804332991660817	0.0018608494816462673	0.0005184956126079951	0.02667994713234765	0.02669138707535319	207.0	0.0	0.06311250751248913	0.144588134119556	4.928931122403345e-05	0.02667994713234765	2.168404344971009e-19			0.0	1.0	1.0	1.0	0.8181818181818182	0.0	1.0	draw3482	True
-0.24802745827527645	-0.24802745827527645	0.00040319389868706496	0.00016528588220300676	0.03428037247609197	0.03429170916236558	221.0	0.0	0.0006710697636013021	9.999708476151422e-07	0.00040319389868706496	0.00016528588220300676	4.0657581468206416e-20			0.0	1.0	1.0	1.0	0.8911290322580645	0.0	1.0	draw3483	True
-0.5255427440718722	-1.8536809005152817	0.09592271057511656	0.002573588261286123	0.13214374902732706	0.13226613905108867	174.0	0.0	0.9545347547398839	0.6783812610744181	0.003962093401222853	0.13214374902732706	1.249000902703301e-16			0.0	1.0	1.0	1.0	0.8743718592964824	0.0	1.0	draw3484	True
-0.47571689748071616	-0.6004993499115748	0.0028735561955899355	0.0026186433805321773	0.052099672578417446	0.05210190803258774	184.0	0.0	0.09720204107121731	0.03638005342743289	1.1024369446631407e-05	0.052099672578417446	2.710505431213761e-20			0.0	1.0	1.0	1.0	0.8679245283018868	0.0	1.0	draw3486	True
-0.36583625516983664	-0.36583625516983664	0.019718120855233483	0.05454675055770411	0.0738534891621215	0.07385813361775719	34.0	0.0	0.18493971769194964	1.2338847754877913	0.019718120855233483	0.05454675055770411	8.326672684688674e-17			0.0	0.0	1.0	1.0	0.17525773195876287	0.0	1.0	draw3488	True
-0.313412012920148	-0.6464776851523966	0.009626515044836425	0.036114973161503	0.15122149400139637	0.15122174597148164	155.0	0.0	0.2978047406810228	0.008729870814296506	4.887375154476157e-05	0.15114349772066799	1.2874900798265365e-19			0.0	1.0	1.0	1.0	0.8611111111111112	0.0	1.0	draw3490	True
-0.16556625107612982	-0.2382081496576947	0.011845714721951096	0.001699956374077838	0.0437094856234626	0.043714726358504215	204.0	0.0	0.2078290939189863	0.01848766186616032	0.0009468067803599236	0.03488353537338637	2.42861286636753e-17			0.0	1.0	1.0	1.0	0.7058823529411765	0.0	1.0	draw3493	True
-0.20075064568628362	-1.3538779881835727	0.07241586177577537	0.01080382688014434	0.06816010432730134	0.06816992104231749	150.0	0.0	1.4656492120805182	0.01515491533326103	0.0006025680256936483	0.06816010432730134	8.456776945386935e-18			0.0	1.0	1.0	1.0	0.847457627118644	0.0	1.0	draw3495	True
-10.139248213274158	-33.67616586854537	2.3409033528145535	0.0033661962815052906	0.7246161674540781	0.7246688121025758	239.0	0.0	0.04190618497217418	0.11968373078669506	0.008302169349288718	0.7246161674540781	1.3010426069826053e-18			1.0	0.0	1.0	1.0	0.8786764705882353	0.0	1.0	draw3496	True
-0.2788424202192853	-4.640546792254005	0.560921113744333	0.04799752678782531	0.7545664468194907	0.7547473194426895	192.0	0.0	0.8724247992815554	0.0485722904118474	0.0015051946064860138	0.7545664468194907	1.0842021724855044e-18			0.0	1.0	1.0	1.0	0.8767123287671232	0.0	1.0	draw3497	True
-0.7912790833321213	-1.2246051135569442	0.3041662667973914	0.05740412679095115	0.17181575544577415	0.17182691876298115	126.0	0.0	0.6384347273161567	0.00013349763252954556	0.004455871830025559	0.17181575544577415	2.6310960924086704e-20			0.0	1.0	1.0	1.0	0.7325581395348837	0.0	1.0	draw3500	True
-5.289754673967213	-161.17352784374432	14.972010800878984	0.47260107784357086	2.6168606952805598	2.6168612326476612	188.0	0.0	0.07508660894318323	0.004892794892311439	0.00033513601736144847	2.6168606952805598	1.5161889755851976e-19			0.0	1.0	1.0	1.0	0.8744186046511628	0.0	1.0	draw3505	True
-0.2128461920463205	-0.2183598435427576	0.00038155778235357085	0.0006176427391993957	0.0026382604744472583	0.0026382650074376676	159.0	0.0	0.011712385312667346	0.0007824417349929835	3.0581739800148114e-05	0.002524599754713753	1.3552527156068805e-20			0.0	1.0	1.0	1.0	0.8457446808510638	0.0	1.0	draw3507	True
-1.2118686865957626	-1.2118686865957626	0.018294144871020573	0.011531577792928002	0.03393266827162055	0.03393682817757532	90.0	0.0	0.010002314489107152	0.018444991074311037	0.018294144871020573	0.011531577792928002	6.938893903907228e-18			0.0	0.0	1.0	1.0	0.25210084033613445	0.0	1.0	draw3512	True
-0.6719690649742167	-0.9541097949468877	3.1598607954632286e-05	0.008038002816667793	0.008779733281671543	0.00878323762602655	33.0	0.0	1.1356149815223953	7.854770663381674	6.008290526428446e-06	0.008779733281671543	2.861751634275489e-16			0.0	0.0	1.0	0.0	0.17553191489361702	0.0	1.0	draw3514	True
-2.5477648006781344	-21.789962740929745	77.50987103077456	0.006409505818081776	1.14189210026987	1.1420572073418571	239.0	0.0	0.48033825862397916	0.16396569318044718	0.11709131474630126	1.14189210026987	1.6653345369377348e-16			0.0	1.0	1.0	1.0	0.8445229681978799	0.0	1.0	draw3515	True
-1.1019783363039348	-19.131536559632565	41.13689535551566	0.017037871590206675	0.9248290955248715	0.924879022677114	218.0	0.0	0.2564541914300393	0.08015529902879032	0.011351724678412596	0.9248290955248715	7.440337408681774e-17			0.0	1.0	1.0	1.0	0.9045643153526971	0.0	1.0	draw3516	True
-0.015465951205383396	-0.04556866882687288	0.0005184754986575979	0.0009225613856421884	0.01583979473890087	0.015839794930506253	173.0	0.0	1.131851755346035	0.017297572229946306	3.498309682610863e-08	0.01583979473890087	2.574980159653073e-19			0.0	1.0	1.0	1.0	0.8693467336683417	0.0	1.0	draw3521	True
-0.03220239003857082	-0.11760319419833974	0.0007108023118520492	0.010728382255730388	0.05811971904090774	0.05812017557632167	154.0	0.0	0.6613046655916618	0.008566237405806882	1.009872274625032e-06	0.05811971904090774	3.3775438771765226e-20			0.0	1.0	1.0	1.0	0.8651685393258427	0.0	1.0	draw3522	True
-0.013675741638896344	-0.15501638523294733	0.0009311938326927075	0.013967125248166875	0.05817523911302708	0.05817998286132563	151.0	0.0	0.5960737022910472	0.00358211948911885	1.2554670431705236e-05	0.05817523911302708	1.6940658945086007e-20			0.0	1.0	1.0	1.0	0.8342541436464088	0.0	1.0	draw3523	True
-0.5211960622961159	-0.5211960622961159	0.031052245752570474	0.0008055264626039529	0.3221261263199785	0.3226849358455289	214.0	0.0	0.0017808889876752038	9.99572472185614e-07	0.031052245752570474	0.0008055264626039529	6.938893903907228e-17			0.0	1.0	1.0	1.0	0.9029535864978903	0.0	1.0	draw3524	True
-0.14935995139579344	-0.14962284215056226	3.073550656094763e-05	0.0009006337247614344	0.00115444099681778	0.001154441076266324	124.0	0.0	0.007669923536439437	5.765658691842632e-05	1.084997357540418e-06	0.0011467892803702748	1.9852334701272664e-22			0.0	1.0	1.0	1.0	0.7948717948717948	0.0	1.0	draw3525	True
-0.16644896017862662	-0.23947093591670213	0.012396472503553564	0.0019726987196243308	0.003153453306039984	0.003153523535033575	144.0	0.0	0.016871984116656448	0.00014150404077789374	0.00031413871090190434	0.0027776872411359814	1.3010426069826053e-18			0.0	1.0	1.0	1.0	0.8372093023255814	0.0	1.0	draw3529	True
-25.2079008136157	-28.100218439581113	2.456597298138129	0.002796976912187324	0.13857935262201773	0.1386760692901941	196.0	0.0	0.005446676719350996	0.08041830028901316	0.02984721069128136	0.13857935262201773	8.402566836762659e-19			1.0	0.0	1.0	1.0	0.8412017167381974	0.0	1.0	draw3530	True
-0.17009711813361705	-0.3927109488516463	0.026288317956906497	0.010230781308983259	0.05224645497868527	0.0522471051936967	159.0	0.0	0.21172797775184293	0.016795555330870845	0.0002517966886918128	0.05218599017025277	6.505213034913027e-19			0.0	1.0	1.0	1.0	0.8502673796791443	0.0	1.0	draw3531	True
-0.061427771986363844	-0.5191043724299969	0.06662587273450132	0.005319749102743556	0.10212658336161037	0.10219712221612692	187.0	0.0	0.3538482118673471	0.32883149272292544	0.0019522480262433295	0.10212658336161037	4.85722573273506e-17			0.0	1.0	1.0	1.0	0.6448275862068965	0.0	1.0	draw3532	True
0.04324418479547341	-40.528749757317705	2.147213355957732	0.0240065732827421	0.12514932549507396	0.1251558614230869	167.0	28.0	3.8350870105688166	0.4110155843867352	0.0011590330260188386	0.11842138378673128	1.1102230246251565e-16	0.11104157691129023	0.0030639446018979593	0.0	1.0	1.0	1.0	0.7952380952380952	0.0	1.0	draw3533	True
-3.8469644963940275	-12.03930844026131	0.01623266738597579	0.013260948692356885	0.4823391308362425	0.4823516933406762	207.0	0.0	0.06653889904091866	0.11604576630089436	8.928215932037944e-05	0.4823391308362425	9.656175598699024e-20			0.0	1.0	1.0	1.0	0.8884120171673819	0.0	1.0	draw3537	True
0.03169251954966079	-1.4985664505331076	0.09193713073474465	0.00275708439776928	0.12140059999706976	0.12147206369605529	178.0	9.0	0.5470000798490541	0.24442733547761977	0.02099419961332537	0.11990510761184886	9.71445146547012e-17	0.11484517415220125	0.04489809681163191	0.0	1.0	1.0	1.0	0.726530612244898	0.0	1.0	draw3539	True
-0.2677535178564914	-0.2915654765022251	0.019670887181191938	0.026567638230819493	0.11942766980371095	0.119431704892916	164.0	0.0	0.6027453069603236	0.00024319110772718963	0.015394141924995918	0.09043527595755113	1.054386612742153e-17			0.0	1.0	1.0	1.0	0.8586387434554974	0.0	1.0	draw3542	True
-1.5279007888125316	-3.798467111577409	1.376217238134916	0.013104755155453673	1.7324693935928912	1.7326613390634409	204.0	0.0	0.6487634975420182	0.06901912489694162	0.009331798544488786	1.7324693935928912	5.204170427930421e-18			0.0	1.0	1.0	1.0	0.8908296943231441	0.0	1.0	draw3543	True
-11.331799204831077	-15.141587459088376	0.05290952335956633	0.018911737884319095	0.08077603275936761	0.08077638530741234	167.0	0.0	0.00593398078527558	0.0036587485581527418	2.204076313204154e-05	0.08077603275936761	2.541098841762901e-21			0.0	1.0	1.0	1.0	0.8564102564102564	0.0	1.0	draw3544	True
-1.2287019492106173	-22.924246883957814	118.00033820747245	0.022570322716834193	1.2041482287869707	1.204396528355959	216.0	0.0	1.4120305864269103	0.26383850100432255	0.10977441907059086	1.2041482287869707	4.440892098500626e-16			0.0	1.0	1.0	1.0	0.8852459016393442	0.0	1.0	draw3545	True
-0.13112498677877812	-0.13112498677877812	0.0030082398850419956	0.0035584530023457972	0.02459632624712588	0.02459931673130899	155.0	0.0	0.11971824390289862	9.968536847238126e-07	0.0030082398850419956	0.0035584530023457972	1.1655173354219173e-18			0.0	1.0	1.0	1.0	0.8378378378378378	0.0	1.0	draw3546	True
-0.027621730273326168	-0.04837666800114918	0.0005847643134015488	0.0010365002261351537	0.0059145530629183245	0.005914620592213017	174.0	0.0	0.11633087955603744	0.0028869274292216145	3.580680492029789e-05	0.0028837086700809118	1.734723475976807e-18			0.0	1.0	1.0	1.0	0.7044534412955465	0.0	1.0	draw3549	True
-0.007404748062656886	-0.11176219714567223	0.0029142887125682953	0.00483224473955848	0.03423962811233407	0.03423970306375048	164.0	0.0	1.2521263011794606	0.05931350461443885	1.5674583492388438e-06	0.03423962811233407	1.5178830414797062e-18			0.0	1.0	1.0	1.0	0.8541666666666666	0.0	1.0	draw3550	True
-0.01768612652602805	-2.745987575565864	0.7069292640256605	0.005245073924605421	0.04345230924902205	0.04345352534975491	176.0	0.0	0.4147983455484542	0.022175516889319142	0.00043804109828756257	0.04345230924902205	1.2576745200831851e-17			0.0	1.0	1.0	1.0	0.8502415458937198	0.0	1.0	draw3556	True
-0.7541273853988532	-1.0788045468673082	0.12473622297629777	0.014516610221530077	0.08256637507121431	0.08257936744294274	172.0	0.0	2.2289853426756157	0.1566180895368429	0.0004374074086102859	0.08256637507121431	8.044780119842443e-17			0.0	1.0	1.0	1.0	0.882051282051282	0.0	1.0	draw3557	True
-0.7529840476524411	-1.1675259107481708	0.16504399681223855	0.024729390699303713	0.1261830690679808	0.1261835785340948	152.0	0.0	0.13929623723953075	0.0017564019886605272	0.00012589727334997919	0.1261830690679808	1.6263032587282567e-19			0.0	1.0	1.0	1.0	0.8306010928961749	0.0	1.0	draw3558	True
-1.0280544792361628	-1.1787161445932686	0.12386105289898668	0.0170537698473928	0.0908508058259272	0.0908521722469547	146.0	0.0	1.1338266975076186	0.0012743793680627467	0.0005458216514481546	0.0908508058259272	1.7288157520419534e-19			0.0	1.0	1.0	1.0	0.7978142076502732	0.0	1.0	draw3559	True
-0.28407403552267596	-0.28407403552267596	0.02015634963762203	0.000143587220494609	0.026612504256155314	0.026612542894111666	215.0	0.0	0.0010052769599360803	9.984548860353946e-07	0.02015634963762203	0.000143587220494609	8.673617379884035e-18			0.0	1.0	1.0	1.0	0.8884297520661157	0.0	1.0	draw3560	True
-0.02815900409508663	-0.12008981202370339	0.0017083238199919267	0.0006845702899089622	0.008887475870237605	0.00888747747907092	168.0	0.0	0.6188438310557367	0.03125037786525682	6.819992355798433e-07	0.008887475870237605	1.6760664443794468e-18			0.0	1.0	1.0	1.0	0.875	0.0	1.0	draw3561	True
-0.31530437442753745	-0.35147115155031683	0.007912953672398332	0.027271995495920045	0.20593899656292314	0.20596376674434383	145.0	0.0	0.5349905069251012	0.015292574930683893	8.511840754533486e-05	0.20593899656292314	2.709446640029693e-19			0.0	1.0	1.0	1.0	0.8529411764705882	0.0	1.0	draw3562	True
-0.015932360358258915	-0.09128063002202468	0.0018875068451507013	0.007746426320109693	0.031926989772268724	0.031927090396920016	169.0	0.0	0.7416736969200693	0.043805587098142515	3.5241986999777003e-05	0.029625625149634457	1.0408340855860843e-17			0.0	1.0	1.0	1.0	0.757847533632287	0.0	1.0	draw3566	True
-0.12015696765872544	-9.060386654613042	0.49477086257616454	0.005302004134237125	0.4489494070455643	0.4490046678473505	227.0	0.0	0.39381727153692375	0.02339759213666816	0.0005717990578053051	0.4489494070455643	2.168404344971009e-19			0.0	1.0	1.0	1.0	0.8566037735849057	0.0	1.0	draw3568	True
-0.5951699657997306	-2.1439071270706243	0.6387670634454379	0.038785611449598696	0.22320473949667605	0.22325725167383353	155.0	0.0	0.3453567427405545	0.03777659999526584	0.1875069322851428	0.20400290536754231	1.249000902703301e-16			0.0	1.0	1.0	1.0	0.7635467980295566	0.0	1.0	draw3569	True
-0.045670372587495144	-0.05198034456619307	0.00029936375782336106	0.0016693374271752725	0.005976699296531077	0.005976747090493086	149.0	0.0	0.12855949873213637	0.0033467755386382197	1.5685097032718706e-05	0.00583370594063659	8.555032767268433e-20			0.0	1.0	1.0	1.0	0.8563218390804598	0.0	1.0	draw3571	True
0.014032877965904036	-0.04775084784333469	0.0042330161868383105	0.23952130324582707	0.7577822667862418	0.7579690676869937	41.0	9.0	1.8236645124060478	0.5885498155765798	0.08913838848682612	0.3659222201468023	4.440892098500626e-16	0.2954944259765081	0.05751261127705799	0.0	0.0	1.0	0.0	0.1474820143884892	0.0	1.0	draw3572	True
-0.5189743272344994	-5.908362415090381	1.9166141193449369	0.009560817570814405	0.07346647300213394	0.07350956763917642	180.0	0.0	0.32487224804518455	0.33435925240236863	0.0046591915549894425	0.07334527612738617	7.112366251504909e-17			0.0	1.0	1.0	1.0	0.7929515418502202	0.0	1.0	draw3573	True
-1.8552291438390534	-1.915044411766103	0.08105619392730157	0.000183872842878429	0.03644622048479354	0.03648565478534638	217.0	0.0	0.03162661811251883	0.7488869853165315	0.02375509850599886	0.028316371341876402	6.938893903907228e-18			1.0	0.0	1.0	1.0	0.8157894736842105	0.0	1.0	draw3574	True
-1.1510618461934172	-10.326952640443103	0.26928894415278903	0.062423526279867476	0.4736094047301747	0.4736121705332244	177.0	0.0	0.11439715498028272	0.005500747801544942	5.367154648367875e-05	0.4736094047301747	5.421010862427522e-20			0.0	1.0	1.0	1.0	0.8634146341463415	0.0	1.0	draw3576	True
-0.014908966986574828	-0.29878747102615144	0.0037003044427844725	0.14124192947865544	0.20281919434335338	0.20282124114194633	112.0	0.0	0.7770660553368456	0.00011303780540380166	2.7692908445857475e-05	0.20281919434335338	3.8116482626443515e-21			0.0	1.0	1.0	1.0	0.6956521739130435	0.0	1.0	draw3577	True
-0.05426678121536854	-0.2089724382148252	0.0014651028152894467	0.10465658355470812	0.4627405699566892	0.46282041435811655	56.0	0.0	1.0837266762947673	0.1867721750834324	0.08668163622404698	0.1189624597128234	6.106226635438361e-16			0.0	0.0	1.0	0.0	0.22764227642276422	0.0	1.0	draw3579	True
-0.5137934022448706	-1.5520917465553756	0.5838631624317848	0.019562770062539616	0.20246309820710678	0.20249192877507108	178.0	0.0	1.084667821936443	0.026282777972912882	0.0014900264147902046	0.20246309820710678	7.914675859144182e-18			0.0	1.0	1.0	1.0	0.8725490196078431	0.0	1.0	draw3586	True
0.10282998567814992	0.10282998567814992	0.0003051701846467524	0.15398574200519344	0.21279135935502333	0.21281262047585575	36.0	20.0	1.1322090842224846	0.1658690878106155	0.0003051701846467524	0.15398574200519344	4.85722573273506e-17	0.15398574200519344	0.0003051701846467524	0.0	0.0	1.0	0.0	0.1411764705882353	0.0	1.0	draw3587	True
-1.2571375365273063	-2.891185008883858	0.72249810295665	0.015184354626813843	0.11460249054904875	0.11461100575055541	158.0	0.0	0.9847783277233432	0.0004908258102092312	0.0017553588584769868	0.11460249054904875	3.2526065174565133e-19			0.0	1.0	1.0	1.0	0.797979797979798	0.0	1.0	draw3589	True
-0.8146217020325595	-1.830903515305314	0.8087013453936059	0.07356568635710209	0.2063594353487944	0.20635945178698467	130.0	0.0	0.5159497245021282	0.00011283366816688697	0.00013926277634040827	0.2063594353487944	3.5575383784680614e-20			0.0	1.0	1.0	1.0	0.7027027027027027	0.0	1.0	draw3594	True
-2.353285996605228	-83.23658723303824	695.9516918707923	0.04440356371168691	1.5381446279447093	1.5387978755554212	208.0	0.0	0.8287422739052616	1.3444376784118544	0.2319845184775629	1.5230539586625045	7.771561172376096e-16			0.0	1.0	1.0	1.0	0.8888888888888888	0.0	1.0	draw3595	True
-0.11174027620976676	-0.3766192172072597	0.03544852086839127	0.01263781780210144	0.058362162102061695	0.05836322260518999	148.0	0.0	0.3487990121638352	0.004179212265389481	0.00013335336629685088	0.058362162102061695	6.471331717022855e-19			0.0	1.0	1.0	1.0	0.8361581920903954	0.0	1.0	draw3598	True
-0.1354140367637112	-0.3160905893255877	0.015264757880210152	0.0002586539248155504	0.09193962091223898	0.091940901828044	225.0	0.0	0.4938866059965928	0.22739302947607332	9.619914965548693e-05	0.09193962091223898	6.071532165918825e-18			0.0	1.0	1.0	1.0	0.9109311740890689	0.0	1.0	draw3599	True
-0.4460178158733141	-0.4460178158733141	0.023823934140618966	0.012513094411458694	0.03564883962924422	0.03565001831189764	60.0	0.0	0.049119094356570095	0.08698269139035845	0.023823934140618966	0.012513094411458694	3.122502256758253e-17			0.0	0.0	1.0	1.0	0.4	0.0	1.0	draw3600	True
-0.7004292194253777	-0.8008250223513804	0.010360902041734786	0.0002780325141143505	0.019034478227641077	0.019040823860339912	221.0	0.0	0.02652204232426121	0.04792160979230558	9.31001103900057e-05	0.019034478227641077	7.115076756936123e-20			0.0	1.0	1.0	1.0	0.9020408163265307	0.0	1.0	draw3603	True
-0.533103530815704	-2.0011786842699153	0.6585660802592659	0.010470975171912908	0.5967504952587978	0.5967560719821239	195.0	0.0	0.5789014217815414	0.05723435464785484	0.002345371428540381	0.5967504952587978	2.42861286636753e-17			0.0	1.0	1.0	1.0	0.8944954128440367	0.0	1.0	draw3605	True
-0.04105397200441437	-0.061162275902394266	0.0007759171373992468	0.004704083137376547	0.012695518834487584	0.012695647411808213	139.0	0.0	0.297646835770866	0.003951146661962632	8.639584387524659e-07	0.012695518834487584	5.455421575909728e-20			0.0	1.0	1.0	1.0	0.8373493975903614	0.0	1.0	draw3608	True
-0.12480285305057769	-0.12480285305057769	0.0007427933255462956	0.016862174054376525	0.023002253510622104	0.023002777331727065	39.0	0.0	0.14984407355652046	1.4092402986147061	0.0007427933255462956	0.016862174054376525	2.0816681711721685e-17			0.0	0.0	1.0	1.0	0.31451612903225806	0.0	1.0	draw3611	True
-0.7355016908278307	-1.0973780395435022	0.2783734975551455	0.00029197586309594626	0.23532822099906237	0.23534491040480676	241.0	0.0	0.2832549456004945	0.3116130630541353	0.08767569451849673	0.22038497030445947	5.551115123125783e-17			0.0	1.0	1.0	1.0	0.767515923566879	0.0	1.0	draw3612	True
-0.2831668145773466	-0.2831668145773466	0.007479169461857051	0.0005176041163179835	0.012977573776810507	0.012977893527089827	186.0	0.0	0.017364953574352436	9.96575774522813e-07	0.007479169461857051	0.0005176041163179835	6.978365639249279e-17			0.0	1.0	1.0	1.0	0.9073170731707317	0.0	1.0	draw3613	True
-0.36469964792568854	-3.3963893847229345	1.974297097580014	0.015224678771457499	0.609456499842531	0.6099079603176069	195.0	0.0	0.376030089913276	0.22048861255307575	1.5388166161167283	0.522605197995033	4.440892098500626e-16			0.0	1.0	1.0	1.0	0.6565656565656566	0.0	1.0	draw3614	True
-0.6844840326298387	-0.7018961280413101	2.430955429712688	0.6264319058262471	1.3162686722180381	1.316295449169767	43.0	0.0	0.7290519431836052	0.42663113766044736	2.4699123925578945	0.6455770280296212	8.881784197001252e-16			0.0	0.0	1.0	1.0	0.1447811447811448	0.0	1.0	draw3615	True
-0.06012948285762049	-0.8962907844664815	0.09200625439849308	0.02508463074922316	0.05218612682431063	0.05218612731443197	138.0	0.0	0.5040391590565108	0.003178472605714087	1.4912628997129985e-06	0.05218612682431063	1.1926223897340549e-18			0.0	1.0	1.0	1.0	0.8313253012048193	0.0	1.0	draw3616	True
-1.6152443015339337	-8.321520818090322	0.4298045162765464	0.02335497217843506	0.5806615328842394	0.5807107054458142	199.0	0.0	0.16271948011454543	0.1263037867832743	0.0030091807146108876	0.5806615328842394	3.469446951953614e-18			0.0	1.0	1.0	1.0	0.8883928571428571	0.0	1.0	draw3618	True
-1.1566256341396117	-1.197377303801947	0.32915918572280584	7.765579820117988e-05	0.13654522121418358	0.13654572418987118	248.0	0.0	0.21442936973443347	0.19572902488915472	0.0513440769182769	0.1359774668157276	4.163336342344337e-17			0.0	1.0	1.0	1.0	0.9051094890510949	0.0	1.0	draw3620	True
-0.08394295105979002	-0.15762732514468208	0.004646584538743092	0.04070858831274415	0.07648701082756486	0.07648830526563011	123.0	0.0	0.8082019116477227	0.0001869518196528526	9.272375243482616e-05	0.07648701082756486	1.1011428314305904e-20			0.0	1.0	1.0	1.0	0.754601226993865	0.0	1.0	draw3622	True
-0.3814230640638833	-0.6546046660897588	0.031064658600252266	0.0005464086208993834	0.22823151382225798	0.228268626725389	227.0	0.0	0.4826866738653509	0.5844234860546041	0.0007264950662280762	0.22823151382225798	2.0816681711721685e-17			0.0	1.0	1.0	1.0	0.9007936507936508	0.0	1.0	draw3624	True
-2.5724717342382224	-4.559591552557058	0.05316464472530014	0.006100410093260796	0.2988016648674444	0.2988063153589696	208.0	0.0	0.09826796708122063	0.1812184412563291	0.00031028664415215425	0.2988016648674444	1.5178830414797062e-18			0.0	1.0	1.0	1.0	0.8813559322033898	0.0	1.0	draw3625	True
-0.018161646904053724	-0.295348435218255	0.019248834363525875	0.008238128700116965	0.08517147316787776	0.08517240492933849	175.0	0.0	1.0736120169530399	0.03694936949909876	5.410546095117952e-06	0.08517147316787776	6.505213034913027e-19			0.0	1.0	1.0	1.0	0.8793969849246231	0.0	1.0	draw3627	True
-3.4570365365219127	-16.278407091299062	30.411296777380954	0.024665092445423933	1.7723614779265189	1.7726222577231587	193.0	0.0	0.9515246969241729	0.12884709791877738	0.33745973154878434	1.7723614779265189	5.551115123125783e-16			0.0	1.0	1.0	1.0	0.8894009216589862	0.0	1.0	draw3628	True
-0.19523742579186432	-0.4485799983300072	0.05005307263885267	0.014159081012516582	0.06589951488519041	0.0659008460196836	138.0	0.0	0.48083315126566595	0.0001261474698389313	0.0002308074305354034	0.06589951488519041	6.776263578034403e-21			0.0	1.0	1.0	1.0	0.7263157894736842	0.0	1.0	draw3629	True
-0.020658221753673982	-0.2617534199462016	0.0068647954535648445	0.011723910106623912	0.06800080879097535	0.06800335934681584	164.0	0.0	0.630750115558301	0.013296906150808039	1.3332360570262675e-05	0.06800080879097535	1.8973538018496328e-19			0.0	1.0	1.0	1.0	0.8677248677248677	0.0	1.0	draw3631	True
-1.351182641131635	-14.252061316456274	0.21296186004099296	0.00044304145019506474	0.7695601957470782	0.7695728983292708	181.0	0.0	1.1250862454132537	0.22433137491667643	0.027104653259788836	0.7695601957470782	4.440892098500626e-16			0.0	1.0	1.0	1.0	0.8379629629629629	0.0	1.0	draw3633	True
-0.15684696610806487	-0.15684696610806487	0.00027351862766510695	0.019119540178376568	0.0768265970120217	0.07682889347825811	140.0	0.0	0.142978587038994	9.940968327343696e-07	0.00027351862766510695	0.019119540178376568	1.7787691892340307e-20			0.0	1.0	1.0	1.0	0.8383233532934131	0.0	1.0	draw3634	True
-0.7567184873162118	-0.9249604807081931	0.06790614524558335	0.019900099598070733	0.03015955367293958	0.030160364574274887	101.0	0.0	0.5033728361799493	4.269811893137551e-05	0.00027691116585165263	0.03015955367293958	2.320324336272498e-20			0.0	1.0	1.0	1.0	0.5642458100558659	0.0	1.0	draw3635	True
-251.40563984534657	-251.40563984534657	448.68605043720345	0.3170857546599274	0.5192237080466128	0.519233845253992	94.0	0.0	0.20069668820966552	9.902008621261361e-07	448.68605043720345	0.3170857546599274	5.5880351717142295e-18			0.0	1.0	1.0	1.0	0.5310734463276836	0.0	1.0	draw3636	True
-0.7611937326408005	-6.954929592493629	0.44220322459884553	0.00139753351355471	0.45078990237802224	0.45097309087136583	184.0	0.0	0.6685409342091319	0.321455533741144	0.0273158003032626	0.45078990237802224	2.7755575615628914e-16			0.0	1.0	1.0	1.0	0.8105726872246696	0.0	1.0	draw3640	True
-2.3485026556611865	-4.504751244411352	5.016879288630072	0.0025347633101234783	0.13920197856739852	0.139206214394649	206.0	0.0	0.06572896869864144	0.011960612798405044	0.2971730574868784	0.13665456433070566	7.589415207398531e-18			0.0	1.0	1.0	1.0	0.8841201716738197	0.0	1.0	draw3642	True
-1.36082611720306	-1.7598467631472037	0.016963499954718096	0.0013370000449421415	0.17902004671265903	0.17913811808069877	219.0	0.0	0.12361511250440481	0.153617124251095	0.0006205124182600479	0.17902004671265903	6.505213034913027e-19			0.0	1.0	1.0	1.0	0.8690476190476191	0.0	1.0	draw3644	True
-0.039564803182168574	-0.11867416665911121	0.003435039588294384	0.0006896559262499072	0.031325977739019295	0.03134551770204566	189.0	0.0	0.73446983092406	0.16811285621689379	0.00019108806058736714	0.031325977739019295	8.673617379884035e-18			0.0	1.0	1.0	1.0	0.8325991189427313	0.0	1.0	draw3648	True
-0.012726102472019411	-0.02558859155425081	9.383211832679825e-05	3.429841375646013e-05	0.0028956742706152815	0.0028960448039100067	192.0	0.0	0.5975528466814893	0.04156294320661724	3.1370067631791626e-06	0.0028956742706152815	1.043544591017298e-18			0.0	1.0	1.0	1.0	0.8767123287671232	0.0	1.0	draw3649	True
-0.11871719538197319	-0.20509059181247485	0.00746363000116776	0.0074647140692316784	0.05681551509682309	0.05681818687945899	161.0	0.0	0.4188161319122341	0.03807253529569483	5.6123380856353715e-05	0.05681551509682309	1.3010426069826053e-18			0.0	1.0	1.0	1.0	0.8518518518518519	0.0	1.0	draw3651	True
-0.9272064925987006	-7.278899429037822	11.363314999076282	0.008097940534063769	1.1265554340272135	1.1269090426218016	211.0	0.0	1.0786899500677973	0.2822878594527776	0.08402355183383563	1.1265554340272135	4.440892098500626e-16			0.0	1.0	1.0	1.0	0.7455830388692579	0.0	1.0	draw3652	True
-0.06871352722438054	-19.718629840685466	0.9593739031143381	0.010086362233193702	0.29244830161190566	0.2924604904239963	183.0	0.0	2.4477891394821603	0.6228256031749605	0.00998414507866319	0.25770509493537663	2.7755575615628914e-16			0.0	1.0	1.0	1.0	0.7721518987341772	0.0	1.0	draw3655	True
-0.3649357968535964	-4.904771870695178	3.141447487884963	0.046711884029320444	0.28855214850230976	0.28855245812372204	170.0	0.0	1.3049798851704753	0.03251902444720729	0.00010354916055695577	0.28855214850230976	8.673617379884035e-18			0.0	1.0	1.0	1.0	0.8717948717948718	0.0	1.0	draw3656	True
-1.1354536674419753	-1.1354536674419753	0.3070614539742005	0.0031800593919828423	0.6555568921989705	0.6556299457062545	199.0	0.0	0.004731182554940278	9.986950859974267e-07	0.3070614539742005	0.0031800593919828423	8.326672684688674e-17			0.0	1.0	1.0	1.0	0.8923766816143498	0.0	1.0	draw3657	True
-0.7281482849738987	-0.9071138430826508	0.1818315676076148	0.0031094933033712717	0.10341881906719401	0.10349902823685389	182.0	0.0	0.2784490808862093	0.15176343487170868	0.008932953810462753	0.10341881906719401	1.3877787807814457e-17			0.0	1.0	1.0	1.0	0.8708133971291866	0.0	1.0	draw3659	True
-0.05792639328337718	-0.08567271655333342	0.0018271479475589672	0.00010173822710827599	0.035838537930201884	0.03584426746300596	243.0	0.0	0.10924350254216432	0.025165155675306555	0.0005458792346326253	0.005226722514616115	2.0816681711721685e-17			0.0	1.0	1.0	1.0	0.75	0.0	1.0	draw3662	True
-0.09153434824471014	-0.18027545643342674	0.007719606896984041	7.896372685207633e-05	0.027706646013019184	0.027731091852039053	218.0	0.0	0.3587247153102078	0.050794137798350535	0.00023689438476380973	0.027706646013019184	3.0357660829594124e-18			0.0	1.0	1.0	1.0	0.8685258964143426	0.0	1.0	draw3663	True
-0.7217462487307488	-2.459180795307876	0.33113323062387523	0.011990261634610772	0.17374780984605942	0.17376053912069142	192.0	0.0	0.1767754341293958	0.15108848934525626	0.017631494951722265	0.17051360824249348	7.806255641895632e-18			0.0	1.0	1.0	1.0	0.8767123287671232	0.0	1.0	draw3666	True
-0.08457480850891555	-0.08457480850891555	0.0017819288997989343	0.004343276059018987	0.1156061391558131	0.11560806026339793	158.0	0.0	0.12142279409823462	9.966926339022184e-07	0.0017819288997989343	0.004343276059018987	6.938893903907228e-18			0.0	1.0	1.0	1.0	0.8494623655913979	0.0	1.0	draw3669	True
-0.08313715877105267	-0.18852227825800055	0.008852330226729262	0.00851319433955112	0.037007350521596226	0.03700794944451599	162.0	0.0	0.24875827540598672	0.002998816842638008	0.00016845629269947673	0.023827869496680323	1.3877787807814457e-17			0.0	1.0	1.0	1.0	0.7641509433962265	0.0	1.0	draw3671	True
-1.2494418830429488	-2.636855872387371	1.6357987736624822	0.03846153123469961	0.5720836814683291	0.572302375534747	175.0	0.0	0.991631919113282	0.07737127941009055	0.03358826650158082	0.5720836814683291	6.938893903907228e-17			0.0	1.0	1.0	1.0	0.8578431372549019	0.0	1.0	draw3672	True
-0.0018356777308663706	-0.031217502158466963	2.537197676529485e-05	0.0012028362044928023	0.012060160997368272	0.012060526944763401	169.0	0.0	0.7364129785237075	0.020768140172146937	1.0871105342842079e-07	0.012060160997368272	1.9058241313221758e-20			0.0	1.0	1.0	1.0	0.8666666666666667	0.0	1.0	draw3674	True
-0.1921516928462441	-5.156872346574834	0.6837290734702756	0.002536023239105386	0.7628143997601653	0.7629614542014677	214.0	0.0	1.5340798040278243	0.7373337895514109	0.20264607510860413	0.40736680205656745	6.661338147750939e-16			0.0	1.0	1.0	1.0	0.7697841726618705	0.0	1.0	draw3675	True
-3.0699387647098098	-4.6849892294022215	0.7869239070410387	0.029838276218465524	0.09980674118682971	0.09980812174221869	135.0	0.0	1.0237072043456437	0.0001488744165039459	0.0016748126602522545	0.09980674118682971	1.1061720895549128e-19			0.0	1.0	1.0	1.0	0.7377049180327869	0.0	1.0	draw3677	True
-0.09837592279380421	-0.09837592279380421	0.000386963584066155	0.0014178335459027862	0.028268471720064994	0.028270023757529468	174.0	0.0	0.015205427280797995	9.979976644812064e-07	0.000386963584066155	0.0014178335459027862	1.6940658945086007e-19			0.0	1.0	1.0	1.0	0.8365384615384616	0.0	1.0	draw3678	True
-0.3139736096395983	-1.4254060045628356	0.5049940595717631	0.00564198492523965	0.20777782472469683	0.2086314652799136	202.0	0.0	1.4123523579871557	0.4062395581017171	0.014423515609692893	0.20777782472469683	1.1102230246251565e-16			0.0	1.0	1.0	1.0	0.8595744680851064	0.0	1.0	draw3679	True
-0.2084139098879435	-17.35114044644933	0.23743392864540316	0.09620139134030124	0.5484748749744808	0.548474905798601	187.0	0.0	0.1631181834211266	0.018200335577657958	9.734138627018336e-06	0.5484748749744808	5.421010862427522e-20			0.0	1.0	1.0	1.0	0.8538812785388128	0.0	1.0	draw3681	True
-1.5984874737933716	-3.469554453475251	0.12599237000515567	0.0010166963034202627	0.24441453898099727	0.24454078768157836	190.0	0.0	4.381754314201146	0.08944455671767963	0.0033653555680304903	0.24441453898099727	8.775261333554552e-17			0.0	1.0	1.0	1.0	0.8878504672897196	0.0	1.0	draw3682	True
-0.5223401037392281	-1.1281631818339592	0.29394869633265863	0.00538737810827169	0.48042489692042556	0.48066980135655935	210.0	0.0	0.6109357776752014	0.18451681855767954	0.0348016947999905	0.41334664329805765	1.1102230246251565e-16			0.0	1.0	1.0	1.0	0.7749077490774908	0.0	1.0	draw3684	True
-0.9166259357856983	-1.1530193532368163	0.014273945482789676	0.0018032691756257795	0.020059798751078682	0.020068930171333085	153.0	0.0	1.412632086526318	0.15698421308423668	0.0007093031589979147	0.020059798751078682	7.19910242530375e-17			0.0	1.0	1.0	1.0	0.8453038674033149	0.0	1.0	draw3685	True
-0.2576797837835041	-0.52623064672798	0.06627041685797926	0.04213949827858682	0.11230387555903286	0.11230398496686898	137.0	0.0	0.8220854766004392	0.0003384981423437309	6.645628234181107e-05	0.11230387555903286	2.3399285167900047e-20			0.0	1.0	1.0	1.0	0.7828571428571428	0.0	1.0	draw3686	True
-1.9685710175927453	-5.406678694548878	0.5503805983986569	0.0012556851836637948	0.06073227540451192	0.06073749931602416	191.0	0.0	1.4504525487687352	0.010225183278309931	0.0009740415340452302	0.06073227540451192	7.047314121155779e-18			0.0	1.0	1.0	1.0	0.8681818181818182	0.0	1.0	draw3687	True
-0.28223965037011955	-0.8009352379761671	0.02166093033202143	0.016473691089168678	0.25475557949380095	0.2548360080842655	181.0	0.0	0.533917232877768	0.8366281251511076	0.00017057640754984243	0.25475557949380095	6.5052130349130266e-18			0.0	1.0	1.0	1.0	0.8829268292682927	0.0	1.0	draw3690	True
-1.2652509822115872	-8.572176872576465	13.530505153363316	0.0334514779681275	1.2266939564595865	1.2266997740068328	196.0	0.0	0.42000372076197207	0.05816563114872223	0.008192064797790666	1.2266939564595865	6.245004513516506e-17			0.0	1.0	1.0	1.0	0.8909090909090909	0.0	1.0	draw3692	True
-7.292176352126923	-10.750970168934822	0.32986896162105955	0.0021398187302891936	0.18994880896102292	0.18997488022281594	231.0	0.0	0.021504431793083166	0.039625909180537905	0.001833995200901595	0.18994880896102292	2.168404344971009e-19			0.0	1.0	1.0	1.0	0.8850574712643678	0.0	1.0	draw3694	True
-0.024967894972020746	-4.287161560461358	0.04437502528627436	0.0031851530698232735	0.17905898757170446	0.17910169271651857	221.0	0.0	0.2518440672018547	0.02756052060149937	8.438812524225968e-05	0.17905898757170446	5.421010862427522e-20			0.0	1.0	1.0	1.0	0.86328125	0.0	1.0	draw3695	True
-0.11944412729166105	-0.4737008064956171	0.002609822223290253	0.0046195393027512605	0.07620898818917515	0.07623731077699501	182.0	0.0	0.28642152765893053	0.04865227325122198	3.5970979640953024e-05	0.07620898818917515	2.439454888092385e-19			0.0	1.0	1.0	1.0	0.8708133971291866	0.0	1.0	draw3696	True
-0.17283990214627193	-0.30554332013539987	0.006964373214262896	0.015819632948939684	0.1336703588578933	0.13369896991836241	165.0	0.0	0.587397376897483	0.015910499993956405	0.005025316426194935	0.12541379908942396	1.0842021724855044e-17			0.0	1.0	1.0	1.0	0.868421052631579	0.0	1.0	draw3699	True
-101.9062235252804	-169.16635447652715	1.3826556825832672	0.2498490123552397	1.2818401841673823	1.2818558981013544	172.0	0.0	0.009262624729668184	0.006029525373129601	0.0006814804044052818	1.2818401841673823	1.3552527156068805e-20			0.0	1.0	1.0	1.0	0.864321608040201	0.0	1.0	draw3700	True
-0.282187303980116	-0.282187303980116	0.005177206596952156	0.0032740813697428265	0.0056195231920308794	0.005619556467932639	54.0	0.0	0.030403722916663007	0.10460385263380542	0.005177206596952156	0.0032740813697428265	9.540979117872439e-18			0.0	0.0	1.0	1.0	0.17142857142857143	0.0	1.0	draw3701	True
-0.06475723458412999	-0.8330938738873845	0.03464142232335771	0.0033321755261993425	0.09682772582993944	0.09684046588240892	199.0	0.0	0.41879798868829443	0.04235344127743224	7.550575930389728e-05	0.09682772582993944	5.963111948670274e-19			0.0	1.0	1.0	1.0	0.868995633187773	0.0	1.0	draw3702	True
-0.1695101392009353	-0.634209875776371	0.07248876154129597	0.0013814344620286772	0.14165070583766717	0.1416675303916647	205.0	0.0	0.4630829227596204	0.04043189366810734	0.0005832513904847075	0.14165070583766717	3.198396408832238e-18			0.0	1.0	1.0	1.0	0.8798283261802575	0.0	1.0	draw3703	True
-0.45274136055300185	-1.1065077108985037	0.14387987935733285	0.0021345670337616068	0.056179112036044566	0.0561932873137302	182.0	0.0	0.49111473505682757	0.050908862959449026	0.001506224324410768	0.056179112036044566	1.2739375526704677e-17			0.0	1.0	1.0	1.0	0.883495145631068	0.0	1.0	draw3704	True
1.337062544949248	-13.849145003092081	0.8552369577051793	0.016033640209663566	0.7036880028316266	0.7037980447113488	187.0	40.0	4.585118953478222	0.2010617628658944	0.14502675240925555	0.5495951796619954	2.7755575615628914e-16	0.3795318457228098	0.2815006981371438	0.0	1.0	1.0	1.0	0.8060344827586207	0.0	1.0	draw3705	True
-5.713189320322438	-7.977996609179875	0.4117041913374041	0.0008783542672473209	0.29458629672263165	0.2945970071130633	250.0	0.0	0.044772071921127685	0.225932513042691	0.004037715668003855	0.29458629672263165	3.469446951953614e-18			0.0	1.0	1.0	1.0	0.7267441860465116	0.0	1.0	draw3709	True
-0.10545039142059547	-0.8532184983141075	0.011847170209599741	0.004424268903565472	0.04994081954491339	0.04994318226323544	145.0	0.0	1.389599201560717	0.5276173037974182	0.00011150962621649925	0.04994081954491339	7.632783294297951e-17			0.0	1.0	1.0	1.0	0.8055555555555556	0.0	1.0	draw3710	True
-1.258141964654038	-95.93546793555926	121.73464815592587	0.16581794984664264	4.209988364063993	4.210545654346485	203.0	0.0	0.24079312169336692	0.0028762863671469214	0.18263685176543273	4.209988364063993	8.673617379884035e-19			0.0	1.0	1.0	1.0	0.8353909465020576	0.0	1.0	draw3712	True
-0.06836678538221991	-0.07771870423285361	0.0007860382719397158	0.0012440149329026654	0.0024757752141626116	0.00247590995501399	147.0	0.0	0.03688837130945974	0.0003430533934970407	1.605676219893378e-05	0.002430093777481674	2.710505431213761e-19			0.0	1.0	1.0	1.0	0.7135922330097088	0.0	1.0	draw3714	True
-5.061299997796124	-5.061299997796124	0.10002057248642308	0.04727318245229821	0.0595067880369247	0.05950875011552023	54.0	0.0	0.010312130722757148	0.9631661323343347	0.10002057248642308	0.04727318245229821	1.3877787807814457e-17			0.0	0.0	1.0	1.0	0.32926829268292684	0.0	1.0	draw3715	True
-0.9520098312527336	-1.8904595069955428	0.019804652093864342	0.00249474305119066	0.17119545465131203	0.17142586770401963	155.0	0.0	1.0308291305666288	0.8271098384068571	0.009116345512603923	0.17119545465131203	2.7755575615628914e-16			0.0	1.0	1.0	1.0	0.8469945355191257	0.0	1.0	draw3716	True
-8.817220908011432	-10.092258655708514	1.5694898708093783	0.010804248852444282	0.08079562020331706	0.08080109704354005	177.0	0.0	0.008487596999528807	0.002651791570097691	0.051639109916758796	0.07968400787786528	3.1170812458958252e-19			0.0	1.0	1.0	1.0	0.8676470588235294	0.0	1.0	draw3717	True
-0.15735999382518046	-0.15735999382518046	0.005806340098972789	0.00635008851865132	0.01962839640931708	0.019631573667418408	56.0	0.0	0.04374997908191653	0.12984910773336322	0.005806340098972789	0.00635008851865132	6.938893903907228e-18			0.0	0.0	1.0	1.0	0.17834394904458598	0.0	1.0	draw3718	True
-0.24390194045444352	-0.2814102076605082	0.0018580492627482072	0.0010517052271845988	0.023763023979915414	0.02376504292803372	189.0	0.0	0.1005071241925234	0.12115487294094335	2.535919362735006e-05	0.023763023979915414	1.8973538018496328e-19			0.0	1.0	1.0	1.0	0.8217391304347826	0.0	1.0	draw3720	True
-0.019187235050893533	-0.04153426307499462	0.0003009492149446854	0.002455473226211939	0.02192230802800752	0.021922418448806862	166.0	0.0	1.005050160929628	0.10118518178527038	1.2616520292775349e-06	0.02192230802800752	2.3852447794681098e-18			0.0	1.0	1.0	1.0	0.8829787234042553	0.0	1.0	draw3722	True
-0.19162720682010137	-4.085037859276713	2.770579654331794	0.004131355664040142	0.08917767096603359	0.08918091728531445	187.0	0.0	0.10848492278505163	0.02049333801314702	0.005539236275498372	0.08917767096603359	1.0408340855860843e-17			0.0	1.0	1.0	1.0	0.8095238095238095	0.0	1.0	draw3723	True
-0.5093423219550653	-0.8578993083916652	0.06760307719580777	0.0014548830946624206	0.15907630288089675	0.15913155161544043	210.0	0.0	0.28748141568577085	0.14079218439914568	0.0015183826153477803	0.15907630288089675	5.637851296924623e-18			0.0	1.0	1.0	1.0	0.84	0.0	1.0	draw3725	True
-5.397576165715943	-15.062816387488978	0.0982832753644871	0.001724695750542686	0.18544281869984075	0.1854742458169532	246.0	0.0	0.022026165553166933	0.12757733222463738	0.001018291946425161	0.18544281869984075	2.168404344971009e-19			0.0	1.0	1.0	1.0	0.825503355704698	0.0	1.0	draw3728	True
-1.0302481801819297	-1.0302481801819297	0.008605702946783917	0.02201854592235963	0.14699616633883042	0.1470001064697026	153.0	0.0	0.022772058162163523	9.994996319007704e-07	0.008605702946783917	0.02201854592235963	2.879912020664621e-20			0.0	1.0	1.0	1.0	0.8547486033519553	0.0	1.0	draw3729	True
-0.6583711341309195	-1.7507433628413156	0.7557091524853199	0.010122912642342972	0.3989589340029925	0.39901471838804	191.0	0.0	0.6576642640607925	0.13335499932911965	0.004861962451945039	0.3989589340029925	3.469446951953614e-17			0.0	1.0	1.0	1.0	0.8967136150234741	0.0	1.0	draw3731	True
-0.12113970771742043	-0.487271109965899	0.015752287754968917	0.00034460909218671275	0.06909716878730693	0.06920766823522148	201.0	0.0	1.8864502214828205	0.34664198671681645	0.0009620699379146093	0.06909716878730693	4.163336342344337e-17			0.0	1.0	1.0	1.0	0.881578947368421	0.0	1.0	draw3732	True
-0.12666766872866667	-0.5523879197815817	0.05999177212658787	0.005632625058974699	0.07076731503515363	0.07076964467645928	179.0	0.0	0.2932018028082125	0.03845259795288901	8.633228941707883e-05	0.07076731503515363	2.6020852139652106e-18			0.0	1.0	1.0	1.0	0.8564593301435407	0.0	1.0	draw3733	True
-0.24214148248878445	-0.24214148248878445	0.010425706803839314	0.0013642693202012808	0.09761949316834956	0.0976226111936443	178.0	0.0	0.025694349761888176	9.972483468015301e-07	0.010425706803839314	0.0013642693202012808	2.667137344314341e-17			0.0	1.0	1.0	1.0	0.8855721393034826	0.0	1.0	draw3734	True
-0.27233223620946323	-1.0115383067341108	0.21232431173871588	0.0027911174277953613	0.274697112737815	0.2747240881933889	203.0	0.0	0.8319453784225525	0.014949047653602228	0.0011715178513855308	0.274697112737815	1.328147661294743e-18			0.0	1.0	1.0	1.0	0.8675213675213675	0.0	1.0	draw3735	True
-0.0016710074108451656	-0.43264152814239853	0.03046843424902868	0.0031437729332830094	0.058379077521339216	0.05838185984006862	172.0	0.0	0.5671433495332003	0.06983171422926579	0.0001774798449902683	0.058379077521339216	8.673617379884035e-18			0.0	1.0	1.0	1.0	0.8229665071770335	0.0	1.0	draw3737	True
-0.5277907030144722	-0.7046776694824648	0.10033228919839571	0.006966674568427222	0.2505028742121743	0.25078910106018454	180.0	0.0	1.1606805212620568	0.6054612794274928	0.016194065996779788	0.2505028742121743	1.3877787807814457e-16			0.0	1.0	1.0	1.0	0.7894736842105263	0.0	1.0	draw3738	True
-0.19723510031833683	-2.736487206137067	0.21845471450385207	0.004422045138744281	0.14344764110616487	0.1434555398161362	210.0	0.0	0.2098408172553627	0.13725346012144587	0.00020629940144445137	0.14344764110616487	3.469446951953614e-18			0.0	1.0	1.0	1.0	0.8786610878661087	0.0	1.0	draw3741	True
-0.12549546596293745	-0.3372788045424442	0.010510066707177983	0.052953748922550795	0.22802901088038366	0.22803215901596713	146.0	0.0	0.7730299441518512	0.009419364610650727	4.227486642674566e-05	0.22802901088038366	1.3417001884508117e-18			0.0	1.0	1.0	1.0	0.8488372093023255	0.0	1.0	draw3743	True
-0.437043435103411	-0.9315516749749042	0.01830388168480654	0.005399054222778441	0.08446900165152671	0.08447025881901798	184.0	0.0	0.13779623451580522	0.09448861535073887	5.885537823734902e-05	0.08446900165152671	1.3010426069826053e-18			0.0	1.0	1.0	1.0	0.8558139534883721	0.0	1.0	draw3745	True
-1.4382182500115688	-1.4382182500115688	0.8552618088264206	0.1892064460152682	0.2764786358354196	0.2764826340068024	41.0	0.0	0.3557964501263787	0.2623778569632042	0.8552618088264206	0.1892064460152682	5.828670879282072e-16			0.0	0.0	1.0	1.0	0.19248826291079812	0.0	1.0	draw3748	True
-1.3886423649379318	-21.835832369825454	78.21996240978442	0.0038511592459402827	0.6726005087252642	0.6726009964760766	224.0	0.0	0.3302862019784259	0.10724233811463578	0.0029692124442350465	0.6726005087252642	8.326672684688674e-17			0.0	1.0	1.0	1.0	0.8924302788844621	0.0	1.0	draw3750	True
-0.07181816069354284	-0.08504985016571602	0.0014395353444465234	4.404442372806806e-05	0.036300384826733534	0.03630079229216042	244.0	0.0	0.31196969872291974	0.05214164418521807	0.0011523274641199032	0.008384692083016555	3.469446951953614e-17			0.0	1.0	1.0	1.0	0.7484662576687117	0.0	1.0	draw3752	True
-0.5403994445186191	-1.0989718340082801	0.010864748228804023	0.016262358518902707	0.10335988990788933	0.10336685705660101	164.0	0.0	0.1283916820623981	0.01492205111554572	2.4737474069829908e-05	0.10335988990788933	2.710505431213761e-20			0.0	1.0	1.0	1.0	0.8677248677248677	0.0	1.0	draw3753	True
-0.33925688508681734	-0.40183216753679896	0.01185896051595577	5.550791664597225e-06	0.07273291864199409	0.07273482880245362	298.0	0.0	0.06154026526352998	0.027012428003682053	0.061626590487207034	0.010525120230171946	5.551115123125783e-17			0.0	1.0	1.0	1.0	0.7680412371134021	0.0	1.0	draw3754	True
-1.2559646437149214	-3.4505138808528972	0.09443817825580829	0.033124971965234826	0.16299437849353185	0.16299832014700522	166.0	0.0	0.07036693310770986	0.012282239857207203	0.0002627769829099539	0.162895643763646	2.0667603913004928e-19			0.0	1.0	1.0	1.0	0.8691099476439791	0.0	1.0	draw3756	True
-0.8595781206474098	-0.8595781206474098	0.09587895349141302	4.810292972853371e-05	0.0718024119144048	0.07185394266188538	238.0	0.0	0.00036555824555523824	9.994015397103755e-07	0.09587895349141302	4.810292972853371e-05	4.85722573273506e-17			0.0	1.0	1.0	1.0	0.8040540540540541	0.0	1.0	draw3757	True
-2.0507349000903385	-4.402467451369793	3.6705116860693496	0.03444602864717988	0.29681322300601154	0.2968135569297185	168.0	0.0	0.7309562450195989	0.0023470130844074682	0.0010966521801400312	0.29681322300601154	1.734723475976807e-18			0.0	1.0	1.0	1.0	0.8235294117647058	0.0	1.0	draw3758	True
-0.406566792470195	-0.406566792470195	0.03871121190812989	0.0006092345749449664	0.10916952538675406	0.10922869653347496	209.0	0.0	0.002399522476989184	9.99381706665556e-07	0.03871121190812989	0.0006092345749449664	1.0408340855860843e-17			0.0	1.0	1.0	1.0	0.8228346456692913	0.0	1.0	draw3762	True
-0.05425777283804177	-0.3877306561420784	0.000739736656159474	0.00524057387715144	0.1989522961992378	0.19895269574885502	188.0	0.0	0.8642127030173922	0.03019432048601013	1.6102192582755593e-06	0.1989522961992378	4.0657581468206416e-20			0.0	1.0	1.0	1.0	0.8867924528301887	0.0	1.0	draw3764	True
-0.1165422464093793	-0.1165422464093793	0.0017541375107276577	0.00022567760730340662	0.0653515773767967	0.06538562156460803	212.0	0.0	0.00228625841251418	9.999612505992536e-07	0.0017541375107276577	0.00022567760730340662	9.75781955236954e-19			0.0	1.0	1.0	1.0	0.8	0.0	1.0	draw3765	True
-7.605133676012127	-11.681523039158943	26.045510504743895	0.34246069665286355	0.5798775629691603	0.5798776509559491	133.0	0.0	0.5378947863581576	8.967002900436364e-05	0.002124298503486187	0.5798775629691603	1.6898307297723292e-19			0.0	1.0	1.0	1.0	0.665	0.0	1.0	draw3767	True
-0.1213475861927853	-0.12838696985329354	0.0009076819978789309	4.885705653874233e-05	0.007332870823769735	0.007335389867515744	224.0	0.0	0.06182961732943208	0.035583659930929185	5.393564064223619e-05	0.007292413170606211	4.743384504624082e-20			0.0	1.0	1.0	1.0	0.875	0.0	1.0	draw3769	True
-0.40104313479298176	-2.283349634520213	0.03374868620618047	0.011644696093594531	0.281835731734508	0.28190051663599286	193.0	0.0	0.2801667830786119	0.08029633516584314	0.0002714177206164566	0.281835731734508	5.421010862427522e-19			0.0	1.0	1.0	1.0	0.8812785388127854	0.0	1.0	draw3770	True
-1.6375224572952014	-1.6375224572952014	0.023756857621529976	0.03402858906242785	0.06233343797544154	0.06233732223973679	63.0	0.0	0.018699380529671548	0.1478081431050404	0.023756857621529976	0.03402858906242785	1.3877787807814457e-17			0.0	0.0	1.0	1.0	0.2603305785123967	0.0	1.0	draw3771	True
-0.14658191606233592	-0.5638050554023398	0.00037949114126376834	0.0002817985343020654	0.07655491598739896	0.07655854321273677	230.0	0.0	0.24495733710304676	0.11795374405587643	1.970544943733063e-06	0.07655491598739896	2.541098841762901e-20			0.0	1.0	1.0	1.0	0.8984375	0.0	1.0	draw3774	True
-2.7371461830970523	-3.7938293931186546	0.08006184548133641	0.035565829019185674	0.036980083633046	0.036980752374421194	36.0	0.0	0.8182359148104551	4.369433641527254e-06	0.0011650238066672832	0.036980083633046	1.4399560103323106e-20			0.0	1.0	1.0	1.0	0.22641509433962265	0.0	1.0	draw3777	True
-0.10044745320019077	-1.4322020350807607	0.19187184999478063	0.004042115946532459	0.1165714799960065	0.11659184864006958	186.0	0.0	1.1860909740561374	0.8434364435110493	0.00013729654880906703	0.11650517582762074	3.122502256758253e-17			0.0	1.0	1.0	1.0	0.8899521531100478	0.0	1.0	draw3778	True
-1.8350819028123442	-2.201699025020422	1.077122347526936	0.014516931052336732	0.244472247943099	0.2444819297535138	191.0	0.0	2.610782513807557	0.025411374471340235	0.0011862279686979183	0.244472247943099	3.1177588722536287e-17			0.0	1.0	1.0	1.0	0.8721461187214612	0.0	1.0	draw3779	True
-0.07128179110237845	-0.11218427006428228	0.0008806356876440594	0.00282511790209332	0.0457942866070667	0.04579429204978179	172.0	0.0	0.5056486979635498	0.030458434679599397	3.7006169005377755e-07	0.0457942866070667	2.202285662861181e-19			0.0	1.0	1.0	1.0	0.8686868686868687	0.0	1.0	draw3780	True
-0.44547539614994114	-0.544697561294315	0.05960053322047943	0.004882832369892359	0.05038241089039113	0.0504096344655816	174.0	0.0	0.5862401473277451	0.18417602766471183	0.0009326905344395978	0.05038241089039113	2.0925101928970236e-17			0.0	1.0	1.0	1.0	0.8787878787878788	0.0	1.0	draw3782	True
-0.7744000583041968	-27.389766144860427	28.912932045566617	0.13545232969580343	1.4097654569809548	1.409813663803297	184.0	0.0	0.17623227844922765	0.005584876481982848	0.03617840264371405	1.4097654569809548	1.3010426069826053e-18			0.0	1.0	1.0	1.0	0.847926267281106	0.0	1.0	draw3783	True
-1.3294461022740276	-1.9382511813960333	0.23324777094673418	0.0009589890228886623	0.08578843737462245	0.08580947280618213	219.0	0.0	0.05568176648514022	0.06831016814363775	0.006790760653689199	0.08564782078467909	3.469446951953614e-18			0.0	1.0	1.0	1.0	0.8588235294117647	0.0	1.0	draw3785	True
-2.471403582333663	-2.471403582333663	0.00013209513026094696	0.004480054556411454	0.007709847061325412	0.007710298555319164	73.0	0.0	0.002735663055648802	0.9406989973611978	0.00013209513026094696	0.004480054556411454	4.336808689942018e-18			0.0	0.0	1.0	0.0	0.20054945054945056	0.0	1.0	draw3786	True
-0.6373591062586743	-34.18215653437436	12.53670873605408	0.007473403591474416	1.2248930278637211	1.224901579566812	189.0	0.0	0.9944346429263312	0.22392314602754512	0.050151568710869364	1.2248930278637211	1.5543122344752192e-15			0.0	1.0	1.0	1.0	0.8111587982832618	0.0	1.0	draw3788	True
-9.200491876595535	-9.200491876595535	5.930143632636156	0.012862642446982335	0.471962973922638	0.47199172104103015	179.0	0.0	0.02139563661535107	9.98118190339628e-07	5.930143632636156	0.012862642446982335	6.353763543943958e-17			0.0	1.0	1.0	1.0	0.8523809523809524	0.0	1.0	draw3791	True
-0.1937668061373158	-0.1937668061373158	0.0003019828703603714	0.05871787057297082	0.32473372576307985	0.3247750651822388	51.0	0.0	0.5609741428400665	0.35098326095905896	0.0003019828703603714	0.05871787057297082	2.220446049250313e-16			0.0	0.0	1.0	0.0	0.17288135593220338	0.0	1.0	draw3792	True
-0.6660825567733176	-10.395961112871731	9.367429225686628	0.14223507409425792	0.5717255422874614	0.5717255466738046	172.0	0.0	0.299360379699238	0.00185609783430968	7.288736159823654e-05	0.5717255422874614	4.336808689942018e-19			0.0	1.0	1.0	1.0	0.8229665071770335	0.0	1.0	draw3794	True
-2.035480507894963	-12.157757416459882	3.576155547770651	0.0033422962843341073	0.5385315640844602	0.5385348432415135	239.0	0.0	0.16073694763388624	0.22026301680044436	0.003475071292388469	0.5385315640844602	1.3877787807814457e-17			0.0	1.0	1.0	1.0	0.8754578754578755	0.0	1.0	draw3795	True
-1.3879781694485334	-1.6267414283895025	0.44364365308257425	0.1415255793860702	0.17893692054953755	0.17893705705786198	72.0	0.0	0.47417607626848873	1.4711369239811387e-05	0.000571803454563227	0.17893692054953755	8.470329472543003e-21			0.0	1.0	1.0	1.0	0.4067796610169492	0.0	1.0	draw3796	True
-0.16264999392191948	-1.216108286293001	0.00211985251282176	0.00012158260583225897	0.03839373498860489	0.038401368456195004	241.0	0.0	0.0763311423538779	0.568442231095687	3.431046551243977e-05	0.03839373498860489	8.131516293641283e-19			1.0	0.0	1.0	1.0	0.8925925925925926	0.0	1.0	draw3797	True
-0.0481350558028429	-0.0481350558028429	7.448271058842805e-05	0.0013801733111439042	0.001966780695778188	0.0019667808096330516	48.0	0.0	0.037373930994604176	0.21593233185325406	7.448271058842805e-05	0.0013801733111439042	2.8189256484623115e-18			0.0	0.0	1.0	1.0	0.15286624203821655	0.0	1.0	draw3798	True
-17.108633481498128	-19.49635169781505	2.48132143595874	0.05527746762827209	0.08236911861229396	0.08236935686553233	61.0	0.0	0.7163737154054881	1.0089981713399844e-05	0.009021477157080808	0.08236911861229396	8.724439356719293e-20			0.0	1.0	1.0	1.0	0.3609467455621302	0.0	1.0	draw3799	True
-0.49844825454547087	-0.8456584552884729	0.006091197783319118	0.0015010249493978692	0.04670779216304248	0.046759521311933165	200.0	0.0	0.07772787122746226	0.18922271617027714	0.00023184681625068522	0.04670779216304248	1.0842021724855044e-18			0.0	1.0	1.0	1.0	0.8438818565400844	0.0	1.0	draw3800	True
-0.04728409798475872	-0.07823520428871851	0.0012381386784449896	0.00010878450714191171	0.015039644259501737	0.015055134108220658	213.0	0.0	0.2921829116951687	0.028152202642030808	0.00037302983748230387	0.010007272683515613	8.673617379884035e-18			0.0	1.0	1.0	1.0	0.6677115987460815	0.0	1.0	draw3801	True
-0.34441308244187724	-0.7878230027581519	0.14855594371428474	0.008769305263587037	0.21475459909040376	0.2152161352241476	190.0	0.0	0.42166264671280845	0.03200641378699459	0.020400757625368655	0.08044349051591722	1.6653345369377348e-16			0.0	1.0	1.0	1.0	0.8597285067873304	0.0	1.0	draw3805	True
-0.8071582164252802	-7.989623478308864	0.3720897997898345	0.0016992760816271308	0.45884114524348657	0.458932705759189	243.0	0.0	0.1748853405403796	0.1342284756643896	0.0024860424480581244	0.45884114524348657	4.336808689942018e-18			0.0	1.0	1.0	1.0	0.9	0.0	1.0	draw3806	True
-0.11794635520932989	-4.568675564504148	5.204743830860343	0.023572053008133594	0.46717602506145706	0.4671986034966324	201.0	0.0	1.5265259670570572	0.5204418329637621	0.0027650631298982617	0.46717602506145706	1.6653345369377348e-16			0.0	1.0	1.0	1.0	0.8204081632653061	0.0	1.0	draw3807	True
-0.01346013611035087	-0.2177283045896998	0.004728459104208088	0.009265734792972716	0.023571558802950858	0.023571564592443982	145.0	0.0	1.2139361770952755	0.03668755722903164	5.606876469404553e-05	0.023365521891701435	2.862293735361732e-17			0.0	1.0	1.0	1.0	0.8238636363636364	0.0	1.0	draw3808	True
-0.8139399671765783	-19.043918361214693	14.19306736495705	0.059356563060372104	0.40284395012497176	0.40286230503532017	203.0	0.0	0.19985764710711953	0.07663848891605492	0.08072397365338806	0.39086079057708717	5.551115123125783e-17			0.0	1.0	1.0	1.0	0.9022222222222223	0.0	1.0	draw3812	True
-0.27473983330767293	-1.4768809336300233	0.46122485224021903	0.013737183535482853	1.3969446298126826	1.3969448029544587	204.0	0.0	0.6556241489113052	0.026700698657553687	0.038964977283291576	0.25184645641794345	1.1102230246251565e-15			0.0	1.0	1.0	1.0	0.7338129496402878	0.0	1.0	draw3813	True
-0.2098819191748412	-0.6071985423463718	0.0055293844601228105	0.010011533574544582	0.12438578995102637	0.12441909476204806	179.0	0.0	0.4264942233193916	0.07880425394426409	3.723335593805768e-05	0.12438578995102637	1.9989977555201488e-19			0.0	1.0	1.0	1.0	0.8689320388349514	0.0	1.0	draw3814	True
-0.2102327302788469	-0.2102327302788469	1.8036643463431369e-06	0.0005174372750149701	0.0025367713643430503	0.0025370167992405427	146.0	0.0	0.005928255406802361	0.39017066425631836	1.8036643463431369e-06	0.0005174372750149701	1.1926223897340549e-18			0.0	0.0	1.0	0.0	0.4850498338870432	0.0	1.0	draw3815	True
-0.22140298745075387	-0.242481695576576	0.014505675598395731	0.003981797137111854	0.04778603534241593	0.04779407438680408	172.0	0.0	0.3577974198907249	0.008587617077561026	0.009838843739608224	0.03330895354916937	9.75781955236954e-18			0.0	1.0	1.0	1.0	0.882051282051282	0.0	1.0	draw3816	True
-0.2620298643189117	-43.47999189244566	0.969573170436377	0.013600381634520691	0.05891648543836761	0.0589169946791016	146.0	0.0	1.2505791877406762	0.19960093463214207	0.000909582084672854	0.0588593385352642	6.245004513516506e-17			0.0	1.0	1.0	1.0	0.8795180722891566	0.0	1.0	draw3820	True
-0.11532858437184558	-21.463096742961092	2.0525019589006877	0.06667231920774845	0.6471179910285396	0.6471300769026237	200.0	0.0	0.27090153294957386	0.02173230375275501	0.0005492935168889912	0.6471179910285396	6.505213034913027e-19			0.0	1.0	1.0	1.0	0.8583690987124464	0.0	1.0	draw3821	True
-0.042085053487219026	-1.0498937022135895	0.003214259834780128	5.6584524125072484e-05	0.1703919212078043	0.1703944186536254	205.0	0.0	0.4072686307189525	0.09732744192923556	0.2640902674455367	0.08556301197906403	1.6653345369377348e-16			0.0	1.0	1.0	1.0	0.6386292834890965	0.0	1.0	draw3823	True
-3.0566588373080528	-5.335827124739427	4.181622293557627	0.011222492792822702	0.22962093588924679	0.22962737662145596	178.0	0.0	0.5419120131449247	0.0013104502893794391	0.011038856516555397	0.22962093588924679	2.3852447794681098e-18			0.0	1.0	1.0	1.0	0.8317757009345794	0.0	1.0	draw3827	True
-0.07592277587419714	-0.10493519016594992	0.0024732046966574345	0.0003701245188685217	0.04669881142409872	0.046699185123158606	222.0	0.0	0.4026512164069044	0.13112695271020494	0.0011914239209332678	0.023954132903414836	2.7755575615628914e-17			0.0	1.0	1.0	1.0	0.7602739726027398	0.0	1.0	draw3830	True
-0.01738227903092475	-0.01738227903092475	6.975455978327739e-05	0.00038468754175540224	0.006921265393041525	0.006923668885965052	190.0	0.0	0.036712969212484126	9.984424826091264e-07	6.975455978327739e-05	0.00038468754175540224	3.469446951953614e-18			0.0	1.0	1.0	1.0	0.7011070110701108	0.0	1.0	draw3832	True
-0.13372297744471934	-0.15921912111523784	0.00013756903057646823	0.0002039148689829767	0.024942010822928993	0.024943063030059533	210.0	0.0	0.16961352176963387	0.03653210824087916	5.594300466386421e-07	0.024942010822928993	8.470329472543003e-21			0.0	1.0	1.0	1.0	0.8860759493670886	0.0	1.0	draw3836	True
-0.21071769237547258	-0.22146847019512	0.0023892957132419955	0.010237681141190336	0.014916327181161159	0.014916362556485256	124.0	0.0	0.07118315184323747	0.00044200082579970684	1.0861295549055972e-05	0.01491254959921965	6.776263578034403e-21			0.0	1.0	1.0	1.0	0.7848101265822784	0.0	1.0	draw3837	True
-0.28441731013907984	-3.8783144722589227	2.091079038750017	0.003023518069742235	0.3006434870639967	0.300643653184693	204.0	0.0	0.5450566583786883	0.19647286656369115	0.00873661959760475	0.300469031231415	1.1102230246251565e-16			0.0	1.0	1.0	1.0	0.85	0.0	1.0	draw3841	True
-0.031146812132421854	-0.11599075865660155	0.0021800103278839405	0.00025756550071242564	0.019516265584341976	0.019518370610560876	196.0	0.0	1.5256789714277268	0.07074512307174666	6.834229607959105e-06	0.019516265584341976	5.963111948670274e-19			0.0	1.0	1.0	1.0	0.8868778280542986	0.0	1.0	draw3842	True
-0.32520055311464235	-0.377497163569188	0.013575826359226413	0.00012889269732349755	0.008692803567809899	0.008696767474702763	221.0	0.0	0.022179574012538658	0.010725032883139526	0.003159230202254375	0.007395056172560738	5.421010862427522e-19			0.0	1.0	1.0	1.0	0.8215613382899628	0.0	1.0	draw3845	True
-1.3074358803393495	-1.3074358803393495	0.2019033695685415	0.061448284305985285	0.10393184526274543	0.10395731269515726	44.0	0.0	0.04542650463801701	0.28688327713433237	0.2019033695685415	0.061448284305985285	8.326672684688674e-17			0.0	0.0	1.0	1.0	0.1527777777777778	0.0	1.0	draw3846	True
-0.37597307524371665	-5.322905945930206	0.2904673387245226	0.008851425057085499	0.4908612468446886	0.4909115018176457	213.0	0.0	0.28221827901498675	0.2957731587532449	0.0007057382551699818	0.4908612468446886	4.336808689942018e-18			0.0	1.0	1.0	1.0	0.8949579831932774	0.0	1.0	draw3847	True
-0.06455617008678091	-0.1359365476232257	0.0017257887245682375	0.00026965111871174484	0.025184448628099532	0.02521002115170151	209.0	0.0	0.36074919183314147	0.1742741469754212	4.842837624714013e-05	0.025184448628099532	1.0570971181733668e-18			0.0	1.0	1.0	1.0	0.8636363636363636	0.0	1.0	draw3849	True
-0.01837147951878449	-1.115210700652306	0.11433488470240674	0.01491971463056961	0.1129090018835148	0.11298906971312714	167.0	0.0	0.6800288960378954	0.07266624284731736	0.010274748993836366	0.0784133212582558	4.163336342344337e-17			0.0	1.0	1.0	1.0	0.7260869565217392	0.0	1.0	draw3851	True
-0.42933912602093316	-0.5898199878952763	0.07936727761762456	0.0029160865135481463	0.05946181200483772	0.0594658809206314	190.0	0.0	0.8083293461317879	0.23356850597275133	0.000702298570427419	0.05946181200483772	2.7755575615628914e-17			0.0	1.0	1.0	1.0	0.8755760368663594	0.0	1.0	draw3852	True
-0.012693258852565097	-0.018955495372015088	7.546257794804015e-05	0.0024375998713256856	0.004348154617930947	0.004348158068189669	131.0	0.0	0.3276966980037057	0.0016483952472636572	2.285173561263386e-08	0.004348154617930947	6.3527471044072525e-21			0.0	1.0	1.0	1.0	0.81875	0.0	1.0	draw3854	True
-0.12830117701885854	-0.3330892536979503	0.0017403938668889996	0.0054240787058452665	0.05075136130429819	0.05075684115769405	174.0	0.0	0.23872139976747553	0.13438957089690767	1.6354981842224653e-05	0.05075136130429819	2.168404344971009e-19			0.0	1.0	1.0	1.0	0.8743718592964824	0.0	1.0	draw3855	True
-0.1947471340659221	-1.8272901467781635	0.5187016199149308	0.012509438068681978	0.11585202247075489	0.11585473459009335	163.0	0.0	0.2940526749338513	0.0742474590500435	0.0007367792277656256	0.11585202247075489	1.214306433183765e-17			0.0	1.0	1.0	1.0	0.8029556650246306	0.0	1.0	draw3857	True
-0.018824029315831214	-0.34693977833250106	0.022610284751080324	0.0008937821606177924	0.052134891883766514	0.05213501551055376	196.0	0.0	0.7397397981065056	0.1043412366961808	0.0010766654194891538	0.050980781059315694	1.3010426069826053e-17			0.0	1.0	1.0	1.0	0.8672566371681416	0.0	1.0	draw3858	True
-0.07795650878600133	-0.7844914728476996	0.04154685557813337	0.00273357158495203	0.09437342508226902	0.09437866602309435	178.0	0.0	1.2470801588554277	0.2381246531109877	0.0006212643395404864	0.09437342508226902	8.326672684688674e-17			0.0	1.0	1.0	1.0	0.8436018957345972	0.0	1.0	draw3860	True
-0.10451346172761998	-0.10455855151735349	4.666453771167632e-06	0.00022962958145671315	0.0002515225856379535	0.0002515225885390921	121.0	0.0	0.002392053872279714	1.7630503725946523e-05	3.1890608553950083e-07	0.0002500938333979498	1.0587911840678754e-22			0.0	1.0	1.0	1.0	0.7908496732026143	0.0	1.0	draw3861	True
-8.440685193992167	-8.440685193992167	2.230847627217118	0.23368800491635489	0.30183669833654037	0.3018459420285241	51.0	0.0	0.027370943887142944	0.28538438526295945	2.230847627217118	0.23368800491635489	1.3877787807814457e-16			0.0	0.0	1.0	1.0	0.2537313432835821	0.0	1.0	draw3863	True
-0.019186103321364424	-0.45858859168411836	0.0043463886175629084	0.006620839220509854	0.06334788455536729	0.06340740750577326	160.0	0.0	1.3409881326240987	0.2781589745551888	0.0008942876453329179	0.019511759320458802	4.85722573273506e-17			0.0	1.0	1.0	1.0	0.6986899563318777	0.0	1.0	draw3866	True
-3.0477301422234278	-3.051585657607569	0.000308223462144819	0.0008464172224575129	0.0013364053046046032	0.001336409956269757	132.0	0.0	0.00043817109039948163	0.0006368757312072963	1.2958643826963725e-07	0.0013364053046046032	2.6469779601696886e-23			0.0	1.0	1.0	1.0	0.8	0.0	1.0	draw3867	True
-0.11815181006068654	-0.11815181006068654	0.0030056509167718896	0.008678100964726857	0.10055141745288002	0.10055750712671277	157.0	0.0	0.14344297632776595	9.94612088505582e-07	0.0030056509167718896	0.008678100964726857	1.849919956803392e-18			0.0	1.0	1.0	1.0	0.8722222222222222	0.0	1.0	draw3871	True
-0.5734501833158657	-0.6645350304830132	0.035983491308182805	0.00020226791527798937	0.04007039879971734	0.04008890684152058	240.0	0.0	0.045478070316386565	0.05003859862097105	0.018606101532625884	0.026066931240885202	6.938893903907228e-18			0.0	1.0	1.0	1.0	0.631578947368421	0.0	1.0	draw3873	True
-0.08047942037135858	-2.3030812276588506	0.17040931997706024	0.009008346726306366	0.5810065083006913	0.5811372465403162	204.0	0.0	0.9252454554410757	0.02627131552246911	0.0005429077510829063	0.5810065083006913	3.366955965335844e-19			0.0	1.0	1.0	1.0	0.8717948717948718	0.0	1.0	draw3874	True
-0.35768892188396983	-0.8065888627298475	0.023249526455481354	0.0002950926228497986	0.03432692688362488	0.03434561121434822	226.0	0.0	0.06399990194408009	0.0816745205570414	0.00025992496678944334	0.03432692688362488	4.336808689942018e-19			0.0	1.0	1.0	1.0	0.8339483394833949	0.0	1.0	draw3876	True
-0.12533663012825869	-1.4945353444656617	0.13829210716266385	0.005824038527078702	0.019337806668928193	0.019337844463768142	144.0	0.0	0.20043780284449583	0.0027279572990945816	0.0006856237172988257	0.01932872182089829	2.6867885086906407e-18			0.0	1.0	1.0	1.0	0.8372093023255814	0.0	1.0	draw3878	True
-83.54133161704509	-98.37025308943537	44.74270870488193	0.12586797357542595	0.22924019943318952	0.2292529512124904	98.0	0.0	0.8416021688222138	3.235651789598391e-05	0.19761563656106884	0.22924019943318952	9.309950881508829e-19			0.0	1.0	1.0	1.0	0.5185185185185185	0.0	1.0	draw3879	True
-0.9009354437144896	-0.9009354437144896	0.10442975522625005	0.02154472596556025	0.04560058525937814	0.04560068669828724	55.0	0.0	0.03084213712195324	0.11283051021126199	0.10442975522625005	0.02154472596556025	2.0816681711721685e-17			0.0	0.0	1.0	1.0	0.1791530944625407	0.0	1.0	draw3881	True
-0.15676272904475164	-1.0321820376676054	0.00874733583280973	0.003887976560315807	0.34092229028336	0.340922331517521	203.0	0.0	0.5410585713275631	0.05367360302923389	4.392008923777861e-06	0.34092229028336	5.421010862427522e-19			0.0	1.0	1.0	1.0	0.8942731277533039	0.0	1.0	draw3882	True
-0.107456773663676	-0.18408181607099144	0.008312681710587994	0.005958164281081891	0.031534460877166715	0.03153511058288354	148.0	0.0	0.34630749803855315	0.008436126989156413	1.916748139868735e-05	0.031534460877166715	2.439454888092385e-19			0.0	1.0	1.0	1.0	0.8505747126436781	0.0	1.0	draw3884	True
-5.198242067113306	-7.819371347372819	5.803285195256672	0.13146045977907175	0.2154367444833882	0.21544275537953375	138.0	0.0	0.6930700551251974	0.00011302548224409336	0.006506795583227879	0.2154367444833882	1.5585406229479126e-19			0.0	1.0	1.0	1.0	0.700507614213198	0.0	1.0	draw3885	True
-0.12450298454756835	-0.2599641128766522	0.016717170644815545	0.0016556511619456812	0.028207419605691304	0.028207684359509683	177.0	0.0	0.6620890333051799	0.0017255877343768755	2.1537462609276546e-05	0.028207419605691304	1.2874900798265365e-19			0.0	1.0	1.0	1.0	0.8232558139534883	0.0	1.0	draw3887	True
-2.2759515316317467	-37.95642999920229	75.19749946334422	0.08752980461848393	1.1290435214641343	1.129169900351968	199.0	0.0	0.16295936419682616	0.02544549754001406	0.07680480597642537	1.1290435214641343	1.8865117801247777e-17			0.0	1.0	1.0	1.0	0.8805309734513275	0.0	1.0	draw3888	True
-0.0039599785568543155	-0.1723347202524923	0.005530889959408976	0.006487397622976819	0.08141268371018051	0.08146800645393533	172.0	0.0	1.2402090624813027	0.6980288044749329	0.002180842917418725	0.07864673930916548	2.42861286636753e-17			0.0	1.0	1.0	1.0	0.7166666666666667	0.0	1.0	draw3889	True
-2.854589340256209	-5.07243128396734	1.7183769631650194	0.04358493568760619	0.20282227088918622	0.2028538810248653	156.0	0.0	0.05209088839244447	0.0030673472175286125	0.008665758057812034	0.20282227088918622	7.589415207398531e-19			0.0	1.0	1.0	1.0	0.8342245989304813	0.0	1.0	draw3893	True
-12.365218995836774	-13.521106649258801	0.570613932570349	0.023055965576858902	0.16466161016470351	0.16467089442479949	173.0	0.0	0.01262936554709743	0.006670580740372114	0.007276557003506245	0.16420347999951826	5.421010862427522e-20			0.0	1.0	1.0	1.0	0.8693467336683417	0.0	1.0	draw3894	True
-0.07057985678517033	-0.24108153096623175	0.00730207625940074	0.08217843507626187	0.11639280397190695	0.11639285799859901	132.0	0.0	0.5454548702462699	0.002471481981522817	5.657797889328929e-06	0.11638499210700767	1.0842021724855044e-19			0.0	1.0	1.0	1.0	0.8301886792452831	0.0	1.0	draw3895	True
-0.23347521160354462	-1.4371990992673176	0.030352542372648193	1.4882336325238712e-05	0.007337680269690827	0.007338666730589227	227.0	0.0	0.3319278183394403	0.1416621917823935	6.34024278479202e-05	0.007337680269690827	2.4259023609363162e-17			0.0	1.0	1.0	1.0	0.9007936507936508	0.0	1.0	draw3899	True
-1.155984792441489	-2.5846246778606066	0.2223313687817214	0.0015150105151687107	0.056919749256946574	0.05692057216936927	191.0	0.0	1.7375618622619415	0.06641689014548591	0.0002186786586480357	0.056919749256946574	4.8248690741499456e-17			0.0	1.0	1.0	1.0	0.8925233644859814	0.0	1.0	draw3900	True
-8.481678921434636	-8.481678921434636	3.0893406456198194	0.9303912011863517	1.1437630881574068	1.1437630987309937	38.0	0.0	0.12420806426586561	1.2868971466232442	3.0893406456198194	0.9303912011863517	4.440892098500626e-16			0.0	0.0	1.0	1.0	0.3114754098360656	0.0	1.0	draw3901	True
-0.1427149427816855	-0.15769528078030048	0.0023168159630375155	0.000545556938301773	0.1200927203366268	0.12009274557044541	195.0	0.0	0.004508818673808177	3.2001551840946834e-05	0.000174846987266715	0.0006409799987477207	5.551115123125783e-17			0.0	1.0	1.0	1.0	0.7090909090909091	0.0	1.0	draw3902	True
-0.01561324725889451	-0.07448528836661723	0.00034010563903477057	0.004221345353729714	0.04919151485832991	0.04919633307800285	165.0	0.0	0.8941653973125696	0.021235249532337186	8.978942748225042e-06	0.04919151485832991	1.5543054582116411e-19			0.0	1.0	1.0	1.0	0.873015873015873	0.0	1.0	draw3903	True
-0.5643741939152372	-3.923804740086093	0.01592263183746829	0.04773647627777395	0.38299577599573814	0.38299615513816504	176.0	0.0	0.22166731776101234	0.01985965361780495	1.8466997186288894e-06	0.38299577599573814	4.0657581468206416e-20			0.0	1.0	1.0	1.0	0.8756218905472637	0.0	1.0	draw3904	True
-2.0341869591472412	-2.0341869591472412	1.0003986565327396	0.1371249312238999	0.2248704456660833	0.2249381677356411	37.0	0.0	0.08334132075538433	0.46017110282108076	1.0003986565327396	0.1371249312238999	3.0531133177191805e-16			0.0	0.0	1.0	1.0	0.18592964824120603	0.0	1.0	draw3906	True
-6.188099233409845	-19.69034462071093	36.74887364636673	0.04840467672726401	2.149846048234768	2.1504193112407357	204.0	0.0	0.269550987274526	0.1397985299727764	0.36194634804010745	2.149846048234768	1.6653345369377348e-16			0.0	1.0	1.0	1.0	0.8717948717948718	0.0	1.0	draw3909	True
-0.6401834563205695	-2.8850814752050953	1.3417588782164755	0.12431159912444811	0.8988961493716483	0.8988993877975168	158.0	0.0	0.6340182499851759	0.002204614965264524	0.0035844311619617915	0.8988961493716483	1.951563910473908e-18			0.0	1.0	1.0	1.0	0.8315789473684211	0.0	1.0	draw3912	True
-0.4757660602055943	-0.4757660602055943	0.11111708680405938	0.15142334974769653	0.5940128023964844	0.5940214530175352	46.0	0.0	0.5174465054915083	0.7243181420159132	0.11111708680405938	0.15142334974769653	5.551115123125783e-16			0.0	0.0	1.0	1.0	0.22660098522167488	0.0	1.0	draw3913	True
0.06372389985926981	-4.770455575669621	0.06918184719413652	0.00897611705143677	0.013945112430821062	0.013945263659755501	120.0	1.0	1.0796940551296699	0.000705204015299409	0.00015421063522263966	0.013945112430821062	1.3247595295057257e-18	0.013945112430821062	0.00015421063522263966	0.0	1.0	1.0	1.0	0.7692307692307693	0.0	1.0	draw3914	True
-0.03217869042701515	-0.053472817164836456	0.0005702049089760893	0.009123240606011312	0.01904850573948888	0.019048505739563158	139.0	0.0	0.501821976125617	0.004878190446469208	4.9756423159331674e-06	0.019012081460749567	1.4907779871675686e-19			0.0	1.0	1.0	1.0	0.852760736196319	0.0	1.0	draw3915	True
-16.61727648914425	-23.884276492367935	0.7923041507450795	0.02755021347807228	0.03198443297464899	0.03198454931747408	47.0	0.0	0.7732113477804257	6.428217722493891e-06	0.002793913512623339	0.03198443297464899	1.2197274440461925e-19			0.0	1.0	1.0	1.0	0.27976190476190477	0.0	1.0	draw3916	True
-2.2640473407568815	-2.2640473407568815	0.01657391608711773	0.02656875885195826	0.035190029428147016	0.03519010706708863	79.0	0.0	0.010090995773581779	0.6266023027607478	0.01657391608711773	0.02656875885195826	2.42861286636753e-17			0.0	0.0	1.0	1.0	0.395	0.0	1.0	draw3918	True
-0.05477839187761963	-0.08719857791615493	0.0018776432094722091	0.003396524869771552	0.035354339098445035	0.0353543928153854	170.0	0.0	1.3254793915623895	0.08887160792214503	2.720459277691667e-06	0.035354339098445035	2.2768245622195593e-18			0.0	1.0	1.0	1.0	0.8762886597938144	0.0	1.0	draw3919	True
-0.6228744054073043	-1.241371442187229	0.32798343495720367	0.006270547733019518	0.35899646128171225	0.3589983203844329	208.0	0.0	0.4411639150184867	0.1225133574652877	0.08296005955812287	0.25229582127514655	1.3877787807814457e-16			0.0	1.0	1.0	1.0	0.7849056603773585	0.0	1.0	draw3922	True
1.6932553348009325	-21.19219954490659	3.8161954668657176	0.03764052123581677	0.43320649152154367	0.43330527673720415	163.0	22.0	1.3026743486322951	0.08491604431226459	0.306827490403098	0.4212478059801462	3.3306690738754696e-16	0.3589787939857315	1.5465243710367533	0.0	1.0	1.0	1.0	0.8274111675126904	0.0	1.0	draw3923	True
-1.5643806579278874	-10.486322559589931	12.477963237076066	0.014757311713263319	0.43729732281187605	0.43734834809301915	204.0	0.0	0.1299717471141542	0.03989522444069172	0.023640757287626248	0.43729732281187605	6.938893903907228e-18			0.0	1.0	1.0	1.0	0.8680851063829788	0.0	1.0	draw3924	True
0.2810100421730605	-8.976799091908417	0.008160683884320822	0.2220620180806562	0.29030234952699824	0.29036182969867375	43.0	6.0	5.526463865790719	0.15701318453275392	0.0011350254913614784	0.29030234952699824	1.3877787807814457e-16	0.2864569023825177	0.013037732373807192	0.0	0.0	1.0	0.0	0.2097560975609756	0.0	1.0	draw3925	True
-2.525630102134157	-3.459955958975234	0.08260590875587759	0.022617113707414847	0.12061411266653853	0.12061591662700355	160.0	0.0	0.039554313352642145	0.0050240411526458915	0.00020211921006357722	0.12056910496769171	3.091670257478196e-20			0.0	1.0	1.0	1.0	0.8602150537634409	0.0	1.0	draw3926	True
-0.5551470128111409	-0.636332888733571	0.0006803863723370418	6.344602950434384e-05	0.010191774234539878	0.010194554060211173	209.0	0.0	0.020250325495381916	0.3747120017360812	2.3002063176134525e-05	0.010191774234539878	1.0842021724855044e-19			1.0	0.0	1.0	1.0	0.8228346456692913	0.0	1.0	draw3928	True
-1.2318626993365451	-1.4281505588701247	0.10169921270897452	0.07822556470847904	0.11079733782682154	0.1107973699187997	128.0	0.0	0.07731348400429121	0.00034040851478975173	0.0007138134979367577	0.11063998199820899	5.421010862427522e-20			0.0	1.0	1.0	1.0	0.810126582278481	0.0	1.0	draw3929	True
-1.1616896359854794	-32.9237862323954	38.240042143117	0.627240033812536	2.019979156593395	2.0200365348665152	162.0	0.0	0.3276678913276691	0.0002600363294207015	0.025024169501042918	2.019979156593395	6.776263578034403e-20			0.0	1.0	1.0	1.0	0.7605633802816901	0.0	1.0	draw3930	True
-0.1411128669754166	-0.14580026737335847	0.003574310720468895	0.0005503183888301966	0.05786719979292222	0.057867791077213064	202.0	0.0	0.5461140584180002	0.11752354023195336	0.002104193197055324	0.05541273928805293	7.968885967768458e-18			0.0	1.0	1.0	1.0	0.8938053097345132	0.0	1.0	draw3934	True
-0.3096475570406094	-0.3096475570406094	0.02272312597422719	0.009682614537261824	0.23933424732915612	0.23940562141344973	161.0	0.0	0.08735278663286448	9.996091965702984e-07	0.02272312597422719	0.009682614537261824	4.672233737054721e-18			0.0	1.0	1.0	1.0	0.8702702702702703	0.0	1.0	draw3935	True
-0.44311619638298205	-3.0942730440623722	0.130070725096708	0.005145018136309008	0.18853718748961742	0.18856505190931422	208.0	0.0	0.16843194534724906	0.1606014317748682	0.00023659660693876658	0.18853718748961742	8.673617379884035e-19			0.0	1.0	1.0	1.0	0.896551724137931	0.0	1.0	draw3936	True
-0.03493031983245268	-0.13840101240304514	0.0031298595300406798	0.0006396784557039662	0.00901315568706205	0.009015577280991657	194.0	0.0	0.12171512013972932	0.007468483574303986	0.0006020593920177852	0.004377613743613984	6.071532165918825e-18			0.0	1.0	1.0	1.0	0.7265917602996255	0.0	1.0	draw3940	True
-1.2440921518128571	-3.457651396317238	1.7675801628326013	0.018138068650497018	0.2050045966854227	0.2050050853363715	176.0	0.0	0.10988199285587219	0.005042551542037945	0.0005668480735875655	0.2050045966854227	6.543858913131504e-19			0.0	1.0	1.0	1.0	0.8627450980392157	0.0	1.0	draw3941	True
-0.4185497650224022	-0.43824926275425863	0.004327097564515476	0.013277290329387938	0.024956517263660945	0.024956567175151947	132.0	0.0	0.05811544988188642	0.0006245205741555799	3.777953182831759e-05	0.02491861824243971	1.3552527156068805e-20			0.0	1.0	1.0	1.0	0.8148148148148148	0.0	1.0	draw3945	True
-0.06222414859083915	-0.06222414859083915	0.0009138460266934511	0.009130251548768205	0.05600993046017387	0.056045337498095614	141.0	0.0	0.3407572602703046	9.972248583346713e-07	0.0009138460266934511	0.009130251548768205	2.981555974335137e-19			0.0	1.0	1.0	1.0	0.8493975903614458	0.0	1.0	draw3946	True
-0.6395325207140508	-4.502161994646597	3.0496913322390458	0.1016320644297187	0.606202978007236	0.6062571579732605	166.0	0.0	0.5824791533437843	0.0011018174279995496	0.006170295010505496	0.606202978007236	1.8973538018496328e-19			0.0	1.0	1.0	1.0	0.8097560975609757	0.0	1.0	draw3947	True
-0.17535415684747152	-0.1955826948132128	0.005223676188153689	0.006955807952069348	0.029533945519488763	0.029534195977718374	158.0	0.0	2.2648282667649515	0.02150541387973974	6.469052111630034e-06	0.029533945519488763	3.3068166260807885e-18			0.0	1.0	1.0	1.0	0.8586956521739131	0.0	1.0	draw3950	True
-0.06920251958741075	-0.09918718014798752	0.00022232751303816954	0.19045774418284167	0.19989440208823647	0.1998945480665708	50.0	0.0	1.0471661047708962	0.001622566300940264	1.9369148225631534e-05	0.19989440208823647	8.809142651444724e-20			0.0	0.0	1.0	0.0	0.28901734104046245	0.0	1.0	draw3951	True
-0.01583531768958042	-0.02691088314883927	0.00017460505130367101	0.001579776403834903	0.0038623246188285157	0.003862347110772142	137.0	0.0	0.2426774239975182	0.0025893364994609837	1.4773375354793388e-07	0.0038623246188285157	3.5310685988663645e-20			0.0	1.0	1.0	1.0	0.8303030303030303	0.0	1.0	draw3952	True
-0.36734119499039003	-0.816555678845266	0.017874826431679043	0.12450868488817103	0.1670758250353443	0.16707601342199085	128.0	0.0	0.18189706221256127	0.0009363569937217077	4.2862331692590024e-06	0.1670758250353443	1.6940658945086007e-20			0.0	1.0	1.0	1.0	0.8050314465408805	0.0	1.0	draw3953	True
-0.05845310513741358	-2.817176278632227	0.12165375545576017	0.02840423072654119	0.23707930034445027	0.23707986271589052	179.0	0.0	0.40909356948516723	0.0016931548128515772	4.781476879240364e-05	0.23707930034445027	6.569137552651125e-20			0.0	1.0	1.0	1.0	0.817351598173516	0.0	1.0	draw3956	True
-0.31722001365064667	-0.7153354819111849	0.09521397186387989	0.015778309764561228	0.291487003034512	0.2914896553426881	169.0	0.0	2.0959821660961455	0.10746869051512088	0.0003334580343470007	0.291487003034512	2.7755575615628914e-17			0.0	1.0	1.0	1.0	0.8802083333333334	0.0	1.0	draw3957	True
-1.6755878688458299	-1.6755878688458299	6.628399594014289e-05	0.004804799398168708	0.015620916596468316	0.015623271981785012	115.0	0.0	0.0035165775476061548	0.3747655550986827	6.628399594014289e-05	0.004804799398168708	8.673617379884035e-18			0.0	0.0	1.0	0.0	0.625	0.0	1.0	draw3958	True
-0.3048590480096119	-0.40616845774065824	0.027790990850325634	0.004927021098827852	0.14829584909421173	0.1483268744030221	175.0	0.0	1.4485787664200078	0.25549711668330816	0.0017365145081571763	0.14829584909421173	5.551115123125783e-17			0.0	1.0	1.0	1.0	0.8578431372549019	0.0	1.0	draw3959	True
-1.1317020205847093	-10.640654666344325	0.029419648053818	0.007294304488095956	0.4397409693631738	0.4397410165471135	222.0	0.0	0.12019407213407297	0.2123452851507253	5.700949227465455e-06	0.4397409693631738	2.710505431213761e-19			0.0	1.0	1.0	1.0	0.891566265060241	0.0	1.0	draw3960	True
-2.103038057742965	-2.103038057742965	0.08366981984501091	0.017660883782960726	0.03397088537389695	0.033971063833612015	128.0	0.0	0.388926046999381	9.91394325272431e-07	0.08366981984501091	0.017660883782960726	1.9269999550035333e-19			0.0	1.0	1.0	1.0	0.7441860465116279	0.0	1.0	draw3961	True
-0.8252759838004484	-16.448675710684	43.76073259306628	0.09753887950399587	0.7076135906729731	0.7076570145571535	195.0	0.0	0.5538921317677613	0.07366823302633334	0.010445953351606424	0.7076135906729731	4.163336342344337e-17			0.0	1.0	1.0	1.0	0.8944954128440367	0.0	1.0	draw3963	True
-0.060691504713809775	-0.9281383856922452	0.03963015821953047	0.020881772230338505	0.27020075463906323	0.2702313132085948	171.0	0.0	0.5077431753081929	0.005972561751316007	0.0003785119351661356	0.27020075463906323	1.0164395367051604e-19			0.0	1.0	1.0	1.0	0.8465346534653465	0.0	1.0	draw3965	True
-7.192083794218891	-16.84125726303089	64.98131108442551	0.050793278561519634	0.8486023422894207	0.8486024020352013	188.0	0.0	0.3463572606542883	0.0007275713128976701	0.9780737871253067	0.8448930794193685	2.574980159653073e-18			0.0	1.0	1.0	1.0	0.7932489451476793	0.0	1.0	draw3967	True
-0.7711722368949794	-0.7711722368949794	0.0005353532609999292	0.0004369180294074466	0.0683370840646116	0.06834390607090032	235.0	0.0	0.0005670752522940062	9.991118251021182e-07	0.0005353532609999292	0.0004369180294074466	2.981555974335137e-19			0.0	1.0	1.0	1.0	0.8545454545454545	0.0	1.0	draw3970	True
-0.06437768369311417	-0.06437768369311417	0.00032867768572938694	0.01234413770791616	0.05762282552877271	0.05762282758855674	141.0	0.0	0.26998725376061267	9.848164247846629e-07	0.00032867768572938694	0.01234413770791616	4.743384504624082e-19			0.0	1.0	1.0	1.0	0.8545454545454545	0.0	1.0	draw3971	True
-6.787264403023331	-34.57478384383363	81.52300978699583	0.09169653388099966	2.791099214279233	2.7912729336257627	175.0	0.0	0.8278791805294419	0.2451724392955255	0.4212147552326595	2.791099214279233	1.3322676295501878e-15			0.0	1.0	1.0	1.0	0.8883248730964467	0.0	1.0	draw3972	True
-0.9583635903570566	-1.258552774758523	0.08504938357401863	0.0005855082626500158	0.04993588215492639	0.0499414960735714	198.0	0.0	1.2274845743639067	0.0711905477805907	0.0007602494201092813	0.04993588215492639	6.635317295611287e-17			0.0	1.0	1.0	1.0	0.8918918918918919	0.0	1.0	draw3974	True
-0.08055746115702016	-2.222140782362048	0.09176238394817028	0.035295355830999485	0.49647596558348944	0.4965456437369912	176.0	0.0	0.6125186588876661	0.0028272206002453388	0.0007000419116718047	0.49647596558348944	3.8963515573697816e-20			0.0	1.0	1.0	1.0	0.8301886792452831	0.0	1.0	draw3983	True
-0.26379933713412573	-27.29524284276628	16.884292203808624	0.02832093395262739	0.6814314622788655	0.6815105670190855	186.0	0.0	0.8626544733303478	0.13210133447987213	1.0175979681524738	0.49822777441076793	4.996003610813204e-16			0.0	1.0	1.0	1.0	0.788135593220339	0.0	1.0	draw3985	True
-0.34640314646713	-10.181036245034976	1.5856445494805567	0.01579355884157236	1.1370231957750923	1.137026431792779	169.0	0.0	1.3146376001469002	0.31985218371877394	0.028293139614491147	1.1370231957750923	8.881784197001252e-16			0.0	1.0	1.0	1.0	0.7544642857142857	0.0	1.0	draw3988	True
-0.029908609156164792	-0.05679440996386685	0.0008002188340080861	0.0006372158191119776	0.0034682359946533736	0.0034684042770729596	151.0	0.0	0.12886276681749617	0.004160101393244511	2.2308969353161297e-06	0.0034682359946533736	3.8963515573697816e-20			0.0	1.0	1.0	1.0	0.8435754189944135	0.0	1.0	draw3994	True
-0.05553638460252855	-0.1480407501893004	0.0042674162200421984	0.00604404790912337	0.04151543899400067	0.04151564338521992	163.0	0.0	0.46335942400958424	0.0220863872986777	0.00011230318555652368	0.040998433307261044	1.734723475976807e-18			0.0	1.0	1.0	1.0	0.8534031413612565	0.0	1.0	draw3995	True
-0.18156627327868632	-0.7543611585511008	0.10925489388250319	0.02068445780149667	0.08170887320775574	0.08171765357023296	171.0	0.0	0.2894198815869164	0.023961670777348208	0.009469429923873226	0.06508118434720332	2.7755575615628914e-17			0.0	1.0	1.0	1.0	0.7402597402597403	0.0	1.0	draw3996	True
-0.17328906497669555	-1.2497333176803664	0.37425644887852205	0.00036068098312289456	0.22996176651859335	0.23009709577503862	231.0	0.0	0.7789520466017185	0.16576349248996222	0.0024886166195889512	0.22996176651859335	2.7755575615628914e-17			0.0	1.0	1.0	1.0	0.8587360594795539	0.0	1.0	draw3998	True
-0.08349058635696348	-10.311129061456363	0.1917704281522698	0.011843530441798365	0.05783184586815916	0.0578355715433375	146.0	0.0	1.7483303540233939	0.3100461848141392	7.50865262137402e-05	0.05783184586815916	5.551115123125783e-17			0.0	1.0	1.0	1.0	0.8690476190476191	0.0	1.0	draw4000	True
-1.3019159969226732	-1.3315965956046651	0.033747041801538924	0.00015963853412537447	0.046999767836458914	0.04701518934387549	246.0	0.0	0.0367882212628219	0.13240266130401201	0.0006654109115994763	0.046999767836458914	4.336808689942018e-19			0.0	1.0	1.0	1.0	0.831081081081081	0.0	1.0	draw4002	True
-0.7267611621544431	-7.3494387087287585	1.241970508784493	0.01873382354664425	0.6196421211661419	0.6197723598442975	201.0	0.0	0.21485323555056454	0.047422469565917044	0.0034139960586262257	0.6196421211661419	1.0570971181733668e-18			0.0	1.0	1.0	1.0	0.8701298701298701	0.0	1.0	draw4004	True
-22.544780625464657	-22.544780625464657	6.5953705362113055	0.34106855274053144	0.725322783271145	0.7253672824400308	59.0	0.0	0.016380089396677976	0.4644181495012742	6.5953705362113055	0.34106855274053144	2.220446049250313e-16			0.0	0.0	1.0	1.0	0.32065217391304346	0.0	1.0	draw4007	True
-0.5259186395507615	-0.5572399572305836	0.03216334041918413	6.671897177891547e-05	0.09819658099255052	0.09829555426623886	253.0	0.0	0.2247776861452319	0.30214257289805513	0.0018752114053141207	0.09819658099255052	6.938893903907228e-18			0.0	1.0	1.0	1.0	0.8187702265372169	0.0	1.0	draw4008	True
-0.0774245710045407	-0.7687396401539573	0.032270196434102415	0.004513971192469657	0.11725122278647619	0.1172639420579096	179.0	0.0	0.33079404079377145	0.01440204410372101	0.01863605002106341	0.021602168158989733	8.326672684688674e-17			0.0	1.0	1.0	1.0	0.7103174603174603	0.0	1.0	draw4011	True
-2.115530469130218	-9.045156298616101	12.99393360630536	0.011834512121173275	0.46980653764550745	0.4700696410025157	203.0	0.0	1.1352136366029213	0.14730777569099326	0.06727694509307501	0.46980653764550745	2.220446049250313e-16			0.0	1.0	1.0	1.0	0.8826086956521739	0.0	1.0	draw4012	True
-2.2771181327798	-3.525445045302429	0.5716603253404646	0.028645511226317907	0.22821506584571302	0.22823077652858295	167.0	0.0	0.08074639431460769	0.009250209151368028	0.0015248640021743726	0.22821506584571302	2.846030702774449e-19			0.0	1.0	1.0	1.0	0.8564102564102564	0.0	1.0	draw4013	True
-16.831361664632425	-18.723182612326838	0.9734169107056772	0.0633317813428293	0.06818570946009832	0.0681906475009045	28.0	0.0	0.7022223161662168	2.8909022216973834e-06	0.02599448477098812	0.06818570946009832	3.7480380735390237e-20			0.0	1.0	1.0	1.0	0.16279069767441862	0.0	1.0	draw4014	True
-5.926104103089097	-12.042031932833698	0.6529299478467273	0.012973099500151405	0.8121390772009264	0.8121477940294669	212.0	0.0	0.09736988975615024	0.15664462917094324	0.0016013572364883184	0.8121390772009264	3.0357660829594124e-18			0.0	1.0	1.0	1.0	0.8446215139442231	0.0	1.0	draw4015	True
-0.7831600158809924	-1.5827871427888898	0.6037046760627333	0.006739017114430169	0.5327791823161723	0.5329791774142039	203.0	0.0	0.9152987624255321	1.4320603050469982	0.010935492310426459	0.5327791823161723	3.885780586188048e-16			0.0	1.0	1.0	1.0	0.7837837837837838	0.0	1.0	draw4016	True
-0.7073078659118761	-2.3639023713646994	0.24173318238483293	0.015061226189046569	0.06379634324145637	0.06380507752216612	151.0	0.0	0.7447063029365202	0.025054849006584425	0.001791175345323532	0.06379634324145637	1.3322557710889263e-17			0.0	1.0	1.0	1.0	0.8579545454545454	0.0	1.0	draw4017	True
-0.02954150124120143	-0.5251230698985135	0.04352391545766939	0.013162503076012133	0.06824759818066019	0.0682480903512111	165.0	0.0	0.8086885717222285	0.22217898446255407	0.0033856161701873817	0.0656320152687696	5.204170427930421e-17			0.0	1.0	1.0	1.0	0.7857142857142857	0.0	1.0	draw4019	True
-0.5600661682487904	-0.5631441895140914	0.0014063619058702903	0.0050842524902016215	0.008063481858001344	0.008063518096031124	172.0	0.0	0.009494964274743126	3.082638505946641e-05	5.5848719496037976e-05	0.005383351139800101	1.734723475976807e-18			0.0	1.0	1.0	1.0	0.5910652920962199	0.0	1.0	draw4021	True
-0.01963967056219343	-0.10061672523465902	0.0010016143724100811	0.003824317536809293	0.007967109204960089	0.007967122126087403	134.0	0.0	0.6971446849650411	0.004967820681397369	1.890801447545454e-05	0.007950455992820751	1.043544591017298e-18			0.0	1.0	1.0	1.0	0.8427672955974843	0.0	1.0	draw4022	True
-0.7653981853646159	-6.125574347008017	0.9950371707072657	0.004107603635686685	0.43630338526212664	0.436416325827094	181.0	0.0	0.5034861440050696	0.2749032540423303	0.04375211167908253	0.43630338526212664	1.1102230246251565e-16			0.0	1.0	1.0	1.0	0.7154150197628458	0.0	1.0	draw4026	True
-0.7007893471648297	-2.5434123090752583	0.08925070067923424	0.006155028087427583	0.6964395677927346	0.6969495813792923	215.0	0.0	0.38600773100340224	0.539942685826959	0.06277990564351267	0.5442706556365585	1.3877787807814457e-16			0.0	1.0	1.0	1.0	0.899581589958159	0.0	1.0	draw4027	True
-0.3315554740566898	-0.5495433417222466	0.039202197439790115	0.00016438720710549982	0.0336752949141494	0.03368425698626833	212.0	0.0	0.27447350645978624	0.260455175267347	0.0012892225122619584	0.03359736457358933	1.9949319973733282e-17			0.0	1.0	1.0	1.0	0.828125	0.0	1.0	draw4028	True
-0.12434942605669841	-20.449595743094655	2.431923151081497	0.0006891455253749691	2.9748021348052465	2.9749544136733563	236.0	0.0	1.1071883833586424	0.31003557043243657	5.922126814985808	1.2603825521500716	1.9984014443252818e-15			0.0	1.0	1.0	1.0	0.7919463087248322	0.0	1.0	draw4029	True
-0.08026197319503045	-0.30316236486665105	0.013603368012660882	0.012277455537737696	0.11037797260010099	0.11038249572435357	165.0	0.0	0.6452440445166998	0.019625305238351196	0.0001192891992042663	0.11037797260010099	6.369687763352339e-19			0.0	1.0	1.0	1.0	0.859375	0.0	1.0	draw4031	True
-0.2765482551804929	-12.074048856701445	2.991921200394962	0.04749604771922717	2.8081704061247317	2.808541676434121	205.0	0.0	1.1541713511147593	0.014143130003503914	0.005548504531737807	2.8081704061247317	1.3010426069826053e-18			0.0	1.0	1.0	1.0	0.8613445378151261	0.0	1.0	draw4032	True
-0.09982815074342058	-0.09982815074342058	0.002112779904136297	0.05884817698315226	0.19635459792607052	0.19635697067323732	42.0	0.0	0.8596819426266729	0.430267151799016	0.002112779904136297	0.05884817698315226	2.7755575615628914e-16			0.0	0.0	1.0	0.0	0.1990521327014218	0.0	1.0	draw4034	True
-0.11119706831710863	-0.11724187407802969	0.001742345869087424	0.007745812089927286	0.02354845937662102	0.02354849664827428	142.0	0.0	0.22794588673225372	0.0018804277759102452	4.2173495826658984e-05	0.02338125919072541	5.421010862427522e-20			0.0	1.0	1.0	1.0	0.8452380952380952	0.0	1.0	draw4038	True
-2.601581356636354	-2.601581356636354	0.030462221909598006	0.04074260871994591	0.05838241593833609	0.05839032316609343	50.0	0.0	0.015779702085479387	2.3158099617055163	0.030462221909598006	0.04074260871994591	1.3877787807814457e-17			0.0	0.0	1.0	1.0	0.3246753246753247	0.0	1.0	draw4039	True
-0.3002368646076531	-0.517933026315174	0.06699457734084982	0.0026264255724503904	0.12168779841292154	0.12169650610888491	195.0	0.0	0.7727403950054048	0.42890744753412374	0.000540336599410644	0.12168779841292154	2.0816681711721685e-17			0.0	1.0	1.0	1.0	0.8369098712446352	0.0	1.0	draw4041	True
-0.2713428626454203	-2.055942515063093	0.004806111524955685	0.016400422736094013	0.11687034962643701	0.11687246474431456	172.0	0.0	0.09089114654170188	0.03633177404738195	1.1352936325006755e-05	0.11687034962643701	5.421010862427522e-20			0.0	1.0	1.0	1.0	0.8730964467005076	0.0	1.0	draw4042	True
-0.14040107762251383	-0.14040107762251383	0.00025102570435523434	0.0003811361001851371	0.006569394674316666	0.006570515565015966	148.0	0.0	0.34950433414329035	9.829545146095608e-07	0.00025102570435523434	0.0003811361001851371	8.218252467440124e-17			0.0	1.0	1.0	1.0	0.8705882352941177	0.0	1.0	draw4043	True
-0.038422614444022306	-0.13324630300145693	0.0009259639395706713	0.009774287232964396	0.05132957271492989	0.0513349936078828	157.0	0.0	0.578980190892862	0.023430529177620556	5.74962360320973e-06	0.05132957271492989	6.437450399132683e-20			0.0	1.0	1.0	1.0	0.8722222222222222	0.0	1.0	draw4045	True
-0.2900379060673876	-1.0683360575891627	0.15221783227783042	0.024607150488687706	0.151377886518587	0.15142447016755647	160.0	0.0	1.2605185413721318	0.13988354386614124	0.0019173202652107342	0.151377886518587	2.42861286636753e-17			0.0	1.0	1.0	1.0	0.8648648648648649	0.0	1.0	draw4046	True
-1.7971973092681908	-5.1288328275872255	0.7364709203792682	0.09064647365819667	0.19711544997638078	0.19711887910949383	145.0	0.0	0.049385647559625434	0.0015524412064253869	0.00047671196014325234	0.19711544997638078	9.370301979000698e-20			0.0	1.0	1.0	1.0	0.8285714285714286	0.0	1.0	draw4047	True
-0.10249027451237262	-0.10249027451237262	0.0008422459379339352	0.001034876692577321	0.02449139185350011	0.02449871399459734	180.0	0.0	0.011110554437238702	9.978242498794067e-07	0.0008422459379339352	0.001034876692577321	5.421010862427522e-19			0.0	1.0	1.0	1.0	0.8372093023255814	0.0	1.0	draw4049	True
-0.35383795262037643	-7.321423424709279	8.977203599916121	0.030297842532929685	0.29162207860125317	0.2916478643469524	183.0	0.0	0.5337074720353716	0.06752593868400324	0.011867285564163676	0.29162207860125317	2.7755575615628914e-17			0.0	1.0	1.0	1.0	0.8356164383561644	0.0	1.0	draw4052	True
-0.16271762037383874	-0.41286843315237787	0.010133999104358193	0.00741011617978597	0.030679165763671846	0.030681199999868163	136.0	0.0	0.8451770568787413	0.012555303621232935	0.0001792321532623663	0.030679165763671846	6.215527766952056e-18			0.0	1.0	1.0	1.0	0.85	0.0	1.0	draw4053	True
-0.32087081296819864	-0.5528712970705457	0.0738781060763419	0.002291365009428786	0.0765054421971083	0.07652946254361351	184.0	0.0	0.22912776608972707	0.025190538503771787	0.0013198848773504862	0.0765054421971083	2.168404344971009e-18			0.0	1.0	1.0	1.0	0.8440366972477065	0.0	1.0	draw4054	True
-4.7808157714868615	-19.082098201078093	32.72947562888605	0.004570024566328703	3.1547515264783224	3.154785680722389	223.0	0.0	0.7219004217110243	0.7063271733598826	3.0993222054641554	3.074102244851428	1.7763568394002505e-15			0.0	1.0	1.0	1.0	0.832089552238806	0.0	1.0	draw4055	True
-0.24621524097838843	-0.24742705479890081	0.01116604473576783	0.0003156374107401285	0.026505649118317185	0.026528698105702384	196.0	0.0	0.05534598497697609	0.00028914505965437	0.011574852172218049	0.003413561429005293	3.026618127129066e-17			0.0	1.0	1.0	1.0	0.8412017167381974	0.0	1.0	draw4056	True
-4.328515891988125	-4.328515891988125	0.010839429981070015	0.008946826456784275	0.01008028893542461	0.010080406502322522	50.0	0.0	0.018919434694212048	0.6097244177853584	0.010839429981070015	0.008946826456784275	3.2959746043559335e-17			0.0	0.0	1.0	1.0	0.30120481927710846	0.0	1.0	draw4057	True
-1.9321363369668814	-3.63659903722516	0.47831061446294204	0.007696569538756091	0.1426613177586459	0.14267244191097087	190.0	0.0	0.05539089282808424	0.02150267080024585	0.0021305817021401987	0.1426613177586459	8.944667923005412e-19			0.0	1.0	1.0	1.0	0.852017937219731	0.0	1.0	draw4058	True
0.006607998608485106	-0.6609427652528638	0.0017785424295989518	0.00040718917067932535	0.010743592321405862	0.010745768664093651	166.0	10.0	1.825917388372307	0.31481832138417837	4.285794169479837e-06	0.010743592321405862	6.938893903907228e-18	0.010380907244195003	9.582803398459825e-05	0.0	1.0	1.0	1.0	0.8426395939086294	0.0	1.0	draw4060	True
-0.04194418465195622	-2.437121773821334	0.007805787642344015	0.019054787714908806	0.09485340954638033	0.094854047331331	87.0	0.0	1.8330522137616765	0.5219157224029175	0.0023235993362830014	0.05763686867007704	8.326672684688674e-17			0.0	0.0	1.0	0.0	0.37339055793991416	0.0	1.0	draw4061	True
-0.1745864169182997	-1.3250165333050452	0.0726257585859113	0.0114106490862514	0.04832047564373375	0.04832230623765732	141.0	0.0	0.706640376185136	0.011379532514605899	0.0004958263461209984	0.04832047564373375	6.0308745844506184e-18			0.0	1.0	1.0	1.0	0.8493975903614458	0.0	1.0	draw4062	True
-0.2515314317609757	-0.5068912795094022	0.0009564321459238673	0.0025948069259330527	0.1602610963562972	0.16034878471077899	197.0	0.0	0.42859593581466776	0.15526669282511346	3.5966976642266375e-05	0.1602610963562972	1.8973538018496328e-19			0.0	1.0	1.0	1.0	0.8678414096916299	0.0	1.0	draw4065	True
-0.29414001092258796	-2.10774050143608	0.22253824264223085	0.0015122380919714382	0.06580044525460653	0.06580099842425122	186.0	0.0	0.5487598974982728	0.23021375631479374	0.00010150724584564751	0.06580044525460653	3.469446951953614e-17			0.0	1.0	1.0	1.0	0.8857142857142857	0.0	1.0	draw4066	True
-0.24805519213443922	-0.4293674793080775	0.04600476484433134	0.0017822133203343998	0.017218038172288685	0.01721914975214255	162.0	0.0	0.07305532325484586	0.001543186409272436	0.00012464744994905238	0.017218038172288685	2.710505431213761e-20			0.0	1.0	1.0	1.0	0.8350515463917526	0.0	1.0	draw4068	True
-0.02635473287109109	-0.4201275179828867	0.011426800965590607	0.006020391626879539	0.012734821477543522	0.012734821839659488	147.0	0.0	0.2736166682862984	0.0011839781740332661	0.00034928296744881916	0.008702452397217867	5.2909066017292616e-17			0.0	1.0	1.0	1.0	0.7386934673366834	0.0	1.0	draw4070	True
-0.773925902333996	-6.278856456096233	0.4219548390576556	0.0050393647140713725	0.18536909905390145	0.18536968905928142	213.0	0.0	0.08378691711214532	0.0326740454947934	0.00013690139992804013	0.18536909905390145	5.55653613398821e-19			0.0	1.0	1.0	1.0	0.891213389121339	0.0	1.0	draw4073	True
-0.1625231739815852	-0.16594985078830826	0.0024849294551168378	1.961631374199666e-05	0.010471313216740694	0.01047556066024272	249.0	0.0	0.04507123004131812	0.01949740334758251	0.0013521421024920203	0.006621256017707977	5.861467994999758e-19			0.0	1.0	1.0	1.0	0.8615916955017301	0.0	1.0	draw4074	True
-0.01939591067976643	-0.4195870513646738	0.009958799263026816	0.03740206638076798	0.1048231403259989	0.10482361417898113	149.0	0.0	0.4215438264126699	0.007450671367076502	4.6125218178998016e-06	0.1048231403259989	6.776263578034403e-20			0.0	1.0	1.0	1.0	0.8514285714285714	0.0	1.0	draw4076	True
-0.7104670313670611	-0.7250346277072763	0.005002132682569099	0.011719267376120081	0.018946105792482806	0.018946113751961736	129.0	0.0	0.026245466460297653	0.00024080279705222693	5.0261995406779686e-05	0.01890887851209027	3.8116482626443515e-21			0.0	1.0	1.0	1.0	0.8012422360248447	0.0	1.0	draw4077	True
-5.201821755608538	-11.072045461328207	11.250528570588656	0.174267961261267	0.23577034145955877	0.23577042003677293	94.0	0.0	0.2480743178250813	3.228765776779965e-05	0.0027492605543018704	0.23577034145955877	8.131516293641283e-20			0.0	1.0	1.0	1.0	0.5340909090909091	0.0	1.0	draw4078	True
-0.11287779586532998	-6.687562176166406	0.9463474684291852	0.08275478504619203	0.3141420907673453	0.31414436680700414	186.0	0.0	0.48657226926272545	0.01686509928629172	0.00010698423702832328	0.3141420907673453	8.673617379884035e-19			0.0	1.0	1.0	1.0	0.8691588785046729	0.0	1.0	draw4080	True
-0.15515414817340498	-0.15515414817340498	7.058730290383424e-05	0.0001315083869040302	0.0004517846737042944	0.00045178481812472064	120.0	0.0	0.01000728577722919	0.10390448073102783	7.058730290383424e-05	0.0001315083869040302	2.6020852139652106e-18			0.0	0.0	1.0	1.0	0.449438202247191	0.0	1.0	draw4081	True
-0.5468952851163715	-0.6474597014594998	0.006853687193514439	0.0007152220335643499	0.012129931531821396	0.012130161539423721	190.0	0.0	0.02053262632776765	0.008400779454278962	8.731848025148213e-06	0.012129931531821396	2.0328790734103208e-20			0.0	1.0	1.0	1.0	0.8755760368663594	0.0	1.0	draw4082	True
-0.026296395459962055	-4.6200306377323646	0.46940204748407816	0.038677204261504214	1.8768039180778506	1.8768140091521095	187.0	0.0	2.1418731685785772	0.22637766816786214	0.17519470794984648	0.25799244848763836	8.881784197001252e-16			0.0	1.0	1.0	1.0	0.751004016064257	0.0	1.0	draw4083	True
-0.020199045810070246	-1.7908278218792129	0.460033791209805	0.06409170010747238	0.22260360451001374	0.22260838679123174	154.0	0.0	1.00335994311196	0.057451682790156854	0.008449670635293515	0.22046130575884626	5.724587470723463e-17			0.0	1.0	1.0	1.0	0.8603351955307262	0.0	1.0	draw4084	True
-0.046065611953217234	-0.046065611953217234	5.201145480190135e-05	0.003740354422986839	0.00810946122027479	0.00810951942223207	132.0	0.0	0.09280076841722458	9.96027331201114e-07	5.201145480190135e-05	0.003740354422986839	1.2705494208814505e-21			0.0	1.0	1.0	1.0	0.8198757763975155	0.0	1.0	draw4086	True
-0.01825976507104119	-1.2276166961206423	0.04894224517532655	0.015041735031842649	0.16092799799658955	0.16092870187675515	189.0	0.0	0.9291325968000913	0.02194589560176868	3.49807842341764e-06	0.16092799799658955	3.1001405869507392e-19			0.0	1.0	1.0	1.0	0.883177570093458	0.0	1.0	draw4091	True
-0.18448971575756828	-45.280167234483116	2.900227338921687	0.06420257408680399	0.7258587424748538	0.7258588289579433	211.0	0.0	0.214957415854437	0.018538368395452597	2.916814747580308e-05	0.7258587424748538	3.2526065174565133e-19			0.0	1.0	1.0	1.0	0.871900826446281	0.0	1.0	draw4095	True
-0.5973317738483452	-0.707801048924242	0.044904481439210865	0.0320084991329801	0.05786986646553089	0.057870020691259794	127.0	0.0	0.09045441926266298	0.0004653503202597344	2.0834166563064665e-05	0.05786986646553089	3.356368053495165e-20			0.0	1.0	1.0	1.0	0.7888198757763976	0.0	1.0	draw4096	True
-0.34608556770751653	-0.34608556770751653	0.4671715107271244	0.13883988958870974	0.3332208280632756	0.3332230247009285	40.0	0.0	0.2843828122723483	0.1914920547727357	0.4671715107271244	0.13883988958870974	2.7755575615628914e-16			0.0	0.0	1.0	1.0	0.14705882352941177	0.0	1.0	draw4097	True
-5.006259678588511	-18.40674193067236	0.05837294524259664	0.0023184807037843645	0.4696709915887848	0.4697632125032293	248.0	0.0	0.0434280565807078	0.27127775306867274	0.0006261680558745921	0.4696709915887848	2.168404344971009e-19			0.0	1.0	1.0	1.0	0.8920863309352518	0.0	1.0	draw4098	True
-0.6186903612320767	-5.116504117754977	1.553642438511278	0.002525438282843027	0.13686761207610157	0.13687722887461456	195.0	0.0	0.7366075985141702	0.06744895165919426	0.00279719249456575	0.13686761207610157	9.047667129391535e-17			0.0	1.0	1.0	1.0	0.8783783783783784	0.0	1.0	draw4099	True
-0.36409733990404247	-0.36409733990404247	0.0037583132876076635	0.0944902108482139	0.1117426515043697	0.11174565763474167	40.0	0.0	0.4978444832892409	0.43813925136801735	0.0037583132876076635	0.0944902108482139	1.1102230246251565e-16			0.0	0.0	1.0	1.0	0.1556420233463035	0.0	1.0	draw4102	True
-0.2961161889413843	-0.537726397204425	0.049444731952280746	0.004591750452379456	0.02477173786700006	0.024772195677892083	149.0	0.0	0.42639331484441023	0.00019503408670109988	0.00012310060997208557	0.02477173786700006	6.776263578034403e-21			0.0	1.0	1.0	1.0	0.7680412371134021	0.0	1.0	draw4103	True
-0.39165469927249047	-1.6084960880733128	0.5284276768324242	0.06760230533354965	0.35620507381464317	0.35620623144262686	156.0	0.0	0.6095163928091955	0.0016159649800088138	0.0007257413926237671	0.35620507381464317	1.0842021724855044e-19			0.0	1.0	1.0	1.0	0.8297872340425532	0.0	1.0	draw4104	True
-3.0931522160078915	-5.559801914783263	0.30327426373109156	0.012342060159023215	0.03434519567865457	0.03434587028991447	137.0	0.0	0.8024592212214823	0.0007371203240098146	0.0017110903198136423	0.03434519567865457	4.738302306940556e-18			0.0	1.0	1.0	1.0	0.8011695906432749	0.0	1.0	draw4106	True
-0.02439986082324086	-9.366566348797129	1.0407550974185655	0.0026054043821974837	0.4609245120473457	0.4610331519023459	205.0	0.0	0.838685566753603	0.08369182282470003	0.48969726759615034	0.09315010365772332	4.996003610813204e-16			0.0	1.0	1.0	1.0	0.7454545454545455	0.0	1.0	draw4108	True
-31.630952225161856	-128.65285219729105	0.33601716863129816	0.012908841977060395	1.2162095987496322	1.2165554884172114	224.0	0.0	0.021087868706496354	0.20265917170077813	0.006547823984421116	1.2162095987496322	1.4399560103323106e-19			1.0	0.0	1.0	1.0	0.8296296296296296	0.0	1.0	draw4110	True
-0.06924793875212544	-0.07079361612611472	6.438665517255694e-05	0.0006373959847164676	0.020815000226232103	0.02081585229549219	183.0	0.0	0.2910330606858234	0.021245823078410723	5.382469917754092e-06	0.020558566757303397	1.8634724839594607e-20			0.0	1.0	1.0	1.0	0.8755980861244019	0.0	1.0	draw4111	True
-1.5754632498586851	-4.6245767019100406	0.027822315615640105	0.15663004945196618	1.2417395418123056	1.2421822223713805	168.0	0.0	0.40379162731942997	0.08364919174736546	0.0013225147393734977	1.2417395418123056	8.673617379884035e-19			0.0	1.0	1.0	1.0	0.8704663212435233	0.0	1.0	draw4114	True
-1.0809331940781726	-17.18673830759202	9.216479781160968	0.003066597219846531	0.4668132491091227	0.4669495457809456	244.0	0.0	0.17850999698925274	0.08934456051647717	0.0187562730066226	0.4668132491091227	1.3877787807814457e-17			0.0	1.0	1.0	1.0	0.8776978417266187	0.0	1.0	draw4115	True
-0.2551975705410796	-0.5775802299711509	0.08297315281796441	0.01038414908954356	0.07417727861749111	0.07422773971776714	173.0	0.0	0.602318394164502	0.09270569859220372	0.0016386875232124727	0.07417727861749111	8.890457814381136e-18			0.0	1.0	1.0	1.0	0.8439024390243902	0.0	1.0	draw4117	True
-0.4983222864963389	-1.123525720964941	0.002784147291787786	0.4140820898654097	0.5290974853528383	0.5293985343781801	33.0	0.0	1.2988275219939125	0.9574747790297118	0.05705575939356202	0.503073917055257	3.3306690738754696e-16			0.0	0.0	1.0	0.0	0.1375	0.0	1.0	draw4118	True
-0.21010405385698835	-0.5525699643617041	0.07486000712862392	0.0038857923946818106	0.04952478210019	0.04952568448932278	173.0	0.0	0.18865573094873142	0.009933912134815422	0.0005637079682685184	0.04945742614965839	1.0842021724855044e-18			0.0	1.0	1.0	1.0	0.8564356435643564	0.0	1.0	draw4122	True
-0.006061254283518135	-0.04406433769660463	0.0004691816992342085	0.005660289125399963	0.012169640550073454	0.012172659623328193	147.0	0.0	0.6411588019713333	0.05965630633912965	6.576158265932148e-05	0.011803474567849121	4.7704895589362195e-18			0.0	1.0	1.0	1.0	0.6150627615062761	0.0	1.0	draw4126	True
-0.48562647125202546	-2.320094884798405	0.9270312270404968	0.0006979813232123203	0.2344458645882367	0.23464478818457574	221.0	0.0	0.5351620531135164	0.81686237299771	0.006857389170398395	0.23376894453175812	8.326672684688674e-17			0.0	1.0	1.0	1.0	0.8532818532818532	0.0	1.0	draw4131	True
-0.8257152534031436	-2.4005147977557177	0.8987420117468966	0.04461995555172954	0.47543801620247744	0.47544571214341863	155.0	0.0	1.19866325774311	0.012848281913526757	0.0017791519738667447	0.47543801620247744	4.2343177033242474e-18			0.0	1.0	1.0	1.0	0.856353591160221	0.0	1.0	draw4132	True
-0.2406066527964806	-0.2406066527964806	0.005211274868915622	0.0003995534956956234	0.5842337221197988	0.5854556509290014	197.0	0.0	0.016892313406034244	9.987438675246694e-07	0.005211274868915622	0.0003995534956956234	1.6653345369377348e-16			0.0	1.0	1.0	1.0	0.8347457627118644	0.0	1.0	draw4134	True
-0.7366329749490412	-1.1633010400340442	0.005535213020232538	0.00011611145905249865	0.013671606172539047	0.013676116428818205	225.0	0.0	0.013729776939907531	0.18116372467862243	0.0010684921301982754	0.013136977081604903	1.0842021724855044e-19			1.0	0.0	1.0	1.0	0.6696428571428571	0.0	1.0	draw4135	True
-1.3839808576461976	-1.532611055266	0.035236020449104725	0.00015090793158140537	0.04585829579847653	0.04586578178902611	240.0	0.0	0.01957394730870012	0.048152552335171524	0.025571548595297627	0.02841933350821643	1.3010426069826053e-18			1.0	0.0	1.0	1.0	0.8	0.0	1.0	draw4138	True
-0.03492558694408592	-1.2987064660823575	0.032236799591977	0.04940338444646562	0.21628566297813778	0.2162869841110189	166.0	0.0	0.5441377439926856	0.007785814369951403	2.142211984645949e-05	0.21628566297813778	2.710505431213761e-20			0.0	1.0	1.0	1.0	0.8383838383838383	0.0	1.0	draw4139	True
-0.1128652651752637	-0.265430927609979	0.015587212061975844	0.007758445852742832	0.04093940243356112	0.04094079784286409	149.0	0.0	0.709967311297195	0.0009745910509783315	8.995907942437166e-05	0.04093940243356112	2.1175823681357508e-20			0.0	1.0	1.0	1.0	0.8097826086956522	0.0	1.0	draw4140	True
-0.16232518497607573	-1.8148294360233823	0.8233653546809379	0.0026532320027878283	0.06751987140462672	0.06752273744126909	209.0	0.0	0.5733581556312428	0.13221318875022522	0.00011897892612873165	0.06751987140462672	1.214306433183765e-17			0.0	1.0	1.0	1.0	0.8931623931623932	0.0	1.0	draw4141	True
-0.18891963441095153	-0.19303612860500796	0.0007428457203279759	0.00702224641157184	0.00800618453276329	0.008006184551421457	142.0	0.0	0.03924323754896967	6.729003577485422e-05	1.4925660830514559e-05	0.007510651940405789	8.673617379884035e-19			0.0	1.0	1.0	1.0	0.6893203883495146	0.0	1.0	draw4143	True
-0.3573601368752085	-0.5811117098241155	0.0038826171134352847	0.006702167239828262	0.13124007460320652	0.13127723953772866	183.0	0.0	0.31747136608269316	0.1808162874843015	0.00011053939667202919	0.13124007460320652	8.673617379884035e-19			0.0	1.0	1.0	1.0	0.8169642857142857	0.0	1.0	draw4144	True
-2.108704146737042	-8.840877674076081	2.2955620621198807	0.006730155620072751	0.24930309142807142	0.24930715729339864	190.0	0.0	3.082176208383635	0.06510133635398067	0.0007986298205004354	0.24930309142807142	7.762887554996212e-17			0.0	1.0	1.0	1.0	0.8878504672897196	0.0	1.0	draw4145	True
-0.16768284654940804	-1.0422152027800229	0.20144781601401074	0.09521447605017386	0.14334504613789825	0.14334506667505753	131.0	0.0	0.47482164310037506	0.0012791608359110785	2.180454328766265e-05	0.14334504613789825	4.87890977618477e-19			0.0	1.0	1.0	1.0	0.808641975308642	0.0	1.0	draw4146	True
-0.021365289502471185	-0.4928116436667496	0.0007799290161377854	0.002067569393710654	0.13285557958218705	0.13285576634604343	201.0	0.0	0.4702092759943222	0.07212241438204339	9.602657988071262e-07	0.13285557958218705	1.0842021724855044e-19			0.0	1.0	1.0	1.0	0.8933333333333333	0.0	1.0	draw4148	True
-2.629094881983307	-2.629094881983307	0.038683302947029714	0.17676834412921127	0.2030754273082593	0.2030875929985713	46.0	0.0	0.05677690448695741	0.23977132669988085	0.038683302947029714	0.17676834412921127	1.3877787807814457e-16			0.0	0.0	1.0	1.0	0.1393939393939394	0.0	1.0	draw4152	True
-5.142026420307146	-5.142026420307146	0.7043837829781125	0.284768160589017	0.34981839857802727	0.3498205498462487	40.0	0.0	0.06170693168906916	1.1315173713760847	0.7043837829781125	0.284768160589017	2.7755575615628914e-16			0.0	0.0	1.0	1.0	0.27586206896551724	0.0	1.0	draw4153	True
-0.018121514490879165	-0.2570235842110272	0.005171700599776658	0.011676052069445476	0.0804114130673503	0.08041214311837419	158.0	0.0	0.79270940093888	0.004322306651691608	0.00045709788269305017	0.01748158222355514	1.249000902703301e-16			0.0	1.0	1.0	1.0	0.6960352422907489	0.0	1.0	draw4154	True
-0.15907876111474012	-0.2074871312203167	0.0026226255134012906	0.00342853518334979	0.02574965736117829	0.025751221040319832	163.0	0.0	0.14210055498860327	0.006436475010880194	0.00011529992021317146	0.025430309652155137	1.6263032587282567e-19			0.0	1.0	1.0	1.0	0.8534031413612565	0.0	1.0	draw4156	True
-0.16350352026301002	-0.4258383508956557	0.040569017736112246	0.0202963554920071	0.17622700252141435	0.17622868761773922	158.0	0.0	0.9075754437703598	0.0024477070151987124	0.00016278874329574174	0.17622700252141435	6.306160292308266e-19			0.0	1.0	1.0	1.0	0.8449197860962567	0.0	1.0	draw4157	True
-1.5879499941341557	-9.306688643308725	20.849653816132626	0.006744810709156782	0.2879906719203483	0.2879938117265367	208.0	0.0	0.16903624560882308	0.24345295531331562	0.00120367058967428	0.2879906719203483	4.163336342344337e-17			0.0	1.0	1.0	1.0	0.9122807017543859	0.0	1.0	draw4158	True
-0.2396568814561348	-0.2396568814561348	0.0001243502477477741	0.0032605487003530428	0.005179249297595062	0.005179251707979516	127.0	0.0	0.013833955822427586	9.987377254927337e-07	0.0001243502477477741	0.0032605487003530428	3.1763735522036263e-22			0.0	1.0	1.0	1.0	0.79375	0.0	1.0	draw4162	True
-0.09835203246496313	-0.11025475634655263	0.0007320796520896532	0.0009506431101434053	0.008388719386992025	0.008388783106951148	170.0	0.0	0.0826963151077181	0.02899190441976103	7.054282568336377e-05	0.008181314077527462	1.0842021724855044e-19			0.0	1.0	1.0	1.0	0.8717948717948718	0.0	1.0	draw4164	True
-0.838215741142318	-1.2186487130790866	0.20364880898450727	0.019134845164452206	0.15968650080704663	0.15969727306313658	201.0	0.0	0.13478880898554338	0.009116280974332215	0.005344781799077134	0.1259461107973508	5.551115123125783e-17			0.0	1.0	1.0	1.0	0.7528089887640449	0.0	1.0	draw4165	True
-0.46155090639372365	-0.8482400868198767	0.0037552607147329567	0.2919718768722483	0.46118207740902745	0.4614065816663281	71.0	0.0	0.9734242143813194	0.558175344507739	0.04273111313445337	0.34669712278260845	3.0531133177191805e-16			0.0	0.0	1.0	0.0	0.25539568345323743	0.0	1.0	draw4166	True
-0.19427843251325994	-1.1351800322418	0.021567434150539785	0.006092203885423275	0.5943474723164456	0.5947649637668558	203.0	0.0	1.1834291276269095	0.09264311990147539	0.0002647265014001602	0.5943474723164456	4.336808689942018e-19			0.0	1.0	1.0	1.0	0.8864628820960698	0.0	1.0	draw4167	True
-0.1529742257290061	-0.5793369416951902	0.08367384351644262	0.006071432163770472	0.22587527899577567	0.2258754813298047	188.0	0.0	2.2630001842865393	0.0318526787971125	1.702641339821669e-05	0.22587527899577567	2.6020852139652106e-18			0.0	1.0	1.0	1.0	0.8785046728971962	0.0	1.0	draw4168	True
-0.496281423736754	-8.426936504402201	14.416840858753067	0.1194412337609981	0.675906840888934	0.675906966411238	184.0	0.0	0.7395326737860097	0.10598395358339024	0.0002748810078276073	0.675906840888934	2.0816681711721685e-17			0.0	1.0	1.0	1.0	0.8846153846153846	0.0	1.0	draw4170	True
-0.6847112891748207	-0.9240857320466578	0.14174866165531766	0.00012624236757980938	0.2511382570798299	0.2513332264539189	235.0	0.0	0.40973544676229157	0.6704253117164553	0.00917284333255489	0.2511382570798299	1.3877787807814457e-16			0.0	1.0	1.0	1.0	0.8047945205479452	0.0	1.0	draw4172	True
-0.07894126030662948	-0.07894126030662948	0.0011503200132153694	0.0024509792748507006	0.043206961931209036	0.0432162292457782	165.0	0.0	0.043911580186601865	9.978892346462475e-07	0.0011503200132153694	0.0024509792748507006	1.7618285302889447e-18			0.0	1.0	1.0	1.0	0.8776595744680851	0.0	1.0	draw4173	True
-0.07126820329985432	-0.29496019208912844	0.004359250952559929	0.005002510768769892	0.0924391742075628	0.09245050391726967	168.0	0.0	1.5372312894976967	2.198332427752257	0.001362055916453572	0.08694112916766314	5.551115123125783e-17			0.0	1.0	1.0	1.0	0.7400881057268722	0.0	1.0	draw4174	True
-0.24705051619269175	-0.4437124823049012	0.006042861625415361	0.0013080447672995865	0.01969959461780347	0.01971178613136348	160.0	0.0	0.8420245072615943	0.09128161870558384	0.0007428512115346626	0.01969959461780347	4.5536491244391186e-17			0.0	1.0	1.0	1.0	0.8465608465608465	0.0	1.0	draw4175	True
-0.11008943346209497	-0.27265324368370536	0.018378983745645804	0.007402881435208234	0.01878973332917637	0.018789778396948387	142.0	0.0	0.15780099338773354	0.0018576678641383556	0.000250213444684273	0.01868883392455734	5.454892180317694e-19			0.0	1.0	1.0	1.0	0.8502994011976048	0.0	1.0	draw4176	True
-0.02032480677085821	-0.45689716207672815	0.015787044047627333	0.002497612756113506	0.03675893979420854	0.03675912043135534	165.0	0.0	0.750183298683283	0.06101890445588509	9.563975775503702e-05	0.03675893979420854	4.098284211995207e-17			0.0	1.0	1.0	1.0	0.8505154639175257	0.0	1.0	draw4177	True
-1.0271303104105636	-3.103482577164126	0.09707855274967007	0.013652387153249188	0.12327432055619535	0.12329809421974368	181.0	0.0	0.06950951812292758	0.07790783681297604	0.0005842023305859121	0.12327432055619535	8.673617379884035e-19			0.0	1.0	1.0	1.0	0.8457943925233645	0.0	1.0	draw4178	True
-0.12027149811594562	-8.387703552162892	4.661413394592316	0.00848709327333075	0.44357056532473876	0.4437206042679033	189.0	0.0	0.41149836223453534	0.11744032861393541	0.22984393298437605	0.43897367919460034	1.1102230246251565e-16			0.0	1.0	1.0	1.0	0.8111587982832618	0.0	1.0	draw4179	True
-0.13679636607187898	-0.16913776227415228	0.00429908974651194	0.022090268557930344	0.06509897987337533	0.06509904117101446	141.0	0.0	0.4719944982544059	0.0028706534416513183	2.3772720687771703e-05	0.06505290255516495	1.7618285302889447e-19			0.0	1.0	1.0	1.0	0.8392857142857143	0.0	1.0	draw4180	True
-1.5782869047967578	-2.5470197644029433	0.19345643977377527	0.0009897120921751954	0.17904028081579468	0.1791639129273165	226.0	0.0	0.09300031067273047	0.05007637415364795	0.0030437057690745426	0.17904028081579468	8.673617379884035e-19			0.0	1.0	1.0	1.0	0.8862745098039215	0.0	1.0	draw4182	True
-2.294820370516654	-8.544757512489731	14.092707957012813	0.1324077131613618	1.024083195451615	1.0241285535037798	170.0	0.0	1.9286935406048826	0.004110646498815355	0.007157646053566149	1.024083195451615	3.469446951953614e-18			0.0	1.0	1.0	1.0	0.845771144278607	0.0	1.0	draw4184	True
-0.10611517028235336	-0.10611517028235336	0.0004149932465531612	0.008160644154473026	0.013029560379068637	0.013029574400842124	124.0	0.0	0.12286919079517719	9.908299026747386e-07	0.0004149932465531612	0.008160644154473026	5.697620059265255e-21			0.0	1.0	1.0	1.0	0.8	0.0	1.0	draw4185	True
0.009623616045273065	-1.4377455577841698	0.003141418468839058	0.04348198471575292	0.47975032638763526	0.47981277218200713	86.0	6.0	1.4393022866724359	0.31507667506620185	0.07431332348990653	0.14060800704704565	3.885780586188048e-16	0.12706668275546917	0.07484732805174571	0.0	0.0	1.0	0.0	0.33725490196078434	0.0	1.0	draw4187	True
-0.07966455049259705	-0.08462974323100937	0.0003904419850393278	0.0035011049635545323	0.007907070561391009	0.007909056482951612	161.0	0.0	0.04141972470604331	0.00014961094550860685	0.00022475756351926534	0.0035742461954048374	4.336808689942018e-18			0.0	1.0	1.0	1.0	0.6388888888888888	0.0	1.0	draw4189	True
-1.2102333171173936	-2.0300044942376747	1.010821607598814	0.004147295384794132	1.210213203227514	1.2107993328337536	212.0	0.0	1.654592310867439	1.6860535195161617	0.02407252721913877	1.210213203227514	6.661338147750939e-16			0.0	1.0	1.0	1.0	0.8870292887029289	0.0	1.0	draw4191	True
-0.1958645180362231	-0.23832385618001428	0.00041606006120568657	0.00030178818002759726	0.015233481716837817	0.015253402390547973	207.0	0.0	0.07902618715445187	0.17478553948772346	2.6295313279833375e-05	0.015233481716837817	1.3891340334970526e-19			0.0	1.0	1.0	1.0	0.8346774193548387	0.0	1.0	draw4192	True
-0.8213221359607639	-5.405648721299656	5.631295590826057	0.040910248241187976	0.525825972772948	0.525827625412442	186.0	0.0	0.6070878396786926	0.007782354981024681	0.0013201785523600904	0.525825972772948	1.2427667402115095e-17			0.0	1.0	1.0	1.0	0.8773584905660378	0.0	1.0	draw4193	True
-0.30268580649832066	-0.30268580649832066	0.01815336856197895	0.00010456680966176397	0.13131878650048828	0.13166922566490719	234.0	0.0	0.00047593315051131966	9.993550745517655e-07	0.01815336856197895	0.00010456680966176397	2.9110828331235794e-17			0.0	1.0	1.0	1.0	0.8830188679245283	0.0	1.0	draw4194	True
-2.7657514881354563	-2.8477700696274195	0.010186897306433991	0.005426814979384553	0.03867643830390184	0.038676937835010965	171.0	0.0	0.013768169162109682	0.005596782807575212	9.59659509111192e-06	0.03867643830390184	3.3881317890172014e-21			0.0	1.0	1.0	1.0	0.8636363636363636	0.0	1.0	draw4195	True
-0.7900614279317373	-0.7900614279317373	0.14139393477764847	0.0023636920007977422	0.3109993981109727	0.3110169586502098	222.0	0.0	0.0046512269829396494	9.999011761872904e-07	0.14139393477764847	0.0023636920007977422	1.3877787807814457e-16			0.0	1.0	1.0	1.0	0.7278688524590164	0.0	1.0	draw4196	True
-0.4220095029307253	-1.103844842444027	0.30309215930606614	0.0010015461453046597	0.03188998602622338	0.031899094578378466	192.0	0.0	0.059754401928496896	0.006566045964106741	0.0022490862184549026	0.03188998602622338	8.673617379884035e-19			0.0	1.0	1.0	1.0	0.8384279475982532	0.0	1.0	draw4197	True
-0.07741262327479612	-2.074004569865073	0.004233980566582309	0.006638214584835775	0.14108385345895857	0.1410868741451296	198.0	0.0	0.2191290414864698	0.034882175552236154	6.124031695974739e-06	0.14108385345895857	1.3552527156068805e-20			0.0	1.0	1.0	1.0	0.8761061946902655	0.0	1.0	draw4199	True
-0.17748933740461428	-0.24251757118454254	0.014387619262607138	0.0016980213835899806	0.11838714493306335	0.11842664624926344	201.0	0.0	0.5215026062009614	0.01355456356815415	0.0016181096022466793	0.02331933835871282	1.6653345369377348e-16			0.0	1.0	1.0	1.0	0.8410041841004184	0.0	1.0	draw4201	True
-0.6911469483696038	-1.2269902406049757	0.36060273010998106	0.017841233502080577	0.3319519228716112	0.3320246687930768	174.0	0.0	0.8120323624358752	0.07566825590017358	0.005045947974668405	0.3319519228716112	1.7780915628762273e-17			0.0	1.0	1.0	1.0	0.8743718592964824	0.0	1.0	draw4202	True
-0.0034748440870032817	-0.05297271047271605	0.0005403358320626969	0.02030849356930369	0.034423130082584213	0.03442346965327869	134.0	0.0	1.0275268258488341	0.003792065962672809	7.865459038983232e-07	0.034423130082584213	3.5575383784680614e-20			0.0	1.0	1.0	1.0	0.8322981366459627	0.0	1.0	draw4203	True
-0.2667975009785896	-0.5109041410007426	0.006276607267579976	0.0005282025439294077	0.048354362853505264	0.04835500039024003	216.0	0.0	0.13675152709924923	0.3962285599770733	0.0001395578102695118	0.04829414861419727	1.734723475976807e-18			0.0	1.0	1.0	1.0	0.8571428571428571	0.0	1.0	draw4204	True
-0.04325392920009886	-0.11129678914538374	0.0023078830791691445	0.005375523526794066	0.04640364148905929	0.04640396222679875	159.0	0.0	0.654431550367075	0.005975368262597779	2.794006054026891e-06	0.04640364148905929	1.1858461261560205e-19			0.0	1.0	1.0	1.0	0.8641304347826086	0.0	1.0	draw4206	True
-0.29284754777802197	-4.42926028357096	0.12096473320306796	0.11204578854906624	0.697607338610802	0.6976093582070605	167.0	0.0	0.3393927977778134	0.007495268814801986	3.359449248730107e-05	0.697607338610802	1.0164395367051604e-19			0.0	1.0	1.0	1.0	0.8697916666666666	0.0	1.0	draw4207	True
-0.29682604589471995	-0.41625714621110566	0.015817462967906218	0.008537715006816477	0.03216277498921794	0.03216337844025882	151.0	0.0	1.0899797584866646	0.017516763997205094	8.490666296751089e-05	0.03216277498921794	7.291259609965017e-18			0.0	1.0	1.0	1.0	0.8579545454545454	0.0	1.0	draw4208	True
-0.03667627026469099	-0.03995080874014226	0.0001297266214406672	5.2065811097425874e-05	0.0019758702418405205	0.0019758736973969396	231.0	0.0	0.003696622811825469	0.0001129460072206806	6.697006701616347e-06	0.00013494796553369432	4.336808689942018e-19			0.0	1.0	1.0	1.0	0.8020833333333334	0.0	1.0	draw4209	True
-0.5074693237811178	-0.5074693237811178	0.06424513175268896	0.007700741283542765	0.25175838121429506	0.25186558830450784	177.0	0.0	0.033718766907349394	9.971390672212644e-07	0.06424513175268896	0.007700741283542765	5.551115123125783e-17			0.0	1.0	1.0	1.0	0.7972972972972973	0.0	1.0	draw4214	True
-0.16368464005359495	-8.35690284964582	1.2128128884646123	0.02192389146711347	1.191205259273799	1.1912072991076958	208.0	0.0	0.6829681516280535	0.018856103283067	0.00018743016473889463	1.191205259273799	3.7947076036992655e-19			0.0	1.0	1.0	1.0	0.859504132231405	0.0	1.0	draw4215	True
-0.03458630908097431	-0.11436908942398254	0.0032398292847080406	0.001751084621900596	0.04163470562106524	0.041635353711636194	193.0	0.0	0.5677544412094013	0.13541115579772459	0.00035246767895587234	0.025884288148067647	2.7755575615628914e-17			0.0	1.0	1.0	1.0	0.7598425196850394	0.0	1.0	draw4216	True
2.1803747778493694	-20.926518553272828	3.8583366613116463	0.0007633864542720459	0.38341578187018677	0.3834379178994795	224.0	33.0	0.17321955292055471	0.036585493207430236	5.477178957845069	0.31560579949771844	2.220446049250313e-16	0.2268149009152754	8.41359401149723	0.0	1.0	1.0	1.0	0.7697594501718213	0.0	1.0	draw4217	True
-0.1373781438670319	-1.1306359246126214	0.2837960761572627	0.056434452119730964	0.27649055286244295	0.2765035494733056	155.0	0.0	0.4989481054633964	0.014456697322902041	0.0005978676606505079	0.27649055286244295	5.963111948670274e-19			0.0	1.0	1.0	1.0	0.8516483516483516	0.0	1.0	draw4220	True
-0.6168707491662443	-10.328983763088647	9.71471391411936	0.09501036617558782	0.5982560428392141	0.5982624932761074	182.0	0.0	0.4102803174712764	0.003678965468508828	0.0020438823563793743	0.5982560428392141	8.673617379884035e-19			0.0	1.0	1.0	1.0	0.8387096774193549	0.0	1.0	draw4222	True
-0.4658990446370422	-2.3088990014113064	0.02472423391613967	0.01239946149162976	0.13989189089245813	0.1399486518558196	189.0	0.0	0.15855028608719604	0.175785390612075	0.0002855910189790822	0.13989189089245813	1.3010426069826053e-18			0.0	1.0	1.0	1.0	0.883177570093458	0.0	1.0	draw4225	True
-0.11555025624206389	-0.23539277510266193	0.013831877604662961	0.0022539652945029794	0.04331077404418114	0.04334514887981108	182.0	0.0	0.21610809461276345	0.016451767458203623	0.002988078461032071	0.01572907187068256	4.5102810375396984e-17			0.0	1.0	1.0	1.0	0.8310502283105022	0.0	1.0	draw4226	True
-0.03958367859947756	-1.22604016668907	0.025791203612451356	0.0007609567434210418	0.04607808844365481	0.04607922769328027	224.0	0.0	0.19044518602756152	0.06548696196374187	1.6517289758555807e-05	0.04607808844365481	6.505213034913027e-19			0.0	1.0	1.0	1.0	0.8715953307392996	0.0	1.0	draw4227	True
-4.713064964145247	-5.336326275050422	1.0725887214765795	0.06004001052882301	0.09176070216531931	0.0917627028044957	132.0	0.0	0.6585002212453995	0.0001557268779912289	0.002879826077544666	0.09176070216531931	2.168404344971009e-19			0.0	1.0	1.0	1.0	0.7374301675977654	0.0	1.0	draw4228	True
-0.5971504028587421	-0.5973057317854286	2.1413365508959464e-05	0.0010961484869798975	0.0012718466016168445	0.001271847405251417	118.0	0.0	0.0021297644474664	0.0003052049278402734	6.305689262433141e-09	0.0012718466016168445	1.3234889800848443e-23			0.0	1.0	1.0	1.0	0.7662337662337663	0.0	1.0	draw4231	True
-0.8331383123404457	-1.3355209019571113	0.00027846961774319513	0.1947901471455013	0.44796967011718547	0.44819184000985496	47.0	0.0	1.009739621616378	1.5954599635473812	0.09725819682456503	0.2506925074113412	3.885780586188048e-16			0.0	0.0	1.0	0.0	0.1760299625468165	0.0	1.0	draw4234	True
-0.20826883892315032	-0.21572676790747847	0.0015151006368076942	0.00022590639897306696	0.0012962110154601228	0.0012963151825348578	227.0	0.0	0.0027641060002641495	0.00011094245187515497	7.71620507879565e-05	0.0005767197315279603	4.336808689942018e-19			0.0	1.0	1.0	1.0	0.7854671280276817	0.0	1.0	draw4238	True
-0.07442707808720275	-8.047051228999377	0.22571947034867046	0.6258152295059021	1.4624980963617846	1.462554936079357	148.0	0.0	0.37649732781454714	0.0010425299802473997	0.0009319812892364419	1.4624980963617846	4.235164736271502e-21			0.0	1.0	1.0	1.0	0.8	0.0	1.0	draw4241	True
-0.10351589419184486	-0.20997132963506254	0.0024320487447509554	0.002006380894610037	0.008235985687827897	0.00823705529263878	153.0	0.0	0.7525363347054133	0.013875552805112521	0.00042326242722576544	0.007844174879628936	1.0025481963701899e-17			0.0	1.0	1.0	1.0	0.8742857142857143	0.0	1.0	draw4242	True
-0.42512359386934234	-0.42512359386934234	1.6910723076587835e-05	0.0005778207171901156	0.0023246665198337286	0.0023246878120742336	115.0	0.0	0.006516204011630292	0.5030861193835332	1.6910723076587835e-05	0.0005778207171901156	3.686287386450715e-18			0.0	0.0	1.0	0.0	0.6534090909090909	0.0	1.0	draw4243	True
-2.0149224050953602	-5.329839940634987	0.12556293276645714	0.0786306490347726	0.7966798435625748	0.79667996107077	172.0	0.0	0.21622946292998213	0.018355985767890295	2.2854984066758417e-05	0.7966798435625748	5.421010862427522e-20			0.0	1.0	1.0	1.0	0.8686868686868687	0.0	1.0	draw4245	True
-0.19432991918465586	-0.19444745509232816	3.291580937785058e-05	0.0004193477022507538	0.003038910757973061	0.0030389885426240692	199.0	0.0	0.0022275905470692412	9.110524935628171e-06	4.058416789421698e-06	0.00043228922198383695	8.673617379884035e-19			0.0	1.0	1.0	1.0	0.8326359832635983	0.0	1.0	draw4246	True
-1.4290731903452487	-1.7845824290571597	0.0023083450171119185	0.0014526225053781206	0.0388855258763732	0.0388891829175156	202.0	0.0	0.024675153091970145	0.037195233125185696	1.600952308089242e-05	0.0388855258763732	8.470329472543003e-21			0.0	1.0	1.0	1.0	0.8706896551724138	0.0	1.0	draw4247	True
-0.17419714294262964	-0.23867991683130885	0.013821912829102811	8.44633435474962e-05	0.006425121772011481	0.006426115098234849	212.0	0.0	0.06424677321496022	0.015429946245228747	0.003083671620078091	0.00588506789555557	3.333921680392926e-18			0.0	1.0	1.0	1.0	0.8945147679324894	0.0	1.0	draw4248	True
-1.0048860151561143	-1.7677990523080698	0.5942654673715942	0.0002987652714886812	0.28259524051243107	0.28300902345063156	244.0	0.0	0.28719274344280094	0.36156666584231206	0.018828222177825118	0.28259524051243107	5.551115123125783e-17			0.0	1.0	1.0	1.0	0.7896440129449838	0.0	1.0	draw4249	True
-0.24752090702797358	-1.506894488033738	0.05743279711528493	0.003601715668827847	0.12381252114367639	0.12383951750853914	161.0	0.0	0.9212486231420276	0.6465402767426824	0.0005547883219878236	0.12381252114367639	5.551115123125783e-17			0.0	1.0	1.0	1.0	0.8256410256410256	0.0	1.0	draw4250	True
-1.1154142613840232	-1.1243869984680916	5.5755428419707266e-05	0.006383802744686374	0.007606448475128515	0.007606456802134972	120.0	0.0	0.006656621417641777	0.0003864929311171301	2.0261407031705673e-08	0.007606448475128515	3.970466940254533e-23			0.0	1.0	1.0	1.0	0.7692307692307693	0.0	1.0	draw4254	True
-0.08633028137085164	-0.12886696723100818	0.0010243743072935792	6.472362544149082e-05	0.02268753068918932	0.022693369061614704	230.0	0.0	0.2636351173071713	0.2601653133460888	2.2579300963682258e-05	0.02268753068918932	6.505213034913027e-19			0.0	1.0	1.0	1.0	0.8550185873605948	0.0	1.0	draw4255	True
-2.4383434775165287	-6.669535685145327	10.805439921556632	0.003564064092568475	0.8567738119288589	0.8573135373268242	218.0	0.0	0.3868066765305245	0.18676330969361768	0.061388003662452624	0.8567738119288589	8.673617379884035e-17			0.0	1.0	1.0	1.0	0.8934426229508197	0.0	1.0	draw4261	True
-5.094909298990338	-5.094909298990338	0.8372753337222824	0.15062516051681116	0.1864836344200249	0.1865067092886394	40.0	0.0	0.03205078738841757	0.9382922675494247	0.8372753337222824	0.15062516051681116	1.942890293094024e-16			0.0	0.0	1.0	1.0	0.23809523809523808	0.0	1.0	draw4262	True
-2.170301051775894	-7.6289079693388615	10.013894133381557	0.005464104335464663	0.19970949482155717	0.19970952659986388	220.0	0.0	0.21103403852440294	0.030668984669471162	0.13413287818505865	0.19697485094002412	2.2730976172516404e-17			0.0	1.0	1.0	1.0	0.8835341365461847	0.0	1.0	draw4263	True
0.09128295551838361	-2.2851352993131675	0.004016519858483739	0.11947316679586972	1.0761059614415949	1.0761084174838287	72.0	12.0	2.792054886713294	0.6969881304994663	0.2226382903889012	0.6455738596941116	5.551115123125783e-16	0.5101401185009975	0.23123412912771663	0.0	0.0	1.0	0.0	0.2987551867219917	0.0	1.0	draw4265	True
0.1248775330684706	-37.327619515719356	0.01659314458576058	0.14333749835101195	0.5163428169450559	0.5163461532369211	99.0	31.0	15.492421170538202	0.9586122033633059	0.002425946350137005	0.4700943321278896	2.220446049250313e-16	0.42905502953715946	0.0066849337292215925	0.0	0.0	1.0	0.0	0.4520547945205479	0.0	1.0	draw4269	True
-0.7413593032107821	-1.9392724500156528	0.5493655438559958	0.0013448574075026396	0.11492308162601582	0.1150727456740452	217.0	0.0	0.12041306467651453	0.18266664930738052	0.008435227231397033	0.11492308162601582	1.0408340855860843e-17			0.0	1.0	1.0	1.0	0.8066914498141264	0.0	1.0	draw4270	True
-4.355705136730811	-35.05204579896684	173.0154912077708	0.0184537468331902	2.240801100682828	2.240957861495043	208.0	0.0	0.5514205996372115	0.2696006198156562	0.1062416723516936	2.240801100682828	4.440892098500626e-16			0.0	1.0	1.0	1.0	0.9082969432314411	0.0	1.0	draw4274	True
-2.5423109128951116	-3.439556459265227	1.554674993443781	0.08219293775310979	0.17501652818805805	0.1750169084339208	123.0	0.0	0.5545195834360891	9.781567500155945e-05	0.0018045216094824434	0.17501652818805805	9.804406364468526e-20			0.0	1.0	1.0	1.0	0.6833333333333333	0.0	1.0	draw4276	True
-0.17291041685729255	-0.19871782986847478	0.0011076097573203267	0.0004429321557361635	0.027252048084960633	0.027257676807588022	199.0	0.0	0.14944578102057987	0.028120252368981944	8.473588700058221e-06	0.027252048084960633	5.675120746603812e-20			0.0	1.0	1.0	1.0	0.8883928571428571	0.0	1.0	draw4282	True
-0.07139084492085243	-0.2211362462483842	0.004295575877931744	0.00446559005572616	0.11014419212585906	0.11014424275012523	179.0	0.0	0.8084873033297286	0.017681195129367794	1.2346893953637667e-05	0.11014419212585906	3.5914196963582334e-19			0.0	1.0	1.0	1.0	0.8731707317073171	0.0	1.0	draw4284	True
-0.30751934912098816	-0.6030132268669086	0.00227752774642632	0.0029532582020610505	0.038505464168530915	0.03850591340330165	185.0	0.0	0.09915043687532132	0.11140527577712121	1.346409687570957e-05	0.038505464168530915	2.168404344971009e-19			0.0	1.0	1.0	1.0	0.8685446009389671	0.0	1.0	draw4286	True
-0.06640093261313759	-0.23983828610672855	0.002403198194883161	1.4346166563844807e-05	0.1134765422836935	0.11347856704570831	237.0	0.0	0.9456256915241918	0.9213140932646449	0.007728176552319989	0.10763292082028472	6.938893903907228e-17			0.0	1.0	1.0	1.0	0.8061224489795918	0.0	1.0	draw4289	True
-0.029938513217501114	-0.029938513217501114	0.00011905703121412106	0.00016496462679529668	0.012616565664494879	0.012620447889351748	193.0	0.0	0.006559823892492917	9.98002264492249e-07	0.00011905703121412106	0.00016496462679529668	1.5178830414797062e-18			0.0	1.0	1.0	1.0	0.7975206611570248	0.0	1.0	draw4290	True
-1.485193929644533	-1.485193929644533	0.3005606190423894	0.3308591383035941	0.629060977325441	0.6290676107976461	45.0	0.0	0.20259829693737616	0.7186393057345883	0.3005606190423894	0.3308591383035941	2.220446049250313e-16			0.0	0.0	1.0	1.0	0.17374517374517376	0.0	1.0	draw4293	True
-0.6963124052075974	-10.939410025937747	6.006109076328504	0.009184384424545023	0.38588212794547994	0.3858831524810749	218.0	0.0	0.2025849646690274	0.02330127137433873	0.0013999216868606733	0.38588212794547994	8.673617379884035e-19			0.0	1.0	1.0	1.0	0.8616600790513834	0.0	1.0	draw4295	True
-0.03696828405226316	-2.2432943527096874	0.009275124236956001	0.06259549766407473	0.3872677434226368	0.38728637071941363	165.0	0.0	0.3828342143688792	0.005494986267621027	4.586455477433677e-05	0.3872677434226368	7.623296525288703e-21			0.0	1.0	1.0	1.0	0.8418367346938775	0.0	1.0	draw4296	True
-2.5510126659307764	-2.9028703118284067	0.013918906928491072	0.015257688679798312	0.052366096285734465	0.052366110645633436	151.0	0.0	0.018802938571576604	0.002386659361761166	1.2946439103164465e-06	0.052366096285734465	5.505714157152952e-21			0.0	1.0	1.0	1.0	0.8435754189944135	0.0	1.0	draw4297	True
-0.07006473163394193	-0.10166603755591308	0.0007404643896252341	0.009283023432911356	0.04763729178098778	0.04763730924266974	151.0	0.0	0.5341863958476643	0.009943482421242319	3.7345138453138013e-07	0.04763729178098778	7.115076756936123e-20			0.0	1.0	1.0	1.0	0.8579545454545454	0.0	1.0	draw4298	True
-0.06502423535451753	-0.06502423535451753	0.0001159046852950819	9.080667019872843e-05	0.009459957727209676	0.009465830578599453	210.0	0.0	0.0014383508440297358	9.991507875713955e-07	0.0001159046852950819	9.080667019872843e-05	1.3552527156068805e-19			0.0	1.0	1.0	1.0	0.813953488372093	0.0	1.0	draw4299	True
-0.4853018636733038	-0.7491109470575409	0.07180762476841966	0.008646290244956032	0.3103126320834144	0.3103454067313391	183.0	0.0	0.5552859281698598	0.03638344847434896	0.0007138824794645606	0.3103126320834144	1.1519648082658485e-18			0.0	1.0	1.0	1.0	0.8755980861244019	0.0	1.0	draw4300	True
-0.07577128306181641	-0.6400355091428677	0.03352777549512286	0.0010041833366550344	0.04623850974723223	0.04623863990544671	183.0	0.0	0.6984672996380883	0.10881183423677573	1.7214741031364124e-05	0.04623850974723223	4.336808689942018e-18			0.0	1.0	1.0	1.0	0.8798076923076923	0.0	1.0	draw4302	True
-0.22790644109976327	-1.672035275232898	0.16054756060021522	0.00737822389397507	0.13748922450818823	0.13750280869212028	159.0	0.0	0.8041490049998925	0.028654723853774343	0.0006860103996485655	0.13748922450818823	2.5478751053409354e-18			0.0	1.0	1.0	1.0	0.8548387096774194	0.0	1.0	draw4303	True
-0.8530520879058879	-4.2767224657715115	3.576443635957959	0.02158690287775572	0.5063725612979869	0.5064673208799965	190.0	0.0	0.3310532749419484	0.07213365763605414	0.017011435181041215	0.5063725612979869	2.7755575615628914e-17			0.0	1.0	1.0	1.0	0.8050847457627118	0.0	1.0	draw4305	True
-1.7468569598953156	-2.9707184281580843	1.5594604756521608	0.01865727628795687	0.11015088850195225	0.11015702689863903	162.0	0.0	0.4209577910621307	0.0010436526068366453	0.004554731387504694	0.11015088850195225	2.1480755542369057e-18			0.0	1.0	1.0	1.0	0.8140703517587939	0.0	1.0	draw4307	True
-0.5650729339337697	-0.5764492185432166	0.00043594541059186284	0.005437975603378136	0.007210357020055105	0.007210358831432841	124.0	0.0	0.012272080705593515	0.0002018671313375213	5.668966959968681e-06	0.007199233891126947	5.293955920339377e-22			0.0	1.0	1.0	1.0	0.7898089171974523	0.0	1.0	draw4308	True
-0.14032470563667063	-0.8674623979418752	0.1265861847565649	0.006697639530763774	0.05200564146002104	0.05200578714205552	176.0	0.0	0.18661319927729034	0.04031814396757255	0.04072655790518892	0.03391246839756722	2.0816681711721685e-17			0.0	1.0	1.0	1.0	0.7272727272727273	0.0	1.0	draw4311	True
-0.731878955664568	-0.731878955664568	0.12543272603942687	0.0002744981593818363	0.18930089392541272	0.18936993202784436	231.0	0.0	0.0005999429420695097	9.99963734922671e-07	0.12543272603942687	0.0002744981593818363	3.469446951953614e-17			0.0	1.0	1.0	1.0	0.8220640569395018	0.0	1.0	draw4312	True
-0.8754216353231141	-1.2742748982843812	0.3451034670795717	0.0003621427653559654	0.057087228754589776	0.05709097868828807	223.0	0.0	0.5078215139127541	0.047779483179733115	0.0007695134393513276	0.057087228754589776	1.3992984288641042e-17			0.0	1.0	1.0	1.0	0.8884462151394422	0.0	1.0	draw4315	True
-12.349953384152101	-12.349953384152101	3.667080506847649	0.2411008201980263	0.41841223562645774	0.41848134932423137	49.0	0.0	0.032326053564147125	0.5293634778746173	3.667080506847649	0.2411008201980263	3.3306690738754696e-16			0.0	0.0	1.0	1.0	0.24257425742574257	0.0	1.0	draw4318	True
-0.064763325751245	-0.5856042665306976	0.08563856021566732	0.09529350639431698	0.16875496619964528	0.16875531359418236	127.0	0.0	0.7416841241456315	0.0003548509016987816	4.6597623760073366e-05	0.16875496619964528	2.0328790734103208e-20			0.0	1.0	1.0	1.0	0.7791411042944786	0.0	1.0	draw4319	True
0.04547393418172306	-2.701809744689933	0.06901227383526572	0.010517485789899009	0.04572204289859892	0.04572990508877581	169.0	35.0	1.9152934444278003	0.20404461400446627	0.0011651516948198467	0.035526303055420747	3.8163916471489756e-17	0.0307619644579903	0.0018307218583164186	0.0	1.0	1.0	1.0	0.7222222222222222	0.0	1.0	draw4320	True
-0.30297044479605434	-12.499710086620697	2.4828533778080497	0.27928097358790616	2.013616996092665	2.013786831689403	169.0	0.0	0.6588408127811948	0.0008300203238682862	0.006919221750795606	2.013616996092665	5.421010862427522e-20			0.0	1.0	1.0	1.0	0.8009478672985783	0.0	1.0	draw4323	True
-1.066718557039088	-2.1011529429506624	0.003199658566345802	0.023916818475581227	0.5794008510032556	0.5795548885161679	183.0	0.0	0.3618629590089216	0.07879759371490004	4.5673090815169825e-05	0.5794008510032556	4.743384504624082e-20			0.0	1.0	1.0	1.0	0.8591549295774648	0.0	1.0	draw4326	True
-0.10605262840124795	-0.1242586570406932	0.0019474159368866428	0.0009465848177978491	0.00407723724708114	0.004078026100233236	177.0	0.0	0.029910902763187384	0.0013301509436608662	0.00011056139018643916	0.0031825772419178723	1.3010426069826053e-18			0.0	1.0	1.0	1.0	0.6389891696750902	0.0	1.0	draw4327	True
-0.06127350551707828	-0.06429959213125438	0.0010332731787990371	0.0018658333615591358	0.038809797217485564	0.03881149264153849	167.0	0.0	0.8741276288388199	0.24051982604183775	2.1569664980332612e-05	0.038809797217485564	7.806255641895632e-18			0.0	1.0	1.0	1.0	0.8520408163265306	0.0	1.0	draw4328	True
-0.14551620947479765	-0.4370342365716903	0.017926746875881323	0.022859493238895506	0.03369696729320453	0.03369697062371809	139.0	0.0	0.0786147634707605	0.0013571114154823137	5.669642861038944e-05	0.033673013584455236	6.098637220230962e-20			0.0	1.0	1.0	1.0	0.8323353293413174	0.0	1.0	draw4330	True
-0.12367497944535544	-0.5439378225347085	0.03704478396052504	0.00015251075610192636	0.08489665500533775	0.08490982339883772	239.0	0.0	0.3000001967272992	0.09480337277081076	0.049449735485796044	0.054608953939636065	5.551115123125783e-17			0.0	1.0	1.0	1.0	0.6530054644808743	0.0	1.0	draw4331	True
-0.0602761752056241	-0.0602761752056241	0.000864211177856645	7.319713377487347e-06	0.004197232599786693	0.00419770072522477	236.0	0.0	0.00031143644242217095	9.994834199906247e-07	0.000864211177856645	7.319713377487347e-06	1.951563910473908e-18			0.0	1.0	1.0	1.0	0.8939393939393939	0.0	1.0	draw4332	True
-0.772456456300908	-2.1665840892044703	0.5387977112092359	0.003710682825192263	0.2764848944666083	0.2768551114410394	191.0	0.0	0.8977287870971561	0.17977659025124085	0.03977661070563708	0.2764848944666083	1.1102230246251565e-16			0.0	1.0	1.0	1.0	0.8761467889908257	0.0	1.0	draw4334	True
-2.5878920360089155	-2.6086697150067506	0.009031421427414026	0.00033542603423615893	0.006565855636982937	0.006566650629184958	222.0	0.0	0.002525278793050414	0.01042769205228937	0.000305472680778317	0.006521876381658978	1.503483481376383e-20			0.0	1.0	1.0	1.0	0.888	0.0	1.0	draw4336	True
-1.1165631124375883	-1.1165631124375883	0.22339997922436108	0.00013886857861149823	0.15766835440621593	0.15808750948659087	230.0	0.0	0.0005343161738145154	9.992584978068089e-07	0.22339997922436108	0.00013886857861149823	4.163336342344337e-17			0.0	1.0	1.0	1.0	0.8455882352941176	0.0	1.0	draw4341	True
-3.0307938513704467	-3.0307938513704467	19.009624019686218	1.8919314287936964	3.162628768955617	3.1638313353124894	40.0	0.0	0.39351749072839776	0.3731261446695894	19.009624019686218	1.8919314287936964	8.881784197001252e-16			0.0	0.0	1.0	1.0	0.1423487544483986	0.0	1.0	draw4342	True
-0.7428217218888403	-0.8549563826878923	0.127037538929217	0.010779247342112276	0.8223063460902735	0.8223491629466311	213.0	0.0	0.4566637361720496	0.019591666837415093	0.03488534277535738	0.4843678205842854	3.3306690738754696e-16			0.0	1.0	1.0	1.0	0.7395833333333334	0.0	1.0	draw4344	True
-0.18549196243504879	-0.20818361523543055	0.0008119715638340173	0.0001688863608895429	0.04852065880994775	0.048570321754220276	222.0	0.0	0.2488836316583832	0.16730523271599348	5.9338240547770444e-05	0.04852065880994775	4.607859233063394e-19			0.0	1.0	1.0	1.0	0.8072727272727273	0.0	1.0	draw4345	True
-0.06799012847399916	-1.381260369609317	0.007834795938827768	1.4973061277883689e-05	0.11188522774644194	0.11189200415455373	234.0	0.0	0.4012527141452849	0.15123870442973536	0.13773873681339358	0.07161335232882006	1.249000902703301e-16			0.0	1.0	1.0	1.0	0.72	0.0	1.0	draw4348	True
-0.16561478724267562	-4.9709420442785754	0.47326934337496274	0.002529404580932402	0.12976479784167527	0.12976689462202073	226.0	0.0	0.16906565760522005	0.03447365380603869	0.00023724524331503383	0.12976479784167527	5.421010862427522e-19			0.0	1.0	1.0	1.0	0.8692307692307693	0.0	1.0	draw4350	True
-0.12814201794563193	-0.13443943301989836	0.000881968742477021	0.0022257414433959166	0.0023647176789319507	0.0023647179919405697	97.0	0.0	0.019199150698502938	8.18832443741033e-05	3.105812596804077e-07	0.0023647176789319507	2.541098841762901e-21			0.0	1.0	1.0	1.0	0.6423841059602649	0.0	1.0	draw4351	True
-0.670878282980688	-6.965937739413793	1.3758372851962515	0.05727570764292111	0.5234540362042702	0.5234820542894776	189.0	0.0	0.3724435726880927	0.06637429142152244	0.0026523147727241176	0.5234540362042702	1.734723475976807e-18			0.0	1.0	1.0	1.0	0.8709677419354839	0.0	1.0	draw4354	True
-0.5201730063637853	-0.5201730063637853	0.6182118316328121	0.24247876991472983	0.34651270576881016	0.3465324285494881	37.0	0.0	0.19099767022368727	0.28395623632168476	0.6182118316328121	0.24247876991472983	2.7755575615628914e-16			0.0	0.0	1.0	1.0	0.167420814479638	0.0	1.0	draw4355	True
-0.04973446764947772	-0.05031770246507003	8.152793048587533e-05	0.0001560911563526986	0.0002832699526933784	0.0002832708767990506	135.0	0.0	0.0056932625320726135	6.305716155872086e-05	5.2996407835397415e-06	0.0002760852200564886	7.279189390466644e-22			0.0	1.0	1.0	1.0	0.8083832335329342	0.0	1.0	draw4356	True
-0.04337577300209001	-0.059943275490489986	0.0007293842887178538	0.005571936371184918	0.031193985001370297	0.03119890214845322	156.0	0.0	0.1368480058621497	0.00010752811178995338	3.055693894531618e-05	0.005885330745070229	1.2836953722228372e-16			0.0	1.0	1.0	1.0	0.6872246696035242	0.0	1.0	draw4359	True
-7.4826313144620995	-8.960537373745224	8.015226899730052	0.31982884138568574	0.3693374920929546	0.36934754939775266	58.0	0.0	0.24353373792932279	6.685634794327877e-06	0.046304756444017534	0.3693374920929546	1.4836311466751104e-20			0.0	1.0	1.0	1.0	0.38666666666666666	0.0	1.0	draw4360	True
-0.018049925977471737	-3.7148167653441546	2.2676641379653537	0.006333775675503814	0.14010316140858164	0.14013250491325252	198.0	0.0	0.3218814566098119	0.09069601065091301	0.04146564960797454	0.13619801267141318	4.163336342344337e-17			0.0	1.0	1.0	1.0	0.8081632653061225	0.0	1.0	draw4364	True
-0.26976667924326797	-0.577096455400355	0.0016184834117347435	5.74241390494899e-05	0.06996721104417175	0.07003273074679714	254.0	0.0	0.2477719665158571	0.4030184111460678	0.00010167100438284747	0.06996721104417175	9.825582188149884e-19			1.0	0.0	1.0	1.0	0.8523489932885906	0.0	1.0	draw4365	True
-3.083072907603536	-54.300298125149034	32.37015823974279	0.01609586460819234	1.4495865310696556	1.4509668780388725	181.0	0.0	0.8650772833616915	0.1809541472464462	1.131298705699832	1.4495865310696556	1.3322676295501878e-15			0.0	1.0	1.0	1.0	0.8660287081339713	0.0	1.0	draw4368	True
-0.17036816899111817	-0.9953378629808827	0.09191605184723413	0.02534094904125437	0.13881923330074658	0.13882763527377148	141.0	0.0	1.4485802240607475	0.021619908095471665	0.00025742550929282176	0.13881923330074658	1.5178830414797062e-18			0.0	1.0	1.0	1.0	0.8392857142857143	0.0	1.0	draw4369	True
-0.0637469042217207	-0.08246440578477594	0.00035060152827829836	0.009359524531470313	0.04812773304656558	0.04812773790434023	151.0	0.0	0.6423605578369732	0.01657016218238802	7.327707915053625e-08	0.04812773304656558	6.098637220230962e-20			0.0	1.0	1.0	1.0	0.8628571428571429	0.0	1.0	draw4371	True
-1.4101003260285514	-1.429333822196774	0.008026298980324214	0.003732632946959179	0.1893541249196801	0.18935565074562774	196.0	0.0	0.13538796519019386	0.033323013255894804	1.343576689855579e-05	0.1893541249196801	4.743384504624082e-20			0.0	1.0	1.0	1.0	0.8868778280542986	0.0	1.0	draw4372	True
-0.29104083594427055	-0.40418458200799057	0.038978987244444624	0.015342330157360145	0.06725179501501986	0.06725366977207967	133.0	0.0	0.49045466829454304	0.00010307576748338351	0.0003528058019231674	0.06725179501501986	3.874513989198382e-21			0.0	1.0	1.0	1.0	0.7	0.0	1.0	draw4376	True
-0.5704762347351927	-3.920840423700911	0.7640115458360788	0.0019897078971998945	0.24865596840940357	0.24874246439296857	199.0	0.0	0.942416660938032	0.7864804765222241	0.0027778862210796904	0.24865596840940357	1.942890293094024e-16			0.0	1.0	1.0	1.0	0.8614718614718615	0.0	1.0	draw4377	True
-0.4946111869251062	-0.5029236515751653	0.0017677267311378936	0.1182758803173394	0.2128453859417921	0.11826543300881517	24.0	0.0	1.0431137850181091	0.15928884673901572	0.049873923848241256	0.12719605299485484	1.249000902703301e-16			0.0	0.0	0.0	0.0	0.11483253588516747	0.0	1.0	draw4379	True
-0.5765937501980906	-2.2368313587188196	0.029789086676322768	0.002518673437026919	0.15355593352404284	0.15355596595745183	214.0	0.0	0.13689629319647378	0.12406800689856007	1.8530611967190793e-05	0.15355593352404284	8.673617379884035e-19			0.0	1.0	1.0	1.0	0.8770491803278688	0.0	1.0	draw4380	True
-0.9826619082034842	-2.3106294050628766	1.0513013133974873	0.22741746338561653	0.3609141412997486	0.36093142290026997	95.0	0.0	0.7380167806504083	4.259485017842912e-05	0.005482108030029637	0.3609141412997486	2.371692252312041e-20			0.0	1.0	1.0	1.0	0.5491329479768786	0.0	1.0	draw4382	True
-0.9173333432253375	-1.3466157983833558	0.2869935578642893	0.041963478431603675	0.12225219893005347	0.12226334035888047	135.0	0.0	0.7472563762838708	0.0002118821618493905	0.0024780293243649803	0.12225219893005347	2.710505431213761e-20			0.0	1.0	1.0	1.0	0.7541899441340782	0.0	1.0	draw4383	True
-2.2885384410175167	-2.3901621349457742	0.14987489546138572	0.0090736674601305	0.19087971833058584	0.1909645722100613	152.0	0.0	1.1231990813447204	0.026983555891750395	0.019372399026762733	0.19087971833058584	8.74965044536137e-15			0.0	1.0	1.0	1.0	0.8491620111731844	0.0	1.0	draw4384	True
-0.0947739570275136	-26.183940317627737	0.09820114502935155	0.1717179927369109	1.3087921980010895	1.3087939615393254	181.0	0.0	0.1909616372084856	0.004926189601325333	2.552888539296834e-05	1.3087921980010895	5.082197683525802e-21			0.0	1.0	1.0	1.0	0.8379629629629629	0.0	1.0	draw4385	True
-1.5701306321435067	-2.2929564521812575	0.004423684048741607	0.00022918825459973706	0.04091871857172975	0.040925346070716524	234.0	0.0	0.02418261512149517	0.5215925105464392	0.00014837480818317078	0.04091871857172975	3.2526065174565133e-19			1.0	0.0	1.0	1.0	0.7335423197492164	0.0	1.0	draw4386	True
-0.013453608658030698	-0.013453608658030698	0.003793378760480386	0.007947053742653355	0.13177425178395585	0.13178439237679612	54.0	0.0	0.7065045767061358	0.12060602139219492	0.003793378760480386	0.007947053742653355	1.457167719820518e-16			0.0	0.0	1.0	1.0	0.34177215189873417	0.0	1.0	draw4387	True
-0.046274476926141686	-0.269552104085603	0.013396835348323295	0.0015639574380543035	0.06087665877600731	0.06090600710185842	189.0	0.0	1.7748927454934493	0.375952519128617	7.238878505408526e-05	0.06087665877600731	1.5612511283791264e-17			0.0	1.0	1.0	1.0	0.863013698630137	0.0	1.0	draw4388	True
0.9423466233077842	-2.166830662714352	0.5765611818322836	0.002922877334968493	0.27021075296498653	0.2702188170827769	201.0	7.0	1.1064156308416966	0.2246060447069892	0.005459816297458601	0.27021075296498653	1.6653345369377348e-16	0.2540254751926677	0.23891160964150948	0.0	1.0	1.0	1.0	0.788235294117647	0.0	1.0	draw4390	True
-0.11960882108020596	-0.2333904316382723	0.013564517318777098	0.0013243947255758603	0.024814583082886553	0.02481611305162905	175.0	0.0	0.2089887912797926	0.033031950839272864	0.000278835516825411	0.02477492798662992	1.3010426069826053e-18			0.0	1.0	1.0	1.0	0.8536585365853658	0.0	1.0	draw4393	True
-0.11024938717394371	-0.11024938717394371	8.115908721011199e-05	0.0019636401550341288	0.05597214727691704	0.05598272524116966	178.0	0.0	0.018103588161219025	9.992194665734915e-07	8.115908721011199e-05	0.0019636401550341288	4.87890977618477e-19			0.0	1.0	1.0	1.0	0.8018018018018018	0.0	1.0	draw4397	True
-2.394564787696879	-4.35317076297448	4.216280860311441	0.00831974579798294	1.1369620114354118	1.1369803911629455	211.0	0.0	0.5858330257165263	0.489115025781803	0.016499798789622863	1.1369620114354118	2.7755575615628914e-16			0.0	1.0	1.0	1.0	0.8053435114503816	0.0	1.0	draw4398	True
-0.16824111564156002	-0.16824111564156002	0.00035205450948481623	0.0670731193014517	0.07179086970438164	0.07179178180484687	33.0	0.0	0.24654521156227066	0.10088677611656932	0.00035205450948481623	0.0670731193014517	6.938893903907228e-17			0.0	0.0	1.0	0.0	0.11036789297658862	0.0	1.0	draw4400	True
-0.6331024163136354	-0.6696879804711371	0.017778259584605972	0.003164642769676672	0.0390121878331365	0.03901228458980483	158.0	0.0	1.0683372878148796	0.0269006903818073	0.0001160339346132089	0.0390121878331365	1.3444106938820255e-17			0.0	1.0	1.0	1.0	0.8633879781420765	0.0	1.0	draw4401	True
-0.2548986420555655	-0.6944780947803579	0.08981269759976782	0.0018708671460040023	0.10145106276828768	0.10145122569701243	195.0	0.0	0.26009177738277056	0.01159626797984825	4.7801136776410346e-05	0.10145106276828768	6.2341624917916505e-19			0.0	1.0	1.0	1.0	0.874439461883408	0.0	1.0	draw4405	True
-0.3792597994384701	-2.2895634650839556	1.2877946236300915	0.22701277260921093	0.8211414830196277	0.821166305381767	133.0	0.0	0.8691479717805001	0.0007310005277211154	0.0061753637164679515	0.8211414830196277	4.0657581468206416e-20			0.0	1.0	1.0	1.0	0.7964071856287425	0.0	1.0	draw4406	True
-0.322932697889237	-0.461701841052616	0.051427193730198724	0.0032633738345066855	0.09437805488024241	0.09437805680600395	191.0	0.0	0.7743700906653856	0.7485478005271377	2.0003645856622867e-05	0.09437805488024241	8.326672684688674e-17			0.0	1.0	1.0	1.0	0.7670682730923695	0.0	1.0	draw4407	True
-0.1860402021677933	-0.2578856118763411	0.009625188222410387	0.017459181344482738	0.03341686697977108	0.033417180951313005	132.0	0.0	0.15671223101062517	0.0013426816175969912	2.1207149234257034e-05	0.03341404974776591	3.134021904840911e-20			0.0	1.0	1.0	1.0	0.8148148148148148	0.0	1.0	draw4409	True
-0.0669195964135679	-0.6594017274766641	0.07054734217310947	0.008512531899416802	0.09501491219480446	0.09501524592441046	169.0	0.0	0.8155977596554314	0.0824832139522369	0.002522301215171627	0.09389290971654231	2.42861286636753e-17			0.0	1.0	1.0	1.0	0.8535353535353535	0.0	1.0	draw4412	True
-0.31523537867055473	-15.15611012768322	0.024549835248760796	1.318609296206901	1.918023821580654	1.9186023532996015	53.0	0.0	2.6678795801212414	0.8594357904399154	0.020790432157648104	1.918023821580654	8.881784197001252e-16			0.0	0.0	1.0	0.0	0.23873873873873874	0.0	1.0	draw4414	True
-0.1814458069442428	-0.1814458069442428	0.004570405273858145	7.555237929661393e-05	0.02463281334134098	0.024670593335064953	228.0	0.0	0.0005000489417579141	9.997442319766946e-07	0.004570405273858145	7.555237929661393e-05	1.2095630486791409e-18			0.0	1.0	1.0	1.0	0.7625418060200669	0.0	1.0	draw4418	True
-0.027478852056789405	-1.1821706707875101	0.3019160549362939	0.020014143657679992	0.14653357857133456	0.14654214079896175	162.0	0.0	0.4834986991874077	0.01622187743221839	0.0007021423478250214	0.14653357857133456	2.6020852139652106e-18			0.0	1.0	1.0	1.0	0.8223350253807107	0.0	1.0	draw4424	True
-1.8824691905254172	-5.203589868732771	0.1234312082941815	0.0004658896120546672	0.6708663941578203	0.671198350694453	194.0	0.0	0.9428116555846904	0.9763300585472445	0.29789054677999127	0.6375960168059389	9.992007221626409e-16			0.0	1.0	1.0	1.0	0.8117154811715481	0.0	1.0	draw4426	True
-0.48590607959447124	-0.5838634505778825	0.08342384381420732	0.0034390209862252778	0.09882350896414295	0.09887985912530448	185.0	0.0	0.3816023519749509	0.07855369715371029	0.003326818028586098	0.09882350896414295	6.69494841509799e-18			0.0	1.0	1.0	1.0	0.8564814814814815	0.0	1.0	draw4428	True
-0.013027602011581147	-0.013027602011581147	3.0113075368759768e-05	3.1979625590617677e-06	0.0077694756505397155	0.007769847706240925	246.0	0.0	0.00031978637724950325	9.9987681886869e-07	3.0113075368759768e-05	3.1979625590617677e-06	1.043544591017298e-18			0.0	1.0	1.0	1.0	0.8541666666666666	0.0	1.0	draw4430	True
-0.29751892800798263	-0.3385084620775896	0.0044982964798259625	0.00011463472741433852	0.06279154930921743	0.06282274948564891	235.0	0.0	0.19806241653865211	0.14361490361867837	0.00015023249511426768	0.06279154930921743	6.505213034913027e-19			0.0	1.0	1.0	1.0	0.7966101694915254	0.0	1.0	draw4431	True
-0.10778442882548354	-0.2502596367455506	0.013141142039184404	0.006272859764923326	0.015398734387030695	0.015398786797874943	134.0	0.0	0.19542660716230553	0.0019758942038296885	6.747218217067412e-06	0.015398734387030695	1.6263032587282567e-19			0.0	1.0	1.0	1.0	0.8170731707317073	0.0	1.0	draw4432	True
-0.9572024806526152	-0.9572024806526152	0.06913858017484528	0.0987615575868612	0.19603275026982908	0.1960359953613566	37.0	0.0	0.5162056584930597	1.5617540495874438	0.06913858017484528	0.0987615575868612	3.608224830031759e-16			0.0	0.0	1.0	1.0	0.24666666666666667	0.0	1.0	draw4433	True
-8.057196171076036	-19.76366807387837	0.0017518793004484593	0.11951407991240787	0.188238393045922	0.11951397190064811	39.0	0.0	3.514905943242719	0.005377520728366151	1.2722382454465475	0.188238393045922	5.551115123125783e-17			0.0	0.0	0.0	0.0	0.19696969696969696	0.0	1.0	draw4435	True
-5.010127673251006	-8.476545518036259	2.0950377429344056	0.0074786217530289625	0.2151071842059799	0.21518697175518722	178.0	0.0	0.9964515247791724	0.08640020025304686	0.04056868415679201	0.2151071842059799	1.8997932567377251e-16			0.0	1.0	1.0	1.0	0.8768472906403941	0.0	1.0	draw4438	True
-0.07750423187948219	-2.216112011458672	0.012918062600119505	0.00020019417487948153	0.16367054948453788	0.1637705627765792	199.0	0.0	1.552506395980169	0.8616795673341968	0.00991990123545251	0.1049553141623857	5.551115123125783e-17			0.0	1.0	1.0	1.0	0.7624521072796935	0.0	1.0	draw4439	True
-0.015219929446552557	-0.21368548728293052	0.0028887667374687654	0.007994180719790736	0.0560411402305482	0.056055705478889634	154.0	0.0	0.8008219937257294	0.006816915977093481	0.0009885790258612227	0.012413607719187881	4.163336342344337e-17			0.0	1.0	1.0	1.0	0.6470588235294118	0.0	1.0	draw4440	True
-4.587456559140117	-4.587456559140117	0.33298666943339766	0.05032253137994382	0.08017529685601293	0.08017759293752115	53.0	0.0	0.010195199413086047	0.817347106566418	0.33298666943339766	0.05032253137994382	1.3877787807814457e-17			0.0	0.0	1.0	1.0	0.3081395348837209	0.0	1.0	draw4445	True
-14.158972597140961	-35.27087306245109	6.859937839741135	0.010214037266556689	2.3312162956344706	2.332237651402762	236.0	0.0	0.104456159465015	0.34086097920763053	0.03533077030141461	2.3312162956344706	1.734723475976807e-17			0.0	1.0	1.0	1.0	0.9042145593869731	0.0	1.0	draw4446	True
-0.2606498556877391	-0.2606498556877391	0.004192230034181768	0.02883926455895133	0.10388817940411162	0.10393744585494748	63.0	0.0	0.09838218748555283	0.058184674595856196	0.004192230034181768	0.02883926455895133	4.85722573273506e-17			0.0	0.0	1.0	1.0	0.22105263157894736	0.0	1.0	draw4448	True
-1.1063311550643984	-11.74155428787838	34.08795862021792	0.004736101418901491	0.9450659637921945	0.9450975918956023	227.0	0.0	0.26960638631359474	0.08198510811114382	0.9313167967808552	0.9334815327300594	1.1102230246251565e-16			0.0	1.0	1.0	1.0	0.8254545454545454	0.0	1.0	draw4450	True
-0.656117129243977	-0.9966824571500345	0.012239618375168597	0.003461408881754064	0.08285637734263498	0.08294160805196667	190.0	0.0	0.09905197270982484	0.0774098049617219	0.0011405271883081205	0.0821905684373274	3.2526065174565133e-19			0.0	1.0	1.0	1.0	0.7692307692307693	0.0	1.0	draw4456	True
-0.009662079549748924	-0.31281438255353194	0.005354366724073849	0.004005746179195712	0.06876875674284377	0.06876974765142932	182.0	0.0	0.5311291704018115	0.022799801375490498	3.4986110010918495e-06	0.06876875674284377	1.0842021724855044e-19			0.0	1.0	1.0	1.0	0.8792270531400966	0.0	1.0	draw4457	True
6.9754558253327605	-52.67278630514796	3.3562093231493413	0.01963852598018204	1.5367486842745561	1.5367923951913685	171.0	47.0	1.2131823792787584	0.08745402029333368	13.0128662385738	0.9834795467269754	1.7763568394002505e-15	0.5445635640180168	19.580105533280225	0.0	1.0	1.0	1.0	0.6452830188679245	0.0	1.0	draw4459	True
-0.14102859893451467	-0.16921442962367067	0.005709034780321125	0.0028244116197932508	0.04634641866794594	0.04636869881660474	176.0	0.0	0.32630637277506597	0.03830584745808554	0.0033534786723437714	0.0352279526706041	8.673617379884035e-18			0.0	1.0	1.0	1.0	0.8073394495412844	0.0	1.0	draw4461	True
-0.02817111111228726	-0.352200272988761	0.02489992206354821	0.0003861079479352936	0.05380648279267538	0.053808022245099243	210.0	0.0	0.7455234885680629	0.25237415602085855	2.9891586957706582e-05	0.05380648279267538	6.938893903907228e-18			0.0	1.0	1.0	1.0	0.8433734939759037	0.0	1.0	draw4463	True
-0.3719829518650013	-0.6125074865360091	0.07423754193178013	0.03683049676639929	0.3333087630951343	0.3333231459861214	155.0	0.0	0.6969373880906208	0.013686113734121886	0.0004089701345895674	0.3333087630951343	2.168404344971009e-18			0.0	1.0	1.0	1.0	0.8611111111111112	0.0	1.0	draw4469	True
-0.2122243892403405	-0.26524639601860767	0.014654211511536714	0.0010928608241708086	0.09000526541148957	0.09004511036296506	198.0	0.0	0.4341321451675074	0.28204366735405767	0.0008710057938789541	0.08950372993172315	6.938893903907228e-18			0.0	1.0	1.0	1.0	0.8571428571428571	0.0	1.0	draw4474	True
-0.2508281312909894	-11.331874841602462	0.021204892861381046	0.00026475719058009474	0.0018422708631700689	0.0018422753510830667	152.0	0.0	0.9609929220463089	0.006983007853738937	2.9073738360773372e-05	0.0018422708631700689	4.4652612363931324e-17			0.0	1.0	1.0	1.0	0.8539325842696629	0.0	1.0	draw4476	True
-0.6251007838552801	-0.6251007838552801	0.02746710857557821	0.007783405014392995	0.08353268627220825	0.0835331281033526	164.0	0.0	0.013741831537752179	9.989829489812234e-07	0.02746710857557821	0.007783405014392995	3.2526065174565133e-19			0.0	1.0	1.0	1.0	0.8631578947368421	0.0	1.0	draw4477	True
-3.004696065417567	-3.7628811742087533	2.185140636947779	0.21738356135365333	0.2543648833450543	0.2543690337691008	50.0	0.0	0.24856103787654998	4.832935414412652e-06	0.011171303031027537	0.2543648833450543	6.008639969585193e-21			0.0	1.0	1.0	1.0	0.36231884057971014	0.0	1.0	draw4478	True
-6.557767853469276	-6.557767853469276	3.889934583408972	0.128873106658519	0.28438962454285255	0.2844076510629591	91.0	0.0	0.17551733649197132	9.984457411773154e-07	3.889934583408972	0.128873106658519	6.945670167485263e-20			0.0	1.0	1.0	1.0	0.5170454545454546	0.0	1.0	draw4479	True
-0.24939781963021465	-0.29251390661115606	0.017175689510964442	7.648111477627968e-05	0.001851068135648712	0.0018513852802132837	208.0	0.0	0.007051943094094106	0.0016307853582681116	0.00525032250120819	0.0014306375348212925	4.336808689942018e-19			0.0	1.0	1.0	1.0	0.896551724137931	0.0	1.0	draw4480	True
-0.3235663301195181	-0.41122805945575014	0.0404113794638046	8.511687274114985e-05	0.027500989188898463	0.02750395892279543	236.0	0.0	0.11972914907318982	0.27799648724238435	0.0013072989803851389	0.022606914714974863	6.938893903907228e-18			0.0	1.0	1.0	1.0	0.8740740740740741	0.0	1.0	draw4481	True
-0.027179251653692327	-0.08668118355085168	0.0016109927916927419	0.001459843497561951	0.01221464594676766	0.012215523782199936	168.0	0.0	0.29418413804828747	0.011912067976287685	0.00019661025673550482	0.007740358543285664	6.071532165918825e-18			0.0	1.0	1.0	1.0	0.6640316205533597	0.0	1.0	draw4482	True
-0.8439069521328783	-0.8439069521328783	0.011122902839063054	0.0010677532148503234	0.024109507810128866	0.024111092180394048	190.0	0.0	0.0012886542128597858	9.997071076733783e-07	0.011122902839063054	0.0010677532148503234	4.0657581468206416e-20			0.0	1.0	1.0	1.0	0.8796296296296297	0.0	1.0	draw4483	True
0.05420867216641295	-0.275500002247789	0.0034705727344733353	0.0007251223836687474	0.07016972344357984	0.07035155295144972	186.0	14.0	1.4932058061512299	0.8220251594182334	0.0004957954730095543	0.07016972344357984	4.85722573273506e-17	0.056378871478499036	0.0035909797388186887	0.0	1.0	1.0	1.0	0.775	0.0	1.0	draw4485	True
-0.4010678292596233	-0.44896931253931516	0.0065466752073207474	0.00023949421485637475	0.0159096534485275	0.01592311289356365	218.0	0.0	0.04751828030060832	0.16326390460891899	0.00022605393826454468	0.0159096534485275	5.421010862427522e-19			0.0	1.0	1.0	1.0	0.897119341563786	0.0	1.0	draw4486	True
-1.1217831292713027	-8.671848403532765	12.91062979143714	0.06755384659976033	1.2890459368885834	1.2891177158939513	174.0	0.0	1.2989978055809965	0.015643351164417875	0.010102596176111355	1.2890459368885834	1.3877787807814457e-17			0.0	1.0	1.0	1.0	0.8656716417910447	0.0	1.0	draw4489	True
-0.06315453505775881	-0.29077177692219536	0.015795404977449946	0.009196413192549279	0.06167870878852885	0.06168423583722752	162.0	0.0	0.5818484029536969	0.002763066757947015	9.907158336521773e-05	0.06167870878852885	5.421010862427522e-20			0.0	1.0	1.0	1.0	0.8307692307692308	0.0	1.0	draw4490	True
-0.19099288762182126	-0.25270856358956184	0.0016916810369119275	0.0011169164916722816	0.04769111480237433	0.0476911884355494	196.0	0.0	0.25080740325967843	0.21512632084712432	4.708264319224946e-06	0.04769111480237433	1.0842021724855044e-18			0.0	1.0	1.0	1.0	0.8200836820083682	0.0	1.0	draw4492	True
-0.7472437117528157	-1.7182120103835241	0.09990286270117128	0.004590020357299061	0.0849842405464757	0.08498774045859807	190.0	0.0	0.07717999961335978	0.03104510571004299	0.0013869599998185707	0.08483008476935178	2.168404344971009e-19			0.0	1.0	1.0	1.0	0.8636363636363636	0.0	1.0	draw4493	True
-0.019706785972293098	-0.10790534233543403	0.0013512736645290538	0.0005908022457851084	0.03632455560945239	0.03632536714525132	200.0	0.0	0.5475214335405704	0.19199434849958677	2.3492959764595616e-05	0.035856816429003714	3.903127820947816e-18			0.0	1.0	1.0	1.0	0.8733624454148472	0.0	1.0	draw4494	True
-0.017439278070803657	-0.060025646942947104	0.0008015682444634292	0.00010959893604220329	0.016989374022654172	0.01699057543478412	209.0	0.0	0.6717700445895641	0.06581784629818235	4.5881045025325616e-06	0.016989374022654172	3.2526065174565133e-19			0.0	1.0	1.0	1.0	0.8969957081545065	0.0	1.0	draw4495	True
-0.043221514504427884	-0.3030927936221391	0.01568107927446002	0.002908788968961297	0.0638645264388243	0.06386536787282578	178.0	0.0	1.3480956068993837	0.23067890780650005	1.9870514527810177e-05	0.0638645264388243	5.204170427930421e-18			0.0	1.0	1.0	1.0	0.8599033816425121	0.0	1.0	draw4496	True
-0.20544636355168033	-2.01355054464717	0.38100850872636394	0.15693622490453307	0.2852225150608989	0.28522697271898556	93.0	0.0	0.2590067207879012	2.4444334294035977e-05	0.001066228347532047	0.2852225150608989	3.745473813640109e-21			0.0	1.0	1.0	1.0	0.4869109947643979	0.0	1.0	draw4497	True
-1.1105715941862113	-3.496038963964082	0.40268863088057766	0.016722598942236735	0.2801885054665764	0.2802539268634439	166.0	0.0	1.064735668830641	1.585483447610966	0.0028353841912620624	0.2801885054665764	4.163336342344337e-16			0.0	1.0	1.0	1.0	0.8691099476439791	0.0	1.0	draw4501	True
-1.429257514691491	-1.7254477658865246	0.7405011506881065	0.0004221904127613992	0.3299094122658414	0.33012022500086985	240.0	0.0	0.8905721346155598	0.8728227786932768	0.0056930577640380885	0.3299094122658414	1.708702623837155e-16			0.0	1.0	1.0	1.0	0.916030534351145	0.0	1.0	draw4503	True
-15.310850979882774	-15.310850979882774	2.8758089171869528	0.2724961864925274	0.436678003127658	0.4367387425117484	50.0	0.0	0.023054107477922626	1.0043563168905003	2.8758089171869528	0.2724961864925274	1.1102230246251565e-16			0.0	0.0	1.0	1.0	0.3472222222222222	0.0	1.0	draw4504	True
-3.1000950621344536	-13.611062315433635	1.6636105804297396	0.006102784595969569	0.46152653631365737	0.46153813971309293	227.0	0.0	0.08112982668139114	0.23476126572876568	0.003247830479111347	0.46152653631365737	8.673617379884035e-18			0.0	1.0	1.0	1.0	0.8972332015810277	0.0	1.0	draw4505	True
-0.8427268937828247	-2.44116653956973	0.27359211518417936	0.019568193248602442	0.13217393019517154	0.13217506899132214	173.0	0.0	0.10113134060892187	0.007941389060328749	0.0001651777999525924	0.13217393019517154	3.7015339795012925e-19			0.0	1.0	1.0	1.0	0.865	0.0	1.0	draw4507	True
-0.9162921284104646	-9.658357352543321	6.479021780087598	0.004091078433178594	0.48738082546372374	0.48739767232920694	232.0	0.0	0.32145251478294834	0.04391352692401691	0.0052025776954580305	0.48738082546372374	6.288372600415926e-18			0.0	1.0	1.0	1.0	0.8721804511278195	0.0	1.0	draw4510	True
-0.5959242450123406	-1.3835348550390278	0.03132526371710252	0.00013604272861829554	0.19775626256303727	0.1977625378167637	253.0	0.0	0.18507244577575266	1.2296508234773806	0.00010615485436578356	0.19775626256303727	1.3010426069826053e-17			1.0	0.0	1.0	1.0	0.9166666666666666	0.0	1.0	draw4511	True
-0.34467377984774716	-1.484782779923045	0.03274910040194057	0.0005626677274834162	0.15466992082632566	0.154669921565416	183.0	0.0	0.6490681548812312	0.46266845759090136	1.7476710551455778e-05	0.15466992082632566	1.1102230246251565e-16			0.0	1.0	1.0	1.0	0.7887931034482759	0.0	1.0	draw4512	True
-7.695415584431959	-7.698766922249521	0.00038670331222600066	0.0019397408731218083	0.0020913902708443195	0.0020913916454861413	109.0	0.0	0.00026927515266481257	1.2224969111111274e-05	3.593126256510032e-05	0.0020794748287505903	2.6469779601696886e-23			0.0	1.0	1.0	1.0	0.7077922077922078	0.0	1.0	draw4513	True
-0.5748878683948369	-3.8700469237140203	3.130443755036685	0.0009733885765120416	0.4394797345920466	0.43970657458847207	232.0	0.0	0.7096254154645243	0.766781647720464	0.010275388272270583	0.4394797345920466	1.1102230246251565e-16			0.0	1.0	1.0	1.0	0.8285714285714286	0.0	1.0	draw4514	True
-0.2548193318925008	-2.7661359858084653	0.2571232723990043	0.011579695967054195	1.1012569064823456	1.1016594556614339	209.0	0.0	1.5968242837057727	0.08383125628667953	0.0008968082376319283	1.1012569064823456	3.333921680392926e-18			0.0	1.0	1.0	1.0	0.8893617021276595	0.0	1.0	draw4518	True
-0.08878321096340265	-0.26203961720561775	0.008839086379691854	0.002045466664994137	0.08709489142167126	0.08710009593497597	191.0	0.0	0.5968278671098814	0.060922689984332284	9.072090028926858e-05	0.08709489142167126	2.168404344971009e-18			0.0	1.0	1.0	1.0	0.8967136150234741	0.0	1.0	draw4519	True
-0.021333652221336385	-0.06297653488868137	0.000626812757757228	0.003865927982710367	0.024441492764787555	0.024443178211595157	161.0	0.0	0.8729464651856585	0.008687998758521415	7.775949124568482e-06	0.024441492764787555	1.5585406229479126e-19			0.0	1.0	1.0	1.0	0.8429319371727748	0.0	1.0	draw4526	True
-0.025508430317204327	-0.050190896309110236	0.00041369805091450633	0.011073747546616105	0.1268504665529644	0.12685046655512944	177.0	0.0	1.8212019166281477	0.24749729179545535	0.0004211825997497281	0.03208320289361291	5.551115123125783e-17			0.0	1.0	1.0	1.0	0.759656652360515	0.0	1.0	draw4528	True
-0.8280471716660719	-9.695256006698415	8.460597642598874	0.004877203678051103	1.5444316557286155	1.5445517602019943	235.0	0.0	0.8468055668125968	0.1451889548211184	0.007710404849897216	1.5444316557286155	1.0909784360635388e-17			0.0	1.0	1.0	1.0	0.8969465648854962	0.0	1.0	draw4529	True
-0.6108042542395574	-0.927168968634494	0.05507815444743218	0.007877947883227255	0.034718371289724305	0.03471893094956889	154.0	0.0	0.045688057101608545	0.0020196268358764987	4.155992834043759e-05	0.034718371289724305	2.710505431213761e-20			0.0	1.0	1.0	1.0	0.8369565217391305	0.0	1.0	draw4533	True
-1.2042125600866316	-2.272881705747799	1.091793133269038	0.049731039541662705	0.4490252586111194	0.4490783532913211	166.0	0.0	1.883457177519492	0.002873635836776744	0.003619734682729732	0.4490252586111194	5.421010862427522e-19			0.0	1.0	1.0	1.0	0.8217821782178217	0.0	1.0	draw4536	True
-0.1038176263437984	-0.20460236184594538	0.008921679543905088	0.010055883117715178	0.028210188400394316	0.028210605862503117	131.0	0.0	0.7161095619004536	0.00014136645751292696	2.814440747867719e-05	0.028210188400394316	4.235164736271502e-21			0.0	1.0	1.0	1.0	0.7401129943502824	0.0	1.0	draw4537	True
-0.8625580810849932	-1.0316465633764418	0.1034153133544669	0.34159585643574863	0.6226388029470734	0.6226677420525925	36.0	0.0	0.5018736532845288	0.7855063977651848	0.5106273146584439	0.39294813481331115	4.440892098500626e-16			0.0	0.0	1.0	0.0	0.12203389830508475	0.0	1.0	draw4538	True
-0.09909091259503444	-0.5570227687240819	0.005367695471550409	0.0018585905696922897	0.01317393574019932	0.013179532114349293	142.0	0.0	0.6889536034600907	0.02659013788911793	0.00019813548667037338	0.01317393574019932	5.773376568485311e-18			0.0	1.0	1.0	1.0	0.8554216867469879	0.0	1.0	draw4540	True
0.2839809863469618	-6.01206098875983	0.006371338949431384	0.01836653216721179	0.24958271665626092	0.2497731768681425	98.0	34.0	3.059501853781132	0.22577035191682346	0.028032604702721724	0.14881338506339142	1.942890293094024e-16	0.1007645343402177	0.040801063510344605	0.0	0.0	1.0	0.0	0.4803921568627451	0.0	1.0	draw4544	True
-1.5815433282104208	-2.54839665355141	0.6937091101647487	0.0019964745124740955	0.20663734801192193	0.20666376274667347	217.0	0.0	0.1234795906970129	0.258815530524048	0.0034867642562927256	0.20663734801192193	1.734723475976807e-17			0.0	1.0	1.0	1.0	0.8857142857142857	0.0	1.0	draw4546	True
-0.10596553263113709	-0.2825906015018904	0.0009496144025411654	0.0006448105454199425	0.030057742193547964	0.030061963671389306	204.0	0.0	0.18817243274655818	0.28484380831554257	7.462293236554397e-06	0.030057742193547964	3.2526065174565133e-19			0.0	1.0	1.0	1.0	0.8986784140969163	0.0	1.0	draw4549	True
-6.327222812383623	-7.4744202168453855	0.25590211978058947	0.0007443952936158413	0.02060028430161001	0.020602052287230718	192.0	0.0	0.003109702569289726	0.04222731916356282	0.025708313404078236	0.02011427881135408	3.4558944247975454e-19			1.0	0.0	1.0	1.0	0.8571428571428571	0.0	1.0	draw4550	True
-1.3313623463869182	-2.1608062461669006	0.09806773933936062	0.0005013249822912668	0.0567859834848689	0.05680391924953119	233.0	0.0	0.042635995551417644	0.0725745904686199	0.0018615391419461642	0.0567859834848689	1.0638733817514012e-18			0.0	1.0	1.0	1.0	0.8893129770992366	0.0	1.0	draw4552	True
-0.3798087166033367	-0.7540008587117626	0.07045208610714193	0.012237240883619977	0.03544709998118955	0.035447881144365596	133.0	0.0	0.5768502717304008	0.00013570691340459066	0.00016823483041627553	0.03544709998118955	1.3552527156068805e-20			0.0	1.0	1.0	1.0	0.726775956284153	0.0	1.0	draw4554	True
-0.08958853791479607	-0.5679543159611179	0.07785135801294435	0.019262042839204754	0.1761860489984611	0.17624533161080472	160.0	0.0	1.090342873798354	0.005914954857344426	0.0009103200212878976	0.1761860489984611	1.260385025514399e-18			0.0	1.0	1.0	1.0	0.8465608465608465	0.0	1.0	draw4555	True
-0.570449508811685	-0.570449508811685	0.08088707412773648	5.704475587302782e-05	0.031040803879777874	0.031084470080905174	241.0	0.0	0.0001940145580168129	9.995297849436247e-07	0.08088707412773648	5.704475587302782e-05	1.214306433183765e-17			0.0	1.0	1.0	1.0	0.7303030303030303	0.0	1.0	draw4556	True
-1.6146011185720182	-1.6146011185720182	0.12150363887013454	0.00015342021018822512	0.03880766509431109	0.0388521821409402	239.0	0.0	0.00010000000000057474	2.2147796185658455e-06	0.12150363887013454	0.00015342021018822512	8.673617379884035e-19			1.0	0.0	1.0	1.0	0.8535714285714285	0.0	1.0	draw4559	True
-0.11365076600693774	-0.6713560613618451	0.04747313120139559	0.007058962359811653	0.0762987439924211	0.07630882006789319	172.0	0.0	0.31023591313933796	0.05011785259209345	0.03542878147595848	0.03266335568271674	5.551115123125783e-17			0.0	1.0	1.0	1.0	0.688	0.0	1.0	draw4562	True
-0.11267473431149572	-0.11267473431149572	0.0005425081300350839	0.0060266520033284985	0.008989763719158118	0.008991171247106727	45.0	0.0	0.06631117338079337	0.3667130583629934	0.0005425081300350839	0.0060266520033284985	6.938893903907228e-18			0.0	0.0	1.0	1.0	0.28125	0.0	1.0	draw4564	True
-0.018435729954043925	-0.09730121472131535	0.0006659798862060413	0.00660883804101845	0.03244088405924003	0.03244093817520227	156.0	0.0	0.5246271365394608	0.008830425591654463	6.283964239560765e-07	0.03244088405924003	7.792703114739563e-20			0.0	1.0	1.0	1.0	0.8571428571428571	0.0	1.0	draw4565	True
-0.5912373252342552	-0.5912373252342552	0.03696305526241686	0.0001972215417747145	0.02405661623523316	0.0240611247464073	207.0	0.0	0.0027725982723073575	9.988173782017414e-07	0.03696305526241686	0.0001972215417747145	7.359022245745361e-17			0.0	1.0	1.0	1.0	0.8734177215189873	0.0	1.0	draw4566	True
-2.8303324917455734	-5.409668350343101	0.08668225671383813	0.002072410796265871	0.4419493542595566	0.4419507984240057	233.0	0.0	0.13770033620147862	0.23507695459245231	0.000201823961736943	0.4419493542595566	8.673617379884035e-19			0.0	1.0	1.0	1.0	0.823321554770318	0.0	1.0	draw4567	True
-0.9029106342470623	-2.090929484835618	1.0674847776014227	0.02721714775045413	0.6589035290293539	0.6591694551740289	184.0	0.0	0.860031321417213	0.3297824360363739	0.014887862154576567	0.6589035290293539	5.551115123125783e-17			0.0	1.0	1.0	1.0	0.8803827751196173	0.0	1.0	draw4570	True
-0.0737829274946963	-0.11274343711241971	0.003123837377168958	0.0015794505773465554	0.011639792939503247	0.011639943029172747	156.0	0.0	0.19659455032169595	0.0035522798678621886	0.00015605047807815486	0.01152919976913132	6.166399856011306e-19			0.0	1.0	1.0	1.0	0.8524590163934426	0.0	1.0	draw4575	True
-0.3799232259975223	-0.8042717534919874	0.024883908691117868	0.0021858243247389717	0.16521166030331333	0.16523415476424536	204.0	0.0	0.30552968555266596	0.09249543730434845	0.00031986794844312226	0.16521166030331333	2.168404344971009e-18			0.0	1.0	1.0	1.0	0.8607594936708861	0.0	1.0	draw4578	True
-0.8917852702696141	-0.8917852702696141	0.003273467392680987	0.007451116978726389	0.014797379163101605	0.014797381598938491	136.0	0.0	0.008407973532807988	9.993788549309179e-07	0.003273467392680987	0.007451116978726389	5.717472393966527e-21			0.0	1.0	1.0	1.0	0.8192771084337349	0.0	1.0	draw4579	True
-0.21055542745064224	-5.167118399823271	2.02559997318692	0.12037516444295138	1.096483029148285	1.0964833228745612	166.0	0.0	0.3981909782490588	0.003158567393873618	0.0006280972569875792	1.096483029148285	1.0842021724855044e-19			0.0	1.0	1.0	1.0	0.8426395939086294	0.0	1.0	draw4580	True
-0.7995105413463532	-0.7997144060786134	0.08407918204512405	0.0002315537981129663	0.1572951121889146	0.15733833641645925	223.0	0.0	0.007739029422288969	2.069759084433165e-05	0.08345186262654689	0.0009633828301552764	1.6653345369377348e-16			0.0	1.0	1.0	1.0	0.828996282527881	0.0	1.0	draw4582	True
-0.08771700938167455	-0.09720054459614134	0.0013920250413213579	1.1612291670313071e-05	0.0018786522304854794	0.0018789178042736127	270.0	0.0	0.002546396297400724	0.0005135182788301752	0.00038896084126843907	0.0002089557181806852	4.336808689942018e-19			0.0	1.0	1.0	1.0	0.7605633802816901	0.0	1.0	draw4583	True
-0.15547884563005177	-1.1972384532233842	0.1764012084808315	0.0033126601820048234	0.14493042840422513	0.14493296494078722	199.0	0.0	4.900408485996829	0.12515542992759976	3.242727207512662e-05	0.14493042840422513	1.3877787807814457e-17			0.0	1.0	1.0	1.0	0.8923766816143498	0.0	1.0	draw4585	True
-25.466012167613588	-27.382832901474558	0.07159486625019039	0.00274810747472377	0.02469039994857047	0.024690419976898113	178.0	0.0	0.0009372404812680301	0.004933669858949755	2.1743223059270292e-05	0.02469039994857047	3.3881317890172014e-21			1.0	0.0	1.0	1.0	0.8640776699029126	0.0	1.0	draw4586	True
-3.613258948943021	-4.016827612048262	2.0803477278028346	0.15723901423683667	0.19852213159281376	0.19853457905811164	60.0	0.0	0.3131396209298736	1.0147097194414958e-05	0.04027647486739302	0.19852213159281376	3.6422416731934915e-20			0.0	1.0	1.0	1.0	0.3488372093023256	0.0	1.0	draw4588	True
-0.4764530812543921	-2.2231331272611086	0.8275399464987263	0.1413807474089757	0.9144563559313157	0.9144778347814297	152.0	0.0	0.7875805971890784	0.0011459068027024864	0.005322059629520851	0.9144563559313157	1.0842021724855044e-19			0.0	1.0	1.0	1.0	0.8085106382978723	0.0	1.0	draw4589	True
-0.964423341959145	-0.964423341959145	0.5599071112075082	0.18523568333238874	0.43141159495831066	0.43143657109887257	43.0	0.0	0.9800344432435321	0.38392927342448746	0.5599071112075082	0.18523568333238874	8.326672684688674e-16			0.0	0.0	1.0	1.0	0.25146198830409355	0.0	1.0	draw4591	True
0.7406181472578194	0.7114026257702926	0.13724013771890362	1.1491960737355265	2.2331819591038062	2.2360430094040167	40.0	31.0	9.55234066567715	0.7054006198317823	0.13062657125665386	1.248713311561015	8.881784197001252e-16	1.1491960737355265	0.13724013771890362	0.0	0.0	1.0	1.0	0.1652892561983471	0.0	1.0	draw4592	True
-1.20139107128595	-4.206415462361696	0.4117817883381878	0.004008145067340887	0.09667639952584249	0.09667739580571652	172.0	0.0	0.6194274302462939	0.10611566438495518	0.05511246260776832	0.09281512696399874	7.28583859910259e-17			0.0	1.0	1.0	1.0	0.8911917098445595	0.0	1.0	draw4594	True
-0.9128403880535626	-4.345325641495782	0.279162419773198	0.0036097923374886084	0.09439918287498514	0.09440949530965276	171.0	0.0	0.9451537493344673	0.13537595544370767	0.025737977390045245	0.09233728824327797	2.6020852139652106e-16			0.0	1.0	1.0	1.0	0.8724489795918368	0.0	1.0	draw4596	True
-1.282743058737553	-8.077134945690432	0.819092024666539	0.002287472526857315	1.1018854136921115	1.102241921671007	190.0	0.0	1.7196908145138374	0.6129208595789832	0.0500668242067824	1.1018854136921115	6.661338147750939e-16			0.0	1.0	1.0	1.0	0.8715596330275229	0.0	1.0	draw4597	True
-0.54552017076722	-7.350695996867348	2.8531754129995526	0.07339657502982005	0.3605966922375855	0.3605969898537876	185.0	0.0	0.3435885063929228	0.018597238777573934	0.00038097263834090833	0.3605966922375855	1.2841019480375193e-18			0.0	1.0	1.0	1.0	0.8525345622119815	0.0	1.0	draw4598	True
-1.046510841390776	-3.99489362529223	1.7347993338466385	0.006918467689653964	0.11243552718058462	0.11244096531993523	193.0	0.0	1.5507745018523904	0.037446482697757404	0.0009894510920446173	0.11243552718058462	1.9488534050426942e-17			0.0	1.0	1.0	1.0	0.8894009216589862	0.0	1.0	draw4603	True
-2.613316420834294	-29.90663745386624	2.564408669253285	0.0007993816626776805	1.0182222924376227	1.0182994033836703	198.0	0.0	0.9871453114287179	1.4575091799981628	0.011240770610242161	1.0182222924376227	7.771561172376096e-16			0.0	1.0	1.0	1.0	0.9	0.0	1.0	draw4604	True
-0.0896238698329718	-3.0194745023984852	0.45466507861928135	0.0573723419411811	0.2330763554473541	0.23308233701771072	159.0	0.0	0.2304039247076931	0.0006080041567906988	0.0004805404900419773	0.2330763554473541	2.0328790734103208e-20			0.0	1.0	1.0	1.0	0.803030303030303	0.0	1.0	draw4605	True
-0.27438254379440963	-0.9329867347319656	0.20615672577709798	0.01446159965725798	0.26320265603630577	0.2632479787513706	176.0	0.0	0.6859163022248572	0.042216473909902116	0.0018919962700908878	0.26320265603630577	4.7704895589362195e-18			0.0	1.0	1.0	1.0	0.8756218905472637	0.0	1.0	draw4606	True
-6.870890128494588	-14.284208156902459	0.001768015345000459	0.03196093695011151	0.03754738716187131	0.03196091807206543	44.0	0.0	1.0277141245430081	0.0009824316298391604	0.7998206185993012	0.03754738716187131	2.2551405187698492e-17			0.0	0.0	0.0	0.0	0.2732919254658385	0.0	1.0	draw4608	True
-0.011760975129963016	-0.07322340415202758	0.0008917935352012287	0.009230441186011481	0.028516597986185596	0.028516646457271918	151.0	0.0	0.7923756706891998	0.018657032778226605	6.584196516494381e-07	0.028516597986185596	1.3213713977167085e-19			0.0	1.0	1.0	1.0	0.8579545454545454	0.0	1.0	draw4613	True
-0.07702724041553245	-6.477290122602738	0.2841475612531981	0.17032915142936875	0.9940872226721428	0.994089176378972	164.0	0.0	0.3684088889932188	0.0023058213053816614	0.00024195246512082554	0.9940872226721428	1.3552527156068805e-20			0.0	1.0	1.0	1.0	0.8241206030150754	0.0	1.0	draw4614	True
-4.283214666827431	-4.283214666827431	0.03004989525772784	0.00042737218325237803	0.13202400802915948	0.13202757038239432	220.0	0.0	9.999999818245443e-05	3.224587874587904e-05	0.03004989525772784	0.00042737218325237803	2.2768245622195593e-18			1.0	0.0	1.0	1.0	0.8148148148148148	0.0	1.0	draw4616	True
-0.09357715210988804	-0.12185001018913459	0.0026106228912762676	0.0032424870045481753	0.07483271205185199	0.07486092681897405	182.0	0.0	0.5806675811174095	0.09142987764196056	0.0017486284966791868	0.04864430606966314	2.7755575615628914e-17			0.0	1.0	1.0	1.0	0.7777777777777778	0.0	1.0	draw4620	True
-0.0720158510719872	-0.27225648081009923	0.014220995409300179	0.008851688901438195	0.0723363099187968	0.07233637835429266	154.0	0.0	0.5391204429042851	0.0004106135906076916	2.408519057834822e-05	0.0723363099187968	5.029575761677629e-18			0.0	1.0	1.0	1.0	0.8020833333333334	0.0	1.0	draw4622	True
-0.0724691553215006	-0.0724691553215006	0.000996398530695546	6.29590194471652e-06	0.010935154946397161	0.010945013556998201	240.0	0.0	0.0003395291996565932	9.996200459986905e-07	0.000996398530695546	6.29590194471652e-06	4.9873299934333204e-18			0.0	1.0	1.0	1.0	0.8480565371024735	0.0	1.0	draw4625	True
0.24420852263514617	-7.892508183937174	0.0019820508914595797	0.019574636682229724	0.1315098335410063	0.13163386882382783	101.0	52.0	4.638227712475958	0.1039662673537693	0.004802914190292089	0.059331623809300446	4.163336342344337e-17	0.044804412475795	0.007210192426611385	0.0	0.0	1.0	0.0	0.44298245614035087	0.0	1.0	draw4627	True
-4.917934844407895	-36.376698854753826	7.893730749180023	0.08433437214153479	1.1154199489944288	1.1154276443741666	194.0	0.0	0.07963501338269863	0.033710062796422594	0.0033172632194793227	1.1154199489944288	2.6020852139652106e-18			0.0	1.0	1.0	1.0	0.8778280542986425	0.0	1.0	draw4629	True
-0.14738030463996304	-0.15427553330162233	0.0011702245433509167	3.82337830620098e-06	0.003937960078385748	0.003940163547647737	243.0	0.0	0.1303627523259476	0.10589665106068376	0.001440324647133019	0.0029248641992687544	9.107298248878237e-18			0.0	1.0	1.0	1.0	0.8127090301003345	0.0	1.0	draw4632	True
-1.3621642185688259	-1.4140892267521248	0.12894169085873614	0.017265683814604797	0.03224160715684311	0.03224160826178286	137.0	0.0	0.6217081657316391	0.0002214183654619457	1.2971953783183263e-05	0.03224160715684311	1.507586297214646e-19			0.0	1.0	1.0	1.0	0.7611111111111111	0.0	1.0	draw4633	True
-0.29150556049522425	-0.5371429161876832	0.012743237293727866	0.001712403515681711	0.11312743319514604	0.11312827339152554	204.0	0.0	0.3891592022976759	0.21927351125156924	5.1347717572987624e-05	0.11312743319514604	3.469446951953614e-18			0.0	1.0	1.0	1.0	0.864406779661017	0.0	1.0	draw4635	True
-6.08640206373359	-6.588727250435044	5.186903364819139	0.0379384353650918	0.22726959634665977	0.22728557808827438	167.0	0.0	0.49023343559702587	0.005612132718522319	0.40917495064146947	0.22265554204321855	4.01425854362758e-17			0.0	1.0	1.0	1.0	0.8434343434343434	0.0	1.0	draw4636	True
-8.814945670652111	-8.814945670652111	0.2979577828174989	0.07458503199444887	0.0893226989370238	0.089323430504	50.0	0.0	0.01489606623507114	0.8651452521669222	0.2979577828174989	0.07458503199444887	4.163336342344337e-17			0.0	0.0	1.0	1.0	0.3105590062111801	0.0	1.0	draw4637	True
-0.11206160360007547	-1.3248395850248014	0.3710668744186654	0.001556079564839059	0.1761958575713828	0.17619594284894316	216.0	0.0	0.5047517044443708	0.10700082054243996	2.074018655760237e-05	0.1761958575713828	5.204170427930421e-18			0.0	1.0	1.0	1.0	0.8925619834710744	0.0	1.0	draw4638	True
-0.007490950197785425	-0.02915572504619601	0.00019339750493561165	0.007008073599907445	0.03411969382453804	0.03413469687304779	168.0	0.0	0.8102389970918652	0.03334097839522094	9.440061680956354e-07	0.013763772371194825	2.42861286636753e-17			0.0	1.0	1.0	1.0	0.6536964980544747	0.0	1.0	draw4639	True
3.670269214074499	-20.203436708958378	0.0030007910090380837	0.21507581687705796	0.9775981193122589	0.9781000897927702	82.0	33.0	5.297445690339018	0.21325920119684963	0.3133666624273471	0.8932316999859294	5.551115123125783e-16	0.5529296839295705	0.6914078085131272	0.0	0.0	1.0	0.0	0.311787072243346	0.0	1.0	draw4640	True
-0.22808065805411443	-0.4188976957159883	0.015906114507115987	0.008565526603069822	0.16490814826355468	0.16490828506465893	178.0	0.0	0.5460267100735096	0.10413117178052628	1.607205856632077e-05	0.16490814826355468	2.3852447794681098e-18			0.0	1.0	1.0	1.0	0.8811881188118812	0.0	1.0	draw4642	True
0.25904662410117063	-1.5888682738826068	0.4348007541399758	0.058814880678601446	0.3151758738342045	0.3151847800466755	166.0	16.0	1.2463701518867	0.3132149218534239	0.0007560833386296963	0.3151758738342045	6.938893903907228e-17	0.297943973383197	0.02796577761925057	0.0	1.0	1.0	1.0	0.7063829787234043	0.0	1.0	draw4644	True
-1.6284240333601712	-1.6284240333601712	0.04461410510758822	0.015084108562317327	0.07624469597829324	0.0762447102865528	80.0	0.0	0.01006528425291382	0.8226594150525115	0.04461410510758822	0.015084108562317327	5.551115123125783e-17			0.0	0.0	1.0	1.0	0.45454545454545453	0.0	1.0	draw4648	True
-1.618214207359438	-1.618214207359438	0.9172695958115933	0.5088042502101163	1.5106692764019038	1.5115608753638312	45.0	0.0	0.28943873595071534	0.6237006592869541	0.9172695958115933	0.5088042502101163	6.661338147750939e-16			0.0	0.0	1.0	1.0	0.22727272727272727	0.0	1.0	draw4650	True
-0.012921923137300473	-0.11765790752540696	0.00036100707996440185	0.01834364830803494	0.07677545263003457	0.07677566136576934	149.0	0.0	0.8412405213938358	0.004582994912854841	1.9856887385818705e-06	0.07677545263003457	4.1689902872672595e-20			0.0	1.0	1.0	1.0	0.8563218390804598	0.0	1.0	draw4651	True
-0.018391871195008534	-0.018391871195008534	7.699572272225539e-05	0.0001517358127293047	0.007626150558238774	0.007639493929232008	180.0	0.0	0.023950547086180437	9.981774236758486e-07	7.699572272225539e-05	0.0001517358127293047	3.903127820947816e-18			0.0	1.0	1.0	1.0	0.6923076923076923	0.0	1.0	draw4653	True
-7.205191597729804	-16.371708580047752	1.9399204055545485	0.0016258823428135245	0.8676591367412291	0.8685887079794098	252.0	0.0	0.08544293790713008	0.08621176105650181	0.03415195405347986	0.8676591367412291	1.734723475976807e-18			1.0	0.0	1.0	1.0	0.8904593639575972	0.0	1.0	draw4655	True
-0.23662848613865578	-0.23662848613865578	0.013903067828286621	0.0002577391283954161	0.07122575886439053	0.07128699720281283	210.0	0.0	0.0020193752379975504	9.995135234704863e-07	0.013903067828286621	0.0002577391283954161	7.806255641895632e-18			0.0	1.0	1.0	1.0	0.8713692946058091	0.0	1.0	draw4658	True
-3.3331170469202203	-4.731386308663008	5.1735843222203135	0.0006971393935242038	0.21131039774189386	0.21131867023698858	232.0	0.0	0.2037377973676934	0.09649560533396703	0.01704481244977378	0.21131039774189386	8.765774564545303e-17			0.0	1.0	1.0	1.0	0.9027237354085603	0.0	1.0	draw4659	True
-0.6799648372699844	-1.4993007322604455	0.00030434748523888684	0.0012550235922562999	0.146848659313857	0.146866675793911	219.0	0.0	0.14028299423720966	0.17796721530662188	7.456930348224176e-06	0.146848659313857	2.625802136488331e-20			0.0	1.0	1.0	1.0	0.8725099601593626	0.0	1.0	draw4660	True
-2.0728151362530727	-12.59208659653822	37.78516459700095	0.12006349381567316	2.2368951821833507	2.237038547438898	181.0	0.0	0.5135900995347316	0.03991511444806357	0.08002711290655232	2.2368951821833507	3.469446951953614e-17			0.0	1.0	1.0	1.0	0.8743961352657005	0.0	1.0	draw4664	True
0.04093089019630104	-0.36752909927911137	0.01484989209274619	0.004142311314735875	0.08840218507535422	0.08843231545453208	176.0	5.0	2.7132804216829283	0.3101488155144543	0.00011336224493713857	0.08840218507535422	1.3877787807814457e-17	0.08710206063447912	0.0006165149416598126	0.0	1.0	1.0	1.0	0.8148148148148148	0.0	1.0	draw4665	True
-0.6801661460110945	-1.6428872201943638	0.6730741051444538	0.0010693432044472837	0.19825733944664045	0.19826463531075397	216.0	0.0	0.2705451451987804	0.11855114026453276	0.002018331060289648	0.19825733944664045	3.469446951953614e-17			0.0	1.0	1.0	1.0	0.8852459016393442	0.0	1.0	draw4667	True
-0.34760536751757926	-1.9829877961077655	0.09811580641647895	0.0015062076379006458	0.2554139094917439	0.25541691262559196	224.0	0.0	0.2774651575855603	0.11053032838252065	0.00029533466139373786	0.2554139094917439	1.3010426069826053e-18			0.0	1.0	1.0	1.0	0.896	0.0	1.0	draw4669	True
-0.19113101310658373	-0.24998427538092474	0.01497912666123177	0.0031931673559515475	0.0333763860934391	0.0333764077818984	156.0	0.0	0.24873002691140236	0.004778841758743962	1.395292098339992e-05	0.0333763860934391	2.0498197323554068e-19			0.0	1.0	1.0	1.0	0.8478260869565217	0.0	1.0	draw4672	True
-3.2488976852479765	-11.233679442911406	26.323400163099553	0.07895514374691745	0.41028460453926985	0.41028554599660616	203.0	0.0	1.3299392567807615	0.2403793486765477	0.001945812725292335	0.41028460453926985	2.220446049250313e-16			0.0	1.0	1.0	1.0	0.9022222222222223	0.0	1.0	draw4673	True
-0.9737902736597097	-13.000141110460893	17.262565368678725	0.009390176799952044	2.587398807232676	2.589994675173101	221.0	0.0	0.6679256462127728	0.1804230076245208	17.898676553952505	1.6414443768663651	1.7763568394002505e-15			0.0	1.0	1.0	1.0	0.7441077441077442	0.0	1.0	draw4674	True
-0.26538988801567687	-7.664882026209963	2.1291269446477967	0.020088657474602742	1.0848250329994011	1.0849348434782768	205.0	0.0	0.45682759072903056	0.025820221995997213	0.003672051991409727	1.0848250329994011	2.6020852139652106e-18			0.0	1.0	1.0	1.0	0.8760683760683761	0.0	1.0	draw4675	True
0.005385533556453215	-67.48771929851576	35.363410349758375	0.03840228670838649	0.830580146851309	0.8305841785660296	191.0	1.0	0.9300113966614878	0.19029988775297954	2.8876782927408815	0.6218369423107192	9.992007221626409e-16	0.6218369423107192	2.8876782927408815	0.0	1.0	1.0	1.0	0.7234848484848485	0.0	1.0	draw4676	True
-0.14318294709216203	-0.5619987202899447	0.05212684480759813	0.010211370931220513	0.32017094929728807	0.3202753735543575	188.0	0.0	2.1337034466585605	0.04998097232954872	0.0004005918474439098	0.32017094929728807	1.0842021724855044e-18			0.0	1.0	1.0	1.0	0.8703703703703703	0.0	1.0	draw4679	True
-15.875224860267515	-18.06240655090931	10.309962326065401	0.09825807768013951	0.14261041522478973	0.14261048892772668	96.0	0.0	0.31531685025157824	3.23198568624069e-05	0.005586757725990732	0.14261041522478973	2.0257322329178627e-19			0.0	1.0	1.0	1.0	0.5217391304347826	0.0	1.0	draw4680	True
-0.22619556372410196	-0.5916001769065244	0.08539242288382456	0.03345886954565091	0.08077564933625933	0.08077578997063845	135.0	0.0	0.3680847011404328	0.003608431660242777	1.981658888149681e-05	0.08077564933625933	5.692061405548898e-19			0.0	1.0	1.0	1.0	0.8333333333333334	0.0	1.0	draw4682	True
-0.9276442443423119	-1.1776510345881082	0.18223874703389017	0.0028964361315331616	0.162376698011632	0.16239690017848712	200.0	0.0	0.19443547344450823	0.2637363518070868	0.0013040042175352495	0.162376698011632	1.9081958235744878e-17			0.0	1.0	1.0	1.0	0.8968609865470852	0.0	1.0	draw4683	True
-0.9567362903145977	-2.6274031506872997	0.5592228861266233	0.012185665836820434	0.20303119895004984	0.20309964037469808	189.0	0.0	0.15418833309490135	0.15907742147620982	0.004954445999841681	0.20303119895004984	1.0408340855860843e-17			0.0	1.0	1.0	1.0	0.8253275109170306	0.0	1.0	draw4684	True
-0.39203754243737166	-2.323671501764234	0.019860708531589805	0.00047511316635734613	0.019616675687009193	0.019631915520241877	167.0	0.0	0.5646063086748693	0.17873761883142064	0.009198262457364178	0.014329588165116171	4.85722573273506e-17			0.0	1.0	1.0	1.0	0.8434343434343434	0.0	1.0	draw4685	True
-0.027010044417827138	-0.48315485769419536	0.04291627521437851	0.02111996629785447	0.055822748997229915	0.0558231692017894	141.0	0.0	0.6185875888907343	0.007065462217018466	2.1989436795532892e-05	0.055822748997229915	1.4772254600114998e-18			0.0	1.0	1.0	1.0	0.8392857142857143	0.0	1.0	draw4688	True
-3.2878798455343143	-3.941120351366319	0.6528597138377027	0.008469158304489905	0.18648801214754565	0.18651584709597513	178.0	0.0	3.691320537596414	0.006040398671693864	0.002165207474715279	0.18648801214754565	1.1638232695274087e-17			0.0	1.0	1.0	1.0	0.8317757009345794	0.0	1.0	draw4690	True
-0.8597727198308572	-2.5384342827055697	1.609377284870986	0.0027848976773608594	0.40649501513227637	0.4065550102188456	210.0	0.0	0.601761439964748	0.022583873203832226	0.010772303712178449	0.40649501513227637	6.071532165918825e-18			0.0	1.0	1.0	1.0	0.8786610878661087	0.0	1.0	draw4692	True
-1.2045700181948458	-23.697622185136385	3.0344538825043093	0.003454391665366038	0.12062551029609463	0.12071349929543207	180.0	0.0	0.8269332414612217	0.40915332558830964	0.005639050099005156	0.12062551029609463	2.7929047963226594e-16			0.0	1.0	1.0	1.0	0.8737864077669902	0.0	1.0	draw4696	True
-2.1289252137601573	-2.8479370165756848	0.7226291514995352	0.11312389105198818	0.1516160568993824	0.1516286057283662	62.0	0.0	0.5444959219960432	1.0564728206978922e-05	0.011113280216042045	0.1516160568993824	7.623296525288703e-21			0.0	1.0	1.0	1.0	0.3668639053254438	0.0	1.0	draw4697	True
-0.37386053707568856	-0.5771402961417698	0.0564029046573823	0.01330159216302035	0.1303942676350887	0.13039427425527567	171.0	0.0	2.2840378012169307	0.20812496268716305	6.641967398672366e-06	0.1303942676350887	3.122502256758253e-17			0.0	1.0	1.0	1.0	0.8814432989690721	0.0	1.0	draw4700	True
-0.04455430759346581	-0.1999122404942967	0.0020538859231065323	3.835712978431516e-05	0.002563221608643271	0.0025632371729110404	191.0	0.0	0.1713412213777004	0.012058641412671425	6.905208015441678e-06	0.002563221608643271	6.744499842512366e-19			0.0	1.0	1.0	1.0	0.8721461187214612	0.0	1.0	draw4703	True
-1.2266401748398001	-1.3115077620294384	0.20039705190555712	0.0017603196719441214	0.0854652423706862	0.08546575507807241	190.0	0.0	0.28731944462133424	0.004317966404773047	0.1675774743724676	0.05024669767522274	1.9081958235744878e-17			0.0	1.0	1.0	1.0	0.8715596330275229	0.0	1.0	draw4704	True
-0.7517156412436574	-1.2885736027208927	0.04766234795268879	0.010923624832310517	0.1076667478304074	0.10766681968443421	169.0	0.0	0.10788824147208818	0.004937168892738647	9.754922500110269e-06	0.1076667478304074	5.421010862427522e-20			0.0	1.0	1.0	1.0	0.8622448979591837	0.0	1.0	draw4707	True
-0.0780240012702272	-0.5290579166628314	0.0003557921169394159	0.040002097138198175	0.05272414903213488	0.039994304254150015	27.0	0.0	2.571411364513293	0.07459885006830463	0.014144213059408137	0.05272414903213488	1.0408340855860843e-17			0.0	0.0	0.0	0.0	0.13705583756345177	0.0	1.0	draw4708	True
-2.189655758291758	-5.1553091540264	6.629033786106579	0.0005828282293128881	0.1163182749117102	0.11633903825123151	238.0	0.0	0.06387580160629393	0.13692587498417982	0.010992065788112968	0.1163182749117102	1.3877787807814457e-17			0.0	1.0	1.0	1.0	0.8880597014925373	0.0	1.0	draw4710	True
-0.1612324311623775	-6.637307665122509	0.0013874643122214496	0.37724353145483625	0.5136003653318473	0.5139168486630297	39.0	0.0	1.764153032445584	0.18190818986511764	0.021604485206054725	0.5136003653318473	1.6653345369377348e-16			0.0	0.0	1.0	0.0	0.1780821917808219	0.0	1.0	draw4711	True
-0.06423812747037763	-0.08891937043959867	0.0011801317817099314	0.0022486724603719274	0.04411117816076453	0.04411714115167729	167.0	0.0	0.8024111866446197	0.68788904357143	0.0011235986968987446	0.0432929862993261	3.122502256758253e-17			0.0	1.0	1.0	1.0	0.7076271186440678	0.0	1.0	draw4712	True
0.5047080206907218	-7.64349278472746	0.0010780425312171208	0.06927553319144608	0.41856490067475505	0.41858072600720847	99.0	39.0	2.136158994106103	0.24860603594561279	0.11604072076350466	0.31938089856885776	2.7755575615628914e-16	0.24416631694585855	0.22806493330968997	0.0	0.0	1.0	0.0	0.391304347826087	0.0	1.0	draw4714	True
-0.05376849232337533	-0.20835267641378988	4.041496942689285e-06	0.035860329015664424	0.03888364606417016	0.0388852255853806	64.0	0.0	0.9807025787225431	0.02379455897704394	0.002129436063654855	0.03604042006688655	4.2847669856627135e-16			0.0	0.0	1.0	0.0	0.31683168316831684	0.0	1.0	draw4715	True
-1.2348322373029252	-1.3832268445779474	0.011059451034694958	0.00013757463815833684	0.019116740762003565	0.019121859940005655	225.0	0.0	0.012824777695504268	0.05479226758732329	0.0030391556699024005	0.016988578119026643	2.168404344971009e-19			1.0	0.0	1.0	1.0	0.7627118644067796	0.0	1.0	draw4716	True
-0.04715418335409621	-0.3284511008257709	0.0018756529997419995	0.00861643789765344	0.07418071375216657	0.07418170916140965	167.0	0.0	0.31445127775348247	0.036883832503663457	3.404179353253873e-06	0.07418071375216657	2.1006417091906648e-19			0.0	1.0	1.0	1.0	0.8789473684210526	0.0	1.0	draw4717	True
-0.0017654922606332446	-0.04900420573178333	7.042602067692804e-06	0.030222960365458663	0.07975041951713839	0.07983721474610077	69.0	0.0	0.7164362351852153	0.3042797301591133	0.006441666364082764	0.05650835710685009	3.469446951953614e-17			0.0	0.0	1.0	0.0	0.2518248175182482	0.0	1.0	draw4718	True
-0.7919962620922136	-1.9272723978731496	0.25927538840969366	0.0022123793494258147	0.2808362940826201	0.28085833317052566	190.0	0.0	0.9837364978357023	0.2278892119756072	0.017618343876183995	0.2808362940826201	1.3877787807814457e-16			0.0	1.0	1.0	1.0	0.8444444444444444	0.0	1.0	draw4719	True
-0.6538571704284523	-4.771184760947211	0.6014395300827847	0.014150025279679356	0.20056993758420966	0.2005841589148806	158.0	0.0	0.7823357682068017	0.26845658441174997	0.0017208904189369083	0.20056993758420966	7.632783294297951e-17			0.0	1.0	1.0	1.0	0.88268156424581	0.0	1.0	draw4720	True
-0.09076495298670495	-0.11295548528822166	0.0005464213870075035	0.0010517191781954447	0.020828744354146386	0.02084018041906282	182.0	0.0	0.2344625174446947	0.15295753652963268	2.157081196808834e-05	0.020828744354146386	2.710505431213761e-19			0.0	1.0	1.0	1.0	0.774468085106383	0.0	1.0	draw4721	True
-0.8919803776622965	-0.8919803776622965	0.14970781590988597	0.003986717790290018	0.27535523619322244	0.27541921084936316	191.0	0.0	0.0059917404227906096	9.99137235385514e-07	0.14970781590988597	0.003986717790290018	5.204170427930421e-18			0.0	1.0	1.0	1.0	0.8603603603603603	0.0	1.0	draw4722	True
-1.1867067765023607	-1.8512847626000875	0.1575869772855431	0.039966594770782585	0.06130149242637691	0.06130201496834367	91.0	0.0	0.7739540041380166	4.118281386737111e-05	0.0008249249617976103	0.06130149242637691	1.3552527156068805e-20			0.0	1.0	1.0	1.0	0.558282208588957	0.0	1.0	draw4725	True
-2.4431420682382536	-4.209527687778549	3.141075512345065	0.004670341582409625	0.2532265111139741	0.25331653752246946	198.0	0.0	0.40427929017670006	0.15245154212801837	0.029750730000696612	0.2532265111139741	1.6653345369377348e-16			0.0	1.0	1.0	1.0	0.8918918918918919	0.0	1.0	draw4726	True
-0.26189068760867557	-0.33961573110642607	0.026933394263168826	0.002553698170947617	0.07230533171516262	0.07230697307611936	187.0	0.0	0.2618439165956005	0.01980826338211781	0.008430064999987382	0.045532065762946765	3.469446951953614e-17			0.0	1.0	1.0	1.0	0.6515679442508711	0.0	1.0	draw4727	True
-0.48948267711831955	-4.839577889451225	0.04070940950994073	0.02714412781673632	0.24128937952691834	0.24132931003127178	185.0	0.0	0.12785534171810678	0.08385087245314744	0.00018645104376936348	0.24128937952691834	2.574980159653073e-19			0.0	1.0	1.0	1.0	0.8222222222222222	0.0	1.0	draw4728	True
-0.2486482784296924	-0.25123165476410014	0.0007392001473394465	0.00033610313126581764	0.0013224108475909182	0.0013231908202651498	148.0	0.0	0.0015030486520726588	1.4753699712936705e-05	6.686488719613663e-05	0.000373851490843894	4.9873299934333204e-18			0.0	1.0	1.0	1.0	0.7047619047619048	0.0	1.0	draw4730	True
-0.13959431381601195	-0.13959431381601195	6.670229552372161e-05	0.0032443115174806175	0.019358260517031045	0.0193605166309148	157.0	0.0	0.0234187290746301	9.96449337609104e-07	6.670229552372161e-05	0.0032443115174806175	4.446922973085077e-21			0.0	1.0	1.0	1.0	0.8579234972677595	0.0	1.0	draw4731	True
-0.15672770916093892	-2.637672241445208	0.837403142785705	0.03007214524999627	0.09803555655998518	0.09803679923084728	140.0	0.0	0.31037502642032905	0.0015119355845792763	0.0008704832672446751	0.09803555655998518	1.5720931501039814e-18			0.0	1.0	1.0	1.0	0.813953488372093	0.0	1.0	draw4733	True
-0.06560938983182828	-1.5054978690597234	0.07988964271827287	0.017639499337641685	0.20547159913105298	0.2054771098908003	174.0	0.0	0.323291225804658	0.0025041164949930863	0.0003077741849979474	0.20547159913105298	2.710505431213761e-20			0.0	1.0	1.0	1.0	0.8325358851674641	0.0	1.0	draw4734	True
-0.12066882640922588	-0.37225745587842757	0.014571355949986967	0.016175732797854094	0.19535764596241276	0.19538201564099242	164.0	0.0	0.7193793268936536	0.008142212363709328	0.00047895710625515736	0.19535764596241276	2.8957938884256393e-19			0.0	1.0	1.0	1.0	0.8541666666666666	0.0	1.0	draw4735	True
-0.03178335736138897	-0.03178335736138897	0.000207161264832025	0.0016075008483094062	0.003134641146684596	0.003134641884741918	51.0	0.0	0.052931849550248565	0.10049555448564712	0.000207161264832025	0.0016075008483094062	2.168404344971009e-18			0.0	0.0	1.0	1.0	0.2786885245901639	0.0	1.0	draw4736	True
-0.9246235426128645	-1.9315849111240047	0.858167555976964	0.0060637458343590364	0.6050870987864512	0.6052719943027198	202.0	0.0	0.8983026971329983	0.046529149819335286	0.015477936090993101	0.6050870987864512	1.474514954580286e-17			0.0	1.0	1.0	1.0	0.8859649122807017	0.0	1.0	draw4737	True
-25.206447172571856	-25.305757065816675	13.339596443556546	0.027456604682770187	0.10441834353793843	0.10442961173730461	148.0	0.0	0.4260283855326569	0.0003165850835559622	0.08906265853292966	0.10441834353793843	2.9900263038076802e-18			0.0	1.0	1.0	1.0	0.7708333333333334	0.0	1.0	draw4739	True
-0.07619266792795229	-0.1061767962358565	0.0010296669053728225	0.007971568714216797	0.01009850354460589	0.01009851886718895	96.0	0.0	0.9236390321420606	5.610188547630513e-05	2.4698669237584776e-06	0.01009850354460589	1.283784310682299e-21			0.0	1.0	1.0	1.0	0.6	0.0	1.0	draw4740	True
-0.07873854018764295	-0.12073993405550974	0.003595282441016492	0.0009444274978727457	0.02760075408872148	0.02760291358551925	183.0	0.0	0.4105520480557324	0.2606590164377896	2.150680014750305e-05	0.02760075408872148	5.204170427930421e-18			0.0	1.0	1.0	1.0	0.8672985781990521	0.0	1.0	draw4741	True
-1.0246641705441626	-2.380434918977961	1.4151006572785294	0.005039282299270082	0.5306234787860964	0.5307844253083897	197.0	0.0	0.3653235865633161	0.04816871077422758	0.01641216811637904	0.5306234787860964	8.964996713739515e-18			0.0	1.0	1.0	1.0	0.8914027149321267	0.0	1.0	draw4746	True
-0.22381337964112996	-1.1037506920982125	0.26115180705589164	0.08810188175826227	0.24543406247437666	0.24545195449726692	142.0	0.0	0.8344957777977098	0.00636407091544584	0.000745582219106953	0.24543406247437666	8.199278929421627e-19			0.0	1.0	1.0	1.0	0.8452380952380952	0.0	1.0	draw4747	True
-2.550481267646012	-5.308771948159188	7.034072472933726	0.27779023503643413	0.5949691099149568	0.5949725102782031	140.0	0.0	0.4969958101136846	0.00016471956067274493	0.005871997872597152	0.5949691099149568	1.0024932715775164e-19			0.0	1.0	1.0	1.0	0.7446808510638298	0.0	1.0	draw4748	True
-0.19407695270143552	-0.3838372600932255	0.03265117384825302	0.004765388462076123	0.07255638950319052	0.07255779237768382	174.0	0.0	0.8660922224938798	0.05876870743255926	0.00014764396684444463	0.07255638950319052	1.0269374512951934e-17			0.0	1.0	1.0	1.0	0.883248730964467	0.0	1.0	draw4749	True
-0.1682559645543015	-0.7141082632118199	0.07379018712546813	0.02027260737762238	0.2430939405031838	0.24311159523624218	174.0	0.0	0.8825623058656824	0.02319329922532693	0.0004915338105769803	0.2430939405031838	4.119968255444917e-18			0.0	1.0	1.0	1.0	0.8656716417910447	0.0	1.0	draw4750	True
-0.3223051134435791	-0.3223051134435791	0.0007110759175852689	0.0059160835467220755	0.1619265693200475	0.16200674611747345	172.0	0.0	0.01941688420847519	9.965245886328723e-07	0.0007110759175852689	0.0059160835467220755	4.675621868843738e-19			0.0	1.0	1.0	1.0	0.8775510204081632	0.0	1.0	draw4751	True
-1.3771470005368147	-3.389280121659204	2.843340037700444	0.09653927965341391	0.5169246278316824	0.516971499438167	150.0	0.0	0.5945744250544319	0.00048796193225247517	0.019550470010857215	0.5169246278316824	3.2526065174565133e-19			0.0	1.0	1.0	1.0	0.7894736842105263	0.0	1.0	draw4753	True
-0.016046363530107303	-0.2793874755716745	0.005489612228431861	0.0032518275278547344	0.07321558283395499	0.07321584967089932	177.0	0.0	0.8160076099978651	0.061735023942870414	0.003815240884331807	0.0249012207959732	4.85722573273506e-17			0.0	1.0	1.0	1.0	0.708	0.0	1.0	draw4755	True
-0.24011349938213872	-18.95140582708464	2.870964136426969	0.23211465447631024	1.3992570741644348	1.399397667262535	155.0	0.0	0.18278177810451635	0.00014919026484161703	0.01380468866849628	1.3992570741644348	6.776263578034403e-21			0.0	1.0	1.0	1.0	0.7524271844660194	0.0	1.0	draw4758	True
-0.2841236556542749	-12.206049806517672	0.006754645913518349	0.04171058142046213	1.2923937056500352	1.2928549377653782	196.0	0.0	0.2578522504659898	0.016433494857977966	8.517725002439042e-05	1.2923937056500352	4.0234064994579266e-21			0.0	1.0	1.0	1.0	0.8634361233480177	0.0	1.0	draw4763	True
-0.020010630286485434	-2.9842939285311307	0.09426762507398567	0.011989136980989362	0.06335056911846804	0.06335216950280614	160.0	0.0	2.9170159415323775	0.13670335462955568	1.5996223300917803e-05	0.06335056911846804	1.0842021724855044e-17			0.0	1.0	1.0	1.0	0.8743169398907104	0.0	1.0	draw4764	True
-0.032313585902571385	-0.07572811268831771	0.0005676816234910283	0.002158845143539283	0.009305897777159329	0.009305915073962136	146.0	0.0	1.0309475887058166	0.020059191269147604	1.5811722534573603e-06	0.009305897777159329	1.5043305143236374e-18			0.0	1.0	1.0	1.0	0.8690476190476191	0.0	1.0	draw4765	True
-0.06441645702995327	-0.5470692308294237	0.06740894505732443	0.02018045587669521	0.1907129639517462	0.19071995438782036	180.0	0.0	1.267354849285582	0.648838112120108	8.298516372336878e-05	0.1907129639517462	2.7755575615628914e-17			0.0	1.0	1.0	1.0	0.8144796380090498	0.0	1.0	draw4767	True
-0.012798458304216994	-0.1849922315622891	0.0035441469962445146	0.008788743258020022	0.05011793297399014	0.050118284532293986	154.0	0.0	0.9079689288752039	0.011191035796462821	0.00023232013560089054	0.015678440492198752	6.938893903907228e-17			0.0	1.0	1.0	1.0	0.6724890829694323	0.0	1.0	draw4768	True
-0.10172633836097986	-0.4318231506323402	0.018058019379644897	0.01075950851423441	0.06576682605792712	0.06578908358257735	171.0	0.0	0.4428183768398089	0.04953965428126719	0.00020235402311103383	0.06576682605792712	8.673617379884035e-19			0.0	1.0	1.0	1.0	0.8636363636363636	0.0	1.0	draw4772	True
-0.03621228598754496	-2.241435438006463	0.008859135452285305	0.00020848935037055103	0.10433271904608575	0.10434994337598585	183.0	0.0	0.2099720370263137	0.006606085986224595	0.08885453781328662	0.006129695119766378	1.1102230246251565e-16			0.0	1.0	1.0	1.0	0.7290836653386454	0.0	1.0	draw4776	True
-0.8902267656898216	-1.360535191414348	0.013059546013714009	0.005779019902923392	0.28311785522512795	0.28312838618057456	198.0	0.0	0.2666720711461445	0.5189773435416467	0.0001074633902958341	0.28311785522512795	1.734723475976807e-18			0.0	1.0	1.0	1.0	0.8918918918918919	0.0	1.0	draw4777	True
-103.51250935150341	-205.8528507028609	19.150338616403726	0.043379819069291795	2.3453833117371685	2.3455332248991816	227.0	0.0	0.015953829873329748	0.021474795467249713	0.06631605193360525	2.3453833117371685	2.710505431213761e-19			0.0	1.0	1.0	1.0	0.8631178707224335	0.0	1.0	draw4778	True
-0.015127984841833197	-0.01614096519586096	1.0552172265773135e-05	0.0016927218828649412	0.003032849672710662	0.003032875945992688	129.0	0.0	0.19614733946652674	0.0014992159069412197	8.703666528155457e-09	0.003032849672710662	7.411538288475128e-22			0.0	1.0	1.0	1.0	0.8113207547169812	0.0	1.0	draw4782	True
-0.9761852074131924	-6.892101342990656	0.018613297893340913	0.02317027138868546	0.5308907755395135	0.5309538397861798	196.0	0.0	0.1784406809102801	0.07205110113350266	0.00010053522143931155	0.5308907755395135	8.131516293641283e-20			0.0	1.0	1.0	1.0	0.8868778280542986	0.0	1.0	draw4784	True
-2.079087546235174	-2.0901594999783693	0.0011521357064677028	0.007424299655455834	0.009114448401626136	0.009114456940515136	123.0	0.0	0.00432218514814603	0.00023280574326624913	7.6000860523911896e-06	0.009109086713079953	3.705769144237564e-22			0.0	1.0	1.0	1.0	0.7884615384615384	0.0	1.0	draw4785	True
-0.07730711705167337	-0.20939355413759825	0.0020986316933560606	0.001811562835130069	0.08367262003328256	0.08367695209863413	193.0	0.0	0.6741708515809312	0.11996040694195195	1.64997973405432e-05	0.08367262003328256	2.168404344971009e-19			0.0	1.0	1.0	1.0	0.8976744186046511	0.0	1.0	draw4787	True
-1.022563970382786	-2.6467389725874275	0.008189943117497758	0.3953363027527689	0.46885709205793724	0.3953323005647055	30.0	0.0	0.7495052430652831	0.058574019648651596	1.2038298460838575	0.46885709205793724	1.3877787807814457e-16			0.0	0.0	0.0	0.0	0.14563106796116504	0.0	1.0	draw4788	True
-1.5145585814317826	-1.5145585814317826	0.4059682055381102	0.1429161788323901	0.3426865368477047	0.3428265890783755	43.0	0.0	0.39203889688392796	0.3621309052703639	0.4059682055381102	0.1429161788323901	2.7755575615628914e-16			0.0	0.0	1.0	1.0	0.15467625899280577	0.0	1.0	draw4789	True
-0.4834866382294827	-2.2927083046647807	1.227791511133035	0.04063122440456404	0.23865141315315777	0.23867388431423234	155.0	0.0	0.41104276089770675	0.00026042206353631126	0.0029941771470894806	0.23865141315315777	4.0657581468206416e-20			0.0	1.0	1.0	1.0	0.7673267326732673	0.0	1.0	draw4790	True
-0.4504614572825565	-0.9040100725056613	0.03997009688563518	0.00473683714479474	0.15012271980592495	0.15019901144690181	176.0	0.0	0.543010402310281	0.9092714402830294	0.033728311616497454	0.08956515036264749	1.3877787807814457e-16			0.0	1.0	1.0	1.0	0.6929133858267716	0.0	1.0	draw4791	True
-4.590535847738444	-10.628840263783847	27.986647089004038	0.004505174333937446	1.9795712374919627	1.9795794634568085	256.0	0.0	0.20584155471944726	0.11584841112339127	12.955909036140174	0.8010992061051195	4.440892098500626e-16			0.0	1.0	1.0	1.0	0.8025078369905956	0.0	1.0	draw4792	True
-2.6641789433145284	-3.3967669888558385	0.005848640247274324	0.018266725773022963	0.06324204448221038	0.06324204868300934	155.0	0.0	0.020057201043286857	0.003697072735329415	2.798623249513207e-05	0.06320962159930446	2.541098841762901e-21			0.0	1.0	1.0	1.0	0.8516483516483516	0.0	1.0	draw4793	True
-0.009023649747599772	-0.011731061850718896	3.18871306370634e-05	0.0003580440893565267	0.004953869238071559	0.004955353652437625	168.0	0.0	0.745919816646234	0.08749866306560236	1.6671462533264832e-06	0.004953869238071559	6.505213034913027e-19			0.0	1.0	1.0	1.0	0.8704663212435233	0.0	1.0	draw4794	True
-0.35162537167234953	-0.35162537167234953	0.027127535559777535	0.01785694728576639	0.1370165758312055	0.13701701756863302	160.0	0.0	0.15970897278034013	9.98929380512466e-07	0.027127535559777535	0.01785694728576639	5.4643789493269423e-17			0.0	1.0	1.0	1.0	0.8888888888888888	0.0	1.0	draw4795	True
-0.27637277764271306	-3.396946865820168	1.3159188507649568	0.09806808286149399	0.42057852956747027	0.42058342357510753	160.0	0.0	0.35165584449180315	0.0017825475575861274	0.0014607835648954549	0.42057852956747027	3.2526065174565133e-19			0.0	1.0	1.0	1.0	0.8290155440414507	0.0	1.0	draw4797	True
-0.1179043177921638	-0.7249017164335689	0.0815340260738047	0.005196187308857957	0.21168008758624784	0.21168370335312697	191.0	0.0	0.6836767675792	0.03439849319952498	6.59743134579579e-05	0.21168008758624784	6.505213034913027e-19			0.0	1.0	1.0	1.0	0.8721461187214612	0.0	1.0	draw4799	True
-0.11666464792559819	-0.3485479229747191	0.010101679743472583	0.0006997040083726833	0.17512441970807774	0.175212455100102	197.0	0.0	0.3836876334011003	0.026659138053987855	0.013302449440583624	0.0215460058246857	1.1102230246251565e-16			0.0	1.0	1.0	1.0	0.7406015037593985	0.0	1.0	draw4801	True
-0.6411410629234235	-1.0965366596268193	0.0018822262885702637	0.0003176231084106694	0.030609721954761724	0.03061122664168588	231.0	0.0	0.04143729599114521	0.23332037198789138	1.972501065005413e-05	0.030609721954761724	1.0842021724855044e-19			0.0	1.0	1.0	1.0	0.791095890410959	0.0	1.0	draw4808	True
-0.5243570415405664	-6.043082438022692	2.977989398319584	0.0006593316856522758	0.3471513192136808	0.34715176860284197	250.0	0.0	0.15468155385047128	0.06016868644362087	2.721765684584556	0.21271120031289098	2.220446049250313e-16			0.0	1.0	1.0	1.0	0.7716049382716049	0.0	1.0	draw4810	True
-0.2571932336859383	-0.7570101328958443	0.08840338900389641	0.01132063416404827	0.12435709338365462	0.12436985783557797	181.0	0.0	0.5157194035471064	0.131190575573906	0.0005236334500663807	0.12435709338365462	8.673617379884035e-18			0.0	1.0	1.0	1.0	0.8872549019607843	0.0	1.0	draw4811	True
-0.16879357569399503	-0.21888784530485328	0.004876886779476653	0.0002153582416052492	0.01450283889472413	0.014507787825388467	190.0	0.0	0.31623379215246794	0.12155972285792777	0.0028321809137510684	0.010176420718218582	1.3010426069826053e-17			0.0	1.0	1.0	1.0	0.8755760368663594	0.0	1.0	draw4816	True
-0.2061509488302372	-1.1760920335676017	0.19813850865889424	0.00438160917776251	0.07358927741819994	0.0735932415809871	189.0	0.0	0.16831914895116165	0.019911358897038635	0.0008766135348004708	0.07349200269550167	6.505213034913027e-19			0.0	1.0	1.0	1.0	0.883177570093458	0.0	1.0	draw4818	True
-2.336340737011862	-2.336340737011862	0.04195650665409434	0.08366434972955658	0.10505491248762056	0.1050575642117962	43.0	0.0	0.04974593753204972	0.6288680562733925	0.04195650665409434	0.08366434972955658	6.938893903907228e-17			0.0	0.0	1.0	1.0	0.11466666666666667	0.0	1.0	draw4821	True
-1.6850400151642724	-3.0603069112166867	0.09108709873694464	0.0007621290273173534	0.036838025816446573	0.03684278527656804	186.0	0.0	1.7976682351878819	0.06888863129026954	0.0008374125179151807	0.036838025816446573	7.765259247248524e-17			0.0	1.0	1.0	1.0	0.8773584905660378	0.0	1.0	draw4822	True
-1.0440828342195259	-1.0440828342195259	0.02771037941981723	0.01717979880557469	0.03225301166748707	0.03225707853873072	54.0	0.0	0.018010589226761662	0.42364680137039956	0.02771037941981723	0.01717979880557469	2.7755575615628914e-17			0.0	0.0	1.0	1.0	0.31952662721893493	0.0	1.0	draw4823	True
-0.009373401461933138	-0.1843269957146924	0.0063438339893692125	0.006742476964001615	0.06978179721893964	0.06978182678105566	186.0	0.0	0.6721650494237549	0.029305331362227703	0.00020551943699427845	0.0635297210954525	2.6020852139652106e-17			0.0	1.0	1.0	1.0	0.6241610738255033	0.0	1.0	draw4824	True
-0.41177194888374963	-1.3846183676037531	0.06742048603381966	0.005170290303970766	0.11844119267595153	0.1184412298788253	193.0	0.0	0.1913810249995554	0.03137195901940326	9.75102547601552e-06	0.11844119267595153	5.793705359219414e-19			0.0	1.0	1.0	1.0	0.8616071428571429	0.0	1.0	draw4829	True
-0.8976321080453473	-1.5238618126087982	0.5793381613840564	0.03323780555851349	0.2486344664117632	0.24864028322028797	161.0	0.0	0.28312514037058917	0.06712552274524866	0.0014163044534575447	0.2486344664117632	8.673617379884035e-18			0.0	1.0	1.0	1.0	0.8518518518518519	0.0	1.0	draw4830	True
-0.17931031884087506	-0.17931031884087506	6.681001991960133e-06	0.0005139917955419447	0.008800543456945966	0.009591738422894498	237.0	0.0	0.002862789370900651	9.994342850078671e-07	6.681001991960133e-06	0.0005139917955419447	3.469446951953614e-18			1.0	1.0	1.0	1.0	1.0	0.0	1.0	draw4832	True
-0.3388483025419703	-0.3388483025419703	0.021242524724036916	0.0025636933655912774	0.023034415766328992	0.023034850364065412	94.0	0.0	0.010000238563996153	0.033146169542131634	0.021242524724036916	0.0025636933655912774	6.938893903907228e-18			0.0	0.0	1.0	1.0	0.3884297520661157	0.0	1.0	draw4833	True
-1.7485574813862823	-2.623429936634668	0.17376450305127347	0.041007148757384676	0.26972801589698564	0.26972907901337273	164.0	0.0	0.13409341419202797	0.012168478258106527	0.00011464018860344655	0.26972801589698564	4.336808689942018e-19			0.0	1.0	1.0	1.0	0.8677248677248677	0.0	1.0	draw4834	True
-0.8132748921634404	-0.824196749096919	0.006155545287496752	0.0021909747588414277	0.01186100722712279	0.011861219105868697	162.0	0.0	0.014297344660787392	0.0005748293336685927	0.00019165548078302683	0.01165889133865433	6.776263578034403e-21			0.0	1.0	1.0	1.0	0.8481675392670157	0.0	1.0	draw4836	True
-0.061347350068292374	-0.10433896803933423	0.0023898238561435568	2.051329489142567e-05	0.003675850438600753	0.0036765252362558672	223.0	0.0	0.12725335606269872	0.11057420265386977	7.468617399796966e-05	0.003650116168568616	1.6263032587282567e-18			0.0	1.0	1.0	1.0	0.8544061302681992	0.0	1.0	draw4838	True
-3.8481519072642967	-5.321146302086984	1.3693063252313251	0.2672951121920693	0.347544524145413	0.34754521376340414	124.0	0.0	0.056129902556404994	0.0004010312903053742	0.002828429311314388	0.34752095562666124	1.0842021724855044e-19			0.0	1.0	1.0	1.0	0.7848101265822784	0.0	1.0	draw4839	True
-0.9507098392044516	-0.9507098392044516	0.01842724096717271	0.019298331282558367	0.023760618532491735	0.023760628717809658	51.0	0.0	0.022767304464932515	0.3546095473635453	0.01842724096717271	0.019298331282558367	1.3877787807814457e-17			0.0	0.0	1.0	1.0	0.31097560975609756	0.0	1.0	draw4840	True
-0.04322533117942411	-0.11438862593725752	0.000789228978642523	0.02610361818646124	0.061033934300328455	0.0610349410729091	140.0	0.0	0.6515080628119041	0.003252520987484922	1.29795328748066e-06	0.061033934300328455	2.202285662861181e-20			0.0	1.0	1.0	1.0	0.8484848484848485	0.0	1.0	draw4844	True
-0.043840184232131124	-0.043840184232131124	0.0003828054662681345	0.000682724055235182	0.01737323643591398	0.017382837753402866	166.0	0.0	0.05884885753055657	9.973763736537323e-07	0.0003828054662681345	0.000682724055235182	1.8214596497756474e-17			0.0	1.0	1.0	1.0	0.8383838383838383	0.0	1.0	draw4846	True
-2.5516242613273854	-2.5516242613273854	0.15259736436631186	0.02539064927446499	0.14003214035174735	0.14003954030683952	76.0	0.0	0.010006198089105302	0.3525989529791381	0.15259736436631186	0.02539064927446499	8.326672684688674e-17			0.0	0.0	1.0	1.0	0.42696629213483145	0.0	1.0	draw4847	True
-0.2074161296852453	-0.3360000645703826	1.1493201892032341e-05	0.004094825131058041	0.004328800800015674	0.004094779580720912	36.0	0.0	1.3502103653540118	0.002377077845235017	0.000806374433016223	0.004328800800015674	1.1384122811097797e-18			0.0	0.0	0.0	0.0	0.22929936305732485	0.0	1.0	draw4849	True
-0.29800243595211745	-5.898967296517097	2.563802063183874	0.03776320887271312	1.0496752027003116	1.04968831478357	195.0	0.0	0.6213296081818734	0.0659943705877455	0.001073526818769507	1.0496752027003116	6.938893903907228e-18			0.0	1.0	1.0	1.0	0.8783783783783784	0.0	1.0	draw4853	True
0.22761859557414063	-26.50609707444213	2.194516164742438	0.024958318450355774	0.1548566084223757	0.1549182249706605	165.0	23.0	1.6004771671460807	0.08786373276181529	0.012244552451517097	0.09124966373051477	2.636779683484747e-16	0.08766727476392033	0.00873608448898861	0.0	1.0	1.0	1.0	0.7857142857142857	0.0	1.0	draw4854	True
-0.08390011185493601	-0.5997901663873646	0.05496305210155145	0.0012810987372543208	0.06483870054544884	0.06485856929038757	183.0	0.0	0.47240602837086343	0.017043469108204562	0.0008638553062418519	0.06483870054544884	1.734723475976807e-18			0.0	1.0	1.0	1.0	0.8591549295774648	0.0	1.0	draw4856	True
-6.805622379114043	-14.564820491345717	0.5828283445201144	0.00859036002937083	1.0619252225585856	1.0619514291608967	223.0	0.0	0.1057966484483433	0.11697421869623598	0.0011788186228329073	1.0619252225585856	8.673617379884035e-19			0.0	1.0	1.0	1.0	0.8849206349206349	0.0	1.0	draw4859	True
-0.3204376885165823	-0.4505733718227117	0.0007417283054887004	0.004344433738022383	0.1294851742629609	0.1295195346500157	186.0	0.0	0.32974295652766283	0.14175403863863253	1.603532715219282e-05	0.1294851742629609	1.7618285302889447e-19			0.0	1.0	1.0	1.0	0.8857142857142857	0.0	1.0	draw4860	True
-51.74547770051393	-51.74678877025288	0.00018262843242075865	0.006216608245289373	0.006244030422312939	0.006244030462355471	90.0	0.0	0.00012045160406759651	5.9130572049921516e-05	5.652915246673871e-08	0.006244030422312939	9.926167350636332e-24			0.0	1.0	1.0	1.0	0.5921052631578947	0.0	1.0	draw4861	True
-0.976194924769673	-1.477942720915049	0.2545938307733885	0.001317731449492666	0.03497782293292775	0.03497985632656338	241.0	0.0	0.014166923219615038	0.002567401139815959	0.021938485271537803	0.016046020856255862	1.734723475976807e-17			0.0	1.0	1.0	1.0	0.7392638036809815	0.0	1.0	draw4863	True
-0.08557883221906977	-0.3073856154840221	0.021256756916510116	0.012386408255916293	0.04864423220051553	0.04868002700475128	159.0	0.0	0.37219870671037364	0.023886830741403065	0.003210013267263671	0.041257687469299045	2.7755575615628914e-17			0.0	1.0	1.0	1.0	0.6708860759493671	0.0	1.0	draw4867	True
-0.5862871235549426	-10.471792895020979	3.619871082995128	0.00656913507397083	0.30649806346576663	0.3064992553826543	186.0	0.0	0.8307395031671031	0.22430604072512067	0.0009902863311998902	0.30649806346576663	1.942890293094024e-16			0.0	1.0	1.0	1.0	0.8815165876777251	0.0	1.0	draw4871	True
-1.093145361106984	-1.7365391112650335	0.3941783885775403	0.0041764627337237655	0.04884289107215408	0.048842906182429154	183.0	0.0	0.03814149729746284	0.013917220503070964	0.03637878385576196	0.0471668872991191	1.3010426069826053e-18			0.0	1.0	1.0	1.0	0.8318181818181818	0.0	1.0	draw4872	True
-0.2949617744460177	-2.2191308885439387	1.2311242815189345	0.09303558496323742	0.6272378493991084	0.6272795695405982	194.0	0.0	0.5517876226233726	0.013254011407036227	0.024838013954188488	0.30919893573065027	1.942890293094024e-16			0.0	1.0	1.0	1.0	0.7637795275590551	0.0	1.0	draw4873	True
-0.45583793947627793	-2.130660998896528	1.1314583239359313	0.025245039310960532	0.14912311362134376	0.1491313288675349	171.0	0.0	0.36482672250302545	0.038895993623285434	0.001766823039037602	0.14912311362134376	8.023096076392733e-18			0.0	1.0	1.0	1.0	0.8769230769230769	0.0	1.0	draw4874	True
-7.2760758886738	-9.477578772669846	7.896053437400517	0.02171826728481492	0.46759304243501826	0.4676643740005247	168.0	0.0	0.7310681478000706	0.0010827795543074344	0.11299884321099105	0.46759304243501826	5.204170427930421e-18			0.0	1.0	1.0	1.0	0.8195121951219512	0.0	1.0	draw4876	True
-0.10934869901584446	-23.973505750642985	0.2014853751287711	0.34893340561891273	1.447260259129653	1.4473377875962643	171.0	0.0	0.23928159397310536	0.0028314939527092696	0.0002811395729788575	1.447260259129653	5.717472393966527e-21			0.0	1.0	1.0	1.0	0.8260869565217391	0.0	1.0	draw4877	True
-0.0957719241518868	-1.268742917528139	0.06405954428029609	0.01033576291548335	0.2176018078705608	0.21763781914074407	189.0	0.0	0.4241493588361692	0.08604595848837616	0.00033974454625948334	0.2176018078705608	8.673617379884035e-19			0.0	1.0	1.0	1.0	0.883177570093458	0.0	1.0	draw4878	True
-2.0601090240831037	-7.065442473177321	1.9580589883944208	0.004040668437721528	0.41749746381201247	0.41762443244221026	225.0	0.0	0.14944045392838096	0.14955028029418221	0.020663085466897744	0.41749746381201247	9.524038458927353e-18			0.0	1.0	1.0	1.0	0.8858267716535433	0.0	1.0	draw4879	True
0.14365809776178126	-8.402466234380253	0.0009892486504622954	0.0453846979581877	0.42431346884192833	0.42451597960363674	107.0	40.0	10.812264339942713	0.6904903560143836	0.00456749713417802	0.24605634711964705	1.3877787807814457e-16	0.18766416681286038	0.007736818069770197	0.0	0.0	1.0	0.0	0.428	0.0	1.0	draw4882	True
-0.3264275026557829	-0.5077178812361177	0.007286042638110446	0.00727403016678545	0.01268896433128036	0.012689434746868065	128.0	0.0	1.0429481285138833	0.0005240747408898836	5.9429391350497354e-05	0.01268896433128036	5.920098556817517e-19			0.0	1.0	1.0	1.0	0.7852760736196319	0.0	1.0	draw4883	True
0.833122464592499	-18.45611902236371	0.5610710270661047	0.010434746404328551	0.6794694473324424	0.6794700654657021	187.0	39.0	2.548195706334387	0.20222522961828193	0.22425765479591134	0.3479230685438046	4.440892098500626e-16	0.20775151908848868	0.310564606029807	0.0	1.0	1.0	1.0	0.7923728813559322	0.0	1.0	draw4884	True
-0.14954043708018472	-0.6444536991732106	0.004040571517685432	0.007074455886673332	0.3082170886677559	0.3082174689831958	192.0	0.0	0.8246631434939662	0.10489267838773174	7.4929224829841234e-06	0.3082170886677559	5.692061405548898e-19			0.0	1.0	1.0	1.0	0.8807339449541285	0.0	1.0	draw4885	True
-0.24996938395296536	-0.6339444384413486	0.07900086728510582	0.024988825356614265	0.08925813444237442	0.08925885566626443	137.0	0.0	0.4690577466938574	0.0028533422806708585	6.970773225152389e-05	0.08925813444237442	3.2526065174565133e-19			0.0	1.0	1.0	1.0	0.8253012048192772	0.0	1.0	draw4886	True
-0.5351390343853917	-9.502331376404978	5.635241737815606	1.0563300288185073	2.1011409379075627	2.1011865316269995	132.0	0.0	0.5049589589966964	0.00011309329412515916	0.009922138831455716	2.1011409379075627	3.049318610115481e-20			0.0	1.0	1.0	1.0	0.7021276595744681	0.0	1.0	draw4887	True
-0.17548282517355607	-0.4063021833044392	0.04116786671580876	0.011895321775155029	0.07791691477698837	0.07792235807748711	181.0	0.0	0.21114113282597566	0.00717884741958631	0.0024927604876026402	0.04315786658772264	5.551115123125783e-17			0.0	1.0	1.0	1.0	0.6262975778546713	0.0	1.0	draw4888	True
-0.227444245911419	-1.1919406815349425	0.3209908625136562	0.04487238939888373	0.22742460584416038	0.2274326511149537	162.0	0.0	0.9898973476972971	0.12320272707837315	0.0006988049296428752	0.22742460584416038	3.469446951953614e-17			0.0	1.0	1.0	1.0	0.8804347826086957	0.0	1.0	draw4890	True
-0.4724974127826629	-1.4097926150776163	0.2579646494692352	0.001612824252411076	0.4919440166499305	0.4920390506526939	220.0	0.0	0.5677625498618646	0.13876583836657766	0.00464876686052128	0.4919440166499305	1.734723475976807e-17			0.0	1.0	1.0	1.0	0.9053497942386831	0.0	1.0	draw4891	True
-0.34772477595620754	-0.5465307927193065	0.002036217415499445	9.963167175742565e-05	0.029167854622176415	0.02916912415176625	245.0	0.0	0.07222629518806703	1.2563724827779288	8.518238940442489e-06	0.029167854622176415	8.673617379884035e-19			0.0	1.0	1.0	1.0	0.8812949640287769	0.0	1.0	draw4895	True
-0.3054404213844862	-0.8406698535161281	0.06991355289267233	0.0006946684311905639	0.04931197404909932	0.04932210924624753	192.0	0.0	0.4793708573360653	0.0687363658960794	0.001976534052354919	0.04924641868912003	1.7780915628762273e-17			0.0	1.0	1.0	1.0	0.897196261682243	0.0	1.0	draw4899	True
-0.48447556408279924	-0.48447556408279924	0.04711245809405393	1.558184238665293e-05	0.040087407202286617	0.04011298294001841	252.0	0.0	0.00010000000000243209	6.403049084731973e-06	0.04711245809405393	1.558184238665293e-05	5.377642775528102e-17			1.0	0.0	1.0	1.0	0.875	0.0	1.0	draw4901	True
-0.33799377673065817	-0.45076158918471254	0.006175954483621456	0.002171044261510239	0.05124683288162841	0.0512512968296965	185.0	0.0	0.13146999645111274	0.03636821775445423	8.347737160257393e-05	0.05118126767958771	2.168404344971009e-19			0.0	1.0	1.0	1.0	0.8851674641148325	0.0	1.0	draw4902	True
-0.6290484315753571	-6.155602305543918	0.6632608637247555	0.028466785699585186	0.1985258919145926	0.19853823962704417	151.0	0.0	1.0358126601212796	0.31554077863895164	0.0014270756463685304	0.1985258919145926	2.498001805406602e-16			0.0	1.0	1.0	1.0	0.8728323699421965	0.0	1.0	draw4903	True
-0.8292857472993151	-2.9377354881008895	0.659379657656498	0.0011200103545612441	0.06337012192957882	0.06337179469408588	199.0	0.0	0.46482840498957423	0.061951811630466494	0.0015280393013881578	0.06337012192957882	5.2705778109951584e-17			0.0	1.0	1.0	1.0	0.8728070175438597	0.0	1.0	draw4907	True
-0.19743747005211199	-0.9520598023848845	0.08374688482197123	0.0029825020730111394	0.07244343126506464	0.07244345589387269	192.0	0.0	0.19958047345344523	0.005006366115744056	5.443537526158612e-05	0.07244343126506464	5.869938324472301e-19			0.0	1.0	1.0	1.0	0.8421052631578947	0.0	1.0	draw4908	True
-0.1842717348763381	-0.26062679419490675	0.0002917877436897993	0.03997025751709644	0.06664553201267312	0.06665282083757736	30.0	0.0	0.7098315698414288	1.5480656566935582	0.00016416599167182636	0.06664553201267312	7.632783294297951e-17			0.0	0.0	1.0	0.0	0.13333333333333333	0.0	1.0	draw4910	True
-25.116377592250767	-26.302859339275912	1.653530323860216	0.031451806296093364	0.07601655775308466	0.07602344079702886	129.0	0.0	2.150644227321878	0.00017587462530127478	0.010986537034016216	0.07601655775308466	1.2565932295864558e-18			0.0	1.0	1.0	1.0	0.7329545454545454	0.0	1.0	draw4911	True
-0.2724126696395675	-0.7716973858782212	0.08280661163522261	0.01910039780587989	0.14285442380240834	0.1428630088938851	152.0	0.0	0.8171108755796591	0.06474933389615245	0.0008443067016541536	0.14285442380240834	1.734723475976807e-17			0.0	1.0	1.0	1.0	0.8685714285714285	0.0	1.0	draw4913	True
-0.7320489426902934	-1.5226746560288218	0.5157158408705335	0.005500577915291475	0.1746116268836242	0.17466373334721216	192.0	0.0	0.45499010991273603	0.34779263263391175	0.013553046392322216	0.1746116268836242	9.71445146547012e-17			0.0	1.0	1.0	1.0	0.75	0.0	1.0	draw4915	True
-0.034319126072010986	-0.034319156191976855	1.0480582505024628e-07	0.0001656629649608505	0.0030950048127537937	0.0030957128635799654	175.0	0.0	0.004820432142314255	1.1074104570291916e-06	9.706509091309899e-08	0.0001656676978902127	1.734723475976807e-18			0.0	1.0	1.0	1.0	0.6457564575645757	0.0	1.0	draw4917	True
0.0041928473527046844	-0.5121080753928654	0.06312187916685194	0.010259720918985513	0.054514293746153845	0.05452398653309058	167.0	6.0	0.5177892853643796	0.0874118409912418	0.00016344888063283576	0.05448724262775369	4.336808689942018e-18	0.05427666662798643	0.00038387578855787665	0.0	1.0	1.0	1.0	0.835	0.0	1.0	draw4922	True
-0.3471566538160501	-1.2647628748674282	0.32791109380771216	0.062374642670282476	0.44558444240367845	0.4455874610850039	156.0	0.0	0.6790053113113008	0.003077319285136033	0.0015787924450633435	0.44558444240367845	1.2332799712022613e-18			0.0	1.0	1.0	1.0	0.8387096774193549	0.0	1.0	draw4923	True
-0.6305586735633694	-0.7002410679857167	0.013265554920345738	6.770443516928743e-05	0.007067340214420377	0.007076035012390883	214.0	0.0	0.01413824144971706	0.09491795024806222	0.0004483153406669442	0.007067340214420377	3.7947076036992655e-19			1.0	0.0	1.0	1.0	0.8879668049792531	0.0	1.0	draw4925	True
-1.877320475135962	-2.203306452830465	0.4547421132260422	0.011629222528620066	0.07074753975294475	0.07074757845085017	166.0	0.0	0.03538052668272689	0.0022218831679420917	0.017892352670284783	0.06860485614212956	2.6020852139652106e-18			0.0	1.0	1.0	1.0	0.83	0.0	1.0	draw4928	True
-0.054783567660053045	-0.06336287467959975	0.00026398760994737297	9.306235620835826e-05	0.0029529915316635984	0.0029531302987765625	198.0	0.0	0.04945392650974355	0.008370621759138032	2.4031199997173696e-05	0.002785776849109338	3.7269449679189215e-20			0.0	1.0	1.0	1.0	0.8878923766816144	0.0	1.0	draw4929	True
-0.16035794403517295	-0.731736403358936	0.09585514474559792	0.0016330583932551912	0.16847892038118564	0.16852637919691985	211.0	0.0	0.9105391860123985	0.08332673760366573	0.000377482747016128	0.16847892038118564	5.421010862427522e-18			0.0	1.0	1.0	1.0	0.8940677966101694	0.0	1.0	draw4931	True
-0.49021244974910144	-2.338940233115318	0.4768002211912867	0.00014541165950937793	0.40270713200237596	0.4035300532938175	235.0	0.0	1.198385964139258	0.37605905106979337	0.025078779337217593	0.40270713200237596	1.3877787807814457e-16			0.0	1.0	1.0	1.0	0.8834586466165414	0.0	1.0	draw4933	True
-3.044764762485127	-6.051931444783848	1.043430857434051	0.000762528944326855	0.07828056825160662	0.07830163046154312	205.0	0.0	0.6027877074983836	0.4538852010174826	0.032615712831831664	0.0770099897776435	3.5041414214731503e-16			0.0	1.0	1.0	1.0	0.8951965065502183	0.0	1.0	draw4938	True
-4.000270411865297	-4.000270411865297	17.278515298789525	1.139101737554628	2.9171080240041234	2.917758937290145	45.0	0.0	0.2315567867982779	0.32874287880801945	17.278515298789525	1.139101737554628	8.881784197001252e-16			0.0	0.0	1.0	1.0	0.1965065502183406	0.0	1.0	draw4940	True
-5.017340339542038	-5.531866169266066	0.018116001044373314	0.014506531703422846	0.03820175246281949	0.0382019994054572	146.0	0.0	0.007085423937358398	0.0010183767104346773	1.3065236223411711e-05	0.03820175246281949	1.0587911840678754e-21			0.0	1.0	1.0	1.0	0.8248587570621468	0.0	1.0	draw4941	True
-0.555764038621508	-0.8977366393750218	0.06838639666720225	0.00011158164208230547	0.028888824545089675	0.02889516411284252	245.0	0.0	0.04382972177324292	0.11853790913233603	0.0021736657306941497	0.028810723082829937	1.734723475976807e-18			0.0	1.0	1.0	1.0	0.7877813504823151	0.0	1.0	draw4942	True
-0.10769579396126976	-2.239166780295398	0.44276797525742395	0.16634641046857263	0.35607350269733906	0.35607708579162967	136.0	0.0	0.32256829473655213	0.00015619693895083784	0.0004695632963647662	0.35607350269733906	4.7645603283054394e-21			0.0	1.0	1.0	1.0	0.7597765363128491	0.0	1.0	draw4944	True
-0.17240789207820365	-0.6438698726861395	0.09343332069714351	0.015124598021863622	0.23716804141138412	0.23718757304861005	181.0	0.0	1.5734114796680077	0.07333023185020048	0.0002893594394425666	0.23716804141138412	5.9631119486702744e-18			0.0	1.0	1.0	1.0	0.8872549019607843	0.0	1.0	draw4945	True
-1.7357773037470723	-1.9311636615417074	0.454875461406101	0.04744457079949108	0.19767652061030974	0.19767653404134167	146.0	0.0	0.11455836099575423	0.002140881560500643	0.004139751501475714	0.19728392530860184	2.913793338554793e-19			0.0	1.0	1.0	1.0	0.8488372093023255	0.0	1.0	draw4947	True
-1.3585756412059906	-2.5110031917177307	1.1191020776780087	0.007951875743321277	0.22264840128057456	0.22270406300319878	182.0	0.0	0.360486008430707	0.26277451626014403	0.03365138329802336	0.22218021419303088	4.163336342344337e-17			0.0	1.0	1.0	1.0	0.8921568627450981	0.0	1.0	draw4948	True
-0.299942947617336	-0.299942947617336	0.01897678753614889	5.376723515432348e-05	0.029526499095250583	0.029573526478097627	238.0	0.0	0.0002579419208077569	9.993771856576724e-07	0.01897678753614889	5.376723515432348e-05	1.5612511283791264e-17			0.0	1.0	1.0	1.0	0.9015151515151515	0.0	1.0	draw4949	True
-0.09374095482265156	-0.9867879052449664	0.1932610593127437	0.008672602426047482	0.0776491779817194	0.0776585696240422	165.0	0.0	0.33033327175198784	0.03870399801038309	0.0010552597492227813	0.0776491779817194	3.469446951953614e-18			0.0	1.0	1.0	1.0	0.8088235294117647	0.0	1.0	draw4952	True
-5.445898152179201	-66.42477336707492	7.700751966634305	0.029915512629525427	3.055995644753389	3.0568461775357414	226.0	0.0	0.13246398950401522	0.044233488507271	0.03993655732839404	3.055995644753389	2.6020852139652106e-18			0.0	1.0	1.0	1.0	0.8862745098039215	0.0	1.0	draw4957	True
-0.1580323628370254	-5.655216019611843	0.78804693362507	0.014225661560928405	0.0531764735431239	0.053176738823804644	147.0	0.0	0.4466622872842141	0.005476056879037719	0.00043822359767914376	0.0531764735431239	1.100465205072787e-17			0.0	1.0	1.0	1.0	0.8448275862068966	0.0	1.0	draw4959	True
-1.0333181143072192	-1.1249714664127384	0.010330326801997676	0.01984778379577478	0.06548073346355923	0.06548231597189995	147.0	0.0	0.05983930723602848	0.002790482539357522	0.00011602555518193587	0.06536828377635015	1.0164395367051604e-20			0.0	1.0	1.0	1.0	0.84	0.0	1.0	draw4960	True
-4.278012338428538	-6.028503733914945	0.09249461989362433	0.03667598042427845	0.10176694453060701	0.1017673121780988	149.0	0.0	0.018479746633214313	0.0025585404352358025	3.6876633632677906e-05	0.10176694453060701	1.3552527156068805e-20			0.0	1.0	1.0	1.0	0.8418079096045198	0.0	1.0	draw4961	True
-0.015323157539926123	-0.08994490818405623	0.0019993537146524624	0.00275668384971731	0.034897307736132345	0.03489785396091734	167.0	0.0	0.8691423844783281	0.019855147988299283	5.199246640076484e-06	0.034897307736132345	1.6263032587282567e-19			0.0	1.0	1.0	1.0	0.8743455497382199	0.0	1.0	draw4962	True
-0.07727438262230196	-0.1656379821830691	0.006806884771477472	0.001368345590087445	0.03758120637001552	0.03758310890610905	179.0	0.0	0.4665729826931818	0.03945774556144961	2.673729208255827e-05	0.03758120637001552	7.318364664277155e-19			0.0	1.0	1.0	1.0	0.8817733990147784	0.0	1.0	draw4964	True
-0.23894276909401452	-0.23894276909401452	0.014244903620474585	0.00158234844530349	0.07903497040193133	0.07903530781210727	181.0	0.0	0.014399117114348528	9.96249773967832e-07	0.014244903620474585	0.00158234844530349	2.0816681711721685e-17			0.0	1.0	1.0	1.0	0.8829268292682927	0.0	1.0	draw4966	True
-0.8080627094862048	-1.2687098020633207	0.1028445559475593	0.0013848930459295545	0.03365938739649246	0.03366103594249293	196.0	0.0	0.03392412866211019	0.0063397934529030794	0.0022633239364254205	0.03328349334705278	2.981555974335137e-19			0.0	1.0	1.0	1.0	0.8868778280542986	0.0	1.0	draw4970	True
-0.09090952385276364	-1.8322733005112366	0.00046184545151531516	0.020455912173848158	0.06039412927387275	0.06045861898301031	71.0	0.0	1.3814472280232037	4.026023662930137	0.0004690978949657794	0.054525502463286114	9.367506770274758e-17			0.0	0.0	1.0	0.0	0.31277533039647576	0.0	1.0	draw4973	True
-4.982754201486355	-13.201525455712694	0.0024130427611690707	0.052764308938196954	0.06162240186795909	0.05276386027540863	38.0	0.0	1.3031109958371514	0.003761055929347831	0.34824335495853714	0.06162240186795909	2.42861286636753e-17			0.0	0.0	0.0	0.0	0.19387755102040816	0.0	1.0	draw4976	True
-1.6141799397862289	-16.007403148948676	4.636534086389783	0.01881302938067929	0.27047825324505936	0.27058135970354336	176.0	0.0	0.8822704412169471	4.622427430821205	0.0014519142482455698	0.27047825324505936	4.440892098500626e-16			0.0	1.0	1.0	1.0	0.8669950738916257	0.0	1.0	draw4977	True
-0.049212390415423884	-0.11800375922621423	0.002672582516006962	0.008860019420386705	0.04804434776481752	0.04804764934603916	156.0	0.0	0.694138623824976	0.03396256033512711	3.102832142810847e-05	0.04804434776481752	8.80067232197218e-19			0.0	1.0	1.0	1.0	0.8715083798882681	0.0	1.0	draw4978	True
-4.072429699432935	-4.075625716922516	1.612448866276687	0.032103793347646715	0.1896662545745688	0.18968412245457128	164.0	0.0	0.11354497052996017	3.725237996533072e-06	1.4262730596934676	0.0519887606091519	3.2305836608279015e-18			0.0	1.0	1.0	1.0	0.8159203980099502	0.0	1.0	draw4980	True
-0.3355166135610418	-0.5226405360827175	0.06491685412823893	0.004059911836036747	0.09771615735386392	0.097745176334407	179.0	0.0	0.3863987556203122	0.25694930652344006	0.0029407679222776288	0.09771615735386392	3.469446951953614e-17			0.0	1.0	1.0	1.0	0.7584745762711864	0.0	1.0	draw4983	True
-0.40498525383932515	-2.3251169246009527	0.01050734860987714	0.0090833993372241	0.10468179605612739	0.10468191135599429	192.0	0.0	0.11774612488814218	0.21595136088040104	7.5321286020175925e-06	0.10468179605612739	2.168404344971009e-19			0.0	1.0	1.0	1.0	0.7901234567901234	0.0	1.0	draw4984	True
-11.979564019902837	-25.076727175251918	5.2627759095594415	0.005823918000335519	3.603468686845925	3.6070365295858786	183.0	0.0	0.9818897276818015	0.9461981238514121	1.000239536787061	3.603468686845925	2.6645352591003757e-15			0.0	1.0	1.0	1.0	0.8970588235294118	0.0	1.0	draw4985	True
-0.07207737096265215	-0.0889962401298838	0.0012695993007483025	0.0004938084716928366	0.0025447991787422254	0.0025448759074857804	159.0	0.0	0.03508273381999784	0.0025483272198991496	8.820702199947194e-05	0.0024681002877010474	7.962109704190423e-20			0.0	1.0	1.0	1.0	0.8548387096774194	0.0	1.0	draw4986	True
-0.3873476231127048	-0.3873476231127048	0.21114919458685438	0.18570364698992045	0.3894080170960854	0.38950432196387047	46.0	0.0	0.4407691896478364	0.3963795694539253	0.21114919458685438	0.18570364698992045	2.220446049250313e-16			0.0	0.0	1.0	1.0	0.2	0.0	1.0	draw4987	True
-8.149276624873709	-8.149276624873709	0.5404328040482981	0.067157026798944	0.11201708240564372	0.11201836792341532	63.0	0.0	0.010010479098638041	0.49295981915414805	0.5404328040482981	0.067157026798944	4.85722573273506e-17			0.0	0.0	1.0	1.0	0.252	0.0	1.0	draw4988	True
-1.096410549753313	-1.347261757904952	0.25328260312723555	0.0008875706504416189	0.177547143543965	0.1775482847705011	223.0	0.0	0.17155444318220914	0.358577659891058	0.018293847616423595	0.1753989037238931	3.8163916471489756e-17			0.0	1.0	1.0	1.0	0.8884462151394422	0.0	1.0	draw4991	True
-0.018537652751237192	-0.043430556606243065	0.0004607808346124468	0.0006243061649512354	0.03918119557092586	0.03922790652119919	196.0	0.0	1.3149928725620004	1.3406207204090057	0.0005337861975918441	0.034884895304006874	2.42861286636753e-17			0.0	1.0	1.0	1.0	0.7538461538461538	0.0	1.0	draw4993	True
-2.305771378025554	-3.4431968680532266	1.257147604040773	0.018131015057208915	0.14189370956030956	0.14190552243432175	162.0	0.0	0.9665934878768667	0.0006150425388766664	0.0037399773688448113	0.14189370956030956	9.018783305890163e-19			0.0	1.0	1.0	1.0	0.7902439024390244	0.0	1.0	draw4994	True
-0.4248192498271165	-20.160082505086724	0.4193157369300651	0.007007025871388878	0.16727299573756757	0.16728291251046298	159.0	0.0	0.9620888997289947	3.9449133057894437	9.848784249165445e-05	0.16727299573756757	2.7755575615628914e-16			0.0	1.0	1.0	1.0	0.7607655502392344	0.0	1.0	draw4995	True
-0.02793892524881606	-0.1313512312748815	0.0008913911244841215	0.000746181372143297	0.06036921881475025	0.060369622674928326	197.0	0.0	0.5808399678155804	0.0566679971755697	2.9988522598436524e-06	0.06036921881475025	3.5236570605778894e-19			0.0	1.0	1.0	1.0	0.8954545454545455	0.0	1.0	draw4997	True
-0.010677524717970194	-0.010677524717970194	9.49334457266401e-06	0.0005487696991008931	0.002010087032965518	0.0020100870372106215	144.0	0.0	0.05956211372254046	9.973798646573577e-07	9.49334457266401e-06	0.0005487696991008931	6.776263578034403e-21			0.0	1.0	1.0	1.0	0.8470588235294118	0.0	1.0	draw4998	True
