aa	codon	count	freq_within_aa	freq_global
K	AAA	61016	0.70166400	0.04958256
N	AAC	21134	0.43456089	0.01717382
K	AAG	25943	0.29833600	0.02108169
N	AAT	27499	0.56543911	0.02234612
T	ACA	27484	0.41195515	0.02233393
T	ACC	10596	0.15882247	0.00861048
T	ACG	17875	0.26792673	0.01452551
T	ACT	10761	0.16129564	0.00874456
R	AGA	13238	0.26300836	0.01075741
S	AGC	17429	0.22555681	0.01416308
R	AGG	4712	0.09361651	0.00382905
S	AGT	8168	0.10570589	0.00663745
I	ATA	11619	0.12809940	0.00944178
I	ATC	33304	0.36717639	0.02706335
M	ATG	33365	1.00000000	0.02711292
I	ATT	45780	0.50472421	0.03720155
Q	CAA	24201	0.51264616	0.01966611
H	CAC	9124	0.32660367	0.00741431
Q	CAG	23007	0.48735384	0.01869585
H	CAT	18812	0.67339633	0.01528693
P	CCA	8598	0.19068530	0.00698687
P	CCC	4003	0.08877800	0.00325290
P	CCG	19582	0.43428698	0.01591264
P	CCT	12907	0.28624972	0.01048843
R	CGA	4969	0.09872251	0.00403789
R	CGC	10408	0.20678283	0.00845770
R	CGG	7857	0.15610037	0.00638472
R	CGT	9149	0.18176942	0.00743462
L	CTA	6088	0.05096096	0.00494720
L	CTC	13425	0.11237695	0.01090937
L	CTG	28686	0.24012255	0.02331069
L	CTT	28582	0.23925199	0.02322618
E	GAA	60708	0.67980560	0.04933227
D	GAC	22949	0.35980371	0.01864872
E	GAG	28594	0.32019440	0.02323593
D	GAT	40833	0.64019629	0.03318154
A	GCA	26724	0.28257835	0.02171634
A	GCC	19592	0.20716491	0.01592077
A	GCG	24868	0.26295309	0.02020813
A	GCT	23388	0.24730364	0.01900546
G	GGA	26788	0.31472713	0.02176835
G	GGC	28905	0.33959937	0.02348866
G	GGG	13778	0.16187511	0.01119622
G	GGT	15644	0.18379839	0.01271256
V	GTA	16457	0.19728356	0.01337322
V	GTC	21390	0.25641948	0.01738185
V	GTG	21866	0.26212568	0.01776865
V	GTT	23705	0.28417128	0.01926306
Y	TAC	14862	0.34610279	0.01207709
Y	TAT	28079	0.65389721	0.02281744
S	TCA	18267	0.23640175	0.01484405
S	TCC	9831	0.12722755	0.00798882
S	TCG	7738	0.10014106	0.00628802
S	TCT	15838	0.20496693	0.01287021
C	TGC	5297	0.54704121	0.00430443
W	TGG	12722	1.00000000	0.01033810
C	TGT	4386	0.45295879	0.00356413
L	TTA	23665	0.19809315	0.01923055
F	TTC	17452	0.31512613	0.01418177
L	TTG	19018	0.15919440	0.01545433
F	TTT	37929	0.68487387	0.03082170
